chr5	155444	156070	1	1	1	2	0	8
chr5	168819	169339	1	1	0	2	0	13
chr5	168819	169342	1	1	0	2	0	33
chr5	205959	216728	2	2	1	26	0	33
chr5	218419	223481	1	1	1	37	0	36
chr5	224522	225418	1	1	1	132	1	36
chr5	225563	225882	1	1	1	91	0	37
chr5	226048	228184	1	1	1	54	0	30
chr5	228334	230512	1	1	0	2	0	33
chr5	228334	230875	1	1	1	113	0	37
chr5	231001	233476	1	1	1	35	0	31
chr5	233646	235143	1	1	1	73	0	34
chr5	233646	236427	1	1	1	2	0	22
chr5	235340	236427	1	1	1	27	0	36
chr5	236600	240357	1	1	1	103	3	36
chr5	240477	250991	1	1	1	77	1	32
chr5	240477	254392	1	1	1	5	0	23
chr5	248336	250991	1	1	0	1	0	13
chr5	251044	256333	1	1	1	0	3	3
chr5	251104	251337	1	1	1	30	10	36
chr5	251469	254357	1	1	1	1	0	16
chr5	251469	254392	1	1	1	42	0	35
chr5	251869	252039	2	2	0	0	1	30
chr5	251926	252039	2	2	0	0	1	30
chr5	254507	256333	1	1	1	109	2	36
chr5	271691	271775	1	3	1	0	1	6
chr5	271822	272710	1	1	1	45	1	34
chr5	272773	304176	1	1	1	30	5	24
chr5	284683	285355	1	1	0	1	0	23
chr5	304222	306601	1	1	1	61	0	29
chr5	306755	311292	1	1	1	6	0	25
chr5	306761	311292	1	1	1	82	0	36
chr5	307249	307326	1	1	0	0	1	15
chr5	311403	314416	1	1	1	96	0	37
chr5	311403	314418	1	1	0	1	0	35
chr5	313851	314416	1	1	1	1	0	27
chr5	343965	353729	1	1	1	4	0	30
chr5	346849	353729	1	1	0	2	0	34
chr5	352260	352444	1	1	0	0	1	17
chr5	352260	352518	1	1	0	0	1	17
chr5	352334	352444	1	1	0	0	1	17
chr5	352334	352518	1	1	0	0	1	17
chr5	352334	352666	1	1	0	0	1	17
chr5	352334	352703	1	1	0	0	1	17
chr5	352343	352490	1	1	0	0	1	26
chr5	352408	352444	1	1	0	0	1	17
chr5	352408	352518	1	1	0	0	1	17
chr5	352454	352490	1	1	0	0	1	25
chr5	352482	352518	1	1	0	0	1	17
chr5	353912	355573	1	1	0	1	0	33
chr5	353912	376609	1	1	1	3	0	5
chr5	353912	413343	1	1	0	2	0	35
chr5	376717	413343	1	1	1	8	0	34
chr5	399659	413343	1	1	0	1	0	24
chr5	413434	418407	1	1	0	3	0	19
chr5	413434	420028	1	1	0	4	0	29
chr5	413434	422728	1	1	1	8	0	33
chr5	420217	421010	1	1	0	1	0	14
chr5	422859	423840	1	1	1	7	0	28
chr5	423978	427806	1	1	1	10	0	30
chr5	428007	432462	1	1	1	13	0	32
chr5	432525	432805	1	1	1	19	0	37
chr5	432948	433852	1	1	1	12	0	36
chr5	446350	447532	1	1	1	14	0	33
chr5	447753	453369	1	1	1	70	0	36
chr5	454052	456888	1	1	1	66	0	33
chr5	454052	461959	1	1	1	6	0	32
chr5	457007	457899	1	1	1	47	0	33
chr5	458026	459358	1	1	1	14	0	32
chr5	459416	461959	1	1	0	1	0	34
chr5	459460	461959	1	1	1	101	0	37
chr5	462071	462156	1	1	1	39	0	31
chr5	462308	464289	1	1	1	100	0	37
chr5	464413	464784	1	1	0	6	0	20
chr5	464413	465110	1	1	1	37	0	33
chr5	465273	465717	1	1	1	18	0	25
chr5	465288	465717	1	1	0	2	0	24
chr5	465846	466726	1	1	1	26	0	33
chr5	468610	468869	1	1	1	2	0	10
chr5	468943	469789	1	1	1	3	0	20
chr5	469988	471098	1	1	1	6	0	20
chr5	469988	471122	1	1	1	1	0	15
chr5	477850	479865	1	1	1	1	0	11
chr5	477976	479781	1	1	0	1	0	29
chr5	572520	802825	2	2	0	2	2	22
chr5	612444	618989	1	1	1	3	0	29
chr5	619118	620068	1	1	1	19	0	36
chr5	620262	624470	1	1	1	6	0	9
chr5	624580	633768	1	1	1	4	0	27
chr5	635585	637516	1	1	1	2	0	35
chr5	637819	639088	1	1	1	4	0	31
chr5	640605	644298	1	1	1	2	0	33
chr5	644426	647804	1	1	1	6	0	24
chr5	647917	652987	1	1	1	7	0	23
chr5	649447	650162	1	1	0	2	0	35
chr5	653192	655455	1	1	1	2	0	16
chr5	658695	701922	1	1	0	1	0	25
chr5	751258	754997	2	2	1	0	3	23
chr5	755100	755965	2	2	1	0	2	12
chr5	767525	768834	2	2	1	0	22	37
chr5	825252	833772	2	2	1	1	0	12
chr5	843725	847513	2	2	1	0	3	23
chr5	847616	848481	2	2	1	0	2	12
chr5	860684	862127	2	2	0	3	0	17
chr5	860684	862761	2	2	0	2	0	36
chr5	864569	865413	2	2	1	49	0	37
chr5	865582	868606	2	4	1	3	0	10
chr5	865582	869244	2	4	1	5	0	28
chr5	865582	870472	2	2	1	52	0	37
chr5	868805	869037	2	2	1	2	0	30
chr5	868805	870472	2	2	0	2	0	32
chr5	869395	870472	2	2	1	6	0	15
chr5	869405	870472	2	2	1	5	0	27
chr5	870576	871525	2	2	1	61	0	27
chr5	871565	876100	2	2	1	55	0	36
chr5	876213	878354	2	4	1	24	0	34
chr5	878488	879793	2	2	1	4	22	37
chr5	879890	881106	2	2	1	35	0	30
chr5	881183	883937	2	2	1	27	0	30
chr5	883018	883113	2	2	0	1	0	13
chr5	883451	883937	2	2	1	1	0	28
chr5	884071	886073	2	2	0	3	0	18
chr5	884071	886591	2	2	1	71	0	37
chr5	886705	887360	2	2	0	10	0	36
chr5	886708	887360	2	2	1	53	0	36
chr5	886768	887360	2	2	1	3	0	33
chr5	887472	889020	2	2	1	59	0	37
chr5	889166	889586	2	2	1	23	0	33
chr5	889648	891154	2	4	1	77	1	36
chr5	889767	891154	2	4	1	2	0	30
chr5	891288	891639	2	2	1	106	0	36
chr5	891743	892605	2	2	0	1	0	34
chr5	891855	892605	2	2	1	10	0	34
chr5	893091	894786	1	1	1	39	4	35
chr5	893721	894786	1	1	1	0	4	3
chr5	894953	896664	1	1	1	295	0	34
chr5	894953	896709	1	1	1	13	0	15
chr5	896795	896900	1	1	0	1	0	24
chr5	896795	900493	1	1	1	56	0	33
chr5	900550	901340	1	1	1	68	0	37
chr5	901432	904147	1	1	1	225	0	37
chr5	904221	907129	1	1	1	185	1	37
chr5	907194	907987	1	1	1	138	1	37
chr5	908075	908354	1	1	1	91	0	35
chr5	908075	911842	1	1	0	1	0	24
chr5	908462	911842	1	1	1	51	0	37
chr5	911997	914464	1	1	1	92	0	37
chr5	914578	915903	1	1	1	95	0	37
chr5	915974	917007	1	1	1	118	0	35
chr5	916273	917007	1	1	0	2	0	14
chr5	917152	917365	1	1	0	2	0	15
chr5	1052452	1053348	2	2	1	7	0	29
chr5	1057650	1060343	2	2	1	15	0	33
chr5	1060452	1063843	2	2	1	6	0	37
chr5	1063976	1064082	2	2	1	7	0	18
chr5	1064253	1065282	2	2	1	2	0	14
chr5	1065479	1073632	2	2	1	9	0	30
chr5	1073802	1074566	2	2	1	2	0	22
chr5	1074672	1075370	2	2	1	3	0	17
chr5	1075491	1076137	2	2	1	4	0	7
chr5	1076237	1076693	2	2	1	8	0	30
chr5	1076813	1077832	2	2	1	2	0	24
chr5	1078008	1078700	2	2	1	1	0	3
chr5	1078759	1079397	0	0	1	4	0	23
chr5	1079497	1081576	2	2	1	7	0	20
chr5	1081745	1083744	2	2	1	3	0	33
chr5	1083957	1085231	2	2	1	2	0	13
chr5	1087034	1088305	2	2	1	1	0	11
chr5	1088361	1088981	2	2	1	1	0	7
chr5	1089129	1093532	2	2	1	2	0	16
chr5	1093656	1094153	2	2	1	4	0	32
chr5	1094249	1111867	2	2	1	8	0	19
chr5	1253832	1254367	2	4	1	6	0	30
chr5	1255412	1257700	2	2	0	1	0	22
chr5	1255412	1258597	2	2	1	3	0	23
chr5	1264593	1266463	2	2	1	4	0	21
chr5	1272281	1278640	2	2	1	1	0	24
chr5	1278797	1279290	2	2	1	2	0	12
chr5	1280339	1282428	2	2	1	2	0	29
chr5	1318454	1320615	2	2	1	182	0	37
chr5	1318454	1321634	2	2	0	1	0	33
chr5	1320732	1321634	2	2	1	242	0	36
chr5	1321680	1321763	2	2	1	133	0	37
chr5	1321820	1322876	2	2	1	230	0	37
chr5	1322912	1323786	2	2	1	313	0	36
chr5	1323870	1324762	2	2	1	54	0	37
chr5	1324814	1325750	2	2	1	219	0	37
chr5	1325817	1330279	2	2	1	209	0	36
chr5	1325817	1331802	2	4	1	3	0	19
chr5	1327368	1328964	1	3	0	0	3	35
chr5	1328870	1367885	2	2	0	0	1	15
chr5	1330384	1331798	2	2	1	79	0	37
chr5	1331884	1334288	2	2	1	313	1	37
chr5	1333073	1333300	2	2	0	0	1	35
chr5	1333073	1333579	2	2	0	0	7	35
chr5	1333108	1333300	2	2	0	0	1	35
chr5	1333108	1333579	2	2	0	0	7	35
chr5	1333172	1333300	2	2	0	0	1	35
chr5	1333172	1333579	2	2	0	0	7	35
chr5	1333207	1333300	2	2	0	0	1	35
chr5	1333207	1333579	2	2	0	0	7	35
chr5	1333402	1333509	2	2	0	2	0	34
chr5	1333439	1333579	2	2	0	0	6	19
chr5	1333474	1333579	2	2	0	0	6	19
chr5	1334384	1335056	2	2	1	119	0	36
chr5	1335175	1337903	2	2	1	170	0	37
chr5	1337983	1338859	2	2	1	88	0	36
chr5	1339003	1341670	2	2	0	5	2	24
chr5	1339006	1341670	2	2	1	126	0	36
chr5	1341861	1344350	2	2	1	173	0	37
chr5	1344452	1344679	2	2	1	76	0	35
chr5	1463836	1466748	2	2	1	33	0	29
chr5	1466891	1470825	2	2	1	24	0	25
chr5	1468556	1470825	2	2	0	1	0	12
chr5	1470485	1470825	2	2	0	1	0	35
chr5	1470925	1473956	2	2	1	16	0	33
chr5	1471043	1473956	2	2	0	1	0	37
chr5	1474111	1474559	2	2	1	24	0	30
chr5	1474686	1477403	2	2	1	20	0	36
chr5	1477487	1479620	2	2	1	90	0	37
chr5	1479676	1480941	2	2	1	46	0	34
chr5	1480977	1483427	2	2	1	40	0	35
chr5	1483487	1488390	2	2	1	44	0	27
chr5	1488452	1489745	2	2	1	44	0	36
chr5	1489859	1494699	2	2	1	10	0	31
chr5	1494915	1501460	2	2	1	2	0	28
chr5	1501604	1523709	2	2	1	2	0	20
chr5	1568999	1572181	2	2	1	5	0	26
chr5	1576310	1576543	2	2	1	0	10	33
chr5	1589366	1593112	2	2	1	1	3	36
chr5	1602736	1632844	2	2	1	0	5	24
chr5	1621356	1621684	2	2	0	0	1	15
chr5	1630567	1632643	2	2	1	1	0	36
chr5	1798948	1799791	2	2	1	6	0	23
chr5	1801550	1802320	1	1	1	79	1	35
chr5	1802375	1814338	1	1	1	110	1	36
chr5	1814462	1815850	1	1	1	191	0	37
chr5	4749694	4792437	1	1	0	0	1	15
chr5	5146456	5182043	1	1	1	4	0	26
chr5	5182306	5186051	1	1	1	2	0	8
chr5	5182306	5187724	1	1	0	1	0	26
chr5	5186252	5187724	1	1	1	7	0	31
chr5	5187809	5189970	1	1	1	10	0	30
chr5	5190131	5191684	1	1	1	4	0	35
chr5	5191791	5200131	1	1	1	2	0	27
chr5	5200270	5209092	1	1	1	6	0	4
chr5	5209247	5222788	1	3	1	5	0	27
chr5	5222885	5232367	1	1	1	1	0	8
chr5	5235187	5239150	1	1	1	1	0	3
chr5	5239275	5239680	1	1	1	14	0	32
chr5	5242192	5262656	1	1	1	2	0	12
chr5	5262784	5274416	1	1	0	3	0	36
chr5	5262784	5303267	1	1	1	1	0	19
chr5	5306729	5318133	1	1	1	2	0	32
chr5	5436477	5437079	1	1	1	8	0	23
chr5	5437115	5439894	1	5	1	9	0	19
chr5	5439914	5441111	1	1	1	25	0	31
chr5	5441224	5443167	1	1	1	44	0	35
chr5	5443245	5444288	1	1	1	56	0	37
chr5	5444327	5447426	1	1	1	24	2	34
chr5	5447510	5447720	1	1	1	48	0	33
chr5	5447761	5447840	1	1	1	75	0	36
chr5	5447898	5454551	1	1	1	22	0	33
chr5	5453213	5454551	1	1	0	1	0	31
chr5	5454639	5457331	1	1	1	40	0	26
chr5	5457742	5460435	1	1	1	22	0	33
chr5	5465227	5466333	1	1	1	69	0	28
chr5	5466503	5468827	1	1	1	76	0	35
chr5	5468989	5473557	1	1	1	46	0	35
chr5	5468989	5473627	1	1	0	4	0	26
chr5	5473749	5475972	1	1	1	97	1	37
chr5	5476080	5476491	1	1	0	3	0	32
chr5	5476080	5486720	1	1	1	38	0	35
chr5	5486820	5489148	1	1	1	50	0	32
chr5	5487992	5489148	1	1	0	1	0	25
chr5	6372602	6374323	2	2	1	126	0	35
chr5	6374427	6377165	2	2	1	62	0	27
chr5	6377250	6378361	2	2	1	122	0	37
chr5	6600233	6602460	2	2	1	144	0	36
chr5	6600233	6604137	2	2	0	1	0	29
chr5	6602501	6604137	2	2	1	276	0	35
chr5	6604277	6604604	2	2	1	89	0	35
chr5	6604686	6605272	2	2	1	559	0	37
chr5	6604686	6605286	2	2	0	7	0	32
chr5	6605376	6606819	2	2	0	2	0	18
chr5	6605409	6606819	2	2	1	229	0	32
chr5	6606913	6607199	2	2	1	73	0	32
chr5	6607385	6609825	2	2	1	198	0	36
chr5	6609923	6610954	2	2	1	139	0	35
chr5	6611086	6611724	2	2	1	311	0	36
chr5	6611799	6616726	2	2	1	154	0	37
chr5	6616858	6617949	2	2	1	101	0	37
chr5	6618025	6619315	2	2	0	1	0	27
chr5	6618025	6620105	2	2	1	157	2	36
chr5	6618025	6632598	2	2	0	2	0	28
chr5	6619468	6620105	2	2	0	3	0	24
chr5	6620299	6622015	2	2	1	197	0	37
chr5	6620299	6623213	2	2	1	1	0	20
chr5	6621745	6623213	2	2	1	2	0	20
chr5	6622101	6623213	2	2	1	327	0	37
chr5	6622477	6623213	2	2	0	1	0	15
chr5	6623286	6625563	2	2	1	227	0	37
chr5	6625670	6631872	2	2	1	151	0	37
chr5	6625670	6632598	2	2	1	6	0	25
chr5	6631978	6632598	2	2	1	28	0	37
chr5	6632757	6632883	2	2	1	16	0	35
chr5	6633870	6651841	1	1	1	5	0	37
chr5	6645310	6651841	1	1	1	1	0	24
chr5	6652009	6656077	1	1	1	14	3	37
chr5	6653637	6656077	1	1	0	4	0	34
chr5	6656180	6662815	1	1	1	51	0	35
chr5	6657423	6662815	1	1	0	2	0	32
chr5	6662967	6668201	1	1	1	10	0	30
chr5	6670136	6670415	1	1	0	1	0	21
chr5	6714700	6737509	1	1	1	1	0	7
chr5	6737440	6737562	1	1	0	1	0	34
chr5	6737634	6738682	1	1	1	40	0	36
chr5	6738730	6739731	1	1	1	35	0	36
chr5	6739853	6742489	1	1	1	45	0	28
chr5	6742598	6743711	1	1	1	10	0	31
chr5	6743841	6746213	1	1	1	21	2	31
chr5	6746428	6748463	1	1	1	16	0	37
chr5	6748591	6749556	1	1	1	32	0	32
chr5	6749658	6750330	1	1	1	44	0	36
chr5	6750504	6751038	1	1	1	43	0	35
chr5	6751198	6752872	1	1	1	15	0	27
chr5	6753038	6754750	1	1	1	24	0	37
chr5	6753038	6754753	1	1	0	1	0	36
chr5	6775363	6775558	1	1	0	1	0	33
chr5	6776030	6777049	1	1	1	1	0	29
chr5	6777159	6777333	1	1	1	4	0	22
chr5	7859540	7861148	2	2	1	14	0	37
chr5	7861259	7861582	2	2	0	1	0	21
chr5	7861264	7861582	2	2	1	90	0	32
chr5	7861653	7862822	2	2	1	13	0	31
chr5	7861774	7862822	2	2	1	11	0	22
chr5	7862998	7865897	2	2	1	21	0	37
chr5	7865984	7866645	2	2	1	70	0	36
chr5	7870924	7873372	1	1	1	54	0	37
chr5	7870924	7875257	1	1	1	41	0	37
chr5	7873527	7875257	1	1	1	32	0	36
chr5	7875376	7877943	1	1	1	27	0	35
chr5	7878323	7883154	1	1	1	47	0	37
chr5	7883278	7883723	1	1	0	1	0	33
chr5	7883278	7885700	1	1	1	73	0	33
chr5	7885855	7886614	1	1	1	22	0	37
chr5	7885855	7889094	1	1	1	1	2	24
chr5	7886704	7889094	1	1	1	22	2	37
chr5	7886727	7889094	1	1	0	4	0	32
chr5	7889276	7890260	1	1	1	7	0	23
chr5	7889276	7891371	1	1	1	89	0	37
chr5	7890413	7891371	1	1	1	1	0	19
chr5	7891415	7892726	1	1	1	43	0	21
chr5	7892914	7895733	1	1	1	112	0	36
chr5	7895853	7896863	1	1	1	78	0	37
chr5	7896957	7897039	1	1	0	2	0	13
chr5	7896957	7897064	1	1	1	46	0	37
chr5	7897248	7899913	1	1	1	56	0	36
chr5	7899457	7899913	1	1	0	1	0	24
chr5	8457767	8459932	1	1	1	2	0	15
chr5	9120386	9131599	2	2	0	1	0	14
chr5	10227648	10235210	2	2	1	11	0	30
chr5	10227648	10236477	2	2	1	2	0	32
chr5	10235262	10236477	2	2	1	4	0	37
chr5	10236616	10239066	2	2	1	28	0	29
chr5	10250446	10254144	1	1	1	847	51	37
chr5	10250446	10254795	1	1	1	354	11	5
chr5	10250446	10255954	1	1	0	1	0	25
chr5	10250894	10254144	1	1	1	0	42	5
chr5	10254206	10254673	1	1	1	1972	41	36
chr5	10254206	10255954	1	1	1	12	0	28
chr5	10254839	10255954	1	1	1	1478	1	37
chr5	10255086	10264744	1	1	0	0	1	13
chr5	10256154	10258110	1	1	1	498	0	37
chr5	10258304	10258385	1	1	1	788	72	37
chr5	10258536	10260791	1	1	1	1204	138	37
chr5	10260912	10261559	1	1	1	659	0	36
chr5	10261746	10262480	1	1	1	799	0	36
chr5	10262619	10263133	1	1	1	310	0	37
chr5	10262619	10264655	1	1	0	1	0	12
chr5	10263315	10264637	1	1	0	1	0	24
chr5	10263315	10264655	1	1	1	610	0	37
chr5	10265015	10292826	2	2	0	0	1	19
chr5	10343320	10351537	2	2	0	2	0	36
chr5	10351774	10352096	2	2	0	1	0	14
chr5	10353918	10377797	1	1	1	28	16	36
chr5	10354672	10377797	1	1	1	0	16	4
chr5	10377895	10378758	1	1	1	77	0	37
chr5	10378833	10381799	1	1	1	119	0	37
chr5	10378833	10386993	1	1	1	15	0	33
chr5	10381944	10386993	1	1	1	58	0	35
chr5	10387067	10390331	1	1	1	49	0	34
chr5	10390501	10391541	1	1	1	15	0	33
chr5	10391732	10394081	1	1	1	167	0	37
chr5	10394144	10394752	1	1	1	142	0	33
chr5	10394786	10397292	1	1	1	92	0	33
chr5	10394786	10400783	1	1	0	1	0	16
chr5	10397345	10400783	1	1	1	71	0	36
chr5	10400843	10401459	1	1	0	3	0	24
chr5	10400843	10402058	1	1	1	155	0	35
chr5	10401487	10402058	1	1	1	3	0	22
chr5	10402140	10402383	1	1	1	104	0	37
chr5	10402453	10402532	1	1	1	90	0	37
chr5	10402608	10403406	1	1	1	29	0	37
chr5	10403542	10405557	1	1	1	77	0	33
chr5	10405678	10407101	1	1	1	166	0	37
chr5	10407203	10410138	1	1	1	53	0	33
chr5	10410277	10411332	1	1	1	87	0	35
chr5	10411538	10414432	1	1	1	54	0	33
chr5	10414503	10415487	1	1	1	127	0	37
chr5	10415670	10417269	1	1	1	58	0	35
chr5	10415670	10423734	1	1	0	6	0	36
chr5	10417405	10423734	1	1	1	102	0	37
chr5	10417411	10423734	1	1	0	1	0	24
chr5	10418832	10423734	1	1	0	3	0	22
chr5	10423825	10426389	1	1	1	138	0	35
chr5	10426523	10429892	1	1	1	49	0	34
chr5	10430029	10433593	1	1	1	143	0	36
chr5	10434208	10436816	1	1	0	1	0	26
chr5	10618463	10638027	1	1	1	5	0	34
chr5	10638169	10649265	1	1	1	3	0	19
chr5	10681170	10683528	2	2	1	118	0	37
chr5	10683572	10732545	2	2	0	2	0	25
chr5	10683572	10748174	2	2	1	112	0	37
chr5	10734269	10748174	2	2	1	2	0	34
chr5	10748272	10750286	2	2	0	2	0	27
chr5	10748272	10760242	2	2	0	2	0	18
chr5	10748272	10761013	2	2	1	108	0	36
chr5	10973714	10981772	2	2	1	1	0	20
chr5	10981847	10988110	2	2	1	4	0	27
chr5	10988243	10992550	2	2	1	2	0	10
chr5	11018059	11022768	2	2	1	2	0	17
chr5	11022980	11082695	2	2	1	3	0	16
chr5	11117568	11159575	2	2	1	1	0	21
chr5	11159760	11199447	2	2	1	5	0	34
chr5	11199662	11236690	2	2	1	2	0	15
chr5	11236824	11346371	2	2	1	1	0	11
chr5	11346628	11364695	2	2	1	1	0	30
chr5	11397204	11411535	2	2	1	1	0	6
chr5	11412070	11564943	2	2	1	6	0	32
chr5	11565057	11732135	2	2	1	1	0	22
chr5	12530614	12571815	2	2	0	3	0	25
chr5	12571905	12574503	2	2	1	2	0	24
chr5	12575053	12595696	1	1	1	5	0	18
chr5	12711300	12740619	1	1	0	2	0	19
chr5	12734511	12734873	1	1	0	2	0	23
chr5	12852844	12857796	1	1	0	1	0	17
chr5	13576669	13579692	2	2	0	2	0	15
chr5	13701437	13708122	2	2	1	4	0	18
chr5	13714621	13716486	2	2	1	3	0	21
chr5	13737496	13739382	2	2	0	2	1	12
chr5	13753550	13754202	2	2	1	2	0	28
chr5	13786352	13788715	2	2	1	3	0	30
chr5	13817695	13820345	2	2	1	4	0	23
chr5	13862748	13864396	2	2	1	2	0	16
chr5	13885229	13885963	2	2	1	1	0	15
chr5	13886130	13890975	2	2	1	2	0	34
chr5	13911494	13913742	2	2	1	1	0	32
chr5	13913959	13914519	2	2	1	2	0	31
chr5	13914643	13916347	2	2	1	2	0	22
chr5	13917257	13919175	2	2	1	4	0	36
chr5	13919353	13920479	2	2	1	3	0	27
chr5	13986109	13986857	1	1	0	2	0	21
chr5	14143883	14270824	1	1	1	2	0	11
chr5	14145442	14145550	2	2	0	2	0	34
chr5	14157326	14270824	1	1	0	3	0	33
chr5	14270900	14280321	1	1	1	121	0	36
chr5	14280437	14286870	1	1	1	47	0	33
chr5	14283799	14286870	1	1	0	1	0	20
chr5	14287064	14290715	1	1	1	35	0	29
chr5	14291229	14293011	1	1	1	71	1	35
chr5	14293135	14297071	1	1	1	72	0	33
chr5	14297264	14304460	1	1	1	51	0	37
chr5	14304593	14311294	1	1	0	1	0	17
chr5	14304593	14316512	1	1	1	64	0	36
chr5	14311496	14316512	1	1	0	2	0	30
chr5	14316744	14330777	1	1	1	81	0	37
chr5	14330901	14336535	1	1	1	103	0	36
chr5	14336728	14346040	1	1	0	1	0	14
chr5	14336728	14358177	1	1	1	38	0	35
chr5	14358348	14359356	1	1	1	75	0	37
chr5	14359532	14363731	1	1	1	24	0	36
chr5	14363928	14364649	1	1	1	104	0	36
chr5	14364817	14366859	1	1	1	97	0	37
chr5	14366980	14368707	1	1	1	121	0	29
chr5	14368900	14369373	1	1	1	87	0	37
chr5	14369524	14374228	1	1	1	71	0	37
chr5	14374344	14378011	1	1	1	141	0	36
chr5	14378128	14381129	1	1	1	125	8	37
chr5	14381253	14387437	1	1	1	174	0	37
chr5	14387633	14387731	1	1	1	67	0	32
chr5	14387848	14388612	1	1	1	128	0	37
chr5	14388680	14389288	1	1	1	116	0	33
chr5	14388684	14389288	1	1	0	6	0	21
chr5	14388708	14434480	2	2	0	0	1	18
chr5	14389399	14390230	1	1	1	132	0	37
chr5	14390301	14390900	1	1	1	69	0	36
chr5	14390991	14394037	1	1	1	271	0	35
chr5	14394131	14397042	1	1	1	122	0	31
chr5	14397155	14398879	1	1	1	81	0	37
chr5	14399071	14399818	1	1	0	1	0	30
chr5	14399071	14400962	1	1	1	111	0	37
chr5	14401065	14405847	1	1	1	169	1	37
chr5	14401065	14405855	1	1	0	2	0	18
chr5	14405991	14406572	1	1	1	136	0	37
chr5	14406673	14419777	1	1	1	32	0	30
chr5	14420022	14420457	1	1	1	1	0	28
chr5	14420022	14460688	1	1	0	2	0	19
chr5	14420022	14461018	1	1	1	76	1	37
chr5	14423949	14434480	2	2	0	0	1	18
chr5	14452759	14497846	1	1	0	0	1	12
chr5	14459322	14461018	1	1	0	1	0	26
chr5	14460829	14461018	1	1	0	5	0	21
chr5	14461312	14462754	1	1	1	28	0	29
chr5	14462926	14465544	1	1	1	27	1	31
chr5	14465641	14466542	1	1	0	4	0	30
chr5	14465641	14471317	1	1	1	55	0	36
chr5	14466692	14471317	1	1	0	1	0	14
chr5	14471467	14472591	1	1	1	122	0	37
chr5	14472659	14473993	1	1	1	66	0	36
chr5	14474098	14476893	1	1	1	71	0	37
chr5	14476964	14479260	1	1	1	106	0	35
chr5	14479351	14479918	1	1	1	229	0	34
chr5	14480012	14481233	1	1	1	94	0	36
chr5	14481285	14481540	1	1	1	156	1	36
chr5	14481285	14482581	1	1	0	2	0	37
chr5	14481619	14482581	1	1	1	120	0	35
chr5	14482774	14485068	1	1	1	73	3	36
chr5	14482774	14485175	1	1	0	5	0	37
chr5	14485247	14486610	1	1	0	2	0	18
chr5	14485247	14487463	1	1	1	435	0	37
chr5	14485247	14492566	1	1	0	4	0	16
chr5	14488261	14489029	1	1	0	6	0	29
chr5	14488261	14489686	1	1	0	2	0	23
chr5	14488261	14492566	1	1	1	57	0	34
chr5	14489070	14492566	1	1	1	7	0	26
chr5	14489818	14492566	1	1	0	7	0	32
chr5	14492815	14496878	1	1	1	123	0	29
chr5	14492815	14496882	1	1	0	6	2	14
chr5	14496956	14498097	1	3	0	1	0	36
chr5	14497006	14497846	1	1	0	18	0	28
chr5	14497018	14497846	1	1	1	94	1	28
chr5	14497018	14497899	1	1	0	2	0	26
chr5	14497875	14498088	1	1	1	134	1	30
chr5	14497875	14498251	1	1	0	4	0	28
chr5	14497998	14498088	1	1	0	7	0	29
chr5	14498252	14498518	1	1	1	119	0	37
chr5	14498641	14502578	1	1	1	54	0	36
chr5	14502658	14504392	1	1	1	26	0	37
chr5	14504594	14507121	1	1	1	54	0	36
chr5	14504594	14507879	1	1	1	1	0	32
chr5	14507261	14507879	1	1	1	44	0	36
chr5	14581959	14600964	1	1	1	1	0	27
chr5	14601125	14601212	1	1	1	11	0	32
chr5	14601245	14601350	1	1	1	20	0	23
chr5	14601443	14602182	1	1	1	14	0	22
chr5	14602333	14607329	1	1	1	4	1	16
chr5	14607459	14608747	1	1	1	31	0	34
chr5	14664978	14673641	1	1	1	11	0	35
chr5	14673719	14678680	1	1	1	8	0	30
chr5	14678776	14681463	1	1	1	45	0	27
chr5	14681608	14687520	1	1	1	30	0	36
chr5	14687647	14690038	1	1	1	37	0	37
chr5	14690309	14692853	1	1	1	26	0	34
chr5	14693095	14708937	1	1	0	1	0	26
chr5	14693095	14712721	1	1	0	1	0	16
chr5	14709037	14711314	1	1	0	1	0	23
chr5	14711305	14712873	2	2	0	2	0	34
chr5	14711311	14712873	2	2	1	21	0	31
chr5	14712974	14713543	2	2	1	32	0	37
chr5	14713668	14716705	2	2	1	39	0	25
chr5	14716836	14741826	2	2	1	8	0	21
chr5	14741379	14741826	2	2	1	1	0	21
chr5	14741923	14745869	2	2	1	67	0	37
chr5	14745963	14749171	2	2	1	24	0	36
chr5	14749307	14751068	2	2	1	27	0	36
chr5	14751240	14755860	2	2	1	47	3	33
chr5	14755945	14758479	2	2	1	47	0	33
chr5	14758599	14768974	2	2	1	41	0	36
chr5	14769192	14839072	2	2	0	2	0	14
chr5	14769192	14871351	2	2	1	24	0	34
chr5	14780418	14792851	2	2	0	0	1	35
chr5	15616073	15927889	1	1	1	3	0	37
chr5	15928502	15934529	1	1	0	1	0	23
chr5	15964241	15964637	1	1	0	1	0	13
chr5	16181471	16286700	2	2	0	4	0	17
chr5	16181471	16335407	2	2	0	3	0	32
chr5	16451785	16453012	2	2	1	72	0	36
chr5	16453157	16458516	2	2	1	46	0	37
chr5	16458630	16463107	2	2	1	75	0	37
chr5	16463271	16463481	2	2	1	71	0	35
chr5	16463743	16465040	2	2	1	59	0	32
chr5	16475235	16477661	2	2	1	7	0	12
chr5	16477789	16478033	2	2	1	5	0	20
chr5	16478099	16478849	2	2	1	8	0	33
chr5	16478988	16481008	2	2	1	2	0	37
chr5	16481094	16483345	2	4	1	6	0	28
chr5	16483473	16565762	2	2	1	4	0	26
chr5	16565794	16571995	2	2	1	5	0	18
chr5	16572103	16616651	2	2	1	2	0	9
chr5	16666794	16668276	2	2	1	4	0	14
chr5	16668469	16670525	2	2	1	1	0	5
chr5	16670979	16671421	2	2	1	3	0	36
chr5	16671543	16672688	2	2	1	2	0	12
chr5	16673890	16674852	2	2	1	4	0	36
chr5	16675151	16676030	2	2	1	7	0	35
chr5	16676155	16679946	2	2	1	11	0	35
chr5	16680105	16681308	2	2	1	4	0	24
chr5	16682014	16683879	2	2	1	3	0	25
chr5	16683936	16685737	2	2	1	4	0	29
chr5	16685832	16689823	2	2	1	2	0	10
chr5	16689920	16694370	2	2	1	5	0	11
chr5	16694615	16699449	2	2	1	5	0	27
chr5	16699574	16700962	2	2	1	1	0	11
chr5	16701839	16702542	2	2	1	5	0	30
chr5	16702589	16702924	2	2	1	10	0	24
chr5	16703159	16704578	2	2	1	7	0	29
chr5	16704686	16710907	2	2	1	10	0	34
chr5	16711023	16711120	2	4	1	2	0	7
chr5	16754909	16758117	2	2	1	9	0	27
chr5	16758227	16761463	2	2	1	1	0	36
chr5	16762114	16762544	2	2	1	16	0	21
chr5	16762638	16763480	2	2	1	5	0	19
chr5	16763548	16763654	2	2	1	6	0	23
chr5	16764397	16766079	2	2	1	6	0	32
chr5	16765261	16766079	2	2	0	1	0	12
chr5	16766199	16769073	2	2	1	4	0	18
chr5	16769204	16779544	2	2	1	4	0	21
chr5	16779649	16780523	2	2	1	8	0	12
chr5	16780609	16780727	2	2	1	12	0	17
chr5	16780742	16781704	2	2	1	8	0	14
chr5	16781830	16783334	2	2	1	2	0	21
chr5	16783470	16794645	2	2	1	1	0	15
chr5	16794834	16818008	2	2	1	5	0	36
chr5	16818168	16877608	2	2	1	1	0	23
chr5	16981716	17276739	2	2	0	8	2	14
chr5	17077443	17276739	2	2	0	3	0	14
chr5	17162298	17283757	1	1	0	0	4	17
chr5	17177178	17180178	1	1	0	0	1	23
chr5	17217811	17275207	1	1	1	19	0	37
chr5	17744014	17748831	1	1	0	1	0	31
chr5	19544006	19571578	2	2	1	1	0	18
chr5	20555458	20586664	2	2	0	0	1	27
chr5	21006358	21051793	1	1	0	0	1	15
chr5	21051870	21099629	2	2	0	0	1	17
chr5	21459744	21461782	1	1	1	1	3	34
chr5	21461867	21466618	1	1	0	3	0	32
chr5	21461867	21471461	1	1	0	5	0	36
chr5	21461867	21473356	1	1	1	4	0	34
chr5	21466749	21470509	1	1	0	2	0	16
chr5	21471647	21473356	1	1	1	3	0	33
chr5	21495183	21497021	1	1	1	0	30	30
chr5	21501827	21502110	1	1	0	0	16	15
chr5	21501827	21522337	1	1	0	1	0	37
chr5	21501827	21585529	1	1	1	2	0	30
chr5	21967992	21968335	1	1	0	0	1	26
chr5	24488154	24491575	2	2	1	1	0	30
chr5	24509820	24511326	2	2	1	1	0	8
chr5	24535280	24535702	2	2	1	1	0	33
chr5	24593614	24644593	2	2	1	3	0	11
chr5	25890913	25904073	2	2	0	0	2	29
chr5	25914160	25919182	1	1	0	1	0	23
chr5	26704613	26741434	1	1	0	0	1	34
chr5	27477802	27494234	1	1	1	2	0	10
chr5	27879174	27921994	1	1	0	0	5	29
chr5	28579540	28621674	1	1	0	0	1	13
chr5	28585957	28621674	1	1	0	0	1	13
chr5	28588381	28621678	1	1	0	0	1	19
chr5	31145805	31146822	2	2	0	0	1	19
chr5	31305428	31313317	1	1	1	3	0	22
chr5	31316330	31317374	1	1	1	1	0	8
chr5	31401563	31405676	2	2	1	40	0	36
chr5	31405724	31406852	2	2	1	86	0	37
chr5	31406946	31409055	2	2	1	97	0	34
chr5	31409160	31409249	2	2	1	39	0	35
chr5	31409160	31410745	2	2	0	1	0	31
chr5	31409333	31410745	2	2	1	60	0	36
chr5	31410888	31421271	2	2	1	55	0	37
chr5	31410888	31429474	2	2	0	1	0	15
chr5	31421378	31422786	2	2	1	96	0	35
chr5	31421868	31422786	2	2	1	1	0	3
chr5	31422945	31424426	2	2	1	80	0	37
chr5	31424472	31429474	2	2	1	87	0	37
chr5	31429546	31431575	2	2	1	56	2	36
chr5	31431679	31435764	2	2	1	140	0	37
chr5	31435865	31437238	2	2	1	55	0	37
chr5	31437299	31448546	2	2	1	33	0	31
chr5	31448608	31449280	2	2	1	93	0	35
chr5	31449420	31451532	2	2	1	25	0	18
chr5	31451641	31464235	2	2	1	50	0	37
chr5	31458951	31459635	2	2	0	4	0	14
chr5	31460065	31464235	2	2	0	1	0	34
chr5	31464344	31466181	2	2	1	158	0	37
chr5	31466282	31467938	2	2	1	20	0	37
chr5	31466282	31467962	2	2	0	6	0	37
chr5	31466282	31483553	2	2	0	2	0	23
chr5	31468064	31472062	2	2	1	57	0	30
chr5	31472233	31483553	2	2	1	39	0	36
chr5	31483629	31484880	2	2	1	191	0	35
chr5	31484963	31486490	2	2	1	27	2	35
chr5	31486563	31488981	2	2	1	5	0	32
chr5	31486563	31493206	2	2	1	78	0	36
chr5	31493294	31495285	2	2	1	82	0	37
chr5	31495373	31504554	2	2	1	21	0	37
chr5	31504636	31508620	2	2	1	108	0	36
chr5	31508689	31514990	2	2	0	2	0	20
chr5	31508776	31511034	2	2	1	14	0	32
chr5	31511173	31514983	2	2	0	1	0	35
chr5	31511177	31514987	2	2	1	60	0	36
chr5	31511177	31514990	2	2	0	2	0	36
chr5	31515220	31515453	2	2	1	25	0	36
chr5	31515220	31521122	2	2	1	17	0	37
chr5	31515220	31526078	2	2	1	3	0	36
chr5	31515565	31521122	2	2	1	21	0	34
chr5	31515565	31526078	2	2	1	6	0	22
chr5	31521216	31526078	2	2	1	40	0	36
chr5	31526291	31529039	2	2	0	1	0	26
chr5	31526913	31529039	2	2	1	19	0	34
chr5	31529106	31530797	2	2	1	90	0	37
chr5	31530925	31531449	2	2	1	38	0	27
chr5	31530925	31531989	2	2	1	10	0	26
chr5	31531522	31531989	2	2	0	1	0	29
chr5	31531526	31531989	2	2	1	4	0	27
chr5	31532474	31534271	1	1	1	17	0	31
chr5	31534326	31535743	1	1	1	1	0	18
chr5	31534418	31535743	1	1	1	2	0	34
chr5	31535894	31538259	1	1	1	68	0	35
chr5	31535894	31538480	1	1	1	3	0	31
chr5	31535894	31538483	1	1	1	5	0	28
chr5	31538690	31540948	1	1	1	108	0	36
chr5	31541012	31541280	1	1	1	25	0	37
chr5	31541403	31545645	1	1	1	30	0	34
chr5	31545713	31551292	1	1	1	48	0	37
chr5	31548688	31551292	1	1	1	5	0	32
chr5	31551433	31552772	1	1	1	42	0	35
chr5	32069651	32071383	1	1	1	3	0	15
chr5	32071419	32072160	1	1	1	3	0	25
chr5	32074644	32077461	1	1	1	3	0	10
chr5	32126637	32135571	2	2	1	195	0	35
chr5	32135687	32143748	2	2	1	73	0	30
chr5	32143881	32173809	2	2	1	27	0	36
chr5	32155999	32188840	2	2	0	0	1	33
chr5	32230348	32232960	2	2	1	5	0	20
chr5	32230348	32233708	2	2	0	1	0	29
chr5	32230348	32233772	2	2	1	11	0	37
chr5	32230348	32234961	2	2	1	2	0	8
chr5	32230348	32239000	2	2	1	8	0	19
chr5	32233021	32233772	2	2	1	3	0	26
chr5	32233935	32234961	2	2	1	16	0	30
chr5	32235130	32239000	2	2	1	24	0	26
chr5	32239174	32242056	2	2	1	35	0	37
chr5	32242128	32243215	2	2	0	1	0	32
chr5	32242128	32243520	2	2	1	31	0	37
chr5	32243600	32248001	2	2	1	32	2	26
chr5	32248127	32248771	2	2	1	63	0	33
chr5	32248879	32255692	2	2	1	10	0	24
chr5	32255769	32263112	2	2	1	29	0	28
chr5	32259546	32263112	2	2	0	3	0	15
chr5	32263243	32268700	2	2	1	72	0	33
chr5	32268795	32270816	2	2	1	40	0	35
chr5	32268795	32270844	2	2	0	3	0	27
chr5	32270948	32271832	2	2	1	17	0	34
chr5	32271906	32273979	2	2	1	13	0	36
chr5	32274123	32276681	2	2	1	25	0	30
chr5	32276743	32312757	2	2	1	1	0	6
chr5	32355940	32363947	2	2	1	60	0	30
chr5	32364046	32364163	2	2	1	106	0	33
chr5	32364276	32379114	2	2	1	77	0	33
chr5	32379211	32380074	2	2	1	41	0	37
chr5	32379211	32385507	2	2	1	1	0	25
chr5	32380173	32385507	2	2	1	91	0	36
chr5	32385650	32387548	2	2	1	162	0	35
chr5	32387700	32388468	2	2	1	81	0	36
chr5	32388675	32390274	2	2	1	355	0	36
chr5	32390438	32395158	2	2	1	316	0	36
chr5	32395305	32397218	2	2	1	75	2	37
chr5	32395305	32400006	2	2	0	2	0	34
chr5	32397339	32400006	2	2	1	141	0	34
chr5	32400204	32403105	2	4	1	72	0	36
chr5	32403398	32403905	2	2	1	111	0	37
chr5	32404098	32406773	2	2	1	161	1	32
chr5	32407022	32414968	2	2	1	35	0	23
chr5	32415188	32417647	2	2	1	73	0	37
chr5	32417793	32419820	2	2	1	28	0	37
chr5	32420104	32444228	2	2	1	23	0	34
chr5	32444329	32444621	2	2	1	45	0	37
chr5	32531917	32571090	1	1	1	1	0	10
chr5	32571175	32588511	1	1	1	1	0	16
chr5	32585626	32588511	1	1	1	33	0	35
chr5	32588585	32591562	1	1	1	170	0	37
chr5	32588662	32591562	1	1	0	3	0	26
chr5	32591618	32598960	1	1	0	3	0	15
chr5	32591686	32598960	1	1	1	575	7	36
chr5	32599070	32601004	1	1	1	476	0	37
chr5	33011561	33015933	2	2	0	4	0	34
chr5	33044910	33045409	2	2	0	1	0	20
chr5	33045648	33047234	2	2	0	1	0	13
chr5	33441144	33445323	1	1	1	361	0	36
chr5	33445405	33448540	1	1	1	272	0	36
chr5	33445405	33453288	1	1	1	6	0	34
chr5	33448732	33452340	1	1	1	0	4	3
chr5	33448732	33453288	1	1	1	709	4	35
chr5	33453413	33454944	1	1	1	313	0	37
chr5	33455067	33455586	1	1	1	498	0	35
chr5	33455705	33456001	1	1	1	262	1	36
chr5	33456067	33456148	1	1	1	1119	0	37
chr5	33456228	33457256	1	1	1	254	0	37
chr5	33457404	33458565	1	1	1	386	0	36
chr5	33458665	33459694	1	1	1	361	0	37
chr5	33459862	33460901	1	1	1	70	0	37
chr5	33459862	33460976	1	1	0	2	0	32
chr5	33461065	33461157	1	1	1	81	0	37
chr5	33461296	33461666	1	1	1	376	0	37
chr5	33461745	33461905	1	1	1	266	0	36
chr5	33462007	33462098	1	1	1	735	0	37
chr5	33462204	33463752	1	1	1	222	0	37
chr5	33462204	33466870	1	1	0	2	0	19
chr5	33463826	33466870	1	1	1	645	8	36
chr5	33466986	33467559	1	1	1	580	0	37
chr5	33527367	33534832	2	2	1	2	0	37
chr5	33534993	33546058	2	2	1	6	0	35
chr5	33546203	33549206	2	2	1	3	0	17
chr5	33549384	33561026	2	2	1	2	0	22
chr5	33577161	33578755	2	2	0	2	0	29
chr5	33577161	33588598	2	2	1	1	0	24
chr5	33588810	33595933	2	2	1	9	0	19
chr5	33614377	33615827	2	2	1	10	0	36
chr5	33616073	33624230	2	2	1	10	0	33
chr5	33616073	33630772	2	2	0	1	0	22
chr5	33616073	33637576	2	2	1	1	0	36
chr5	33624352	33630779	2	2	1	6	0	25
chr5	33624352	33637576	2	2	0	2	0	33
chr5	33630914	33637576	2	2	1	7	0	34
chr5	33637747	33641809	2	2	1	4	0	34
chr5	33641956	33643377	2	2	1	10	0	35
chr5	33643471	33648821	2	2	1	1	0	18
chr5	33649698	33658183	2	2	1	3	0	16
chr5	33649698	33661915	2	2	0	1	0	16
chr5	33658334	33661915	2	2	1	15	0	31
chr5	33662041	33683017	2	2	1	13	0	24
chr5	33683102	33683858	2	2	1	5	0	33
chr5	33684056	33713215	2	2	0	1	0	34
chr5	33684056	33751403	2	2	1	3	0	25
chr5	33750613	33751403	2	2	0	1	0	34
chr5	33751549	33788814	2	2	0	4	0	16
chr5	33751549	33881118	2	2	1	8	0	20
chr5	33951678	33954360	2	2	1	3	0	24
chr5	33989503	33998640	2	2	1	13	0	35
chr5	33998828	34004573	2	2	1	4	0	3
chr5	34004735	34005755	2	2	1	2	0	14
chr5	34020743	34023908	2	2	1	1	0	31
chr5	34033459	34035646	2	2	1	2	0	5
chr5	34052111	34163117	2	2	0	4	0	33
chr5	34169154	34175444	2	2	1	4	0	18
chr5	34175538	34175821	2	2	1	7	0	21
chr5	34182868	34218294	2	2	1	3	2	34
chr5	34200922	34218294	2	2	1	1	0	3
chr5	34656476	34686871	1	1	1	1	0	31
chr5	34662067	34684237	1	3	0	1	0	22
chr5	34686956	34757467	1	1	1	102	0	37
chr5	34757599	34795938	1	1	1	80	0	37
chr5	34757615	34795938	1	1	1	1	0	37
chr5	34796028	34803711	1	1	1	123	0	37
chr5	34803777	34807799	1	1	1	67	0	36
chr5	34807858	34808583	1	1	1	102	0	37
chr5	34808655	34811011	1	1	1	43	0	36
chr5	34811119	34811766	1	1	1	23	0	24
chr5	34811946	34812152	1	1	0	1	0	37
chr5	34811946	34812179	1	1	1	234	0	29
chr5	34812209	34813573	1	1	1	93	2	29
chr5	34812209	34814582	1	1	1	26	0	29
chr5	34813661	34814582	1	1	1	68	0	37
chr5	34814670	34818796	1	1	1	167	0	37
chr5	34818852	34821731	1	1	1	54	0	37
chr5	34821851	34822955	1	1	1	102	0	35
chr5	34824492	34826329	1	1	1	71	0	36
chr5	34824492	34829731	1	1	0	3	0	16
chr5	34826480	34829731	1	1	1	116	0	31
chr5	34829798	34830687	1	1	1	70	0	37
chr5	34897382	34908764	2	2	0	2	0	20
chr5	34897382	34908893	2	2	0	3	0	24
chr5	34908949	34909257	2	2	1	74	0	30
chr5	34909357	34911553	2	2	1	37	0	35
chr5	34911813	34913469	2	2	1	6	0	27
chr5	34911813	34914694	2	2	1	1	0	10
chr5	34913579	34914694	2	2	1	33	0	31
chr5	34914027	34914694	2	2	1	2	0	27
chr5	34914962	34915415	2	2	1	2	0	7
chr5	34915898	34918363	1	1	1	152	0	37
chr5	34918476	34919839	1	1	1	119	0	37
chr5	34919884	34922216	1	1	1	98	0	36
chr5	34922288	34922538	1	1	1	255	1	37
chr5	34922589	34922694	1	1	1	451	0	36
chr5	34922769	34923000	1	1	1	127	0	29
chr5	34923052	34923132	1	1	1	260	0	37
chr5	34923235	34924846	1	1	1	287	0	37
chr5	34924976	34925225	1	1	1	252	1	37
chr5	34933909	34935709	1	1	1	42	0	26
chr5	34935834	34936143	1	1	1	79	0	37
chr5	34936267	34937325	1	1	1	44	0	37
chr5	34936267	34937329	1	1	1	1	0	23
chr5	34937631	34938857	1	1	1	49	0	37
chr5	34939010	34941095	1	1	1	70	0	36
chr5	34941184	34944866	1	1	1	67	0	35
chr5	34945026	34945721	1	1	1	1	0	24
chr5	34945026	34945760	1	1	1	128	0	37
chr5	34945804	34949542	1	1	1	5	0	18
chr5	34945804	34950169	1	1	1	85	0	35
chr5	34949678	34950169	1	1	1	1	0	14
chr5	34950343	34950443	1	1	1	13	0	35
chr5	34950343	34953925	1	1	1	54	0	31
chr5	34954002	34954552	1	1	1	52	0	28
chr5	35090837	35135083	1	1	0	1	0	14
chr5	35628563	35641430	1	1	1	1	0	37
chr5	35649426	35654539	1	1	1	3	0	31
chr5	35654727	35659018	1	1	1	3	0	20
chr5	35857060	35860851	1	1	1	1	0	6
chr5	35860991	35867305	1	1	1	1	0	31
chr5	35867464	35871055	1	1	1	4	0	35
chr5	35873649	35874448	1	1	1	4	0	28
chr5	36104107	36105067	2	2	1	9	0	28
chr5	36105198	36108533	2	2	1	65	0	36
chr5	36108640	36109944	2	2	1	21	0	34
chr5	36109992	36111154	2	2	1	23	0	30
chr5	36111259	36114423	2	2	1	10	0	29
chr5	36114522	36115014	2	2	1	4	0	32
chr5	36115121	36116459	2	2	1	15	0	37
chr5	36116594	36117734	2	2	1	4	0	16
chr5	36117917	36122279	2	2	1	6	0	21
chr5	36122464	36122847	2	2	1	18	0	37
chr5	36122962	36124190	2	2	1	23	0	36
chr5	36124266	36136308	2	2	1	12	0	33
chr5	36136520	36137273	2	2	1	27	0	37
chr5	36137442	36141106	2	2	1	11	0	35
chr5	36141203	36142501	2	2	1	2	0	35
chr5	36142600	36143175	2	2	1	13	0	36
chr5	36143407	36151555	2	2	1	7	0	20
chr5	36152271	36152770	1	1	1	45	0	33
chr5	36152271	36176964	1	1	1	1	0	28
chr5	36153043	36163644	1	1	1	80	0	29
chr5	36153043	36166518	1	1	1	2	0	29
chr5	36163757	36166518	1	1	1	54	0	36
chr5	36163757	36168312	1	1	0	4	0	31
chr5	36166663	36168312	1	1	1	86	0	36
chr5	36166663	36170343	1	1	1	2	0	26
chr5	36168448	36170343	1	1	1	88	0	36
chr5	36170443	36171602	1	1	1	60	0	29
chr5	36171734	36176964	1	1	1	128	0	37
chr5	36177017	36177184	1	1	1	105	0	30
chr5	36177293	36181093	1	1	0	1	0	33
chr5	36177293	36181817	1	1	1	71	0	35
chr5	36177293	36183839	1	1	1	16	0	22
chr5	36177293	36192620	1	1	1	8	0	37
chr5	36180290	36183839	1	1	0	1	0	17
chr5	36181877	36183839	1	1	0	4	0	19
chr5	36191703	36192620	1	3	1	2	0	21
chr5	36192696	36194992	1	1	1	4	0	26
chr5	36195283	36197540	2	2	1	38	0	29
chr5	36197665	36200226	2	2	1	25	0	36
chr5	36200281	36201105	2	2	1	28	0	37
chr5	36201162	36207169	2	2	1	41	0	32
chr5	36207266	36211843	2	2	1	15	0	37
chr5	36211923	36217747	2	2	1	20	0	37
chr5	36217885	36219595	2	2	1	21	0	31
chr5	36219680	36225541	2	2	1	17	0	28
chr5	36225624	36226474	2	2	1	72	0	36
chr5	36226564	36227476	2	2	1	14	0	37
chr5	36227566	36241498	2	2	1	7	0	35
chr5	36541387	36576244	1	1	0	1	0	29
chr5	36606736	36608328	1	1	1	5	0	5
chr5	36608605	36629449	1	1	1	34	0	35
chr5	36629588	36629942	1	1	1	2	0	11
chr5	36629588	36671028	1	1	1	11	0	32
chr5	36671234	36674048	1	1	1	13	0	34
chr5	36674092	36676891	1	1	1	4	0	23
chr5	36677185	36679626	1	1	1	12	0	29
chr5	36679861	36680394	1	1	1	8	0	10
chr5	36680590	36683863	1	1	1	4	0	33
chr5	36683999	36686064	1	1	1	2	0	6
chr5	36866027	36875670	2	2	1	3	0	16
chr5	36877179	36953617	1	1	1	30	0	34
chr5	36953761	36955471	1	1	1	34	0	35
chr5	36955638	36958103	1	1	1	23	0	32
chr5	36958232	36961483	1	1	1	14	0	35
chr5	36961584	36962122	1	1	1	36	0	35
chr5	36962275	36970875	1	1	1	10	0	34
chr5	36971037	36971944	1	1	1	16	0	32
chr5	36972042	36975775	1	1	1	46	0	32
chr5	36976403	36984675	1	1	1	13	0	34
chr5	36976403	36995621	1	1	0	2	0	12
chr5	36986302	36995621	1	1	1	55	0	35
chr5	36986302	37000816	1	1	0	5	0	15
chr5	36995805	37000372	1	1	1	69	0	37
chr5	36995805	37000816	1	1	0	7	1	33
chr5	37000571	37000816	1	1	1	60	0	34
chr5	37000889	37000988	1	1	1	34	0	34
chr5	37001079	37002661	1	1	1	9	0	33
chr5	37002766	37003260	1	1	1	38	0	33
chr5	37003348	37006356	1	1	1	142	0	37
chr5	37006589	37007322	1	1	1	87	0	36
chr5	37007475	37008007	1	1	1	43	0	23
chr5	37008089	37008622	1	1	1	40	0	35
chr5	37008724	37010086	1	1	1	74	0	36
chr5	37010226	37014682	1	1	1	57	0	34
chr5	37014766	37016037	1	1	1	105	0	36
chr5	37016171	37017018	1	1	1	13	0	32
chr5	37017163	37019310	1	1	1	70	0	28
chr5	37019401	37020458	1	1	1	59	0	37
chr5	37020674	37020774	1	1	1	12	0	31
chr5	37020878	37022050	1	1	1	9	0	29
chr5	37022150	37022243	1	1	1	42	0	31
chr5	37022391	37024584	1	1	1	26	0	30
chr5	37024720	37026228	1	1	1	73	0	37
chr5	37026328	37027358	1	1	1	36	0	35
chr5	37027413	37036378	1	1	1	22	0	36
chr5	37036488	37038601	1	1	1	50	0	35
chr5	37038739	37044346	1	1	1	31	0	25
chr5	37044488	37044635	1	1	1	12	0	33
chr5	37044730	37045442	1	1	1	82	0	37
chr5	37045598	37046108	1	1	1	16	0	26
chr5	37045604	37046108	1	1	0	1	0	21
chr5	37046200	37048501	1	1	1	16	1	36
chr5	37048676	37049110	1	1	1	104	0	36
chr5	37049302	37051778	1	1	1	7	0	34
chr5	37051887	37052365	1	1	1	23	0	37
chr5	37052567	37057185	1	1	1	51	0	34
chr5	37057333	37058890	1	1	1	68	0	36
chr5	37059166	37060843	1	1	1	35	0	28
chr5	37059166	37063789	1	1	1	1	0	26
chr5	37061019	37062202	1	1	0	2	0	25
chr5	37061019	37063789	1	1	1	44	0	37
chr5	37063979	37064526	1	1	1	15	0	31
chr5	37064020	37064526	1	1	1	1	0	35
chr5	37108472	37114959	2	2	1	1	0	28
chr5	37115050	37120215	2	2	1	3	0	14
chr5	37120341	37121616	2	2	1	5	0	13
chr5	37121785	37122429	2	2	1	3	0	17
chr5	37122489	37125243	2	2	1	7	0	36
chr5	37125410	37138719	2	2	1	1	0	31
chr5	37138849	37139339	2	2	1	2	0	8
chr5	37139371	37142309	2	2	1	5	0	31
chr5	37142481	37148180	2	2	1	2	0	34
chr5	37148269	37153739	2	2	1	3	0	7
chr5	37153994	37157312	2	2	1	3	0	35
chr5	37153994	37157669	2	2	1	9	0	36
chr5	37158346	37162464	2	2	1	4	0	14
chr5	37162567	37164272	2	2	1	5	0	8
chr5	37165672	37167046	2	4	1	5	0	26
chr5	37167214	37168790	2	2	1	8	0	31
chr5	37169562	37170040	2	2	1	7	0	32
chr5	37170332	37173754	2	2	1	2	0	9
chr5	37175987	37177620	2	2	1	11	0	33
chr5	37177701	37179360	2	2	1	11	0	35
chr5	37181006	37182759	2	2	1	10	0	37
chr5	37183700	37184787	2	2	1	7	0	25
chr5	37185080	37186285	2	2	1	1	0	30
chr5	37186395	37187413	2	2	1	6	0	29
chr5	37187573	37187732	2	2	1	2	0	3
chr5	37187843	37195857	2	2	1	0	1	3
chr5	37195997	37198701	2	2	1	3	0	9
chr5	37201809	37205314	2	2	1	2	0	35
chr5	37205455	37206196	2	2	1	2	0	3
chr5	37206426	37213558	2	2	1	4	0	37
chr5	37213733	37221323	2	2	1	3	0	35
chr5	37221489	37224252	2	2	1	6	0	24
chr5	37224334	37224531	2	2	1	4	0	5
chr5	37224741	37226303	2	2	1	3	0	16
chr5	37227074	37227242	2	2	1	10	0	30
chr5	37227393	37227567	2	2	1	1	0	34
chr5	37227818	37230866	2	2	1	5	0	13
chr5	37238961	37239712	2	2	1	4	0	18
chr5	37239870	37243012	2	2	1	1	0	21
chr5	37243120	37244374	2	2	1	3	0	32
chr5	37244608	37245478	2	2	1	8	0	33
chr5	37245599	37245709	2	2	1	5	0	34
chr5	37245846	37247617	2	2	1	8	0	11
chr5	37247665	37248845	2	2	0	1	0	19
chr5	37269280	37288993	2	2	0	0	2	28
chr5	37288946	37290351	2	2	0	3	0	19
chr5	37292039	37292878	2	2	1	21	0	28
chr5	37292986	37294328	2	2	1	191	0	34
chr5	37292986	37298867	2	2	0	4	0	36
chr5	37294466	37298129	2	2	0	2	0	21
chr5	37294466	37298867	2	2	1	148	0	31
chr5	37298979	37299447	2	2	1	57	0	34
chr5	37299569	37301436	2	2	1	92	0	31
chr5	37301551	37302778	2	2	1	166	0	37
chr5	37302904	37303259	2	2	0	3	0	26
chr5	37302909	37303259	2	2	1	183	0	37
chr5	37303415	37304738	2	2	1	150	0	36
chr5	37304844	37305056	2	2	1	107	0	37
chr5	37305211	37307296	2	2	1	285	0	37
chr5	37305211	37309128	2	2	0	3	0	26
chr5	37307433	37309128	2	2	1	279	0	36
chr5	37309268	37310551	2	2	1	114	0	37
chr5	37309573	37310551	2	2	1	1	0	24
chr5	37310744	37314197	2	2	1	229	0	37
chr5	37314329	37317987	2	2	1	53	0	34
chr5	37318086	37323991	2	2	1	83	0	37
chr5	37324108	37325900	2	2	1	72	0	36
chr5	37325968	37327628	2	2	1	96	0	35
chr5	37327777	37328357	2	2	1	109	1	37
chr5	37328421	37329189	2	2	1	86	1	36
chr5	37329279	37330037	2	2	1	41	0	34
chr5	37330133	37331684	2	2	1	44	0	35
chr5	37331796	37333462	2	2	1	184	0	36
chr5	37333634	37337817	2	2	1	35	0	37
chr5	37337919	37341089	2	2	1	54	0	34
chr5	37341243	37342548	2	2	1	117	0	36
chr5	37341243	37348504	2	2	0	5	0	30
chr5	37342647	37348504	2	2	1	33	0	35
chr5	37348597	37349171	2	2	1	53	0	36
chr5	37349246	37350159	2	2	1	81	0	34
chr5	37350266	37351189	2	2	1	75	0	35
chr5	37351357	37352736	2	2	1	84	0	34
chr5	37352830	37358080	2	2	1	115	0	37
chr5	37358152	37363887	2	2	1	73	0	33
chr5	37363245	37363887	2	2	0	2	0	22
chr5	37363985	37364246	2	2	1	11	0	33
chr5	37364385	37370665	2	2	1	2	0	11
chr5	37364385	37370820	2	2	1	35	0	33
chr5	37379393	37379488	1	1	1	14	0	27
chr5	37379555	37381601	1	1	1	8	3	34
chr5	37381686	37391999	1	1	1	59	0	35
chr5	37381686	37392002	1	1	0	5	0	26
chr5	37392121	37396374	1	1	1	66	0	31
chr5	37396571	37437921	1	1	1	32	0	35
chr5	37437982	37443238	1	1	1	29	0	35
chr5	37443373	37479833	1	1	1	41	0	33
chr5	37479988	37516513	1	1	1	27	2	33
chr5	37516591	37533896	1	1	0	1	0	19
chr5	37516591	37605063	1	1	1	67	0	37
chr5	37605239	37697654	1	1	1	71	0	36
chr5	37697755	37701057	1	1	1	73	0	37
chr5	37701143	37702948	1	1	1	12	0	32
chr5	37703088	37721114	1	1	1	22	0	36
chr5	37717785	37717883	2	2	0	2	0	21
chr5	37721216	37722854	1	1	1	16	0	35
chr5	37721216	37724933	1	1	0	1	0	24
chr5	37722935	37724933	1	1	1	34	0	36
chr5	37724641	37724933	1	1	0	1	0	18
chr5	37725051	37726882	1	1	1	22	0	29
chr5	37727046	37752485	1	1	1	78	0	30
chr5	37738688	37752485	1	1	0	2	0	29
chr5	37816136	37834645	2	2	1	10	0	26
chr5	37816136	37834723	2	2	1	12	0	18
chr5	37824090	37834645	2	2	0	1	0	15
chr5	37834823	37837708	2	2	0	1	0	18
chr5	37834823	37839506	2	2	1	4	0	37
chr5	37861321	37874106	1	1	0	1	0	37
chr5	38148602	38151264	1	1	1	0	3	3
chr5	38482219	38482588	2	2	1	4	0	37
chr5	38484869	38485818	2	2	1	4	0	19
chr5	38485981	38489077	2	2	1	8	0	32
chr5	38489246	38490189	2	2	1	7	0	17
chr5	38490292	38493605	2	2	1	1	0	36
chr5	38493786	38496381	2	2	1	1	0	31
chr5	38496596	38499512	2	2	1	5	0	25
chr5	38499584	38502636	2	2	1	9	0	37
chr5	38502800	38503975	2	2	1	3	0	8
chr5	38504122	38505904	2	2	1	12	0	24
chr5	38506075	38506502	2	2	1	2	0	25
chr5	38506633	38510463	2	2	1	2	0	3
chr5	38510719	38511789	2	2	1	1	0	30
chr5	38511965	38523418	2	2	1	1	0	33
chr5	38523583	38527154	2	2	1	8	0	32
chr5	38527295	38528725	2	2	1	3	0	33
chr5	38528841	38530505	2	2	1	2	0	17
chr5	38846127	38869031	1	1	1	3	0	34
chr5	38846388	38869031	1	1	1	1	0	35
chr5	38869118	38876200	1	1	1	28	0	30
chr5	38876374	38881592	1	1	1	17	0	34
chr5	38881758	38883826	1	1	0	1	0	13
chr5	38881765	38883826	1	1	1	33	0	37
chr5	38884112	38885348	1	1	1	39	0	35
chr5	38885485	38886038	1	1	1	81	0	29
chr5	38886191	38903881	1	1	1	66	0	32
chr5	38886191	38903903	1	1	0	1	0	22
chr5	38904025	38904349	1	1	0	1	0	13
chr5	38904025	38904352	1	1	1	35	0	29
chr5	38904504	38917545	1	1	1	52	0	37
chr5	38917623	38918839	1	1	1	25	0	23
chr5	38919063	38919206	1	1	1	3	0	33
chr5	38919063	38921614	1	1	1	19	0	33
chr5	38921795	38923149	1	1	1	23	0	25
chr5	38923255	38924421	1	1	1	15	0	37
chr5	38924596	38925203	1	1	1	43	0	37
chr5	38925372	38931882	1	1	1	60	0	36
chr5	38931965	38932462	1	1	1	14	0	35
chr5	38932536	38932871	1	1	1	34	0	37
chr5	38942379	38942832	2	2	1	13	0	36
chr5	38942972	38944445	2	2	1	8	0	34
chr5	38944570	38944912	2	2	1	33	0	37
chr5	38945069	38945490	2	2	1	16	0	35
chr5	38945611	38946467	2	2	1	2	0	30
chr5	38945725	38946467	2	2	1	25	0	35
chr5	38946553	38947263	2	2	1	4	0	35
chr5	38947442	38949355	2	2	1	2	2	8
chr5	38947442	38949711	2	2	1	13	2	32
chr5	38949428	38949711	2	2	1	12	0	27
chr5	38950721	38952195	2	2	1	7	0	23
chr5	38952426	38952984	2	2	1	17	0	31
chr5	38953092	38953441	2	2	0	1	0	35
chr5	38953092	38953460	2	2	1	21	0	35
chr5	38953554	38954773	2	2	1	10	0	33
chr5	38954862	38955594	2	2	1	33	0	32
chr5	38955705	38957651	2	2	1	16	0	25
chr5	38957731	38958442	2	2	1	6	0	32
chr5	38958520	38958666	2	2	1	31	0	36
chr5	38958832	38959194	2	2	1	34	0	33
chr5	38959322	38959778	2	2	1	3	0	29
chr5	38959979	38960397	2	2	1	6	0	30
chr5	38960534	38962314	2	2	1	31	0	36
chr5	38962362	38962484	2	2	1	15	0	37
chr5	38962587	38962875	2	2	1	6	0	36
chr5	38963042	38964791	2	2	1	18	0	34
chr5	38964893	38966640	2	2	1	17	0	37
chr5	38966722	38967160	2	2	1	1	0	20
chr5	38967228	38967336	2	2	1	6	0	26
chr5	38967428	38967942	2	2	1	15	0	34
chr5	38968031	38971876	2	2	1	11	0	27
chr5	38971960	38975536	2	2	1	1	0	21
chr5	38975605	38978582	2	2	1	26	0	27
chr5	38978651	38981866	2	2	1	11	0	35
chr5	38991076	38996818	2	2	1	7	0	13
chr5	38996883	39002534	2	2	1	35	0	37
chr5	39002667	39003557	2	2	1	17	1	29
chr5	39003623	39021038	2	2	1	11	1	37
chr5	39021137	39074110	2	2	1	4	0	32
chr5	39074159	39074328	2	2	1	1	0	30
chr5	39107466	39108230	2	2	1	3	0	18
chr5	39108263	39110355	2	2	1	4	0	30
chr5	39110390	39118873	2	2	1	1	0	17
chr5	39119037	39119534	2	2	1	1	0	11
chr5	39119635	39122335	2	2	1	3	0	35
chr5	39130613	39134207	2	2	1	1	0	23
chr5	39135015	39137599	2	2	1	2	0	34
chr5	39137721	39138656	2	2	1	1	0	34
chr5	39138692	39139232	2	2	1	3	0	16
chr5	39139253	39141094	2	2	1	3	0	20
chr5	39141142	39153447	2	2	1	2	0	19
chr5	39202988	39219442	2	2	1	2	0	18
chr5	39372709	39373389	2	2	0	5	0	27
chr5	39373426	39375013	2	2	1	16	0	12
chr5	39375085	39375996	2	2	1	12	0	36
chr5	39376107	39376649	2	2	1	16	0	33
chr5	39377283	39381453	2	2	1	21	0	33
chr5	39381617	39382617	2	2	1	19	0	37
chr5	39383272	39388304	2	2	1	6	0	35
chr5	39383272	39388798	2	2	1	1	0	30
chr5	39388368	39388798	2	2	1	22	0	37
chr5	39388853	39389096	2	2	1	41	0	27
chr5	39389124	39389851	2	4	1	63	0	27
chr5	39390576	39392364	2	2	1	38	0	21
chr5	39392464	39393253	2	2	1	28	0	35
chr5	39393394	39394229	2	2	1	13	0	33
chr5	39394422	39424803	2	2	1	3	0	10
chr5	39521628	39524250	1	1	1	1	0	10
chr5	39521628	39524262	1	1	1	4	0	19
chr5	40604037	40746797	2	2	1	1	0	36
chr5	40716499	40728344	2	2	1	21	0	37
chr5	40726962	40728344	2	2	0	1	0	21
chr5	40728477	40730261	2	2	1	21	0	34
chr5	40730344	40746797	2	2	1	27	2	35
chr5	40747020	40755823	2	2	1	7	0	32
chr5	40763023	40764513	2	2	1	148	0	35
chr5	40764641	40764751	2	2	1	68	0	36
chr5	40765239	40767465	2	2	1	43	0	37
chr5	40767691	40769415	2	2	1	188	0	37
chr5	40767691	40771718	2	2	1	1	0	7
chr5	40769504	40771718	2	2	1	32	0	27
chr5	40771864	40774927	2	2	1	11	0	29
chr5	40771864	40775409	2	2	1	100	1	34
chr5	40774973	40775409	2	2	1	2	0	9
chr5	40775504	40777444	2	2	1	89	2	35
chr5	40775504	40777509	2	2	0	2	0	21
chr5	40777587	40780032	2	2	0	1	0	12
chr5	40777587	40798062	2	2	1	72	0	35
chr5	40827952	40832441	2	2	0	70	0	37
chr5	40832574	40833960	2	2	1	0	98	4
chr5	40832574	40834180	2	2	1	3128	99	37
chr5	40834241	41007603	2	2	0	0	4	13
chr5	40834266	40834470	2	2	1	7029	4	37
chr5	40834266	40834472	2	2	0	4	0	35
chr5	40834607	40835182	2	2	1	4	0	16
chr5	40841666	40843151	1	1	1	3	0	24
chr5	40843710	40852173	1	1	1	1	0	10
chr5	41731771	41739389	2	2	1	53	0	31
chr5	41739492	41749526	2	2	1	150	0	33
chr5	41740559	41749526	2	2	0	5	0	34
chr5	41749608	41762110	2	2	1	57	0	27
chr5	41749608	41794002	2	2	0	3	0	17
chr5	41762201	41794002	2	2	1	72	0	28
chr5	41794079	41794540	2	2	1	0	1	3
chr5	41794079	41794676	2	2	1	61	1	37
chr5	41794079	41800286	2	2	0	3	0	22
chr5	41794750	41801021	2	2	1	46	0	35
chr5	41801071	41803068	2	2	1	87	0	37
chr5	41801071	41807330	2	2	0	2	0	17
chr5	41801071	41840450	2	2	0	5	0	33
chr5	41803164	41805566	2	2	1	99	0	34
chr5	41805682	41807330	2	2	1	130	0	31
chr5	41807439	41840450	2	2	1	20	0	36
chr5	41840512	41842674	2	2	1	35	0	37
chr5	41842782	41850029	2	2	1	135	0	36
chr5	41850180	41853418	2	2	1	23	0	30
chr5	41853555	41861313	2	2	1	17	0	35
chr5	41861405	41862641	2	2	1	20	0	24
chr5	41862751	41870280	2	2	1	24	0	37
chr5	41904468	41907735	1	1	1	4	0	18
chr5	41907843	41909745	1	1	1	21	0	33
chr5	41909893	41911047	1	1	1	67	0	34
chr5	41911180	41912068	1	1	1	3	0	31
chr5	41912184	41917015	1	1	1	35	0	24
chr5	41925499	41927012	1	1	1	3	0	23
chr5	41927249	41929696	1	1	1	5	0	34
chr5	41929918	41933945	1	1	1	12	0	35
chr5	41934022	41934132	1	1	1	34	0	33
chr5	41934309	41939440	1	1	1	37	0	35
chr5	41934309	41941191	1	1	1	1	0	35
chr5	41939617	41941191	1	1	1	4	0	35
chr5	41939617	41941197	1	1	0	1	0	23
chr5	42629104	42688889	1	1	1	3	0	12
chr5	42689020	42694916	1	1	1	3	0	35
chr5	42695090	42699823	1	1	1	4	0	27
chr5	42713520	42718051	1	1	1	6	0	35
chr5	42718122	42718452	1	1	1	22	0	34
chr5	42762549	42769596	1	1	1	2	0	27
chr5	42804774	42806895	2	2	1	2	0	36
chr5	42888994	42927127	1	1	0	0	1	24
chr5	43015151	43017073	2	2	1	1	0	3
chr5	43015151	43067086	2	2	1	1	0	36
chr5	43043568	43044442	1	1	1	2	0	29
chr5	43044886	43050558	1	1	0	4	0	17
chr5	43067158	43067297	2	2	1	3	0	6
chr5	43068218	43071140	1	1	0	3	0	27
chr5	43068218	43071166	1	1	0	2	0	24
chr5	43121124	43122038	1	1	1	1	0	11
chr5	43122178	43123208	1	1	1	5	0	14
chr5	43123311	43136668	1	1	0	2	0	31
chr5	43123311	43136821	1	1	0	1	0	20
chr5	43123311	43139164	1	1	1	54	0	35
chr5	43123311	43161248	1	1	1	1	0	26
chr5	43132465	43136668	1	1	0	2	0	26
chr5	43137959	43139164	1	1	0	2	0	27
chr5	43139305	43161248	1	1	0	3	0	34
chr5	43139310	43161248	1	1	1	57	0	36
chr5	43161607	43161708	1	1	1	19	0	23
chr5	43161614	43161708	1	1	1	3	0	3
chr5	43161932	43169352	1	1	0	2	0	14
chr5	43161932	43173317	1	1	1	27	0	15
chr5	43173449	43174446	1	1	1	41	0	31
chr5	43179951	43191752	1	1	1	1	0	24
chr5	43289666	43290467	1	1	1	8	0	6
chr5	43291221	43292473	2	2	1	99	0	37
chr5	43292638	43292847	2	2	1	154	0	35
chr5	43292946	43294690	2	2	0	3	0	21
chr5	43292974	43294055	2	2	1	34	0	34
chr5	43294163	43294690	2	2	1	129	0	35
chr5	43294862	43295751	2	2	1	54	0	35
chr5	43295918	43297001	2	2	1	86	0	37
chr5	43297167	43298008	2	2	1	34	0	27
chr5	43298135	43298517	2	2	1	111	0	37
chr5	43298976	43307765	2	2	1	27	0	28
chr5	43298976	43313355	2	2	1	4	0	16
chr5	43307825	43313355	2	2	1	9	0	35
chr5	43315934	43336195	1	1	0	1	0	31
chr5	43382053	43383964	2	2	0	2	0	37
chr5	43382053	43388349	2	2	1	8	0	35
chr5	43388477	43397034	2	2	1	4	0	13
chr5	43446558	43453657	2	2	1	13	0	33
chr5	43454044	43476113	2	2	1	2	0	24
chr5	43476259	43479889	2	2	1	2	0	7
chr5	43487112	43487908	2	2	1	5	0	16
chr5	43490730	43491716	2	2	0	2	0	34
chr5	43490730	43492214	2	2	1	38	0	35
chr5	43492310	43492719	2	2	1	10	0	30
chr5	43492891	43493542	2	2	1	29	0	27
chr5	43493613	43494509	2	2	1	13	0	14
chr5	43494602	43502371	2	2	1	2	0	33
chr5	43502496	43503664	2	2	1	10	0	34
chr5	43503761	43505747	2	2	1	1	0	26
chr5	43506395	43508576	2	2	1	14	0	32
chr5	43506395	43514805	2	2	1	1	0	35
chr5	43508667	43509144	2	2	1	12	0	27
chr5	43508667	43514805	2	2	1	3	0	30
chr5	43527470	43529785	2	2	1	164	0	37
chr5	43529880	43533737	2	2	1	226	0	37
chr5	43529880	43534852	2	2	0	2	0	34
chr5	43533793	43534852	2	2	1	202	1	35
chr5	43534971	43535533	2	2	1	112	0	36
chr5	43535641	43536818	2	2	1	174	0	37
chr5	43536945	43538923	2	2	1	253	0	36
chr5	43539036	43543003	2	2	1	266	0	37
chr5	43539036	43547727	2	2	0	1	0	36
chr5	43543117	43547727	2	2	1	100	0	35
chr5	43547914	43555829	2	2	1	73	0	35
chr5	43556000	43556202	2	2	1	2	0	10
chr5	43556000	43556439	2	2	0	2	0	13
chr5	43556000	43556581	2	2	1	1	0	25
chr5	43556000	43556818	2	2	1	2	0	35
chr5	43571972	43572779	2	2	0	1	0	34
chr5	43575936	43583466	2	2	1	1	0	9
chr5	43578580	43583466	2	2	1	2	0	28
chr5	43579201	43583466	2	2	1	3	0	9
chr5	43583567	43586869	2	2	0	2	0	33
chr5	43583567	43602777	2	2	1	5	0	35
chr5	43602891	43609142	1	1	1	12	0	28
chr5	43603295	43609142	1	1	1	12	0	33
chr5	43609347	43612907	1	1	1	38	0	27
chr5	43613138	43615847	1	1	1	13	0	26
chr5	43616066	43619031	1	1	1	30	0	36
chr5	43619120	43624031	1	1	1	90	0	26
chr5	43624121	43628199	1	1	1	29	0	35
chr5	43628388	43644191	1	1	1	23	0	37
chr5	43644326	43644610	1	1	1	54	0	33
chr5	43644803	43645356	1	1	1	82	0	36
chr5	43645511	43647923	1	1	1	5	0	15
chr5	43645511	43649146	1	1	1	41	0	33
chr5	43649309	43650476	1	1	1	18	0	33
chr5	43650588	43651738	1	1	1	5	0	30
chr5	43651885	43653017	1	1	1	16	0	34
chr5	43653214	43655839	1	1	1	3	0	34
chr5	43656074	43656652	1	1	1	34	0	33
chr5	43656814	43659170	1	1	1	6	0	24
chr5	43659351	43675510	1	1	1	83	0	35
chr5	43675671	43677724	1	1	1	37	0	35
chr5	43677807	43700118	1	1	1	23	0	34
chr5	43700238	43702620	1	1	1	27	0	35
chr5	43702737	43704254	1	1	1	36	1	31
chr5	44745409	44745941	2	2	1	2	0	4
chr5	44746039	44777036	2	2	1	1	0	28
chr5	44775125	44816182	1	1	0	0	1	13
chr5	44777329	44808641	2	2	1	1	0	15
chr5	44809564	44811008	1	1	1	10	0	31
chr5	44811155	44811914	1	1	1	160	0	37
chr5	44812021	44813105	1	1	1	121	0	35
chr5	44813283	44814912	1	1	1	143	1	37
chr5	45267254	45303598	2	2	1	1	0	25
chr5	50399291	50399858	2	2	1	20	0	37
chr5	50403455	50405724	2	2	1	77	0	37
chr5	50405853	50410876	2	2	1	163	0	36
chr5	50410966	50411196	2	2	1	195	0	30
chr5	50411384	50428143	2	2	1	31	0	36
chr5	50428228	50441039	2	2	1	17	0	37
chr5	50666998	50667084	1	1	1	1	0	23
chr5	50667187	50668070	1	1	1	8	0	31
chr5	50668126	50750150	1	1	1	15	0	37
chr5	50726844	50750150	1	1	0	1	0	13
chr5	50750189	50759642	1	1	1	12	0	33
chr5	50759733	50760291	1	1	1	16	0	36
chr5	50759733	50761820	1	1	1	7	0	27
chr5	50760363	50761820	1	1	1	50	0	35
chr5	50761899	50763147	1	1	1	21	1	31
chr5	50763243	50778068	1	1	1	9	0	16
chr5	50778130	50778559	1	1	1	5	0	10
chr5	50778651	50788522	1	1	1	12	0	29
chr5	50788590	50794206	1	1	1	24	0	37
chr5	50794333	50794852	1	1	1	17	0	28
chr5	50795418	50796981	1	1	1	20	0	37
chr5	50797033	50797137	1	1	1	13	0	31
chr5	50797234	50815431	1	1	1	24	0	33
chr5	50815525	50822334	1	1	1	1	0	23
chr5	50815525	50841965	1	1	0	1	0	35
chr5	50821339	50822334	1	1	1	41	0	33
chr5	50822401	50824907	1	1	1	54	0	37
chr5	50824976	50826754	1	1	1	20	0	20
chr5	50826804	50827943	1	1	1	75	0	37
chr5	50828057	50828311	1	1	1	16	0	36
chr5	50828385	50829891	1	1	1	18	0	36
chr5	50829962	50832780	1	1	1	15	0	37
chr5	50832855	50833978	1	1	1	28	0	36
chr5	50834049	50834930	1	1	1	33	0	32
chr5	50835016	50841965	1	1	1	30	0	37
chr5	51241888	51289973	2	2	0	0	1	20
chr5	51379076	51382973	2	2	1	1	0	14
chr5	51383700	51384540	1	1	1	3	0	18
chr5	51384731	51387489	1	1	1	6	0	36
chr5	51387750	51389645	1	1	1	1	0	21
chr5	51389933	51391273	1	1	1	3	0	9
chr5	51738556	51786572	1	1	0	0	1	16
chr5	51756922	51786572	1	1	0	0	1	16
chr5	52801121	52801408	1	1	1	45	0	37
chr5	52861560	52864762	1	1	1	5	0	33
chr5	52864852	52864970	1	1	1	1	0	18
chr5	52865083	52865689	1	1	1	3	0	15
chr5	52865818	52881872	1	1	1	4	0	27
chr5	52882022	52887814	1	1	1	9	0	36
chr5	52887966	52893674	1	1	1	2	0	24
chr5	52893841	52897454	1	1	1	1	0	28
chr5	52898384	52905762	1	1	1	2	0	34
chr5	52905909	52908897	1	1	1	4	0	30
chr5	52909042	52910161	1	1	1	9	0	36
chr5	52910420	52915463	1	1	1	3	0	21
chr5	52918899	52920331	1	1	1	4	0	36
chr5	52920469	52922776	1	3	1	2	0	15
chr5	52922888	52925277	1	1	1	11	0	30
chr5	52929702	52932046	1	1	1	5	0	23
chr5	52932137	52933893	1	1	1	14	0	35
chr5	52933997	52937400	1	1	1	4	0	23
chr5	52937515	52939589	1	1	1	6	0	22
chr5	52939692	52939839	1	1	1	1	0	13
chr5	52939945	52944942	1	1	1	12	0	35
chr5	52945036	52947344	1	1	1	16	0	33
chr5	52947462	52952406	1	1	1	4	0	36
chr5	52989533	53026747	1	1	1	21	0	36
chr5	53026869	53042111	1	1	1	4	0	37
chr5	53042222	53045000	1	1	1	22	0	37
chr5	53045093	53048362	1	1	1	21	0	32
chr5	53048478	53048642	1	1	1	17	0	25
chr5	53048771	53051410	1	1	1	1	0	29
chr5	53051560	53055537	1	1	1	30	0	35
chr5	53055689	53055983	1	1	1	20	0	27
chr5	53056150	53058024	1	1	1	27	0	32
chr5	53058102	53059873	1	1	1	26	0	36
chr5	53060013	53060900	1	1	1	3	0	12
chr5	53061047	53062785	1	1	1	6	0	36
chr5	53062930	53064911	1	1	1	8	0	28
chr5	53065116	53065840	1	1	1	1	0	8
chr5	53067258	53070108	1	1	1	11	0	32
chr5	53070261	53071937	1	1	1	10	0	19
chr5	53072049	53072612	1	1	1	10	0	33
chr5	53072696	53073117	1	1	1	12	0	35
chr5	53073260	53074384	1	1	1	10	0	20
chr5	53074478	53075060	1	1	1	29	0	32
chr5	53075138	53075220	1	1	1	8	0	25
chr5	53075305	53078771	1	1	1	44	0	30
chr5	53075305	53080510	1	1	1	0	2	3
chr5	53078875	53080510	1	1	1	33	2	36
chr5	53080622	53081591	1	1	1	48	0	37
chr5	53081697	53083339	1	1	1	15	0	33
chr5	53083454	53086951	1	1	1	5	0	30
chr5	53087042	53089945	1	1	1	42	0	37
chr5	53090063	53090518	1	1	1	27	0	35
chr5	53098668	53100410	2	2	1	124	0	36
chr5	53100535	53101358	2	2	1	42	0	36
chr5	53101510	53102096	2	2	1	152	0	37
chr5	53102225	53107076	2	2	1	42	0	31
chr5	53107222	53108521	2	2	1	17	0	22
chr5	53108644	53109250	2	2	1	3	0	37
chr5	53108644	53109711	2	2	1	1	0	20
chr5	53110149	53112239	1	1	1	8	0	36
chr5	53482148	53482879	1	1	0	1	0	29
chr5	53483072	53483503	1	1	1	11	0	34
chr5	53483723	53484068	1	1	1	20	0	27
chr5	53484294	53484996	1	1	1	6	0	30
chr5	53484294	53484999	1	1	1	2	0	5
chr5	53485228	53485950	1	1	1	6	0	33
chr5	53560761	53603451	1	1	1	75	0	37
chr5	53603531	53604723	1	1	1	2	0	20
chr5	53603531	53646232	1	1	1	120	0	34
chr5	53646406	53658550	1	1	1	71	0	37
chr5	53646406	53683117	1	1	1	9	0	26
chr5	53658625	53683117	1	1	1	151	0	36
chr5	53658625	53713353	1	1	0	2	0	22
chr5	53886714	54113201	2	2	1	3	0	29
chr5	53887384	54113201	2	2	1	1	0	5
chr5	54113411	54154579	2	2	1	21	3	36
chr5	54154640	54171783	2	2	1	6	0	21
chr5	54171929	54310431	2	2	1	3	0	33
chr5	54519574	54543178	1	1	1	5	0	33
chr5	54979436	54981996	2	2	1	3	0	17
chr5	54982147	54985216	2	2	1	1	0	8
chr5	55160397	55160993	1	1	1	94	7	37
chr5	55160397	55164054	1	1	1	2	0	25
chr5	55161256	55164054	1	1	1	77	0	35
chr5	55222400	55222950	2	4	1	4	0	27
chr5	55223024	55226575	2	2	1	2	0	27
chr5	55231861	55232360	2	2	1	2	0	16
chr5	55233234	55234216	1	1	0	3	0	15
chr5	55256541	55259847	2	2	1	35	0	35
chr5	55256541	55267137	2	2	0	3	0	25
chr5	55259945	55261367	2	2	1	9	0	37
chr5	55261500	55262629	2	2	1	49	0	37
chr5	55261500	55267137	2	2	0	2	0	35
chr5	55262933	55263526	2	2	0	1	0	13
chr5	55262933	55267137	2	2	1	23	0	36
chr5	55267232	55267685	2	2	1	63	0	31
chr5	55267823	55269412	2	2	1	45	0	37
chr5	55269638	55270411	2	2	1	43	0	37
chr5	55270488	55270577	2	2	1	22	0	34
chr5	55270707	55272086	2	2	1	13	0	29
chr5	55272176	55273292	2	2	1	49	0	37
chr5	55273378	55274613	2	2	1	41	0	35
chr5	55274732	55274865	2	2	1	45	0	31
chr5	55275011	55276265	2	2	1	61	0	32
chr5	55276407	55277105	2	2	1	11	0	35
chr5	55277283	55281371	2	2	1	30	0	37
chr5	55279650	55283027	1	1	1	2	0	28
chr5	55281516	55283202	2	2	1	29	0	37
chr5	55281516	55283355	2	2	0	1	0	37
chr5	55283812	55285292	2	2	1	35	0	22
chr5	55285417	55285695	2	2	1	26	0	32
chr5	55285862	55289269	2	2	1	40	0	36
chr5	55289429	55290217	2	2	1	78	0	37
chr5	55290345	55294016	2	2	1	49	0	26
chr5	55294146	55295378	2	2	1	41	0	35
chr5	55295525	55296219	2	2	1	28	0	36
chr5	55296350	55297284	2	2	1	38	0	37
chr5	55297399	55298590	2	2	1	29	0	29
chr5	55298665	55307386	2	2	1	5	0	23
chr5	55308148	55322326	1	1	1	36	0	37
chr5	55320703	55343351	1	1	0	0	1	12
chr5	55322465	55324131	1	1	1	115	0	32
chr5	55322465	55340009	1	1	0	2	0	35
chr5	55324199	55327715	1	1	1	103	0	37
chr5	55327779	55328698	1	1	1	167	0	37
chr5	55328812	55340009	1	1	1	165	0	36
chr5	55340185	55341680	1	1	1	74	0	37
chr5	55341772	55343330	1	1	1	73	7	27
chr5	55343456	55344521	1	1	1	259	0	34
chr5	55343456	55344543	1	1	0	7	0	33
chr5	55344621	55345093	1	1	1	38	0	35
chr5	55345197	55347012	1	1	1	64	0	26
chr5	55347145	55349572	1	1	1	40	0	32
chr5	55349653	55350918	1	1	1	12	0	30
chr5	55349653	55353167	1	1	0	1	0	26
chr5	55351030	55353167	1	1	1	219	0	37
chr5	55353270	55358572	1	1	1	115	0	37
chr5	55358699	55366724	1	1	1	48	0	37
chr5	55366876	55378313	1	1	1	96	0	34
chr5	55378487	55379126	1	1	1	208	0	37
chr5	55379196	55387973	1	1	1	90	0	35
chr5	55388103	55397415	1	1	1	48	0	22
chr5	55397527	55400232	1	1	1	187	0	37
chr5	55397527	55405424	1	1	0	4	0	34
chr5	55400422	55405424	1	1	1	71	0	35
chr5	55405075	55405424	1	1	0	3	0	19
chr5	55405589	55410523	1	1	1	139	0	37
chr5	55410630	55414181	1	1	1	289	0	37
chr5	55414239	55415969	1	1	1	49	0	37
chr5	55416133	55422877	1	1	1	147	0	30
chr5	55422983	55424719	1	1	1	104	0	37
chr5	55425335	55425862	2	2	1	4	0	33
chr5	55426040	55441850	2	2	1	10	0	28
chr5	55429415	55429524	1	3	0	1	0	13
chr5	55441909	55467868	2	2	1	17	0	34
chr5	55468150	55475298	2	2	1	14	0	30
chr5	55475451	55534571	2	2	1	1	0	27
chr5	55626660	55627890	2	2	1	26	0	35
chr5	55627981	55633753	2	2	1	23	0	35
chr5	55633853	55635543	2	2	0	5	0	34
chr5	55633903	55635543	2	2	1	20	0	36
chr5	55635658	55645788	2	2	1	28	9	32
chr5	55639148	55652232	2	2	0	0	2	24
chr5	55645896	55649206	2	2	1	14	0	28
chr5	55645896	55652528	2	2	1	3	0	21
chr5	55649315	55652528	2	2	1	5	0	36
chr5	55652724	55656714	2	2	1	45	0	33
chr5	55656775	55664692	2	2	1	22	0	36
chr5	55664864	55669227	2	2	1	5	0	30
chr5	55669322	55669556	2	2	1	23	0	37
chr5	55669621	55669757	2	2	1	29	0	26
chr5	55669880	55672562	2	2	1	19	0	31
chr5	55672696	55697845	2	2	1	22	0	17
chr5	55673449	55697845	2	2	0	1	0	23
chr5	55697213	55697845	2	2	1	3	0	5
chr5	55697993	55702738	2	2	1	7	0	36
chr5	55697993	55704321	2	2	1	4	0	37
chr5	55697993	55711451	2	2	1	9	0	36
chr5	55702895	55704321	2	2	1	3	0	37
chr5	55702895	55711451	2	2	1	1	0	20
chr5	55704435	55711451	2	2	1	26	0	23
chr5	55711500	55712216	2	2	1	11	0	31
chr5	55851634	55853321	1	1	1	3	0	5
chr5	55851634	55859508	1	1	1	9	0	30
chr5	55853568	55859508	1	1	1	2	0	28
chr5	55858908	55859508	1	1	0	1	0	25
chr5	55859600	55866610	1	1	1	2	0	14
chr5	55859600	55868790	1	1	1	7	0	36
chr5	55859600	55872269	1	1	1	1	0	8
chr5	55868909	55872269	1	1	1	7	0	26
chr5	55872452	55883043	1	1	1	34	0	36
chr5	55883196	55889969	1	1	1	40	0	36
chr5	55890136	55896349	1	3	1	11	0	30
chr5	55896430	55899915	1	1	1	20	0	34
chr5	55900133	55906105	1	1	1	15	0	31
chr5	55906289	55907358	1	1	1	19	0	31
chr5	55907461	55908264	1	1	1	28	0	34
chr5	55908412	55910531	1	1	1	12	0	34
chr5	55910673	55913476	1	1	1	19	0	36
chr5	55913571	55914846	1	1	1	25	0	37
chr5	55914929	55915828	1	1	0	1	0	18
chr5	55914929	55916643	1	1	1	35	0	37
chr5	55916835	55922395	1	1	1	4	0	24
chr5	55941820	55942669	2	2	1	56	0	37
chr5	55942752	55947492	2	2	1	80	0	34
chr5	55942752	55951463	2	2	0	5	0	20
chr5	55947590	55951463	2	2	1	47	0	36
chr5	55951605	55951928	2	2	1	39	0	34
chr5	55952076	55952249	2	2	1	97	0	35
chr5	55952076	55954809	2	2	0	4	0	22
chr5	55952352	55954809	2	2	1	50	0	36
chr5	55952352	55956024	2	2	1	2	0	33
chr5	55954993	55956024	2	2	1	23	0	35
chr5	55956236	55957208	2	2	1	29	0	32
chr5	55957292	55960401	2	2	1	86	0	36
chr5	55960562	55963351	2	2	1	141	0	37
chr5	55960562	55976214	2	2	0	2	0	36
chr5	55963380	55976214	2	2	0	2	0	28
chr5	55963507	55964145	2	2	1	74	0	37
chr5	55964313	55968275	2	2	1	58	0	37
chr5	55964313	55969549	2	2	0	1	0	30
chr5	55964313	55976214	2	2	1	1	0	32
chr5	55968397	55969549	2	2	1	135	0	36
chr5	55969856	55976214	2	2	1	34	0	36
chr5	55976294	55982723	2	2	1	30	0	32
chr5	55982812	55994783	2	2	1	14	0	21
chr5	56102587	56111117	2	2	1	1	0	35
chr5	56111783	56116614	2	2	1	3	0	34
chr5	56856751	56859714	1	1	1	7	0	34
chr5	56859916	56864733	1	1	1	5	0	31
chr5	56865457	56865828	1	1	1	12	0	32
chr5	56865978	56871909	1	1	1	9	0	34
chr5	56872032	56872640	1	1	1	20	0	37
chr5	56872723	56872824	1	1	1	8	0	28
chr5	56873006	56875031	1	1	1	4	0	30
chr5	56879102	56880710	1	1	1	4	0	34
chr5	56880803	56881082	1	1	1	1	0	7
chr5	56881273	56881569	1	1	1	5	0	19
chr5	56882867	56883526	1	1	1	41	0	37
chr5	56883680	56884663	1	1	1	12	0	35
chr5	56884827	56885931	1	1	1	7	0	36
chr5	56886064	56887377	1	1	1	2	0	11
chr5	56887521	56888225	1	1	1	18	0	26
chr5	56888358	56893530	1	1	1	4	0	27
chr5	56909744	56913010	1	1	1	6	0	20
chr5	56910395	56913010	1	1	1	1	0	28
chr5	56911112	56913010	1	1	1	7	0	3
chr5	56911480	56913010	1	1	0	1	0	13
chr5	56911537	56913010	1	1	1	7	0	22
chr5	56912259	56913010	1	1	0	1	0	21
chr5	56913135	56913873	1	1	1	17	0	30
chr5	56913990	56914860	1	1	1	6	0	37
chr5	56913990	56914864	1	1	0	3	0	16
chr5	56914967	56916814	1	1	1	37	0	34
chr5	56914967	56925332	1	1	1	7	0	29
chr5	56923586	56923690	2	2	1	12	0	32
chr5	56923834	56923914	2	2	1	20	0	34
chr5	56924043	56928766	2	2	1	6	0	31
chr5	56928859	56930663	2	2	1	12	0	37
chr5	56928862	56930663	2	2	1	18	0	32
chr5	56930746	56933246	2	2	1	14	0	36
chr5	56933399	56935427	2	2	1	13	0	27
chr5	56935501	56935665	2	2	1	12	0	32
chr5	56935752	56936893	2	2	1	1	0	22
chr5	56935752	56937577	2	2	1	17	0	23
chr5	56937699	56938295	2	2	1	3	0	3
chr5	56937699	56938882	2	2	1	23	0	29
chr5	56938339	56938882	2	2	1	3	0	29
chr5	56939018	56946925	2	2	1	20	0	29
chr5	57174212	57175447	1	1	1	15	0	35
chr5	57176401	57183792	1	1	0	3	0	18
chr5	57176401	57183796	1	1	0	4	0	18
chr5	57176401	57214073	1	1	1	28	0	37
chr5	57183873	57214073	1	1	0	1	0	26
chr5	57183919	57214073	1	1	0	3	0	31
chr5	57214194	57221375	1	1	1	8	0	12
chr5	57214194	57230845	1	1	1	25	0	37
chr5	57221397	57230845	1	1	1	5	0	21
chr5	57230970	57231097	1	1	1	48	0	36
chr5	57231149	57231223	1	1	0	1	0	37
chr5	57231322	57235965	1	1	1	101	0	37
chr5	57236024	57246299	1	1	0	1	0	30
chr5	57236033	57237112	1	1	1	32	0	37
chr5	57236033	57246299	1	1	1	43	0	36
chr5	57237173	57246299	1	1	1	15	0	25
chr5	57246485	57247074	1	1	1	107	0	28
chr5	57247216	57249408	1	1	1	41	0	37
chr5	57247216	57249453	1	1	1	3	0	4
chr5	57249577	57250953	1	1	1	139	0	36
chr5	57249577	57261179	1	1	0	3	0	26
chr5	57251142	57261179	1	3	1	86	0	34
chr5	57261283	57262593	1	1	1	37	0	31
chr5	58114760	58119403	1	1	0	2	0	15
chr5	58114760	58137711	1	1	0	1	0	14
chr5	58114760	58145369	1	1	1	2	0	30
chr5	58194740	58197876	1	1	0	2	0	31
chr5	58454775	58454910	2	2	1	216	0	36
chr5	58455022	58455284	2	2	1	106	0	36
chr5	58455415	58455538	2	2	1	235	3	37
chr5	58455780	58456025	2	2	1	249	0	35
chr5	58456156	58456491	2	2	1	213	0	37
chr5	58456590	58456944	2	2	1	127	0	36
chr5	58457093	58457180	2	2	1	132	0	36
chr5	58457380	58457487	2	2	1	317	0	36
chr5	58457584	58458083	2	2	1	108	0	31
chr5	58458172	58458398	2	2	1	164	0	36
chr5	58458529	58458724	2	2	1	153	0	37
chr5	58458842	58458984	2	2	1	154	0	36
chr5	58459093	58459689	2	2	1	75	0	30
chr5	58614500	58627461	1	1	0	1	0	19
chr5	58624906	58627463	2	2	0	0	1	16
chr5	58627525	58645726	2	2	0	0	1	12
chr5	58975081	58975656	2	2	1	3	0	31
chr5	58975840	58976349	2	2	1	10	0	35
chr5	58976473	58977190	2	2	1	10	0	37
chr5	58977346	58988492	2	2	1	2	0	17
chr5	58988593	58989754	2	2	1	15	0	29
chr5	58989920	58990803	2	2	1	12	0	4
chr5	58990903	58991831	2	2	1	12	0	31
chr5	58992005	58993371	2	2	1	12	0	24
chr5	58993466	59038858	2	2	1	3	0	29
chr5	59038972	59039057	2	2	1	1	0	5
chr5	59038972	59180594	2	2	1	1	0	22
chr5	59180645	59185188	2	2	1	2	0	19
chr5	59785001	59787797	1	1	0	6	0	30
chr5	59787890	59794827	1	1	0	2	0	22
chr5	60597909	60599074	2	2	0	4	0	35
chr5	60597915	60599074	2	2	1	52	1	37
chr5	60597915	60603390	2	2	1	1	1	30
chr5	60599261	60603390	2	2	1	100	0	37
chr5	60603568	60605689	2	2	1	92	0	33
chr5	60605857	60638749	2	2	1	26	0	24
chr5	60612205	60614772	2	2	0	0	2	36
chr5	60631519	60638749	2	2	0	1	0	24
chr5	60638891	60642811	2	2	1	46	0	37
chr5	60642857	60644744	2	2	0	1	0	13
chr5	60642860	60644744	2	2	1	35	0	24
chr5	60644876	60645491	2	2	1	17	0	35
chr5	60645620	60647397	2	2	1	38	0	35
chr5	60647534	60686961	2	2	1	66	0	37
chr5	60687228	60700045	2	2	1	9	0	32
chr5	60754834	60757508	2	2	1	7	0	29
chr5	60757646	60764226	2	2	1	3	0	11
chr5	60764333	60766573	2	2	1	5	0	34
chr5	60766631	60767822	2	2	1	13	0	34
chr5	60767904	60771902	2	4	1	8	0	15
chr5	60772094	60787333	2	2	1	4	0	35
chr5	60787432	60799179	2	2	1	8	0	24
chr5	60799231	60802626	2	2	1	3	0	26
chr5	60799231	60844159	2	2	1	2	0	15
chr5	60874684	60887439	2	2	1	33	0	29
chr5	60887521	60890888	2	2	1	10	0	36
chr5	60891087	60898275	2	2	1	11	0	37
chr5	60893644	60898275	2	2	1	3	0	30
chr5	60896516	60898275	2	2	1	6	0	14
chr5	60898401	60899626	2	2	1	20	0	29
chr5	60899728	60902441	2	2	1	20	0	22
chr5	60902509	60903647	2	2	1	13	0	36
chr5	60903717	60904787	2	2	1	3	0	12
chr5	60903717	60904791	2	2	1	20	0	16
chr5	60904874	60909647	2	2	1	1	0	20
chr5	60904874	60918264	2	2	1	36	0	29
chr5	60909958	60918264	2	2	1	6	0	34
chr5	60918389	60922053	2	2	1	19	0	34
chr5	60922156	60928863	2	2	1	25	0	23
chr5	60922156	60953110	2	2	0	0	1	15
chr5	60924368	60928863	2	2	1	1	0	17
chr5	60928960	60944931	2	2	1	19	0	31
chr5	60945383	61045523	1	1	1	1	0	24
chr5	60945383	61073124	1	1	1	119	0	37
chr5	60945429	61073124	1	1	1	18	0	34
chr5	61073215	61098991	1	1	1	62	3	30
chr5	61073215	61152703	1	1	1	5	0	27
chr5	61083330	61098991	1	1	1	0	3	3
chr5	61099033	61152703	1	1	1	44	3	31
chr5	61160200	61161087	2	2	1	110	0	35
chr5	61161228	61162216	2	2	1	40	0	30
chr5	61250863	61252708	2	2	1	1	0	14
chr5	61291354	61293452	2	2	0	2	0	24
chr5	61332949	61472680	1	1	1	3	0	29
chr5	61473038	61490785	1	1	1	5	0	16
chr5	61490935	61494259	1	1	1	32	0	37
chr5	61494411	61521262	1	1	1	22	0	35
chr5	61521443	61525799	1	1	1	32	0	36
chr5	61525148	61525799	1	1	0	2	0	14
chr5	61525977	61526249	1	1	1	13	0	32
chr5	61526397	61530051	1	1	1	29	0	37
chr5	61530199	61531464	1	1	1	50	0	35
chr5	61531726	61535483	1	1	1	25	0	37
chr5	61535620	61538813	1	1	1	33	0	33
chr5	61535620	61539595	1	1	0	2	0	24
chr5	61538972	61539595	1	1	1	30	0	37
chr5	61539760	61541883	1	1	1	4	0	26
chr5	61541966	61543454	1	1	1	8	0	25
chr5	62306537	62319751	1	1	0	3	0	24
chr5	62306537	62347129	1	1	1	11	0	32
chr5	62347225	62348047	1	1	1	70	0	36
chr5	62348168	62350065	1	1	1	65	0	37
chr5	62350121	62352587	1	1	1	140	0	37
chr5	62352654	62353274	1	1	1	27	0	35
chr5	62352711	62353274	1	1	1	18	0	33
chr5	62353376	62355158	1	1	1	81	0	35
chr5	62355255	62357690	1	1	1	86	0	37
chr5	62357746	62358136	1	1	1	44	0	37
chr5	62357746	62361241	1	1	0	3	0	32
chr5	62358300	62361241	1	1	1	145	0	37
chr5	62361333	62361465	1	1	1	32	0	34
chr5	62361530	62362449	1	1	1	87	0	37
chr5	62362542	62363177	1	1	1	56	0	35
chr5	62363321	62363694	1	1	1	55	0	37
chr5	62363865	62365242	1	1	0	2	0	26
chr5	62363900	62365242	1	1	1	54	0	34
chr5	62365354	62366413	1	1	1	65	0	32
chr5	62366482	62373686	1	1	1	53	1	37
chr5	62373838	62377660	1	1	1	9	0	36
chr5	62377763	62381117	1	1	1	90	0	35
chr5	62381254	62385483	1	1	1	102	0	37
chr5	62381254	62385489	1	1	0	3	0	19
chr5	62389053	62390875	2	2	1	104	1	31
chr5	62390983	62392170	2	2	1	142	0	37
chr5	62392007	62392170	2	2	1	14	0	37
chr5	62392235	62392925	2	2	1	74	0	37
chr5	62392991	62393954	2	2	1	107	0	35
chr5	62394048	62394483	2	2	1	99	0	29
chr5	62394608	62398510	2	2	1	17	4	34
chr5	62397893	62410611	2	2	0	0	2	12
chr5	62398561	62398645	2	2	1	27	0	37
chr5	62398740	62398819	2	2	1	52	0	35
chr5	62398882	62402035	2	2	1	56	0	31
chr5	62402123	62403272	2	2	1	41	0	36
chr5	62403347	62403693	2	2	1	40	0	28
chr5	62412930	62437273	1	1	1	23	0	35
chr5	62430600	62437273	1	1	0	1	0	20
chr5	62437418	62442982	1	1	1	11	0	25
chr5	62443084	62449926	1	1	1	44	0	36
chr5	62450000	62451729	1	1	1	17	0	25
chr5	62451934	62467130	1	1	1	12	0	31
chr5	62467264	62470249	1	1	1	71	0	33
chr5	62470309	62474415	1	1	1	61	0	35
chr5	62474465	62476682	1	1	1	45	0	35
chr5	62476754	62483100	1	1	1	21	0	37
chr5	62483294	62484009	1	1	1	78	0	36
chr5	62484163	62485418	1	1	1	100	0	36
chr5	62485463	62487770	1	1	1	15	0	23
chr5	62487862	62489301	1	1	1	7	0	25
chr5	62489350	62490114	1	1	1	11	0	19
chr5	62490221	62493997	1	3	1	32	0	37
chr5	62494125	62504666	1	1	1	22	0	17
chr5	62504701	62504857	1	5	1	12	0	35
chr5	62504899	62506240	1	1	1	17	0	37
chr5	62504919	62506240	1	1	0	3	0	15
chr5	62506358	62515387	1	1	1	58	0	37
chr5	62515502	62526141	1	1	1	29	0	34
chr5	62515502	62536701	1	1	0	1	0	17
chr5	62515502	62550366	1	1	1	4	1	20
chr5	62526258	62530708	1	1	1	8	0	21
chr5	62530786	62536701	1	1	1	10	0	34
chr5	62533355	62536701	1	1	0	0	2	17
chr5	62536782	62537208	1	1	1	36	0	30
chr5	62536782	62550366	1	1	0	3	0	15
chr5	62537290	62550366	1	1	1	39	0	36
chr5	62550463	62551222	1	1	1	54	0	37
chr5	62550463	62561135	1	1	0	1	0	24
chr5	62551337	62561135	1	1	1	46	0	36
chr5	62561258	62591576	1	1	1	56	0	37
chr5	62591673	62601763	1	1	1	39	0	36
chr5	62601849	62627153	1	1	1	40	0	15
chr5	64200943	64212064	1	1	1	8	0	31
chr5	64212161	64213557	1	1	1	2	0	24
chr5	64217397	64325185	1	1	1	6	0	33
chr5	64325412	64330280	1	1	1	9	0	16
chr5	64330407	64369614	1	1	1	1	0	14
chr5	64598436	64609160	1	1	1	3	0	24
chr5	64695665	64717888	1	1	1	2	0	25
chr5	64724574	64728106	2	2	1	47	0	34
chr5	64728180	64741056	2	2	1	68	0	36
chr5	64741201	64754314	2	2	1	25	0	36
chr5	64754363	64768504	2	2	1	21	0	35
chr5	64765122	64768504	2	2	1	8	0	37
chr5	64769189	64774690	1	1	1	31	1	36
chr5	64773896	64774690	1	1	1	0	1	3
chr5	64774788	64781920	1	1	1	44	0	37
chr5	64782034	64783835	1	1	1	37	0	35
chr5	64783980	64785480	1	1	1	108	12	35
chr5	64785580	64786523	1	1	1	43	0	35
chr5	64786628	64788950	1	1	1	67	2	37
chr5	64789021	64800247	1	1	1	54	0	35
chr5	64800328	64801301	1	1	1	58	0	33
chr5	64801333	64804228	1	1	1	50	0	31
chr5	64804387	64885442	1	1	1	111	0	36
chr5	64884286	64885442	1	1	1	1	0	6
chr5	64885547	64971702	1	1	1	51	3	36
chr5	64971813	64977134	1	1	1	24	0	32
chr5	64977239	65007648	1	1	0	1	0	22
chr5	64977239	65018158	1	1	1	23	0	36
chr5	65151946	65170616	2	2	1	15	0	36
chr5	65170774	65172831	2	2	1	11	0	30
chr5	65173009	65188015	2	2	1	11	0	30
chr5	65188221	65197021	2	2	1	55	0	34
chr5	65197152	65198234	2	2	0	6	0	35
chr5	65197152	65198530	2	2	1	11	0	34
chr5	65197152	65214793	2	2	1	3	0	24
chr5	65198361	65198530	2	2	0	15	0	34
chr5	65214127	65214408	2	2	0	6	0	34
chr5	65214597	65214793	2	2	0	2	0	20
chr5	65214933	65215323	2	2	1	6	0	21
chr5	65215488	65224319	2	2	1	12	0	37
chr5	65215488	65224923	2	2	0	1	0	36
chr5	65224401	65224923	2	2	1	10	0	28
chr5	65225048	65226085	2	2	1	13	0	35
chr5	65226220	65242103	2	2	1	2	0	5
chr5	65242207	65243604	2	2	0	1	0	19
chr5	65242207	65260599	2	2	1	5	0	37
chr5	65242207	65273339	2	2	0	2	0	31
chr5	65260664	65262803	2	2	1	1	0	13
chr5	65260664	65262816	2	2	1	1	0	16
chr5	65260664	65273339	2	2	0	7	0	33
chr5	65262963	65273339	2	2	1	12	0	33
chr5	65273448	65291328	2	2	1	2	0	14
chr5	65291471	65297107	2	2	1	1	0	22
chr5	65291471	65299984	2	2	1	19	0	37
chr5	65300132	65329377	2	2	1	9	0	36
chr5	65329484	65334041	2	2	1	6	0	11
chr5	65334086	65451474	2	2	1	1	0	28
chr5	65442992	65451474	2	2	0	1	0	13
chr5	65451621	65452132	2	2	1	20	0	37
chr5	65452217	65452706	2	2	1	5	0	33
chr5	65452217	65460169	2	2	0	3	0	21
chr5	65452222	65452706	2	2	1	6	0	32
chr5	65452919	65460169	2	2	1	11	0	37
chr5	65460339	65470777	2	2	1	14	0	37
chr5	65471143	65473576	2	2	1	18	0	33
chr5	65473953	65481342	2	2	1	8	0	36
chr5	65484970	65508066	2	2	0	1	0	25
chr5	65486653	65486892	2	2	1	6	0	31
chr5	65486653	65521474	2	2	0	1	0	30
chr5	65487314	65491771	2	2	0	2	0	33
chr5	65489421	65521474	2	2	0	2	0	15
chr5	65491864	65508066	2	2	0	2	0	21
chr5	65508142	65521474	2	2	0	4	1	33
chr5	65514287	65531968	1	1	0	1	0	16
chr5	65516602	65521474	2	2	0	4	0	17
chr5	65518634	65521474	2	2	1	50	0	36
chr5	65521529	65528451	2	2	1	48	1	37
chr5	65528579	65528918	2	2	1	71	4	34
chr5	65528579	65529116	2	2	1	3	4	29
chr5	65529018	65529116	2	2	1	124	0	37
chr5	65529200	65542801	2	2	1	33	0	36
chr5	65541437	65542801	2	2	1	1	0	10
chr5	65542849	65551563	2	2	1	40	0	36
chr5	65542849	65552492	2	2	0	2	0	32
chr5	65551243	65551563	2	2	1	7	0	32
chr5	65551637	65552492	2	2	1	103	0	37
chr5	65552550	65554796	2	2	1	79	0	37
chr5	65552550	65561462	2	2	0	4	0	30
chr5	65554899	65561462	2	2	1	9	0	35
chr5	65554899	65561496	2	2	1	1	0	24
chr5	65554947	65561462	2	2	1	14	0	30
chr5	65554947	65561496	2	2	1	2	0	10
chr5	65563507	65567512	1	1	1	26	0	36
chr5	65563507	65576878	1	1	0	4	0	37
chr5	65567616	65569631	1	1	1	109	0	30
chr5	65569733	65569877	1	1	1	38	0	29
chr5	65569999	65571838	1	1	1	22	0	37
chr5	65572287	65576878	1	1	1	62	0	37
chr5	65577070	65579423	1	1	1	42	0	36
chr5	65579614	65583037	1	1	1	31	0	33
chr5	65583220	65585013	1	1	1	50	0	34
chr5	65585096	65585998	1	1	1	80	0	37
chr5	65586182	65587252	1	1	1	52	0	37
chr5	65590303	65591447	2	2	1	1	0	27
chr5	65591949	65594520	2	2	1	3	0	10
chr5	65594646	65596420	2	2	1	12	0	23
chr5	65596532	65597050	2	2	1	19	0	33
chr5	65597181	65604910	2	2	1	18	0	37
chr5	65605046	65609242	2	2	1	22	0	35
chr5	65609459	65610860	2	2	1	3	0	18
chr5	65611044	65611602	2	2	1	20	0	22
chr5	65611882	65614097	2	2	1	2	0	37
chr5	65614220	65618092	2	2	1	20	1	31
chr5	65625107	65629467	1	1	1	3	0	17
chr5	65625107	65635300	1	1	1	12	0	37
chr5	65635370	65635943	1	1	1	23	0	24
chr5	65636044	65637695	1	1	1	40	0	36
chr5	65637781	65647054	1	1	1	24	0	37
chr5	65647183	65650809	1	1	1	8	0	32
chr5	65650883	65652500	1	1	1	19	0	32
chr5	65652546	65655635	1	1	1	28	0	18
chr5	65652546	65658367	1	1	1	1	0	31
chr5	65655654	65658367	1	1	1	16	0	18
chr5	65658502	65660698	1	1	1	21	0	27
chr5	65660898	65662049	1	1	1	17	0	37
chr5	65662151	65664233	1	1	1	5	0	29
chr5	65662151	65664236	1	1	1	20	0	33
chr5	65664385	65664503	1	1	1	58	0	37
chr5	65670358	65671914	2	2	1	11	0	36
chr5	65671999	65672243	2	2	1	1	0	20
chr5	65671999	65680493	2	2	0	3	0	25
chr5	65672282	65680493	2	2	1	5	0	34
chr5	65680557	65680655	2	2	1	7	0	29
chr5	65680795	65685367	2	2	1	12	0	36
chr5	65685473	65704278	2	2	1	4	0	20
chr5	65704379	65708488	2	2	1	9	0	28
chr5	65708559	65712960	2	2	1	15	0	34
chr5	65713065	65720707	2	2	1	11	0	35
chr5	65720830	65721916	2	2	1	7	0	32
chr5	65722415	65758566	1	1	1	2	0	33
chr5	65758827	65762959	1	1	1	22	0	26
chr5	65763109	65777426	1	1	1	58	0	36
chr5	65777535	65780178	1	1	1	36	0	34
chr5	65780282	65781260	1	1	1	37	0	36
chr5	65781422	65785774	1	1	1	29	0	33
chr5	65785911	65788117	1	1	1	25	0	36
chr5	65788485	65792453	1	1	1	13	0	34
chr5	65792602	65809514	1	1	1	5	0	29
chr5	65792656	65809514	1	1	1	43	0	37
chr5	65809702	65810036	1	1	1	25	0	33
chr5	65810166	65812254	1	1	1	48	0	37
chr5	65812392	65822780	1	1	1	32	0	34
chr5	65926807	65988634	1	1	1	59	0	37
chr5	65926807	65992709	1	1	0	3	0	15
chr5	65926807	66012048	1	1	0	3	0	24
chr5	65988683	65992709	1	1	1	167	0	37
chr5	65988683	65992816	1	1	0	3	0	16
chr5	65992908	65994746	1	1	1	174	0	35
chr5	65992908	66012048	1	1	0	1	0	18
chr5	65994865	66012048	1	1	1	109	0	33
chr5	65995542	66012048	1	1	0	1	0	14
chr5	66012128	66013548	1	1	1	111	0	36
chr5	66013639	66014668	1	1	1	119	0	37
chr5	66014726	66021321	1	1	1	145	0	36
chr5	66021386	66023289	1	1	1	159	0	37
chr5	66023365	66024305	1	1	1	28	0	34
chr5	66023365	66025479	1	1	0	3	0	16
chr5	66024451	66025479	1	1	1	160	0	33
chr5	66025553	66025847	1	1	1	35	0	30
chr5	66025978	66026301	1	1	1	106	0	37
chr5	66026418	66028273	1	1	1	81	0	37
chr5	66028344	66038382	1	1	1	82	0	36
chr5	66038483	66043076	1	1	1	118	0	37
chr5	66043199	66044136	1	1	1	170	0	37
chr5	66044299	66046352	1	1	1	15	0	14
chr5	66044311	66046352	1	1	1	128	0	37
chr5	66046539	66048666	1	1	1	47	0	33
chr5	66048782	66050782	1	1	1	135	0	36
chr5	66050967	66053405	1	1	1	146	0	37
chr5	66054952	66068876	1	1	1	2	0	17
chr5	66054952	66072168	1	1	1	0	3	3
chr5	66054952	66075023	1	1	1	104	0	32
chr5	66054952	66076315	1	1	1	39	1	33
chr5	66055127	66076315	1	1	1	1	0	6
chr5	66069021	66072168	1	1	1	3	0	6
chr5	66072292	66075023	1	1	1	11	0	34
chr5	66075231	66076315	1	1	1	52	0	27
chr5	66076409	66076874	1	1	1	148	0	37
chr5	66076950	66078422	1	1	1	88	0	37
chr5	66122908	66170665	1	1	0	2	0	18
chr5	66144538	66153462	1	1	1	26	0	25
chr5	66153597	66156064	1	1	1	1	0	17
chr5	66153597	66158808	1	1	1	1	0	8
chr5	66153597	66159218	1	1	1	13	0	37
chr5	66158933	66159218	1	1	1	7	0	12
chr5	66159335	66162108	1	1	1	44	0	37
chr5	66162274	66162413	1	1	1	20	0	15
chr5	66162593	66163791	1	1	1	35	0	32
chr5	66163923	66164607	1	1	1	3	0	20
chr5	66163923	66164782	1	1	1	35	0	31
chr5	66164898	66170050	1	1	1	44	0	37
chr5	66170171	66170584	1	1	1	114	0	35
chr5	66170948	66174945	1	1	1	24	0	35
chr5	66175042	66177513	1	1	1	100	0	37
chr5	66175042	66177516	1	1	1	12	0	37
chr5	66175042	66191155	1	1	0	1	0	29
chr5	66177659	66178718	1	1	1	148	0	37
chr5	67002050	67003843	2	2	1	1	0	34
chr5	67004692	67004951	1	1	1	1	0	18
chr5	67005086	67054403	1	1	1	4	0	16
chr5	67054493	67090161	1	1	1	5	0	34
chr5	67090232	67095596	1	1	1	1	0	36
chr5	67100593	67102535	1	1	1	2	1	34
chr5	67102612	67104365	1	1	1	5	0	35
chr5	67104576	67110097	1	1	1	2	0	30
chr5	67110200	67114086	1	1	1	11	0	34
chr5	67114220	67118681	1	1	1	6	0	32
chr5	67118750	67121016	1	1	1	8	0	32
chr5	67121103	67130209	1	1	1	8	0	17
chr5	67130419	67131812	1	1	1	1	0	3
chr5	67131952	67133513	1	1	1	13	0	23
chr5	67133647	67134522	1	1	1	3	0	11
chr5	67134689	67136562	1	1	1	10	0	30
chr5	67136665	67142114	1	1	1	2	0	21
chr5	67142238	67142420	1	1	1	16	0	33
chr5	67142534	67144668	1	1	1	4	0	37
chr5	67144797	67145143	1	1	1	7	0	34
chr5	67145380	67152636	1	1	1	1	0	16
chr5	67152867	67153457	1	1	1	2	0	17
chr5	67153581	67160455	1	1	1	5	0	34
chr5	67160593	67162606	1	1	1	4	0	29
chr5	67162702	67163146	1	1	0	1	0	37
chr5	67162789	67163146	1	1	1	3	0	24
chr5	67889720	67889865	2	2	1	1	0	10
chr5	68215950	68226289	1	1	1	3	0	36
chr5	68215954	68226289	1	1	1	1	0	25
chr5	68227010	68273389	1	1	1	31	0	36
chr5	68273483	68273938	1	1	1	27	0	34
chr5	68274014	68279601	1	1	1	7	0	29
chr5	68279734	68280527	1	1	1	11	0	30
chr5	68280730	68280926	1	1	1	13	0	30
chr5	68281007	68292258	1	1	1	26	0	37
chr5	68292362	68293100	1	1	1	24	0	37
chr5	68293200	68293302	1	1	1	33	0	30
chr5	68293484	68293708	1	1	1	7	0	37
chr5	68293835	68294535	1	1	1	55	0	37
chr5	68294679	68295147	1	1	1	13	0	36
chr5	68295325	68295419	1	1	1	21	0	29
chr5	68295489	68296146	1	1	0	1	0	26
chr5	68295489	68296170	1	1	1	17	0	36
chr5	68296342	68297411	1	1	1	8	0	35
chr5	69094339	69100806	1	1	1	19	0	31
chr5	69094339	69103061	1	1	1	1	0	6
chr5	69100930	69103061	1	1	1	58	0	34
chr5	69103129	69103961	1	1	1	18	0	36
chr5	69103129	69104630	1	1	1	18	0	32
chr5	69104717	69108348	1	1	1	18	0	34
chr5	69108437	69113139	1	1	1	140	0	33
chr5	69113228	69114419	1	1	1	62	0	34
chr5	69114497	69115236	1	1	1	39	0	26
chr5	69115408	69115925	1	1	1	65	0	36
chr5	69116215	69116393	1	1	1	13	0	32
chr5	69116603	69117238	1	1	1	38	0	34
chr5	69117397	69118498	1	1	1	58	0	37
chr5	69118629	69121693	1	1	1	48	0	35
chr5	69118629	69121697	1	1	0	3	0	23
chr5	69121896	69123198	1	1	1	39	2	35
chr5	69123426	69128003	1	1	1	50	0	35
chr5	69123426	69129446	1	1	1	7	0	23
chr5	69128109	69129608	2	2	0	1	0	27
chr5	69128133	69129446	1	1	1	84	0	37
chr5	69158899	69174650	1	1	0	1	0	29
chr5	69167284	69167907	1	1	1	280	0	37
chr5	69168079	69168172	1	1	1	174	0	34
chr5	69168344	69171269	1	1	1	422	0	37
chr5	69171453	69174250	1	1	1	541	0	37
chr5	69171453	69174876	1	1	1	3	0	14
chr5	69174410	69174876	1	1	1	372	0	35
chr5	69175114	69175396	1	1	1	479	0	37
chr5	69175538	69177238	1	1	1	469	0	37
chr5	69175538	69177290	1	1	1	17	0	37
chr5	69176418	69176924	1	1	0	2	0	26
chr5	69177350	69177523	1	1	1	428	0	36
chr5	69189769	69191794	1	1	1	44	0	35
chr5	69191851	69194646	1	1	1	30	0	37
chr5	69194696	69195716	1	1	1	20	0	35
chr5	69195792	69197052	1	1	1	69	0	37
chr5	69195792	69202505	1	1	1	3	0	32
chr5	69197110	69202505	1	1	1	69	0	35
chr5	69202570	69202918	1	1	1	88	0	37
chr5	69202570	69208195	1	1	0	10	0	36
chr5	69202570	69209706	1	1	0	2	0	14
chr5	69202971	69208195	1	1	1	94	0	36
chr5	69208360	69209706	1	1	1	63	0	32
chr5	69217872	69226337	1	1	1	11	0	31
chr5	69226402	69228199	1	1	1	131	0	36
chr5	69228388	69229207	1	1	1	61	0	35
chr5	69235042	69235393	1	1	1	66	0	36
chr5	69235454	69252417	1	1	1	106	0	36
chr5	69235454	69258042	1	1	0	2	0	30
chr5	69239549	69252417	1	1	0	2	0	27
chr5	69252452	69254601	1	1	1	75	0	34
chr5	69252452	69258042	1	1	1	2	0	34
chr5	69254668	69255459	1	1	1	3	0	14
chr5	69254670	69255459	1	1	1	34	0	36
chr5	69255529	69258042	1	1	1	103	0	37
chr5	69258154	69259817	1	1	1	74	0	37
chr5	69258154	69269206	1	1	0	1	0	15
chr5	69259937	69262204	1	1	1	80	0	36
chr5	69262305	69269206	1	1	1	37	0	34
chr5	69269294	69272891	1	1	1	29	0	32
chr5	69273042	69276542	1	1	1	60	0	34
chr5	69276691	69277106	1	1	1	162	0	36
chr5	69283035	69285336	2	2	1	12	0	26
chr5	69285468	69292187	2	2	1	6	0	33
chr5	69294901	69300011	2	2	1	11	0	35
chr5	69300128	69303846	2	2	1	28	0	29
chr5	69303930	69306816	2	2	1	4	0	26
chr5	69306903	69307950	2	2	1	4	0	21
chr5	69308029	69309746	2	2	0	2	0	27
chr5	69308029	69311117	2	2	1	29	0	33
chr5	69311205	69313984	2	2	1	12	0	29
chr5	69314044	69320236	2	2	1	7	0	34
chr5	69352254	69355648	2	2	1	75	2	35
chr5	69352254	69366502	2	2	1	0	2	3
chr5	69355795	69355894	2	2	1	63	0	37
chr5	69355954	69366502	2	2	1	79	0	35
chr5	69365755	69366502	2	2	1	160	0	37
chr5	69366596	69366695	2	2	0	3	0	30
chr5	69366596	69367838	2	2	1	2	0	22
chr5	69366596	69368626	2	2	0	11	0	32
chr5	69366596	69368824	2	2	1	3	0	22
chr5	69366596	69369386	2	2	1	1	1	21
chr5	69366596	69369462	2	2	1	19	0	24
chr5	69366596	69369656	2	2	1	20	0	30
chr5	69366726	69369462	2	2	0	1	0	14
chr5	69369934	69371034	1	1	1	4	0	27
chr5	69369934	69371453	1	1	0	1	0	34
chr5	69369934	69372033	1	1	1	1	0	10
chr5	69371172	69371453	1	1	1	2	0	36
chr5	69371172	69372033	1	1	1	16	0	30
chr5	69371172	69373829	1	1	1	6	0	37
chr5	69371172	69410513	1	1	1	0	2	3
chr5	69372218	69373829	1	1	1	22	0	37
chr5	69374088	69374627	1	1	1	24	0	35
chr5	69374712	69381900	1	1	1	30	0	34
chr5	69374712	69381925	1	1	0	4	0	35
chr5	69382058	69384796	1	1	1	52	0	33
chr5	69384934	69386042	1	1	1	5	0	32
chr5	69386096	69386179	1	1	1	22	0	29
chr5	69386306	69386395	1	1	1	44	0	22
chr5	69386466	69389033	1	1	1	35	0	24
chr5	69389146	69391830	1	1	1	74	0	35
chr5	69392014	69393154	1	1	1	57	0	28
chr5	69393241	69393353	1	1	1	34	0	31
chr5	69393501	69396396	1	1	1	30	0	33
chr5	69396547	69400048	1	1	1	41	0	28
chr5	69400170	69410492	1	1	1	18	0	36
chr5	69410551	69414030	1	1	1	46	2	35
chr5	69503123	69504176	1	1	0	1	0	23
chr5	69504295	69509140	1	1	1	5	0	33
chr5	69507278	69509140	1	1	0	2	0	25
chr5	69509389	69513947	1	1	0	2	0	16
chr5	69514110	69519986	1	1	0	1	0	17
chr5	69534840	69544903	1	1	1	0	2	6
chr5	69545120	69547929	1	1	1	6	1	23
chr5	69548102	69551543	1	1	1	0	8	36
chr5	69551586	69553569	1	1	1	0	1	29
chr5	69560404	69562672	1	1	1	2	8	29
chr5	69560404	69565099	1	1	1	0	39	35
chr5	69562771	69565099	1	1	1	0	30	35
chr5	69565189	69566130	1	1	1	0	131	36
chr5	69566209	69566588	1	1	1	0	192	35
chr5	69566209	69566966	1	1	1	0	110	37
chr5	69566626	69566966	1	1	1	0	282	36
chr5	69567054	69567726	1	1	1	0	198	35
chr5	69567054	69568152	1	1	1	8	0	21
chr5	69567054	69568519	1	1	0	0	2	26
chr5	69567054	69572444	1	1	1	0	5	26
chr5	69567778	69568152	1	1	1	0	271	34
chr5	69568208	69572444	1	1	1	92	88	37
chr5	69572551	69578711	1	1	1	0	197	37
chr5	69578803	69579020	1	1	1	0	48	35
chr5	69579109	69579756	1	1	1	67	112	36
chr5	69579865	69582365	1	1	1	50	253	36
chr5	69579865	69582376	1	1	0	0	1	26
chr5	69582430	69585593	1	1	1	0	137	37
chr5	69585698	69586253	1	1	1	0	97	37
chr5	69586357	69590327	1	1	1	0	70	36
chr5	69586357	69600042	1	1	0	0	1	25
chr5	69590368	69592078	1	1	1	0	42	34
chr5	69618395	69620013	1	1	1	0	2	31
chr5	69620066	69620339	1	1	1	0	2	6
chr5	69625901	69640191	2	2	0	6	3	33
chr5	69640367	69642204	2	2	1	0	30	30
chr5	69646070	69679144	2	2	1	0	11	34
chr5	69678519	69679144	2	2	0	0	1	16
chr5	69679301	69680765	2	2	0	0	4	36
chr5	69850165	69873663	1	1	0	0	2	17
chr5	69873698	69875163	1	1	0	0	4	36
chr5	69875320	69875945	1	1	0	0	1	16
chr5	69875320	69910374	1	1	1	0	11	34
chr5	69910563	69914157	1	1	1	0	4	31
chr5	69914243	69916080	1	1	1	0	30	30
chr5	69916256	69920731	1	1	1	2	2	30
chr5	69920868	69921151	1	1	0	0	16	15
chr5	69920868	69975737	1	1	0	0	11	28
chr5	69924631	69975737	1	1	0	0	8	34
chr5	69975853	69978463	1	1	0	0	69	37
chr5	69978119	69978463	1	1	0	0	1	26
chr5	69978689	69978793	1	1	0	1	0	13
chr5	69979058	69985379	1	1	0	0	1	24
chr5	69979058	69990036	1	1	0	0	2	33
chr5	70025459	70025657	1	1	0	0	1	25
chr5	70025459	70026406	1	1	1	0	58	36
chr5	70025732	70026406	1	1	1	0	17	28
chr5	70026054	70026406	1	1	1	0	1	6
chr5	70026516	70032314	1	1	1	0	89	36
chr5	70026516	70041523	1	1	1	0	35	37
chr5	70041632	70041813	1	1	0	0	5	22
chr5	70049767	70063414	1	1	1	0	51	36
chr5	70063487	70065964	1	1	1	0	288	37
chr5	70066085	70066933	1	1	1	0	1146	37
chr5	70066085	70067293	1	1	1	0	8	34
chr5	70067135	70067293	1	1	1	0	220	35
chr5	70067447	70069234	1	1	1	0	345	37
chr5	70067447	70069238	1	1	0	0	1	36
chr5	70067447	70070640	1	1	1	0	7	10
chr5	70069331	70070640	1	1	1	0	201	37
chr5	70070702	70077018	1	1	0	0	1	28
chr5	70070752	70076520	1	1	1	75	0	35
chr5	70070752	70077018	1	1	1	0	109	33
chr5	70071391	70077018	1	1	1	0	3	31
chr5	70075032	70077018	1	1	0	0	1	12
chr5	70076575	70077018	1	1	1	34	400	36
chr5	70093164	70097067	1	1	0	0	1	25
chr5	70095024	70098684	2	2	1	0	3	14
chr5	70097141	70101520	1	1	0	0	1	22
chr5	70098850	70100715	2	2	1	0	3	34
chr5	70100803	70101461	2	2	1	0	7	34
chr5	70110420	70111277	2	2	1	0	5	33
chr5	70112408	70123293	2	2	1	0	3	25
chr5	70126404	70126677	2	2	1	0	2	6
chr5	70126730	70128352	2	2	1	0	2	31
chr5	70128435	70139126	2	2	0	4	0	14
chr5	70132796	70139126	2	2	0	0	1	24
chr5	70139721	70140065	2	2	0	0	1	26
chr5	70139721	70142330	2	2	0	0	69	37
chr5	70142446	70193491	2	2	0	0	8	34
chr5	70142446	70197254	2	2	0	0	11	28
chr5	70196971	70197254	2	2	0	0	16	15
chr5	70197391	70201867	2	2	1	0	4	30
chr5	70202043	70203880	2	2	1	0	30	30
chr5	70203966	70219917	2	2	0	0	2	14
chr5	70207746	70219917	2	2	0	0	5	31
chr5	70220093	70221930	2	2	1	0	30	30
chr5	70225796	70258881	2	2	1	0	11	34
chr5	70258256	70258881	2	2	0	0	1	16
chr5	70259038	70260503	2	2	0	0	4	36
chr5	70401669	70420248	1	1	0	0	4	13
chr5	70406916	70420248	1	1	0	0	1	32
chr5	70415551	70417821	1	1	1	0	8	29
chr5	70415551	70420248	1	1	1	0	39	35
chr5	70417920	70420248	1	1	1	0	31	35
chr5	70420338	70421279	1	1	1	0	131	36
chr5	70421358	70421734	0	0	1	0	191	35
chr5	70421358	70421736	1	1	1	32	0	16
chr5	70421358	70422112	1	1	1	0	110	37
chr5	70421772	70422112	1	1	1	15	281	36
chr5	70422200	70422872	1	1	1	0	198	35
chr5	70422200	70427584	1	1	0	0	5	26
chr5	70422924	70423298	1	1	1	0	271	34
chr5	70423354	70427584	1	1	1	0	201	37
chr5	70427691	70433869	1	1	1	0	197	37
chr5	70433961	70434178	1	1	1	9	26	33
chr5	70434264	70434914	1	1	0	0	2	14
chr5	70434267	70434914	1	1	1	15	137	36
chr5	70435023	70437530	1	1	1	0	299	36
chr5	70435023	70437541	1	1	0	0	1	26
chr5	70437595	70440755	1	1	1	0	137	37
chr5	70440860	70441415	1	1	1	0	97	37
chr5	70441519	70445482	1	1	1	0	70	36
chr5	70441519	70455185	1	1	0	0	1	25
chr5	70445523	70447233	1	1	1	0	42	34
chr5	70473530	70475154	1	1	1	0	2	31
chr5	70475207	70475480	1	1	1	0	2	6
chr5	70481539	70495023	2	2	0	0	8	34
chr5	70481539	70516307	2	2	0	0	8	34
chr5	70497122	70516307	2	2	0	0	2	14
chr5	70500904	70516307	2	2	0	0	5	31
chr5	70516483	70518320	2	2	1	0	17	32
chr5	70522189	70555217	2	2	1	0	11	34
chr5	70554592	70555217	2	2	0	0	1	16
chr5	70555374	70556839	2	2	0	0	4	36
chr5	70556874	70580371	2	2	0	0	2	17
chr5	70749611	70751076	1	1	0	0	4	36
chr5	70751233	70751858	1	1	0	0	1	16
chr5	70751233	70785437	1	1	1	0	11	34
chr5	70785626	70789207	1	1	1	0	4	31
chr5	70789293	70791131	1	1	1	0	30	30
chr5	70795917	70796200	1	1	0	0	16	15
chr5	70795917	70850809	1	1	0	0	11	28
chr5	70799680	70850809	1	1	0	0	8	34
chr5	70850925	70853535	1	1	0	0	69	37
chr5	70853191	70853535	1	1	0	0	1	26
chr5	70854130	70860462	1	1	0	0	1	24
chr5	70854130	70865110	1	1	0	0	2	33
chr5	70900877	70901075	1	1	0	0	1	25
chr5	70900877	70901824	1	1	1	0	58	36
chr5	70901150	70901824	1	1	1	0	17	28
chr5	70901472	70901824	1	1	1	0	1	6
chr5	70901934	70907733	1	1	1	0	89	36
chr5	70901934	70916940	1	1	1	0	35	37
chr5	70917049	70917230	1	1	0	0	5	22
chr5	70925185	70938838	1	1	1	0	51	36
chr5	70938138	70954844	2	2	0	0	1	15
chr5	70938911	70941388	1	1	1	0	288	37
chr5	70941509	70942357	1	1	1	0	1146	37
chr5	70941509	70942717	1	1	1	0	8	34
chr5	70942559	70942717	1	1	1	0	220	35
chr5	70942871	70944657	1	1	1	0	345	37
chr5	70942871	70944661	1	1	0	0	1	36
chr5	70942871	70946065	1	1	1	0	7	10
chr5	70944754	70946065	1	1	1	0	201	37
chr5	70946127	70952438	1	1	0	0	1	28
chr5	70946177	70951940	1	1	1	67	0	35
chr5	70946177	70952438	1	1	1	0	109	33
chr5	70946816	70952438	1	1	1	0	3	31
chr5	70950457	70952438	1	1	0	0	1	12
chr5	70951995	70952438	1	1	1	42	399	36
chr5	70968609	70972510	1	1	0	0	1	25
chr5	70970469	70974128	2	2	1	0	3	14
chr5	70972584	70976964	1	1	0	0	1	22
chr5	70974294	70976159	2	2	1	0	3	34
chr5	70976247	70976905	2	2	1	0	7	34
chr5	70985887	70986744	2	2	1	0	5	33
chr5	70987875	70998723	2	2	1	0	3	25
chr5	71001818	71002091	2	2	1	0	2	6
chr5	71002144	71003775	2	2	1	0	2	31
chr5	71010545	71035231	1	1	0	0	1	30
chr5	71035797	71037506	2	2	1	0	42	34
chr5	71037547	71038428	2	2	0	7	0	31
chr5	71037547	71041521	2	2	1	0	70	36
chr5	71038482	71041521	2	2	0	8	0	35
chr5	71041625	71042180	2	2	1	17	3	34
chr5	71042285	71045443	2	2	1	0	137	37
chr5	71045497	71048005	2	2	0	0	1	26
chr5	71045508	71048005	2	2	1	0	299	36
chr5	71048114	71048761	2	2	1	0	146	36
chr5	71048114	71048764	2	2	0	0	2	14
chr5	71048850	71049067	2	2	1	0	48	35
chr5	71049159	71055351	2	2	1	41	10	36
chr5	71055458	71059689	2	2	1	0	201	37
chr5	71055458	71060843	2	2	0	0	5	26
chr5	71059386	71060843	2	2	0	0	2	26
chr5	71059745	71060119	2	2	1	0	271	34
chr5	71060171	71060843	2	2	1	0	198	35
chr5	71060931	71061271	2	2	1	0	282	36
chr5	71060931	71061687	2	2	1	0	110	37
chr5	71061309	71061687	2	2	1	0	192	35
chr5	71061766	71062707	2	2	1	0	131	36
chr5	71062797	71065124	2	2	1	0	31	35
chr5	71062797	71067493	2	2	1	0	39	35
chr5	71062797	71289594	2	2	0	0	4	13
chr5	71065223	71067493	2	2	1	0	8	29
chr5	71074327	71076310	2	2	1	0	1	29
chr5	71076353	71079796	2	2	1	0	8	36
chr5	71079969	71082776	2	2	1	0	1	4
chr5	71082993	71093046	2	2	1	0	2	6
chr5	71110773	71111630	2	2	1	0	5	33
chr5	71112761	71123616	2	2	1	0	3	25
chr5	71126715	71126988	2	2	1	0	2	6
chr5	71127041	71128671	2	2	1	0	2	31
chr5	71140035	71140379	2	2	0	0	1	26
chr5	71140035	71142644	2	2	0	0	69	37
chr5	71142760	71193881	2	2	0	0	8	34
chr5	71142760	71197645	2	2	0	0	11	28
chr5	71197362	71197645	2	2	0	0	16	15
chr5	71197782	71202252	2	2	1	0	2	30
chr5	71202428	71204265	2	2	1	0	17	32
chr5	71220457	71222294	2	2	1	0	17	32
chr5	71226155	71259189	2	2	1	0	11	34
chr5	71258564	71259189	2	2	0	0	1	16
chr5	71259346	71260810	2	2	0	1	0	36
chr5	71458856	71461816	1	1	1	27	0	36
chr5	71461927	71464057	1	1	1	26	0	37
chr5	71464118	71466095	1	1	1	28	0	33
chr5	71464683	71466095	1	1	0	1	0	34
chr5	71466222	71467353	1	1	1	29	0	32
chr5	71467488	71470394	1	1	1	29	0	36
chr5	71470490	71483841	1	1	1	59	0	35
chr5	71473580	71483841	1	1	0	2	0	24
chr5	71483897	71486483	1	1	1	21	0	20
chr5	71486628	71489403	1	1	1	12	0	36
chr5	71489683	71490983	1	1	1	55	0	37
chr5	71491132	71495249	1	1	1	32	0	34
chr5	71495409	71497269	1	1	1	8	0	31
chr5	71497427	71501561	1	1	1	42	0	36
chr5	71501654	71502598	1	1	1	46	0	33
chr5	71502792	71504620	1	1	1	8	0	19
chr5	71504752	71509464	1	1	1	32	0	35
chr5	71510174	71510491	1	1	0	0	4	27
chr5	71511152	71512240	1	1	1	14	0	37
chr5	71512429	71513184	1	1	1	42	0	37
chr5	71513408	71514943	1	1	1	43	0	34
chr5	71515123	71516060	1	1	1	16	0	26
chr5	71516272	71517321	1	1	1	23	0	36
chr5	71517453	71522288	1	1	1	18	0	35
chr5	71522491	71522755	1	1	1	5	0	28
chr5	71522950	71523938	1	1	1	24	0	25
chr5	71524324	71532307	1	1	1	27	0	32
chr5	71532428	71539041	1	1	1	67	0	35
chr5	71539079	71539556	1	1	1	59	0	36
chr5	71539650	71541453	1	1	1	8	0	35
chr5	71541683	71542104	1	1	1	19	0	36
chr5	71542266	71544356	1	1	1	23	0	35
chr5	71544508	71545038	1	1	1	13	0	19
chr5	71545220	71548681	1	1	1	21	0	36
chr5	71548746	71549419	1	1	1	20	0	33
chr5	71548746	71553115	1	1	1	2	0	36
chr5	71549607	71553115	1	1	1	27	0	37
chr5	71553321	71556885	1	1	1	30	0	37
chr5	71556926	71559981	1	1	1	23	0	35
chr5	71560238	71562273	1	1	1	32	0	36
chr5	71562521	71562774	1	1	1	8	0	37
chr5	71562521	71564753	1	1	1	35	0	34
chr5	71562521	71572313	1	1	0	1	0	31
chr5	71562896	71564753	1	3	1	2	0	32
chr5	71572500	71576006	1	1	0	1	0	13
chr5	71587555	71592925	1	1	1	17	0	27
chr5	71592993	71596279	1	1	1	55	0	37
chr5	71596365	71599658	1	1	1	32	0	35
chr5	71599761	71602505	1	1	1	28	0	33
chr5	71602634	71604355	1	3	1	57	0	37
chr5	71604469	71626639	1	1	1	6	0	31
chr5	71604469	71632120	1	1	1	15	0	30
chr5	71626754	71632120	1	1	1	36	0	36
chr5	71632186	71634942	1	1	1	64	0	37
chr5	71635043	71635150	1	1	1	51	0	36
chr5	71635247	71641002	1	1	1	133	0	36
chr5	71641076	71643818	1	1	1	29	0	28
chr5	71643896	71646210	1	3	1	52	1	36
chr5	71646278	71649096	1	1	1	93	0	35
chr5	71649254	71650068	1	1	1	15	0	32
chr5	71650184	71652668	1	1	1	57	0	34
chr5	71652755	71656742	1	1	1	73	0	36
chr5	72107716	72115697	1	1	1	24	0	33
chr5	72115800	72183742	1	1	1	29	0	36
chr5	72183826	72186613	1	1	1	55	0	36
chr5	72184088	72195950	1	1	0	0	1	18
chr5	72186755	72193865	1	1	1	74	0	36
chr5	72193329	72193865	1	1	1	2	0	29
chr5	72197106	72197554	1	1	0	1	0	22
chr5	72200368	72203562	1	1	1	125	0	36
chr5	72203802	72205083	1	1	1	74	4	36
chr5	72220328	72220550	2	4	1	1	0	5
chr5	72221149	72223682	2	2	1	68	0	29
chr5	72222528	72223682	2	2	1	3	0	34
chr5	72223851	72226056	2	2	1	38	0	34
chr5	72223917	72226056	2	2	0	5	0	25
chr5	72226200	72227049	2	2	1	1	0	17
chr5	72226200	72228265	2	2	1	148	0	36
chr5	72228369	72232442	2	2	1	100	0	37
chr5	72232559	72234118	2	2	1	155	0	36
chr5	72234198	72238013	2	2	1	46	0	37
chr5	72238129	72238219	2	2	0	2	0	28
chr5	72238129	72295530	2	2	1	133	0	36
chr5	72295590	72297631	2	2	1	135	0	36
chr5	72297703	72314080	2	2	1	76	0	37
chr5	72314159	72320148	2	2	1	7	0	34
chr5	72320510	72322171	1	1	1	8	0	27
chr5	72320510	72326611	1	1	0	2	0	34
chr5	72322265	72326611	1	1	1	16	0	34
chr5	72326742	72331257	1	1	1	12	0	33
chr5	72331376	72335017	1	1	1	4	0	13
chr5	72335097	72335793	1	1	1	3	0	32
chr5	72335886	72338621	1	1	1	12	0	36
chr5	72338736	72342961	1	1	1	7	0	33
chr5	72343037	72344679	1	1	0	1	0	16
chr5	72343037	72352640	1	1	1	10	0	16
chr5	72352755	72358202	1	1	1	42	0	16
chr5	72358824	72359603	1	1	1	4	0	28
chr5	72848252	72848384	1	1	1	3	0	34
chr5	72848499	72851237	0	0	1	13	0	33
chr5	72848499	72851243	1	1	1	81	0	36
chr5	72851320	72855773	1	1	1	148	0	35
chr5	72851320	72861807	1	1	1	1	0	10
chr5	72855924	72861807	1	1	1	221	0	36
chr5	72861915	72862353	1	1	1	1	0	3
chr5	72861915	72865595	1	1	1	39	0	34
chr5	72865730	72872638	1	1	1	101	0	37
chr5	72865730	72882466	1	1	0	5	0	17
chr5	72872721	72875614	1	1	1	159	0	37
chr5	72872721	72877227	1	1	1	0	1	5
chr5	72875738	72877227	1	1	1	93	1	36
chr5	72877347	72882466	1	1	1	162	0	37
chr5	72882528	72883063	1	1	1	244	0	37
chr5	72883233	72887069	1	1	1	292	0	37
chr5	72887223	72888077	1	1	1	243	0	36
chr5	72888304	72889785	1	1	1	114	0	35
chr5	72889958	72891809	1	1	1	87	0	36
chr5	72891897	72893138	1	1	1	99	0	37
chr5	72893247	72893376	1	1	1	212	0	37
chr5	72893536	72893615	1	1	1	84	0	37
chr5	72893704	72896457	1	1	1	222	1	37
chr5	72896557	72897055	1	1	1	519	0	36
chr5	72896557	72900005	1	1	0	2	0	18
chr5	72897152	72900005	1	1	1	217	0	35
chr5	72900082	72900973	1	1	1	236	0	35
chr5	72901074	72903708	1	1	1	67	0	37
chr5	72903784	72905302	1	1	1	287	0	37
chr5	72903784	72908708	1	1	0	4	0	32
chr5	72905446	72908708	1	1	1	297	0	37
chr5	72968590	72989426	1	1	1	14	0	34
chr5	72989502	72990477	1	1	1	2	0	11
chr5	72990620	72990711	1	1	1	10	0	15
chr5	72990865	73006444	1	1	1	5	0	35
chr5	73006550	73015625	1	1	1	7	0	32
chr5	73015725	73017211	1	1	1	18	0	33
chr5	73017309	73034656	1	1	1	9	0	26
chr5	73034702	73037142	1	1	1	20	0	37
chr5	73037216	73041290	1	1	1	19	0	25
chr5	73041316	73051348	1	1	1	29	0	25
chr5	73051407	73052331	1	5	1	9	0	9
chr5	73052508	73054159	1	1	1	17	0	14
chr5	73054172	73054524	1	1	1	6	0	12
chr5	73054550	73056064	1	1	1	10	0	25
chr5	73056108	73058432	1	1	1	6	0	31
chr5	73058525	73063840	1	1	1	19	0	31
chr5	73063945	73068649	1	1	1	32	0	36
chr5	73068780	73074741	1	1	1	1	0	34
chr5	73074854	73077337	1	1	1	1	0	37
chr5	73077494	73078179	1	1	1	2	0	25
chr5	73078313	73081782	1	1	1	4	0	34
chr5	73081983	73082760	1	1	1	5	0	36
chr5	73082826	73087588	1	1	1	3	0	18
chr5	73087754	73088067	1	1	1	22	0	33
chr5	73124014	73128389	1	1	1	2	0	30
chr5	73128532	73131540	1	1	1	1	0	12
chr5	73360590	73398095	1	1	0	0	1	19
chr5	73360590	73409666	1	1	0	0	1	19
chr5	73424306	73431400	1	1	0	3	0	26
chr5	73445178	73446933	2	2	1	3	0	35
chr5	73498559	73499115	1	1	0	1	0	36
chr5	73498559	73499133	1	1	1	621	0	37
chr5	73498559	73502487	1	1	1	1	0	3
chr5	73498800	73499133	1	1	1	48	0	36
chr5	73499185	73502487	1	1	0	1	0	33
chr5	73499203	73502487	1	1	1	2176	3	37
chr5	73502602	73502915	1	3	1	1289	0	36
chr5	73503118	73504346	1	1	1	1062	0	36
chr5	73504404	73505191	1	1	1	1241	0	37
chr5	73505265	73563174	2	2	0	0	2	13
chr5	73552853	73553405	2	2	1	6	0	8
chr5	73553487	73554321	2	2	1	13	0	36
chr5	73554389	73554860	2	2	1	2	0	7
chr5	73554987	73555487	2	2	1	4	0	8
chr5	73555586	73557574	2	2	1	19	0	18
chr5	73557641	73561129	2	2	1	24	0	34
chr5	73561289	73562592	2	2	1	2	0	26
chr5	73562986	73565131	2	2	1	2	0	24
chr5	73565913	73567261	1	1	1	6	0	27
chr5	73566187	73567261	1	1	1	3	0	3
chr5	73567435	73568234	1	1	1	25	1	26
chr5	73568328	73568419	1	1	1	77	0	33
chr5	73568605	73569496	1	1	1	96	0	37
chr5	73569676	73570585	1	1	1	30	0	37
chr5	73570712	73572488	1	1	1	32	0	36
chr5	73572625	73576951	1	1	1	46	0	36
chr5	73577037	73577855	1	1	1	45	0	37
chr5	73578006	73578750	1	1	1	146	0	36
chr5	73578853	73579016	1	1	1	30	0	36
chr5	73579151	73579316	1	1	1	22	0	36
chr5	73579376	73579876	1	1	1	18	0	29
chr5	73626323	73684840	1	1	1	5	0	25
chr5	73684885	73749836	1	1	1	3	0	12
chr5	73749985	73752908	1	1	1	1	0	25
chr5	73749985	73773854	1	1	0	1	0	27
chr5	73753203	73773854	1	1	1	6	0	34
chr5	73774039	73776515	1	1	1	16	0	34
chr5	73774039	73776522	1	1	0	1	0	13
chr5	73776697	73780675	1	1	1	22	0	35
chr5	73780746	73794401	1	1	1	17	0	34
chr5	73794455	73795330	1	1	1	29	0	36
chr5	73795392	73832337	1	1	1	11	0	36
chr5	73832460	73840479	1	1	1	18	0	32
chr5	73840761	73846267	1	1	1	12	0	35
chr5	73846476	73848975	1	1	1	16	0	36
chr5	73849088	73852649	1	1	1	71	1	36
chr5	73849088	73857655	1	1	0	1	0	29
chr5	73852693	73857655	1	1	1	58	1	35
chr5	73857780	73858086	1	1	1	43	0	33
chr5	73858220	73864816	1	1	1	14	0	36
chr5	73858220	73867875	1	1	0	2	0	37
chr5	73864873	73865964	1	1	1	87	0	36
chr5	73866014	73867875	1	1	1	45	0	37
chr5	73868021	73868099	1	1	1	40	0	35
chr5	73868228	73870068	1	1	1	23	0	35
chr5	73870210	73872998	1	1	1	20	0	34
chr5	73873247	73882471	1	1	1	34	0	37
chr5	73882595	73883766	1	3	1	14	0	36
chr5	73883885	73885849	1	1	1	42	0	34
chr5	73886105	73887602	1	1	1	41	3	33
chr5	73887680	73892051	1	1	1	11	0	24
chr5	73892231	73893196	1	1	1	91	0	35
chr5	73893289	73894392	1	1	1	25	0	34
chr5	73894576	73897961	1	1	1	2	0	19
chr5	73898094	73901183	1	1	1	38	0	31
chr5	73901285	73904221	1	1	1	7	0	29
chr5	73904261	73904357	1	1	1	31	0	37
chr5	73904406	73909411	1	1	1	9	0	37
chr5	73909898	73911274	1	1	1	9	0	31
chr5	73911576	73923086	1	1	1	2	0	34
chr5	73911576	73940843	1	1	1	57	0	33
chr5	73923165	73940843	1	1	1	1	0	24
chr5	73923165	73967067	1	1	0	3	0	34
chr5	74629993	74634683	2	2	1	47	0	36
chr5	74636499	74637493	2	2	1	12	0	37
chr5	74636499	74637564	2	2	1	1	0	16
chr5	74637702	74640306	2	2	1	2	0	16
chr5	74640559	74689327	1	1	1	0	1	3
chr5	74685560	74689327	1	1	1	34	1	35
chr5	74689474	74693638	1	1	1	54	0	37
chr5	74693705	74696692	1	1	1	164	1	35
chr5	74696740	74696995	1	1	1	152	0	35
chr5	74697107	74702492	1	1	0	3	0	27
chr5	74697107	74705218	1	1	1	248	0	37
chr5	74697107	74713570	1	1	0	5	0	27
chr5	74702537	74705218	1	1	0	1	0	33
chr5	74705321	74713505	1	1	1	183	0	36
chr5	74713636	74715509	1	1	1	198	0	36
chr5	74715691	74716586	1	1	1	317	0	35
chr5	74715691	74718290	1	1	1	2	0	34
chr5	74716674	74718290	1	1	1	600	0	34
chr5	74718364	74718796	1	1	1	411	0	37
chr5	74718972	74720427	1	1	1	234	0	36
chr5	74720519	74720642	1	1	1	217	0	34
chr5	74720743	74721117	1	1	0	1	0	26
chr5	74720748	74721117	1	1	1	273	0	36
chr5	74720748	74721317	1	1	1	1	0	3
chr5	74721437	74722468	1	1	1	0	2	3
chr5	74721784	74722378	2	2	1	44	0	36
chr5	74722562	74725639	2	2	1	3	9	18
chr5	74722562	74725940	2	2	1	0	9	3
chr5	74725756	74725940	2	2	1	46	0	37
chr5	74726127	74730259	2	2	1	71	1	32
chr5	74726127	74733017	2	2	0	2	0	31
chr5	74726127	74733021	2	2	1	4	0	24
chr5	74730399	74733021	2	2	1	101	0	35
chr5	74733099	74736795	2	2	1	11	0	36
chr5	74736986	74738317	2	2	1	54	0	37
chr5	74738418	74738501	2	2	1	32	0	37
chr5	74738418	74739988	2	2	1	3	0	35
chr5	74738643	74739988	2	2	1	46	0	35
chr5	74740138	74741528	2	2	1	68	0	34
chr5	74741610	74745677	2	2	1	30	0	35
chr5	74745858	74746104	2	2	1	11	0	32
chr5	74746166	74747691	2	2	1	23	0	34
chr5	74747781	74750578	2	2	1	69	0	35
chr5	74750668	74751367	2	2	1	35	0	34
chr5	74751494	74758848	2	2	1	103	0	35
chr5	74758947	74759368	2	2	1	112	0	36
chr5	74759427	74760901	2	2	1	29	0	33
chr5	74760987	74763679	2	2	1	31	0	36
chr5	74760987	74766937	2	2	1	1	0	29
chr5	74763763	74766937	2	2	0	1	0	28
chr5	74763767	74765034	2	2	1	1	0	4
chr5	74763767	74766937	2	2	1	48	0	36
chr5	74767364	74768930	1	1	1	95	0	36
chr5	74769119	74769213	1	1	1	677	0	37
chr5	74769365	74770630	1	1	1	315	0	37
chr5	74770811	74772312	1	1	0	9	0	27
chr5	74770811	74773867	1	1	1	154	0	35
chr5	74770811	74776603	1	1	1	6	0	20
chr5	74772422	74773867	1	1	0	2	0	19
chr5	74774061	74776603	1	1	1	210	0	37
chr5	74776805	74784604	1	1	0	1	0	16
chr5	74782009	74782930	2	2	1	17	0	35
chr5	74783135	74796029	2	2	1	15	0	37
chr5	74796187	74800879	2	2	1	13	0	28
chr5	74801031	74801589	2	2	1	25	0	24
chr5	74801630	74804492	2	2	1	5	0	37
chr5	74804606	74805155	2	2	1	3	0	15
chr5	74805285	74813839	2	2	1	1	0	7
chr5	74814020	74834425	2	2	1	14	0	36
chr5	74834598	74838964	2	2	1	2	0	12
chr5	74840174	74841544	2	2	1	11	0	31
chr5	75148629	75154200	2	2	1	2	0	35
chr5	75337301	75342582	1	1	1	3	0	27
chr5	75342771	75343852	1	1	1	15	0	37
chr5	75343965	75344244	1	1	1	112	0	37
chr5	75344333	75345573	1	1	1	87	0	36
chr5	75345659	75347203	1	1	1	118	0	32
chr5	75347310	75350041	1	1	1	43	0	36
chr5	75350149	75350257	1	1	1	21	0	37
chr5	75350375	75350788	1	1	1	76	0	36
chr5	75350950	75351067	1	1	1	114	0	36
chr5	75351316	75351423	1	1	1	235	0	36
chr5	75351603	75354502	1	1	1	56	0	36
chr5	75354698	75355055	1	1	1	71	0	36
chr5	75354698	75355364	1	1	1	6	0	34
chr5	75355215	75355364	1	1	1	47	0	37
chr5	75355523	75356342	1	1	1	30	0	37
chr5	75356449	75358656	1	1	1	49	0	36
chr5	75358828	75359169	1	1	1	81	0	36
chr5	75358828	75359178	1	1	0	1	0	18
chr5	75359311	75359397	1	1	1	141	0	37
chr5	75359512	75359984	1	1	0	5	0	37
chr5	75359557	75359984	1	1	1	105	0	37
chr5	75360140	75360287	1	1	1	91	0	37
chr5	75368659	75379336	2	2	1	3	0	9
chr5	75374192	75379336	2	2	1	17	0	35
chr5	75377925	75381071	2	2	0	2	0	32
chr5	75379474	75381071	2	2	1	15	0	36
chr5	75381202	75381948	2	2	1	20	0	33
chr5	75382024	75384641	2	2	0	1	0	24
chr5	75382078	75384641	2	2	1	6	0	30
chr5	75384713	75385901	2	2	1	6	2	36
chr5	75386035	75389591	2	2	1	31	0	29
chr5	75389688	75399309	2	2	1	10	0	34
chr5	75389688	75400204	2	2	1	6	0	29
chr5	75399388	75400204	2	2	1	10	0	29
chr5	75400298	75402971	2	2	1	19	0	32
chr5	75403059	75411010	2	2	1	15	0	12
chr5	75411104	75416875	2	2	1	54	0	27
chr5	75417034	75419340	2	2	1	26	0	34
chr5	75419425	75425269	2	2	1	0	4	6
chr5	75419425	75425291	2	2	1	2	0	7
chr5	75419425	75425360	2	2	1	8	4	31
chr5	75425500	75426370	2	2	1	17	0	28
chr5	75459182	75505981	2	2	1	4	0	35
chr5	75506117	75511111	2	2	1	5	0	37
chr5	75534965	75547009	1	1	1	8	0	13
chr5	75547158	75552471	1	1	1	34	0	35
chr5	75552592	75569339	1	1	1	38	0	32
chr5	75568791	75569339	1	1	1	1	0	4
chr5	75569493	75573737	1	1	1	8	0	36
chr5	75573870	75576779	1	1	1	31	0	37
chr5	75576934	75580555	1	1	0	4	0	35
chr5	75576934	75581208	1	1	1	18	0	35
chr5	75576934	75583292	1	1	0	3	0	24
chr5	75580598	75581208	1	1	0	1	0	34
chr5	75581181	75583292	1	1	0	1	0	24
chr5	75581449	75583292	1	1	1	17	0	35
chr5	75583418	75584759	1	1	1	43	0	37
chr5	75584927	75587025	1	1	1	38	0	34
chr5	75587059	75590343	1	1	1	25	0	35
chr5	75590441	75593877	1	1	1	7	0	22
chr5	75594050	75596221	1	1	1	41	0	35
chr5	75597179	75597746	1	1	1	23	0	34
chr5	75597790	75597933	1	1	1	91	0	32
chr5	75620414	75625795	1	1	0	2	0	31
chr5	75663490	75666791	1	1	1	2	0	19
chr5	75674579	75677773	2	2	1	45	0	37
chr5	75674579	75685206	2	2	1	1	0	11
chr5	75677951	75685206	2	2	1	14	0	26
chr5	75685485	75689011	2	2	1	7	0	17
chr5	75689166	75690382	2	2	1	9	0	31
chr5	75690563	75692395	2	2	1	30	0	34
chr5	75692501	75694654	2	2	1	32	0	36
chr5	75694832	75702604	2	2	1	29	0	31
chr5	75702811	75705703	2	2	1	30	0	37
chr5	75705788	75707736	2	2	1	3	0	19
chr5	75707876	75712853	2	2	1	10	0	36
chr5	75712952	75717305	2	2	1	6	0	21
chr5	75793565	75840929	1	1	0	0	1	12
chr5	76173871	76175611	2	2	0	0	1	12
chr5	76589729	76590407	1	1	1	2	0	23
chr5	76600973	76606178	1	1	1	1	0	28
chr5	76632027	76637033	1	1	1	2	0	18
chr5	76641104	76652749	1	1	1	1	0	26
chr5	76671984	76673448	1	1	1	1	0	31
chr5	76677351	76683114	1	1	1	4	0	8
chr5	76683918	76693354	1	1	1	4	0	3
chr5	76716396	76716543	1	1	1	1	0	16
chr5	76716396	76732313	1	1	1	15	0	34
chr5	77030977	77034417	1	1	1	11	0	36
chr5	77034521	77035540	1	1	1	19	0	34
chr5	77035744	77036555	1	1	1	40	0	35
chr5	77036721	77039530	1	1	1	20	0	27
chr5	77039720	77046346	1	1	1	48	0	35
chr5	77046678	77048160	1	1	1	97	0	33
chr5	77048273	77048935	1	1	1	22	0	33
chr5	77048988	77052705	1	1	1	6	18	24
chr5	77052808	77053964	1	1	1	107	0	37
chr5	77053061	77053964	1	1	0	1	0	19
chr5	77054131	77055513	1	1	1	132	0	36
chr5	77055597	77059615	1	1	1	83	0	37
chr5	77059744	77060469	1	1	0	2	0	26
chr5	77059744	77061702	1	1	1	112	0	37
chr5	77060521	77061702	1	1	0	2	0	37
chr5	77061803	77063051	1	1	1	37	0	36
chr5	77077896	77078593	2	2	1	21	0	35
chr5	77078729	77087110	2	2	1	2	0	28
chr5	77087620	77098654	1	1	1	2	0	16
chr5	77087620	77118319	1	1	1	2	0	30
chr5	77098748	77100235	1	1	1	2	0	8
chr5	77100392	77104524	1	1	1	1	0	8
chr5	77118522	77151223	1	1	1	2	0	26
chr5	77419888	77421820	1	1	1	2	0	5
chr5	77433288	77436260	2	2	1	19	0	37
chr5	77436395	77437313	2	2	0	3	0	35
chr5	77436395	77437335	2	2	1	112	0	36
chr5	77436395	77440812	2	2	0	1	0	16
chr5	77437425	77438239	2	2	1	22	0	33
chr5	77438362	77440812	2	2	1	30	0	33
chr5	77440998	77449759	2	2	1	30	0	35
chr5	77441899	77449759	2	2	0	1	0	24
chr5	77449871	77451290	2	2	1	64	0	37
chr5	77451354	77453816	2	2	1	5	1	22
chr5	77453929	77459061	2	2	1	56	0	35
chr5	77459125	77463094	2	2	1	36	0	35
chr5	77463227	77464760	2	2	1	64	0	37
chr5	77464810	77489456	2	2	1	44	0	37
chr5	77489573	77492169	2	2	1	32	0	35
chr5	77489573	77492412	2	2	0	1	0	36
chr5	77691499	77693265	2	2	1	501	0	37
chr5	77691499	77708241	2	2	1	1	0	35
chr5	77693353	77705565	2	2	1	1	0	13
chr5	77693353	77708241	2	2	1	250	0	37
chr5	77705635	77708241	2	2	1	2	0	26
chr5	77708348	77711894	2	2	0	3	0	26
chr5	77708348	77715223	2	2	1	5	0	3
chr5	77708348	77776204	2	2	1	161	0	36
chr5	77774218	77776204	2	2	0	1	0	25
chr5	78003056	78003458	2	2	0	4	0	27
chr5	78003056	78015409	2	2	1	55	0	37
chr5	78003495	78015409	2	2	0	3	0	12
chr5	78015549	78020691	2	2	1	18	0	33
chr5	78020790	78034360	2	2	1	53	0	35
chr5	78034446	78039042	2	2	1	29	0	37
chr5	78039275	78089392	2	2	1	118	0	37
chr5	78089500	78100952	2	2	1	149	0	36
chr5	78101026	78110206	2	2	1	38	0	36
chr5	78110355	78113751	2	2	1	113	0	29
chr5	78113924	78116125	2	2	1	92	0	36
chr5	78116235	78128029	2	2	1	51	0	37
chr5	78121874	78128029	2	2	1	1	0	3
chr5	78128161	78129120	2	2	1	110	0	37
chr5	78129308	78141142	2	2	1	61	0	36
chr5	78129308	78156257	2	2	0	3	0	14
chr5	78141320	78156257	2	2	1	28	0	37
chr5	78156368	78162818	2	2	1	17	0	37
chr5	78162952	78165609	2	2	1	93	0	37
chr5	78165673	78175625	2	2	1	2	0	22
chr5	78175698	78175783	2	2	1	19	0	30
chr5	78175839	78177338	2	2	1	104	0	36
chr5	78177437	78181506	2	2	1	52	0	35
chr5	78181663	78216054	2	2	1	71	0	25
chr5	78216238	78225541	2	2	1	58	0	35
chr5	78225609	78227371	2	2	1	42	0	24
chr5	78227533	78228143	2	2	1	91	0	33
chr5	78228240	78240861	2	2	1	21	0	34
chr5	78240937	78267519	2	2	1	54	0	35
chr5	78267596	78294451	2	2	1	26	0	30
chr5	78360729	78370619	1	1	1	2	0	4
chr5	78360729	78388836	1	1	1	15	0	36
chr5	78388915	78415519	1	1	1	71	0	36
chr5	78415619	78416540	1	1	1	67	0	37
chr5	78416650	78418774	1	1	1	43	1	35
chr5	78418904	78421800	1	1	1	22	0	35
chr5	78421961	78449932	1	1	1	7	0	26
chr5	78421961	78459244	1	1	1	1	0	10
chr5	78450035	78459244	1	1	1	36	0	21
chr5	78459363	78475503	1	1	1	37	0	35
chr5	78482601	78487455	2	2	0	1	0	25
chr5	78489154	78494361	2	2	0	1	0	18
chr5	78489154	78509783	2	2	1	6	2	33
chr5	78510399	78564812	2	2	1	9	0	30
chr5	78550907	78564812	2	2	0	1	0	19
chr5	78564872	78632263	2	2	1	8	0	37
chr5	78632369	78633060	2	2	0	2	0	30
chr5	78632369	78647437	2	2	0	2	0	37
chr5	78632369	78648498	2	2	1	4	0	36
chr5	78647575	78647681	2	2	0	2	0	16
chr5	78780663	78781851	2	2	1	45	0	28
chr5	78781975	78839355	2	2	1	10	0	22
chr5	78816115	78839355	2	2	1	1	0	13
chr5	78839427	78885583	2	2	1	29	2	35
chr5	78885828	78955294	2	2	1	57	0	36
chr5	78955503	78964415	2	2	1	17	0	35
chr5	78964607	78969005	2	2	1	22	0	33
chr5	78969193	78984936	2	2	1	5	0	34
chr5	78985559	78985712	2	2	1	1	0	26
chr5	79192649	79235810	2	2	0	2	0	29
chr5	79197591	79199816	1	1	0	0	1	24
chr5	79197597	79211844	1	1	0	0	1	18
chr5	79197597	79213442	1	1	0	0	1	18
chr5	79197597	79227358	1	1	0	0	1	18
chr5	79237683	79277909	1	1	1	6	0	30
chr5	79247975	79253374	2	2	0	0	3	36
chr5	79278084	79290120	1	1	1	13	0	26
chr5	79290272	79291129	1	1	1	10	0	29
chr5	79291300	79300152	1	1	1	4	0	14
chr5	79300319	79300675	1	1	1	7	0	30
chr5	79300864	79306374	1	1	1	12	0	37
chr5	79306462	79312402	1	1	1	9	0	31
chr5	79312499	79314256	1	1	1	7	0	33
chr5	79312499	79314379	1	1	0	3	0	31
chr5	79314852	79315999	1	1	1	1	0	4
chr5	79316311	79321605	1	1	1	6	0	32
chr5	79376198	79396822	2	2	1	41	0	34
chr5	79396904	79397526	2	2	1	25	0	37
chr5	79397638	79401898	2	2	1	29	0	26
chr5	79402056	79439009	2	2	1	10	0	37
chr5	79439150	79447052	2	2	1	37	0	35
chr5	79447146	79450989	2	2	1	5	0	34
chr5	79451122	79456861	2	2	1	17	0	36
chr5	79457019	79512769	2	2	1	15	0	37
chr5	79612736	79613010	1	1	1	8	0	27
chr5	79612770	79613010	1	1	1	2	0	22
chr5	79613076	79619611	1	1	1	5	0	31
chr5	79617600	79619611	1	1	1	1	0	9
chr5	79619786	79619993	1	1	1	53	0	28
chr5	79620084	79623251	1	1	1	87	0	32
chr5	79620084	79623254	1	1	0	2	0	25
chr5	79623490	79640850	1	1	1	52	0	37
chr5	79623490	79642843	1	1	0	3	0	24
chr5	79640966	79641104	1	1	1	16	0	35
chr5	79640996	79641104	1	1	0	3	0	25
chr5	79641197	79642831	1	1	1	18	0	37
chr5	79641197	79642843	1	1	1	10	0	37
chr5	79641518	79642843	1	1	0	2	0	14
chr5	79642911	79645122	1	1	1	46	0	37
chr5	79642986	79645122	1	1	0	3	0	34
chr5	79645193	79648616	1	1	1	21	0	29
chr5	79648694	79649061	1	1	1	65	0	37
chr5	79648694	79656957	1	1	1	9	0	22
chr5	79649191	79656957	1	1	1	87	0	37
chr5	79649191	79668891	1	1	1	6	0	28
chr5	79657002	79668891	1	1	1	64	0	35
chr5	79669029	79679578	1	1	1	20	0	37
chr5	79679671	79681981	1	1	1	61	0	36
chr5	79682062	79685198	1	1	1	85	0	33
chr5	79743923	79745221	1	1	1	1	0	29
chr5	79981048	79987314	2	2	0	0	1	24
chr5	79983795	79985570	2	2	1	19	0	26
chr5	79983795	79986949	2	2	1	19	0	28
chr5	79985660	79986949	2	2	1	4	0	33
chr5	79987108	79988238	2	2	1	31	0	37
chr5	79988316	79988461	2	2	1	41	0	36
chr5	79988645	79989151	2	2	1	7	0	36
chr5	79989245	79990159	2	2	1	90	0	37
chr5	79990237	79990593	2	2	1	22	0	33
chr5	79990664	79990823	2	2	0	2	0	33
chr5	79990664	79991157	2	2	1	1	0	3
chr5	80143811	80146089	2	2	1	7	0	22
chr5	80146235	80147244	2	2	1	14	0	36
chr5	80147285	80150881	2	2	1	6	0	33
chr5	80150949	80158835	2	2	1	2	0	35
chr5	80158963	80166382	2	2	1	6	0	17
chr5	80166479	80169334	2	2	1	3	0	31
chr5	80169547	80174953	2	2	1	8	0	15
chr5	80175048	80177314	2	2	1	5	0	25
chr5	80177398	80177885	2	2	1	9	0	29
chr5	80178065	80202885	2	2	1	4	0	33
chr5	80408154	80411645	1	1	1	1	0	27
chr5	80408154	80427491	1	1	1	6	0	27
chr5	80408154	80434108	1	1	1	1	0	21
chr5	80411774	80427491	1	1	0	1	0	25
chr5	80427546	80434108	1	1	1	1	0	35
chr5	80434218	80436755	1	1	1	9	0	29
chr5	80439008	80439935	1	1	1	20	0	37
chr5	80440033	80443122	1	1	1	19	0	31
chr5	80440275	80443122	1	1	0	1	0	37
chr5	80443285	80445262	1	1	1	40	0	36
chr5	80443921	80445262	1	1	1	1	0	27
chr5	80445406	80448025	1	1	1	75	0	30
chr5	80448405	80449590	1	1	1	1	0	7
chr5	80449714	80450430	1	1	1	30	0	36
chr5	80450587	80451484	1	1	1	32	0	31
chr5	80451710	80455691	1	1	1	27	1	27
chr5	80455775	80456460	1	1	1	16	0	37
chr5	80456566	80456944	1	1	1	21	0	33
chr5	80457093	80459413	1	1	1	31	0	34
chr5	80459495	80472760	1	1	1	13	0	29
chr5	80472924	80473753	1	1	1	15	0	33
chr5	80473860	80474662	1	1	1	28	0	21
chr5	80474831	80477218	1	1	1	16	0	27
chr5	80488149	80501791	1	1	1	2	0	22
chr5	80522139	80541672	1	1	1	3	0	7
chr5	80628939	80629038	2	2	1	1	0	13
chr5	80628939	80629079	2	2	0	1	0	16
chr5	80629166	80633876	2	2	1	245	0	37
chr5	80633993	80637882	2	2	1	207	0	36
chr5	80638010	80649388	2	2	1	281	0	34
chr5	80638010	80654007	2	2	0	1	0	33
chr5	80649495	80654007	2	2	1	86	0	37
chr5	80649495	80654403	2	2	1	7	0	24
chr5	80654058	80654403	2	2	1	93	0	36
chr5	80654965	80656410	1	1	1	5	0	29
chr5	80655263	80656410	1	1	1	1	0	6
chr5	80655580	80656410	1	1	1	2	0	6
chr5	80656532	80665142	1	1	1	8	0	36
chr5	80665364	80670096	1	1	1	11	0	33
chr5	80670310	80672243	1	1	1	26	0	37
chr5	80672361	80672740	1	1	1	17	0	36
chr5	80672859	80674982	0	0	1	13	0	20
chr5	80675129	80678926	1	1	1	4	0	32
chr5	80679094	80725452	1	1	1	5	0	15
chr5	80722628	80725452	1	1	0	3	0	28
chr5	80725566	80728850	1	1	1	17	0	33
chr5	80728966	80741463	1	1	1	29	0	36
chr5	80741549	80744505	1	1	1	8	0	28
chr5	80744616	80761545	1	1	1	6	0	27
chr5	80761679	80767932	1	1	1	12	0	37
chr5	80762929	80777013	2	2	0	0	1	36
chr5	80768121	80768834	1	1	1	16	0	29
chr5	80769004	80775693	1	1	1	11	0	37
chr5	80769004	80813583	1	1	0	1	0	29
chr5	80775759	80778719	1	1	1	15	0	13
chr5	80778837	80787564	1	1	1	11	0	35
chr5	80787673	80792732	1	1	1	34	0	35
chr5	80792845	80813583	1	1	1	61	0	36
chr5	80813742	80854129	1	1	1	34	1	34
chr5	80854317	80864812	1	1	1	31	0	37
chr5	80864943	80873115	1	1	1	11	0	36
chr5	80873288	80875750	1	1	1	35	0	33
chr5	80889979	80903377	1	1	0	3	0	32
chr5	81211698	81212365	1	1	0	1	0	12
chr5	81213817	81228948	2	2	0	1	0	19
chr5	81213817	81301286	2	2	0	3	0	36
chr5	81219793	81228948	2	2	0	1	0	25
chr5	81236123	81246889	2	2	0	4	0	37
chr5	81239361	81301286	2	2	1	1	0	34
chr5	81245410	81246889	2	2	1	1	0	9
chr5	81246973	81301286	2	2	1	2	0	30
chr5	81301699	81304740	1	1	1	1	0	7
chr5	81305142	81308560	1	1	1	19	0	34
chr5	81308712	81308945	1	1	1	79	0	36
chr5	81309039	81311210	1	1	1	21	0	34
chr5	81311280	81312543	1	1	1	77	0	37
chr5	81420534	81428584	2	2	1	3	0	36
chr5	81428684	81437429	2	2	1	8	0	10
chr5	81437459	81440557	2	2	1	2	0	29
chr5	81442724	81446867	2	2	1	2	0	11
chr5	81446923	81448789	2	2	1	6	0	32
chr5	81448826	81461054	2	2	1	2	0	12
chr5	81461104	81466973	2	2	1	1	0	14
chr5	81467042	81473699	2	2	1	2	0	36
chr5	81473771	81474495	2	2	1	1	0	25
chr5	81474563	81489249	2	2	1	3	0	24
chr5	81489310	81513627	2	2	1	3	0	11
chr5	81513718	81615472	2	2	1	6	0	34
chr5	81615558	81636556	2	2	1	2	0	22
chr5	81636619	81650266	2	2	1	10	0	30
chr5	81650340	81750980	2	2	1	2	0	7
chr5	81976328	81987558	1	1	1	1	0	12
chr5	81987679	82011214	1	1	0	1	0	19
chr5	81987679	82058494	1	1	1	4	0	29
chr5	82058603	82164398	1	1	1	2	0	18
chr5	82164538	82178489	1	1	1	1	0	26
chr5	82178588	82252561	1	1	1	18	0	36
chr5	82178588	82276144	1	1	1	3	0	27
chr5	82252660	82253313	1	1	1	10	0	37
chr5	82253430	82254067	1	1	1	8	0	20
chr5	82258513	82273332	1	1	0	1	0	24
chr5	82274517	82274623	2	4	0	7	0	36
chr5	82275296	82276177	2	2	1	1	0	13
chr5	82276135	82276450	2	4	1	33	4	7
chr5	82276256	82276397	2	2	1	1140	0	36
chr5	82276517	82277692	2	2	0	1	0	30
chr5	82276519	82277692	2	2	1	9556	4	37
chr5	82276519	82277694	2	2	0	0	2	28
chr5	82277853	82277930	2	2	1	9	0	30
chr5	82277853	82278319	2	2	1	23	0	37
chr5	82303528	82303773	1	1	1	3	0	35
chr5	82303833	82304027	1	1	0	2	0	35
chr5	82936882	82948585	1	1	0	0	1	25
chr5	83023446	83061876	2	2	0	1	0	28
chr5	83039092	83047454	2	2	0	2	0	15
chr5	83057155	83061876	2	2	1	162	0	36
chr5	83061912	83065007	2	2	1	97	0	37
chr5	83061912	83077320	2	2	1	1	0	28
chr5	83065118	83077320	2	2	1	11	0	31
chr5	83105059	83111027	1	1	1	33	0	35
chr5	83111204	83195769	1	1	1	20	0	36
chr5	83195937	83203551	1	1	1	22	0	29
chr5	83203708	83204814	1	1	1	36	0	36
chr5	83204922	83258529	1	1	1	26	16	35
chr5	83258678	83310788	1	1	1	2	0	23
chr5	83258678	83353124	1	1	1	7	0	34
chr5	83472024	83482296	1	1	0	1	0	26
chr5	83472024	83483512	1	1	1	16	0	28
chr5	83483589	83490097	1	1	1	21	0	25
chr5	83490473	83493545	1	1	1	38	0	36
chr5	83493721	83493803	1	1	1	28	0	34
chr5	83493932	83512102	1	1	1	26	0	35
chr5	83512397	83519348	1	1	1	8	0	29
chr5	83512397	83537006	1	1	1	14	0	22
chr5	83512397	83545536	1	1	1	1	0	23
chr5	83542269	83545536	1	1	1	41	0	37
chr5	83545651	83547970	1	1	1	38	0	37
chr5	83548085	83553363	1	1	1	63	0	36
chr5	83553512	83554955	1	1	0	1	0	35
chr5	83553523	83554955	1	1	1	15	0	35
chr5	83555039	83572415	1	1	1	71	0	29
chr5	83572561	83579979	1	1	1	67	0	35
chr5	83580163	83580306	1	1	1	66	0	35
chr5	83943569	83963204	2	2	1	9	0	20
chr5	83963361	84060299	2	2	1	3	0	28
chr5	84060485	84064699	2	2	1	5	0	33
chr5	84064845	84066450	2	2	1	7	0	27
chr5	84066607	84106648	2	2	1	1	0	32
chr5	84106831	84137240	2	2	1	8	0	37
chr5	84137355	84180392	2	2	1	3	0	37
chr5	84180522	84254083	2	2	1	3	0	21
chr5	84229885	84254083	2	2	1	2	0	19
chr5	84254213	84384307	2	2	1	1	0	16
chr5	84384600	84387821	1	1	1	3	0	20
chr5	85060642	85087145	2	2	0	1	0	24
chr5	86285869	86286896	1	1	1	4	0	21
chr5	86287848	86290826	1	1	1	4	0	33
chr5	86618054	86619352	1	1	1	21	0	37
chr5	86618131	86619352	1	1	1	591	0	37
chr5	86619443	86620667	1	1	1	2	0	28
chr5	86619497	86620667	1	1	1	1373	0	37
chr5	86619500	86620667	1	1	0	3	0	28
chr5	87056216	87110886	2	2	0	5	0	17
chr5	87268991	87331347	1	1	1	12	0	32
chr5	87331501	87332506	1	1	1	14	0	36
chr5	87332643	87333266	1	3	1	98	0	37
chr5	87333338	87337973	1	1	1	45	0	34
chr5	87338092	87341289	1	1	1	31	0	32
chr5	87341322	87346671	1	1	1	17	0	32
chr5	87344647	87346671	1	1	0	6	0	24
chr5	87346725	87349213	1	1	1	42	0	36
chr5	87349365	87353156	1	1	1	73	0	32
chr5	87353236	87362550	1	1	1	51	1	35
chr5	87362672	87363347	1	1	1	40	0	36
chr5	87363505	87369812	1	1	1	12	0	36
chr5	87369901	87372117	1	1	1	55	0	37
chr5	87372196	87374162	1	1	1	100	0	37
chr5	87374321	87374839	1	1	1	17	0	22
chr5	87374321	87376392	1	1	0	1	0	29
chr5	87374917	87376392	1	1	1	81	0	37
chr5	87376566	87376880	1	1	1	44	0	23
chr5	87377041	87378395	1	1	1	63	0	37
chr5	87378539	87379734	1	1	1	41	0	37
chr5	87379851	87380508	1	1	1	107	0	35
chr5	87379851	87383712	1	1	0	1	0	30
chr5	87380596	87383712	1	1	1	71	0	35
chr5	87383781	87385300	1	1	1	39	0	37
chr5	87385390	87386825	1	1	1	30	0	37
chr5	87386904	87387228	1	1	0	6	0	30
chr5	87386904	87389392	1	1	1	90	0	37
chr5	87389528	87390799	1	1	1	51	0	37
chr5	87392905	87395043	2	2	1	7	0	21
chr5	87394481	87395039	2	2	0	2	0	31
chr5	87394485	87395043	2	2	1	115	0	36
chr5	87395105	87399393	2	2	1	130	0	33
chr5	87399506	87401701	2	2	1	171	0	35
chr5	87401773	87404843	2	2	1	56	0	36
chr5	87401773	87407975	2	2	1	1	0	28
chr5	87405008	87407975	2	2	1	120	0	37
chr5	87408187	87409289	2	2	1	40	0	36
chr5	87409364	87411223	2	2	1	52	0	36
chr5	87411347	87412434	2	2	1	1	0	14
chr5	87411347	87412677	2	2	1	63	3	36
chr5	88190262	88196375	2	2	1	7	0	25
chr5	88196489	88197668	2	2	1	42	0	35
chr5	88196489	88198975	2	2	1	8	0	33
chr5	88197766	88198975	2	2	1	6	0	20
chr5	88199070	88202961	2	2	1	2	0	16
chr5	88199151	88202961	2	2	1	26	0	37
chr5	88203076	88205813	2	2	1	59	0	25
chr5	88203076	88206438	2	2	0	8	0	22
chr5	88205955	88206438	2	2	1	58	0	35
chr5	88206500	88207028	2	2	1	13	0	28
chr5	88207143	88220562	2	2	1	4	0	34
chr5	88207181	88220562	2	2	1	30	0	36
chr5	88220720	88221300	2	2	1	2	0	32
chr5	88220720	88225768	2	2	1	19	0	32
chr5	88220720	88228444	2	2	1	2	0	23
chr5	88225867	88228444	2	2	1	21	0	29
chr5	88228529	88240812	2	2	1	49	0	27
chr5	88228529	88268720	2	2	1	1	0	24
chr5	88240917	88253509	2	2	0	3	0	13
chr5	88240917	88268720	2	2	1	7	0	25
chr5	88269120	88269467	1	1	1	3	0	31
chr5	88282107	88282602	1	1	1	2	0	31
chr5	88282107	88282714	1	1	1	11	0	19
chr5	88282867	88283009	1	1	1	7	0	20
chr5	88282867	88285743	1	1	1	2	0	10
chr5	88282867	88287435	1	1	1	1	0	25
chr5	88283087	88285743	1	1	1	1	0	27
chr5	88285852	88287435	1	1	1	9	2	33
chr5	88285852	88287438	1	1	1	0	2	6
chr5	88667592	88671035	2	2	1	1	0	6
chr5	88671086	88672964	2	2	1	1	0	19
chr5	88722830	88728492	2	2	1	3	0	9
chr5	88731902	88749069	2	2	1	2	0	21
chr5	88749118	88751856	2	2	1	2	0	6
chr5	88752044	88761184	2	2	1	1	0	24
chr5	88804802	88823734	2	2	1	1	0	21
chr5	89095030	89150532	1	1	1	2	0	25
chr5	90394108	90396492	2	2	1	2	0	23
chr5	90394108	90399357	2	2	1	78	0	36
chr5	90399550	90405684	2	2	1	81	0	36
chr5	90405800	90407698	2	2	1	65	0	35
chr5	90407835	90409644	2	2	1	20	0	30
chr5	90451805	90454580	1	1	0	0	1	25
chr5	90461553	90473838	2	2	1	4	0	16
chr5	90475021	90485524	1	1	1	29	0	33
chr5	90475021	90485534	1	1	1	6	0	35
chr5	90478456	90485534	1	1	0	1	0	16
chr5	90485685	90487999	1	1	1	122	0	37
chr5	90488130	90490592	1	1	1	26	0	32
chr5	90488130	90495676	1	1	1	35	0	34
chr5	90493736	90531204	2	2	0	0	1	16
chr5	90495734	90497655	1	1	1	42	0	34
chr5	90497707	90501905	1	1	1	41	0	36
chr5	90497707	90501908	1	1	0	10	0	36
chr5	90497736	90501905	1	1	1	1	0	36
chr5	90501989	90506527	1	1	1	73	0	36
chr5	90506675	90512052	1	1	1	48	0	36
chr5	90519426	90525034	2	2	1	4	0	35
chr5	90519485	90525034	2	2	1	9	0	37
chr5	90525301	90529014	2	2	0	1	0	19
chr5	90525301	90529447	2	2	1	15	0	32
chr5	90615020	90617803	1	1	1	1	0	15
chr5	90622702	90625129	1	1	1	2	0	9
chr5	90642763	90642855	1	1	1	3	0	36
chr5	90646092	90647497	1	1	1	3	0	25
chr5	90652564	90653208	1	1	1	2	0	31
chr5	90653953	90657904	1	1	1	2	0	4
chr5	90658279	90672545	1	1	1	3	0	12
chr5	90675446	90676079	1	1	1	1	0	30
chr5	90684196	90685779	1	1	1	2	0	19
chr5	90708910	90710980	1	1	1	2	0	27
chr5	90716730	90720047	1	1	1	1	0	34
chr5	90745796	90750550	1	1	1	2	0	5
chr5	90776577	90777904	1	1	1	1	0	32
chr5	90781579	90783123	1	1	1	4	0	23
chr5	90811339	90815618	1	1	1	2	0	6
chr5	90840986	90848636	1	1	1	3	0	37
chr5	90848822	90853283	1	1	1	1	0	12
chr5	90853534	90854061	1	1	1	2	0	18
chr5	90965532	90985343	1	1	1	3	0	35
chr5	91303162	91303872	2	2	1	2	0	19
chr5	91311033	91312294	2	2	1	1	0	35
chr5	91371457	91373683	2	2	1	23	0	35
chr5	91373839	91374113	2	2	1	32	0	35
chr5	91373877	91374113	2	2	0	1	0	32
chr5	91374277	91374921	2	2	1	12	0	28
chr5	91375179	91375510	2	2	1	2	0	8
chr5	91375614	91376620	2	2	1	4	0	21
chr5	91375614	91378693	2	2	1	8	0	27
chr5	91376769	91378693	2	2	1	15	0	34
chr5	91378776	91382812	2	2	1	12	0	30
chr5	92148183	92185241	1	1	0	0	1	15
chr5	92175981	92185243	2	2	0	0	1	17
chr5	93090438	93149825	2	2	0	4	0	29
chr5	93102238	93106357	2	2	0	1	0	18
chr5	93102245	93110930	2	2	0	0	1	21
chr5	93411510	93415946	2	2	0	1	0	16
chr5	93411510	93423154	2	2	1	3	0	23
chr5	93411510	93438702	2	2	1	2	0	16
chr5	93411510	93553760	2	2	1	1	0	16
chr5	93438742	93553760	2	2	1	2	0	19
chr5	93544916	93553760	2	2	1	2	0	12
chr5	93553864	93554873	2	2	1	6	0	30
chr5	93563461	93569889	2	2	1	0	2	5
chr5	93563464	93583777	2	2	0	1	0	26
chr5	93585487	93587916	1	1	1	7	0	35
chr5	93620347	93642905	1	1	0	0	1	14
chr5	93621130	93633696	2	2	0	2	0	14
chr5	93621130	93776158	2	2	1	27	0	34
chr5	93682876	93682949	2	2	0	1	0	12
chr5	93683247	93707247	1	1	0	0	1	13
chr5	93776244	93784382	2	2	1	9	0	37
chr5	93784500	93824147	2	2	1	29	0	30
chr5	93824268	93881469	2	2	1	15	0	36
chr5	93881689	93958776	2	2	1	16	0	29
chr5	93881689	93964457	2	2	1	1	0	8
chr5	93958969	93964457	2	2	1	6	0	36
chr5	93964524	94050730	2	2	1	9	0	11
chr5	94050832	94053125	2	2	1	68	0	33
chr5	94053228	94074645	2	2	1	16	0	30
chr5	94053228	94111510	2	2	1	3	0	25
chr5	94057204	94074645	2	2	0	1	0	36
chr5	94154125	94384367	2	2	1	1	0	13
chr5	94417381	94439981	2	2	1	1	0	24
chr5	94484931	94520247	2	2	1	1	0	18
chr5	94524099	94536995	2	2	1	8	0	20
chr5	94563213	94580867	2	2	0	0	1	26
chr5	94628925	94629091	1	1	1	9	0	37
chr5	94629168	94630502	1	1	1	29	0	23
chr5	94630744	94643272	1	1	1	6	0	30
chr5	94643436	94649453	1	1	1	33	0	33
chr5	94649598	94651701	1	1	1	10	0	30
chr5	94651846	94653271	1	1	1	21	0	36
chr5	94653422	94654629	1	1	1	15	0	37
chr5	94654753	94662297	1	1	1	19	0	34
chr5	94662352	94663749	1	1	1	15	0	29
chr5	94663909	94665860	1	1	1	21	0	30
chr5	94663909	94665906	1	1	1	6	0	31
chr5	94666025	94670150	1	1	1	13	0	20
chr5	94670280	94670842	1	1	1	10	0	36
chr5	94671009	94678807	1	1	1	9	0	31
chr5	94678956	94686572	1	1	1	15	0	36
chr5	94686719	94688505	1	1	1	17	0	36
chr5	94688670	94689472	1	1	1	14	0	26
chr5	94689607	94691563	1	1	1	38	0	36
chr5	94691657	94692073	1	1	1	9	0	16
chr5	94692257	94694830	1	1	1	18	0	32
chr5	94705204	94708511	2	2	1	1	0	18
chr5	94707568	94708511	2	2	1	68	0	37
chr5	94708610	94710817	2	2	1	28	0	37
chr5	94710928	94714776	2	2	1	29	0	35
chr5	94714887	94779109	2	2	1	46	0	36
chr5	94745498	94779109	2	2	0	3	0	23
chr5	94779164	94799012	2	2	1	44	1	31
chr5	94779164	94868332	2	2	1	45	0	36
chr5	94799133	94868332	2	2	1	22	0	36
chr5	94868453	94870416	2	2	1	27	0	36
chr5	94870492	94870871	2	2	1	58	0	37
chr5	94870492	94871314	2	2	0	12	0	29
chr5	94870974	94871314	2	2	1	82	0	33
chr5	94871418	94873138	2	2	1	41	0	33
chr5	94873242	94888878	2	2	1	23	0	36
chr5	94888973	94894648	2	2	1	31	0	36
chr5	94894836	94909250	2	2	1	27	0	37
chr5	94909382	94912805	2	2	1	36	0	32
chr5	94912977	94917895	2	2	1	12	0	33
chr5	94912977	94923961	2	2	1	10	0	30
chr5	94912977	94931952	2	2	1	14	3	30
chr5	94912977	94940083	2	2	1	39	0	30
chr5	94924022	94931952	2	2	1	2	0	26
chr5	94931992	94940083	2	2	1	16	0	16
chr5	94940196	94942347	2	2	1	38	0	37
chr5	94942428	94953218	2	2	1	32	0	37
chr5	94953362	95017366	2	2	1	37	3	34
chr5	94989272	95017366	2	2	0	2	0	32
chr5	95017485	95038068	2	2	1	5	0	32
chr5	95017485	95081425	2	2	1	29	0	34
chr5	95464682	95467865	2	2	1	59	0	37
chr5	95467990	95469779	2	2	1	84	0	37
chr5	95469911	95478289	2	2	1	57	0	35
chr5	95469911	95478298	2	2	0	1	0	25
chr5	95478443	95482472	2	2	1	56	0	35
chr5	95482632	95484723	2	2	1	135	0	35
chr5	95484846	95490907	2	2	1	68	0	37
chr5	95491037	95494681	2	2	1	55	0	37
chr5	95494794	95494963	2	2	1	68	0	37
chr5	95495018	95497415	2	2	1	105	0	37
chr5	95497218	95497415	2	2	0	2	0	12
chr5	95497489	95498369	2	2	1	39	0	26
chr5	95498592	95502879	2	2	1	97	0	35
chr5	95503004	95503813	2	2	1	105	0	36
chr5	95503939	95506933	2	2	1	41	0	35
chr5	95507012	95508107	2	2	0	2	0	17
chr5	95507012	95509593	2	2	1	110	0	36
chr5	95508169	95509593	2	2	0	2	0	15
chr5	95509688	95512476	2	2	1	38	0	26
chr5	95512619	95513570	2	2	1	99	0	35
chr5	95513646	95514854	2	2	1	218	0	37
chr5	95514924	95516352	2	2	1	33	0	37
chr5	95516410	95516524	2	2	1	68	0	36
chr5	95516587	95516671	2	2	1	69	0	37
chr5	95516587	95516915	2	2	0	1	0	14
chr5	95516751	95516915	2	2	1	55	0	37
chr5	95517061	95517145	2	2	1	37	0	23
chr5	95517323	95520715	2	2	1	57	0	34
chr5	95520819	95522053	2	2	1	73	0	37
chr5	95522308	95523201	2	2	1	102	0	34
chr5	95523327	95523654	2	2	1	49	0	36
chr5	95523327	95536816	2	2	1	0	2	5
chr5	95523835	95524464	2	2	1	258	0	37
chr5	95524592	95525397	2	2	1	64	0	37
chr5	95525502	95525586	2	2	1	98	0	37
chr5	95525674	95528012	2	2	1	93	0	31
chr5	95525674	95529000	2	2	0	1	0	23
chr5	95528153	95529000	2	2	1	53	0	37
chr5	95529103	95530088	2	2	1	43	0	32
chr5	95530230	95536816	2	2	1	325	2	37
chr5	95536926	95537042	2	2	1	37	0	32
chr5	95537142	95540689	2	2	1	25	0	23
chr5	95540831	95541304	2	2	1	132	0	37
chr5	95541381	95541814	2	2	1	40	0	23
chr5	95541907	95543183	2	2	1	26	0	34
chr5	95543328	95546101	2	2	0	2	0	37
chr5	95543328	95547060	2	2	1	86	0	37
chr5	95543328	95547065	2	2	0	2	0	12
chr5	95547152	95548559	2	2	1	101	0	36
chr5	95548716	95550580	2	2	1	26	0	30
chr5	95555405	95556207	1	1	1	1	0	7
chr5	95555405	95565997	1	1	1	8	0	33
chr5	95566128	95567889	1	1	1	10	0	31
chr5	95566128	95591400	1	1	0	3	0	30
chr5	95568050	95582915	1	1	1	17	0	21
chr5	95583199	95586561	1	1	1	13	0	25
chr5	95583199	95591400	1	1	0	2	0	13
chr5	95586734	95591400	1	1	1	9	0	23
chr5	95591626	95600846	1	1	1	13	0	36
chr5	95601072	95603236	1	1	1	5	0	8
chr5	95623036	95623365	2	2	0	1	0	26
chr5	95652332	95654060	1	1	1	3	0	14
chr5	95653215	95654060	1	1	1	2	0	12
chr5	95654237	95654332	1	1	1	6	0	31
chr5	95654368	95656045	1	1	1	1	0	10
chr5	95664049	95675411	2	2	1	1	0	7
chr5	95682617	95687155	2	2	0	1	0	21
chr5	95687336	95698587	2	2	0	2	0	26
chr5	95717082	95719643	2	2	1	1	0	30
chr5	95731685	95731858	1	1	1	14	0	34
chr5	95732085	95736888	1	1	1	59	0	36
chr5	95732085	95748332	1	1	1	1	0	17
chr5	95737076	95748332	1	1	1	93	0	34
chr5	95737076	95748335	1	1	0	2	0	17
chr5	95744890	95748332	1	1	0	3	0	20
chr5	95748488	95752238	1	1	1	72	0	35
chr5	95752351	95755395	1	1	1	38	0	32
chr5	95752351	95763507	1	1	0	7	0	19
chr5	95755762	95763507	1	1	1	75	0	37
chr5	95763621	95768045	1	1	1	77	0	37
chr5	95768167	95780251	1	1	1	33	0	28
chr5	95780426	95783796	1	1	1	44	0	37
chr5	95783964	95788761	1	1	1	37	0	36
chr5	95788859	95793058	1	1	1	30	3	37
chr5	95814390	95816506	2	2	1	7	0	37
chr5	95816627	95822455	2	2	1	5	0	29
chr5	95888983	95889085	2	2	0	1	0	35
chr5	95888988	95889085	2	2	1	139	0	35
chr5	95889131	95890190	2	2	0	1	0	27
chr5	95889131	95891102	2	2	1	77	0	32
chr5	95891275	95895627	2	2	1	105	0	36
chr5	95895692	95898239	2	2	1	65	0	36
chr5	95898811	95900692	2	2	1	39	0	36
chr5	95900781	95900955	2	2	1	54	0	37
chr5	95901081	95906522	2	2	1	93	0	35
chr5	95901081	95943001	2	2	1	4	0	19
chr5	95906783	95913770	2	2	1	34	3	33
chr5	95906783	95943001	2	2	1	1	0	34
chr5	95913935	95919423	2	2	1	73	0	36
chr5	95913935	95943001	2	2	0	6	0	27
chr5	95919546	95932631	2	2	1	1	0	18
chr5	95919546	95932663	2	2	0	8	0	29
chr5	95919546	95943001	2	2	1	51	0	30
chr5	95931824	96007897	2	2	0	0	2	14
chr5	95932714	95943001	2	2	1	1	0	33
chr5	95943050	95961574	2	2	1	55	0	37
chr5	96662498	96675538	1	1	1	1	0	8
chr5	96663167	96675538	1	1	1	4	0	37
chr5	96675602	96695835	1	1	1	11	0	19
chr5	96695908	96714640	1	1	1	2	0	26
chr5	96695908	96722638	1	1	1	78	0	36
chr5	96702916	96722638	1	1	1	26	0	36
chr5	96722699	96726793	1	1	1	6	0	15
chr5	96722699	96727488	1	1	1	107	0	34
chr5	96722699	96729152	1	1	0	1	0	31
chr5	96727531	96729152	1	1	1	110	1	34
chr5	96727531	96729611	1	1	1	37	0	35
chr5	96729210	96729611	1	1	1	122	1	35
chr5	96729726	96730779	1	1	1	208	0	37
chr5	96729726	96736171	1	1	1	19	4	30
chr5	96729726	96737848	1	1	1	0	26	3
chr5	96730861	96736171	1	1	1	180	4	35
chr5	96736241	96737848	1	1	1	163	29	37
chr5	96737948	96740037	1	1	1	59	0	35
chr5	96740119	96740744	1	1	1	131	1	32
chr5	96740119	96741265	1	1	1	91	1	33
chr5	96740119	96741493	1	1	0	2	0	32
chr5	96740784	96741265	1	1	1	92	2	33
chr5	96740784	96741493	1	1	0	1	0	30
chr5	96741359	96741493	1	1	1	90	0	37
chr5	96741581	96742654	1	1	1	110	1	36
chr5	96742757	96746341	1	1	1	97	0	37
chr5	96746426	96747344	1	1	1	159	0	37
chr5	96747393	96748517	1	1	1	164	0	37
chr5	96748614	96750586	1	1	1	161	0	33
chr5	96750683	96754059	1	1	1	78	1	37
chr5	96754162	96754657	1	1	1	179	0	35
chr5	96754742	96757443	1	1	1	109	0	37
chr5	96754742	96762273	1	1	1	2	0	8
chr5	96757495	96757582	1	1	1	35	0	36
chr5	96757655	96762273	1	1	1	175	0	36
chr5	96762373	96765220	1	1	1	158	0	37
chr5	96762373	96765223	1	1	1	31	0	33
chr5	96763229	96776403	2	2	1	2	0	17
chr5	96765326	96766052	1	1	1	171	0	37
chr5	96766146	96767437	1	1	1	398	0	36
chr5	96767483	96767906	1	1	1	254	0	35
chr5	96768000	96770530	1	1	1	177	0	37
chr5	96768000	96771643	1	1	1	4	4	9
chr5	96770603	96771643	1	1	1	156	4	37
chr5	96771703	96772639	1	1	1	164	4	36
chr5	96772888	96773267	1	1	1	1	0	10
chr5	96772994	96843483	1	1	0	0	2	13
chr5	96776552	96780422	2	2	1	5	0	35
chr5	96780505	96781057	2	2	1	31	0	29
chr5	96781199	96781692	2	2	1	26	0	32
chr5	96781855	96783050	2	2	1	5	0	37
chr5	96783236	96783923	2	2	1	53	0	36
chr5	96784081	96785787	2	2	1	8	4	28
chr5	96785972	96786469	2	2	1	15	0	36
chr5	96786550	96788530	2	2	1	8	0	31
chr5	96788686	96790295	2	2	1	21	0	33
chr5	96790368	96790511	2	2	1	12	0	29
chr5	96790644	96792060	2	2	1	11	0	30
chr5	96792193	96793399	2	2	1	15	0	35
chr5	96793514	96793802	2	2	1	21	0	33
chr5	96793958	96795041	2	2	1	34	0	31
chr5	96795163	96797174	2	2	1	8	0	34
chr5	96797310	96800861	2	2	1	13	0	32
chr5	96801001	96803402	2	2	1	10	0	31
chr5	96880261	96883791	1	1	1	20	0	36
chr5	96883931	96886654	1	1	1	7	0	26
chr5	96886790	96889184	1	1	1	58	0	37
chr5	96889306	96892298	1	1	1	54	0	37
chr5	96892454	96895245	1	1	1	16	0	28
chr5	96895360	96896372	1	1	1	4	0	16
chr5	96896505	96896731	1	1	1	5	0	22
chr5	96896864	96900120	1	1	1	23	0	33
chr5	96900190	96901505	1	1	1	12	0	31
chr5	96901682	96902273	1	1	1	16	0	32
chr5	96902354	96903376	1	1	1	7	0	16
chr5	96903561	96908960	1	1	1	46	0	34
chr5	96904609	96908960	1	1	0	3	0	29
chr5	96909118	96909579	1	1	1	17	0	34
chr5	96909765	96912636	1	1	1	14	0	36
chr5	96912799	96913316	1	1	1	30	0	36
chr5	96913458	96915687	1	1	1	35	0	37
chr5	96915770	96917461	1	1	1	7	0	32
chr5	96918502	96918652	2	2	0	14	8	30
chr5	96936175	96979137	1	1	1	4	0	21
chr5	96979979	96985079	1	1	1	16	0	33
chr5	96985219	96986538	1	1	1	4	0	25
chr5	96986671	96993014	1	1	1	1	0	13
chr5	96993136	96993816	1	1	1	7	0	34
chr5	96993972	96996389	1	1	1	14	0	35
chr5	96996504	96998013	1	1	1	5	0	25
chr5	96998146	97003414	1	1	1	8	0	32
chr5	97003547	97006072	1	1	1	10	0	36
chr5	97006234	97006426	1	1	1	13	0	34
chr5	97006516	97013647	1	1	1	9	0	30
chr5	97013832	97014938	1	1	1	23	0	35
chr5	97015096	97022299	1	1	1	17	0	30
chr5	97022485	97024520	1	1	1	20	0	35
chr5	97024683	97026616	1	1	1	10	0	27
chr5	97026758	97027732	1	1	1	2	0	11
chr5	97027815	97028401	1	1	1	7	0	30
chr5	97163226	97165050	2	2	1	6	0	20
chr5	97165148	97166266	2	2	1	3	0	25
chr5	97165148	97167466	2	2	1	69	0	36
chr5	97167992	97168759	2	2	1	40	0	35
chr5	97168853	97171205	2	2	1	4	0	24
chr5	97171398	97173174	2	2	1	9	0	30
chr5	97173264	97177115	2	2	1	24	0	30
chr5	97177292	97177731	2	2	1	52	3	36
chr5	97177849	97179054	2	2	1	51	0	36
chr5	97179194	97183125	2	2	1	38	0	37
chr5	97182943	97213762	1	1	0	3	0	24
chr5	98769626	98770597	1	1	1	1	0	33
chr5	98770674	98773952	1	1	1	8	0	27
chr5	98770674	98773955	1	1	1	5	0	24
chr5	98774207	98779579	1	1	1	14	0	35
chr5	98780089	98793084	1	3	1	144	0	37
chr5	98856726	98858179	2	2	1	160	0	37
chr5	98856726	98858963	2	2	0	1	0	19
chr5	98858391	98858963	2	2	1	86	0	35
chr5	98859016	98859971	2	2	1	95	0	36
chr5	98860069	98863407	2	2	1	34	0	35
chr5	98860069	98868494	2	2	1	3	0	9
chr5	98863587	98868494	2	2	1	104	0	35
chr5	98868636	98869013	2	2	1	17	0	36
chr5	98868636	98869753	2	2	1	43	0	28
chr5	98869278	98869753	2	2	1	14	0	31
chr5	98869883	98870686	2	2	1	66	0	33
chr5	98870804	98872050	2	2	1	116	0	35
chr5	98872202	98872393	2	2	0	1	0	25
chr5	98872202	98872416	2	2	1	178	0	35
chr5	98872248	98872416	2	2	0	2	0	18
chr5	98872556	98873592	2	2	1	71	0	36
chr5	98873724	98875071	2	2	1	52	0	35
chr5	98875114	98876397	2	2	1	28	0	37
chr5	98876559	98879551	2	2	1	95	0	35
chr5	98879729	98881075	2	2	1	82	0	37
chr5	98881172	98881278	2	2	1	107	0	32
chr5	98881376	98881974	2	2	1	32	0	32
chr5	98882124	98883087	2	2	1	137	0	33
chr5	98883238	98885577	2	2	1	42	0	36
chr5	98885650	98886152	2	2	0	1	0	14
chr5	98885650	98888087	2	2	1	113	5	37
chr5	98888241	98889075	2	2	1	62	0	36
chr5	98889239	98892524	2	2	1	54	0	36
chr5	98892714	98893415	2	2	1	67	0	37
chr5	98893607	98894596	2	2	1	90	5	33
chr5	98894687	98896225	2	2	1	125	0	37
chr5	98896443	98897192	2	2	1	69	0	34
chr5	98897321	98898255	2	2	1	136	0	36
chr5	98898435	98898663	2	2	1	48	0	35
chr5	98898765	98899479	2	2	1	43	0	37
chr5	98899706	98900810	2	2	1	86	0	28
chr5	98901083	98901185	2	2	1	72	0	33
chr5	98901083	98902899	2	2	0	7	0	32
chr5	98901336	98902899	2	2	1	30	0	35
chr5	98902965	98903791	2	2	1	6	0	25
chr5	98903909	98904896	2	2	1	36	0	35
chr5	98905099	98926333	2	2	1	22	0	34
chr5	98926535	98928538	2	2	1	4	0	31
chr5	98972077	98976770	1	1	1	1	0	6
chr5	100046506	100062756	2	2	0	1	0	18
chr5	100535965	100562053	1	1	1	18	0	35
chr5	100562189	100586180	1	1	1	5	0	8
chr5	100812130	100856102	2	2	1	4	0	24
chr5	100849458	100856102	2	2	0	2	0	13
chr5	100856397	100886342	2	2	1	1	0	33
chr5	100886601	100895653	2	2	1	5	0	32
chr5	102249789	102257942	2	2	0	1	0	34
chr5	102866285	102867272	1	1	1	22	0	34
chr5	102867394	102901355	1	1	1	48	0	36
chr5	102867394	102913933	1	1	1	4	0	35
chr5	102901414	102913933	1	1	1	56	0	37
chr5	102914022	102924956	1	1	1	68	0	34
chr5	102925043	102926584	1	1	1	139	1	34
chr5	102926669	102946836	1	1	1	36	0	36
chr5	102946886	102948377	1	1	1	66	0	32
chr5	102948446	102949536	1	1	1	52	0	36
chr5	102949618	102949901	1	1	1	139	0	36
chr5	102949979	102950716	1	1	1	27	0	34
chr5	102950821	102959874	1	1	1	64	0	36
chr5	102960060	102961157	1	1	1	141	0	36
chr5	102961230	102974115	1	1	1	9	0	36
chr5	102961230	102987517	1	1	0	12	0	28
chr5	102961230	102990271	1	1	1	12	0	31
chr5	102974437	102990271	1	1	1	11	0	31
chr5	102987572	102990271	1	1	0	1	0	17
chr5	102990402	103003032	1	1	1	123	0	37
chr5	103003150	103005153	1	1	1	56	0	37
chr5	103005227	103006800	1	1	1	135	1	37
chr5	103007012	103007456	1	1	1	50	0	34
chr5	103007658	103009750	1	1	1	31	0	37
chr5	103009867	103017333	1	1	1	71	0	36
chr5	103009867	103019789	1	1	1	1	0	6
chr5	103017434	103019789	1	1	1	72	0	37
chr5	103019844	103025130	1	1	1	30	0	36
chr5	103019844	103025133	1	1	1	4	6	36
chr5	103019844	103028181	1	1	1	77	0	36
chr5	103019844	103028184	1	1	1	30	0	36
chr5	103019844	103028886	1	1	1	4	0	15
chr5	103025335	103028181	1	3	1	6	0	31
chr5	103025335	103028184	1	3	1	42	0	36
chr5	103025335	103028886	1	3	1	10	0	23
chr5	103028239	103028886	1	1	1	106	0	29
chr5	103088173	103096540	2	2	1	12	0	34
chr5	103096827	103097313	2	2	1	1	0	24
chr5	103097491	103097589	2	2	1	9	0	36
chr5	103097782	103104540	2	2	1	9	0	29
chr5	103104847	103106715	2	2	1	9	0	30
chr5	103106910	103108568	2	2	1	4	0	16
chr5	103120489	103129305	1	1	1	22	0	23
chr5	103129704	103133452	1	1	1	46	0	36
chr5	103133649	103135992	1	1	0	4	0	25
chr5	103133649	103136731	1	1	1	34	0	36
chr5	103136823	103138383	1	1	1	22	0	36
chr5	103138470	103146526	1	1	1	81	0	35
chr5	103146682	103147930	1	1	1	27	0	36
chr5	103148033	103149151	1	1	1	34	0	32
chr5	103149314	103151252	1	1	1	26	0	35
chr5	103151375	103152647	1	1	1	31	0	37
chr5	103152750	103153847	1	1	1	40	0	37
chr5	103153935	103154669	1	1	1	64	0	37
chr5	103154746	103154833	1	3	1	44	0	34
chr5	103154944	103155908	1	1	1	25	0	35
chr5	103155995	103158187	1	1	1	14	0	29
chr5	103158314	103158451	1	1	1	58	0	37
chr5	103158314	103158454	1	1	0	6	0	32
chr5	103158574	103159145	1	1	1	23	0	29
chr5	103159329	103167178	1	1	1	26	0	34
chr5	103167321	103168071	1	1	1	26	0	37
chr5	103168296	103173154	1	1	1	18	0	35
chr5	103173283	103173857	1	1	1	5	0	22
chr5	103173973	103176865	1	1	1	1	0	15
chr5	103173973	103177666	1	1	1	33	0	35
chr5	103177775	103177863	1	1	1	59	0	33
chr5	103177981	103180020	1	1	1	56	0	36
chr5	103180189	103183233	1	1	1	15	0	27
chr5	103180189	103184671	1	1	1	24	0	37
chr5	103183408	103184671	1	1	1	3	0	35
chr5	103184745	103186319	1	1	1	3	0	25
chr5	103184745	103190841	1	1	1	24	0	35
chr5	103186440	103187313	1	1	1	6	0	25
chr5	103186440	103190841	1	1	1	6	2	25
chr5	103187377	103190841	1	1	1	9	2	26
chr5	103190983	103194899	1	1	1	27	0	32
chr5	103195026	103201521	1	1	1	23	0	35
chr5	103258897	103265907	1	1	1	3	0	32
chr5	103259792	103265907	1	1	1	2	0	5
chr5	103265998	103275896	1	1	1	17	0	25
chr5	103550972	103552216	2	2	1	9	0	21
chr5	103552417	103554739	2	2	1	10	0	34
chr5	103554854	103555930	2	2	1	10	0	37
chr5	103556099	103558878	2	2	1	3	0	32
chr5	103559469	103560042	2	2	1	7	0	35
chr5	103560255	103562702	2	2	1	6	0	32
chr5	106500159	106547771	2	2	0	0	1	33
chr5	107381377	107387234	2	2	1	16	2	33
chr5	107381377	107387705	2	2	1	22	0	26
chr5	107387316	107387705	2	2	1	10	0	25
chr5	107387772	107427216	2	2	1	7	0	29
chr5	107427510	107670488	2	2	1	9	0	36
chr5	107767355	107805887	2	2	0	1	0	34
chr5	107861861	107881036	2	2	1	17	0	36
chr5	107881180	108020924	2	2	1	25	0	36
chr5	108021002	108186116	2	2	1	23	0	29
chr5	108185686	108186116	2	2	0	1	0	18
chr5	108186248	108224120	2	2	1	31	0	36
chr5	108224229	108348398	2	2	1	4	0	24
chr5	108299838	108348398	2	2	0	1	0	34
chr5	108348531	108364737	2	2	1	26	0	37
chr5	108364996	108367830	2	2	1	8	0	36
chr5	108593999	108641163	1	1	0	0	1	15
chr5	108768239	108798123	1	1	1	10	0	36
chr5	108798390	108832769	1	1	1	19	0	34
chr5	108832944	108835707	1	1	1	21	0	36
chr5	108835808	108867766	1	1	1	31	0	35
chr5	108867951	108871364	1	1	1	28	0	36
chr5	108871503	108872092	1	1	1	29	0	29
chr5	108872213	108883395	1	1	1	41	0	37
chr5	108883519	108897658	1	1	1	6	0	37
chr5	108897849	108946129	1	1	1	11	0	35
chr5	108924790	108946129	1	1	1	4	0	16
chr5	108946223	108954728	1	1	1	10	0	31
chr5	108946223	108959224	1	1	0	1	0	23
chr5	108954933	108959224	1	1	1	29	0	30
chr5	108959348	109037421	1	1	1	16	0	28
chr5	109037479	109044679	1	1	1	94	0	37
chr5	109044796	109047103	1	1	1	35	0	37
chr5	109047199	109100395	1	1	1	12	0	35
chr5	109100520	109180746	1	1	1	18	0	20
chr5	109166953	109173145	2	2	0	2	0	32
chr5	109180902	109186199	1	1	1	22	0	28
chr5	109186323	109187432	1	1	1	3	0	8
chr5	109337357	109344189	2	2	1	52	0	35
chr5	109344312	109344704	2	2	1	14	0	35
chr5	109344820	109355914	2	2	1	52	0	33
chr5	109356027	109362839	2	2	1	30	0	31
chr5	109363023	109368560	2	2	1	60	0	35
chr5	109368747	109378203	2	2	1	33	0	20
chr5	109378493	109381685	2	2	0	0	1	12
chr5	109379255	109381502	2	2	1	50	0	37
chr5	109381704	109383402	2	2	1	62	6	36
chr5	109383521	109409841	2	2	1	10	0	12
chr5	109666176	109667855	1	3	0	3	0	28
chr5	109668309	109676945	1	1	0	1	0	34
chr5	109690553	109713519	1	1	1	12	0	29
chr5	109713775	109716119	1	1	1	20	0	37
chr5	109716265	109729341	1	1	1	29	0	37
chr5	109729514	109755328	1	1	1	14	0	36
chr5	109755457	109767534	1	1	1	49	0	37
chr5	109767709	109770354	1	1	1	74	0	36
chr5	109770542	109774787	1	1	1	10	0	30
chr5	109774966	109781395	1	1	1	68	0	37
chr5	109781599	109784743	1	1	1	31	0	37
chr5	109784927	109788933	1	1	1	12	0	33
chr5	109789049	109789459	1	1	1	51	0	32
chr5	109789528	109817272	1	1	1	21	5	34
chr5	109812398	109817272	1	1	0	5	0	20
chr5	109817439	109819668	1	1	1	37	0	31
chr5	109819888	109820219	1	1	1	15	0	33
chr5	109819888	109823722	1	1	0	4	0	24
chr5	109820343	109823722	1	1	1	114	0	37
chr5	109823838	109842327	1	1	1	18	0	36
chr5	109842462	109845864	1	1	1	70	0	37
chr5	109846007	109847656	1	1	1	20	0	28
chr5	109847720	109855139	1	1	0	1	0	37
chr5	109847791	109855139	1	1	1	79	0	37
chr5	109855335	109865035	1	1	1	50	0	35
chr5	109865147	109866845	1	1	1	13	0	19
chr5	110568626	110605108	2	2	1	5	0	36
chr5	110606288	110618428	2	2	1	1	0	23
chr5	110625434	110627780	2	2	1	2	0	28
chr5	110642372	110667227	2	2	1	2	0	8
chr5	110667365	110734902	2	2	1	3	0	14
chr5	110739403	110742046	1	1	1	5	0	12
chr5	110742090	110743729	1	1	1	21	0	34
chr5	110743788	110746268	1	1	1	47	0	36
chr5	110746347	110748162	1	1	1	82	0	35
chr5	110748264	110755464	1	1	1	88	0	34
chr5	110755522	110756701	1	1	1	90	0	36
chr5	110756122	110756701	1	1	1	2	0	5
chr5	110756760	110761203	1	1	1	119	0	34
chr5	110757176	110761203	1	1	0	2	0	26
chr5	110761448	110762849	1	1	0	3	0	32
chr5	111073646	111075945	1	1	1	6	0	29
chr5	111092619	111094919	1	1	1	5	0	28
chr5	111094948	111097078	1	1	1	3	0	28
chr5	111097180	111098721	1	1	1	46	0	37
chr5	111098840	111100588	1	1	1	30	0	33
chr5	111100722	111102344	1	1	1	5	0	31
chr5	111100722	111103785	1	1	0	3	0	27
chr5	111102400	111103785	1	1	1	20	0	36
chr5	111103919	111104176	1	1	1	23	0	36
chr5	111104353	111104696	1	1	1	32	0	37
chr5	111104818	111105294	1	1	1	145	0	31
chr5	111105361	111106056	1	1	1	40	0	36
chr5	111106144	111107293	1	1	1	15	0	26
chr5	111107440	111110188	1	1	1	36	1	36
chr5	111110304	111110787	1	1	1	48	0	34
chr5	111110954	111111169	1	1	1	68	0	31
chr5	111111279	111113073	1	1	1	42	0	35
chr5	111113154	111119012	1	1	1	23	0	30
chr5	111119121	111120495	1	1	1	92	0	37
chr5	111120594	111120995	1	1	1	38	0	34
chr5	111121142	111123804	1	1	1	176	0	36
chr5	111123925	111124107	1	1	1	24	0	28
chr5	111123925	111125607	1	1	0	5	0	31
chr5	111124190	111125607	1	1	1	55	0	36
chr5	111125796	111126733	1	1	1	40	0	37
chr5	111224645	111229276	1	1	0	1	0	22
chr5	111224645	111344023	1	1	1	5	0	32
chr5	111344103	111374849	1	1	1	18	0	30
chr5	111374913	111376859	1	1	1	26	0	36
chr5	111376943	111394709	1	1	1	30	0	35
chr5	111394783	111446685	1	1	1	28	0	32
chr5	111446777	111449128	1	1	1	22	0	35
chr5	111449204	111473310	1	1	1	3	0	37
chr5	111473387	111478380	1	1	1	32	0	36
chr5	111478508	111482784	1	1	1	38	0	37
chr5	111480292	111486538	2	2	0	0	1	35
chr5	111480292	111486540	2	2	0	0	1	33
chr5	111482938	111484025	1	1	1	5	0	23
chr5	111484533	111489589	1	1	1	3	0	10
chr5	111500107	111501001	2	2	1	26	0	34
chr5	111501117	111501961	2	2	1	19	0	36
chr5	111501117	111506329	2	2	1	3	0	31
chr5	111502089	111506329	2	2	1	38	0	28
chr5	111506380	111507328	2	2	1	34	0	36
chr5	111506380	111512384	2	2	1	2	0	20
chr5	111507443	111512384	2	2	1	22	0	21
chr5	111507443	111512390	2	2	1	1	0	11
chr5	111731047	111735429	2	2	1	74	0	37
chr5	111735508	111755769	2	2	1	24	0	36
chr5	111755831	111757135	2	2	1	8	0	36
chr5	111757180	111757319	2	2	1	1	0	6
chr5	111757180	111757561	2	2	1	2	0	8
chr5	112161296	112161702	1	1	1	29	0	36
chr5	112161776	112162150	1	1	1	28	0	36
chr5	112162259	112238218	1	1	0	0	3	13
chr5	112165119	112168738	2	2	1	2	0	23
chr5	112169106	112170300	2	2	1	1	0	19
chr5	112170993	112184015	2	2	1	2	0	20
chr5	112184136	112194567	2	2	1	1	0	13
chr5	112194646	112195660	2	2	1	1	0	11
chr5	112204489	112205420	2	2	1	6	0	27
chr5	112205505	112209891	2	2	1	1	0	36
chr5	112234756	112239659	2	2	1	1	0	11
chr5	112707650	112754872	1	1	1	0	2	3
chr5	112707883	112754872	1	1	1	0	2	3
chr5	112707883	112766325	1	1	1	1	0	26
chr5	112738461	112754872	1	1	1	0	2	3
chr5	112755026	112766325	1	1	1	34	0	26
chr5	112766411	112767188	1	1	1	18	0	36
chr5	112767391	112775628	1	1	1	15	0	36
chr5	112775738	112780789	1	1	1	26	0	35
chr5	112780904	112792445	1	1	1	33	0	33
chr5	112792530	112801278	1	1	1	21	0	29
chr5	112801384	112815494	1	1	1	43	0	26
chr5	112815594	112818965	1	1	1	1	0	25
chr5	112819345	112821895	1	1	1	10	0	13
chr5	112821992	112823306	1	1	1	20	0	23
chr5	112821992	112827107	1	1	1	34	0	33
chr5	112823361	112827107	1	1	1	14	0	29
chr5	112827248	112827928	1	1	1	14	0	34
chr5	112828007	112828855	1	1	1	17	0	37
chr5	112828973	112834950	1	1	1	6	0	30
chr5	112828973	112837552	1	1	0	1	0	31
chr5	112835166	112837552	1	1	1	12	0	36
chr5	112837069	112837552	1	1	0	5	0	19
chr5	112861418	112862507	1	1	1	59	0	36
chr5	112862584	112864456	1	1	1	16	0	34
chr5	112864529	112864620	1	1	1	70	0	35
chr5	112864529	112867403	1	1	0	2	0	23
chr5	112864733	112867371	1	1	1	8	0	29
chr5	112864733	112867403	1	1	1	251	3	34
chr5	112864733	112867408	1	1	0	3	0	31
chr5	112878836	112887014	2	2	1	162	29	37
chr5	112878836	112902379	2	2	1	3	29	29
chr5	112887184	112892449	2	2	1	2	0	11
chr5	112887184	112902379	2	2	1	104	0	32
chr5	112892818	112902379	2	2	1	2	0	25
chr5	112897494	112902379	2	2	0	5	0	20
chr5	112902519	112921162	2	2	1	107	0	37
chr5	112921257	112922072	2	2	1	33	0	36
chr5	112976987	112981041	1	1	1	1	0	6
chr5	112976987	112983973	1	1	1	2	0	31
chr5	112976987	112992671	1	1	1	1	0	21
chr5	112981172	112983973	1	1	0	3	0	14
chr5	112981172	112985834	1	1	1	3	0	23
chr5	112985987	112992120	1	5	1	9	0	28
chr5	112992249	112992671	1	1	1	42	0	36
chr5	112992771	113001083	1	1	1	5	0	32
chr5	113001237	113001356	1	1	1	42	0	37
chr5	113001470	113001566	1	1	1	16	0	35
chr5	113001675	113003941	1	1	1	18	0	26
chr5	113001675	113007937	1	1	1	4	0	31
chr5	113004078	113007937	1	1	1	51	0	35
chr5	113004078	113010755	1	1	1	1	0	34
chr5	113008043	113010755	1	1	1	16	0	27
chr5	113010808	113013320	1	3	1	18	0	35
chr5	113013393	113020344	1	1	0	1	0	16
chr5	113027483	113028933	2	2	1	6	0	31
chr5	113029057	113043529	2	2	1	2	0	25
chr5	113049300	113053724	2	2	1	8	0	32
chr5	113053960	113063983	2	2	1	5	0	31
chr5	113064168	113068079	2	2	1	1	0	11
chr5	113068184	113071093	2	2	1	11	0	17
chr5	113071235	113082859	2	2	1	4	0	36
chr5	113083009	113084100	2	2	1	1	0	26
chr5	113084191	113085163	2	2	1	11	0	32
chr5	113085311	113101738	2	2	1	6	0	36
chr5	113101946	113104191	2	2	1	4	0	34
chr5	113122827	113143217	2	2	1	3	0	25
chr5	113143361	113151308	2	2	1	11	0	15
chr5	113151423	113294328	2	2	1	8	0	36
chr5	113515363	113524980	1	1	1	23	0	37
chr5	113515363	113526585	1	1	0	1	0	29
chr5	113515363	113532878	1	1	1	5	0	37
chr5	113525178	113526585	1	1	1	45	0	37
chr5	113526786	113532878	1	1	1	8	0	8
chr5	113533046	113534304	1	1	1	33	0	37
chr5	113534408	113535641	1	1	1	25	0	24
chr5	113534408	113539073	1	1	0	2	0	17
chr5	113535799	113539073	1	1	1	8	0	25
chr5	113539182	113540967	1	1	1	39	0	36
chr5	113541117	113542367	1	1	1	31	0	37
chr5	113542504	113548540	1	1	1	6	0	23
chr5	113548668	113548954	1	1	1	47	0	36
chr5	113549021	113553180	1	1	1	5	0	27
chr5	113553360	113553589	1	1	1	13	0	34
chr5	113553687	113553766	1	1	1	23	0	35
chr5	113553855	113553941	1	1	1	17	0	21
chr5	113554023	113556051	1	1	1	10	0	24
chr5	113556135	113561079	1	1	1	15	0	17
chr5	113561186	113563372	1	1	1	10	0	34
chr5	113563493	113563858	1	1	1	25	0	35
chr5	113564132	113565892	1	1	1	22	0	37
chr5	113566020	113567091	1	1	1	29	0	36
chr5	113567298	113567653	1	1	1	25	0	22
chr5	113567850	113579585	1	1	1	44	0	37
chr5	113579696	113581416	1	1	1	18	0	37
chr5	113581710	113584301	1	1	1	16	0	34
chr5	113584480	113591040	1	1	1	24	0	35
chr5	113591245	113591995	1	1	1	26	0	32
chr5	113592179	113593302	1	1	1	6	0	32
chr5	113593391	113593481	1	1	1	37	0	37
chr5	114404857	114463048	1	1	1	1	0	36
chr5	114473165	114487049	1	1	1	5	0	35
chr5	114487178	114493402	1	1	1	1	0	23
chr5	115126858	115130591	2	2	1	1	0	7
chr5	115130890	115133859	2	2	1	13	0	32
chr5	115134148	115136999	2	2	1	11	0	34
chr5	115137125	115137362	2	2	1	7	0	23
chr5	115137617	115141278	2	2	1	18	0	26
chr5	115141375	115144597	2	2	1	4	0	10
chr5	115143255	115298253	2	2	0	2	1	31
chr5	115144745	115147068	2	2	1	11	0	30
chr5	115147395	115163517	2	2	1	9	0	35
chr5	115147395	115169607	2	2	1	4	0	13
chr5	115200389	115212419	2	2	0	2	0	23
chr5	115212584	115216864	2	2	1	24	0	37
chr5	115216974	115221823	2	2	1	16	0	27
chr5	115218516	115298253	2	2	0	0	3	19
chr5	115218518	115298242	2	2	0	1	1	21
chr5	115218518	115298253	2	2	0	1	1	26
chr5	115218525	115298253	2	2	0	2	1	32
chr5	115222009	115230975	2	2	1	9	0	36
chr5	115231022	115236389	2	2	1	35	0	31
chr5	115236523	115237857	2	2	1	8	0	34
chr5	115238010	115241538	2	2	1	54	0	34
chr5	115241607	115253136	2	2	1	14	0	37
chr5	115252466	115298253	2	2	0	0	1	28
chr5	115253256	115262711	2	2	1	39	0	32
chr5	115267333	115298242	2	2	0	1	0	16
chr5	115267919	115268881	2	2	1	17	0	33
chr5	115269001	115269702	2	2	1	15	0	32
chr5	115269001	115271212	2	2	1	6	0	18
chr5	115269799	115271212	2	2	1	24	0	37
chr5	115271627	115275215	2	2	1	16	0	37
chr5	115275607	115275993	2	2	1	31	0	37
chr5	115276070	115276964	2	2	1	22	0	34
chr5	115277055	115279646	2	2	1	11	0	26
chr5	115279769	115284786	2	2	1	18	0	36
chr5	115525618	115542949	2	2	1	7	3	25
chr5	115543684	115544522	2	2	1	5	0	35
chr5	115581316	115602096	2	4	1	2	0	19
chr5	115581316	115616317	2	2	1	5	0	19
chr5	115614888	115621660	1	1	0	0	1	12
chr5	115616446	115620434	2	2	1	59	0	36
chr5	115620681	115625600	2	2	1	9	0	12
chr5	115805463	115806348	2	2	1	16	0	37
chr5	115806519	115811160	2	2	1	9	0	36
chr5	115811316	115813180	2	2	1	3	0	21
chr5	115813259	115816227	2	2	1	3	0	18
chr5	115831864	115832601	2	2	1	36	0	26
chr5	115832665	115833511	2	2	1	1	0	33
chr5	115832665	115834917	2	2	1	1	0	31
chr5	115832665	115837627	2	2	1	82	0	37
chr5	115832665	115841389	2	2	1	2	0	33
chr5	115837765	115840817	2	2	1	2	0	27
chr5	115837765	115841389	2	2	1	71	3	37
chr5	115840613	115840817	2	2	1	1	0	27
chr5	115840935	115841389	2	2	1	0	3	3
chr5	115842107	115852978	1	1	1	4	0	15
chr5	115842107	115866669	1	1	1	74	0	37
chr5	115842107	115870016	1	1	0	1	0	35
chr5	115842257	115866669	1	1	0	1	0	28
chr5	115853015	115866669	1	1	1	4	0	26
chr5	115866762	115870016	1	1	1	111	0	36
chr5	115870129	115895086	1	1	1	49	0	31
chr5	115870129	115902884	1	1	0	19	0	34
chr5	115895159	115898648	1	1	1	2	0	8
chr5	115895159	115902884	1	1	1	450	5	37
chr5	115898790	115902884	1	1	1	0	5	3
chr5	115902993	115913361	1	1	1	65	0	37
chr5	115999903	116000432	1	1	1	1	0	27
chr5	116002912	116003240	1	1	1	3	0	8
chr5	116014528	116015251	1	1	1	1	0	7
chr5	116015766	116022390	1	1	1	3	0	21
chr5	116032506	116051456	1	1	0	1	0	23
chr5	116051562	116054013	1	1	1	7	0	9
chr5	116054154	116058724	1	1	1	2	0	5
chr5	116085094	116087496	1	1	1	3	0	8
chr5	116087588	116091078	1	1	1	62	0	37
chr5	116091190	116092544	1	1	1	43	0	37
chr5	116092701	116134067	1	1	1	35	0	37
chr5	116134179	116180401	1	1	0	1	0	18
chr5	116134179	116291516	1	1	1	20	0	27
chr5	116291577	116292450	1	1	1	68	0	32
chr5	116291577	116292454	1	1	0	1	0	17
chr5	116292561	116298246	1	1	1	2	0	23
chr5	116399623	116446163	1	1	0	3	0	24
chr5	116446237	116446370	1	1	0	2	0	21
chr5	116449818	116498460	1	1	1	3	0	24
chr5	116467748	116473072	2	2	1	2	0	21
chr5	116473094	116475544	2	2	1	2	0	21
chr5	116478719	116480121	2	2	1	2	0	35
chr5	116488197	116488887	2	2	1	1	0	14
chr5	116502328	116504844	2	2	1	4	0	27
chr5	117001788	117006173	1	5	0	1	0	16
chr5	118570962	118836430	1	1	0	0	5	28
chr5	118841088	118848089	2	2	1	5	0	20
chr5	118848219	118928536	2	2	1	12	0	33
chr5	118928730	118939195	2	2	1	14	0	23
chr5	118939291	118944558	2	2	1	11	0	30
chr5	119071258	119071554	1	1	1	3	0	17
chr5	119071657	119097978	1	1	1	6	0	34
chr5	119098105	119101934	1	1	1	2	0	23
chr5	119102007	119105179	1	1	1	15	0	34
chr5	119105259	119110150	1	1	1	8	0	36
chr5	119110284	119114474	1	1	1	3	0	25
chr5	119114542	119116157	1	1	1	4	0	34
chr5	119116337	119118121	1	1	0	4	0	33
chr5	119119005	119120970	1	1	1	27	0	37
chr5	119121140	119129210	1	1	1	14	0	32
chr5	119129424	119133131	1	1	1	11	0	28
chr5	119133386	119133493	1	1	1	6	0	35
chr5	119134390	119143840	1	1	1	14	0	31
chr5	119143931	119144535	1	1	1	1	0	6
chr5	119144639	119146836	1	1	1	2	0	15
chr5	119146957	119147248	1	1	1	7	0	37
chr5	119150422	119151928	1	1	1	2	0	17
chr5	119152037	119164506	1	1	1	2	0	6
chr5	119164677	119165182	1	1	1	4	0	31
chr5	119165281	119166615	1	1	1	19	0	35
chr5	119167865	119170189	1	1	1	6	0	33
chr5	119167865	119170942	1	1	0	1	0	21
chr5	119171281	119171777	1	1	1	13	0	37
chr5	119171970	119175260	1	1	1	5	0	29
chr5	119175338	119177356	1	1	1	5	0	35
chr5	119177485	119177995	1	1	1	7	0	34
chr5	119178245	119189707	1	1	1	3	0	31
chr5	119189887	119193827	1	1	1	9	0	35
chr5	119193971	119196370	1	1	1	8	0	37
chr5	119196457	119197754	1	1	1	2	0	18
chr5	119197957	119203318	1	1	1	3	0	13
chr5	119203437	119206833	1	1	1	2	0	3
chr5	119203437	119216900	1	1	1	8	0	27
chr5	119216988	119220471	1	1	1	19	0	15
chr5	119220594	119220939	1	1	1	4	0	15
chr5	119221082	119224708	1	1	1	8	0	28
chr5	119224770	119233339	1	1	1	11	0	36
chr5	119233468	119237321	1	1	1	13	0	21
chr5	119237415	119238988	1	1	1	10	0	22
chr5	119239081	119240418	1	1	1	9	0	28
chr5	119240472	119244358	1	1	1	18	0	37
chr5	119244577	119246994	1	1	1	2	0	23
chr5	119452634	119456314	1	1	1	42	1	35
chr5	119452822	119456314	1	1	1	0	1	3
chr5	119456369	119473907	1	1	1	39	1	30
chr5	119474016	119474400	1	1	1	46	0	37
chr5	119474461	119475705	1	1	1	99	1	22
chr5	119475728	119475823	1	1	1	101	0	25
chr5	119475871	119477416	1	1	1	208	0	36
chr5	119477502	119478833	1	1	1	64	0	37
chr5	119479022	119489191	1	1	1	29	0	36
chr5	119489284	119492099	1	1	1	70	0	25
chr5	119492125	119493817	1	1	1	61	0	27
chr5	119493947	119496542	1	1	1	83	0	34
chr5	119496647	119499316	1	1	1	82	0	34
chr5	119499554	119502040	1	1	1	95	0	37
chr5	119502093	119506817	1	1	1	52	0	34
chr5	119506890	119509140	1	1	1	68	0	35
chr5	119509245	119514980	1	1	1	70	0	35
chr5	119515047	119525215	1	1	1	52	0	37
chr5	119525286	119525916	1	1	1	73	0	30
chr5	119526024	119527132	1	1	1	174	0	37
chr5	119527220	119529893	1	1	1	51	1	37
chr5	119529981	119531265	1	1	1	127	0	37
chr5	119531405	119536422	1	1	1	36	0	32
chr5	119536551	119541904	1	1	1	85	0	29
chr5	120464646	120481168	1	1	1	3	0	34
chr5	120464646	120617094	1	1	0	4	0	36
chr5	120464646	120685953	1	1	1	1	0	26
chr5	120481294	120685953	1	1	1	3	0	31
chr5	120606024	120617094	1	1	0	3	0	34
chr5	120617193	120685953	1	1	0	2	0	33
chr5	120618566	120672015	1	1	0	5	0	12
chr5	120672229	120673269	1	1	0	2	0	26
chr5	121974285	121975314	1	1	1	140	0	37
chr5	121975388	121994598	1	1	1	14	1	15
chr5	121994671	122019259	1	1	1	23	0	35
chr5	122019342	122020087	1	1	1	54	0	28
chr5	122020803	122022369	1	1	1	50	0	30
chr5	122022408	122026941	1	1	1	54	0	36
chr5	122066750	122070052	2	2	1	31	0	37
chr5	122070169	122070493	2	2	1	16	0	36
chr5	122070590	122074012	2	2	1	5	0	28
chr5	122074170	122075403	2	2	1	6	0	28
chr5	122075542	122076017	2	2	1	2	0	13
chr5	122075542	122076892	2	2	1	5	0	36
chr5	122077002	122077354	2	2	1	4	0	37
chr5	122151872	122156606	1	1	1	1	0	20
chr5	122391192	122403792	1	1	1	1	0	34
chr5	122425532	122431968	1	1	1	4	0	20
chr5	122432083	122440628	1	1	1	2	0	4
chr5	122775212	122795265	1	1	1	98	0	36
chr5	122795384	122799691	1	1	1	52	0	36
chr5	122795384	122799694	1	1	1	3	0	24
chr5	122799856	122801868	1	1	1	53	0	35
chr5	122801936	122802080	1	1	1	86	0	37
chr5	122802125	122803471	1	1	1	39	0	33
chr5	122803614	122808276	1	1	1	152	0	37
chr5	122808356	122815895	1	1	1	47	0	37
chr5	122815972	122816914	1	1	1	102	0	36
chr5	122817029	122817279	1	1	1	113	0	37
chr5	122817374	122818817	1	1	1	98	0	37
chr5	122819024	122826049	1	1	1	136	0	37
chr5	122826194	122827378	1	1	1	292	0	36
chr5	122826194	122827574	1	1	1	5	0	13
chr5	122827460	122827574	1	3	1	120	0	37
chr5	122827647	122829597	1	1	1	200	0	36
chr5	122845694	122936733	1	1	1	3	0	22
chr5	122891126	122936733	1	1	1	2	0	32
chr5	122936818	122946054	1	1	1	18	0	31
chr5	122946160	122999911	1	1	1	33	1	31
chr5	122983096	122999911	1	1	0	1	0	36
chr5	123000007	123001404	1	1	1	38	0	33
chr5	123001438	123001939	1	1	1	26	0	33
chr5	123001438	123007681	1	1	0	1	0	21
chr5	123002005	123007681	1	1	1	17	0	33
chr5	123024004	123025783	2	2	1	4	0	36
chr5	123025969	123028774	2	2	1	21	0	35
chr5	123028869	123029304	2	2	1	29	0	33
chr5	123029419	123036508	2	2	1	4	0	17
chr5	123090607	123099653	1	1	1	1	0	26
chr5	123156012	123159513	1	1	1	4	0	5
chr5	123346754	123349943	2	2	1	74	0	36
chr5	123350090	123364495	2	2	1	25	0	37
chr5	123364595	123372649	2	2	1	11	0	30
chr5	123372773	123377373	2	2	1	17	0	26
chr5	123377536	123378335	2	2	1	23	0	36
chr5	123378429	123382110	2	2	1	11	0	28
chr5	123382201	123382736	2	2	1	27	0	26
chr5	123382890	123382985	2	2	1	36	0	37
chr5	123383083	123384950	2	2	1	44	0	31
chr5	123385134	123386517	2	2	1	47	0	33
chr5	123386668	123388431	2	2	1	19	0	35
chr5	123388607	123389923	2	2	1	16	0	31
chr5	123390141	123391109	2	4	1	27	0	37
chr5	123390141	123393299	2	2	0	2	0	12
chr5	123391338	123393299	2	2	1	27	0	35
chr5	123393498	123399135	2	2	1	33	0	37
chr5	123399285	123412398	2	2	1	12	0	31
chr5	123412541	123416009	2	2	1	28	0	36
chr5	123416125	123418358	2	2	1	5	0	12
chr5	123418516	123422949	2	2	1	1	0	7
chr5	123512571	123545416	1	1	1	2	0	12
chr5	123545842	123553106	1	1	1	41	0	37
chr5	123545842	123557494	1	1	0	8	0	22
chr5	123553148	123557494	1	1	1	21	0	36
chr5	123553148	123588067	1	1	0	2	0	13
chr5	123557565	123573392	1	1	1	21	0	27
chr5	123557565	123588067	1	1	0	1	0	16
chr5	123573542	123575728	1	1	1	36	0	37
chr5	123575964	123588067	1	1	1	79	0	35
chr5	123588154	123588426	1	1	1	149	0	37
chr5	123588512	123590409	1	1	1	32	0	36
chr5	123588512	123590412	1	1	1	43	0	33
chr5	123590559	123591318	1	1	1	63	0	34
chr5	123591415	123595038	1	1	1	2	0	12
chr5	123591415	123604723	1	1	1	84	0	36
chr5	123595135	123604723	1	1	1	2	0	26
chr5	123604831	123605338	1	1	1	6	0	24
chr5	123604831	123614341	1	1	1	76	0	36
chr5	123605363	123614341	1	1	1	9	0	24
chr5	124695966	124716864	2	2	0	0	1	24
chr5	124708954	124716864	2	2	0	0	1	24
chr5	126465546	126469676	1	1	1	1	0	17
chr5	126473369	126477691	1	1	1	1	0	36
chr5	126477788	126480455	1	1	1	2	0	36
chr5	126480528	126480626	1	1	1	3	0	23
chr5	126483575	126484401	1	1	1	1	0	22
chr5	126486978	126488798	1	1	1	3	0	6
chr5	126545020	126546323	2	2	1	55	0	36
chr5	126546400	126549928	2	2	1	48	41	37
chr5	126550003	126550148	2	2	1	1	0	30
chr5	126550003	126550195	2	2	1	73	0	37
chr5	126550294	126552020	2	2	1	107	2	36
chr5	126550294	126554286	2	2	1	0	2	3
chr5	126552138	126554286	2	2	1	42	4	33
chr5	126554394	126555930	2	2	1	21	16	34
chr5	126556016	126559239	2	2	1	55	0	34
chr5	126559335	126561082	2	2	1	8	0	27
chr5	126561125	126563209	2	2	0	1	0	22
chr5	126561125	126568258	2	2	1	48	0	37
chr5	126568357	126570781	2	2	1	46	0	31
chr5	126570860	126575419	2	2	1	17	4	36
chr5	126575465	126577078	2	2	1	32	0	33
chr5	126577212	126582850	2	2	1	41	0	36
chr5	126582975	126583931	2	2	1	95	20	37
chr5	126583417	126626672	1	1	0	0	1	16
chr5	126584013	126592663	2	2	1	53	0	33
chr5	126592730	126593350	2	2	1	25	0	36
chr5	126593405	126595006	2	2	1	21	0	36
chr5	126601059	126603569	1	1	1	62	0	36
chr5	126604184	126608363	1	1	1	143	0	36
chr5	126604184	126617249	1	1	0	1	0	12
chr5	126608485	126617249	1	1	1	74	0	26
chr5	126617334	126624574	1	1	1	44	0	32
chr5	126625384	126651723	1	1	0	0	2	21
chr5	126625384	126657920	1	1	0	0	2	21
chr5	126625384	126659247	1	1	0	0	2	21
chr5	126625384	126715336	1	1	0	0	2	21
chr5	126744184	126761700	1	1	0	0	1	22
chr5	126749821	126763912	2	2	0	0	1	22
chr5	126777868	126804775	1	1	1	103	0	37
chr5	126804933	126805570	1	1	1	190	0	36
chr5	126805697	126810179	1	1	1	269	0	36
chr5	126805697	126810182	1	1	0	1	0	22
chr5	126808827	126810179	1	1	0	2	0	19
chr5	126810351	126811772	1	1	1	296	0	36
chr5	126811899	126815169	1	1	1	4	0	29
chr5	126811899	126818921	1	1	1	199	0	36
chr5	126815248	126818921	1	1	1	4	0	28
chr5	126819143	126820909	1	1	1	185	0	36
chr5	126821136	126822780	1	1	1	406	0	37
chr5	126822886	126825987	1	1	1	55	0	34
chr5	126826108	126832693	1	1	1	154	0	36
chr5	126832802	126836222	1	1	1	170	1	31
chr5	126870792	126878184	2	2	1	3	0	28
chr5	126878395	126914929	2	2	1	2	0	5
chr5	126918228	127030349	2	2	1	2	0	15
chr5	127517777	127523459	1	1	1	20	0	35
chr5	127523583	127524530	1	1	1	50	0	36
chr5	127524921	127526617	1	1	1	52	0	31
chr5	127526779	127530293	1	1	1	24	0	32
chr5	127530397	127533622	1	1	1	23	0	37
chr5	127533787	127539039	1	1	1	72	0	37
chr5	127539144	127547818	1	1	1	31	0	36
chr5	127547922	127551706	1	1	1	36	1	35
chr5	127966929	128061143	2	2	1	2	0	15
chr5	128024299	128061143	2	2	1	7	0	25
chr5	128040721	128269196	2	2	0	4	0	18
chr5	128060645	128061143	2	2	1	2	0	31
chr5	128061245	128064736	2	2	1	6	0	18
chr5	128061245	128081972	2	2	1	3	0	15
chr5	128061245	128082734	2	2	1	7	0	27
chr5	128084711	128112813	1	1	1	16	0	27
chr5	128112934	128114211	1	1	1	37	0	31
chr5	128114288	128114585	1	1	1	16	0	32
chr5	128114682	128131066	1	1	1	55	1	35
chr5	128131207	128134164	1	1	1	42	0	33
chr5	128134276	128135699	1	1	1	25	0	26
chr5	128135809	128138596	1	1	1	41	0	34
chr5	128138725	128138823	1	1	1	26	0	37
chr5	128138909	128141829	1	1	1	29	0	36
chr5	128141982	128147621	1	1	1	33	0	34
chr5	128141982	128148753	1	1	0	3	0	23
chr5	128147730	128148753	1	1	1	55	0	33
chr5	128148878	128149996	1	1	1	49	0	31
chr5	128150099	128151240	1	1	1	15	0	30
chr5	128151397	128152705	1	1	1	33	0	34
chr5	128152806	128158052	1	1	1	23	0	36
chr5	128158165	128161659	1	1	1	26	0	34
chr5	128161801	128167760	1	1	1	22	0	31
chr5	128167868	128171666	1	1	1	12	0	29
chr5	128171747	128174540	1	1	1	64	0	35
chr5	128174667	128177104	1	1	1	18	0	33
chr5	128174667	128178566	1	1	1	0	4	4
chr5	128177153	128178566	1	3	1	39	4	36
chr5	128178690	128180882	1	1	1	20	0	34
chr5	128180995	128182854	1	1	1	2	0	9
chr5	128182942	128184365	1	1	1	68	0	37
chr5	128184502	128184788	1	1	1	54	0	36
chr5	128184857	128186495	1	1	1	32	0	35
chr5	128259830	128261735	2	2	1	17	0	33
chr5	128261908	128263424	2	2	1	39	0	33
chr5	128263657	128271998	2	2	1	34	0	33
chr5	128272119	128273839	2	2	1	32	0	36
chr5	128273969	128274566	2	2	1	45	0	36
chr5	128274684	128276037	2	2	1	22	0	36
chr5	128276161	128277879	2	2	1	56	0	35
chr5	128278006	128278634	2	2	1	27	0	34
chr5	128278842	128280191	2	2	1	10	0	36
chr5	128280318	128286717	2	2	1	100	0	36
chr5	128286850	128287307	2	2	1	45	1	37
chr5	128287431	128288437	2	4	1	26	0	31
chr5	128288558	128289126	2	2	1	27	0	34
chr5	128289253	128289881	2	2	1	42	0	33
chr5	128289948	128290731	2	2	1	9	0	37
chr5	128290885	128291528	2	2	1	38	0	36
chr5	128291655	128300816	2	2	1	3	0	26
chr5	128300937	128301381	2	2	1	39	0	36
chr5	128301511	128302972	2	2	1	16	0	37
chr5	128303090	128304956	2	2	1	21	0	25
chr5	128305083	128305510	2	2	1	8	0	35
chr5	128305637	128305822	2	2	1	17	0	36
chr5	128305949	128307134	2	2	1	18	0	37
chr5	128307204	128309246	2	2	1	21	0	36
chr5	128309400	128309982	2	2	1	24	0	34
chr5	128310109	128311299	2	2	1	19	0	23
chr5	128311426	128311884	2	2	1	28	0	36
chr5	128311954	128312633	2	2	1	15	0	33
chr5	128312796	128318148	2	2	1	13	0	34
chr5	128318272	128318878	2	2	1	14	0	34
chr5	128319002	128328695	2	2	1	51	0	32
chr5	128328822	128330572	2	2	1	13	0	36
chr5	128330696	128332911	2	2	1	34	0	20
chr5	128333035	128334718	2	2	1	15	0	16
chr5	128334845	128335169	2	2	1	47	0	35
chr5	128335296	128335454	2	2	1	29	0	36
chr5	128335578	128335987	2	2	1	51	0	36
chr5	128336114	128337996	2	2	1	44	0	35
chr5	128338123	128338932	2	2	1	4	0	23
chr5	128339062	128344384	2	2	1	27	0	18
chr5	128344511	128345356	2	2	1	31	0	28
chr5	128345585	128349346	2	2	1	13	0	33
chr5	128349473	128349954	2	2	1	21	0	25
chr5	128350006	128350867	2	2	1	15	0	28
chr5	128351006	128357275	2	2	1	45	0	36
chr5	128357396	128361722	2	2	1	12	0	35
chr5	128361849	128364599	2	2	1	29	0	36
chr5	128364726	128366376	2	2	1	25	0	37
chr5	128366431	128369181	2	2	1	10	0	37
chr5	128369335	128374627	2	2	1	9	0	36
chr5	128374751	128376730	2	2	1	63	0	36
chr5	128376854	128377751	2	2	1	3	0	20
chr5	128377878	128378770	2	2	1	48	0	34
chr5	128378891	128392017	2	2	1	53	0	29
chr5	128392156	128393134	2	2	1	18	0	19
chr5	128393369	128395121	2	2	1	5	0	35
chr5	128395275	128408673	2	2	1	28	0	26
chr5	128403210	128688715	2	2	0	1	7	18
chr5	128408800	128446480	2	2	1	7	0	31
chr5	128446607	128464723	2	2	1	9	0	36
chr5	128464922	128519272	2	2	1	42	0	33
chr5	128502318	128688715	2	2	0	1	2	29
chr5	128519369	128527871	2	2	1	27	2	30
chr5	128527968	128530594	2	2	1	19	0	34
chr5	128530694	128536401	2	2	1	7	0	10
chr5	128535842	128688715	2	2	0	1	2	24
chr5	128536485	128537349	2	2	1	1	0	13
chr5	128648167	128688715	2	2	0	0	1	18
chr5	128648585	128688715	2	2	0	0	1	25
chr5	128985337	128988599	1	1	1	2	0	32
chr5	128990465	129015884	1	1	1	4	0	13
chr5	129007472	129083318	1	1	0	1	1	18
chr5	129007472	129083322	1	1	0	0	4	28
chr5	129028443	129029576	1	1	1	2	0	10
chr5	129029708	129033105	1	1	1	5	0	20
chr5	129095076	129104955	1	1	1	14	0	33
chr5	129105076	129105184	1	1	1	39	0	36
chr5	129105389	129106945	1	1	1	25	0	37
chr5	129107063	129112854	1	1	1	30	0	35
chr5	129526457	129527747	1	1	1	1	0	15
chr5	129527832	129528519	1	1	1	2	0	24
chr5	129684274	129694719	1	1	1	1	0	37
chr5	130052172	130184228	1	1	1	1	0	23
chr5	131159612	131160655	2	2	1	5	0	37
chr5	131159612	131162028	2	2	1	11	0	24
chr5	131159612	131162571	2	2	1	426	0	37
chr5	131159658	131162361	2	2	0	4	0	19
chr5	131160885	131162361	2	2	1	6	0	35
chr5	131162478	131162571	2	2	1	4	0	11
chr5	131162504	131162571	2	2	1	2	0	30
chr5	131162677	131165059	2	2	1	31	0	34
chr5	131162677	131165094	2	2	1	793	0	36
chr5	131171039	131180094	1	1	1	2	0	32
chr5	131180168	131182228	1	1	1	22	0	30
chr5	131182300	131187027	1	1	1	49	0	25
chr5	131182300	131199530	1	1	1	3	0	10
chr5	131187110	131199530	1	1	1	22	0	36
chr5	131202626	131246857	2	2	0	0	1	29
chr5	131264167	131315975	1	1	1	1	0	24
chr5	131287814	131315975	1	1	0	3	0	19
chr5	131316145	131359208	1	1	1	1	0	14
chr5	131320172	131586439	1	1	0	0	4	24
chr5	131359548	131385542	1	1	1	22	0	37
chr5	131385645	131390992	1	1	1	35	0	35
chr5	131391109	131391828	1	1	0	2	0	26
chr5	131391109	131391917	1	1	1	6	0	32
chr5	131427292	131428901	2	2	1	4	0	33
chr5	131429217	131430858	2	2	1	5	0	30
chr5	131431350	131433429	2	2	1	5	0	27
chr5	131433659	131439580	2	2	1	19	0	35
chr5	131439716	131442348	2	2	1	8	0	31
chr5	131442538	131446482	2	2	1	19	0	32
chr5	131446704	131453053	2	2	1	21	0	29
chr5	131453178	131455800	2	2	1	5	0	7
chr5	131456013	131461704	2	2	1	13	0	24
chr5	131464282	131472586	2	2	1	28	0	19
chr5	131472745	131479512	2	2	1	18	0	31
chr5	131479754	131489545	2	2	1	3	1	20
chr5	131489655	131492581	2	2	1	18	0	37
chr5	131492786	131495552	2	2	1	9	0	34
chr5	131495661	131498442	2	2	1	30	0	25
chr5	131498608	131504625	2	2	1	11	0	31
chr5	131504779	131505363	2	2	1	26	0	29
chr5	131505523	131508070	2	2	1	14	0	31
chr5	131508208	131510313	2	2	1	12	0	37
chr5	131510492	131521389	2	2	1	8	0	29
chr5	131516105	131520403	2	2	0	0	1	20
chr5	131516105	131534599	2	2	0	1	3	20
chr5	131516105	131541517	2	2	0	1	0	20
chr5	131516105	131547508	2	2	0	0	1	19
chr5	131516105	131554127	2	2	0	0	1	16
chr5	131516105	131557469	2	2	0	1	0	19
chr5	131516105	131768463	2	2	0	3	1	21
chr5	131516107	131518390	1	1	0	0	1	23
chr5	131516107	131518392	1	1	0	4	3	21
chr5	131516107	131534596	1	1	0	1	0	15
chr5	131516107	131556648	1	1	0	0	1	16
chr5	131516107	131557521	1	1	0	0	1	12
chr5	131516107	131558213	1	1	0	6	6	21
chr5	131516107	131612197	1	1	0	0	2	16
chr5	131516107	131637160	1	1	0	1	2	17
chr5	131516107	131639112	1	1	0	3	0	18
chr5	131516107	131665589	1	1	0	0	4	16
chr5	131521522	131548046	2	2	1	23	0	36
chr5	131562048	131592382	2	2	1	1	0	27
chr5	131603328	131604622	2	2	1	9	0	36
chr5	131604694	131634961	2	2	1	3	0	28
chr5	131604694	131651801	2	2	0	3	0	19
chr5	131644764	131647089	2	2	1	16	0	30
chr5	131644764	131651801	2	2	0	2	0	30
chr5	131647206	131651801	2	2	1	51	0	31
chr5	131652000	131670462	2	2	1	18	1	36
chr5	131670632	131671504	2	2	1	21	0	33
chr5	131672925	131677702	2	2	1	20	0	33
chr5	131677873	131679028	2	2	1	34	0	34
chr5	131679176	131698916	2	2	1	27	0	34
chr5	131699003	131704064	2	2	1	19	0	33
chr5	131704267	131706410	2	2	1	8	0	36
chr5	131706547	131709200	2	2	1	16	0	34
chr5	131709273	131710577	2	2	1	2	0	17
chr5	131709273	131716564	2	2	1	16	0	35
chr5	131716657	131718985	2	2	1	18	0	30
chr5	131719061	131719316	2	2	1	24	0	36
chr5	131719418	131730903	2	2	1	25	0	35
chr5	131719418	131744563	2	2	1	3	0	34
chr5	131731039	131744563	2	2	1	6	0	34
chr5	131744691	131796829	2	2	1	10	0	37
chr5	131785430	131785744	2	2	0	1	0	33
chr5	132074936	132075744	1	1	1	1	0	29
chr5	132193081	132194925	2	2	1	10	0	36
chr5	132195023	132195411	2	2	1	6	0	36
chr5	132195481	132198205	2	2	1	15	0	34
chr5	132195481	132198320	2	2	1	12	0	27
chr5	132198272	132198878	2	2	1	8	0	36
chr5	132198381	132198878	2	2	1	24	0	35
chr5	132198933	132203747	2	2	1	23	0	37
chr5	132203848	132204081	2	2	1	8	0	32
chr5	132204153	132207707	2	2	1	16	0	36
chr5	132207885	132209137	2	2	1	18	0	37
chr5	132209332	132210283	2	2	1	21	0	30
chr5	132210524	132213915	2	2	1	35	0	30
chr5	132214054	132217196	2	2	1	20	0	36
chr5	132217349	132217751	2	2	1	8	0	32
chr5	132217849	132218544	2	2	1	7	0	36
chr5	132227222	132227789	2	2	1	3	0	37
chr5	132257828	132262608	1	1	1	1	0	18
chr5	132262761	132266463	1	1	1	8	0	37
chr5	132266546	132270914	1	1	1	34	0	34
chr5	132271094	132271302	1	1	1	26	0	35
chr5	132271467	132271790	1	1	1	7	0	37
chr5	132271909	132272024	1	1	1	3	0	35
chr5	132295010	132327276	1	1	0	4	0	18
chr5	132312265	132313613	1	1	1	3	0	27
chr5	132327404	132331755	1	1	1	1	0	10
chr5	132331851	132334717	1	1	1	5	0	37
chr5	132336001	132340564	1	1	1	2	0	9
chr5	132340701	132343759	1	1	1	5	0	4
chr5	132378482	132384146	1	1	1	3	0	15
chr5	132384302	132385327	1	1	1	4	0	31
chr5	132385500	132387024	1	1	1	2	0	35
chr5	132387152	132388920	1	1	1	3	0	15
chr5	132389022	132390689	1	1	1	2	0	20
chr5	132390905	132392432	1	1	1	2	0	37
chr5	132392616	132393675	1	1	1	15	0	21
chr5	132393812	132394184	1	1	1	7	0	28
chr5	132484076	132484361	2	2	1	13	0	27
chr5	132484498	132485666	2	2	1	10	0	36
chr5	132485717	132486250	2	2	1	10	0	35
chr5	132486374	132486556	2	2	1	4	0	35
chr5	132486687	132486794	2	2	1	22	0	30
chr5	132486687	132486953	2	2	0	4	0	12
chr5	132486845	132486953	2	2	1	12	0	37
chr5	132487131	132487925	2	2	1	17	0	28
chr5	132488026	132489391	2	2	1	5	0	23
chr5	132489484	132490544	2	2	1	1	0	5
chr5	132557454	132559283	1	1	1	9	0	32
chr5	132559368	132575776	1	1	1	6	0	28
chr5	132575929	132579316	1	1	1	4	0	36
chr5	132579503	132579861	1	1	1	22	0	35
chr5	132580067	132587561	1	1	1	15	0	37
chr5	132587691	132587923	1	1	1	37	0	34
chr5	132588090	132588686	1	1	1	6	0	32
chr5	132588881	132589630	1	3	1	19	0	29
chr5	132589838	132591223	1	1	1	7	0	20
chr5	132591407	132591876	1	1	1	23	0	37
chr5	132592035	132594868	1	1	1	8	0	32
chr5	132592035	132595103	1	1	1	1	0	15
chr5	132595045	132595572	1	1	1	16	0	32
chr5	132595811	132603299	1	1	1	15	0	36
chr5	132603490	132603919	1	1	1	9	0	32
chr5	132604047	132604805	1	1	1	24	0	35
chr5	132605000	132608614	1	1	1	14	0	26
chr5	132608726	132609116	1	1	1	23	0	33
chr5	132609210	132609282	1	1	1	8	0	27
chr5	132609397	132616002	1	1	1	29	0	32
chr5	132616131	132618069	1	1	1	42	0	33
chr5	132618295	132637114	1	1	1	9	0	31
chr5	132637201	132638080	1	1	1	3	0	21
chr5	132638224	132640671	1	3	1	4	0	23
chr5	132640806	132642177	1	1	1	2	0	23
chr5	132642395	132643004	1	1	1	5	0	19
chr5	132696683	132699170	2	2	1	3	0	34
chr5	132699296	132700215	2	2	1	4	0	35
chr5	132700285	132700646	2	2	1	3	0	20
chr5	132700701	132702086	2	2	1	22	0	34
chr5	132702213	132702557	2	2	1	10	0	36
chr5	132702669	132702884	2	2	1	15	0	30
chr5	132703066	132703462	2	2	1	10	0	37
chr5	132703620	132706450	2	2	1	3	0	9
chr5	132703620	132710958	2	2	1	7	0	33
chr5	132706460	132710958	2	2	1	3	0	9
chr5	132711055	132715756	2	2	1	0	1	8
chr5	132711058	132715756	2	2	1	4	0	28
chr5	132715932	132716244	2	2	1	27	0	34
chr5	132716443	132716844	2	2	1	23	0	37
chr5	132716985	132720608	2	2	1	9	0	31
chr5	132720715	132726127	2	2	1	3	0	17
chr5	132726213	132726353	2	2	1	11	0	34
chr5	132726499	132734204	2	2	1	15	0	35
chr5	132734479	132737413	2	2	1	2	0	35
chr5	132758825	132760801	2	2	1	44	0	11
chr5	132760993	132761132	2	2	1	54	0	36
chr5	132761266	132761457	2	2	1	26	0	34
chr5	132761627	132761799	2	2	1	12	0	37
chr5	132761897	132762483	2	2	1	10	0	35
chr5	132762646	132763705	2	2	1	39	0	33
chr5	132763887	132764223	2	4	1	1	0	23
chr5	132763893	132764223	2	4	1	21	0	29
chr5	132764420	132765408	2	2	1	1	0	28
chr5	132851732	132941910	1	1	0	0	2	32
chr5	132867036	132867487	1	1	1	375	0	37
chr5	132867036	132867489	1	1	0	2	0	26
chr5	132867036	132867496	1	1	0	5	0	24
chr5	132874090	132874409	1	1	1	1	0	27
chr5	132881187	132883335	2	2	0	4	0	29
chr5	132881187	132883339	2	2	1	61	0	34
chr5	132881187	132885075	2	2	0	1	0	28
chr5	132883561	132885075	2	2	1	78	0	37
chr5	132885120	132886309	2	2	1	35	0	33
chr5	132886404	132887520	2	2	1	34	1	34
chr5	132887593	132887845	2	2	1	34	0	32
chr5	132887983	132888096	2	2	1	30	0	35
chr5	132888161	132889078	2	2	1	107	0	29
chr5	132889174	132892163	2	2	1	45	0	37
chr5	132892405	132893029	2	2	1	13	0	25
chr5	132893119	132896322	2	2	1	57	0	35
chr5	132897241	132898229	2	2	1	52	0	36
chr5	132898366	132899103	2	2	0	2	0	34
chr5	132898393	132899073	2	2	0	2	0	27
chr5	132898393	132899103	2	2	1	52	0	29
chr5	132899142	132899586	2	2	1	39	0	33
chr5	132899642	132902441	2	2	1	100	0	37
chr5	132899642	132904367	2	2	0	1	0	22
chr5	132902488	132904367	2	2	1	70	0	33
chr5	132904405	132927120	2	2	1	70	0	16
chr5	132904405	132932177	2	2	1	5	2	9
chr5	132927208	132932177	2	2	1	46	2	37
chr5	132932223	132934146	2	2	1	14	2	32
chr5	132934942	132937066	2	2	1	14	0	20
chr5	132937194	132937648	2	2	1	11	0	31
chr5	132937194	132963258	2	2	1	2	6	7
chr5	132998851	133000131	2	2	1	27	0	24
chr5	133000174	133006758	2	2	1	31	0	30
chr5	133000202	133006758	2	2	1	5	0	18
chr5	133006921	133011338	2	2	1	1	0	14
chr5	133006921	133022840	2	2	1	4	2	6
chr5	133006921	133026496	2	2	1	1	0	13
chr5	133022907	133026492	2	2	0	3	0	24
chr5	133052358	133064979	1	1	1	37	0	34
chr5	133065038	133067416	1	1	1	69	0	36
chr5	133065038	133067530	1	1	0	1	0	27
chr5	133067558	133070373	1	1	1	459	0	37
chr5	133070497	133073229	1	1	1	122	2	37
chr5	133073330	133073992	1	1	1	52	0	37
chr5	133074127	133076653	1	1	1	483	0	35
chr5	133076899	133086781	1	1	1	229	6	37
chr5	133086859	133088403	1	1	1	302	0	36
chr5	133088556	133089054	1	1	1	164	0	35
chr5	133089162	133089561	1	1	1	90	0	33
chr5	133089696	133091192	1	1	1	148	4	37
chr5	133091375	133092699	1	1	1	452	0	36
chr5	133091375	133092702	1	1	0	11	0	34
chr5	133092790	133096097	1	1	1	439	0	37
chr5	133096251	133097160	1	1	1	569	0	37
chr5	133097287	133099544	1	1	1	301	0	36
chr5	133099653	133101758	1	1	1	523	1	37
chr5	133101810	133101810	0	0	1	1	0	8
chr5	133101879	133103864	1	1	1	542	0	36
chr5	133104027	133104232	1	1	1	191	0	36
chr5	133954353	133964677	2	2	0	0	1	17
chr5	133956991	133959493	2	2	1	104	0	37
chr5	133960021	133968445	2	2	1	131	0	37
chr5	133960021	133972761	2	2	0	2	0	20
chr5	133970565	134087569	1	1	0	0	3	15
chr5	133972863	133973790	2	2	1	231	0	37
chr5	133973849	133975870	2	2	1	305	0	35
chr5	133976022	133980728	2	2	1	422	0	36
chr5	133980957	133990854	2	2	1	633	0	37
chr5	133989244	133990854	2	2	1	8	0	18
chr5	133990908	133991001	2	2	1	361	0	37
chr5	133991155	133992305	2	2	1	209	0	37
chr5	133992356	133992945	2	2	1	19	0	34
chr5	133993016	134004646	2	2	1	2	0	16
chr5	133993019	134004646	2	2	1	11	0	14
chr5	134052886	134101358	1	1	0	0	1	18
chr5	134157769	134158454	2	2	1	498	0	36
chr5	134158596	134160986	2	2	1	567	0	37
chr5	134161131	134167169	2	2	1	629	0	37
chr5	134167244	134173700	2	2	1	7	15	32
chr5	134167244	134173925	2	2	1	721	15	37
chr5	134174023	134174461	2	2	1	8	0	25
chr5	134174023	134176854	2	2	1	33	0	26
chr5	134197845	134199085	2	2	1	219	0	37
chr5	134199205	134200334	2	2	1	167	0	36
chr5	134200497	134200984	2	2	1	65	0	36
chr5	134201075	134201847	2	2	1	437	0	37
chr5	134202022	134205921	2	2	1	629	0	36
chr5	134202022	134225759	2	2	0	2	0	35
chr5	134203565	134205921	2	2	1	2	0	32
chr5	134206132	134225759	2	2	1	101	11	36
chr5	134308467	134308573	2	2	1	4	0	22
chr5	134321904	134330589	2	2	0	0	2	24
chr5	134321904	134350248	2	2	1	2	0	6
chr5	134321904	134370997	2	2	1	0	1	3
chr5	134371640	134374382	1	1	1	4	0	29
chr5	134374464	134376668	1	1	1	41	0	20
chr5	134374464	134388324	1	1	1	1	0	30
chr5	134374464	134390224	1	1	0	2	0	36
chr5	134376695	134380718	1	1	1	37	0	35
chr5	134380809	134388324	1	1	1	41	0	37
chr5	134388414	134388976	1	1	1	11	0	24
chr5	134388414	134390224	1	1	1	215	0	36
chr5	134388589	134388976	1	1	0	5	0	12
chr5	134389053	134390224	1	1	1	23	0	36
chr5	134402927	134409902	2	2	1	58	0	33
chr5	134410003	134411615	2	2	1	25	0	36
chr5	134526012	134535857	1	1	1	4	0	24
chr5	134535916	134537988	1	1	1	3	0	23
chr5	134538084	134552051	1	1	1	36	0	36
chr5	134552210	134559829	1	1	1	8	0	31
chr5	134559991	134560745	1	1	1	5	0	33
chr5	134560958	134562199	1	1	1	5	0	21
chr5	134562368	134564493	1	1	1	17	0	36
chr5	134564611	134566115	1	1	1	14	0	33
chr5	134566581	134573644	1	1	1	9	0	33
chr5	134566581	134576767	1	1	1	1	0	5
chr5	134573763	134576767	1	1	1	13	2	29
chr5	134573763	134578493	1	1	1	3	0	19
chr5	134573763	134578496	1	1	1	2	0	36
chr5	134576897	134578493	1	1	1	18	0	34
chr5	134576897	134578496	1	1	1	1	0	3
chr5	134607067	134608371	2	2	1	83	0	34
chr5	134608504	134609570	2	2	1	80	0	35
chr5	134609675	134612690	2	2	1	80	0	37
chr5	134612757	134620932	2	2	1	97	0	31
chr5	134612757	134623961	2	2	0	2	0	20
chr5	134621053	134623961	2	2	1	21	0	35
chr5	134624038	134632076	2	2	1	3	0	20
chr5	134624038	134632727	2	2	1	9	0	28
chr5	134649174	134661118	1	1	1	7	0	24
chr5	134661587	134666822	1	1	1	66	0	37
chr5	134661587	134671808	1	1	0	1	0	24
chr5	134666997	134671808	1	1	1	12	0	32
chr5	134671887	134674614	1	1	1	28	0	35
chr5	134674776	134675044	1	1	1	22	0	32
chr5	134675218	134676022	1	1	1	76	0	36
chr5	134676126	134679601	1	1	1	18	0	26
chr5	134679729	134682372	1	1	1	38	0	34
chr5	134682483	134686789	1	1	1	56	0	37
chr5	134686903	134688180	1	1	1	37	0	37
chr5	134688300	134692601	1	1	1	44	0	31
chr5	134692658	134693030	1	1	1	8	0	20
chr5	134692658	134693726	1	1	1	35	0	33
chr5	134693105	134693726	1	1	0	1	0	23
chr5	134693934	134697125	1	1	1	34	0	36
chr5	134697247	134697898	1	1	1	12	0	37
chr5	134698058	134703758	1	1	1	5	0	35
chr5	134703933	134705326	1	1	1	4	3	15
chr5	134705438	134708712	1	1	1	30	0	37
chr5	134708868	134715023	1	1	0	3	0	34
chr5	134708889	134715023	1	1	1	18	0	28
chr5	134708889	134718068	1	1	0	2	0	30
chr5	134715162	134718068	1	1	1	46	0	37
chr5	134718174	134720997	1	1	1	32	0	34
chr5	134721091	134723566	1	1	1	56	0	36
chr5	134723671	134724979	1	1	1	10	0	28
chr5	134738793	134741062	1	1	1	17	0	33
chr5	134738793	134743986	1	1	1	2	0	36
chr5	134738793	134750758	1	1	1	4	0	35
chr5	134741524	134743986	1	1	1	16	0	37
chr5	134741524	134750758	1	1	0	10	0	35
chr5	134744053	134750758	1	1	1	53	0	37
chr5	134758956	134763903	1	1	1	23	0	17
chr5	134764093	134766916	1	1	1	151	0	35
chr5	134764093	134770902	1	1	1	7	0	35
chr5	134767061	134770902	1	1	1	210	5	33
chr5	134771000	134773695	1	1	1	95	1	35
chr5	134771000	134773707	1	1	0	1	0	35
chr5	134772018	134776701	1	1	0	0	2	19
chr5	134773862	134777573	1	1	1	300	2	37
chr5	134777726	134781132	1	1	1	148	0	36
chr5	134781247	134781920	1	1	1	131	0	35
chr5	134782087	134782944	1	1	1	171	0	37
chr5	134783066	134784365	1	1	1	184	0	36
chr5	134784542	134785464	1	1	1	69	0	31
chr5	134784799	134785464	1	1	0	1	0	31
chr5	134785587	134788512	1	1	1	129	0	37
chr5	134788592	134789215	1	1	1	2	0	21
chr5	134788592	134790469	1	1	1	139	0	35
chr5	134789265	134790105	1	1	0	3	0	20
chr5	134789265	134790469	1	1	1	0	2	13
chr5	134790553	134794849	1	1	1	72	0	37
chr5	134795015	134795987	1	1	1	75	0	34
chr5	134796151	134807747	1	1	1	200	0	37
chr5	134807942	134811220	1	1	1	74	0	36
chr5	134811359	134811695	1	1	1	200	0	36
chr5	134811846	134816429	1	1	1	253	0	37
chr5	134816604	134817495	1	1	1	50	0	35
chr5	134816607	134817495	0	0	1	113	0	36
chr5	134817715	134818859	1	3	1	54	0	37
chr5	134817909	134855894	1	1	0	0	1	12
chr5	134819005	134826946	1	1	1	105	0	34
chr5	134819005	134828658	1	1	0	1	0	28
chr5	134827021	134828658	1	1	1	241	0	36
chr5	134828864	134833580	1	1	0	2	0	32
chr5	134828864	134854897	1	1	0	3	0	29
chr5	134846213	134854897	1	1	1	14	0	33
chr5	134874531	134887694	1	1	1	7	1	27
chr5	134875396	134887694	1	1	1	0	1	3
chr5	134888183	134893491	1	1	1	4	0	27
chr5	134893656	134896293	1	1	1	4	0	19
chr5	134894389	134926663	1	1	0	1	0	29
chr5	134896425	134899488	1	1	1	46	0	37
chr5	134896429	134899494	1	1	0	2	0	35
chr5	134900155	134901065	1	1	1	14	2	6
chr5	134910467	134921941	1	1	0	6	0	32
chr5	134910467	134959039	1	1	1	7	0	22
chr5	134959121	134960585	1	1	1	19	0	37
chr5	134960699	134964469	1	1	1	1	0	8
chr5	135008140	135008840	1	1	1	1	0	14
chr5	135010531	135011520	1	1	1	1	0	14
chr5	135232796	135268636	2	2	0	0	1	30
chr5	135335142	135339427	2	2	0	1	0	16
chr5	135335142	135343259	2	2	1	201	0	37
chr5	135339576	135343259	2	2	0	2	0	33
chr5	135343435	135345967	2	2	1	175	0	35
chr5	135346058	135350822	2	2	1	59	154	19
chr5	135346058	135350826	2	2	1	5	0	10
chr5	135346058	135351006	2	2	0	3	0	22
chr5	135346058	135352945	2	2	1	624	180	37
chr5	135346058	135388921	2	2	1	7	1	22
chr5	135350914	135360496	2	2	1	19	0	27
chr5	135353046	135360496	2	2	1	182	0	35
chr5	135359629	135360496	2	2	1	12	0	35
chr5	135359943	135360496	2	2	1	1	0	24
chr5	135360605	135369405	2	2	1	160	9	36
chr5	135360608	135369405	2	2	1	104	2	37
chr5	135369604	135370035	2	2	1	134	0	36
chr5	135370143	135379721	2	2	0	1	0	34
chr5	135370143	135388921	2	2	1	286	0	37
chr5	135389127	135399061	2	2	1	32	0	32
chr5	136029190	136033762	1	1	1	47	0	36
chr5	136033862	136044057	1	1	1	176	0	37
chr5	136044123	136046334	1	1	1	612	108	37
chr5	136046496	136046850	1	1	1	235	0	37
chr5	136047016	136047273	1	1	1	533	0	36
chr5	136047421	136048252	1	1	1	6	0	22
chr5	136047421	136049438	1	1	1	937	0	36
chr5	136049581	136052906	1	1	1	474	2	35
chr5	136053120	136053942	1	1	1	735	0	37
chr5	136054036	136054715	1	1	0	3	0	20
chr5	136054081	136054674	1	1	1	2	0	23
chr5	136054081	136054715	1	1	1	1337	0	37
chr5	136054862	136055679	1	1	1	558	1	36
chr5	136055817	136056664	1	1	1	428	1	37
chr5	136056796	136059089	1	1	1	607	0	37
chr5	136059215	136060833	1	1	1	304	0	37
chr5	136060937	136061499	1	1	1	337	0	36
chr5	136061580	136062662	1	1	1	552	0	25
chr5	136061580	136063185	1	1	1	6	0	28
chr5	136062688	136063185	1	1	1	571	0	35
chr5	136062688	136065110	1	1	0	9	0	25
chr5	136065241	136096883	1	1	0	7	0	33
chr5	136065241	136100578	1	1	0	2	0	15
chr5	136132963	136147831	1	1	1	2	0	3
chr5	136132963	136153591	1	1	1	3	0	29
chr5	136147907	136153591	1	1	1	13	0	29
chr5	136154164	136160855	1	1	1	67	0	37
chr5	136161108	136163271	1	1	1	133	0	36
chr5	136163392	136172433	1	1	1	30	0	28
chr5	136172656	136173227	1	1	0	1	0	17
chr5	136172656	136174375	1	1	1	6	0	34
chr5	136174633	136177336	1	1	1	49	0	36
chr5	136187317	136188544	1	1	1	1	0	13
chr5	136544331	136569958	1	1	0	0	2	16
chr5	136570009	136570126	1	1	0	0	2	16
chr5	136570051	136570126	1	1	0	0	2	16
chr5	136978845	136979331	2	2	1	37	0	33
chr5	136978845	136988421	2	2	0	1	0	21
chr5	136979470	136985139	2	2	1	11	0	34
chr5	136985203	136988421	2	2	1	51	0	35
chr5	136988644	136992483	2	2	1	10	0	36
chr5	136992601	137067714	2	2	1	28	0	36
chr5	137067830	137107771	2	2	0	1	0	31
chr5	137067830	137112434	2	2	1	29	0	35
chr5	137112562	137140579	2	2	1	15	0	29
chr5	137140695	137267009	2	2	1	20	0	32
chr5	137267056	137498372	2	2	1	18	0	33
chr5	137752130	137772374	1	1	0	1	0	17
chr5	137858482	137859055	2	2	1	4	0	29
chr5	137888289	137889146	2	2	1	3	0	23
chr5	137940349	137941943	2	2	1	27	0	30
chr5	137942046	137942874	2	2	1	17	0	25
chr5	137943039	137943132	2	2	1	38	1	35
chr5	137943217	137945901	2	2	1	21	0	37
chr5	137943217	137948954	2	2	0	1	0	24
chr5	137945998	137946227	2	2	1	8	0	33
chr5	137945998	137948954	2	2	1	15	0	36
chr5	137946312	137948954	2	2	1	1	0	20
chr5	137949185	137952627	2	2	1	52	0	36
chr5	137952710	137953335	2	2	1	18	0	34
chr5	137953466	137954165	2	2	1	17	0	35
chr5	137954377	137956476	2	2	1	2	0	23
chr5	137954377	137959615	2	2	1	3	0	27
chr5	137956543	137959615	2	2	1	8	0	29
chr5	137959764	137960165	2	2	1	17	0	30
chr5	137960215	137962404	2	2	1	7	0	20
chr5	137962470	137985256	2	2	1	31	0	26
chr5	137985390	137987460	2	2	1	8	0	32
chr5	137987617	137988273	2	2	1	26	0	29
chr5	137988316	138006989	2	2	1	4	0	30
chr5	138007148	138011007	2	2	1	22	0	33
chr5	138007148	138018301	2	2	0	1	0	32
chr5	138011150	138011767	2	2	1	16	0	32
chr5	138011946	138018301	2	2	1	6	0	32
chr5	138018515	138018954	2	2	1	1	0	3
chr5	138018515	138021030	2	2	1	1	0	11
chr5	138019147	138021030	2	2	1	6	0	21
chr5	138019978	138021030	2	2	1	4	0	21
chr5	138021198	138032781	2	2	1	3	0	9
chr5	138157268	138157641	2	2	1	5	0	16
chr5	138157268	138159554	2	2	1	8	0	35
chr5	138157268	138160068	2	2	1	38	0	36
chr5	138159600	138160068	2	2	1	14	0	29
chr5	138160174	138160890	2	2	1	41	0	34
chr5	138160209	138160890	2	2	0	1	0	28
chr5	138161069	138161795	2	2	1	15	0	34
chr5	138161865	138162053	2	2	1	60	0	37
chr5	138162135	138163129	2	2	0	3	0	24
chr5	138162147	138163129	2	2	1	110	0	36
chr5	138163345	138163586	2	2	1	1	0	27
chr5	138163345	138164086	2	2	1	84	0	35
chr5	138163345	138164319	2	2	0	3	0	30
chr5	138164134	138164319	2	2	1	76	0	36
chr5	138164414	138164713	2	2	1	16	0	32
chr5	138165167	138165827	2	2	1	17	0	35
chr5	138166109	138166517	2	2	1	25	0	36
chr5	138166109	138167933	2	2	1	7	0	27
chr5	138166728	138167933	2	2	1	38	0	35
chr5	138168079	138168469	2	2	1	2	0	13
chr5	138168689	138169221	2	2	1	9	0	29
chr5	138169359	138170344	2	2	1	39	0	36
chr5	138170410	138170831	2	2	1	76	0	33
chr5	138170913	138171037	2	2	1	33	0	36
chr5	138171161	138171344	2	2	1	2	0	11
chr5	138171161	138171360	2	2	1	34	0	35
chr5	138171411	138172064	2	2	1	49	0	35
chr5	138172135	138177570	2	2	1	24	0	32
chr5	138177668	138178595	2	2	1	1	0	31
chr5	138179203	138179659	1	1	1	9	0	32
chr5	138179846	138181421	1	1	1	73	0	36
chr5	138181512	138181608	1	1	1	65	0	37
chr5	138181729	138182322	1	1	1	76	0	31
chr5	138182462	138182585	1	1	1	67	0	36
chr5	138182774	138182860	1	1	1	64	0	36
chr5	138182991	138183168	1	1	1	62	0	35
chr5	138183364	138183469	1	1	1	37	0	37
chr5	138183582	138183687	1	1	1	106	0	37
chr5	138183757	138183961	1	1	1	35	0	34
chr5	138184106	138184238	1	1	1	92	0	33
chr5	138184405	138184511	1	1	1	154	0	37
chr5	138184677	138184806	1	1	1	68	0	34
chr5	138184947	138185094	1	1	1	114	0	35
chr5	138185198	138185511	1	1	1	185	0	36
chr5	138185198	138185960	1	1	1	4	0	33
chr5	138185711	138185939	1	1	0	3	0	21
chr5	138185711	138185960	1	1	1	166	0	36
chr5	138186053	138186293	1	1	1	51	0	37
chr5	138186331	138187095	1	1	0	2	0	24
chr5	138186432	138187095	1	1	1	78	0	37
chr5	138189149	138189632	2	2	1	32	0	35
chr5	138189753	138189827	2	2	1	19	0	37
chr5	138189907	138191473	2	2	1	34	0	37
chr5	138189907	138192268	2	2	0	1	0	29
chr5	138191536	138191861	2	2	1	30	0	34
chr5	138191938	138192268	2	2	1	42	0	33
chr5	138192389	138192503	2	2	1	35	0	33
chr5	138192658	138198198	2	2	1	75	0	37
chr5	138198281	138198425	2	2	1	23	0	25
chr5	138198524	138198604	2	2	1	68	0	37
chr5	138198783	138201106	2	2	1	32	0	31
chr5	138201240	138201342	2	2	1	25	0	37
chr5	138201449	138202112	2	2	1	55	0	32
chr5	138202156	138206546	2	2	1	53	0	36
chr5	138206685	138212990	2	2	1	36	0	35
chr5	138213064	138213151	2	2	1	49	0	33
chr5	138231982	138235678	1	1	0	0	2	37
chr5	138285842	138286021	2	2	1	23	0	32
chr5	138286134	138286496	2	2	1	16	0	36
chr5	138286631	138287168	2	2	1	43	0	36
chr5	138287268	138289500	2	2	1	23	0	30
chr5	138287268	138290638	2	2	0	3	0	20
chr5	138289564	138290638	2	2	1	4	0	21
chr5	138290690	138291969	2	2	0	2	0	25
chr5	138290741	138291969	2	2	1	55	0	29
chr5	138292117	138319218	2	2	1	43	0	33
chr5	138292117	138325814	2	2	0	1	0	26
chr5	138315010	138358079	2	2	0	0	1	25
chr5	138319375	138325814	2	2	1	5	0	35
chr5	138325905	138326020	2	2	1	16	0	34
chr5	138325905	138328483	2	2	0	2	0	36
chr5	138326055	138328483	2	2	1	29	0	35
chr5	138328530	138329552	2	2	1	8	0	8
chr5	138329648	138330986	2	2	1	22	0	36
chr5	138331215	138331594	2	2	1	2	0	35
chr5	138331219	138331594	2	2	1	2	0	36
chr5	138335139	138335384	1	1	1	2	0	3
chr5	138341414	138341808	1	1	1	30	0	35
chr5	138341414	138344824	1	1	1	0	5	3
chr5	138341867	138344824	1	1	1	25	5	37
chr5	138341867	138345395	1	1	1	1	0	6
chr5	138345610	138346701	1	1	1	19	0	37
chr5	138352988	138372673	1	1	1	4	0	30
chr5	138354818	138372673	1	1	0	4	0	35
chr5	138372842	138375092	1	1	1	1	0	35
chr5	138375207	138377719	1	1	1	2	0	31
chr5	138377826	138379583	1	1	1	66	0	37
chr5	138379709	138381515	1	1	1	9	0	22
chr5	138381591	138386021	1	1	1	44	0	30
chr5	138386191	138386288	1	1	1	1	0	32
chr5	138386622	138391012	1	1	1	6	0	25
chr5	138392262	138393170	1	1	1	10	0	33
chr5	138393373	138398177	1	1	1	22	0	22
chr5	138398393	138399859	1	1	1	38	0	37
chr5	138400013	138415131	1	1	1	27	0	37
chr5	138415240	138417482	1	1	1	34	0	36
chr5	138417611	138418952	1	1	1	36	0	36
chr5	138419233	138420705	1	1	1	4	0	29
chr5	138420963	138424074	1	1	1	29	0	37
chr5	138424342	138425410	1	1	1	1	0	8
chr5	138425583	138426974	1	1	1	57	0	28
chr5	138427066	138427188	1	1	1	12	0	33
chr5	138427320	138427966	1	1	1	19	0	23
chr5	138428087	138429825	1	1	1	70	0	35
chr5	138429966	138430248	1	1	1	78	0	37
chr5	138430426	138431424	1	1	1	10	0	32
chr5	138431560	138435619	1	1	1	19	0	34
chr5	138441462	138444414	1	1	1	1	0	30
chr5	138444536	138444753	1	1	1	8	0	32
chr5	138445376	138445467	1	1	1	10	0	25
chr5	138445599	138445682	1	1	1	4	0	29
chr5	138504515	138587579	2	2	0	0	2	28
chr5	138508388	138508668	2	2	1	434	1	36
chr5	138508388	138510564	2	2	0	1	0	30
chr5	138508817	138510564	2	2	1	377	0	36
chr5	138510630	138511044	2	2	1	495	0	37
chr5	138511201	138511474	2	2	1	482	0	37
chr5	138511605	138512763	2	2	1	293	0	37
chr5	138512955	138513567	2	2	1	301	0	35
chr5	138513707	138517560	2	2	1	315	0	37
chr5	138517701	138518691	2	2	1	328	0	37
chr5	138518868	138529554	2	2	1	4	0	21
chr5	138518868	138542633	2	2	1	7	0	25
chr5	138518868	138542704	2	2	1	4	0	27
chr5	138518868	138542832	2	2	1	130	0	37
chr5	138518868	138543096	2	2	0	1	0	19
chr5	138529679	138542832	2	2	1	5	0	10
chr5	138542937	138543096	2	2	1	27	0	31
chr5	138555542	138566625	2	2	1	0	57	4
chr5	138556115	138556451	2	2	1	670	0	36
chr5	138556574	138557401	2	2	1	54	0	7
chr5	138556593	138556773	2	2	1	531	1	36
chr5	138556867	138557401	2	2	1	669	0	37
chr5	138557497	138557868	2	2	1	187	0	35
chr5	138557987	138558552	2	2	1	244	0	31
chr5	138558658	138559863	2	2	1	227	0	34
chr5	138558658	138561579	2	2	1	5	0	20
chr5	138560092	138561579	2	2	1	291	0	37
chr5	138561790	138566625	2	2	1	604	38	37
chr5	138561790	138567000	2	2	1	9	0	32
chr5	138566719	138567000	2	2	1	897	1	37
chr5	138567164	138567454	2	2	1	153	0	29
chr5	138567562	138567648	2	2	1	358	0	36
chr5	138567562	138568924	2	2	1	2	0	19
chr5	138567723	138568924	2	2	1	408	0	35
chr5	138569050	138570959	2	2	1	97	0	31
chr5	138571142	138573762	2	2	1	180	0	33
chr5	138571142	138573776	2	2	1	0	1	3
chr5	138573851	138574067	2	2	1	147	22	37
chr5	138574127	138574993	2	2	1	0	22	4
chr5	138574127	138575237	2	2	1	66	22	32
chr5	138753511	138781922	1	1	1	37	0	36
chr5	138758178	138760547	1	1	0	3	0	26
chr5	138782030	138783176	1	1	1	268	0	35
chr5	138783373	138810037	1	1	1	252	1	36
chr5	138810205	138812182	1	1	1	410	0	36
chr5	138812303	138824529	1	1	1	135	0	35
chr5	138824800	138827514	1	1	1	174	0	37
chr5	138827719	138886211	1	1	1	512	0	36
chr5	138874557	138874907	2	2	1	2	0	26
chr5	138886293	138887489	1	1	1	205	0	37
chr5	138887643	138904348	1	1	1	187	11	37
chr5	138887643	138917741	1	1	0	1	0	23
chr5	138904442	138917741	1	1	1	199	2	37
chr5	138904442	138924509	1	1	1	0	7	5
chr5	138917899	138924509	1	1	1	86	7	36
chr5	138924551	138924625	2	2	0	1	0	21
chr5	138924711	138925255	1	1	1	304	0	37
chr5	138925408	138929245	1	1	1	84	1	37
chr5	138929357	138930472	1	1	1	136	0	35
chr5	138930655	138930829	1	1	1	125	0	36
chr5	138930936	138932577	1	1	1	440	0	36
chr5	138930936	138932601	1	1	0	1	0	36
chr5	138930936	138933801	1	1	1	3	0	19
chr5	138932713	138933801	1	1	1	126	0	36
chr5	138947474	138951170	2	2	1	2	0	30
chr5	138951885	139021170	2	2	1	5	0	36
chr5	139021293	139026800	2	2	1	17	0	21
chr5	139026993	139042619	2	2	1	12	0	35
chr5	139042720	139050937	2	2	1	18	0	31
chr5	139051047	139121034	2	2	1	7	0	24
chr5	139121174	139127738	2	2	1	7	0	35
chr5	139203142	139242783	2	2	0	0	3	27
chr5	139274615	139276120	1	1	0	5	0	26
chr5	139276151	139278326	1	1	1	13	0	37
chr5	139276151	139314674	1	1	1	0	1	3
chr5	139278409	139279050	1	1	1	42	0	33
chr5	139279130	139279934	1	1	1	11	0	21
chr5	139279130	139282738	1	1	1	14	0	32
chr5	139279130	139291014	1	1	0	2	0	17
chr5	139279130	139293452	1	1	1	4	0	30
chr5	139279130	139314674	1	1	1	2	0	26
chr5	139280059	139282738	1	1	1	11	0	28
chr5	139280059	139314674	1	1	0	2	0	13
chr5	139293576	139307238	1	3	1	2	0	11
chr5	139293806	139307238	1	1	1	11	0	37
chr5	139293806	139315696	1	1	1	0	3	3
chr5	139294029	139307238	1	1	1	3	0	16
chr5	139294029	139314674	1	1	1	3	0	33
chr5	139308328	139314674	1	1	1	282	0	36
chr5	139314737	139315696	1	1	1	202	2	36
chr5	139314737	139316075	1	1	1	10	0	37
chr5	139315739	139316075	1	1	1	267	3	37
chr5	139316189	139317052	1	1	1	239	0	37
chr5	139317106	139317595	1	1	1	469	0	37
chr5	139317110	139317595	1	1	0	1	0	16
chr5	139317722	139318907	1	1	1	525	0	37
chr5	139319034	139319333	1	1	1	82	0	36
chr5	139319502	139321897	1	1	1	537	0	36
chr5	139322030	139322462	1	1	1	680	0	36
chr5	139322507	139322597	1	1	1	300	0	37
chr5	139322968	139325295	1	1	1	14	0	34
chr5	139322968	139325439	1	1	1	371	58	37
chr5	139325341	139325439	1	1	0	1	0	12
chr5	139325663	139326162	1	1	1	68	0	35
chr5	139325663	139326168	1	1	0	2	0	12
chr5	139326285	139329344	1	1	1	724	0	36
chr5	139341981	139363758	1	1	1	101	0	36
chr5	139363923	139364563	1	1	1	276	0	37
chr5	139364744	139368732	1	1	1	250	0	37
chr5	139401826	139401914	2	2	1	1	0	35
chr5	139402046	139402627	2	2	1	7	0	37
chr5	139402694	139403943	2	2	1	4	0	34
chr5	139414273	139420052	2	2	1	20	0	37
chr5	139420226	139422707	2	2	1	23	0	37
chr5	139421593	139465636	1	1	0	0	1	24
chr5	139425115	139426171	2	2	1	24	0	24
chr5	139426358	139428537	2	2	1	16	0	37
chr5	139428684	139437371	2	2	1	5	0	30
chr5	139437559	139439405	2	2	1	4	0	35
chr5	139477516	139478269	2	2	1	2	0	4
chr5	139478509	139480789	2	2	1	2	0	23
chr5	139479471	139602581	1	1	0	0	3	18
chr5	139479475	139485991	1	1	0	0	3	14
chr5	139479475	139572503	1	1	0	0	3	14
chr5	139481705	139482209	2	2	1	1	0	9
chr5	139548218	139589264	1	1	0	1	0	12
chr5	139561816	139562243	1	1	1	2	0	26
chr5	139561816	139600371	1	1	1	9	3	32
chr5	139562408	139600371	1	1	1	7	3	31
chr5	139562632	139614585	1	1	0	5	0	25
chr5	139600436	139614585	1	1	1	67	3	32
chr5	139614618	139614696	1	1	1	143	0	32
chr5	139614775	139614838	1	1	0	2	0	29
chr5	139614775	139614860	1	1	1	247	0	37
chr5	139614967	139623367	1	1	1	101	0	37
chr5	139623462	139626755	1	1	1	208	1	37
chr5	139679941	139680363	1	1	1	5	0	7
chr5	139853028	139855675	2	2	1	1	0	14
chr5	140175286	140194445	1	1	1	6	0	35
chr5	140175286	140243304	1	1	1	1	0	36
chr5	140194653	140243304	1	1	1	50	0	37
chr5	140246058	140281448	2	2	1	354	0	36
chr5	140246058	140300415	2	2	1	5	0	20
chr5	140281534	140300415	2	2	1	300	0	37
chr5	140300583	140303040	2	2	1	5	0	18
chr5	140334281	140334657	2	2	1	29	0	35
chr5	140334749	140335871	2	2	1	71	0	37
chr5	140336028	140342634	2	2	1	44	0	34
chr5	140342813	140345910	2	2	1	23	0	33
chr5	140346085	140346282	2	2	1	5	0	17
chr5	140402274	140436103	1	1	1	33	0	25
chr5	140410838	140436103	1	1	0	2	0	19
chr5	140436258	140438460	1	1	1	11	0	31
chr5	140436258	140438502	1	1	1	2	2	12
chr5	140438618	140440118	1	1	1	19	0	37
chr5	140440267	140440994	1	1	1	61	0	37
chr5	140441143	140445741	1	1	1	42	0	34
chr5	140445976	140449210	1	1	1	26	0	37
chr5	140449306	140458624	1	1	1	30	0	35
chr5	140458863	140459163	1	1	1	42	0	27
chr5	140459356	140464666	1	1	1	22	0	35
chr5	140464777	140472238	1	1	1	29	0	31
chr5	140464777	140482579	1	1	1	10	0	29
chr5	140468096	140470329	1	1	0	1	0	27
chr5	140468096	140470998	1	1	0	0	1	21
chr5	140472296	140482579	1	1	1	2	0	20
chr5	140482668	140485120	1	1	1	55	1	35
chr5	140485249	140485588	1	1	1	8	0	12
chr5	140485733	140486957	1	1	1	20	0	35
chr5	140485733	140487005	1	1	1	3	0	18
chr5	140487061	140496519	1	1	1	18	0	34
chr5	140487061	140504820	1	1	1	10	0	34
chr5	140497279	140504820	1	1	1	26	1	37
chr5	140504967	140505121	1	1	1	11	0	18
chr5	140505234	140505723	1	1	1	28	0	35
chr5	140505870	140506834	1	1	1	16	0	37
chr5	140506978	140507784	1	1	1	22	0	37
chr5	140507999	140509636	1	1	1	12	0	37
chr5	140509813	140510018	1	1	1	50	0	37
chr5	140510182	140512827	1	1	1	27	0	34
chr5	140512924	140513362	1	1	1	37	0	35
chr5	140513480	140524065	1	1	1	35	0	33
chr5	140524241	140525995	1	1	1	35	0	37
chr5	140526444	140526927	1	1	1	33	0	37
chr5	140527075	140527872	1	1	1	34	0	33
chr5	140528023	140528183	1	1	1	33	0	36
chr5	140528902	140559520	2	2	0	0	1	12
chr5	140529797	140535361	1	1	1	23	0	36
chr5	140529797	140537337	1	1	0	3	0	33
chr5	140535539	140537337	1	1	1	45	0	35
chr5	140535539	140537388	1	1	1	18	0	29
chr5	140537590	140538085	1	1	1	16	0	32
chr5	140538235	140538918	1	3	1	9	0	22
chr5	140538262	140538918	1	1	1	9	0	30
chr5	140539084	140539358	1	1	1	10	0	36
chr5	140539084	140542171	1	1	1	8	0	31
chr5	140542282	140548905	1	1	1	21	0	23
chr5	140549077	140549233	1	1	1	20	0	23
chr5	140550912	140551060	2	2	1	24	0	37
chr5	140551170	140551981	2	2	1	8	0	15
chr5	140552185	140557146	2	2	1	22	0	26
chr5	140560505	140560638	2	2	1	8	0	21
chr5	140561102	140561364	2	2	1	13	0	33
chr5	140561450	140561586	2	2	1	2	0	10
chr5	140562228	140562352	2	2	1	2	0	21
chr5	140562500	140562662	2	2	1	2	0	18
chr5	140562724	140563593	2	2	1	2	0	35
chr5	140563671	140563751	2	2	1	3	0	37
chr5	140564859	140565872	1	1	1	5	0	15
chr5	140565072	140565292	2	2	0	2	0	22
chr5	140565972	140566564	1	1	1	55	0	34
chr5	140639852	140641664	1	1	1	6	0	20
chr5	140639865	140641664	1	1	1	2	0	20
chr5	140641781	140641869	1	1	1	4	0	26
chr5	140642054	140642314	1	1	1	9	0	30
chr5	140642420	140642585	1	1	1	3	0	4
chr5	140642672	140642924	1	1	1	10	0	33
chr5	140643042	140643563	1	1	1	1	0	29
chr5	140643676	140643779	1	1	1	3	0	27
chr5	140643967	140644099	1	1	1	14	0	37
chr5	140644195	140644572	1	1	1	2	0	33
chr5	140644741	140644984	1	1	1	2	0	6
chr5	140645679	140647255	2	2	1	97	0	35
chr5	140645719	140647255	2	2	0	3	0	20
chr5	140645726	140647255	2	2	1	12	0	34
chr5	140647363	140647482	2	2	1	125	0	37
chr5	140647925	140648470	1	1	1	48	0	34
chr5	140648538	140651713	1	1	1	294	0	37
chr5	140651807	140652087	1	1	1	214	0	37
chr5	140652148	140652976	1	1	1	209	1	37
chr5	140653145	140653937	1	1	1	173	0	36
chr5	140654053	140654515	1	1	1	182	0	37
chr5	140654587	140654680	1	1	1	219	0	37
chr5	140654728	140655828	1	1	1	109	0	36
chr5	140655993	140657553	1	1	1	318	0	37
chr5	140657663	140658736	1	1	1	66	0	29
chr5	140658777	140658938	1	1	1	110	0	36
chr5	140659165	140659314	1	1	1	40	1	20
chr5	140659165	140661619	1	1	0	3	0	36
chr5	140659334	140659755	1	1	1	46	0	21
chr5	140659835	140660114	0	0	1	55	0	33
chr5	140660196	140660757	1	1	1	342	0	36
chr5	140660816	140661619	1	1	1	106	0	37
chr5	140661709	140661898	1	1	1	109	0	37
chr5	140662008	140662178	1	1	1	215	0	36
chr5	140662214	140662301	1	1	1	141	0	35
chr5	140665104	140667043	1	1	0	1	0	21
chr5	140665104	140668233	1	1	1	23	0	32
chr5	140668335	140668414	1	1	1	29	0	31
chr5	140668503	140668611	1	1	1	13	0	33
chr5	140668792	140668890	1	1	1	33	0	37
chr5	140668991	140669078	1	1	1	23	0	37
chr5	140669249	140669332	1	1	1	75	0	36
chr5	140669691	140671268	1	3	1	4	0	10
chr5	140672907	140673270	2	2	1	1	0	29
chr5	140674329	140674678	2	2	1	129	0	36
chr5	140674826	140675016	2	2	1	127	0	36
chr5	140674826	140676653	2	2	1	1	0	4
chr5	140675134	140676653	2	2	1	141	0	37
chr5	140676897	140676988	2	2	1	186	0	36
chr5	140677117	140677326	2	2	1	85	0	34
chr5	140677421	140677654	2	2	1	184	0	37
chr5	140677754	140677907	2	2	1	155	1	37
chr5	140677754	140679001	2	2	1	2	0	21
chr5	140677754	140683099	2	2	1	0	1	3
chr5	140678016	140679001	2	2	1	68	0	37
chr5	140678016	140679061	2	2	1	3	0	33
chr5	140678257	140679001	2	2	0	1	0	35
chr5	140679128	140679787	2	2	1	284	0	36
chr5	140679884	140683099	2	2	1	173	2	36
chr5	140679884	140690854	2	2	1	2	2	11
chr5	140683220	140690854	2	2	1	108	1	37
chr5	140687934	140690854	2	2	1	3	0	12
chr5	140690774	140690854	2	2	1	1	0	36
chr5	140690945	140691214	2	2	1	86	0	36
chr5	140691757	140693490	1	1	1	2	0	34
chr5	140691757	140693590	1	1	1	20	0	30
chr5	140693666	140693934	1	1	1	15	0	37
chr5	140694055	140694184	1	1	1	62	0	36
chr5	140694281	140695507	1	1	1	75	0	35
chr5	140695634	140695737	1	1	1	21	0	37
chr5	140695846	140696102	1	1	1	33	0	24
chr5	140695846	140696520	1	1	1	4	3	27
chr5	140696202	140696520	1	1	1	44	3	34
chr5	140696615	140696942	1	1	1	50	0	33
chr5	140697071	140697163	1	1	1	25	0	36
chr5	140697407	140697568	1	1	1	28	0	37
chr5	140697686	140697931	1	1	1	107	0	36
chr5	140698079	140698492	1	1	1	54	0	32
chr5	140700479	140700818	1	1	1	6	0	31
chr5	140700913	140702005	1	1	1	176	0	37
chr5	140702130	140703917	1	1	1	58	0	37
chr5	140703992	140704425	1	1	1	155	0	36
chr5	140704572	140705612	1	1	1	252	0	37
chr5	140803658	140806974	2	2	0	2	0	29
chr5	140809523	140821538	2	2	0	4	0	17
chr5	140830430	140834169	2	2	0	2	0	26
chr5	140836739	140841200	1	1	0	1	0	37
chr5	140969332	140978948	1	1	1	1	0	10
chr5	140979008	140982474	1	1	1	1	0	10
chr5	140982564	141009626	1	1	1	2	0	16
chr5	141009729	141010165	1	1	1	1	0	14
chr5	141174156	141188638	1	1	0	0	2	30
chr5	141174197	141179398	2	2	0	0	1	37
chr5	141174197	141183920	2	2	0	0	1	37
chr5	141187354	141188537	1	3	1	1	0	37
chr5	141188668	141201123	2	2	0	0	6	27
chr5	141208943	141209820	1	3	1	2	0	16
chr5	141210257	141224854	2	2	0	0	3	27
chr5	141215615	141247069	2	2	0	0	1	32
chr5	141225008	141236056	2	2	0	0	1	30
chr5	141236046	141247069	2	2	0	0	1	32
chr5	141319438	141320517	2	2	0	1	0	16
chr5	141341396	141494806	1	1	1	1	0	19
chr5	141362557	141494806	1	1	1	1	0	11
chr5	141366752	141369870	1	1	0	1	0	16
chr5	141420275	141494806	1	1	1	2	0	32
chr5	141476147	141478393	1	1	1	1	0	20
chr5	141478547	141494806	1	1	1	12	0	36
chr5	141494866	141505392	1	1	1	13	0	23
chr5	141505482	141510946	1	1	1	8	0	17
chr5	141517009	141524142	2	2	1	107	0	34
chr5	141524230	141524618	2	4	1	0	2	3
chr5	141524230	141524675	0	0	1	0	2	3
chr5	141524230	141526037	2	2	1	184	2	36
chr5	141526174	141526296	2	2	1	370	0	37
chr5	141526462	141527572	2	6	1	154	0	37
chr5	141527698	141528452	2	2	1	109	0	37
chr5	141528583	141528701	2	2	1	164	0	35
chr5	141528942	141529171	2	2	1	107	0	36
chr5	141529274	141529602	2	2	1	376	0	31
chr5	141529698	141534334	2	2	1	155	0	36
chr5	141534434	141571427	2	2	1	108	0	9
chr5	141534434	141571925	2	2	0	4	0	36
chr5	141571437	141571925	2	2	1	111	0	16
chr5	141572041	141573491	2	2	1	38	0	36
chr5	141574209	141574966	2	2	1	76	0	36
chr5	141575147	141576229	2	2	1	272	0	36
chr5	141576295	141576755	2	2	1	112	0	37
chr5	141576872	141577474	2	2	1	94	0	36
chr5	141577592	141578224	2	6	1	154	0	37
chr5	141578344	141578514	2	2	1	241	0	37
chr5	141578626	141579087	2	4	1	99	0	37
chr5	141579197	141580743	2	2	1	353	0	37
chr5	141580806	141583230	2	6	1	0	9	5
chr5	141580884	141582311	2	2	1	69	0	36
chr5	141582376	141583205	2	2	1	191	0	36
chr5	141583293	141583484	2	2	1	136	9	35
chr5	141583616	141584123	2	2	1	121	0	33
chr5	141584226	141587041	2	2	1	177	0	35
chr5	141587198	141588223	2	2	1	44	0	27
chr5	141587198	141618797	2	2	1	6	0	36
chr5	141588251	141618797	2	2	1	34	0	27
chr5	141588251	141636547	2	2	0	1	0	27
chr5	141621538	141625207	2	2	1	116	5	37
chr5	141625366	141625684	2	2	1	87	0	31
chr5	141625765	141626012	2	2	1	103	0	36
chr5	141625765	141626193	2	2	1	2	0	36
chr5	141626072	141626193	2	2	1	44	0	36
chr5	141626284	141627892	2	2	1	12	0	34
chr5	141627958	141628113	2	2	1	84	0	36
chr5	141628188	141628558	2	2	1	74	0	26
chr5	141628213	141628558	2	2	0	1	0	13
chr5	141628640	141629172	2	2	1	46	0	34
chr5	141629307	141629683	2	2	1	68	0	37
chr5	141629740	141629859	2	2	1	12	0	36
chr5	141629917	141630043	2	2	1	30	0	35
chr5	141630126	141634810	2	2	1	26	0	36
chr5	141630126	141636547	2	2	1	2	0	32
chr5	141634954	141636547	2	2	1	30	0	37
chr5	141636631	141636735	2	2	1	10	0	32
chr5	141637742	141638169	1	1	1	1	0	8
chr5	141638410	141638794	1	1	1	9	0	35
chr5	141638861	141638954	1	1	1	3	0	29
chr5	141638861	141639463	1	1	1	2	0	12
chr5	141639022	141639463	1	1	1	3	0	18
chr5	141639650	141639919	1	1	1	12	0	37
chr5	141640003	141640176	1	1	0	2	0	33
chr5	141640296	141640411	1	1	1	10	0	25
chr5	141640446	141640670	1	1	1	3	0	22
chr5	141641564	141641701	2	2	1	9	0	31
chr5	141641758	141642396	2	2	1	2	0	23
chr5	141641758	141643000	2	2	1	4	0	12
chr5	141642504	141643000	2	2	1	2	0	26
chr5	141643089	141644217	2	2	1	5	0	30
chr5	141644439	141644572	2	2	1	2	0	13
chr5	141644691	141644858	2	2	1	1	0	12
chr5	141645933	141646086	2	2	1	11	0	15
chr5	141646192	141646602	2	2	1	4	0	6
chr5	141646723	141647134	2	2	1	4	0	36
chr5	141647521	141647967	2	4	1	4	0	36
chr5	141648097	141648956	2	2	1	5	0	31
chr5	141649021	141649171	2	2	1	9	0	19
chr5	141649309	141649394	2	2	1	2	0	5
chr5	141649955	141650358	2	2	1	12	0	33
chr5	141650405	141651019	2	2	1	11	0	35
chr5	141654436	141655361	2	2	1	13	0	16
chr5	141654436	141655620	2	2	1	1	0	6
chr5	141655401	141655620	2	2	1	13	0	26
chr5	141655759	141655868	2	2	1	18	0	36
chr5	141655933	141656063	2	2	1	40	0	33
chr5	141656100	141656193	2	2	1	24	0	35
chr5	141656277	141656503	2	2	1	16	0	25
chr5	141656638	141656717	2	2	1	5	0	30
chr5	141656847	141658364	2	2	1	18	0	35
chr5	141658480	141658578	2	2	1	32	0	37
chr5	141658654	141659407	2	2	1	20	0	36
chr5	141659477	141659778	2	2	1	20	0	36
chr5	141661790	141662042	2	2	1	9	0	35
chr5	141661790	141664921	2	2	1	1	0	20
chr5	141665086	141665310	2	2	1	5	0	36
chr5	141665375	141666423	2	2	1	5	0	32
chr5	141666644	141669708	2	2	1	6	0	13
chr5	141669812	141669921	2	2	1	16	0	30
chr5	141670064	141670511	2	2	1	8	0	16
chr5	141670629	141671264	2	2	1	10	0	35
chr5	141671401	141671569	2	2	1	14	0	35
chr5	141671753	141671894	2	2	1	10	0	24
chr5	141671981	141672101	2	2	1	4	0	18
chr5	141672302	141672551	2	2	1	2	0	20
chr5	141672926	141673012	2	2	1	1	0	3
chr5	141673134	141673400	2	2	1	17	0	32
chr5	141673471	141673604	2	2	1	3	0	37
chr5	141673809	141679544	2	2	1	4	0	29
chr5	141679657	141679760	2	2	1	7	0	34
chr5	141679823	141679962	2	2	1	7	0	26
chr5	141865428	141868501	2	2	1	3	0	35
chr5	141923973	141924580	1	1	1	5	0	10
chr5	141924696	141925409	1	1	1	9	0	32
chr5	141925528	141928150	1	1	1	9	0	27
chr5	141928299	141929581	1	1	1	48	0	31
chr5	141929741	141929988	1	1	1	23	0	37
chr5	141930075	141930177	1	1	1	7	0	26
chr5	141930275	141930950	1	1	0	1	0	26
chr5	141930275	141933258	1	1	1	37	0	37
chr5	141933402	141934239	1	1	1	7	0	19
chr5	141934399	141934493	1	1	1	10	0	29
chr5	141934587	141937197	1	1	1	9	0	19
chr5	141934587	141938520	1	1	0	2	0	30
chr5	141937358	141938520	1	1	1	18	0	31
chr5	141938761	141938851	1	1	0	2	0	36
chr5	141938761	141939505	1	1	0	5	0	32
chr5	141938905	141939505	1	1	1	3	0	19
chr5	141969168	141970703	1	1	1	2	0	24
chr5	141969663	141970703	1	1	0	1	0	30
chr5	141970878	141973582	1	1	1	74	0	36
chr5	141973743	141974803	1	1	1	7	0	36
chr5	141973743	141978302	1	1	1	14	0	28
chr5	141974956	141978302	1	1	1	36	0	35
chr5	141978831	141980122	1	1	1	82	0	35
chr5	141980352	141983379	1	1	1	35	0	32
chr5	141983553	141984802	1	1	1	38	0	36
chr5	141984934	141987732	1	1	1	61	0	37
chr5	142002130	142003087	2	2	1	134	0	37
chr5	142003263	142004931	2	2	1	100	0	36
chr5	142005117	142006143	2	2	1	61	0	36
chr5	142006327	142007798	2	2	1	95	0	37
chr5	142006327	142011911	2	2	0	1	0	15
chr5	142007901	142011911	2	2	1	108	0	35
chr5	142012042	142012287	2	2	1	14	0	33
chr5	142012042	142012668	2	2	0	3	0	22
chr5	142109038	142131807	1	1	1	8	0	36
chr5	142131896	142132211	1	1	1	39	0	23
chr5	142132343	142135729	1	1	1	116	0	37
chr5	142135818	142137733	1	1	1	50	0	32
chr5	142137859	142140562	1	1	1	114	0	35
chr5	142140630	142144570	1	1	1	58	9	37
chr5	142144677	142151730	1	1	1	41	0	34
chr5	142315156	142324843	2	2	1	12	0	27
chr5	142595485	142600701	2	2	1	17	0	30
chr5	142595485	142613958	2	2	1	2	0	24
chr5	142600806	142613958	2	2	1	20	0	32
chr5	142873496	142875109	1	1	1	1	0	15
chr5	142875172	142879373	1	1	1	5	0	16
chr5	142879446	142885297	1	1	1	3	0	25
chr5	142885400	142894237	1	1	1	4	0	36
chr5	142894349	142901934	1	1	1	2	0	21
chr5	142903670	142907703	1	1	1	5	0	28
chr5	142907805	142913198	1	1	1	2	0	13
chr5	142913294	142932046	1	1	1	2	0	31
chr5	142932126	143014079	1	1	1	3	0	34
chr5	143014117	143037195	1	1	1	2	0	10
chr5	143037262	143041815	1	1	1	4	0	15
chr5	143054527	143056027	1	1	1	3	0	31
chr5	143056087	143057641	1	1	1	9	0	27
chr5	143057748	143120987	1	1	1	1	0	13
chr5	143121148	143133966	1	1	1	2	0	37
chr5	143134106	143147230	1	1	1	3	0	14
chr5	143147382	143207197	1	1	1	2	0	26
chr5	143207309	143213996	1	1	1	3	0	23
chr5	143214089	143222357	1	1	1	4	0	21
chr5	143282042	143282567	2	2	1	41	0	35
chr5	143282726	143295459	2	2	1	44	0	32
chr5	143295591	143298667	2	2	1	88	0	34
chr5	143298813	143300484	2	2	1	12	0	24
chr5	143300764	143310096	2	2	1	92	0	37
chr5	143310214	143314001	2	2	1	10	0	35
chr5	143314169	143399655	2	2	1	87	0	37
chr5	143400853	143403210	2	2	1	10	0	19
chr5	143962770	143974177	1	1	0	0	1	15
chr5	144160560	144162217	2	2	1	22	0	37
chr5	144162400	144164110	2	2	1	114	0	35
chr5	144164257	144165431	2	2	1	29	0	37
chr5	144165605	144169845	2	2	1	66	0	31
chr5	144169966	144170534	2	2	1	34	0	33
chr5	145553208	145627091	2	2	0	0	2	22
chr5	145606433	145643677	1	1	0	2	0	36
chr5	145760526	145764930	2	2	1	9	0	18
chr5	145765001	145796441	2	2	1	8	1	15
chr5	145796548	145817893	2	2	1	8	0	35
chr5	145818055	145819944	2	2	1	12	0	27
chr5	145820019	145823076	2	2	1	2	0	18
chr5	145823135	145835176	2	2	1	1	0	10
chr5	145938307	146000057	1	1	1	4	0	36
chr5	146000328	146004057	1	1	1	35	0	36
chr5	146004154	146013746	1	1	1	15	0	24
chr5	146014062	146047771	1	1	1	7	0	37
chr5	146047864	146049074	1	1	1	14	0	27
chr5	146049246	146055980	1	1	1	6	0	37
chr5	146055248	146055980	1	1	0	2	0	26
chr5	146056214	146059865	1	1	1	1	0	11
chr5	146060225	146062425	1	1	1	16	0	35
chr5	146062735	146078459	1	1	1	1	0	22
chr5	146105114	146120370	2	2	0	1	0	19
chr5	146114312	146119008	2	2	1	3	4	30
chr5	146114312	146120370	2	2	1	123	4	37
chr5	146120504	146122491	2	2	1	77	0	37
chr5	146122588	146123981	2	2	1	178	0	32
chr5	146124087	146126434	2	2	1	448	0	36
chr5	146126546	146128671	2	2	1	134	0	34
chr5	146128780	146128977	2	2	1	25	0	23
chr5	146128783	146128977	2	2	1	261	0	37
chr5	146129119	146130017	2	2	1	86	0	37
chr5	146130159	146131018	2	2	1	233	0	37
chr5	146130159	146132897	2	2	1	2	0	29
chr5	146131110	146132897	2	2	1	88	1	36
chr5	146131110	146133006	2	2	0	1	0	15
chr5	146133082	146135600	2	2	1	33	0	37
chr5	146135665	146139615	2	2	1	1	0	10
chr5	146135665	146140203	2	2	1	109	0	36
chr5	146140262	146142871	2	2	1	150	0	35
chr5	146141637	146142871	2	2	0	2	0	14
chr5	146143085	146143411	2	2	1	67	0	35
chr5	146143551	146144266	2	2	1	150	0	36
chr5	146144350	146144471	2	2	1	121	0	36
chr5	146144538	146144623	2	2	1	301	0	37
chr5	146144538	146144662	2	2	1	13	0	37
chr5	146144710	146149433	2	2	0	1	0	25
chr5	146144710	146149621	2	2	1	154	0	37
chr5	146149700	146151861	2	2	1	70	0	37
chr5	146152003	146153173	2	2	1	24	0	36
chr5	146153228	146153733	2	2	1	99	0	36
chr5	146153811	146153892	2	2	1	86	0	37
chr5	146153981	146157402	2	2	1	58	5	37
chr5	146153981	146159406	2	2	1	0	5	3
chr5	146157629	146157727	2	2	1	114	0	36
chr5	146157796	146159406	2	2	1	87	0	36
chr5	146159093	146159406	2	2	0	3	0	24
chr5	146159471	146160373	2	2	1	212	0	37
chr5	146160487	146161163	2	2	0	4	0	22
chr5	146160487	146164309	2	2	1	27	0	33
chr5	146164472	146168127	2	2	1	115	10	35
chr5	146164472	146171909	2	2	1	7	10	36
chr5	146168266	146171022	2	2	0	1	0	15
chr5	146168266	146171909	2	2	1	177	0	37
chr5	146171991	146172686	2	2	1	167	0	33
chr5	146172775	146177546	2	2	1	141	0	36
chr5	146172775	146182487	2	2	1	2	0	5
chr5	146177666	146182487	2	2	1	129	0	35
chr5	146203825	146218984	1	1	1	14	1	37
chr5	146219104	146223402	1	1	1	15	0	27
chr5	146223528	146228945	1	1	1	22	0	35
chr5	146229038	146229716	1	1	1	58	0	36
chr5	146229911	146230653	1	1	0	4	0	12
chr5	146229911	146230656	1	1	1	40	0	36
chr5	146230918	146233449	1	1	1	14	0	19
chr5	146233744	146237297	1	1	1	24	0	37
chr5	146237433	146251710	1	1	1	12	0	22
chr5	146237433	146254942	1	1	1	8	0	33
chr5	146251876	146254942	1	1	1	8	0	26
chr5	146255093	146258448	1	1	1	26	0	32
chr5	146258594	146260744	1	1	1	93	0	37
chr5	146260899	146261509	1	1	1	62	0	36
chr5	146260899	146263490	1	1	0	1	0	13
chr5	146261807	146263490	1	1	1	54	0	26
chr5	146261807	146267648	1	1	0	1	0	20
chr5	146263632	146267648	1	1	1	37	0	36
chr5	146267769	146269206	1	1	1	59	0	35
chr5	146269282	146269419	1	1	1	110	0	35
chr5	146269585	146270953	1	1	1	31	0	33
chr5	146271059	146271482	1	1	1	19	0	35
chr5	146271675	146284621	1	1	1	128	0	37
chr5	146284733	146285946	1	1	1	23	0	33
chr5	146447409	146455055	1	1	1	7	0	18
chr5	146455282	146457182	1	1	1	33	0	37
chr5	146457336	146458883	1	1	1	109	0	36
chr5	146459338	146463550	1	1	1	53	0	31
chr5	146459338	146463634	1	1	0	5	0	15
chr5	146463794	146468340	1	1	1	5	0	35
chr5	146463794	146469543	1	1	1	111	0	37
chr5	146468404	146469543	1	1	1	6	0	33
chr5	146469745	146470635	1	1	1	128	0	36
chr5	146469745	146470640	1	1	1	3	0	3
chr5	146470749	146471487	1	1	1	75	0	36
chr5	146471577	146478492	1	1	1	54	0	37
chr5	146478654	146479854	1	1	1	97	0	37
chr5	146479912	146480027	1	1	1	144	24	36
chr5	146480095	146481149	1	1	1	6	24	35
chr5	146480095	146482591	1	1	1	108	26	37
chr5	146481201	146482591	1	1	1	20	0	35
chr5	146482005	146482591	1	1	0	1	0	25
chr5	146482728	146483539	1	1	1	105	0	36
chr5	146483630	146492919	1	1	1	198	0	37
chr5	146493039	146498535	1	1	1	52	0	37
chr5	146498687	146503374	1	1	1	47	0	36
chr5	146503540	146503823	1	1	1	73	0	35
chr5	146503540	146507027	1	1	0	4	0	12
chr5	146504007	146507027	1	1	1	99	0	36
chr5	146507208	146507872	1	1	1	95	0	32
chr5	146507957	146509144	1	1	1	196	0	36
chr5	146509246	146510066	1	1	1	4	0	26
chr5	146509246	146510440	1	1	1	93	0	36
chr5	146510161	146510440	1	1	1	15	0	37
chr5	146590227	146592970	2	2	1	2	0	19
chr5	146600461	146638250	2	2	1	2	0	25
chr5	146698145	146701044	2	2	1	2	0	32
chr5	147383506	147383889	1	1	1	2	0	37
chr5	147394124	147395558	2	2	1	21	0	36
chr5	147395722	147397665	2	2	1	15	0	35
chr5	147397846	147399081	2	2	1	31	0	35
chr5	147399253	147400691	2	2	1	79	0	35
chr5	147400834	147401539	2	2	1	81	0	36
chr5	147401697	147405609	2	2	1	43	0	33
chr5	147405731	147408727	2	2	1	57	0	35
chr5	147408797	147412607	2	2	1	52	0	34
chr5	147412689	147413595	2	2	1	95	0	36
chr5	147413658	147415708	2	2	1	32	0	31
chr5	147415874	147418446	2	2	1	65	0	37
chr5	147418632	147424874	2	2	1	46	0	35
chr5	147424964	147453548	2	2	1	1	0	6
chr5	147424964	147509477	2	2	1	9	0	21
chr5	147591687	147612305	2	2	1	1	0	22
chr5	147612372	147617910	2	2	1	1	0	26
chr5	147618115	147620665	2	2	1	2	0	9
chr5	147620744	147623620	2	2	1	1	0	32
chr5	147623690	147628750	2	2	1	1	0	37
chr5	147628817	147629692	2	2	1	1	0	16
chr5	147629747	147631412	2	2	1	2	0	25
chr5	147631512	147632679	2	2	1	2	0	5
chr5	147632779	147636221	2	2	1	1	0	27
chr5	147636285	147636964	2	2	1	4	0	30
chr5	147639761	147640703	2	2	1	7	0	21
chr5	147641765	147644057	2	2	1	1	0	33
chr5	147644199	147644849	2	2	1	3	0	21
chr5	147644997	147648375	2	2	1	1	0	13
chr5	147824707	147828021	2	2	1	1	0	11
chr5	147828129	147829598	2	2	1	7	0	33
chr5	147829631	147831522	2	2	1	2	0	3
chr5	147831802	147839097	2	2	0	1	0	22
chr5	147897042	147901628	2	2	1	1	0	22
chr5	147901774	147906431	2	2	1	3	0	19
chr5	148384040	148394713	1	1	1	7	0	24
chr5	148385107	148394713	1	1	1	6	0	24
chr5	148387599	148392042	1	1	0	1	0	32
chr5	148394905	148397618	1	1	1	5	0	19
chr5	148394905	148398998	1	1	1	40	0	33
chr5	148399133	148401981	1	1	1	26	0	35
chr5	148399133	148402347	1	1	0	1	0	30
chr5	148402146	148402347	1	1	1	8	0	31
chr5	148402514	148404684	1	1	1	21	0	36
chr5	148404823	148406256	1	1	1	50	0	36
chr5	148406395	148409123	1	1	1	19	0	32
chr5	148409218	148410634	1	1	1	18	0	22
chr5	148410766	148411079	1	1	0	3	0	37
chr5	148410766	148414135	1	1	1	13	0	26
chr5	148414307	148415927	1	1	1	24	0	35
chr5	148416071	148416993	1	1	1	3	0	32
chr5	148417205	148423997	1	1	1	29	0	36
chr5	148424118	148425521	1	1	1	17	0	34
chr5	148425702	148427209	1	1	0	2	0	17
chr5	148425702	148427212	1	1	1	15	0	34
chr5	148425702	148433423	1	1	1	26	0	36
chr5	148427723	148433423	1	1	1	3	0	29
chr5	148427948	148433423	1	1	1	17	0	36
chr5	148433525	148433634	1	1	1	6	0	36
chr5	148433738	148438331	1	1	1	26	0	32
chr5	148438499	148439646	1	1	1	26	1	34
chr5	148439793	148440423	1	1	1	48	0	36
chr5	148440528	148441123	1	1	1	9	0	34
chr5	148441238	148441968	1	1	1	20	0	33
chr5	148828006	148863696	1	1	0	1	0	24
chr5	149003086	149003725	2	4	1	3	0	30
chr5	149004903	149006880	2	2	1	16	0	15
chr5	149007078	149008850	2	2	1	17	0	36
chr5	149009002	149010269	2	2	1	21	0	36
chr5	149010393	149012583	2	2	1	10	0	29
chr5	149010393	149026571	2	2	0	1	0	12
chr5	149012735	149026571	2	2	1	11	4	21
chr5	149026753	149026859	2	2	1	5	0	24
chr5	149026753	149027601	2	2	0	2	0	31
chr5	149026753	149028676	2	2	0	1	0	21
chr5	149027029	149028356	2	2	0	2	0	23
chr5	149028555	149028676	2	2	1	5	0	36
chr5	149028719	149031553	2	2	1	19	0	37
chr5	149031688	149038294	2	2	1	22	0	34
chr5	149036992	149037120	2	2	0	2	0	32
chr5	149038491	149040603	2	2	1	37	0	35
chr5	149040678	149041415	2	2	1	7	0	31
chr5	149040678	149041473	2	2	1	4	0	17
chr5	149041618	149042693	2	2	1	28	0	36
chr5	149042838	149044532	2	2	1	20	0	34
chr5	149042863	149044532	2	2	0	5	0	25
chr5	149044639	149047861	2	2	1	16	0	36
chr5	149047990	149048819	2	2	0	7	0	30
chr5	149047990	149052141	2	2	1	41	0	37
chr5	149047990	149052204	2	2	0	2	0	25
chr5	149052241	149062970	2	2	1	3	0	28
chr5	149064175	149064249	1	1	1	2	0	32
chr5	149141655	149142008	1	1	1	12	0	36
chr5	149142109	149183451	1	1	1	51	0	35
chr5	149166493	149183451	1	1	0	1	0	30
chr5	149183590	149198218	1	1	1	47	9	36
chr5	149198403	149200315	1	1	1	7	0	25
chr5	149200429	149202771	1	1	0	4	0	18
chr5	149200429	149207007	1	1	1	20	0	34
chr5	149205318	149207007	1	1	0	4	0	23
chr5	149207135	149210725	1	1	1	14	0	26
chr5	149210820	149216958	1	1	1	14	0	31
chr5	149217047	149230648	1	1	1	37	0	37
chr5	149230708	149233228	1	1	1	55	0	37
chr5	149233301	149239758	1	1	1	23	0	37
chr5	149239889	149242490	1	1	1	20	0	32
chr5	149239889	149244880	1	1	1	23	0	36
chr5	149240775	149242490	1	1	1	4	0	30
chr5	149242539	149244880	1	1	1	21	0	34
chr5	149244357	149244880	1	1	0	1	0	25
chr5	149245016	149246481	1	1	1	21	1	36
chr5	149245506	149246481	1	1	0	3	0	25
chr5	149246547	149247781	1	1	1	16	0	32
chr5	149247930	149249814	1	1	1	39	0	30
chr5	149249845	149250432	1	1	0	1	0	30
chr5	149249845	149250446	1	1	1	32	0	30
chr5	149249845	149250489	1	1	0	1	0	16
chr5	149250506	149251358	1	1	1	17	0	36
chr5	149251420	149252200	1	1	1	37	0	25
chr5	149251429	149252754	0	0	1	0	1	6
chr5	149252209	149252756	1	1	1	47	1	8
chr5	149252838	149258290	1	1	1	9	0	37
chr5	149301231	149302417	1	1	1	8	0	34
chr5	149305573	149306305	1	1	0	1	0	17
chr5	149306405	149307401	1	1	1	8	0	22
chr5	149307614	149309955	1	1	1	4	0	19
chr5	149310136	149312111	1	1	1	5	0	22
chr5	149312205	149315820	1	1	1	7	0	36
chr5	149315915	149316150	1	1	1	1	0	25
chr5	149316304	149317728	1	1	1	13	0	33
chr5	149317941	149319581	1	1	1	12	0	35
chr5	149319728	149320390	1	1	1	5	0	9
chr5	149320464	149322605	1	1	1	2	0	36
chr5	149329831	149332694	1	1	1	4	0	18
chr5	149332874	149335593	1	1	1	13	0	27
chr5	149335723	149340006	1	1	1	16	0	23
chr5	149345617	149348271	1	1	1	16	0	33
chr5	149348426	149349653	1	1	1	31	0	35
chr5	149348426	149350917	1	1	1	5	0	17
chr5	149349736	149350917	1	1	1	46	0	37
chr5	149493619	149494473	2	2	0	2	0	20
chr5	149493622	149494473	2	2	0	6	0	21
chr5	149496861	149504680	2	2	0	3	0	29
chr5	149496861	149505446	2	2	1	386	0	36
chr5	149496861	149505482	2	4	1	121	1	37
chr5	149501131	149504680	2	2	0	1	0	16
chr5	149502864	149506021	1	1	0	0	2	27
chr5	149504736	149505446	2	2	0	2	0	22
chr5	149505596	149507026	2	2	1	557	0	36
chr5	149507134	149509878	2	2	1	207	0	37
chr5	149509954	149511793	2	2	1	445	1	37
chr5	149511873	149513069	2	2	1	277	0	37
chr5	149513177	149520289	2	2	0	4	0	25
chr5	149513210	149515668	2	2	1	2	5	21
chr5	149513210	149517793	2	2	1	74	0	36
chr5	149513210	149520289	2	2	1	1123	9	37
chr5	149517878	149520289	2	2	1	43	0	37
chr5	149520389	149525044	2	2	1	426	5	37
chr5	149520389	149550074	2	2	1	1	0	3
chr5	149525172	149550074	2	2	1	82	7	37
chr5	149531512	149550074	2	2	1	1	0	36
chr5	149545832	149550074	2	2	0	2	0	24
chr5	149549514	149550074	2	2	1	11	0	35
chr5	149550182	149550841	2	2	1	193	0	37
chr5	149616767	149618175	1	1	1	1	0	3
chr5	149619043	149620353	1	1	1	1	0	17
chr5	149654893	149655489	2	2	0	0	1	22
chr5	149655146	149655493	2	2	0	0	1	26
chr5	149655197	149655493	2	2	0	0	1	26
chr5	149730421	149820432	1	1	1	4	0	24
chr5	149820607	149826672	1	1	1	5	0	35
chr5	149830884	149832655	1	1	1	5	0	28
chr5	149835684	149836262	1	1	0	1	0	17
chr5	149837074	149840040	1	1	1	2	0	4
chr5	149840117	149842255	1	1	1	1	0	33
chr5	149842378	149845759	1	1	1	2	0	14
chr5	149845915	149847457	1	1	1	1	0	9
chr5	149896777	149898362	2	2	1	1	0	28
chr5	149960980	149977627	1	1	1	4	0	37
chr5	149978352	149980292	1	1	1	7	0	28
chr5	149978352	149980341	1	1	0	1	0	19
chr5	150001180	150004850	1	1	1	5	0	35
chr5	150004990	150006472	1	1	1	18	0	32
chr5	150006648	150010110	1	1	1	31	0	37
chr5	150006648	150012254	1	1	0	2	0	15
chr5	150010609	150012254	1	1	1	16	0	29
chr5	150012354	150018565	1	1	1	34	0	34
chr5	150018698	150024261	1	1	1	23	0	37
chr5	150024409	150024504	1	1	1	4	0	12
chr5	150024681	150026705	1	1	1	13	0	28
chr5	150026882	150027019	1	1	1	19	0	35
chr5	150027118	150030740	1	1	1	23	0	36
chr5	150030840	150032453	1	1	1	29	0	36
chr5	150032604	150036635	1	1	1	46	0	37
chr5	150032604	150037399	1	1	0	1	0	14
chr5	150036938	150037399	1	1	1	20	0	36
chr5	150037528	150040747	1	1	1	15	0	20
chr5	150040880	150041784	1	1	1	30	0	36
chr5	150041970	150045465	1	1	1	63	0	34
chr5	150045686	150047623	1	1	1	15	0	36
chr5	150047758	150048568	1	1	1	66	0	25
chr5	150048686	150050251	1	1	1	15	0	32
chr5	150050462	150051724	1	1	1	40	0	37
chr5	150125578	150126519	2	2	1	2	0	21
chr5	150298613	150302062	2	2	1	1	0	25
chr5	150357855	150361155	1	1	1	88	0	36
chr5	150361212	150364112	1	1	1	52	0	34
chr5	150364253	150367843	1	1	1	93	0	36
chr5	150367767	150367843	1	1	0	2	0	19
chr5	150367918	150368715	1	1	1	162	0	37
chr5	150367918	150396742	1	1	1	0	40	5
chr5	150368903	150369528	1	1	1	31	0	36
chr5	150369603	150372005	1	1	1	85	0	36
chr5	150369603	150374173	1	1	1	7	0	31
chr5	150369603	150374616	1	1	1	3	0	11
chr5	150372237	150374173	1	1	1	26	0	37
chr5	150374387	150374616	1	1	1	15	0	34
chr5	150374812	150374953	1	1	1	17	0	35
chr5	150375164	150375338	1	1	1	12	0	31
chr5	150375555	150375720	1	1	1	50	0	37
chr5	150375910	150376081	1	1	1	185	0	35
chr5	150376331	150376422	1	1	1	59	0	36
chr5	150376621	150378904	1	1	1	172	0	36
chr5	150378705	150378904	1	1	1	1	0	3
chr5	150379043	150379228	1	3	1	77	0	37
chr5	150379409	150379531	1	1	1	39	0	34
chr5	150379733	150383061	1	1	1	13	0	35
chr5	150379733	150383064	1	1	1	0	1	3
chr5	150379733	150383737	1	1	1	0	1	3
chr5	150379733	150387901	1	1	1	27	1	34
chr5	150383173	150387901	1	1	1	9	1	31
chr5	150388089	150389886	1	1	1	64	0	36
chr5	150390024	150391543	1	1	1	57	0	35
chr5	150390024	150391956	1	1	1	52	0	37
chr5	150391658	150391956	1	1	1	53	0	33
chr5	150391663	150391962	2	2	0	1	0	23
chr5	150392177	150392704	1	1	1	35	0	36
chr5	150392177	150392707	1	1	1	12	0	31
chr5	150392791	150393371	1	1	1	61	0	36
chr5	150393553	150396281	1	1	1	83	0	37
chr5	150393553	150398353	1	1	0	1	0	28
chr5	150396843	150398353	1	1	1	110	2	36
chr5	150398452	150399021	1	1	1	272	0	37
chr5	150399071	150399809	1	1	1	194	0	36
chr5	150402005	150406258	2	2	1	0	2	4
chr5	150402021	150402562	2	2	0	4	0	36
chr5	150402052	150411446	2	2	0	0	1	16
chr5	150402251	150402562	2	2	1	439	0	37
chr5	150402626	150403120	2	2	1	10	0	32
chr5	150402626	150404679	2	2	1	334	0	36
chr5	150402626	150406258	2	2	1	2	0	23
chr5	150403313	150404679	2	2	1	54	0	36
chr5	150403734	150409401	2	2	0	0	1	35
chr5	150404768	150405084	2	2	1	405	0	37
chr5	150404768	150406258	2	2	0	1	0	26
chr5	150405181	150406258	2	2	1	359	0	36
chr5	150406322	150406880	2	2	1	344	0	37
chr5	150406961	150407151	2	2	1	62	0	36
chr5	150407325	150412624	2	2	1	443	0	37
chr5	150430169	150473737	1	3	0	0	1	29
chr5	150444352	150445608	2	2	0	4	0	25
chr5	150444354	150445608	2	2	1	1339	1	36
chr5	150444637	150445608	2	2	0	1	0	12
chr5	150445686	150446801	2	2	1	1931	1	37
chr5	150446920	150447584	2	2	0	1	0	14
chr5	150446964	150447584	2	2	1	1990	0	37
chr5	150447736	150448832	2	2	1	0	1	4
chr5	150447736	150449485	2	2	1	150	0	37
chr5	150447736	150449491	2	2	1	67	1	35
chr5	150447736	150449702	2	2	1	10	0	29
chr5	150486024	150520867	1	1	0	1	0	28
chr5	150497980	150520867	1	1	1	2	0	25
chr5	150521768	150527803	1	1	1	4	0	12
chr5	150528299	150532944	1	1	1	55	0	34
chr5	150533033	150534866	1	1	1	104	0	37
chr5	150535022	150535699	1	1	1	37	0	32
chr5	150535026	150535699	1	1	0	1	0	30
chr5	150535886	150539227	1	1	1	108	0	37
chr5	150539357	150540081	1	1	1	43	0	35
chr5	150540265	150541569	1	1	1	20	0	37
chr5	150540265	150545311	1	1	0	2	0	18
chr5	150541667	150542847	1	3	1	83	0	35
chr5	150541671	150542847	1	1	0	2	0	32
chr5	150542972	150545311	1	1	1	87	0	37
chr5	150545487	150548217	1	1	1	37	0	36
chr5	150545487	150549677	1	1	1	0	6	5
chr5	150548389	150549677	1	1	1	19	6	37
chr5	150549788	150551752	1	1	1	85	0	36
chr5	150551856	150553212	1	1	1	75	0	29
chr5	150551895	150553212	1	1	0	5	0	29
chr5	150637959	150647943	1	1	0	1	0	26
chr5	150691882	150692894	2	2	1	61	0	37
chr5	150693027	150693218	2	2	1	104	0	36
chr5	150693308	150694075	2	2	1	94	0	37
chr5	150694241	150695505	2	2	1	25	0	33
chr5	150695707	150696532	2	4	1	124	0	37
chr5	150696706	150696790	2	2	1	42	0	36
chr5	150696892	150698498	2	2	1	33	21	31
chr5	150696892	150699255	0	0	1	0	21	6
chr5	150698632	150699241	2	2	1	68	0	30
chr5	150699272	150700443	2	2	1	77	0	30
chr5	150700498	150700931	2	2	1	48	0	36
chr5	150711363	150715564	2	2	1	52	0	32
chr5	150715663	150718275	2	2	1	36	0	32
chr5	150718384	150719715	2	2	1	14	0	34
chr5	150719771	150722906	2	2	1	41	0	37
chr5	150722981	150730630	2	2	1	135	0	37
chr5	150730741	150731043	2	2	1	57	0	36
chr5	150731157	150731415	2	2	1	23	0	34
chr5	150731490	150733367	2	2	1	51	0	37
chr5	150733476	150742113	2	2	1	46	2	33
chr5	150733476	150753478	2	2	1	3	0	5
chr5	150742158	150753478	2	2	1	80	2	34
chr5	150753658	150756416	2	2	1	60	0	37
chr5	150756488	150758858	2	2	1	27	0	37
chr5	150778973	150795429	1	1	1	2	0	7
chr5	150896974	150898061	0	0	1	2	0	34
chr5	150898185	150898427	2	2	1	8	0	30
chr5	150898555	150902408	2	2	0	1	0	30
chr5	150903183	150903863	2	2	1	3	0	15
chr5	150903384	150903863	2	2	1	1	0	19
chr5	150903978	150904703	2	2	1	2	0	34
chr5	151027532	151027908	1	1	1	6	0	30
chr5	151030124	151035040	2	4	1	0	20	10
chr5	151030674	151032286	2	2	1	1	0	20
chr5	151030748	151032286	2	2	1	20	0	36
chr5	151032384	151033607	2	2	1	11	0	30
chr5	151032401	151033607	2	2	1	2	0	29
chr5	151032866	151045920	2	2	1	0	1	3
chr5	151033800	151035001	2	2	1	67	0	32
chr5	151035068	151035581	2	2	1	91	0	36
chr5	151035708	151036789	2	2	1	59	2	36
chr5	151036922	151039096	2	2	1	98	0	35
chr5	151039226	151042539	2	4	1	23	0	30
chr5	151042672	151042895	2	2	1	53	0	34
chr5	151042962	151045860	2	2	1	47	0	36
chr5	151045951	151049823	2	2	1	75	4	35
chr5	151049948	151052164	2	2	1	38	0	36
chr5	151052260	151056765	2	2	1	6	2	27
chr5	151056958	151060317	2	2	1	35	0	30
chr5	151056958	151062126	2	2	0	1	0	20
chr5	151060396	151062126	2	2	1	32	0	37
chr5	151062213	151063612	2	2	1	94	0	37
chr5	151063748	151064959	2	2	1	21	0	34
chr5	151063748	151080879	2	2	1	5	0	34
chr5	151063748	151087084	2	2	1	2	0	15
chr5	151065132	151080879	2	2	1	10	0	24
chr5	151101508	151103569	2	2	1	130	0	37
chr5	151103693	151105244	2	2	1	62	0	33
chr5	151105304	151108454	2	2	1	89	0	37
chr5	151108551	151109752	2	2	1	190	0	37
chr5	151109847	151110626	2	2	1	109	0	19
chr5	151109847	151117126	2	2	1	32	0	37
chr5	151110645	151117126	2	2	1	126	0	20
chr5	151117181	151117757	2	2	1	84	0	37
chr5	151117838	151119299	2	2	1	34	0	36
chr5	151119391	151122146	2	2	1	25	0	36
chr5	151122261	151122916	2	2	1	81	0	34
chr5	151123012	151124285	2	2	1	141	0	36
chr5	151124368	151126401	2	2	1	44	0	36
chr5	151126481	151128180	2	2	1	87	0	36
chr5	151128240	151129406	2	2	1	105	0	37
chr5	151129530	151131230	2	2	1	51	0	35
chr5	151131290	151132475	2	2	1	59	0	34
chr5	151132572	151133093	2	2	1	113	0	34
chr5	151133188	151134426	2	2	1	113	0	35
chr5	151134484	151136255	2	2	1	120	1	35
chr5	151136336	151137230	2	2	1	86	0	36
chr5	151137322	151138677	2	2	1	105	0	36
chr5	151138792	151139352	2	2	1	140	0	35
chr5	151139448	151140152	2	2	1	62	1	37
chr5	151140244	151147883	2	2	1	35	0	37
chr5	151147927	151157679	2	2	1	12	0	25
chr5	151185542	151186022	2	2	1	1	0	27
chr5	151186125	151187385	2	2	1	3	0	20
chr5	151187460	151198996	2	2	1	2	0	33
chr5	151199085	151201581	2	2	1	4	0	14
chr5	151201689	151205399	2	2	1	3	0	20
chr5	151253298	151259754	1	1	1	4	0	24
chr5	151259917	151266730	1	1	1	17	0	25
chr5	151266914	151267295	1	1	1	17	0	37
chr5	151267481	151270149	1	1	0	1	0	31
chr5	151447814	151458787	1	1	1	4	0	20
chr5	151447880	151458787	1	1	1	2	0	36
chr5	151447994	151452342	1	1	0	1	0	31
chr5	151458936	151463552	1	1	1	8	0	26
chr5	151463644	151464513	1	1	1	2	0	23
chr5	151463690	151464513	1	1	0	1	0	28
chr5	151464603	151465073	1	1	1	2	0	18
chr5	151465170	151467198	1	1	1	4	0	5
chr5	151467284	151467706	1	1	1	20	0	37
chr5	151473772	151476589	1	1	1	9	0	32
chr5	151476757	151476854	1	1	1	1	0	5
chr5	151476757	151479319	1	1	1	1	0	10
chr5	151479490	151487982	1	1	1	5	0	37
chr5	151662217	151662252	1	1	0	2	0	37
chr5	151663598	151664086	2	2	0	3	0	16
chr5	151663600	151664086	2	2	1	529	0	37
chr5	151664236	151666360	2	2	1	995	0	36
chr5	151666510	151667466	2	2	1	226	0	36
chr5	151666510	151669663	2	2	0	1	0	12
chr5	151666525	151667466	2	2	1	1	0	10
chr5	151667601	151669663	2	2	1	491	0	37
chr5	151669785	151671572	2	2	1	520	5	37
chr5	151671695	151673128	2	2	1	317	0	36
chr5	151673217	151674611	2	2	1	426	38	35
chr5	151673217	151686864	2	2	1	0	38	6
chr5	151674672	151676131	2	2	0	2	0	31
chr5	151674675	151676131	2	2	1	116	0	36
chr5	151676202	151686864	2	2	1	2	0	20
chr5	151742960	151746278	2	2	1	155	0	37
chr5	151742960	151751703	2	2	0	1	0	36
chr5	151746450	151751703	2	2	1	128	0	31
chr5	151751780	151758545	2	2	1	4	0	14
chr5	151772037	151786571	1	1	1	20	8	30
chr5	151772037	151786602	1	1	1	10	0	29
chr5	151772669	151786571	1	1	1	7	3	27
chr5	151772669	151786602	1	1	1	8	0	28
chr5	151786624	151790990	1	1	1	0	11	7
chr5	151786716	151790322	1	1	1	389	0	37
chr5	151786716	151790888	1	1	1	1	0	7
chr5	151787795	151790322	1	1	1	6	0	26
chr5	151790405	151790888	1	1	1	677	0	37
chr5	151791021	151805490	1	3	1	1	4	8
chr5	151791063	151794158	1	1	1	204	0	36
chr5	151794223	151795528	1	1	1	3	0	3
chr5	151794250	151795478	1	1	1	586	0	37
chr5	151794250	151795480	1	1	0	1	0	16
chr5	151795576	151797226	1	1	1	527	0	37
chr5	151797429	151799211	1	1	1	302	0	37
chr5	151799314	151799888	1	1	1	512	23	37
chr5	151799314	151803884	1	1	1	0	23	3
chr5	151800001	151800217	1	1	1	603	0	37
chr5	151800347	151800759	1	1	1	363	0	37
chr5	151800870	151803884	1	1	1	399	1	37
chr5	151803997	151804405	1	1	1	1	0	23
chr5	153356957	153442528	1	1	0	2	0	18
chr5	153402618	153442528	1	1	0	0	1	12
chr5	153421756	153442531	2	2	0	1	0	26
chr5	153424969	153442528	1	1	0	1	0	20
chr5	153441514	153442531	2	2	0	2	1	26
chr5	153993111	153994918	2	2	1	24	0	37
chr5	153994973	153997802	2	2	1	17	0	31
chr5	153997876	154002250	2	2	1	10	0	28
chr5	154002391	154002846	2	2	1	15	0	26
chr5	154002970	154011240	2	2	1	26	0	33
chr5	154002970	154026398	2	2	0	2	0	15
chr5	154011321	154026398	2	2	1	37	0	33
chr5	154027335	154028148	2	2	1	50	0	36
chr5	154028284	154029488	2	2	1	39	0	30
chr5	154029581	154033790	2	2	1	2	0	14
chr5	154033884	154034277	2	2	1	16	0	31
chr5	154034378	154034743	2	2	1	4	0	22
chr5	154034947	154038292	2	2	1	1	0	16
chr5	154034968	154036721	2	2	1	2	0	37
chr5	154034968	154038292	2	2	1	1	0	27
chr5	154050018	154052919	1	1	1	74	0	35
chr5	154294919	154297940	1	1	1	9	0	24
chr5	154298080	154329571	1	1	1	37	0	37
chr5	154329739	154376276	1	1	1	10	0	35
chr5	154376463	154380447	1	1	1	5	0	35
chr5	154380632	154386312	1	1	1	6	0	12
chr5	154386431	154404103	1	1	1	11	0	34
chr5	154409763	154412888	1	1	1	1	0	14
chr5	154413006	154415782	1	1	1	9	0	26
chr5	154415933	154416813	1	1	1	9	0	18
chr5	154446806	154451090	1	1	1	7	0	27
chr5	154446806	154453416	1	1	1	1	0	8
chr5	154451214	154452455	1	1	1	3	0	30
chr5	154451214	154453401	1	1	1	21	0	34
chr5	154452496	154453401	1	3	1	2	0	11
chr5	154452500	154453401	1	1	1	4	0	32
chr5	154453501	154455899	1	1	1	24	0	33
chr5	154756194	154790324	1	1	1	8	1	29
chr5	154790152	154790324	1	1	0	2	0	24
chr5	154790387	154790644	1	1	1	84	0	36
chr5	154790711	154792621	1	1	1	120	1	36
chr5	154792014	154792621	1	1	1	0	1	4
chr5	154792797	154793594	1	1	1	141	0	36
chr5	154793724	154793799	1	1	1	177	0	35
chr5	154793724	154794099	1	1	1	4	0	28
chr5	154793724	154799590	1	1	0	1	0	25
chr5	154794001	154794099	1	1	1	15	0	35
chr5	154794263	154795174	1	1	1	120	0	36
chr5	154795320	154799590	1	1	1	63	0	36
chr5	154799760	154799872	1	1	1	193	0	37
chr5	154799760	154799899	1	1	1	3	0	3
chr5	154800043	154802006	1	1	1	42	0	36
chr5	154800043	154802009	1	1	0	1	0	21
chr5	154802400	154803289	1	1	1	72	0	37
chr5	154803414	154803539	1	1	1	151	0	35
chr5	154803746	154804200	1	1	1	252	0	37
chr5	154804308	154804860	1	1	1	2	0	23
chr5	154804308	154805880	1	1	1	137	0	35
chr5	154806033	154808458	1	1	1	126	0	37
chr5	154808604	154811246	1	1	1	100	0	37
chr5	154811357	154811512	1	1	1	126	0	36
chr5	154811641	154813886	1	1	1	156	1	35
chr5	154811641	154817271	1	1	0	2	0	29
chr5	154811641	154823198	1	1	0	3	0	29
chr5	154858526	154858638	1	3	1	5	0	13
chr5	154858769	154859352	1	1	1	2	0	7
chr5	154858769	154863206	1	1	1	7	0	25
chr5	154858802	154863206	1	1	1	1	0	19
chr5	154858817	154863206	1	1	1	6	0	7
chr5	154863396	154865191	1	1	1	19	0	34
chr5	154865386	154870660	1	1	1	68	0	36
chr5	154870823	154871729	1	1	1	26	0	37
chr5	154871875	154872540	1	1	1	46	0	37
chr5	154872652	154875289	1	1	1	39	0	37
chr5	154873419	154875781	2	2	0	1	0	37
chr5	154888378	154889320	2	2	1	11	0	28
chr5	154889418	154891240	2	2	1	41	0	26
chr5	154891743	154892386	2	2	1	16	0	31
chr5	154892550	154896091	2	2	1	34	0	35
chr5	154896344	154898439	2	2	1	4	0	27
chr5	154898651	154899190	2	2	1	23	0	33
chr5	154899311	154901338	2	2	1	15	0	34
chr5	154901487	154902538	2	2	1	3	1	27
chr5	154902677	154903079	2	2	1	16	0	36
chr5	154903176	154904506	2	2	1	65	0	35
chr5	154904630	154905362	2	2	1	46	0	35
chr5	154905477	154907590	2	2	1	50	0	37
chr5	154907819	154911726	2	2	1	26	0	31
chr5	154907819	154916997	2	2	0	2	0	23
chr5	154911899	154912898	2	2	1	4	1	33
chr5	154913039	154916997	2	2	1	68	0	36
chr5	154917180	154917930	2	2	1	24	0	35
chr5	154918005	154919966	2	2	1	53	0	35
chr5	154920104	154921342	2	2	1	11	0	32
chr5	154921426	154924468	2	2	1	48	0	37
chr5	154924555	154925861	2	2	1	37	0	31
chr5	154926075	154927384	2	2	1	12	1	27
chr5	154927551	154928526	2	2	1	39	0	36
chr5	154928660	154931457	2	2	1	36	0	36
chr5	154931575	154932098	2	2	0	3	0	17
chr5	154931578	154932098	2	2	1	78	0	36
chr5	154932251	154935840	2	2	1	34	0	36
chr5	154936023	154937024	2	2	1	49	0	36
chr5	154937186	154937967	2	2	1	9	0	27
chr5	154941139	154941216	1	1	1	6	0	4
chr5	154941266	154950820	1	1	1	13	0	35
chr5	154950939	154956370	1	1	1	56	0	35
chr5	154956437	154957134	1	1	1	155	0	35
chr5	154957213	154959050	1	1	0	2	0	36
chr5	154957213	154959979	1	1	1	88	0	37
chr5	154960050	154966685	1	1	1	30	0	36
chr5	155956810	155980573	1	1	0	0	1	15
chr5	156327233	156329533	1	1	1	1	0	31
chr5	156595052	156647463	1	1	1	3	0	19
chr5	156757705	156759216	1	1	1	1	0	21
chr5	156857148	156875270	1	1	0	0	1	13
chr5	156857155	156887911	2	2	0	1	0	18
chr5	157139449	157142400	2	2	1	3	0	23
chr5	157238192	157240061	1	1	1	2	0	22
chr5	157266196	157285338	1	1	1	1	0	21
chr5	157269584	157285338	1	1	1	1	0	21
chr5	157285479	157287018	1	1	1	35	0	36
chr5	157287109	157294782	1	1	1	9	0	35
chr5	157294861	157296672	1	1	1	49	0	36
chr5	157296775	157300714	1	1	1	17	0	30
chr5	157300897	157302793	1	1	1	15	0	35
chr5	157302891	157304237	1	1	1	52	0	36
chr5	157304367	157307760	1	1	1	30	0	35
chr5	157307866	157309742	1	1	1	23	0	34
chr5	157307866	157309745	1	1	0	1	0	34
chr5	157309835	157311663	1	1	1	52	0	35
chr5	157311782	157314343	1	1	1	25	0	36
chr5	157314464	157314968	1	1	1	6	0	30
chr5	157315095	157319761	1	1	1	23	0	37
chr5	157319929	157320654	1	1	1	20	0	37
chr5	157320803	157323920	1	1	1	42	0	36
chr5	157324075	157325481	1	1	1	27	0	30
chr5	157325639	157326170	1	1	1	49	0	37
chr5	157326268	157327972	1	3	1	2	0	37
chr5	157328050	157330741	1	1	1	57	1	32
chr5	157330851	157333326	1	1	1	34	1	36
chr5	157333447	157339056	1	1	1	29	0	37
chr5	157339257	157341069	1	1	1	39	0	29
chr5	157341158	157359004	1	1	1	87	0	32
chr5	157359149	157360281	1	1	1	29	0	36
chr5	157360373	157361467	1	1	1	94	1	37
chr5	157361599	157382589	1	1	1	28	0	37
chr5	157382663	157383264	1	1	1	26	0	31
chr5	157383360	157389188	1	1	1	13	0	31
chr5	157389428	157390520	1	1	1	2	0	29
chr5	157390669	157391782	1	1	0	1	0	34
chr5	157390669	157392832	1	1	1	28	0	30
chr5	157481003	157481790	2	2	1	14	0	36
chr5	157481944	157488264	2	2	1	11	0	37
chr5	157488490	157489101	2	2	1	31	0	37
chr5	157489187	157490309	2	2	1	11	0	37
chr5	157490455	157491614	2	2	1	5	0	29
chr5	157491724	157491834	2	2	1	11	0	34
chr5	157491913	157492972	2	2	1	35	0	23
chr5	157493178	157494686	2	2	1	19	0	35
chr5	157494796	157496893	2	2	1	9	0	28
chr5	157497090	157499572	2	2	1	21	0	31
chr5	157499663	157502802	2	2	1	6	1	35
chr5	157502981	157505668	2	2	1	8	0	34
chr5	157505809	157507055	2	2	1	2	0	4
chr5	157507141	157509300	2	2	1	29	0	37
chr5	157509468	157513433	2	2	1	3	0	25
chr5	157513506	157518822	2	2	1	40	0	36
chr5	157518889	157519838	2	2	1	15	0	21
chr5	157520032	157530806	2	2	1	30	0	31
chr5	157530884	157537912	2	2	1	17	0	31
chr5	157537992	157564372	2	2	1	13	0	32
chr5	157564444	157570894	2	2	1	8	0	25
chr5	157570981	157575602	2	2	1	1	0	30
chr5	157731632	157732867	1	1	1	15	0	37
chr5	157733045	157734575	1	1	1	13	0	35
chr5	157734746	157735845	1	1	1	30	0	36
chr5	157735935	157737886	1	1	1	24	0	27
chr5	157737995	157739320	1	1	1	31	11	36
chr5	157738735	157739320	1	1	1	0	11	3
chr5	157751530	157754003	1	1	1	16	0	31
chr5	157754088	157754853	1	1	1	13	0	36
chr5	157787993	157789362	2	2	1	117	0	28
chr5	157787993	157791702	2	2	0	4	0	25
chr5	157788019	157789362	2	2	1	1	0	35
chr5	157789074	157789362	2	2	0	4	0	19
chr5	157789514	157791702	2	2	1	67	0	36
chr5	157789568	157790599	2	2	0	1	0	35
chr5	157789568	157791702	2	2	1	28	0	37
chr5	157791990	157794897	2	2	0	1	0	26
chr5	157791996	157794897	2	2	1	97	0	33
chr5	157794973	157803649	2	2	1	47	0	37
chr5	157803720	157805865	2	2	1	50	0	28
chr5	157806113	157809627	2	2	1	153	0	35
chr5	157809806	157813062	2	2	1	127	2	36
chr5	157813228	157814184	2	2	1	170	6	36
chr5	157814294	157816733	2	2	1	95	0	37
chr5	157816831	157817442	2	2	1	74	0	37
chr5	157817548	157858929	2	2	1	53	0	30
chr5	159095676	159096342	2	2	1	1	0	18
chr5	159158427	159158839	2	2	1	1	0	15
chr5	159159036	159161265	2	2	1	57	0	33
chr5	159161623	159162931	2	2	1	72	1	37
chr5	159163080	159168872	2	2	1	20	0	31
chr5	159163080	159168991	2	2	1	3	0	26
chr5	159169056	159169678	2	2	1	68	0	36
chr5	159169820	159173982	2	2	1	38	0	32
chr5	159174159	159176631	2	2	1	24	0	36
chr5	159176868	159181959	2	2	1	25	0	32
chr5	159182052	159187956	2	2	0	3	0	36
chr5	159182052	159194715	2	2	1	88	0	37
chr5	159194825	159203433	2	2	1	31	0	34
chr5	159203657	159209230	2	2	1	6	0	27
chr5	159263361	159268869	1	1	1	1	2	34
chr5	159269070	159269907	1	1	1	55	0	29
chr5	159270000	159270359	1	1	1	75	0	33
chr5	159270446	159270527	1	1	1	99	0	37
chr5	159270644	159272022	1	1	1	258	0	37
chr5	159272122	159274584	1	1	1	117	0	34
chr5	159274623	159275147	1	1	1	113	0	22
chr5	159274623	159278237	1	1	0	3	0	21
chr5	159275247	159278237	1	1	1	176	0	37
chr5	159278355	159283211	1	1	1	179	0	36
chr5	159283340	159284903	1	1	1	153	0	36
chr5	159526603	159540988	1	1	0	1	0	34
chr5	159917855	159925488	1	1	0	10	0	23
chr5	159917855	159971878	1	1	1	3	0	27
chr5	159974654	159990556	2	2	0	0	1	14
chr5	160009194	160010499	1	1	1	5	0	26
chr5	160010859	160035139	1	1	1	489	0	37
chr5	160035201	160036690	1	1	1	110	0	33
chr5	160036804	160043132	1	1	1	376	0	37
chr5	160043170	160049513	1	1	1	497	0	36
chr5	160043170	160051128	1	1	0	3	0	22
chr5	160043170	160064931	1	1	0	1	0	12
chr5	160049658	160051128	1	1	0	4	0	29
chr5	160049663	160051128	1	1	1	96	0	37
chr5	160049663	160051130	1	1	0	1	0	24
chr5	160051184	160064931	1	1	1	122	0	34
chr5	160051184	160065276	1	1	0	4	0	18
chr5	160078169	160080650	2	2	1	6	1	27
chr5	160078169	160093100	2	2	1	3	1	33
chr5	160080771	160093100	2	2	1	2	0	15
chr5	160085650	160096648	1	1	0	1	0	27
chr5	160086680	160094832	1	1	0	0	2	37
chr5	160094066	160108544	2	2	1	2	0	26
chr5	160094066	160117828	2	2	0	1	0	23
chr5	160094066	160118804	2	2	1	7	0	24
chr5	160213820	160228472	1	1	1	2	0	36
chr5	160229625	160232097	1	1	1	27	0	31
chr5	160232274	160234819	1	1	1	7	0	30
chr5	160234910	160238605	1	1	1	10	0	31
chr5	160253799	160255548	2	2	1	11	0	33
chr5	160255709	160259468	2	2	1	4	0	21
chr5	160259772	160274821	2	2	1	1	0	25
chr5	160259772	160276268	2	2	1	2	0	20
chr5	160259772	160280524	2	2	1	7	0	34
chr5	160259772	160311857	2	2	0	4	0	20
chr5	160276413	160280524	2	2	1	2	0	21
chr5	160280739	160294727	2	2	1	0	4	3
chr5	160280739	160311857	2	2	1	11	4	29
chr5	160349782	160354767	2	2	1	1	0	26
chr5	160395540	160399638	2	2	1	3	0	30
chr5	160403465	160404439	2	2	1	98	0	36
chr5	160404557	160404808	2	2	1	43	1	35
chr5	160404881	160405030	2	2	1	95	0	36
chr5	160405136	160406467	2	2	1	71	0	37
chr5	160406630	160407475	2	2	1	55	0	27
chr5	160407616	160407745	2	2	1	48	0	30
chr5	160407814	160407970	2	2	1	38	0	35
chr5	160408069	160408328	2	2	1	59	0	35
chr5	160408461	160408649	2	2	1	112	0	37
chr5	160408698	160412450	2	2	1	97	0	35
chr5	160412520	160413455	2	2	1	71	0	31
chr5	160413621	160413898	2	2	1	61	0	35
chr5	160413980	160414318	2	2	1	89	0	31
chr5	160414473	160415124	2	2	1	44	0	37
chr5	160415311	160418595	2	2	1	1	0	22
chr5	160421892	160422301	1	1	1	1	0	19
chr5	160422156	160422301	1	1	1	8	0	31
chr5	160422404	160422708	1	1	1	233	0	37
chr5	160422894	160424236	1	1	1	524	0	37
chr5	160424327	160427712	2	2	0	1	0	22
chr5	160424331	160427714	1	1	1	313	0	37
chr5	160427874	160428601	1	1	1	345	0	37
chr5	161294429	161330882	2	2	1	1	0	18
chr5	161331128	161334751	2	2	1	4	0	35
chr5	161334905	161336631	2	2	1	4	0	12
chr5	161411058	161459623	2	2	1	3	0	36
chr5	161687004	161688948	1	1	1	4	0	15
chr5	163437805	163439256	1	1	1	78	0	36
chr5	163437805	163441077	1	1	1	0	1	3
chr5	163439521	163441077	1	1	1	83	1	35
chr5	163441332	163441885	1	1	1	168	0	37
chr5	163441965	163442044	1	1	1	127	0	36
chr5	163442144	163442373	1	1	1	134	0	37
chr5	163442144	163443673	1	1	1	15	0	23
chr5	163442569	163443673	1	1	1	620	0	37
chr5	163443926	163444336	1	1	1	5	0	29
chr5	163454051	163456928	2	2	1	51	0	37
chr5	163457081	163457561	2	2	1	29	0	37
chr5	163457081	163459326	2	2	0	1	0	25
chr5	163457611	163458994	2	2	1	14	0	36
chr5	163457611	163459326	2	2	1	4	0	30
chr5	163457611	163459861	2	2	1	47	0	35
chr5	163460739	163463855	1	1	1	2	0	6
chr5	163463955	163464722	1	1	1	44	0	34
chr5	163464803	163467700	1	1	1	16	0	35
chr5	163464803	163467703	1	1	1	3	0	3
chr5	163464803	163469640	1	1	1	27	0	36
chr5	163467749	163469640	1	1	1	34	0	37
chr5	163469830	163471184	1	1	1	37	0	21
chr5	163471272	163471362	1	1	1	96	0	37
chr5	163471464	163473178	1	1	1	37	0	36
chr5	163473254	163473378	1	1	1	86	0	35
chr5	163473558	163474056	1	1	1	210	0	36
chr5	163473558	163474059	1	1	0	2	0	26
chr5	163474206	163475457	1	1	1	50	0	35
chr5	163475673	163478683	1	1	1	155	0	37
chr5	163478801	163482641	1	1	1	90	6	35
chr5	163480639	163480659	0	0	0	3	0	33
chr5	163482789	163483019	1	1	1	63	0	37
chr5	163483173	163483267	1	1	1	123	0	37
chr5	163483368	163484068	1	1	1	75	0	35
chr5	163484246	163489535	1	1	0	1	0	15
chr5	163484246	163490389	1	1	1	68	1	37
chr5	163490553	163491111	1	1	1	61	0	37
chr5	163503425	163512001	1	1	1	12	0	35
chr5	163505750	163512001	1	1	1	25	0	37
chr5	163512197	163513554	1	1	1	133	0	37
chr5	163512197	163513841	1	1	1	0	3	3
chr5	163513670	163513841	1	1	1	62	3	36
chr5	163513670	163516517	1	1	0	2	0	25
chr5	163513995	163516517	1	1	1	33	0	32
chr5	163516712	163517560	1	1	1	130	0	37
chr5	163517675	163518192	1	1	1	86	0	36
chr5	164015803	164031813	1	1	0	0	1	12
chr5	164184919	164202186	1	1	0	1	0	20
chr5	166989196	166995365	1	1	0	0	1	36
chr5	167021019	167043894	2	2	0	0	1	17
chr5	168047550	168062059	1	1	1	2	0	36
chr5	168126967	168162610	1	3	1	2	0	30
chr5	168190548	168195175	1	1	1	5	0	33
chr5	168203833	168204371	1	1	1	3	0	15
chr5	168215273	168216767	1	1	1	1	0	35
chr5	168219000	168226087	1	1	1	3	0	13
chr5	168226264	168227894	1	1	1	1	0	9
chr5	168228131	168244419	1	1	1	3	0	6
chr5	168229861	168230885	2	2	1	3	0	8
chr5	168255384	168257697	2	2	0	2	0	29
chr5	168292272	168371423	1	1	1	3	0	26
chr5	168371534	168385210	1	1	1	5	0	7
chr5	168385415	168397723	1	1	1	11	0	27
chr5	168397801	168399487	1	1	1	6	0	24
chr5	168399568	168406197	1	1	1	6	0	31
chr5	168406328	168408506	1	1	1	20	0	36
chr5	168408654	168409921	1	1	1	19	0	25
chr5	168409996	168414347	1	1	1	1	0	6
chr5	168412130	168414347	1	1	1	3	0	11
chr5	168414591	168422007	1	1	1	11	0	34
chr5	168422098	168423532	1	1	1	19	0	29
chr5	168424069	168428032	1	1	1	7	0	24
chr5	168428142	168428706	1	1	1	12	0	31
chr5	168428788	168430136	1	1	1	7	0	34
chr5	168430224	168431251	1	1	1	28	0	28
chr5	168431445	168441681	1	1	1	18	0	34
chr5	168441835	168444493	1	1	1	12	0	22
chr5	168444586	168453967	1	1	1	16	0	29
chr5	168454101	168455355	1	1	1	14	0	35
chr5	168455521	168460649	1	1	1	13	0	32
chr5	168460743	168464710	1	1	1	10	0	24
chr5	168460743	168464728	1	1	1	3	0	3
chr5	168464963	168467839	1	1	1	13	0	29
chr5	168464963	168467842	1	1	1	10	0	34
chr5	168467965	168468950	1	1	1	26	0	35
chr5	168473773	168474154	1	1	0	1	0	15
chr5	168486544	168488601	1	1	1	16	4	36
chr5	168488271	168488601	1	3	1	0	4	3
chr5	168488737	168492658	1	1	1	601	0	37
chr5	168492792	168493893	1	1	1	1	0	15
chr5	168492848	168493893	1	1	1	296	0	35
chr5	168494003	168494549	1	1	1	106	0	36
chr5	168494651	168495314	1	1	1	314	0	37
chr5	168494657	168495321	1	1	0	1	0	36
chr5	168495437	168497227	1	1	1	222	0	36
chr5	168497349	168500590	1	1	1	226	0	36
chr5	168498047	168500590	1	1	1	1	0	27
chr5	168500721	168502000	1	1	1	395	0	37
chr5	168502106	168506020	1	1	1	337	0	36
chr5	168506200	168506721	1	1	1	140	0	35
chr5	168506200	168510580	1	1	0	1	0	37
chr5	168506832	168510580	1	1	1	387	0	37
chr5	168510687	168516777	1	1	1	208	0	37
chr5	168516951	168517814	1	1	1	273	0	36
chr5	168518063	168519080	1	1	1	199	0	29
chr5	168539077	168557422	2	2	0	2	0	34
chr5	168546644	168559031	2	2	0	1	0	20
chr5	168557622	168559031	2	2	1	108	0	32
chr5	168557622	168559063	2	2	0	2	0	31
chr5	168559158	168561252	2	2	0	1	0	37
chr5	168559158	168561392	2	2	1	80	0	37
chr5	168561517	168561890	2	2	0	2	0	32
chr5	168561517	168563888	2	2	1	127	0	32
chr5	168561517	168566012	2	2	1	5	0	22
chr5	168564066	168566012	2	2	1	69	0	37
chr5	168566267	168568217	2	2	0	1	0	24
chr5	168566267	168568641	2	2	0	1	0	28
chr5	168566267	168568645	2	2	1	71	0	35
chr5	168568999	168579255	2	2	1	21	0	28
chr5	168673332	168683965	2	2	1	1	0	31
chr5	168685928	168686978	2	2	1	1	0	29
chr5	168696432	168700581	2	2	1	1	0	10
chr5	169583890	169587198	1	1	1	1	0	14
chr5	169583890	169588393	1	1	1	38	0	35
chr5	169583890	169588451	1	1	0	5	0	31
chr5	169584167	169588393	1	1	1	10	0	30
chr5	169587373	169588393	1	1	1	41	0	29
chr5	169588576	169590752	1	1	1	11	0	28
chr5	169588576	169590755	1	1	1	13	0	22
chr5	169588576	169591047	1	1	1	50	0	36
chr5	169590830	169591047	1	1	1	5	0	10
chr5	169591225	169593353	1	1	1	157	0	36
chr5	169593549	169594144	1	1	1	135	0	37
chr5	169594295	169594393	1	1	1	50	0	35
chr5	169594493	169594570	1	1	1	96	0	35
chr5	169594682	169596560	1	1	1	105	0	34
chr5	169594682	169596584	1	1	1	6	0	20
chr5	169596702	169598475	1	1	1	50	3	37
chr5	169598580	169598971	1	1	1	152	0	37
chr5	169599160	169601279	1	1	1	69	0	37
chr5	169601626	169604059	1	1	1	60	0	37
chr5	169708268	169711934	1	1	1	1	0	22
chr5	169714212	169714359	1	1	1	1	0	30
chr5	169716303	169717383	1	1	1	1	0	21
chr5	169717485	169718656	1	1	1	1	0	23
chr5	169718792	169747395	1	1	1	1	0	8
chr5	169864460	169881260	2	2	0	3	0	24
chr5	169864460	169881367	2	2	1	7	0	36
chr5	169881443	169882552	2	2	1	93	0	36
chr5	169882323	169882552	2	2	0	3	0	21
chr5	169884817	169980276	2	2	1	78	0	36
chr5	169884817	169980295	2	2	1	2	0	30
chr5	169983167	169985827	1	1	1	1	0	13
chr5	170881897	170909660	1	1	0	1	0	12
chr5	170896116	170909660	1	1	1	4	0	37
chr5	170909766	170910968	1	1	1	6	0	21
chr5	170911135	170914166	1	1	1	12	0	22
chr5	170914241	170916464	1	1	1	2	0	30
chr5	170916585	170918712	1	1	1	1	0	7
chr5	170918430	170985054	2	2	0	2	0	27
chr5	170919614	170924356	1	1	1	3	0	14
chr5	170924551	170953596	1	1	1	6	0	36
chr5	170953703	170968241	1	1	1	5	0	23
chr5	170968378	170983064	1	1	1	2	0	10
chr5	170968378	171170129	1	1	1	10	0	37
chr5	171028990	171170129	1	1	1	2	0	31
chr5	171171287	171183166	1	5	1	4	0	36
chr5	171183231	171183321	1	1	1	5	0	22
chr5	171183431	171199669	1	1	1	7	0	36
chr5	171199774	171205523	1	1	1	5	0	31
chr5	171205613	171213630	1	1	1	2	0	19
chr5	171213739	171221757	1	1	1	1	0	6
chr5	171242821	171265680	1	1	1	2	0	36
chr5	171265848	171293882	1	1	1	4	0	14
chr5	171324460	171327392	1	1	0	1	0	19
chr5	171324460	171338270	1	1	0	2	0	35
chr5	171347127	171380391	2	2	0	0	1	30
chr5	171352661	171385902	1	1	0	0	1	25
chr5	171388007	171390026	1	1	0	2	0	36
chr5	171388007	171390050	1	1	1	1037	502	37
chr5	171388007	171391304	1	1	1	7	0	13
chr5	171390089	171391304	1	1	0	3	0	28
chr5	171390131	171391304	1	1	1	5670	3	36
chr5	171390265	171398638	1	1	0	2	0	13
chr5	171391425	171391705	1	1	1	2742	3	37
chr5	171391800	171392709	1	1	1	3856	13	37
chr5	171392817	171392913	1	1	1	6418	166	36
chr5	171392979	171400152	1	1	1	1282	2889	37
chr5	171392979	171405301	1	1	1	5	0	34
chr5	171400211	171400838	1	1	1	4999	312	37
chr5	171400211	171405301	1	1	1	93	17	37
chr5	171400926	171405301	1	1	1	4990	18	37
chr5	171405404	171406396	1	1	1	1879	0	37
chr5	171405404	171407128	1	1	1	4	0	34
chr5	171405404	171407699	1	1	1	197	726	37
chr5	171407162	171407699	1	1	1	3	0	6
chr5	171407608	171407699	1	1	0	1	0	22
chr5	171407775	171410484	1	1	0	1	0	33
chr5	171407775	171410526	1	1	1	194	14	37
chr5	171845695	171847660	2	2	0	4	0	24
chr5	171864102	171868609	2	2	1	57	0	33
chr5	171868797	171869728	2	2	1	67	0	30
chr5	171869808	171870747	2	2	1	31	0	37
chr5	171870859	171872871	2	2	1	74	0	37
chr5	171872991	171876284	2	2	1	102	0	36
chr5	171876535	171878010	2	2	1	153	0	36
chr5	171878130	171891466	2	2	1	79	0	36
chr5	171891605	171899003	2	2	1	79	0	33
chr5	171899095	171899913	2	2	1	90	0	37
chr5	171900101	171910571	2	2	1	111	0	37
chr5	171910798	171914342	2	2	1	20	0	37
chr5	171910798	171922559	2	2	0	1	0	14
chr5	171910798	171996889	2	2	1	21	0	35
chr5	171910798	172006457	2	2	1	5	0	32
chr5	171914406	171927820	2	2	0	3	0	36
chr5	171914406	171996889	2	2	1	5	0	36
chr5	171997052	172003182	2	2	0	1	0	14
chr5	171997052	172006457	2	2	1	4	0	21
chr5	172045023	172052928	2	2	1	23	0	34
chr5	172053043	172054568	2	2	1	32	0	36
chr5	172054695	172055587	2	2	1	11	0	34
chr5	172055777	172057348	2	2	1	39	0	30
chr5	172057474	172061138	2	2	1	22	0	29
chr5	172061269	172064719	2	2	1	39	0	36
chr5	172064813	172082325	2	2	1	17	0	36
chr5	172082506	172082960	2	2	1	36	0	36
chr5	172083085	172090231	2	4	1	19	0	26
chr5	172090363	172093411	2	2	1	9	0	35
chr5	172093961	172096425	2	2	1	6	0	12
chr5	172096561	172105655	2	2	1	5	0	23
chr5	172105738	172106619	2	2	1	20	0	35
chr5	172106815	172107779	2	2	1	21	0	35
chr5	172107853	172117480	2	2	1	13	0	36
chr5	172117631	172127372	2	2	1	30	0	28
chr5	172127422	172156623	2	2	1	30	0	34
chr5	172156789	172187886	2	2	1	12	0	20
chr5	172212228	172234121	2	2	1	51	0	32
chr5	172339917	172346135	2	2	1	1	0	9
chr5	172347333	172350362	2	2	1	1	0	35
chr5	172350590	172353887	2	2	1	1	1	6
chr5	172354006	172358772	2	2	1	4	0	11
chr5	172358878	172362734	2	2	1	3	0	34
chr5	172362870	172373789	2	2	1	2	1	13
chr5	172382128	172394562	2	2	1	4	0	14
chr5	172406353	172422415	2	2	1	4	0	33
chr5	172422497	172454277	2	2	1	4	0	15
chr5	172686297	172686680	1	1	1	2	0	7
chr5	172769133	172769574	2	2	1	1	0	15
chr5	172769795	172770160	2	2	1	1	0	15
chr5	172834434	172888698	1	1	1	4	0	36
chr5	172879514	172888698	1	1	0	1	0	37
chr5	172888761	172897001	1	1	1	18	0	30
chr5	172897075	172909666	1	1	1	53	0	34
chr5	172897075	172914713	1	1	1	1	2	12
chr5	172909762	172914713	1	1	1	53	2	35
chr5	172914839	172924004	1	1	1	96	0	36
chr5	172924110	172926508	1	1	1	77	0	37
chr5	172926570	172932435	1	1	1	98	0	36
chr5	172932537	172935187	1	1	1	96	0	36
chr5	172935311	172950708	1	1	1	50	0	35
chr5	172959469	172959864	1	1	1	3	0	11
chr5	172959628	172959864	1	1	1	6	0	24
chr5	172960042	172968458	1	1	1	103	0	36
chr5	172968600	172969412	1	1	1	69	0	37
chr5	172983965	172994774	1	1	1	48	0	37
chr5	172994823	173020237	1	1	1	97	0	37
chr5	173020368	173034398	1	1	1	166	0	37
chr5	173056480	173080584	1	1	1	8	0	32
chr5	173080785	173086500	1	1	1	12	0	32
chr5	173086627	173090314	1	1	1	1	0	22
chr5	173091402	173108623	1	1	1	4	0	23
chr5	173108819	173110521	1	1	1	10	0	32
chr5	173110712	173112305	1	1	1	1	0	21
chr5	173112380	173123079	1	1	1	18	0	35
chr5	173123203	173133629	1	1	1	4	0	13
chr5	173144630	173146865	1	1	1	6	0	35
chr5	173146959	173151565	1	1	1	15	0	17
chr5	173146959	173154321	1	1	1	29	0	37
chr5	173154414	173158743	1	1	1	11	0	25
chr5	173154414	173159932	1	1	1	1	0	8
chr5	173158846	173159932	1	1	1	59	0	35
chr5	173158846	173163724	1	1	0	4	0	24
chr5	173160052	173163724	1	1	1	8	0	32
chr5	173318250	173323218	2	2	1	79	0	37
chr5	173323431	173325832	2	2	0	3	0	19
chr5	173323431	173325867	2	2	1	49	0	36
chr5	173326011	173328042	2	2	1	7	0	12
chr5	173608293	173609237	2	2	1	83	0	24
chr5	173608293	173613130	2	2	1	2	0	7
chr5	173609435	173609577	2	2	0	4	0	34
chr5	173609435	173613130	2	2	1	55	0	37
chr5	173609671	173613130	2	2	1	8	0	23
chr5	173613256	173616199	2	2	1	7	0	21
chr5	173890859	173910522	1	1	1	7	0	19
chr5	173918422	173944966	1	1	0	2	0	29
chr5	173945141	173949507	1	1	1	40	0	32
chr5	173949598	173949959	1	1	1	15	0	36
chr5	173950079	173951823	1	1	1	19	0	25
chr5	173951939	173953090	1	1	1	32	0	32
chr5	173953273	173955909	1	1	1	36	0	37
chr5	174658775	174687046	2	2	0	0	1	36
chr5	175403573	175409985	1	1	0	0	1	35
chr5	175478640	175492094	1	1	1	9	0	25
chr5	175492268	175509031	1	1	1	65	0	35
chr5	175492268	175509060	1	1	1	3	2	16
chr5	175502732	175529228	2	2	0	0	4	23
chr5	175509203	175510108	1	1	1	69	0	37
chr5	175510208	175511450	1	1	1	76	0	37
chr5	175511527	175512110	1	1	1	104	0	37
chr5	175512197	175513462	1	1	1	73	0	37
chr5	175513591	175516613	1	1	1	70	0	36
chr5	175516664	175521918	1	1	1	27	0	33
chr5	175521969	175522374	1	1	1	41	0	35
chr5	175522423	175526637	1	1	1	98	1	37
chr5	175527986	175699639	2	2	0	0	15	37
chr5	175528609	175572655	2	6	0	1	0	17
chr5	175918173	175959919	2	2	0	0	3	31
chr5	175918173	175961050	2	2	1	0	1	30
chr5	175960133	175961050	2	2	1	48	104	35
chr5	175961152	175961272	2	2	1	0	28	36
chr5	175961435	175964950	2	2	1	0	233	37
chr5	175965105	175967110	2	2	0	0	1	35
chr5	175965156	175967110	2	2	1	0	122	36
chr5	175967268	175967941	2	2	1	0	80	35
chr5	176175902	176176281	2	2	1	1	0	22
chr5	176238638	176289653	1	1	1	1	0	26
chr5	176270521	176289653	1	1	1	2	0	27
chr5	176290956	176295029	1	1	1	9	0	36
chr5	176293684	176337529	1	1	0	0	1	29
chr5	176295263	176296250	1	1	1	3	0	24
chr5	176296321	176313690	1	1	1	7	0	31
chr5	176313846	176322272	1	1	1	3	0	34
chr5	176322426	176324628	1	1	1	15	0	36
chr5	176324758	176336719	1	1	1	6	0	22
chr5	176336877	176337061	1	1	1	4	0	15
chr5	176337147	176345182	1	1	1	10	0	33
chr5	176347809	176347920	2	2	1	75	1	35
chr5	176348064	176348249	2	2	1	79	0	36
chr5	176348357	176350612	2	2	1	38	0	36
chr5	176348357	176359461	2	2	0	3	0	36
chr5	176348357	176359480	2	2	1	9	0	34
chr5	176348357	176359810	2	2	1	6	0	33
chr5	176350738	176352621	2	2	1	74	0	37
chr5	176352749	176355570	2	2	1	24	0	30
chr5	176352749	176361601	2	2	1	6	0	20
chr5	176355750	176359480	2	2	1	11	0	36
chr5	176355750	176359810	2	2	1	3	0	31
chr5	176359568	176359810	2	2	1	28	0	37
chr5	176359919	176361601	2	2	1	8	0	20
chr5	176365747	176366379	1	1	1	3	0	34
chr5	176368983	176388294	1	1	1	0	2	4
chr5	176378742	176379319	2	4	0	3	0	35
chr5	176384099	176384100	0	0	1	7	0	8
chr5	176384284	176385220	2	2	1	33	0	31
chr5	176384287	176385220	2	2	1	2	0	10
chr5	176384375	176385220	2	2	1	200	0	37
chr5	176385328	176385929	2	2	0	2	0	24
chr5	176385328	176386839	2	2	1	77	0	32
chr5	176385328	176388432	2	2	0	5	0	29
chr5	176386020	176386839	2	2	1	4	0	9
chr5	176386910	176388234	2	2	1	165	0	35
chr5	176386910	176388432	2	2	0	8	0	32
chr5	176386944	176388234	2	2	1	0	1	3
chr5	176388344	176388432	2	2	1	166	0	35
chr5	176388974	176389330	1	1	1	159	0	36
chr5	176392936	176410256	2	2	1	0	4	5
chr5	176392946	176397606	2	2	1	72	0	35
chr5	176397719	176397929	2	2	1	32	0	36
chr5	176398048	176410256	2	2	1	13	4	34
chr5	176410304	176416176	2	2	1	50	4	36
chr5	176448471	176453175	1	1	1	2	0	27
chr5	176448471	176479187	1	1	1	10	4	27
chr5	176453229	176479187	1	1	0	3	0	28
chr5	176479257	176486354	1	1	1	99	0	37
chr5	176479257	176492193	1	1	0	1	0	34
chr5	176486221	176486354	1	1	0	1	0	21
chr5	176486490	176488950	1	3	1	51	0	36
chr5	176489028	176492193	1	1	1	37	1	34
chr5	176492333	176493998	1	1	1	50	0	35
chr5	176494085	176494183	1	1	1	72	0	37
chr5	176494276	176496485	1	1	1	61	0	37
chr5	176496664	176498913	1	1	1	58	0	37
chr5	176499086	176500002	1	1	1	52	0	37
chr5	176500147	176506767	1	1	1	93	0	37
chr5	176529091	176529287	2	2	1	17	0	25
chr5	176529388	176529522	2	2	1	4	0	21
chr5	176529645	176529730	2	2	1	10	0	37
chr5	176530207	176530581	2	2	1	13	0	30
chr5	176530744	176530847	2	2	1	2	0	24
chr5	176531022	176531462	2	2	1	13	0	28
chr5	176531631	176532003	2	2	1	9	0	30
chr5	176532130	176532365	2	2	1	6	0	19
chr5	176532194	176532365	2	2	1	2	0	19
chr5	176532517	176536939	2	2	1	4	0	25
chr5	176532517	176537730	2	2	1	3	0	29
chr5	176588365	176594905	1	1	0	0	1	13
chr5	176591721	176591803	1	1	0	0	4	26
chr5	176591727	176592332	1	1	0	0	1	27
chr5	176591863	176592332	1	1	0	0	1	27
chr5	176591916	176592332	1	1	0	0	1	27
chr5	176599090	176599114	2	2	0	1	0	30
chr5	176599529	176599681	2	4	0	1	0	16
chr5	176626517	176626719	2	2	1	1	0	3
chr5	176626762	176629533	2	2	1	1	0	28
chr5	176642803	176654910	1	1	0	0	1	12
chr5	176647703	176651615	1	1	1	1	0	22
chr5	176651667	176651753	1	1	1	4	0	29
chr5	176651667	176651775	1	1	0	2	0	33
chr5	176651901	176652742	1	1	1	16	0	33
chr5	176652914	176654894	1	1	1	54	0	36
chr5	176652914	176656077	1	1	1	3	0	15
chr5	176655021	176656077	1	1	1	14	0	33
chr5	176656126	176656699	1	1	1	18	0	36
chr5	176656135	176656699	1	1	1	2	0	22
chr5	176656734	176656756	1	3	0	2	0	35
chr5	176656817	176656894	1	1	1	11	0	36
chr5	176656957	176657517	1	1	1	19	0	36
chr5	176905493	176906010	2	2	1	38	0	31
chr5	176906048	176907113	2	2	1	35	0	37
chr5	176907178	176908522	2	2	1	11	0	35
chr5	176908695	176911310	2	2	1	18	0	31
chr5	176911390	176943334	2	2	1	70	0	34
chr5	176919252	176943334	2	2	1	1	0	20
chr5	176943489	176951473	2	2	1	20	0	29
chr5	176951578	176955958	2	2	1	5	0	13
chr5	176956036	176958092	2	2	1	30	0	36
chr5	176958155	176968554	2	2	1	21	0	37
chr5	176958155	176969600	2	4	1	4	0	14
chr5	176958155	176970741	2	2	0	3	0	29
chr5	176969292	176969600	2	4	1	11	0	36
chr5	176969707	176970741	2	2	1	11	0	30
chr5	176970867	176975395	2	2	1	66	0	30
chr5	176975481	176982468	2	2	1	67	0	35
chr5	176975481	177006538	2	2	0	2	0	19
chr5	176980391	176982468	2	2	0	3	0	25
chr5	176982624	177006538	2	2	1	1	0	11
chr5	177022914	177023159	1	1	1	1	0	5
chr5	177022914	177041125	1	1	1	12	0	36
chr5	177023235	177041125	1	1	1	3	0	37
chr5	177041230	177041777	1	1	1	61	0	37
chr5	177041871	177044388	1	1	1	26	0	36
chr5	177042465	177044388	1	1	0	1	0	19
chr5	177044534	177050702	1	1	1	3	0	30
chr5	177044534	177050750	1	1	1	34	0	29
chr5	177050937	177062057	1	1	1	1	0	17
chr5	177062152	177064511	1	1	1	21	0	36
chr5	177064602	177079381	1	1	1	1	0	34
chr5	177087034	177089549	1	1	1	2	0	24
chr5	177090654	177090744	1	1	1	12	0	32
chr5	177090826	177090937	1	1	1	8	0	10
chr5	177091105	177091684	1	1	1	4	0	27
chr5	177091809	177092320	1	1	1	3	0	33
chr5	177092512	177092645	1	1	1	5	0	24
chr5	177092785	177093137	1	1	1	12	0	19
chr5	177093178	177093405	1	1	1	1	0	24
chr5	177093332	177093405	1	1	1	3	0	24
chr5	177095441	177095532	1	1	1	12	0	18
chr5	177096180	177096286	1	1	1	4	0	30
chr5	177096742	177097291	1	1	1	3	0	14
chr5	177097398	177097526	1	1	1	3	0	25
chr5	177133953	177135086	1	1	1	5	0	33
chr5	177135201	177135940	1	1	1	16	0	29
chr5	177136031	177136872	1	1	1	4	0	37
chr5	177136031	177169393	1	1	1	2	0	8
chr5	177136031	177191883	1	1	1	23	0	37
chr5	177192020	177204119	1	1	1	15	0	32
chr5	177192020	177209635	1	1	0	1	0	25
chr5	177204293	177209635	1	1	1	38	0	28
chr5	177212196	177235820	1	1	1	12	0	24
chr5	177235946	177238236	1	1	1	25	0	32
chr5	177238508	177239755	1	1	1	13	0	34
chr5	177239866	177244194	1	1	1	10	0	31
chr5	177244271	177246677	1	1	1	64	0	37
chr5	177246797	177248180	1	1	1	21	0	37
chr5	177248325	177251729	1	1	1	1	0	15
chr5	177251854	177256950	1	1	1	20	0	36
chr5	177257152	177259988	1	1	1	10	0	33
chr5	177260169	177267561	1	1	1	21	8	36
chr5	177265712	177267561	1	1	1	0	8	3
chr5	177267719	177269601	1	1	1	13	0	31
chr5	177269808	177273671	1	1	1	14	0	37
chr5	177273785	177280564	1	1	1	30	0	35
chr5	177280835	177282464	1	1	1	5	0	35
chr5	177282582	177283786	1	1	1	20	0	37
chr5	177283929	177288818	1	1	1	9	0	20
chr5	177283929	177291953	1	1	0	1	0	23
chr5	177288926	177291953	1	1	1	37	0	29
chr5	177292159	177293831	1	1	1	12	0	20
chr5	177301808	177301924	2	2	1	38	0	36
chr5	177301988	177302127	2	2	1	12	0	26
chr5	177302179	177302396	2	2	1	47	0	37
chr5	177302497	177302576	2	2	1	18	0	28
chr5	177302645	177302751	2	2	1	10	0	35
chr5	177302831	177303008	2	2	1	25	0	36
chr5	177303078	177303171	2	2	1	1	0	7
chr5	177304078	177304624	1	1	1	126	0	33
chr5	177304851	177305870	1	1	1	193	4	37
chr5	177305985	177306097	1	1	1	721	0	37
chr5	177306177	177306421	1	1	1	515	1	37
chr5	177306177	177306454	1	1	1	2	0	31
chr5	177307704	177307780	2	2	1	3	0	37
chr5	177307965	177310425	2	2	1	7	0	29
chr5	177310541	177310667	2	2	1	5	0	30
chr5	177310698	177311378	2	2	1	12	0	30
chr5	177311485	177311760	2	2	1	7	0	27
chr5	177313092	177334283	2	2	0	1	0	37
chr5	177315790	177331565	1	1	0	1	0	22
chr5	177317789	177334283	2	2	0	1	0	30
chr5	177329628	177334283	2	2	0	2	0	18
chr5	177332247	177334283	2	2	1	38	0	36
chr5	177334404	177337135	2	2	1	80	0	35
chr5	177337251	177337362	2	2	1	122	0	36
chr5	177337525	177337705	2	2	1	99	0	37
chr5	177337786	177338487	2	2	1	159	0	37
chr5	177338606	177351172	2	2	1	148	1	36
chr5	177351292	177351451	2	2	1	47	0	36
chr5	177358070	177365962	1	1	1	2	0	22
chr5	177365985	177366176	1	1	1	2	0	7
chr5	177366356	177366707	1	1	1	5	0	28
chr5	177366801	177366890	1	1	1	9	0	31
chr5	177367035	177367413	1	1	1	1	0	25
chr5	177367558	177367713	1	1	1	1	0	13
chr5	177367826	177368156	1	1	1	2	0	20
chr5	177368267	177368716	1	1	1	1	0	27
chr5	177368921	177370587	1	1	1	3	0	10
chr5	177370665	177370904	1	1	1	1	0	18
chr5	177371017	177371164	1	1	0	3	0	36
chr5	177371032	177371164	1	1	1	1	0	29
chr5	177371247	177371349	1	1	1	3	0	35
chr5	177371397	177371474	1	1	1	7	0	29
chr5	177430968	177431994	1	1	1	1	0	33
chr5	177430968	177432232	1	1	0	1	0	34
chr5	177432108	177432232	1	1	1	18	0	32
chr5	177432807	177433146	1	1	1	28	0	35
chr5	177433240	177433346	1	1	1	16	0	36
chr5	177433240	177433350	1	1	0	2	0	17
chr5	177433411	177433535	1	1	1	17	0	37
chr5	177433666	177433913	1	1	0	3	0	22
chr5	177433677	177433913	1	1	1	27	0	36
chr5	177434079	177439913	2	2	0	5	0	36
chr5	177434105	177434901	1	1	1	38	0	36
chr5	177434940	177435031	1	1	1	17	0	25
chr5	177435122	177436072	1	1	1	6	0	37
chr5	177436282	177436392	1	1	1	33	0	36
chr5	177436531	177440699	1	1	1	13	0	28
chr5	177438871	177439913	2	2	1	2	0	33
chr5	177440032	177444395	2	2	1	3	0	19
chr5	177441054	177441734	0	0	1	5	0	24
chr5	177441054	177441736	1	1	1	3	0	34
chr5	177444595	177447643	2	2	1	3	0	36
chr5	177445995	177483398	1	1	0	0	1	16
chr5	177455495	177455723	1	1	1	3	0	33
chr5	177457504	177457654	2	2	1	66	1	37
chr5	177457758	177458057	2	2	1	38	0	31
chr5	177458708	177459097	2	2	1	79	2	37
chr5	177459269	177459602	2	2	1	1	0	14
chr5	177459269	177460431	2	2	1	145	0	35
chr5	177459741	177460431	2	2	1	1	0	15
chr5	177460556	177460643	2	2	1	126	0	36
chr5	177460704	177466771	2	2	1	164	0	34
chr5	177466836	177466910	2	2	1	125	0	36
chr5	177467063	177467254	2	2	1	71	0	36
chr5	177467333	177467480	2	2	1	140	0	37
chr5	177467628	177467742	2	2	1	50	0	36
chr5	177467818	177468107	2	2	1	48	0	36
chr5	177468221	177468843	2	2	1	33	0	36
chr5	177468900	177472118	2	2	1	1	0	13
chr5	177468900	177473435	2	2	1	24	0	31
chr5	177483731	177483866	2	2	1	30	0	33
chr5	177483983	177484069	2	2	1	44	0	37
chr5	177484191	177488067	2	2	1	36	0	31
chr5	177488249	177489392	2	2	1	32	0	35
chr5	177489628	177489770	2	2	1	25	0	31
chr5	177489833	177490869	2	2	1	51	0	37
chr5	177490594	177490869	2	2	1	7	0	34
chr5	177490907	177491009	2	2	1	51	0	35
chr5	177491147	177491403	2	2	1	2	0	19
chr5	177491147	177491806	2	2	1	19	0	27
chr5	177491421	177492404	2	2	1	1	0	10
chr5	177491926	177492404	2	2	1	20	0	34
chr5	177492436	177492525	2	2	1	11	0	36
chr5	177492678	177496416	2	2	1	38	0	35
chr5	177496524	177497527	2	2	1	3	0	21
chr5	177505111	177508236	2	2	1	1	0	25
chr5	177511928	177512095	2	2	1	33	0	34
chr5	177512207	177512321	2	2	1	12	1	37
chr5	177512394	177512495	2	2	1	72	0	37
chr5	177512646	177512779	2	2	1	55	0	37
chr5	177512877	177513010	2	2	1	8	0	30
chr5	177513083	177513352	2	2	1	47	0	35
chr5	177513485	177513684	2	2	1	21	0	37
chr5	177513848	177514700	2	2	1	11	0	30
chr5	177514838	177514915	2	2	1	55	0	32
chr5	177515070	177515185	2	2	1	60	0	36
chr5	177515259	177515684	2	2	1	152	1	37
chr5	177515259	177515928	2	2	1	3	1	36
chr5	177515340	177515684	2	2	1	1	0	27
chr5	177515822	177515928	2	2	1	96	0	35
chr5	177515990	177516118	2	2	1	48	0	36
chr5	177516194	177516287	2	2	1	44	0	34
chr5	177516194	177516724	2	2	0	1	0	18
chr5	177516448	177516724	2	2	1	42	0	35
chr5	177516836	177516918	2	2	1	1	0	12
chr5	177520182	177521973	2	2	1	2	0	4
chr5	177524033	177524184	2	2	1	9	0	28
chr5	177524033	177524773	2	2	0	1	0	22
chr5	177525206	177531281	2	2	1	3	0	32
chr5	177525206	177532442	2	2	1	1	0	33
chr5	177526930	177531281	2	2	0	2	0	27
chr5	177531522	177531952	2	2	1	2	0	10
chr5	177531522	177532442	2	2	1	2	0	15
chr5	177532642	177536357	2	2	1	4	0	31
chr5	177536746	177537872	2	2	1	5	0	31
chr5	177538108	177538904	2	2	1	4	0	31
chr5	177539148	177547167	2	2	1	8	0	22
chr5	177547229	177553167	2	2	1	2	0	8
chr5	177592399	177592574	1	1	1	103	0	34
chr5	177592676	177593649	1	1	1	72	0	35
chr5	177593711	177594138	1	1	1	0	1	3
chr5	177593776	177594138	1	1	1	56	1	36
chr5	177594286	177595266	1	1	1	110	0	35
chr5	177604542	177607301	1	1	1	2	0	25
chr5	177607528	177608538	1	1	1	16	0	23
chr5	177608623	177608909	1	1	1	4	0	25
chr5	177609015	177609539	1	1	1	6	0	26
chr5	177875861	177876531	1	1	1	0	80	35
chr5	177876689	177878643	1	1	1	0	122	36
chr5	177876689	177878694	1	1	0	0	1	35
chr5	177878849	177882368	1	1	1	0	233	37
chr5	177882531	177882651	1	1	1	0	28	36
chr5	177882753	177883666	1	1	1	0	104	35
chr5	177882753	177921061	1	1	1	0	1	30
chr5	177883880	177921061	1	1	0	0	3	31
chr5	177957680	177959718	1	1	1	1	0	6
chr5	178119914	178120177	1	1	1	1	0	16
chr5	178131377	178138107	1	1	1	2	0	16
chr5	178138259	178142582	1	1	1	10	0	37
chr5	178138397	178142582	1	1	1	1	0	35
chr5	178142729	178142851	1	1	1	8	0	31
chr5	178142993	178143626	1	1	1	5	0	20
chr5	178143728	178143941	1	1	1	8	0	28
chr5	178144109	178146113	1	1	1	1	0	19
chr5	178147636	178147728	1	1	1	13	0	21
chr5	178147884	178147968	1	1	1	28	1	36
chr5	178149839	178150887	2	2	1	285	0	35
chr5	178149839	178153490	2	2	1	9	0	24
chr5	178150994	178153490	2	2	1	196	0	37
chr5	178153561	178153657	2	2	1	268	0	37
chr5	178165691	178204814	1	1	0	1	0	16
chr5	178165830	178204817	1	1	0	1	0	19
chr5	178204741	178204814	1	1	1	2	0	8
chr5	178205047	178205841	1	1	1	27	0	29
chr5	178206011	178206731	1	1	1	335	1	37
chr5	178206891	178207093	1	1	1	580	0	36
chr5	178207226	178209329	1	1	1	563	0	37
chr5	178208916	178211889	2	2	1	13	0	22
chr5	178209442	178210552	1	1	1	0	5	6
chr5	178209448	178210131	1	1	1	259	2	36
chr5	178209448	178210552	1	1	1	56	7	34
chr5	178210273	178210552	1	1	1	167	0	36
chr5	178211971	178212972	2	2	1	4	0	15
chr5	178213104	178214795	2	2	1	1	0	12
chr5	178214886	178215275	2	2	1	5	0	20
chr5	178214886	178222354	2	2	1	3	0	36
chr5	178222581	178222851	2	2	1	1	0	4
chr5	178222935	178223319	2	4	1	3	0	19
chr5	178224565	178224641	2	2	1	7	0	33
chr5	178224730	178225354	2	2	1	4	0	13
chr5	178225430	178229939	2	2	1	2	0	37
chr5	178230100	178231404	2	2	1	13	0	30
chr5	178603758	178603843	2	2	1	2	0	29
chr5	178603935	178605302	2	2	1	12	0	34
chr5	178605383	178605824	2	2	1	1	0	27
chr5	178605383	178608375	2	2	1	13	0	32
chr5	178605383	178612415	2	2	1	4	0	34
chr5	178612546	178612795	2	2	1	17	0	29
chr5	178612891	178613472	2	2	1	3	0	31
chr5	178613640	178613726	2	2	1	8	0	13
chr5	178613844	178616881	2	2	1	12	0	37
chr5	178616949	178618555	2	2	1	2	0	30
chr5	178617435	178618555	2	2	1	12	0	36
chr5	178618779	178619837	2	2	1	3	0	33
chr5	178618779	178623255	2	2	1	8	0	33
chr5	178623417	178626945	2	2	1	9	0	33
chr5	178681292	178686862	1	1	0	0	2	37
chr5	178713622	178725375	2	2	1	6	0	34
chr5	178719242	178725375	2	2	0	4	0	21
chr5	178725472	178726074	2	2	1	1	0	21
chr5	178727329	178728989	2	2	0	0	1	14
chr5	178729074	178730529	2	2	0	5	0	30
chr5	178860128	178860996	1	1	1	1	0	26
chr5	178861081	178866040	1	1	0	0	1	14
chr5	178866371	178866975	1	1	1	4	0	16
chr5	178867072	178882708	1	1	1	16	0	20
chr5	178884519	178885613	1	1	1	2	0	7
chr5	179025038	179027472	1	1	1	1	0	35
chr5	179060667	179062014	1	1	1	2	0	12
chr5	179062096	179076444	1	1	1	1	0	27
chr5	179076572	179077070	1	1	1	1	0	9
chr5	179077167	179078682	1	1	1	6	0	37
chr5	179560199	179562546	1	1	1	14	0	31
chr5	179562665	179567460	1	1	1	22	0	29
chr5	179562665	179569301	1	1	0	3	0	14
chr5	179567563	179569301	1	1	1	40	0	34
chr5	179567687	179582639	1	1	0	0	1	15
chr5	179569426	179577074	1	1	1	24	0	36
chr5	179577137	179580946	1	1	1	38	0	37
chr5	179581013	179585795	1	1	1	18	0	35
chr5	179585866	179586330	1	1	1	6	0	32
chr5	179585866	179589545	1	1	1	38	0	37
chr5	179586476	179589545	1	1	1	3	0	35
chr5	179589648	179591624	1	1	1	42	0	28
chr5	179589648	179593477	1	1	0	1	0	13
chr5	179591742	179593477	1	1	1	11	0	35
chr5	179593646	179594865	1	1	1	20	0	37
chr5	179594964	179596561	1	1	1	35	0	35
chr5	179596682	179598691	1	1	1	15	0	32
chr5	179598822	179601891	1	1	1	7	0	31
chr5	179601987	179605875	1	1	1	11	0	37
chr5	179605925	179607581	1	1	1	29	0	32
chr5	179607660	179609375	1	1	1	28	0	33
chr5	179614960	179615545	2	2	1	665	0	35
chr5	179614960	179616125	2	2	1	66	3	32
chr5	179615596	179616097	2	2	0	3	0	12
chr5	179615596	179616125	2	2	1	342	0	36
chr5	179616219	179616859	2	2	1	4	0	27
chr5	179616219	179616868	2	2	1	496	21	36
chr5	179616219	179616898	2	2	1	176	0	37
chr5	179616219	179617020	2	2	1	50	21	32
chr5	179616226	179617039	1	1	0	1	0	25
chr5	179616959	179617050	2	2	1	586	0	37
chr5	179616959	179617059	2	2	1	4	0	12
chr5	179616959	179617513	2	2	1	0	522	37
chr5	179617111	179617513	2	2	1	87	522	37
chr5	179617650	179617798	2	2	1	360	3	34
chr5	179617912	179617988	2	2	0	2	0	31
chr5	179617912	179620891	2	2	1	15	21	29
chr5	179617933	179617988	2	2	1	919	0	37
chr5	179618061	179618144	2	2	1	463	1	36
chr5	179618165	179653132	2	2	0	0	1	13
chr5	179618324	179619268	2	2	1	1055	0	35
chr5	179618324	179620891	2	2	1	34	0	32
chr5	179619408	179620891	2	2	1	487	0	36
chr5	179620038	179620891	2	2	1	1	0	14
chr5	179621036	179621241	2	2	1	302	5	37
chr5	179621036	179621370	2	2	1	0	5	3
chr5	179621398	179623036	2	2	1	544	0	37
chr5	179621977	179623036	2	2	1	3	0	35
chr5	179623165	179623594	2	2	1	16	0	36
chr5	179623165	179623635	2	2	1	5	0	18
chr5	179623165	179624316	2	2	1	6	0	33
chr5	179699050	179705678	1	1	1	1	0	16
chr5	179699103	179705678	1	1	1	60	0	35
chr5	179699771	179705678	1	1	1	4	0	34
chr5	179704431	179705678	1	1	1	3	0	15
chr5	179705805	179708249	1	1	1	0	45	8
chr5	179705853	179706257	1	1	1	522	0	31
chr5	179705853	179708238	1	1	1	0	1	3
chr5	179706332	179707131	1	1	1	633	3	37
chr5	179707191	179708238	1	1	1	1012	2	37
chr5	179708381	179708977	1	1	1	346	0	37
chr5	179709060	179709872	1	1	1	637	0	37
chr5	179709060	179709918	1	1	1	6	0	35
chr5	179710066	179716104	1	1	1	298	0	37
chr5	179716295	179719667	1	1	1	1235	0	37
chr5	179719782	179720403	1	1	1	528	1	37
chr5	179720561	179722803	1	1	1	349	0	34
chr5	179723020	179723659	1	1	1	491	0	35
chr5	179723780	179724656	1	1	1	319	0	37
chr5	179724784	179726679	1	1	1	618	6	37
chr5	179724784	179726682	1	1	0	2	0	15
chr5	179726760	179728590	1	1	1	613	82	37
chr5	179726760	179729359	1	1	1	1	81	5
chr5	179766742	179768849	1	1	1	13	0	32
chr5	179769090	179771146	1	1	1	68	0	35
chr5	179771244	179773894	1	1	1	6	0	35
chr5	179796023	179796252	1	1	1	1	0	6
chr5	179798069	179798164	2	2	1	38	0	31
chr5	179798278	179798346	2	2	1	34	0	37
chr5	179798435	179798512	2	2	1	48	0	36
chr5	179798577	179798927	2	2	1	2	0	11
chr5	179798577	179799064	2	2	1	1	0	7
chr5	179798592	179798927	2	2	1	129	0	35
chr5	179799122	179799202	2	2	1	95	0	36
chr5	179799251	179799953	2	2	1	4	0	29
chr5	179799308	179799505	2	2	1	1	0	37
chr5	179799311	179799505	2	2	1	61	0	35
chr5	179799311	179799539	2	2	0	1	0	29
chr5	179799637	179799953	2	2	1	87	0	35
chr5	179800069	179800183	2	2	1	109	0	36
chr5	179800260	179800483	2	2	1	82	0	35
chr5	179800598	179800906	2	2	1	84	0	35
chr5	179800954	179801333	2	4	1	52	1	36
chr5	179801468	179801553	2	2	1	23	0	23
chr5	179801695	179801783	2	2	1	40	0	36
chr5	179801970	179806486	2	2	1	1	0	21
chr5	179806592	179808200	1	1	0	1	0	22
chr5	179806592	179811573	1	1	1	1	0	24
chr5	179811028	179811573	1	1	0	6	0	12
chr5	179811247	179811573	1	1	0	2	0	26
chr5	179811683	179822957	1	1	1	8	0	35
chr5	179821142	179822957	1	1	1	68	0	36
chr5	179823054	179823857	1	1	1	73	0	36
chr5	179823054	179823859	1	1	0	2	0	26
chr5	179824088	179824181	1	1	1	212	0	36
chr5	179824324	179825145	1	1	1	218	0	37
chr5	179824324	179833031	1	1	0	1	0	14
chr5	179825227	179833031	1	1	1	137	0	37
chr5	179826292	179833031	1	1	0	4	0	27
chr5	179833247	179833586	1	3	1	340	0	34
chr5	179833438	179833586	1	1	0	2	0	32
chr5	179833783	179836435	1	3	1	173	0	37
chr5	179836666	179837716	1	1	0	4	0	14
chr5	179840960	179841906	2	2	1	1	0	25
chr5	179842065	179844151	2	2	1	7	0	23
chr5	179844228	179847977	2	2	1	2	0	37
chr5	179848067	179851242	2	2	1	1	0	34
chr5	179848067	179853377	2	2	1	11	0	15
chr5	179863719	179863825	2	2	0	1	0	34
chr5	179864129	179865253	2	2	1	72	0	33
chr5	179865361	179865837	2	2	1	70	2	33
chr5	179865361	179867777	2	2	0	2	0	31
chr5	179865889	179867175	2	2	0	1	0	15
chr5	179865889	179867444	2	2	1	1	2	16
chr5	179865889	179867777	2	2	1	64	2	34
chr5	179867850	179869768	2	2	1	36	0	36
chr5	179869835	179870254	2	2	1	24	0	31
chr5	179870496	179871461	2	2	1	72	0	36
chr5	179871531	179872891	2	2	1	33	0	21
chr5	179872991	179873118	2	2	1	55	0	36
chr5	179873249	179874901	2	2	1	17	0	36
chr5	179875188	179875919	2	2	1	12	0	34
chr5	179876038	179878308	2	2	1	1	0	10
chr5	179878524	179879046	2	2	1	19	0	37
chr5	179879198	179879627	2	2	1	21	0	36
chr5	179879790	179888102	2	2	1	38	0	36
chr5	179884138	179888102	2	2	0	4	0	33
chr5	179884538	179888102	2	2	1	1	0	4
chr5	179885137	179888102	2	2	0	1	0	18
chr5	179887905	179888102	2	2	1	1	0	25
chr5	179888313	179891378	2	2	1	20	0	33
chr5	179891587	179893208	2	2	1	27	0	36
chr5	179893468	179894385	2	2	1	29	0	37
chr5	179894615	179897770	2	2	0	1	0	28
chr5	179894615	179899188	2	2	1	114	0	36
chr5	179899308	179904701	2	2	1	21	0	36
chr5	179904813	179907703	2	2	1	12	0	29
chr5	179910325	179931537	1	1	0	1	0	30
chr5	179955665	179963470	2	2	0	2	0	35
chr5	179955670	179963470	2	2	1	19	0	35
chr5	179963565	179966805	2	2	1	68	0	37
chr5	179967011	179970409	2	2	1	40	0	31
chr5	179970507	179978202	2	2	1	48	0	37
chr5	179977386	179978202	2	2	1	1	0	14
chr5	179978286	179980128	2	2	1	54	0	36
chr5	179980201	180013060	2	2	1	121	0	36
chr5	180013312	180040452	2	2	1	89	0	37
chr5	180040648	180071455	2	2	1	8	0	35
chr5	180225391	180238331	2	2	0	1	0	32
chr5	180236450	180238331	2	2	0	2	0	32
chr5	180236527	180238331	2	2	1	29	0	35
chr5	180236532	180238331	2	2	1	13	0	28
chr5	180236532	180239923	2	2	0	1	0	21
chr5	180238404	180239923	2	2	1	16	2	37
chr5	180239988	180241030	2	2	1	88	0	37
chr5	180241156	180242572	2	2	1	4	0	29
chr5	180242756	180247438	2	2	1	52	0	37
chr5	180242756	180247854	2	2	1	5	0	5
chr5	180247511	180248972	2	2	1	29	0	36
chr5	180249139	180261683	2	2	1	35	0	36
chr5	180261823	180264780	2	2	1	57	0	37
chr5	180264840	180269279	2	2	1	6	0	28
chr5	180269410	180279795	2	2	1	6	0	24
chr5	180269410	180280439	2	2	1	43	0	32
chr5	180280037	180280439	2	2	1	1	0	25
chr5	180280609	180291847	2	2	1	1	0	18
chr5	180301609	180302422	2	2	1	7	0	15
chr5	180302585	180304771	2	2	1	1	0	14
chr5	180304940	180307175	2	2	1	4	0	30
chr5	180307304	180312429	2	2	1	4	0	11
chr5	180312545	180313806	2	2	1	1	0	11
chr5	180313965	180316340	2	2	1	3	0	14
chr5	180316462	180316763	2	2	1	6	0	25
chr5	180316862	180316962	2	2	1	3	0	33
chr5	180317059	180318792	2	4	1	1	0	11
chr5	180318957	180324187	2	2	1	5	0	16
chr5	180324306	180324815	2	2	1	2	0	36
chr5	180324896	180328276	2	2	1	8	0	25
chr5	180324896	180330699	2	2	0	3	0	22
chr5	180328339	180330699	2	2	1	6	0	34
chr5	180331554	180335827	2	2	1	8	0	26
chr5	180336578	180338492	2	2	1	2	0	11
chr5	180397556	180426001	2	2	0	0	1	22
chr5	180397556	180426893	2	2	0	0	1	22
chr5	180494764	180529274	1	1	1	8	0	23
chr5	180495756	180529274	1	1	0	4	0	32
chr5	180529389	180549930	1	1	1	11	0	36
chr5	180529389	180564488	1	1	1	4	0	35
chr5	180529415	180549930	1	1	0	3	0	35
chr5	180539616	180541438	1	1	0	0	1	18
chr5	180550118	180553385	1	1	1	24	0	29
chr5	180553472	180564488	1	1	1	56	0	34
chr5	180554881	180564488	1	1	0	1	0	17
chr5	180564579	180564674	1	1	1	11	0	30
chr5	180564594	180564674	1	1	1	29	0	36
chr5	180564744	180565819	1	1	1	17	0	37
chr5	180564744	180565875	1	1	0	10	0	37
chr5	180565978	180567087	1	1	1	42	0	37
chr5	180567243	180567848	1	1	1	41	0	24
chr5	180568004	180569109	1	1	1	40	0	31
chr5	180569341	180571229	1	1	1	3	0	10
chr5	180569341	180573987	1	1	0	2	0	24
chr5	180571433	180573987	1	1	1	31	0	36
chr5	180574270	180576557	1	1	0	1	0	30
chr5	180578261	180597226	2	2	0	0	1	12
chr5	180608285	180608967	2	2	1	2	0	24
chr5	180609054	180609628	2	2	0	1	0	13
chr5	180609232	180609904	2	2	0	1	0	27
chr5	180613111	180614067	2	2	1	2	0	35
chr5	180793098	180802679	2	2	1	2	0	20
chr5	180793098	180803601	2	2	1	1	0	33
chr5	180793098	180808501	2	2	1	1	0	11
chr5	180793098	180808647	2	2	1	6	0	37
chr5	180795876	180808501	2	2	0	4	0	26
chr5	180809077	180809363	2	2	1	11	0	33
chr5	180809077	180809633	2	2	1	5	0	35
chr5	180809077	180810039	2	2	1	0	1	3
chr5	180809077	180810648	2	2	1	0	1	3
chr5	180831230	180834311	1	1	1	2	0	12
chr5	180831807	180834311	1	1	1	5	0	34
chr5	180831942	180834311	1	1	1	3	0	37
chr5	180848083	180849153	2	2	1	2	0	35
chr5	180849593	180850227	2	2	0	2	0	20
chr5	180851494	180851987	2	2	1	6	0	34
chr5	180851494	180860527	2	2	1	3	0	19
chr5	181045926	181045985	2	2	0	0	1	28
chr5	181045926	181046164	2	2	0	0	1	28
chr5	181046016	181046164	2	2	0	0	1	28
chr5	181046135	181046164	2	2	0	0	1	28
chr5	181193468	181194233	1	1	1	3	0	35
chr5	181198806	181199094	2	2	1	1	0	23
chr5	181199118	181199850	2	2	1	1	0	21
chr5	181200082	181203544	2	2	1	1	0	32
chr5	181203641	181204588	2	2	1	1	0	23
chr5	181224813	181230743	1	1	1	22	0	32
chr5	181230840	181232658	1	1	1	3	0	27
chr5	181232890	181233412	1	1	1	5	0	14
chr5	181232890	181233635	1	1	1	2	0	21
chr5	181233436	181233635	1	1	1	7	0	23
chr5	181233764	181234173	1	1	1	16	0	35
chr5	181234621	181234931	1	1	0	1	0	15
chr5	181237043	181237224	2	2	1	6	0	36
chr5	181237043	181237586	2	2	0	1	0	31
chr5	181237043	181237608	2	2	1	1358	0	37
chr5	181237043	181239486	2	2	0	1	0	24
chr5	181237320	181237608	2	2	1	25	0	37
chr5	181237695	181243691	2	2	1	15	0	4
chr5	181237720	181238098	2	2	1	3667	0	37
chr5	181237720	181239486	2	2	0	4	0	27
chr5	181238240	181239066	2	2	1	2877	113	37
chr5	181238240	181239486	2	2	1	9	111	25
chr5	181239178	181239486	2	2	1	2129	0	37
chr5	181239583	181240215	2	2	1	8	0	36
chr5	181239583	181241491	2	2	1	2487	1	37
chr5	181240346	181241491	2	2	1	1	0	16
chr5	181241640	181242169	2	2	1	4	0	14
chr5	181241640	181242173	2	4	1	1452	0	37
chr5	181241640	181242285	2	2	1	4	0	4
chr5	181242214	181243691	2	2	1	1	0	3
chr5	181242346	181243679	2	2	1	15	0	35
chr5	181242346	181243691	2	2	1	3066	2	37
chr5	181244547	181250308	1	1	0	0	1	28
chr5	181246883	181247115	1	1	1	7	0	30
chr5	181247387	181257186	1	1	1	11	0	34
chr5	181256860	181260000	2	2	1	1	0	5
chr5	181261385	181263627	1	1	1	3	0	34
chr5	181263767	181264051	1	1	1	1	0	27
chr5	181263790	181264051	1	1	1	1	0	14
chr5	181281613	181283341	1	1	1	2	0	22
chr5	181281724	181281762	2	4	0	0	2	30
chr5	181283504	181290574	1	1	0	7	0	16
chr5	181290790	181291672	1	1	0	3	0	36
chr5	181306653	181313828	1	1	1	2	0	25
chr5	181313953	181315836	0	0	1	3	0	14
chr5	181315954	181316289	1	1	1	3	0	36
chr5	181316487	181317330	1	1	1	2	0	14
chr5	181323960	181324052	1	1	1	3	0	36
