##FastQC	0.11.8
>>Basic Statistics	pass
#Measure	Value
Filename	SKMel147_ARID2WT_R1_RNA_chr5_R1.fastq
File type	Conventional base calls
Encoding	Sanger / Illumina 1.9
Total Sequences	1608404
Sequences flagged as poor quality	0
Sequence length	75
%GC	42
>>END_MODULE
>>Per base sequence quality	pass
#Base	Mean	Median	Lower Quartile	Upper Quartile	10th Percentile	90th Percentile
1	31.392167639473666	32.0	32.0	32.0	32.0	32.0
2	31.37664666340049	32.0	32.0	32.0	32.0	32.0
3	31.4670648667872	32.0	32.0	32.0	32.0	32.0
4	31.493593027622413	32.0	32.0	32.0	32.0	32.0
5	31.524827717414283	32.0	32.0	32.0	32.0	32.0
6	34.990844961837944	36.0	36.0	36.0	36.0	36.0
7	34.989454142118525	36.0	36.0	36.0	36.0	36.0
8	34.98255040400297	36.0	36.0	36.0	36.0	36.0
9	34.97842146624853	36.0	36.0	36.0	36.0	36.0
10	34.91113551072989	36.0	36.0	36.0	36.0	36.0
11	35.017207741338616	36.0	36.0	36.0	36.0	36.0
12	35.03837779562846	36.0	36.0	36.0	36.0	36.0
13	35.01530523425706	36.0	36.0	36.0	36.0	36.0
14	34.99487504383227	36.0	36.0	36.0	36.0	36.0
15	34.99678812039761	36.0	36.0	36.0	36.0	36.0
16	34.98830269012014	36.0	36.0	36.0	36.0	36.0
17	34.9787043553734	36.0	36.0	36.0	36.0	36.0
18	34.9756031444836	36.0	36.0	36.0	36.0	36.0
19	34.96901524741296	36.0	36.0	36.0	36.0	36.0
20	34.967281230337655	36.0	36.0	36.0	36.0	36.0
21	34.96391640408753	36.0	36.0	36.0	36.0	36.0
22	34.93749020768414	36.0	36.0	36.0	36.0	36.0
23	34.92699097987819	36.0	36.0	36.0	36.0	36.0
24	34.91551749436087	36.0	36.0	36.0	36.0	36.0
25	34.895238385380786	36.0	36.0	36.0	36.0	36.0
26	34.8399469287567	36.0	36.0	36.0	32.0	36.0
27	34.83378865011527	36.0	36.0	36.0	32.0	36.0
28	34.81916483669526	36.0	36.0	36.0	32.0	36.0
29	34.80326335920577	36.0	36.0	36.0	32.0	36.0
30	34.79728040964832	36.0	36.0	36.0	32.0	36.0
31	34.786161934439356	36.0	36.0	36.0	32.0	36.0
32	34.7769745660916	36.0	36.0	36.0	32.0	36.0
33	34.76125898716989	36.0	36.0	36.0	32.0	36.0
34	34.749285627242905	36.0	36.0	36.0	32.0	36.0
35	34.73752490046033	36.0	36.0	36.0	32.0	36.0
36	34.73023506531941	36.0	36.0	36.0	32.0	36.0
37	34.723417126542834	36.0	36.0	36.0	32.0	36.0
38	34.7076288047033	36.0	36.0	36.0	32.0	36.0
39	34.696055219957174	36.0	36.0	36.0	32.0	36.0
40	34.686591801562294	36.0	36.0	36.0	32.0	36.0
41	34.678102640878784	36.0	36.0	36.0	32.0	36.0
42	34.658406718709976	36.0	36.0	36.0	32.0	36.0
43	34.65019422980794	36.0	36.0	36.0	32.0	36.0
44	34.6407668720048	36.0	36.0	36.0	32.0	36.0
45	34.620605892549385	36.0	36.0	36.0	32.0	36.0
46	34.61153416678894	36.0	36.0	36.0	32.0	36.0
47	34.59035105607795	36.0	36.0	36.0	32.0	36.0
48	34.5739204826648	36.0	36.0	36.0	32.0	36.0
49	34.552927000927625	36.0	36.0	36.0	32.0	36.0
50	34.52386900306142	36.0	36.0	36.0	32.0	36.0
51	34.51437947182424	36.0	36.0	36.0	32.0	36.0
52	34.47713261096093	36.0	36.0	36.0	32.0	36.0
53	34.446074493721724	36.0	36.0	36.0	32.0	36.0
54	34.43421988505376	36.0	36.0	36.0	32.0	36.0
55	34.41102235507994	36.0	36.0	36.0	32.0	36.0
56	34.38605163876738	36.0	36.0	36.0	32.0	36.0
57	34.35028885777454	36.0	36.0	36.0	32.0	36.0
58	34.33052392309395	36.0	36.0	36.0	32.0	36.0
59	34.30539093411854	36.0	36.0	36.0	32.0	36.0
60	34.268341784775465	36.0	36.0	36.0	32.0	36.0
61	34.246138408011916	36.0	36.0	36.0	32.0	36.0
62	34.21739625119062	36.0	36.0	36.0	32.0	36.0
63	34.19790923176018	36.0	36.0	36.0	32.0	36.0
64	34.17122501560553	36.0	36.0	36.0	32.0	36.0
65	34.15310456825524	36.0	36.0	36.0	32.0	36.0
66	34.12209992016931	36.0	36.0	36.0	32.0	36.0
67	34.10027580135339	36.0	36.0	36.0	32.0	36.0
68	34.08355363453461	36.0	36.0	36.0	32.0	36.0
69	34.05770751627079	36.0	36.0	36.0	32.0	36.0
70	34.04182344734283	36.0	36.0	36.0	32.0	36.0
71	34.03533751470402	36.0	36.0	36.0	32.0	36.0
72	34.0192893079102	36.0	36.0	36.0	32.0	36.0
73	33.99767720050435	36.0	36.0	36.0	32.0	36.0
74	33.97211956697446	36.0	36.0	36.0	32.0	36.0
75	32.6640458491772	36.0	32.0	36.0	21.0	36.0
>>END_MODULE
>>Per tile sequence quality	pass
#Tile	Base	Mean
11101	1	0.007563456321243223
11101	2	-0.1613043146988673
11101	3	0.019646671311132735
11101	4	0.14092179571843033
11101	5	-0.1289002230170233
11101	6	-0.19607012266953916
11101	7	0.02988588681251514
11101	8	-0.011269364835442275
11101	9	0.11465181980442907
11101	10	-0.06008523845134306
11101	11	0.26196626085822317
11101	12	-0.03620707595870698
11101	13	-0.4078815434112286
11101	14	0.0026125447733278406
11101	15	0.17242732813368633
11101	16	-0.08890892921566262
11101	17	0.05891461107941609
11101	18	-0.21410327232272408
11101	19	-0.07436883455840615
11101	20	-0.15271150329599692
11101	21	-0.05258380833448939
11101	22	0.16903911261000104
11101	23	0.007638707823318214
11101	24	0.2639039073486984
11101	25	0.26844653727180656
11101	26	0.13731090124723977
11101	27	0.09130941122779745
11101	28	0.13217295042537103
11101	29	-0.020768585101350823
11101	30	0.006411731510155505
11101	31	-0.36321589119452824
11101	32	-0.08837679525596798
11101	33	-0.011443475802160208
11101	34	-0.26165175763414084
11101	35	-0.07324386025388918
11101	36	-0.19417861504921063
11101	37	-0.1827564240199706
11101	38	-0.1614518280596613
11101	39	0.28680990594259725
11101	40	0.38652900451192096
11101	41	-0.34876623888182223
11101	42	-0.1709634193250693
11101	43	-0.17381021893059057
11101	44	-0.09583837849023524
11101	45	0.08075065676059268
11101	46	0.09117708229123878
11101	47	0.2278187372100149
11101	48	-0.19454477612203647
11101	49	0.12159135872328619
11101	50	-0.12632990729986204
11101	51	0.24070321574636466
11101	52	0.20957697262424801
11101	53	-0.002998928466645623
11101	54	-0.15496457215449766
11101	55	0.15556065262407515
11101	56	-0.37069289616116663
11101	57	0.015224057539775515
11101	58	0.1365626401545157
11101	59	0.20065313791965877
11101	60	0.4028890571035646
11101	61	0.19004761290961625
11101	62	0.031334302163287475
11101	63	-0.4769623863806629
11101	64	0.4147110526294142
11101	65	0.10024080164888005
11101	66	-0.031317535848565115
11101	67	0.12269163727521004
11101	68	0.218536182349645
11101	69	-0.10814896572604482
11101	70	0.34723364493518716
11101	71	0.10579147204805395
11101	72	0.3243710658039305
11101	73	0.08990373875619184
11101	74	0.4392021068767207
11101	75	0.6620531241365839
11102	1	0.27967556203309485
11102	2	-0.01216748605436635
11102	3	-0.0993857242557894
11102	4	-0.07801469192010302
11102	5	-1.0623699036926837E-5
11102	6	-0.05764301269510952
11102	7	0.18408452278864473
11102	8	-0.1126653580153203
11102	9	0.20608404486836918
11102	10	0.088039228726835
11102	11	-0.2779953759704199
11102	12	0.05474560946328921
11102	13	-0.17509168833876032
11102	14	-0.24056733587458012
11102	15	-0.2642734391297381
11102	16	-0.08065019093774595
11102	17	-0.31352784416354496
11102	18	0.0759649288707962
11102	19	-0.2301126538252447
11102	20	-0.2598619721792019
11102	21	-0.007826775086407167
11102	22	0.030398873905824075
11102	23	-0.02411747290984323
11102	24	-0.0858936203580356
11102	25	-0.2870202146463541
11102	26	0.08445497626855314
11102	27	0.14698929187570542
11102	28	0.08171472365640398
11102	29	0.08659501251160862
11102	30	0.07024378607111004
11102	31	0.10151130403139064
11102	32	0.09368842213533668
11102	33	-0.054442197029786144
11102	34	-0.21593564510217078
11102	35	-0.2662319250450196
11102	36	0.07553579245292497
11102	37	-0.022270490516135055
11102	38	-0.09703366949188563
11102	39	0.21109592469792915
11102	40	-0.12364789233377138
11102	41	0.3913232751846678
11102	42	-0.23793912264988393
11102	43	0.006176993345626158
11102	44	0.08947705202979961
11102	45	-0.08410441570318028
11102	46	0.1482955818649785
11102	47	-0.0271897879391787
11102	48	-0.5447685612882722
11102	49	-0.36162475380868386
11102	50	-0.1088000692776987
11102	51	-0.16530701443266338
11102	52	0.1364738183190468
11102	53	0.12024275951289098
11102	54	0.010210193403892731
11102	55	-0.24922408735887558
11102	56	-0.0945313445840199
11102	57	-0.10652572933149429
11102	58	0.3382889828655138
11102	59	-0.12314268475724077
11102	60	0.022028017035367498
11102	61	0.095418456899381
11102	62	0.19368511205245653
11102	63	-0.12215633352473532
11102	64	0.36041650872489583
11102	65	-0.2341581753332136
11102	66	-0.20618965861071104
11102	67	0.36720357248407964
11102	68	-0.28466074859664303
11102	69	-0.3797815317959561
11102	70	0.06595700384396253
11102	71	0.11074671501480537
11102	72	0.01437532837852018
11102	73	-0.3461576423179764
11102	74	0.04139733279317426
11102	75	-0.03274653485745205
11103	1	0.15379884058733495
11103	2	0.06831170301029488
11103	3	0.17803581877395303
11103	4	0.061294425982932665
11103	5	-0.048364691174590746
11103	6	-0.16688122495129676
11103	7	0.2429208510536327
11103	8	0.23575782326763317
11103	9	-0.07173426261128668
11103	10	0.07056239465116221
11103	11	0.03418785241231603
11103	12	0.2902701064683626
11103	13	0.05684912976393264
11103	14	0.2739401642534034
11103	15	0.18890195635482598
11103	16	-0.07255491627435617
11103	17	0.05177702452022004
11103	18	0.07703363311489397
11103	19	0.05009903920705483
11103	20	0.1703458811971359
11103	21	-0.0676678133293791
11103	22	-0.10174928561908558
11103	23	0.1855533405852725
11103	24	0.30334510385227276
11103	25	-0.16363287015241923
11103	26	-0.09725034293484924
11103	27	-0.0026357017248628267
11103	28	-0.09359756836223454
11103	29	0.20456204266570666
11103	30	-0.08492951040152263
11103	31	-0.15570084975962573
11103	32	0.17430199915883549
11103	33	-0.19017403545706202
11103	34	-0.056052370643563165
11103	35	0.00762513736219006
11103	36	0.13419293677279143
11103	37	0.19826014993848418
11103	38	-0.5440080205900273
11103	39	-0.3397155225963928
11103	40	0.2215627767902717
11103	41	0.30687004219434755
11103	42	-0.08120436608406578
11103	43	-0.15119130645471301
11103	44	-0.5433494467159079
11103	45	-0.030470821273240745
11103	46	-0.30767636304875623
11103	47	0.10930358225485293
11103	48	-0.13079605322499788
11103	49	-0.5378265661262986
11103	50	0.5986885397429376
11103	51	-0.5569327247690197
11103	52	-0.13881671564911358
11103	53	-0.23444546042259873
11103	54	0.3366065482904972
11103	55	-0.07076327744744049
11103	56	0.20862229285006606
11103	57	-0.03569687559678414
11103	58	0.003374991159169838
11103	59	-0.017468953123596975
11103	60	-0.0860710972839911
11103	61	-0.15095306821196885
11103	62	-0.21941067456506147
11103	63	0.3299183605826741
11103	64	0.31632445937251674
11103	65	-0.11363137453457028
11103	66	0.21507819578953047
11103	67	0.04314940773723919
11103	68	0.15002670340765434
11103	69	-0.3723389986469243
11103	70	-0.0650648565973384
11103	71	0.17043416701910274
11103	72	-0.1379118266923811
11103	73	-0.06275263540659637
11103	74	0.10731142689034812
11103	75	-0.40597389368610237
11104	1	0.25172395585871143
11104	2	-0.037981002950484566
11104	3	0.05711198120937411
11104	4	-0.024145271811633506
11104	5	-0.001992267420355631
11104	6	0.0318438458781074
11104	7	0.3138821865349968
11104	8	-0.17795530378086255
11104	9	0.08874987715872606
11104	10	0.09174177357456159
11104	11	0.25861288435498864
11104	12	0.3920422302392623
11104	13	0.2734898719449248
11104	14	-0.2475030888991938
11104	15	-0.11862262561284354
11104	16	0.3463940310063549
11104	17	0.2573419931330747
11104	18	0.3945923798511899
11104	19	0.1327888897709144
11104	20	-0.3004335199472479
11104	21	0.3374485690938229
11104	22	0.41395123101887776
11104	23	0.15819374945144205
11104	24	0.3794797630378781
11104	25	0.2463026889831852
11104	26	0.017861317528456766
11104	27	0.26562717255989554
11104	28	-0.2473945796393835
11104	29	0.1754039403380574
11104	30	-0.06111833324469984
11104	31	0.17008660649280216
11104	32	0.24262459234810052
11104	33	0.1318844612931187
11104	34	0.28124833487279943
11104	35	0.2981714958978259
11104	36	0.19573812870657292
11104	37	0.19941286367660638
11104	38	0.07912402762951842
11104	39	0.26027197809801095
11104	40	0.20932040136668917
11104	41	0.25333829395813723
11104	42	-0.06475389111045615
11104	43	0.28918700586126533
11104	44	-0.10242949782418265
11104	45	0.3316757261407943
11104	46	0.08655173539021632
11104	47	0.02939135515635627
11104	48	0.3001938917780578
11104	49	0.2794891385567766
11104	50	0.5428999724411199
11104	51	0.4052499317500633
11104	52	0.47137160722184035
11104	53	0.37321522509487437
11104	54	0.4447116535624289
11104	55	-0.31420114201052485
11104	56	-0.2910791126274077
11104	57	-0.25587908769611545
11104	58	-0.06221164291671499
11104	59	0.15006340618977276
11104	60	0.13034049096111033
11104	61	-0.09325488477771415
11104	62	0.4883763928200864
11104	63	0.012804033600836817
11104	64	0.1231407473565227
11104	65	0.38192442792085046
11104	66	-0.28628978376715963
11104	67	0.3571389083205432
11104	68	0.23911897605917432
11104	69	-0.013907522617813584
11104	70	0.13672254410262497
11104	71	-0.4824948369251203
11104	72	-0.20673439210541744
11104	73	0.15165211988477267
11104	74	0.13531681547986807
11104	75	0.42882000665277076
11105	1	0.16460410972335637
11105	2	0.2563602640287179
11105	3	-0.10225212505339698
11105	4	-0.07415128214941547
11105	5	3.217126253218794E-4
11105	6	0.10910673805264537
11105	7	0.40666677602892776
11105	8	0.11423726744163787
11105	9	-0.017287507142270897
11105	10	0.3300216149016393
11105	11	0.30139146351113766
11105	12	-0.06173827222497863
11105	13	0.08762017606801464
11105	14	-0.14406517568847477
11105	15	-0.1877114584052464
11105	16	0.13092342155810144
11105	17	-0.4984730086700253
11105	18	-0.18944716817141227
11105	19	0.1246148303887793
11105	20	0.13387348810660882
11105	21	0.05153680085244616
11105	22	0.3006713896918001
11105	23	-0.006669815880925967
11105	24	-0.019426355485983038
11105	25	0.06313764510771591
11105	26	-0.12583083297040076
11105	27	0.09709730118112248
11105	28	-0.06413938069719904
11105	29	-0.24416271430793302
11105	30	0.20467382927483868
11105	31	0.241549522708695
11105	32	-0.038373724757320815
11105	33	-0.1366123532278536
11105	34	0.10211021731058878
11105	35	-0.027032855586732296
11105	36	-0.05665098056136486
11105	37	0.32157297907509275
11105	38	-0.22938661066835664
11105	39	0.12003577182321834
11105	40	0.19473030640335054
11105	41	-0.18897748918887203
11105	42	-0.20736418080873875
11105	43	-0.40305364806348365
11105	44	-0.2064684448130052
11105	45	-0.30656204282182387
11105	46	0.3568366254010371
11105	47	-0.3299066373908204
11105	48	0.376675440041069
11105	49	0.31891695440002366
11105	50	0.2180111636900648
11105	51	0.42920112780728203
11105	52	0.2766366631179835
11105	53	-0.030679473787202483
11105	54	0.11738865801007847
11105	55	-0.05883691554099357
11105	56	0.2878215965924511
11105	57	0.5777547625262685
11105	58	-0.022919059673540687
11105	59	0.13578885395993723
11105	60	0.43844543145876
11105	61	0.5012426509837979
11105	62	0.22841425794810277
11105	63	0.02087291207180897
11105	64	-0.2629633516938483
11105	65	0.11620739462357932
11105	66	0.5125291848588773
11105	67	0.29566817866553663
11105	68	-0.0979708183872745
11105	69	-0.7289423825769461
11105	70	-0.08633611679412212
11105	71	-0.2611791739848641
11105	72	-0.12840466497475234
11105	73	0.22654092863582775
11105	74	0.49769510613980117
11105	75	-0.25399944280028564
11106	1	0.1752711136865912
11106	2	0.11847342702728625
11106	3	-0.009782270934163506
11106	4	-0.13999157222446357
11106	5	-0.013853175645188287
11106	6	-0.016949421825927402
11106	7	-0.18236265309663224
11106	8	-0.24215028631500246
11106	9	-0.4643066487225056
11106	10	-0.2854097030846958
11106	11	-0.10422452434618634
11106	12	-0.018564311520030685
11106	13	-0.21738024555268964
11106	14	-0.5640162676861138
11106	15	-0.48154736362491235
11106	16	0.2968227385325548
11106	17	0.08164335864593397
11106	18	-0.22219866492493168
11106	19	0.013163611904928985
11106	20	-0.20646718142707954
11106	21	-0.12628594980106556
11106	22	-0.45553908336663795
11106	23	-0.19985642520718017
11106	24	0.13962584115791543
11106	25	-0.12418000393520146
11106	26	0.05564315303179512
11106	27	-0.1720990897455934
11106	28	-0.12503827605094386
11106	29	-0.0573763073596254
11106	30	-0.18056101346063969
11106	31	-0.5502373058603283
11106	32	-0.05295336890944213
11106	33	-0.36309013381644206
11106	34	0.048682440938215166
11106	35	-0.29396092709360033
11106	36	0.11063968475611574
11106	37	0.13890159025647364
11106	38	0.04971786694358116
11106	39	-0.2149503146933469
11106	40	-0.3310813134634216
11106	41	0.20275874489494328
11106	42	-0.019414100700799963
11106	43	0.09228322688381496
11106	44	-0.23174039017095538
11106	45	0.0010945892719433914
11106	46	0.06930816600311118
11106	47	0.04949297471812031
11106	48	-0.7519020116833559
11106	49	-0.19415328761026274
11106	50	0.15396697783965863
11106	51	-0.04201904252748534
11106	52	-0.36965729084104026
11106	53	-0.4877247558514597
11106	54	-0.19854017241407007
11106	55	-0.26801981460499746
11106	56	-0.5698898461936182
11106	57	-0.07699690287553551
11106	58	0.17961909700071743
11106	59	-0.3349000742802133
11106	60	-0.23114728293536757
11106	61	0.05729290817242827
11106	62	0.29664092124180286
11106	63	-0.19003019948902988
11106	64	0.04187685405705821
11106	65	-0.4173451814789573
11106	66	-0.23255050145531442
11106	67	-0.3411224444898764
11106	68	-0.08496803569058642
11106	69	-0.35529367695252745
11106	70	-0.5781313777773391
11106	71	-0.1779934079000327
11106	72	-0.5648242619053505
11106	73	-0.0885193631257053
11106	74	0.10622027689618818
11106	75	0.09823093075566192
11107	1	-0.13979222508175226
11107	2	-0.22505264011599024
11107	3	-0.11934370744906886
11107	4	0.19404413160931
11107	5	-0.11625712229847807
11107	6	-0.16338530961387931
11107	7	-0.12894068729539043
11107	8	0.09391727503790293
11107	9	-0.2662548907058664
11107	10	-0.32197477687540754
11107	11	-0.14669285496201923
11107	12	0.2914402873344386
11107	13	-0.05324294884296421
11107	14	-2.111738718468814E-5
11107	15	0.4468610146517733
11107	16	0.017739164804552843
11107	17	-0.16646902063413904
11107	18	0.002785657162114319
11107	19	-0.31309584710255933
11107	20	-0.06588438114278716
11107	21	-0.12512369385391509
11107	22	0.06611315962010877
11107	23	0.05291333941508469
11107	24	0.026151197569134865
11107	25	0.4528257237289992
11107	26	0.1565838278091718
11107	27	-0.02282863529516277
11107	28	-0.2694757525340705
11107	29	-0.3580828586368554
11107	30	-0.49838366490927655
11107	31	-0.28259233742519285
11107	32	-0.35834239018959124
11107	33	-0.7078035415675998
11107	34	-0.15431099524222702
11107	35	0.07060280884853398
11107	36	-0.03720930558629476
11107	37	-0.11295676502593466
11107	38	-0.04871434176079248
11107	39	0.09344886587440016
11107	40	0.00520364828247466
11107	41	-0.15384479204222146
11107	42	0.0071589165658068055
11107	43	0.17459436029240294
11107	44	0.1847151472678945
11107	45	-0.5697486734062593
11107	46	0.35697905525433526
11107	47	-0.2145147179111646
11107	48	0.16426505215710563
11107	49	-0.1480393196350107
11107	50	-0.0433238788015089
11107	51	0.446387663438486
11107	52	0.13857465865518037
11107	53	0.36359009844846923
11107	54	-0.20407552088181546
11107	55	-0.00307562797512162
11107	56	0.39426417362326305
11107	57	0.3402529821531033
11107	58	-0.06192110116810312
11107	59	-0.08637797887488574
11107	60	-0.06620727708227747
11107	61	-0.1353238400193817
11107	62	0.4009680252177219
11107	63	-0.051077902152186994
11107	64	-0.0632529590622184
11107	65	0.0018362224258865467
11107	66	-0.10920086309250365
11107	67	-0.3968020297568202
11107	68	-0.15650948809244625
11107	69	0.0862548827698717
11107	70	-0.15603179167424486
11107	71	0.2056346701968792
11107	72	0.14707840961101937
11107	73	-0.002320107303972918
11107	74	0.5638062963786084
11107	75	0.423135818083729
11108	1	-0.11774162938655408
11108	2	0.19102710771003473
11108	3	-0.07261692274040499
11108	4	0.08218215444246368
11108	5	-0.08491821597876736
11108	6	0.22998561577977483
11108	7	-0.26882849620485416
11108	8	0.19398236634857824
11108	9	-0.08478909289848957
11108	10	-0.1357039238866946
11108	11	0.021133022125113143
11108	12	-0.09093093791805984
11108	13	-0.08936496945277383
11108	14	-0.1542582691669594
11108	15	0.12362780491879732
11108	16	0.22770618033138845
11108	17	-0.2093195812239088
11108	18	0.027425278023514466
11108	19	-0.04911767097571129
11108	20	0.1390142885078376
11108	21	-0.0676678133293791
11108	22	0.01835515302321511
11108	23	0.09678049463226301
11108	24	0.10230071742930136
11108	25	-0.05658326179732853
11108	26	0.020243129650012293
11108	27	0.005197196447461749
11108	28	0.25366091727745754
11108	29	-0.17924996777816204
11108	30	0.38243341388046304
11108	31	0.11845058627170602
11108	32	-0.10768233504482083
11108	33	0.19102700892936042
11108	34	-0.1291594202519164
11108	35	-0.12031219945243521
11108	36	-0.0903501441671537
11108	37	0.39408260424657726
11108	38	0.13484315434470062
11108	39	0.5401800387613065
11108	40	0.13017896477983015
11108	41	-0.31715084553411543
11108	42	0.09895229187937815
11108	43	-0.05197459627194689
11108	44	0.031063085921168465
11108	45	0.10268844765626284
11108	46	-0.13013067114275145
11108	47	0.2737944438736548
11108	48	0.1224676543468064
11108	49	0.0757504573723935
11108	50	0.20443266506930513
11108	51	-0.042572411453086545
11108	52	0.1144469919226907
11108	53	-0.12478488601006887
11108	54	-0.10203574935962934
11108	55	0.17205656589459295
11108	56	-0.1830226157661201
11108	57	-0.4351746823852949
11108	58	-0.04362239787477762
11108	59	0.29584697376935765
11108	60	0.12019522125386572
11108	61	0.20152734954260154
11108	62	0.1722342340511247
11108	63	0.2542003449168746
11108	64	0.15183359775372196
11108	65	-0.43739116565728153
11108	66	0.24640978847882877
11108	67	0.3695201649173967
11108	68	0.06125385745465195
11108	69	-0.341007405957626
11108	70	-0.3679369192605222
11108	71	-0.25254233428638173
11108	72	0.3320620636470437
11108	73	0.07040663352290721
11108	74	-0.07284523107310292
11108	75	0.6279686650606351
11109	1	0.201766876945225
11109	2	-0.13456111209267618
11109	3	-0.0631437058345874
11109	4	-0.2098096289150746
11109	5	-0.1847594511839219
11109	6	-0.07345077672291467
11109	7	-0.1067981126862918
11109	8	-0.01373616097627206
11109	9	0.12024322439032176
11109	10	-0.0337257596892826
11109	11	0.0802221185201688
11109	12	-0.46288449733447123
11109	13	-0.03436162109572649
11109	14	-0.02299514849818962
11109	15	-0.4910703538610477
11109	16	0.009739423121132518
11109	17	-0.22054598283111915
11109	18	0.10316586688288965
11109	19	-0.25690391788130285
11109	20	-0.07151083921880996
11109	21	-0.5186125014807104
11109	22	-0.256330515256181
11109	23	-0.09494868723995609
11109	24	-0.5889732383723896
11109	25	-0.25754487984384156
11109	26	-0.056430484544016224
11109	27	-0.23845033065918386
11109	28	-0.41175168307920273
11109	29	-0.5355302064520586
11109	30	-0.2852967010170957
11109	31	0.3143934309455574
11109	32	-0.09543261532864022
11109	33	-0.247652910710066
11109	34	-0.3995260841596391
11109	35	-0.4391284611810917
11109	36	-0.18113200434879673
11109	37	-0.17901315876498813
11109	38	-0.43832032824760603
11109	39	-0.5289165067876311
11109	40	-0.06691511276661544
11109	41	-0.33479555851595677
11109	42	-0.21225680361275323
11109	43	-0.36322883815123674
11109	44	-0.018733379116717686
11109	45	-0.22231286911335957
11109	46	-0.1391825217684044
11109	47	-0.08818176398031596
11109	48	-0.35068905628742897
11109	49	0.07772937400959279
11109	50	-0.5244708044305497
11109	51	-0.41320920124398697
11109	52	-0.4370838468219418
11109	53	-0.6822449502684265
11109	54	-0.507645940404096
11109	55	-0.25609672113861137
11109	56	-0.4883551565295434
11109	57	-0.17583126134256588
11109	58	-0.4806845719742938
11109	59	-0.4663293830676878
11109	60	-0.46344974755750457
11109	61	-0.356798020469661
11109	62	-0.18869608250029302
11109	63	0.28773658617917164
11109	64	0.11832745408286627
11109	65	-0.15774691918810646
11109	66	-0.20053192001095255
11109	67	-0.2898428195597731
11109	68	-0.5683952798731298
11109	69	-0.5638875949705024
11109	70	-1.0381425610540376
11109	71	-0.43847772980635114
11109	72	-0.4045162916700704
11109	73	0.29467131174202876
11109	74	-0.3142279144238671
11109	75	-0.5164019566803617
11110	1	-0.15293202645684545
11110	2	-0.2482255456418372
11110	3	0.11752922354150996
11110	4	-0.29482778079201566
11110	5	-0.13403150477873993
11110	6	-0.007490224307026949
11110	7	-0.07001529895823211
11110	8	-0.08479420955593753
11110	9	-0.10760961441352634
11110	10	0.27058952157124594
11110	11	0.04948743533591937
11110	12	-0.2724507236153926
11110	13	0.1474191341720612
11110	14	-0.008017043030172033
11110	15	-0.04847893951171045
11110	16	-0.2046697987808841
11110	17	-0.2679205103209199
11110	18	-0.15183619157738093
11110	19	-0.21750124562560558
11110	20	-0.13688005213845855
11110	21	-0.07236077050275469
11110	22	-0.24898742606870883
11110	23	0.042167222786616776
11110	24	-0.10045944668856777
11110	25	-0.46874290372198146
11110	26	0.10402462230878484
11110	27	-0.04335320876091231
11110	28	0.2869795568624127
11110	29	-0.1668936556829479
11110	30	0.07762855816176994
11110	31	-0.09410239599407078
11110	32	-0.2955972921503758
11110	33	-0.4529525102459786
11110	34	0.06763960317896078
11110	35	-0.328735108136442
11110	36	0.025739510303701252
11110	37	0.3986806171996804
11110	38	0.08100299972125669
11110	39	-0.22475841703876398
11110	40	-0.11565196669079114
11110	41	0.03164031108994436
11110	42	0.15984544572292236
11110	43	-0.4369666277391744
11110	44	-0.6634131949780908
11110	45	-0.28291393951270294
11110	46	-0.036603832446196805
11110	47	-0.34632016736367177
11110	48	-0.18500920299950252
11110	49	-0.25753766442747406
11110	50	-0.5709021828503964
11110	51	-0.2840426905212823
11110	52	-0.44971156492515973
11110	53	0.006014340872710022
11110	54	-0.17927287254975965
11110	55	-0.6154514874097998
11110	56	-0.34507883630797664
11110	57	-0.6503250672484739
11110	58	-0.5126468460114921
11110	59	-0.21375256507300122
11110	60	-0.5026727723713051
11110	61	0.0822977540727976
11110	62	-0.7182069174866328
11110	63	-0.5507977901073673
11110	64	-0.01344394454731912
11110	65	-0.37621317915292707
11110	66	-0.4491040971133913
11110	67	-0.22516974047746885
11110	68	-0.19394264317265453
11110	69	-0.5447102305481835
11110	70	-0.28315173055888465
11110	71	-0.8670416730677033
11110	72	-0.31907896242871203
11110	73	0.002467262189277619
11110	74	-0.18399100435986782
11110	75	-0.04892937162852462
11111	1	0.006362748535600815
11111	2	-0.2691784299668143
11111	3	-0.18460004254124485
11111	4	-0.06781177354345047
11111	5	0.05088996909622168
11111	6	0.09728174790680555
11111	7	-0.0031019797193323484
11111	8	-0.13329919294464077
11111	9	-0.265530182217816
11111	10	-0.22363427788511814
11111	11	0.052031983810699955
11111	12	-0.22535014977063383
11111	13	-0.45609944027674487
11111	14	0.04659636681579826
11111	15	-0.4604088700462938
11111	16	-0.1616465429669276
11111	17	-0.4463937812360541
11111	18	-0.067616922474393
11111	19	-0.3321418375917773
11111	20	0.4770281326999566
11111	21	-0.1861783482738204
11111	22	-0.42764946170748885
11111	23	-0.09359991705029103
11111	24	0.03027145032140055
11111	25	-0.2665003788050413
11111	26	-0.4012381381865353
11111	27	-0.02680231779141451
11111	28	0.010522293195847965
11111	29	-0.21345058712359588
11111	30	0.1493591531481755
11111	31	-0.37067291849482586
11111	32	-0.010962740655358516
11111	33	-0.8041001997657631
11111	34	-0.5883706656220085
11111	35	-0.5527686327513592
11111	36	-0.15297537945770046
11111	37	0.16582800469590353
11111	38	-0.4038052153195224
11111	39	-0.4401238655437467
11111	40	-0.34343813401184065
11111	41	0.01410029296852855
11111	42	0.3208844067618841
11111	43	-0.744336002550412
11111	44	0.3647278500234208
11111	45	-0.14611991957914938
11111	46	-0.09133050112635743
11111	47	0.09649922254873644
11111	48	0.011660987275341483
11111	49	-0.090933919335356
11111	50	-0.34985114086912716
11111	51	0.05870119350167613
11111	52	0.24648293824608203
11111	53	0.09476396334326154
11111	54	-0.5021587076448952
11111	55	-0.3331274161322426
11111	56	0.19964330201881353
11111	57	0.0030273942435172785
11111	58	-0.20582866419331225
11111	59	-0.34566890454748034
11111	60	-0.31096331903394514
11111	61	-0.36354187141799343
11111	62	0.2245218653584331
11111	63	0.10601284112186704
11111	64	-0.42862817891759875
11111	65	0.19983635271056244
11111	66	0.14196355616356726
11111	67	-0.09375173987342578
11111	68	-0.11930507144206359
11111	69	-0.28635927917397197
11111	70	-0.3607415825673428
11111	71	0.16273029914613346
11111	72	0.07171686964619539
11111	73	0.13742648900897336
11111	74	-0.5817786817987098
11111	75	0.10707334658349765
11112	1	0.20661067523049326
11112	2	0.11369432999374851
11112	3	-0.10040645673830895
11112	4	0.028966629286685475
11112	5	0.09169638329328578
11112	6	-0.09882681788801051
11112	7	-0.08456982174218552
11112	8	0.24395534512878214
11112	9	0.25667448054388586
11112	10	-0.07134784281001316
11112	11	0.31102838814869216
11112	12	0.2707497168419053
11112	13	0.36563981623314135
11112	14	0.03957177712722881
11112	15	0.3147752626452345
11112	16	0.005305263563258222
11112	17	-0.19698097603973963
11112	18	0.11435547212051489
11112	19	0.06946316153830878
11112	20	-0.17014753278748174
11112	21	0.13866361658148207
11112	22	0.12722787982240646
11112	23	0.33060845736251565
11112	24	0.36772722947815595
11112	25	0.06777294950209978
11112	26	-0.11865245124110402
11112	27	-0.16743909793407852
11112	28	0.17248656855396405
11112	29	0.373903701573262
11112	30	-0.12417213491074364
11112	31	-0.09974413580039965
11112	32	0.06906248697324457
11112	33	0.14267530333694367
11112	34	0.23220869991762783
11112	35	0.1535397242630836
11112	36	0.2893272940909881
11112	37	0.2417936139286354
11112	38	-0.023650949820478218
11112	39	0.18728290821951532
11112	40	-0.09377160266578954
11112	41	0.04833882454656191
11112	42	0.09893926960477728
11112	43	0.2123710669850567
11112	44	0.06507726717820361
11112	45	0.25452816950048174
11112	46	0.151840640786304
11112	47	0.41420060861845087
11112	48	0.3284344605688503
11112	49	0.2631735445630383
11112	50	0.38015523853120925
11112	51	0.4868676958504565
11112	52	-0.012259739942166448
11112	53	0.16503885750321245
11112	54	-0.013822861214457305
11112	55	0.5268809930772917
11112	56	0.022651189277411277
11112	57	0.1496231142458413
11112	58	-0.00913290359481067
11112	59	0.04955669424622755
11112	60	0.4313234060139024
11112	61	0.3558152590117487
11112	62	0.4456043336064184
11112	63	0.37560049988194066
11112	64	0.09276456016492318
11112	65	0.5725383187257549
11112	66	0.1941514005062004
11112	67	0.01141412453532098
11112	68	0.08056589068749531
11112	69	0.5821090847998107
11112	70	0.3572019307424057
11112	71	0.19823021215430714
11112	72	0.3415292572817563
11112	73	-0.1525607521903538
11112	74	0.1512941593542223
11112	75	0.050782387933608675
11201	1	-0.00515273392617388
11201	2	0.02163166896675861
11201	3	-0.14904177452120138
11201	4	-0.2629486102388121
11201	5	-0.1386738237857017
11201	6	-0.1912959213723937
11201	7	0.008236835647494445
11201	8	-0.0699560090823752
11201	9	0.298503609379253
11201	10	0.3741268682025094
11201	11	-0.17533856739063225
11201	12	-0.047301839350488706
11201	13	0.041298735233979755
11201	14	0.14358660194363893
11201	15	-0.15885419961072245
11201	16	0.056103681882099465
11201	17	-0.21928020035464613
11201	18	-0.13786618368472148
11201	19	0.04533150173752887
11201	20	-0.0010330262361861742
11201	21	-0.1257582018007355
11201	22	-0.19647253764222228
11201	23	-0.374837871566541
11201	24	-0.1942242454257439
11201	25	-0.1321209621276651
11201	26	0.1067440023762316
11201	27	-0.24130829235135565
11201	28	0.08462610920509661
11201	29	0.03635668513645385
11201	30	-0.15161733406755218
11201	31	0.003106472485512768
11201	32	0.11924090832318512
11201	33	0.3437540980628384
11201	34	-0.09617613908982037
11201	35	-0.11741272885825538
11201	36	-0.13535685189763313
11201	37	0.06373048445949081
11201	38	-0.03325401398327443
11201	39	0.2094168000093788
11201	40	-0.32763445933626656
11201	41	-0.042256510320690666
11201	42	-0.09624266506131818
11201	43	-0.06349313990104832
11201	44	-0.07551048994831433
11201	45	0.21677035409424406
11201	46	-0.4659932275814498
11201	47	-0.15904169997470774
11201	48	0.07129416214364426
11201	49	-0.17613564103650248
11201	50	-0.7436581561588582
11201	51	-0.3930044469968479
11201	52	-0.2733680189683554
11201	53	-0.46803315858915084
11201	54	-0.12211566511630423
11201	55	-0.04479065652797942
11201	56	-0.1578505949360931
11201	57	0.2588734690218857
11201	58	-0.10154689623750812
11201	59	0.31395784606282007
11201	60	-0.7321697946860084
11201	61	0.1338081221577525
11201	62	0.09932913761848283
11201	63	-0.21346550912868167
11201	64	-0.2745905327657354
11201	65	-0.16891605638618756
11201	66	-0.3941568344313211
11201	67	0.024310061488520773
11201	68	-0.23258080059534336
11201	69	0.16995576643825672
11201	70	-0.11861129861514286
11201	71	-0.09062637565792642
11201	72	-0.30540313549321496
11201	73	0.24345886726928256
11201	74	-0.16177675452130558
11201	75	-0.056118867215808166
11202	1	0.15477360124878103
11202	2	2.2467080837884623E-4
11202	3	-0.06681709680481163
11202	4	-0.12156371152794776
11202	5	-0.003226309973545227
11202	6	0.18121973240292988
11202	7	0.32537864043570863
11202	8	0.08015817139644099
11202	9	0.13959384878993575
11202	10	-0.08154900656728614
11202	11	0.4406908985393869
11202	12	0.16117698201231434
11202	13	0.16490831166123598
11202	14	0.021177762164633407
11202	15	0.37707950204673324
11202	16	-0.25800313211421155
11202	17	0.23400156760115465
11202	18	0.09959237985118818
11202	19	0.4450442089198532
11202	20	0.07735371409530956
11202	21	0.17293793079594622
11202	22	0.033575344494060744
11202	23	-0.10827433565494005
11202	24	-0.11836420859332719
11202	25	0.166685667706588
11202	26	0.26018046646463233
11202	27	-0.23808913949684296
11202	28	0.1888323707152253
11202	29	0.06067344388415563
11202	30	0.1594986880318956
11202	31	-0.05666516655684717
11202	32	0.21868842213533668
11202	33	-0.1296970989905688
11202	34	-0.03334740980805151
11202	35	0.09027787887654881
11202	36	-0.15109165852746997
11202	37	-0.04346656894750822
11202	38	-0.01738661066835334
11202	39	0.02552729724694558
11202	40	0.19305799001917023
11202	41	-0.18151986207023185
11202	42	-0.09244892657144987
11202	43	0.16905934628680086
11202	44	-0.17295432051921722
11202	45	0.09156225096349146
11202	46	0.048452444610077805
11202	47	0.17773178068827633
11202	48	0.07583928184897815
11202	49	-0.01687965576946482
11202	50	0.09247444052622456
11202	51	0.06373220125361456
11202	52	0.06859146537787097
11202	53	0.03406628892465591
11202	54	-0.2675152967921832
11202	55	0.4567563047979917
11202	56	-0.1148450700742103
11202	57	-0.1782904352138459
11202	58	0.19717133580668644
11202	59	0.07926907994863797
11202	60	-0.14856021825875132
11202	61	0.048496888271934324
11202	62	-0.1603541036338143
11202	63	0.0960593527497764
11202	64	-0.26009329519666835
11202	65	-0.21129543023517527
11202	66	-0.34267985468914475
11202	67	0.39038004307231233
11202	68	0.021260820030803984
11202	69	0.27419886036091157
11202	70	0.48654523913808134
11202	71	-0.09433171635774329
11202	72	0.39541454406479914
11202	73	0.2054109851329997
11202	74	-0.20307325544212063
11202	75	0.03176326906411475
11203	1	0.3019844856025209
11203	2	0.01973098762081804
11203	3	-0.09047501711579287
11203	4	-0.04033533446283499
11203	5	0.0817649436707697
11203	6	0.19081351277221614
11203	7	-0.1576378804583669
11203	8	-0.09587292675710302
11203	9	-0.03313307054922632
11203	10	0.040798904025521665
11203	11	-0.507522901266249
11203	12	-0.25506402867767974
11203	13	-0.02883318493740461
11203	14	-0.00865314162545161
11203	15	-0.3188738507229445
11203	16	0.13818734407626465
11203	17	0.17035142182856333
11203	18	0.08081686964710855
11203	19	-0.02709573277110877
11203	20	-0.1688970147676656
11203	21	-0.2917617776588628
11203	22	-0.14042659914053957
11203	23	-0.05913147851208578
11203	24	0.021406442524259717
11203	25	-0.002270600514989951
11203	26	-0.33286909621758554
11203	27	-0.0069365641809966405
11203	28	-0.013258980110819607
11203	29	-0.21756951044043404
11203	30	-0.09279285715760466
11203	31	-0.17700724624586428
11203	32	0.25950474866594675
11203	33	0.1724914335653125
11203	34	-0.0573007625777322
11203	35	-0.2752498179164533
11203	36	0.3268791869535832
11203	37	-0.2863975699193233
11203	38	-0.4990659109598994
11203	39	-0.29356308176179624
11203	40	-0.15291674273107247
11203	41	0.1268960757334625
11203	42	-0.06978614717397846
11203	43	0.11256955036843408
11203	44	0.13738192826600937
11203	45	-0.19719965379841398
11203	46	-0.6961850675376411
11203	47	0.019807582437543658
11203	48	-0.18490318656695592
11203	49	-0.45101765382582926
11203	50	0.37084178746499674
11203	51	-0.31860404753161475
11203	52	-0.23826179021008187
11203	53	-0.2680911454776762
11203	54	-0.1698904182693468
11203	55	0.06363677127028922
11203	56	-0.1252007552054053
11203	57	0.25479022562191744
11203	58	-0.138408839120423
11203	59	0.19356256877274092
11203	60	0.12626971371403783
11203	61	-0.32305607577082895
11203	62	-0.29016557107793517
11203	63	0.12150541688971828
11203	64	-0.3419358607943366
11203	65	-0.4813284720233213
11203	66	-0.3674184358358872
11203	67	0.07247139389836121
11203	68	-0.3148013762762858
11203	69	0.04240877289735323
11203	70	0.4546696317522745
11203	71	0.1487547753818106
11203	72	-0.06797904194102955
11203	73	-0.18868036569304536
11203	74	-0.31534536428565474
11203	75	-0.23758561334599193
11204	1	0.1559105521531734
11204	2	-0.07570297777042967
11204	3	0.02664026753627624
11204	4	-0.006442264499522565
11204	5	0.06800883214531694
11204	6	0.2691163732297994
11204	7	-0.6174430649906526
11204	8	-0.16172296555446053
11204	9	0.055852246722750465
11204	10	-0.12318208150268362
11204	11	-0.25836853298516615
11204	12	-0.20920027896960391
11204	13	-0.27457489247313305
11204	14	-0.07258967969583097
11204	15	-0.0896078364545616
11204	16	-0.0976930545948349
11204	17	0.24514368646421048
11204	18	0.11778359432147312
11204	19	0.15332327868729578
11204	20	-0.3814989990829858
11204	21	-0.20362020873893272
11204	22	0.06266061581188609
11204	23	-0.01704952945338789
11204	24	0.011537600192198738
11204	25	-0.2228957276422463
11204	26	-0.1334732803053953
11204	27	-0.16892118084051333
11204	28	-0.15808235796693992
11204	29	-0.2115126026274723
11204	30	-0.5030956272135825
11204	31	-0.3483860967894046
11204	32	-0.5642573142987715
11204	33	-0.12386764162622654
11204	34	-0.0011613632964255771
11204	35	-0.4083887877901162
11204	36	-0.13585651640860874
11204	37	-0.1394045534436259
11204	38	-0.11956748922132476
11204	39	-0.45724272859284554
11204	40	-0.0617843872418149
11204	41	-0.19681701969297194
11204	42	-0.7256272211450892
11204	43	-0.006609904359194729
11204	44	0.1531645425298791
11204	45	-0.40354886014762315
11204	46	-0.42207985513152124
11204	47	-0.523332818794934
11204	48	0.06366357125466493
11204	49	-0.37291066352140234
11204	50	0.11397314853655871
11204	51	-0.3137148271701591
11204	52	-0.08814238475132896
11204	53	-0.05058487386603616
11204	54	-0.2763835138464472
11204	55	0.32094235130961835
11204	56	-0.1488709098674974
11204	57	-0.20433694684174952
11204	58	-0.48069946522690543
11204	59	-0.07984203116247102
11204	60	-0.028663577431878196
11204	61	-0.31993722025519844
11204	62	-0.1885918297320046
11204	63	-0.0735737221856283
11204	64	-0.011638514834913849
11204	65	-0.2975796679612728
11204	66	-0.4914343766529683
11204	67	-0.6405863651964196
11204	68	-0.06148853397436227
11204	69	-0.05896909829542096
11204	70	-0.14239532933736854
11204	71	-0.015241277081258886
11204	72	0.049430047940767
11204	73	0.03083734172214747
11204	74	0.09619289442868251
11204	75	-0.09867600742167326
11205	1	-0.17725891907642222
11205	2	0.2983059716213887
11205	3	0.13295526091876653
11205	4	0.00533059741514208
11205	5	0.002237104660601119
11205	6	0.3012522527281334
11205	7	0.2466144127934271
11205	8	0.07827199253465267
11205	9	0.3393336861883114
11205	10	0.24651603408312184
11205	11	0.008625857888979738
11205	12	0.15919324217491493
11205	13	0.19889205149863898
11205	14	0.22644605484755687
11205	15	0.19064047765648695
11205	16	0.10264727438985233
11205	17	0.1490259578450619
11205	18	0.10739725789996868
11205	19	-0.1483216447386866
11205	20	0.11715859214408653
11205	21	0.1972306137227804
11205	22	0.164664775388367
11205	23	-0.08700604297201409
11205	24	-0.09488453379658068
11205	25	-0.17536311278121985
11205	26	0.16769266158657814
11205	27	0.1958295596901536
11205	28	0.1333526959184823
11205	29	0.11397425689228413
11205	30	0.19530356608067478
11205	31	0.0971234513293382
11205	32	-0.09838474859637358
11205	33	0.2566768847492682
11205	34	0.29367698043584767
11205	35	0.17047300082776928
11205	36	0.14471321952131433
11205	37	0.25237082942648215
11205	38	0.1413450966487133
11205	39	0.2358687606615817
11205	40	0.37113929083217556
11205	41	0.1812443655720486
11205	42	0.025762455542370333
11205	43	0.6858398340916807
11205	44	0.41511072013118877
11205	45	0.22788745421551937
11205	46	0.09085894867511968
11205	47	0.0870976343468115
11205	48	0.3600018834750003
11205	49	0.03729920601914927
11205	50	-0.059720681424998645
11205	51	0.13049642889588853
11205	52	0.1773394328575435
11205	53	0.017480923070998244
11205	54	0.3420131584923709
11205	55	0.36212215845652906
11205	56	0.2431061494379847
11205	57	0.10447379242842914
11205	58	0.27404938458717254
11205	59	0.3076918441762828
11205	60	0.33517961913962324
11205	61	-0.24041368083376113
11205	62	0.20865402644748343
11205	63	-0.19086747651851965
11205	64	0.08224816821796566
11205	65	-0.2508726660075382
11205	66	0.14535266563606086
11205	67	0.19171337640564445
11205	68	-0.383584708424479
11205	69	-0.1903865054927465
11205	70	-0.15166614297573489
11205	71	0.2709690966503828
11205	72	0.21668283674772226
11205	73	-0.3054833238100869
11205	74	0.009642191712352144
11205	75	-0.6139277878464497
11206	1	-0.12057523596052278
11206	2	0.027656195356183133
11206	3	-0.08705482290300282
11206	4	0.14342853653407062
11206	5	0.0034093489411830546
11206	6	-0.16757613323014908
11206	7	-0.21434228979685344
11206	8	0.0837550706212511
11206	9	-0.02683509177854404
11206	10	-0.18261360605048793
11206	11	0.17315601481845277
11206	12	0.3050116073353095
11206	13	0.04325456489121393
11206	14	-0.13460518357180007
11206	15	-0.324749955317607
11206	16	0.010834077188107472
11206	17	-0.1553731094014239
11206	18	-0.1302784211824033
11206	19	-0.4125681941809205
11206	20	-0.0662535210468107
11206	21	-0.22429204336425812
11206	22	0.04457276051473258
11206	23	-0.5674371263526155
11206	24	-0.3140437951566355
11206	25	-0.03168125735800942
11206	26	-0.1929048048531996
11206	27	-0.4686627829076926
11206	28	-0.40614437347081633
11206	29	-0.26060820986261746
11206	30	-0.3764806401334795
11206	31	0.2795208799547808
11206	32	0.12049720766505345
11206	33	0.15520212581563442
11206	34	-0.024417177249915767
11206	35	-0.29986165600717385
11206	36	-0.24438364819155112
11206	37	-0.14974047075629215
11206	38	0.08456687770373605
11206	39	0.29727923523144284
11206	40	0.0855024344636135
11206	41	-0.5869978982459401
11206	42	-0.18299156223036306
11206	43	-0.11255305681397232
11206	44	-0.10264941095849167
11206	45	-0.09347134076777763
11206	46	0.04303642393823992
11206	47	-0.4148056870119845
11206	48	0.04557571595751142
11206	49	0.3841952796310508
11206	50	-0.4855100555978069
11206	51	-0.4351618555939325
11206	52	-0.2044214545187728
11206	53	-0.13585619169549545
11206	54	-0.3642388110040713
11206	55	0.13231186035354625
11206	56	-0.2703179382912708
11206	57	0.13416434514791575
11206	58	-0.3773402921002855
11206	59	-0.307232212041022
11206	60	-0.40850853867218717
11206	61	-0.5473274011337566
11206	62	-0.4211499692668923
11206	63	0.05820922355081137
11206	64	0.0012813818059100868
11206	65	0.15461671446766445
11206	66	-0.31313980300956246
11206	67	-0.34601272178556997
11206	68	-0.23203116963327375
11206	69	-0.1339044988122211
11206	70	-0.22766664716682783
11206	71	-0.6431482538254443
11206	72	-0.3459187892685378
11206	73	0.1910440600683998
11206	74	-0.23972441823281798
11206	75	-0.6283917696955754
11207	1	0.052021015727699904
11207	2	-0.12405854319321108
11207	3	0.04125609333043201
11207	4	-0.14855496053351658
11207	5	-0.04280626224084827
11207	6	0.20681718665909443
11207	7	-0.07127370642189135
11207	8	-0.15666601316998197
11207	9	-0.1471905585290756
11207	10	-0.20345195008359696
11207	11	-0.22111976176292103
11207	12	0.0595890742955234
11207	13	0.2636513506429381
11207	14	0.09025652111451166
11207	15	0.19594346386057282
11207	16	0.18387435396375196
11207	17	-0.04489103383082238
11207	18	-0.07587301394355705
11207	19	-0.07990089847871928
11207	20	0.14629882149387896
11207	21	0.07189735800358221
11207	22	-0.3197929928169998
11207	23	0.12907172639756936
11207	24	0.04948941113618588
11207	25	0.17428471305264992
11207	26	-0.07854984379790153
11207	27	-0.11044554363367354
11207	28	0.27967087509072286
11207	29	-0.25412050997423563
11207	30	-0.2030025052855251
11207	31	-0.13690064786153755
11207	32	-0.15123997881931928
11207	33	-0.13063902420934426
11207	34	-0.09618273200376137
11207	35	0.10791988364982075
11207	36	-0.0748339019642259
11207	37	-0.011969353354821521
11207	38	-0.2854725295227709
11207	39	0.17019555500350947
11207	40	0.05235472828488241
11207	41	0.10557639886851433
11207	42	0.2039392993633129
11207	43	0.2034077949741544
11207	44	0.19402101758738866
11207	45	0.16420505128170504
11207	46	0.020563820902836483
11207	47	-0.23549972289168153
11207	48	-0.28997774281290845
11207	49	-0.31968315616723686
11207	50	-0.12509119193200746
11207	51	-0.13180638267638045
11207	52	0.11297014477325718
11207	53	-0.07600531012068501
11207	54	0.09783712961991142
11207	55	-0.3898308073738477
11207	56	0.05074920200215871
11207	57	-0.08432066592187937
11207	58	-0.22581673101908706
11207	59	0.07263741725969908
11207	60	-0.09334939884745097
11207	61	0.18181112852650472
11207	62	-0.2018879142941188
11207	63	-0.13872823674903145
11207	64	-0.26433195868116144
11207	65	0.061328277004278675
11207	66	-0.28321127871460305
11207	67	0.23300215922187562
11207	68	-0.24307012666768202
11207	69	-0.05380113963909139
11207	70	-0.03724155481577185
11207	71	0.08043996224209593
11207	72	-0.005425551400598749
11207	73	0.30472681647747635
11207	74	-0.04716553865611672
11207	75	-0.09495113029944946
11208	1	-0.28301054392791514
11208	2	0.2623985007988274
11208	3	-0.13137488094998773
11208	4	0.2155060114902021
11208	5	0.1484527731210079
11208	6	0.0817889778661538
11208	7	0.06574922305270547
11208	8	0.30742846748049146
11208	9	0.12541237792078164
11208	10	-0.02163687667234626
11208	11	-0.08081435456472263
11208	12	0.043874212193784956
11208	13	0.23799331643678556
11208	14	-0.020014214912734474
11208	15	0.09050070548512679
11208	16	0.032579484886738896
11208	17	0.15040271373296576
11208	18	0.08262962913485694
11208	19	0.1487920599227195
11208	20	0.07806431581450823
11208	21	0.42721873308821046
11208	22	0.10075395003369891
11208	23	0.06366835775479984
11208	24	0.07096912474000305
11208	25	-0.009062183296279613
11208	26	-0.2959456080339393
11208	27	-0.15594205258184246
11208	28	0.20474832104951446
11208	29	0.29962664350210844
11208	30	-0.10768755838643784
11208	31	0.2306547952387632
11208	32	0.3533589092413507
11208	33	0.3796973613723722
11208	34	0.3348818165529792
11208	35	0.09781942615448713
11208	36	-0.10125784763921786
11208	37	0.20183620087102128
11208	38	0.1789228449190361
11208	39	0.4471204204561161
11208	40	0.2274954303248009
11208	41	0.6002184378342577
11208	42	0.1661566130656098
11208	43	0.34279000531258674
11208	44	0.46472285235566346
11208	45	0.4888420981459163
11208	46	0.419631050149718
11208	47	-0.02806764624582314
11208	48	0.26125284440867347
11208	49	0.4750936011550806
11208	50	0.02267501359212787
11208	51	0.30820975617243107
11208	52	0.5339821053014617
11208	53	0.4394531084088982
11208	54	0.2490157442775427
11208	55	0.3016846715601673
11208	56	0.19995149153037062
11208	57	-0.23414525851852375
11208	58	0.5660194733425072
11208	59	0.42286411337748575
11208	60	-0.1873376776665836
11208	61	0.3887987029806226
11208	62	-0.25201408453161633
11208	63	-0.1678260340697122
11208	64	0.7012362176973141
11208	65	0.057136279411430735
11208	66	-0.16293582412563268
11208	67	-0.010865420155958816
11208	68	0.08492462136796064
11208	69	0.1954825279826835
11208	70	0.7984841121084756
11208	71	0.0193721995925884
11208	72	-0.1845052267088434
11208	73	-0.08528624504847215
11208	74	0.10609197855978891
11208	75	-0.10470282453664481
11209	1	-0.055734873327491385
11209	2	0.19703823013041344
11209	3	-0.00903178607034505
11209	4	-0.178671056160713
11209	5	-0.191768682854903
11209	6	0.11758131432382868
11209	7	0.005536832526097157
11209	8	-0.038305105439718545
11209	9	-0.3732197105320978
11209	10	0.10120805557960466
11209	11	-0.06866503366400423
11209	12	-0.4176704756148055
11209	13	-0.10164536065514795
11209	14	-0.17231376325909764
11209	15	0.021328089617355772
11209	16	-0.46512177618200923
11209	17	-0.26683459059093195
11209	18	0.1721347527325463
11209	19	-0.36408573458297155
11209	20	-0.021493743531813436
11209	21	-0.3241694138368203
11209	22	-0.11175798883927257
11209	23	0.5300533479608802
11209	24	-0.3414602537910696
11209	25	-0.19957421929905905
11209	26	-0.06368394031503044
11209	27	-0.13736597565502962
11209	28	-0.3720489852169777
11209	29	-0.08597062391245913
11209	30	0.0323574450940427
11209	31	0.032509974686092846
11209	32	-0.14006864001155606
11209	33	-0.13943721198491943
11209	34	-0.14082763579675373
11209	35	-0.1343774883550921
11209	36	-0.2543910935557179
11209	37	-0.16430272713959226
11209	38	-0.2548103394819137
11209	39	-0.17657439766830407
11209	40	0.23145347024515672
11209	41	-0.4234407660250312
11209	42	0.10337028246809865
11209	43	-0.12056777235726912
11209	44	-0.08782437701638912
11209	45	0.11716677073749793
11209	46	-0.12338936329953043
11209	47	-0.2395111571648343
11209	48	-0.23631891024141538
11209	49	-0.2234559269559071
11209	50	-0.5277515481743436
11209	51	-0.12447118857689787
11209	52	-0.15274186795546285
11209	53	-0.06740263762901577
11209	54	-0.45323281091647516
11209	55	-0.10120979689692433
11209	56	-0.09353433561093283
11209	57	0.25854572297824774
11209	58	-0.04834278848709772
11209	59	0.11318998390344603
11209	60	-0.23387095272202885
11209	61	-0.08632797048512941
11209	62	0.2623125630328502
11209	63	-0.41980505402988655
11209	64	-0.11607069632661648
11209	65	0.265924908747877
11209	66	0.02382861988712648
11209	67	0.06685461934350201
11209	68	0.23253765618899536
11209	69	-0.2204678063057557
11209	70	-0.17390673826304948
11209	71	0.012832125450167098
11209	72	-0.24422387401429546
11209	73	-0.3610296928330996
11209	74	-0.39778511984889775
11209	75	-0.10428192867599506
11210	1	0.08987776791544633
11210	2	-0.016150329191621182
11210	3	0.08780790319519127
11210	4	-0.17973037819461268
11210	5	0.01806535669312126
11210	6	-0.22890526759707086
11210	7	-0.17957969289762588
11210	8	-0.37415432860355935
11210	9	-0.016801984543398873
11210	10	-0.12473650656728807
11210	11	-0.0024132681272845957
11210	12	0.07328114867897995
11210	13	-0.555300021672096
11210	14	-0.1226139045020318
11210	15	-0.1787954979532671
11210	16	-0.38487813211421695
11210	17	0.080314067601158
11210	18	0.2018840465178542
11210	19	-0.28847662441348376
11210	20	0.15174954742864344
11210	21	-0.21064540253738784
11210	22	-0.07790382217260827
11210	23	0.12278816434506012
11210	24	0.12305245807333876
11210	25	-0.07439766562674777
11210	26	0.15078463313129475
11210	27	-0.2235683061635072
11210	28	-0.06427179595144139
11210	29	0.46496511055082124
11210	30	0.3455195213652331
11210	31	0.1290848334431587
11210	32	-0.19537407786466332
11210	33	-0.05888459899056642
11210	34	0.11663175685860949
11210	35	0.08900704554321237
11210	36	0.21524167480586698
11210	37	-0.228612402280838
11210	38	-0.09136577733502094
11210	39	0.3468189639136128
11210	40	-0.23394200998082937
11210	41	0.29129263792977156
11210	42	0.3625510734285484
11210	43	0.13133017962013582
11210	44	-0.08010015385254832
11210	45	-0.050250249036508876
11210	46	-0.006422555389924867
11210	47	0.13089844735493728
11210	48	-0.10588988481768524
11210	49	0.09747451089720016
11210	50	0.05924527385955969
11210	51	0.13064886792027863
11210	52	-0.07201270128879855
11210	53	0.22333712225799474
11210	54	-0.17330696345884888
11210	55	-0.045639528535346585
11210	56	0.3216757632591225
11210	57	-0.4011029352138422
11210	58	0.6196921691400235
11210	59	0.13283157994864325
11210	60	-0.10220605159208418
11210	61	-0.13298227839473498
11210	62	-0.15956243696714978
11210	63	0.07330935274977435
11210	64	-0.026072461863336116
11210	65	0.08155873643148936
11210	66	-0.4785548546891434
11210	67	-0.2098491235943527
11210	68	0.05311498669747294
11210	69	0.01911552702757291
11210	70	-0.0962672608619144
11210	71	-0.08272754969107865
11210	72	-0.2599812892685378
11210	73	0.15874431846633286
11210	74	-0.3225732554421157
11210	75	-0.4795908976025487
11211	1	0.25226277873795766
11211	2	0.07904718163089086
11211	3	0.4370097430220312
11211	4	-0.022100508064742286
11211	5	-0.19636916711640495
11211	6	0.348353931537126
11211	7	-0.007677636620570638
11211	8	0.35156942680769987
11211	9	0.28979298298906997
11211	10	0.20305705403877283
11211	11	0.010526396374885394
11211	12	0.22105576989110176
11211	13	-0.06037307362014843
11211	14	0.06730763229450076
11211	15	0.11515742412465357
11211	16	-0.42544901956010506
11211	17	0.36065091825050644
11211	18	0.06115082140963324
11211	19	-0.07724150536586194
11211	20	0.11247059721218733
11211	21	-0.002230900372886424
11211	22	-0.010026387107672008
11211	23	0.29931007992947656
11211	24	-0.2874724337015522
11211	25	0.02736099238191514
11211	26	0.11701163529579617
11211	27	-0.2017947672024647
11211	28	-0.14418927430642015
11211	29	0.07206738327809603
11211	30	-0.1067870262538193
11211	31	-0.02397252586420251
11211	32	-0.002090798643884284
11211	33	0.15224229494882735
11211	34	-0.1063863708470123
11211	35	-0.00925458865592077
11211	36	-0.03400074943655795
11211	37	-0.045475226956163795
11211	38	0.05243157114982466
11211	39	-0.3728103650907144
11211	40	0.30772465668583493
11211	41	0.09397797342760583
11211	42	-0.1596350737575989
11211	43	0.05134506057251542
11211	44	-0.39588072744562197
11211	45	0.057345800747036435
11211	46	0.20235720651484002
11211	47	-0.10216432320783042
11211	48	-0.6291650471553467
11211	49	0.26194285505304293
11211	50	0.1667601548119393
11211	51	-0.05287385935244515
11211	52	0.134704019490421
11211	53	0.40861174347011087
11211	54	0.27267517939829133
11211	55	0.03130175934344237
11211	56	-0.2593645505936948
11211	57	-0.05811727504068642
11211	58	0.04579471243006594
11211	59	-0.28647983780027886
11211	60	-0.2715039412024751
11211	61	0.5056743774494237
11211	62	-0.39093419021390474
11211	63	0.005046365736788516
11211	64	-0.10435303545641261
11211	65	-0.046343049282796756
11211	66	-0.06468851269780629
11211	67	0.19560948030174785
11211	68	-0.019916669146681443
11211	69	0.05528976945181796
11211	70	0.28048463307747795
11211	71	-0.10600271202874012
11211	72	-0.29570233905208454
11211	73	0.1167529764749915
11211	74	-0.19438061474947688
11211	75	-0.041137163836317825
11212	1	-0.1993796964339296
11212	2	-0.07901240584046221
11212	3	-0.16467092924687776
11212	4	0.12809047742036128
11212	5	-0.05259529393076434
11212	6	0.17898800334766918
11212	7	0.13640181334123014
11212	8	-0.16836945783706625
11212	9	0.011565328290828347
11212	10	0.47150625189973994
11212	11	0.07828804648947596
11212	12	-0.030815887862914337
11212	13	-0.06992234787530549
11212	14	0.026589526870516522
11212	15	0.38078003680609385
11212	16	0.12902004079131046
11212	17	0.11695343925891422
11212	18	0.31905762049289876
11212	19	0.23490517148669454
11212	20	0.040048901261080516
11212	21	0.018242743630175084
11212	22	0.04421349066161895
11212	23	0.0944208515108329
11212	24	0.14583543490043382
11212	25	0.06257871583493113
11212	26	0.16422324721329318
11212	27	-0.04931195589612969
11212	28	0.020440213852481293
11212	29	0.22340428167381532
11212	30	-0.09464034940125998
11212	31	0.4132314466338869
11212	32	0.1438221119749059
11212	33	-0.4060464751046524
11212	34	0.31614991639515466
11212	35	0.3411655794113102
11212	36	0.24888695109819992
11212	37	0.4396279052057963
11212	38	0.12890215938512029
11212	39	-0.01261174018620892
11212	40	-0.15484218823394968
11212	41	0.0283553607461684
11212	42	-0.18446318682100582
11212	43	-0.04261979809822947
11212	44	-0.18235895510031952
11212	45	0.15765137752320157
11212	46	0.1598820346279055
11212	47	0.19584942774709901
11212	48	0.23263785582402363
11212	49	0.33757310715388655
11212	50	0.5006027827722122
11212	51	0.07867694278658632
11212	52	-0.06361530824067074
11212	53	-0.29887488754592795
11212	54	0.05922980124703514
11212	55	0.0740825080065477
11212	56	-0.04729426793517888
11212	57	0.20719976086459013
11212	58	0.14243336789225225
11212	59	-0.22452414643282026
11212	60	-0.1535513056027824
11212	61	0.3006323606427017
11212	62	-0.7002542818869344
11212	63	0.10489357734870453
11212	64	0.3679922663006536
11212	65	0.16290064819619232
11212	66	-0.22824848214012405
11212	67	0.34358503415965913
11212	68	-0.021291764639428834
11212	69	0.2884448496657228
11212	70	0.1911798202432493
11212	71	-0.4206703972846597
11212	72	0.11040919647121683
11212	73	0.39849476409913365
11212	74	0.2401495609571711
11212	75	0.3652035542691081
11301	1	-0.07424600659435754
11301	2	0.0419501610044577
11301	3	-0.01301317523618195
11301	4	-0.0781127311357892
11301	5	-0.1274616040911951
11301	6	-0.104113600930404
11301	7	0.2003590325925657
11301	8	-0.07168496585845929
11301	9	-0.1589159551316328
11301	10	-0.10774508499865476
11301	11	0.34406344755899454
11301	12	0.31474560946329433
11301	13	-0.11195443343680012
11301	14	0.1854130562822789
11301	15	-0.0822146156003285
11301	16	0.004741965924999647
11301	17	0.23353097936586664
11301	18	0.2878276739688346
11301	19	0.07233832656691419
11301	20	-0.1047639329635146
11301	21	0.043055577854772764
11301	22	0.050202795474447726
11301	23	0.26490213493329406
11301	24	0.07567500709294706
11301	25	0.2626856677065845
11301	26	0.04229811352345081
11301	27	-0.04546168851644694
11301	28	0.13220491973483206
11301	29	-0.1747775365080031
11301	30	0.23338104097307166
11301	31	0.10788385305099979
11301	32	0.042217833900039636
11301	33	0.44144015591139407
11301	34	0.30406435489782524
11301	35	0.23474846711184227
11301	36	-0.293679893821583
11301	37	-0.1396234316926055
11301	38	0.07061338933164052
11301	39	0.4095272972469459
11301	40	-0.2405106374318109
11301	41	-0.10073554834474407
11301	42	0.13970793617365018
11301	43	-0.17117594783084655
11301	44	-0.0744445165976515
11301	45	-0.01400637648749381
11301	46	0.05378577794341055
11301	47	0.13114354539415274
11301	48	0.21905496812349412
11301	49	0.19190465795602307
11301	50	-0.02987850065024844
11301	51	0.17322239733204015
11301	52	-0.006075201288801679
11301	53	0.42230158304230514
11301	54	0.17687686007056413
11301	55	0.10381512832739759
11301	56	-0.05884507007421291
11301	57	0.19425858439399946
11301	58	0.19858310051257178
11301	59	0.20617104073295422
11301	60	-0.24895237512149748
11301	61	0.2015949274876192
11301	62	0.15995962185638035
11301	63	0.11205935274977463
11301	64	0.2335537636268583
11301	65	0.008783001137373958
11301	66	-0.3658955409636562
11301	67	0.014066317582120291
11301	68	0.14298631022688824
11301	69	-0.02085996316850469
11301	70	0.25674131756945684
11301	71	0.4763349503089245
11301	72	0.2697674852412675
11301	73	0.25090118121143234
11301	74	0.3045345876951373
11301	75	-0.09843280936725307
11302	1	0.24774657422175395
11302	2	0.09435079693450632
11302	3	-0.013027307015018863
11302	4	0.27954139357715846
11302	5	-0.03772480847204562
11302	6	0.17204255522575096
11302	7	0.09280206385913203
11302	8	0.0655275407658138
11302	9	-0.06482657163048344
11302	10	0.1868954378771619
11302	11	0.021399607248092423
11302	12	0.606149954985284
11302	13	0.1567401434930673
11302	14	0.4115921765790489
11302	15	0.06515157411880779
11302	16	0.2986335045224209
11302	17	0.11210366970325936
11302	18	0.07364643390524606
11302	19	0.10311027498591585
11302	20	-0.35202766728607315
11302	21	0.0319409337989498
11302	22	0.29214591506462995
11302	23	0.37201395263334547
11302	24	0.26616431993519996
11302	25	0.3429259079468281
11302	26	-0.2151828968987317
11302	27	0.3694544040467065
11302	28	0.06239393227679102
11302	29	0.2443851555958645
11302	30	0.21650769704090322
11302	31	0.2110105091188288
11302	32	0.13760734105425598
11302	33	0.1949395376460643
11302	34	0.34774568328504074
11302	35	0.051070671669343426
11302	36	0.41907050363469267
11302	37	0.42935024786931564
11302	38	0.6730157917340449
11302	39	0.568806576526228
11302	40	0.33475168371285946
11302	41	0.3701918496414791
11302	42	0.40496849084596676
11302	43	-0.06834605911860336
11302	44	0.39843306686817215
11302	45	0.49134603474727356
11302	46	-0.058646654489024286
11302	47	0.33266271161920713
11302	48	0.20494438695408945
11302	49	-0.026657433547242704
11302	50	0.452474440526224
11302	51	0.3332577267791379
11302	52	-0.02060973582333503
11302	53	0.1366488715072407
11302	54	0.031319538042652084
11302	55	0.30348303152471345
11302	56	0.3869206956915505
11302	57	-0.06333548025889257
11302	58	0.05055271718806864
11302	59	0.3045423532219118
11302	60	0.28867701897848974
11302	61	0.5936740654491075
11302	62	0.050600851321135565
11302	63	0.6088761695665923
11302	64	0.220291089187711
11302	65	0.2748066718669264
11302	66	0.2563832083739186
11302	67	0.8436653283576021
11302	68	0.32031187108185577
11302	69	0.41466732882937407
11302	70	-0.15789920530636437
11302	71	0.7130917070656793
11302	72	0.3207478773981336
11302	73	0.14523080495282414
11302	74	0.16372554335668354
11302	75	0.5743458516466973
11303	1	-0.02825670178152251
11303	2	-0.14067684434313676
11303	3	0.16119805471034
11303	4	0.2492468945326607
11303	5	-0.15570358270081996
11303	6	-0.05513632820313319
11303	7	0.14475742831449168
11303	8	0.18290059563886985
11303	9	0.03646506091114787
11303	10	0.33430705403877425
11303	11	0.1043575652060511
11303	12	-0.002239684654355756
11303	13	0.45464316014608386
11303	14	-0.45168587419900064
11303	15	-0.36203413431690024
11303	16	0.17430747394639212
11303	17	0.135001567601158
11303	18	0.38322874348755676
11303	19	-0.17886488198924155
11303	20	-0.001896285904692263
11303	21	0.21075611261412774
11303	22	0.23956776873648522
11303	23	0.18315748252688024
11303	24	-0.0085763298054502
11303	25	0.023140213161134682
11303	26	0.0998850119191772
11303	27	-0.050983078890780575
11303	28	0.011249037381894311
11303	29	0.2845673832780946
11303	30	0.27852141530462404
11303	31	0.2105242273825496
11303	32	0.4345975130444302
11303	33	-0.05628043232390212
11303	34	0.39385713564649194
11303	35	0.0480506061492747
11303	36	0.18588561419980465
11303	37	-0.10716353864447115
11303	38	0.04049975296801023
11303	39	0.1702091154287686
11303	40	0.3645428385040148
11303	41	0.12912407732370923
11303	42	0.377702588580064
11303	43	-0.14589519916774663
11303	44	0.0034699219050224883
11303	45	0.17252437217560868
11303	46	-0.01825967660204242
11303	47	0.5238908715973665
11303	48	0.21158170609140825
11303	49	0.011537010897200162
11303	50	0.01213353143531748
11303	51	-0.03128295026154149
11303	52	0.5196066168930216
11303	53	0.2614526525610259
11303	54	0.035499854722971236
11303	55	0.17618812297980924
11303	56	0.41945038447124006
11303	57	0.11428532236191558
11303	58	0.279966790352141
11303	59	0.21782211025167442
11303	60	-0.1682571879557173
11303	61	0.24698931251435852
11303	62	-0.16382380060351664
11303	63	0.3403548072952276
11303	64	0.3756794320760548
11303	65	-0.0555151272048775
11303	66	0.39691863015934103
11303	67	0.31216792186019404
11303	68	0.00695021397019957
11303	69	0.4035852239972755
11303	70	0.18900736035020316
11303	71	-0.06355141332744552
11303	72	0.22605090770116476
11303	73	0.5971912881633017
11303	74	-0.06215658877545138
11303	75	0.6091875114883578
11304	1	-0.23922130969269517
11304	2	0.07255037055392677
11304	3	0.03433303042165292
11304	4	0.20497063961709117
11304	5	0.1376184737414654
11304	6	0.12275662807722654
11304	7	0.12993843687336692
11304	8	0.37300295511145265
11304	9	0.13930886151258193
11304	10	0.06051715119352963
11304	11	-0.053721315201073594
11304	12	0.19042889040925814
11304	13	0.05009915135589438
11304	14	-0.2954431029753195
11304	15	0.0439700872884643
11304	16	0.18362536661351925
11304	17	-0.1935607733657605
11304	18	0.2358773671285448
11304	19	-0.01893543484604976
11304	20	-0.37522643857644766
11304	21	0.42588449568144426
11304	22	-0.15628725092578577
11304	23	-0.05876797433178638
11304	24	0.36104546061786635
11304	25	0.19937777966587333
11304	26	-0.15207398646158055
11304	27	0.1872340157194472
11304	28	0.09625221804347461
11304	29	0.018678532942679738
11304	30	0.12861828090721872
11304	31	0.1969124415856527
11304	32	0.01258155190632948
11304	33	0.03921893154377898
11304	34	-0.1524720917418989
11304	35	0.23537711551777107
11304	36	0.03553429567100608
11304	37	0.0069354666759053885
11304	38	0.10267445803393116
11304	39	-0.14304267730776132
11304	40	0.01001473302171263
11304	41	0.029981410194402258
11304	42	-0.24145656015923578
11304	43	-0.3525080837386483
11304	44	0.12554949627467238
11304	45	0.17321110592531852
11304	46	0.37124124868132213
11304	47	0.24651549570099718
11304	48	0.39754920551310136
11304	49	-0.22597889241068714
11304	50	-0.2218258139266993
11304	51	0.06472965672435294
11304	52	0.19076958242621345
11304	53	0.042615907245270535
11304	54	-0.08595804488378178
11304	55	0.11874103762241361
11304	56	-0.4450028308884626
11304	57	-0.07427007897975102
11304	58	-0.02548515274293095
11304	59	0.5681647542488975
11304	60	-0.08087573988724728
11304	61	0.07807449641442332
11304	62	0.08546777931783822
11304	63	-0.27664293732656375
11304	64	0.12089398215702118
11304	65	0.10909133821265726
11304	66	-0.040776546801104985
11304	67	0.2810263535048847
11304	68	0.052975832753453744
11304	69	-0.08942454930830479
11304	70	0.1389625419370688
11304	71	0.40417210043614915
11304	72	0.1400862997899921
11304	73	0.09131429302104266
11304	74	0.006148118603682917
11304	75	-0.04640466986717939
11305	1	-0.17582658342342583
11305	2	-0.17674301155542338
11305	3	-0.04012088258505031
11305	4	-0.21522206794530518
11305	5	-0.010140437397367918
11305	6	0.09344872593939613
11305	7	0.2520194529934159
11305	8	-0.06746140385747879
11305	9	-0.14948463689796654
11305	10	-0.07934032697356486
11305	11	-0.026182600998936323
11305	12	0.15764604941766436
11305	13	0.24088245755228144
11305	14	0.08028025523942262
11305	15	0.18698531922125028
11305	16	-0.26505761041523357
11305	17	-0.14512308613845448
11305	18	-0.3654491713953476
11305	19	-0.2925956802768255
11305	20	-0.0011172000321195696
11305	21	0.10096009146077023
11305	22	-0.06974506178479345
11305	23	0.08372566434506012
11305	24	-0.2559006813541771
11305	25	-0.19094314115767475
11305	26	0.20081204541200037
11305	27	-0.06513253746544478
11305	28	-0.2618638435045355
11305	29	-0.5402720778148264
11305	30	-0.26341543939192746
11305	31	-0.1442588877018096
11305	32	-0.37133927869568595
11305	33	-0.11575065393054729
11305	34	-0.27997344858921736
11305	35	-0.10460300755004681
11305	36	0.22920751044760124
11305	37	0.040972950904759387
11305	38	0.17089039764189096
11305	39	-0.10936466951205404
11305	40	-0.16318947073798995
11305	41	-0.4089252175642315
11305	42	0.2599425785070366
11305	43	0.08775186706242266
11305	44	-0.2484187711194039
11305	45	-0.28228077766070214
11305	46	-0.10266851568540147
11305	47	-0.21876683427017696
11305	48	0.10076264288314718
11305	49	-0.017116036194209983
11305	50	0.0895935540996291
11305	51	0.09766756598121873
11305	52	-0.30878988272924346
11305	53	0.13578374044820407
11305	54	0.5131975379261959
11305	55	0.028279850504361548
11305	56	-0.470257812456488
11305	57	-0.10231628932280046
11305	58	0.12069488151306018
11305	59	-0.3436154999220875
11305	60	0.2582726533940658
11305	61	0.03791886426454738
11305	62	0.34403001455639526
11305	63	0.08291807851154687
11305	64	0.12122526436011327
11305	65	0.335216111777747
11305	66	0.15915578704677102
11305	67	-0.0473447953395052
11305	68	0.005179564259798042
11305	69	-0.13413354961139135
11305	70	-0.22130332965231503
11305	71	0.1917920140208338
11305	72	0.1259186991894481
11305	73	0.593185685040666
11305	74	0.05375407604449123
11305	75	-0.6832136469100263
11306	1	0.13230048296921026
11306	2	-0.02639898510559746
11306	3	-0.1307740860521207
11306	4	0.0991674712677515
11306	5	0.03335433518774522
11306	6	0.2793272592846492
11306	7	-0.34943856386536964
11306	8	-0.2608310759153838
11306	9	0.20505621438132948
11306	10	0.18868755257249603
11306	11	-0.23031985414878875
11306	12	0.065972680937044
11306	13	-0.008425021672096022
11306	14	-0.5834673991256878
11306	15	0.06566014720802116
11306	16	0.19694310444492658
11306	17	-0.3824715506784102
11306	18	-0.13094525455741035
11306	19	0.1929581874144759
11306	20	0.037418230224339766
11306	21	0.14184115660239627
11306	22	-0.10100530066723223
11306	23	-0.13939261522483548
11306	24	0.1650551462453791
11306	25	-0.10430357960523651
11306	26	-0.3383786733203138
11306	27	0.14042698953542043
11306	28	-0.09056547874713772
11306	29	-0.5775416098792832
11306	30	-0.012931419494982777
11306	31	0.16436709150767115
11306	32	0.04395723933964035
11306	33	-0.12449279791530188
11306	34	-0.19696031303386263
11306	35	0.22870798640342827
11306	36	0.19508038448328335
11306	37	0.4539312805148583
11306	38	-0.498203814969429
11306	39	-0.30187055221541925
11306	40	-0.025608676647500772
11306	41	0.09934035298353194
11306	42	-0.24631989431338752
11306	43	0.4499625720932485
11306	44	0.062120948297987866
11306	45	-0.19297538344511622
11306	46	0.13722663815846659
11306	47	-0.2568703698493593
11306	48	-0.4700531912693009
11306	49	-0.21662159125333602
11306	50	0.14333465557998437
11306	51	0.17332359910307105
11306	52	-0.3032795023640702
11306	53	-0.034643388494693284
11306	54	0.19648470320781541
11306	55	0.2729928639377732
11306	56	0.07814417723761125
11306	57	0.3446127905926062
11306	58	0.1261605831185122
11306	59	-0.8477631781158763
11306	60	-0.4512483903017639
11306	61	0.4648839850461286
11306	62	0.26768890711887394
11306	63	-0.025144948325497296
11306	64	-0.2662438328310799
11306	65	-0.21170403238571822
11306	66	0.20944917756892067
11306	67	0.2546166022120957
11306	68	0.03807802433188101
11306	69	-0.1693925374885552
11306	70	-0.060228954410305846
11306	71	-0.3312994582932305
11306	72	-0.04215534840832191
11306	73	0.037776576530852424
11306	74	-0.2479764812485712
11306	75	-0.11307544061330077
11307	1	0.24447057094575086
11307	2	0.21260394744572153
11307	3	-0.009073206286725366
11307	4	0.26436786227459663
11307	5	0.020890992079237947
11307	6	0.2974113257558102
11307	7	0.1229465778746075
11307	8	0.12919824959781323
11307	9	-0.2240737953938421
11307	10	0.11097494260182827
11307	11	0.049738796877605296
11307	12	0.28322585786764165
11307	13	-0.0025599190327980637
11307	14	0.3842745363581841
11307	15	0.013607361284272201
11307	16	-0.22754369907413974
11307	17	-0.11609813914370903
11307	18	0.07531085492450273
11307	19	-0.2855364362414363
11307	20	-0.04102751757624645
11307	21	0.1960933560158864
11307	22	-0.39377167407876357
11307	23	0.3652505910312769
11307	24	-0.16070242951219882
11307	25	0.4575243773840043
11307	26	-0.3796787710720295
11307	27	-0.12228073284972396
11307	28	-0.023116798395228955
11307	29	-0.032331443701380636
11307	30	-0.06816113601502138
11307	31	-0.012074746224485011
11307	32	0.5588643752145188
11307	33	-0.15332955255850322
11307	34	0.2458549362330018
11307	35	0.3198614565891589
11307	36	-0.11552567612277898
11307	37	0.2821326490388074
11307	38	0.39084799343721244
11307	39	0.32765046440237455
11307	40	0.3781058883573891
11307	41	0.29582129139995317
11307	42	0.37660288183519697
11307	43	0.4983496688674478
11307	44	-0.2157382892386721
11307	45	0.29505003199965785
11307	46	0.18023739084663504
11307	47	0.10554409740381487
11307	48	0.34226352427322126
11307	49	0.04242044198224448
11307	50	-0.060722040412194644
11307	51	-0.2030204869184331
11307	52	0.42301570780210795
11307	53	0.37224810710647915
11307	54	-0.0742875353063539
11307	55	-0.01561906177092709
11307	56	-0.2146221961739201
11307	57	0.21729118746455356
11307	58	-0.028775878269556188
11307	59	-0.19942495719701014
11307	60	-0.22617507651877133
11307	61	-9.029162246463329E-4
11307	62	0.40747385335543385
11307	63	-0.2753893276021344
11307	64	-0.08784696088581967
11307	65	0.05931258540509532
11307	66	0.03593989115640994
11307	67	-0.04083794324244394
11307	68	0.28196854241594593
11307	69	0.0019173354342214566
11307	70	0.30511806416252085
11307	71	0.10002996497167516
11307	72	0.365713664299399
11307	73	-0.29531237752584616
11307	74	0.3776344669430216
11307	75	0.8558883912537567
11308	1	-0.0698151433399623
11308	2	0.09982640241011254
11308	3	-0.17597726996498153
11308	4	-0.016905702869937755
11308	5	-0.06390163464887166
11308	6	-0.028269445086252176
11308	7	0.09102366208072965
11308	8	-0.14453446929619673
11308	9	-0.04786935467326714
11308	10	-0.009929958948241335
11308	11	-0.15830477245628316
11308	12	0.11456226339759468
11308	13	-0.29933411258118525
11308	14	-0.4859391209522528
11308	15	-0.1419854330181991
11308	16	-0.233241227352309
11308	17	-0.01077765317806012
11308	18	-0.21677125651244467
11308	19	-0.020098648223005
11308	20	0.05013293487452586
11308	21	0.028937930795947864
11308	22	-0.1372991143803972
11308	23	-0.5370535564341594
11308	24	0.3073327611036376
11308	25	-0.17783381281289223
11308	26	-0.3349364166522548
11308	27	0.01898445357674916
11308	28	0.21165488153773993
11308	29	-0.06040014918944081
11308	30	0.39970648023968636
11308	31	-0.07851798040965718
11308	32	-0.07222066877375255
11308	33	0.2613332040397367
11308	34	-0.33755520201584943
11308	35	-0.16769614709748026
11308	36	0.11924600381019701
11308	37	-0.2766440581249938
11308	38	-0.26964635092809885
11308	39	-0.33904413132447786
11308	40	-0.3364311874700121
11308	41	0.0134584929081214
11308	42	0.19620908208656118
11308	43	0.10069570992316557
11308	44	-0.1673092988741942
11308	45	0.06254060594184097
11308	46	-0.16647396231633138
11308	47	-0.270995492038999
11308	48	-0.09929491728522066
11308	49	-0.07571948260929418
11308	50	0.19273418078596194
11308	51	-0.3126141190927072
11308	52	0.3295092142956193
11308	53	-0.4667129318545591
11308	54	-0.45719495047183756
11308	55	0.22350955155123842
11308	56	0.005570514341371791
11308	57	-0.12305233997575016
11308	58	0.28475575139110276
11308	59	0.07975392843349027
11308	60	0.24797657827804898
11308	61	0.4277522995273415
11308	62	0.3960787967990811
11308	63	0.2907606514510732
11308	64	-0.19785952896290837
11308	65	-0.26971967265942
11308	66	-0.3737794217887114
11308	67	-0.23815675346448018
11308	68	-0.08744913667914744
11308	69	0.19295210711415223
11308	70	-0.3844504318575872
11308	71	0.3823089762829497
11308	72	0.03157038822064351
11308	73	0.002467262189277619
11308	74	-0.28009490046376584
11308	75	0.6419797192805703
11309	1	0.012362253731051709
11309	2	-0.1337256838015506
11309	3	0.2805162365285234
11309	4	-0.13584739947120994
11309	5	-0.25997099082460906
11309	6	-0.1357093456112608
11309	7	-0.06111781346500322
11309	8	0.16778937707019992
11309	9	-0.004335229224253112
11309	10	-0.22740716259565374
11309	11	6.341609507316548E-4
11309	12	-0.09465989742031411
11309	13	-0.4020420429486933
11309	14	0.07696499620718811
11309	15	0.1154199275786496
11309	16	-0.07647830941917988
11309	17	-0.0032963047392655653
11309	18	0.0993796138937455
11309	19	-0.3299770676758911
11309	20	-0.0371356476068172
11309	21	0.10340601590232978
11309	22	0.11607889059335008
11309	23	-0.014678590974085637
11309	24	-0.08860534334510106
11309	25	-0.14731433229341206
11309	26	0.0019038707199499072
11309	27	0.09275483213436786
11309	28	-0.10111798389470295
11309	29	-0.13576627242790096
11309	30	-0.050480035372359566
11309	31	-0.005445308400815918
11309	32	-0.26269455658806606
11309	33	0.15050148256971596
11309	34	0.1269930157238619
11309	35	-0.11406254665536864
11309	36	-0.36543208405938543
11309	37	-0.13037437036594213
11309	38	-0.14428022768963444
11309	39	-0.3461110006253918
11309	40	-0.1842966199099081
11309	41	0.0033382939581372284
11309	42	0.4485439812299674
11309	43	0.06312317607403628
11309	44	-0.08913162548375908
11309	45	0.1348672155024957
11309	46	0.00942407581575111
11309	47	-0.20997034697130346
11309	48	0.06881091305465503
11309	49	-0.1380640529325845
11309	50	-0.31880215521845656
11309	51	0.030249931750063297
11309	52	0.2905205433920557
11309	53	-0.04433796639448673
11309	54	0.14949888760497743
11309	55	-0.332818163287115
11309	56	-0.10756847432953265
11309	57	-0.3622620664195182
11309	58	0.10002239963647241
11309	59	-0.05472382785277574
11309	60	0.11438304415259637
11309	61	-0.06399956562877662
11309	62	0.12667426516050995
11309	63	0.2282295655157327
11309	64	0.10718330054800873
11309	65	-0.014352167823830086
11309	66	-0.1293748901501388
11309	67	0.2215006104482029
11309	68	0.22848067818683404
11309	69	0.03928396674388779
11309	70	0.43459488452815265
11309	71	-0.011750156074057827
11309	72	-0.1774790729564799
11309	73	0.09048190711881432
11309	74	-0.2529810568605555
11309	75	0.14690511303574993
11310	1	0.09325544943359887
11310	2	-0.0185740090596056
11310	3	-0.15760257535266575
11310	4	0.02509635447865577
11310	5	0.18354596725417593
11310	6	0.16440125055473942
11310	7	-0.06411970939927869
11310	8	-0.11407285170587045
11310	9	0.26731002040709484
11310	10	-0.10490874254088567
11310	11	0.2318328127308007
11310	12	0.0184905133654496
11310	13	0.3455353743675076
11310	14	0.08628667305572435
11310	15	0.08713890798732393
11310	16	0.21810247844684483
11310	17	0.38376394383877965
11310	18	0.007216142227427724
11310	19	0.2721927237713402
11310	20	-0.059755196795784116
11310	21	0.18240327733060013
11310	22	0.36183937089669627
11310	23	0.422834575236152
11310	24	0.0536423920667346
11310	25	-0.06810641150133279
11310	26	0.2669923476527458
11310	27	0.09488775819292528
11310	28	-0.02804551707355074
11310	29	0.13498367490725371
11310	30	-0.07963002483938908
11310	31	0.0015064506048716453
11310	32	0.141955748868007
11310	33	0.02694976569590324
11310	34	0.37098922385531097
11310	35	0.09491154224288323
11310	36	0.07869051969035468
11310	37	0.10098227593698539
11310	38	-0.0660202740346918
11310	39	0.29200254477169807
11310	40	0.37208109232940245
11310	41	0.08504779469544843
11310	42	-0.19396707838662763
11310	43	0.4905246928214524
11310	44	-0.08631405649281731
11310	45	0.4187833730756978
11310	46	0.3193303323988559
11310	47	-0.1799513876285559
11310	48	-0.1881145135305573
11310	49	0.5143216643625479
11310	50	-0.22326813373120302
11310	51	0.048656293662851624
11310	52	0.19956836306763392
11310	53	-0.1860327209763284
11310	54	0.07932298703619978
11310	55	0.012399869154421594
11310	56	0.11867968240103721
11310	57	-0.027366342804604926
11310	58	-0.3135019315200438
11310	59	-0.024836530612418528
11310	60	-0.2744678090178283
11310	61	-0.19076383780067374
11310	62	0.09894622639918538
11310	63	0.2326534121557131
11310	64	0.45471858599144355
11310	65	0.17352965227307493
11310	66	0.10256106940326504
11310	67	0.3570599110591104
11310	68	0.13642253620242428
11310	69	-0.18746450597572561
11310	70	0.32944952956712825
11310	71	0.31772108892278084
11310	72	0.3067214747578646
11310	73	0.43019646368085773
11310	74	0.08852410429385316
11310	75	0.7780668994271522
11311	1	0.19950478404447836
11311	2	0.16983757403418664
11311	3	0.0654624730876634
11311	4	-0.17233790507633273
11311	5	-0.4720220088982785
11311	6	0.17717672165024112
11311	7	-0.24997619827396989
11311	8	-0.2366375275282877
11311	9	0.10021750470391311
11311	10	-0.1527102968898646
11311	11	-0.19537361758964522
11311	12	-0.030801512611347448
11311	13	0.1958760535967201
11311	14	-0.0028222378353675026
11311	15	-0.2004688850500429
11311	16	0.05984633025137498
11311	17	-0.041073701216049585
11311	18	-0.10675170617031426
11311	19	-0.08929987710165221
11311	20	-0.12924843644232453
11311	21	-0.44955669285996436
11311	22	-0.18433863400056794
11311	23	0.2450159869257078
11311	24	-0.3860201225718214
11311	25	-0.34086271939018786
11311	26	-0.10181953353536954
11311	27	-0.3972074190667314
11311	28	-0.13626440347832158
11311	29	-0.24152010450293915
11311	30	-0.47260883884982263
11311	31	-0.33832108053533716
11311	32	-0.43184921227326356
11311	33	-0.5734175290980943
11311	34	-0.0759925710983751
11311	35	-0.2040877125213001
11311	36	-0.3694357445489729
11311	37	-0.37402570873245367
11311	38	0.08512951836389959
11311	39	-0.04111786404337181
11311	40	-0.20571620352922082
11311	41	0.13697476158568378
11311	42	-0.16567473302306013
11311	43	0.4983496688674478
11311	44	-0.24970700869126006
11311	45	0.1484224660172515
11311	46	-0.01331099625014076
11311	47	-0.6009563913547353
11311	48	-0.026504804172525098
11311	49	0.15972249476816813
11311	50	-0.10397717237700022
11311	51	-0.09280543315499301
11311	52	-0.13123649161138218
11311	53	-0.35722403365598865
11311	54	-0.05082712474916917
11311	55	0.20041221877648496
11311	56	-0.22293109157958924
11311	57	-0.39194634919233806
11311	58	0.23099929279593567
11311	59	-0.36120403833093206
11311	60	0.23423548066597988
11311	61	-0.20715902570655942
11311	62	0.05532331572102578
11311	63	-0.3369729053147452
11311	64	-0.08075996186333612
11311	65	-0.10417715066528643
11311	66	0.1368685324076253
11311	67	-0.08946941929328034
11311	68	0.37947587379424874
11311	69	-0.7016506020046833
11311	70	0.001599002578942077
11311	71	0.16063602557773748
11311	72	-0.3190370688384263
11311	73	0.21250775932654875
11311	74	0.26008803488046084
11311	75	-0.5109249029788927
11312	1	0.10544736011402733
11312	2	-0.008725683801550588
11312	3	0.1262609173795859
11312	4	0.2763866430819846
11312	5	0.04322049853709231
11312	6	-0.095815728589983
11312	7	0.013350271641378697
11312	8	0.18374682387871388
11312	9	0.3307711537544762
11312	10	-0.17155609876586908
11312	11	0.18680437371669
11312	12	0.03299967704776918
11312	13	0.2788090208810985
11312	14	-0.11718393996302723
11312	15	0.17393056587651756
11312	16	0.08309615866592424
11312	17	-0.30648779410096694
11312	18	-0.007003364829664349
11312	19	0.22587399615389359
11312	20	0.3485026502655231
11312	21	0.14861878185977417
11312	22	0.09746186931675282
11312	23	0.006598004770594912
11312	24	-0.4822223646216983
11312	25	-0.1313568854848981
11312	26	-0.05394719310983476
11312	27	0.34275483213436786
11312	28	0.2180309522755124
11312	29	-0.4176811660449218
11312	30	0.06654124122338345
11312	31	0.26317171287578134
11312	32	0.3702841668161909
11312	33	-0.13407298551538815
11312	34	0.11369514338343123
11312	35	0.31412894270633274
11312	36	0.47233387338742716
11312	37	0.1887745658042661
11312	38	0.209443176565685
11312	39	0.4544209142682263
11312	40	0.04974593328157795
11312	41	0.05918935778792189
11312	42	0.23577802378316193
11312	43	0.1375912611804182
11312	44	-0.2566848169731202
11312	45	0.1295480665663291
11312	46	0.004104926879584525
11312	47	0.260774333879759
11312	48	0.2895555939057175
11312	49	0.2821487130248599
11312	50	0.2902403979730295
11312	51	-0.12134581293078384
11312	52	0.20541416041332639
11312	53	0.3280024591374229
11312	54	0.6255627173922136
11312	55	0.2975009856490516
11312	56	0.1264740788619605
11312	57	0.1005038910272873
11312	58	0.08938410176413214
11312	59	0.3442123423599881
11312	60	-0.029233977124000887
11312	61	0.15674511522228585
11312	62	0.17454660558604473
11312	63	0.2681231825370105
11312	64	0.08324713033524489
11312	65	0.10000953430382964
11312	66	0.2509442587860349
11312	67	0.1816069934269251
11312	68	0.23911897605917432
11312	69	0.3344967327013322
11312	70	0.26438211857070826
11312	71	0.16644133328764354
11312	72	0.10443582066054091
11312	73	-0.07441170990245638
11312	74	-0.005640631328645895
11312	75	0.4421178789931943
11401	1	-0.16771170521637302
11401	2	-0.25679631995568286
11401	3	-0.3183502622120322
11401	4	0.003991284273901385
11401	5	0.13331777063098826
11401	6	0.038556424258509026
11401	7	-0.05774142673473648
11401	8	-0.08637751290246598
11401	9	0.2086585003432475
11401	10	0.3251546038441333
11401	11	-0.18688928617933698
11401	12	-0.1292075687853398
11401	13	-0.2804653239390973
11401	14	-0.09854012196635153
11401	15	0.035900660736906786
11401	16	-0.055047632534027
11401	17	-0.14616971703360093
11401	18	-0.14917336322185548
11401	19	-0.0057769497703219486
11401	20	-0.2099409962321488
11401	21	0.25563818268511795
11401	22	0.2639766879029608
11401	23	-0.04977559510078322
11401	24	-0.02222986770332369
11401	25	-0.07615564211708659
11401	26	0.11291598283742843
11401	27	-0.09768275830456474
11401	28	-0.3010148165223896
11401	29	0.11873557654578093
11401	30	-0.16529728174140246
11401	31	-0.10530328578438031
11401	32	0.34967078989352274
11401	33	0.17207284223529484
11401	34	-0.14081340477027027
11401	35	-0.5351730027355401
11401	36	-0.04283976935870015
11401	37	0.0726509793312502
11401	38	0.3058778729588454
11401	39	0.13587490429984683
11401	40	-0.3572627488557245
11401	41	-0.20633934149928024
11401	42	0.18738314731604078
11401	43	-0.38334367638322675
11401	44	-0.2677116672866404
11401	45	-0.22778619571997183
11401	46	-0.15518147646464797
11401	47	-0.0038097810245716346
11401	48	0.004961028280554558
11401	49	-0.07591575988365662
11401	50	0.10990517100481156
11401	51	-0.20066410437190996
11401	52	-0.2694505161502576
11401	53	-0.03787325767483907
11401	54	-0.026857026431137854
11401	55	0.06542129220353132
11401	56	-0.1748148433739587
11401	57	0.26298580324123577
11401	58	-0.09153395386585572
11401	59	-0.3171776035106362
11401	60	-0.05771219139057138
11401	61	-0.1645274610143801
11401	62	-0.1948662782769759
11401	63	0.27820544846765927
11401	64	-0.17164997025964368
11401	65	0.10637375532317606
11401	66	0.1899616230606469
11401	67	-0.28460904173036994
11401	68	-0.23535714806322972
11401	69	-0.05380113963909139
11401	70	-0.16517600351514972
11401	71	-0.17212852576160742
11401	72	0.46852285640736824
11401	73	-0.05074350689050533
11401	74	0.001366710972661167
11401	75	-0.4532409290886932
11402	1	-0.17993654367875678
11402	2	0.037065250518523385
11402	3	-0.01839680694973822
11402	4	-0.3373390738467883
11402	5	0.17544760306993012
11402	6	-0.2504179487564926
11402	7	0.07336414768208499
11402	8	-0.06833458222674693
11402	9	-0.18697861497818025
11402	10	-0.07910697758178031
11402	11	0.009248869553879047
11402	12	-0.019902728132613845
11402	13	-0.45135980428079137
11402	14	-0.47293093348753956
11402	15	-0.3302900631706578
11402	16	-0.6541263205200138
11402	17	-0.04162886718145131
11402	18	-0.2032337071053334
11402	19	-0.4330644867323201
11402	20	-0.3999941119916457
11402	21	0.04795966992638512
11402	22	0.04675650391434516
11402	23	-0.09833955304624453
11402	24	-0.3230526143904342
11402	25	-0.07394476707602138
11402	26	-0.15073257701362763
11402	27	0.24891810687996951
11402	28	-0.16945748435723829
11402	29	-0.1566381503187415
11402	30	-0.4202187032724538
11402	31	0.0661319348924323
11402	32	-0.5122898387342261
11402	33	0.08366521985001185
11402	34	-0.12849958372110137
11402	35	-0.2009612515582333
11402	36	0.12103877625514059
11402	37	0.17322183684959924
11402	38	0.0749612154185968
11402	39	0.24876642768172985
11402	40	0.03326813494670233
11402	41	-0.1558314562731269
11402	42	0.3045800589357981
11402	43	-0.4265276102349418
11402	44	-0.5849688132728375
11402	45	0.3062941350214601
11402	46	-0.3680620481435426
11402	47	-0.29120300192042237
11402	48	-0.26791434133942715
11402	49	-0.33221298910279984
11402	50	-0.0964386029520341
11402	51	-0.31092721903624465
11402	52	-0.2523795491148846
11402	53	0.1247184628377056
11402	54	0.005361514802018519
11402	55	0.04414760914581706
11402	56	0.05322014731709146
11402	57	-0.011949855503701201
11402	58	-0.4585460554976635
11402	59	-0.24228164468904367
11402	60	-0.7384152907225214
11402	61	-0.29908282187299307
11402	62	-0.09910048044540787
11402	63	-0.19707108203283497
11402	64	-0.4358324256314532
11402	65	0.12741471469235677
11402	66	-0.4932740575876977
11402	67	0.38899598510129607
11402	68	-0.5423333828677457
11402	69	-0.7684750526825681
11402	70	-0.2696141811517734
11402	71	-0.2121433105606414
11402	72	-0.0750854559352021
11402	73	-0.3122701742872849
11402	74	0.22181080252889984
11402	75	-0.020012093254720753
11403	1	0.03251011760598743
11403	2	-0.04415375536315125
11403	3	0.06897777499006352
11403	4	0.01705344143403309
11403	5	-0.03790005002659669
11403	6	0.3050110675046085
11403	7	0.01597457323853746
11403	8	-0.06334669155669559
11403	9	0.1310138311064719
11403	10	0.1049620455989384
11403	11	0.16238143788509518
11403	12	-0.025532124972656334
11403	13	0.02340521705469456
11403	14	0.12184619717789502
11403	15	0.2662890511183491
11403	16	-0.028542477825972412
11403	17	0.25403339783988343
11403	18	-0.12364369441936418
11403	19	0.18293280308430582
11403	20	0.2044200270926524
11403	21	0.28888488039807214
11403	22	0.015120879418901723
11403	23	-0.08603560886449202
11403	24	0.15054472155697596
11403	25	0.17960874462966814
11403	26	-0.04545348579001285
11403	27	0.058448437868321435
11403	28	0.21524439547207663
11403	29	0.15424727235453162
11403	30	0.11466049174542547
11403	31	-0.08712316832519207
11403	32	0.31948417810350804
11403	33	0.06051333425434535
11403	34	0.31035550796382694
11403	35	0.3749887542081112
11403	36	0.03940171017279681
11403	37	0.292462697188661
11403	38	0.275918429119443
11403	39	0.5733469258941639
11403	40	-0.29174483933538653
11403	41	-0.19209457471390579
11403	42	-0.058425938065703065
11403	43	-0.052861078116386295
11403	44	0.07647450353029939
11403	45	-0.06343686486321332
11403	46	0.33665049942882064
11403	47	0.49987501676254453
11403	48	0.3403344188958428
11403	49	-0.2665631217287938
11403	50	-0.3485865674313331
11403	51	-4.021930876803026E-4
11403	52	0.001988459188652314
11403	53	0.29942437911033437
11403	54	0.22743076863664413
11403	55	-0.09963626814630544
11403	56	-0.20643127697076835
11403	57	-0.014753742021980543
11403	58	0.2553782323584102
11403	59	-0.02885470431307624
11403	60	-0.2951561510615832
11403	61	-0.027358107307200896
11403	62	0.07000487072515682
11403	63	0.0016084243678093912
11403	64	0.13829397270783517
11403	65	-0.1526712038868112
11403	66	-0.06574263099329869
11403	67	0.3930396363525972
11403	68	0.13221395884601606
11403	69	-0.23682501231813546
11403	70	0.08583790049971185
11403	71	-0.03305497011547942
11403	72	0.104125419396361
11403	73	0.2042792433116034
11403	74	-0.1328628221972039
11403	75	-0.08869650105082627
11404	1	-0.12403592256074347
11404	2	0.053258684413822976
11404	3	-0.04091233490004953
11404	4	-0.06365894962318563
11404	5	0.03730430227135173
11404	6	0.17404966437571545
11404	7	0.17107932070781118
11404	8	0.2514302802399797
11404	9	0.30287276035456046
11404	10	-0.04921567323395237
11404	11	-0.2170710062225183
11404	12	-0.005428460164559112
11404	13	-0.08750665432516058
11404	14	0.1553410274707545
11404	15	-0.006920497953267102
11404	16	0.025942446117078077
11404	17	0.0457158533154427
11404	18	-0.06969333443452541
11404	19	0.1492891068790385
11404	20	-0.13646261243530233
11404	21	0.26363180834697175
11404	22	-0.21039744462158438
11404	23	-0.09229474381820779
11404	24	0.017397696168572452
11404	25	0.03635913709434391
11404	26	0.09971107870952522
11404	27	-0.1086129490206531
11404	28	-0.1335213707813736
11404	29	0.24525847789775668
11404	30	-0.2669911078864686
11404	31	-0.3031005407065024
11404	32	-0.49304627174221594
11404	33	-0.22911206497696668
11404	34	-0.04381679756316004
11404	35	-0.3029466109193706
11404	36	0.13956140269701933
11404	37	-0.20039173901552942
11404	38	0.09969502198470792
11404	39	0.23595586867551788
11404	40	0.10874506484910285
11404	41	0.03433047806582579
11404	42	0.05302726390473822
11404	43	-0.15528759248871182
11404	44	-0.17092710963486013
11404	45	-7.710823698445779E-4
11404	46	-0.26907136491373507
11404	47	-0.20541107645458112
11404	48	0.1423562886517047
11404	49	0.41778701089720016
11404	50	-0.11385209008602004
11404	51	0.09939886792027863
11404	52	-0.2641364257785952
11404	53	-0.28777044576921895
11404	54	0.40226701613298843
11404	55	0.19920528438982643
11404	56	-0.1977226210946199
11404	57	-0.29295029915942195
11404	58	0.342640723561793
11404	59	0.021915338452039634
11404	60	-0.016587429143108068
11404	61	-0.5180269212518809
11404	62	0.19853705282876888
11404	63	-0.09824676969920176
11404	64	0.2797842558237349
11404	65	0.1888610323498554
11404	66	-0.46909482067554364
11404	67	0.0702848049770779
11404	68	0.2650091193505375
11404	69	-0.09461746616970146
11404	70	-0.04423707378708741
11404	71	-0.11254260071148536
11404	72	0.22721046243214715
11404	73	0.36707765179966856
11404	74	-0.15463107857137004
11404	75	0.5904027248464274
11405	1	0.1759739705931942
11405	2	-0.21275409188783456
11405	3	0.15932510079445095
11405	4	0.1670494001987386
11405	5	0.2807182883644046
11405	6	0.23195288106405343
11405	7	0.26863995160837106
11405	8	0.4643945518211865
11405	9	0.2992688257059086
11405	10	0.3084713073754628
11405	11	0.22035479512295097
11405	12	0.35986211589965933
11405	13	0.4763395212641939
11405	14	0.4680918895884574
11405	15	0.28116814470601525
11405	16	0.3222000073132989
11405	17	0.3091705426704081
11405	18	-0.23248518247567773
11405	19	0.12291678509713932
11405	20	0.34514318777952013
11405	21	0.2893257424303002
11405	22	0.5396732207636816
11405	23	0.26655114910960265
11405	24	0.503102088728923
11405	25	0.2578103214462004
11405	26	0.4002580287914981
11405	27	0.4140918392658577
11405	28	0.21182036702178664
11405	29	0.46803817149265114
11405	30	0.46511641656375247
11405	31	0.32942532282450543
11405	32	0.08849451631816407
11405	33	0.14463715770379793
11405	34	0.47348915528889535
11405	35	0.06160197859954053
11405	36	0.2873792555999586
11405	37	0.3235214273590543
11405	38	0.29554413725408324
11405	39	0.20088463796717093
11405	40	0.08611800848638751
11405	41	0.23373406221416104
11405	42	0.603432883216179
11405	43	0.34259951249178755
11405	44	0.20587485768946578
11405	45	-0.09945529289615962
11405	46	0.19650045938385574
11405	47	0.30477887210101784
11405	48	0.037050731525802405
11405	49	0.5590612491243476
11405	50	0.4303137757062814
11405	51	0.5630415272000562
11405	52	0.5360854635311441
11405	53	0.23550673213795648
11405	54	0.5852196985910112
11405	55	-0.02712181154549853
11405	56	0.1447006362969745
11405	57	0.41291916774090964
11405	58	0.9046283995186002
11405	59	0.4541684335959175
11405	60	0.6350039553331257
11405	61	0.181963185594185
11405	62	0.3163291835314652
11405	63	0.38485713668329424
11405	64	0.5062668156066508
11405	65	0.335216111777747
11405	66	0.1619258701492683
11405	67	-0.08058579256942267
11405	68	0.4013014479163104
11405	69	0.018221021025730977
11405	70	0.5875609362756649
11405	71	0.438329410142714
11405	72	0.488799585616043
11405	73	0.5350139398883087
11405	74	0.3501529680112512
11405	75	0.5328528350844337
11406	1	0.08250046557941815
11406	2	0.18745198437531485
11406	3	0.1396806570136988
11406	4	-0.017836847197308714
11406	5	0.207404417789256
11406	6	0.393244889635632
11406	7	-0.17249018256519122
11406	8	0.12652654516104178
11406	9	0.03034676882587206
11406	10	0.1269972647714397
11406	11	0.3648023091413606
11406	12	0.17405748515696473
11406	13	0.4632730915354486
11406	14	0.19663867860668205
11406	15	0.10359163142678796
11406	16	0.23522238450753008
11406	17	0.11781827919145371
11406	18	0.29182957661669207
11406	19	-0.08155417382947405
11406	20	0.032049131885067084
11406	21	0.2823072030331417
11406	22	0.32445045680313456
11406	23	0.32361784763347146
11406	24	0.06557828916049147
11406	25	-0.034780639571039274
11406	26	0.3368597117476497
11406	27	0.18080753615455336
11406	28	-0.015789372321606265
11406	29	0.21012178170985152
11406	30	0.5093854804847311
11406	31	0.42033034108017375
11406	32	0.4154539207876269
11406	33	-0.0014455266635238218
11406	34	0.18726714544801126
11406	35	0.2421053721380062
11406	36	0.186827478938838
11406	37	0.27650467992940264
11406	38	0.572500181784477
11406	39	0.2679639549288879
11406	40	0.0381828777100921
11406	41	0.2685430310115322
11406	42	0.02438844988856914
11406	43	0.04595422499299673
11406	44	0.49801782683028506
11406	45	0.39309684215845664
11406	46	0.05842189654179464
11406	47	0.36399593163167054
11406	48	-0.01965757349692865
11406	49	-0.2291132586445812
11406	50	-0.048873268368652134
11406	51	-0.24527768194494826
11406	52	0.06648544561146963
11406	53	0.6079746447198104
11406	54	0.5567722144387233
11406	55	0.47702584657696434
11406	56	0.21414684367241676
11406	57	-0.06321406504313387
11406	58	0.095047346588359
11406	59	0.261278064674606
11406	60	0.41082882037557056
11406	61	0.0517170140580987
11406	62	-0.011272342627528076
11406	63	0.41200544439397646
11406	64	0.512456570032441
11406	65	0.45123107470642054
11406	66	0.39098411655972853
11406	67	0.3041122982385289
11406	68	0.6771673788807604
11406	69	0.2777352485010738
11406	70	0.2793574583653964
11406	71	-0.1353092545428325
11406	72	0.504934759698223
11406	73	-0.12652073094965743
11406	74	0.3981702306315569
11406	75	0.2846653355510895
11407	1	0.2430275695027504
11407	2	-0.1428864403027319
11407	3	0.24480195081423872
11407	4	0.0871347011704664
11407	5	0.22267845193121616
11407	6	0.029113912297106026
11407	7	-0.07400760295053743
11407	8	0.18557616081443484
11407	9	-0.19467070147461385
11407	10	0.08901183999356022
11407	11	0.4555480413965256
11407	12	0.09878544762077723
11407	13	0.23231571906864446
11407	14	0.08712485211172094
11407	15	0.04598955495678325
11407	16	0.021785227674143925
11407	17	0.1290491866487784
11407	18	0.11747597773478446
11407	19	0.2195838914595356
11407	20	-0.2986886139470215
11407	21	0.404599306457321
11407	22	-0.0958849729662603
11407	23	0.22129180191119957
11407	24	0.28525483902571835
11407	25	0.3672359322568539
11407	26	0.5079688262529913
11407	27	0.2412547758470751
11407	28	0.05903342891628682
11407	29	0.08293799414870762
11407	30	0.1387156192488277
11407	31	0.38189568000399987
11407	32	0.08641328986020369
11407	33	0.4233822660887938
11407	34	0.34459968013903364
11407	35	0.11542073601940217
11407	36	0.41563850020268944
11407	37	0.08078739930646606
11407	38	-0.08652946781121074
11407	39	-0.12052561280596308
11407	40	0.4638093127704934
11407	41	0.0103319897816192
11407	42	-0.16853358265610296
11407	43	-0.057120547893092066
11407	44	0.13273880117390746
11407	45	0.255181298582535
11407	46	0.3050027091603411
11407	47	0.1133719923284815
11407	48	0.0469292289389287
11407	49	0.26434785745804845
11407	50	0.20379719184897738
11407	51	0.1331290266504368
11407	52	0.02450680929321436
11407	53	-0.19461095975258758
11407	54	0.0800825868057018
11407	55	0.01326424130592585
11407	56	0.025916834687691903
11407	57	0.11398469706129077
11407	58	0.16917133580668775
11407	59	0.018041566721130664
11407	60	0.6651963954978655
11407	61	-0.1046671328920894
11407	62	0.18559298631327437
11407	63	0.33967840036882535
11407	64	0.497282366178986
11407	65	0.006037903098153663
11407	66	0.349404801395508
11407	67	0.05573454042681192
11407	68	0.0364565872265743
11407	69	0.3377332518953011
11407	70	0.4267568793497247
11407	71	0.40607040004437067
11407	72	0.42392248057273463
11407	73	0.06615172587374474
11407	74	0.27762515725629555
11407	75	0.5975833748842234
11408	1	0.07260397600223101
11408	2	-0.24972404714033658
11408	3	0.35891860339242854
11408	4	-0.027733336774495854
11408	5	0.1945015006773403
11408	6	-0.01074081986531894
11408	7	-0.0475838842191294
11408	8	0.17150333904930193
11408	9	0.07551495332642588
11408	10	0.1408730841625001
11408	11	-0.4525950975158395
11408	12	0.19727954611487775
11408	13	0.45903059962967774
11408	14	0.266408531395399
11408	15	0.21793157305265254
11408	16	0.10183907695876115
11408	17	-0.35094517796097335
11408	18	0.02550953961450375
11408	19	-0.05171318752984888
11408	20	0.16248980876986252
11408	21	-0.09532242423363613
11408	22	0.24129921037177127
11408	23	0.4446724099071915
11408	24	0.07688628450331692
11408	25	-0.06595338554785002
11408	26	0.09196744871314877
11408	27	-0.0715250369327407
11408	28	0.3775582089795293
11408	29	0.16383715197093807
11408	30	0.0329424750141456
11408	31	-0.05835352947597272
11408	32	0.4908777712477601
11408	33	-0.2898233317321868
11408	34	-0.05895687726367527
11408	35	0.16656190254519032
11408	36	0.3160799391056699
11408	37	0.3975432929854321
11408	38	0.3504950461363805
11408	39	-0.13650820571162825
11408	40	0.18346430165625094
11408	41	0.39023556199288834
11408	42	-0.048938078445218025
11408	43	0.12108301492585127
11408	44	-0.19704110552908105
11408	45	0.06357803005619189
11408	46	-0.010829606671975966
11408	47	0.4638619582030685
11408	48	-0.037241586001115934
11408	49	0.14855624166643366
11408	50	-0.2990048494146009
11408	51	0.16078940046465817
11408	52	0.4636289407230336
11408	53	0.027439069989746656
11408	54	0.22212572884884452
11408	55	0.3252770148571642
11408	56	-0.1569515789499505
11408	57	-0.035055721209900526
11408	58	0.2875145310729579
11408	59	-0.02987490427226902
11408	60	-0.24047343324888715
11408	61	0.12556986657568103
11408	62	0.5433776517902444
11408	63	0.2683907136965189
11408	64	0.20572919001043033
11408	65	-0.45056959197087565
11408	66	-0.13705460814082215
11408	67	0.2556187018494356
11408	68	0.4004245281175898
11408	69	0.6177964934970035
11408	70	0.1751053969290126
11408	71	0.11609826391838851
11408	72	-0.03329551510680062
11408	73	0.03349777014286559
11408	74	0.06413778992277486
11408	75	0.0262800343501155
11409	1	0.1649251164002976
11409	2	-0.19465411707040658
11409	3	0.10722078198307017
11409	4	-0.02916219637642925
11409	5	0.20509187184463684
11409	6	0.2545227627059603
11409	7	-0.14785620804914146
11409	8	0.43005968654795623
11409	9	-0.034557666361578754
11409	10	0.24623887222059437
11409	11	-0.31893788933940215
11409	12	0.1085557698910975
11409	13	0.20748406923699747
11409	14	0.3664959439828124
11409	15	0.04989768386491278
11409	16	-0.13251070787178776
11409	17	0.2259106585102515
11409	18	0.37754692530573664
11409	19	0.07965784528348507
11409	20	-0.07291901317741889
11409	21	0.1993924762504946
11409	22	0.06343140510011835
11409	23	0.015543846163240005
11409	24	0.2130145792854563
11409	25	0.14245839497931456
11409	26	0.35840773919190383
11409	27	-0.002687624345327322
11409	28	0.24136267374552745
11409	29	0.33286283782354786
11409	30	0.20749868803189742
11409	31	0.11961513647345612
11409	32	0.17039296758988343
11409	33	-0.13014406868753525
11409	34	0.20067531746467182
11409	35	0.2696415152401812
11409	36	0.3591810687452579
11409	37	0.24510918862825548
11409	38	0.38709066205891673
11409	39	0.22134547906512836
11409	40	0.43556556577674144
11409	41	0.37912407732370923
11409	42	0.41747531585279063
11409	43	-0.143054290076833
11409	44	0.5830153764504828
11409	45	0.37991073581197554
11409	46	0.34537668703431734
11409	47	0.32502723523372623
11409	48	0.2882862515459479
11409	49	0.593923374533567
11409	50	0.3871335314353175
11409	51	0.3976943224657319
11409	52	0.3690384350748346
11409	53	0.09099810710647915
11409	54	0.45027258199569786
11409	55	0.4545972138888956
11409	56	-0.1316859791651197
11409	57	0.1568989587255487
11409	58	0.8282622448975943
11409	59	0.4962312011607608
11409	60	0.06753826658973594
11409	61	0.3663074943325384
11409	62	0.3759489266692171
11409	63	0.3772866254770477
11409	64	0.36147488662150806
11409	65	0.04391669097694262
11409	66	0.2918049937957008
11409	67	0.4172815582238272
11409	68	0.47285930487929306
11409	69	0.12517613308818198
11409	70	0.5924164512592967
11409	71	-0.03798323150925853
11409	72	0.1465054531557044
11409	73	0.2278731063451218
11409	74	0.3753434112245486
11409	75	0.5694147842156312
11410	1	0.007555970394786726
11410	2	0.24646158540893026
11410	3	0.17238951476543818
11410	4	0.21024896064836085
11410	5	0.19080123823582085
11410	6	0.28585885086022955
11410	7	0.4903152795541601
11410	8	0.3159928821402431
11410	9	0.16551120416183807
11410	10	0.18322234329497178
11410	11	0.1253630748479253
11410	12	0.19516045308669305
11410	13	-0.027708768228571046
11410	14	0.01921632965774478
11410	15	0.2299941025977006
11410	16	0.18265802491058025
11410	17	0.0650979863339387
11410	18	0.3171130410082128
11410	19	0.3180359444570442
11410	20	-0.011968599954279568
11410	21	0.17769826137445932
11410	22	-0.06630344338473293
11410	23	0.09749976902825352
11410	24	0.08749805035984082
11410	25	-0.13698375378101701
11410	26	-0.08597931314969287
11410	27	0.07108992386404367
11410	28	0.1124026186491136
11410	29	0.19934011055082124
11410	30	-0.07900268937856936
11410	31	0.00365439267180534
11410	32	0.017586493760681776
11410	33	-0.31497533590516724
11410	34	0.5549280722856125
11410	35	0.2004266392071301
11410	36	0.16324442962680052
11410	37	0.12768494620401327
11410	38	-0.18944170708709152
11410	39	-0.29173992038390395
11410	40	0.20028664015691078
11410	41	-0.1844950686817981
11410	42	0.3566970789381898
11410	43	0.2819629275540194
11410	44	-0.07159894861839433
11410	45	0.04089558429681972
11410	46	0.04596208648335676
11410	47	0.08217255203813778
11410	48	-0.17013316994164995
11410	49	0.5279798483627616
11410	50	0.25963697496148797
11410	51	0.23472944643267368
11410	52	0.32659697501973994
11410	53	-0.23381249895412992
11410	54	-0.24979628852771896
11410	55	-0.004510912832863312
11410	56	0.037132891358297115
11410	57	0.15801810473105604
11410	58	0.20636141845131561
11410	59	-0.09820750407340029
11410	60	0.07898799110763832
11410	61	0.10520212243171301
11410	62	0.3105219294240342
11410	63	0.3705717494439895
11410	64	0.04802791692453923
11410	65	-0.06971967265941714
11410	66	-0.35764404201697175
11410	67	0.20025332130922635
11410	68	0.41526632967268284
11410	69	0.21892613308818198
11410	70	-0.05505255700516898
11410	71	0.16570134149349514
11410	72	0.6347974641749943
11410	73	0.3088820595131665
11410	74	-0.059315679684544875
11410	75	0.09920128559304686
11411	1	0.07199582347100275
11411	2	0.15433578191949238
11411	3	-0.23337265236036586
11411	4	-0.14500815597239125
11411	5	0.2802181344708963
11411	6	0.060330843514037724
11411	7	-0.07228802623096442
11411	8	-0.17606405082577936
11411	9	0.18892718212326542
11411	10	-0.015882339900620934
11411	11	0.17935756520605395
11411	12	-0.5668230179876872
11411	13	-0.2417583550054303
11411	14	-0.08337779339092322
11411	15	0.05696839093562289
11411	16	0.09533020121912017
11411	17	0.07666823426782798
11411	18	-0.2692965090377015
11411	19	-0.06295579108014948
11411	20	-0.28731295257136225
11411	21	-0.03217318031516214
11411	22	0.2687975667162803
11411	23	0.24761455323395154
11411	24	0.11819134696222733
11411	25	-0.3306476656267421
11411	26	0.04540268868685615
11411	27	0.08702197161426994
11411	28	0.020276815159668615
11411	29	-0.3395487783380702
11411	30	0.015832021365227433
11411	31	-0.31466516655684273
11411	32	-0.4729782445313333
11411	33	0.2388584565649836
11411	34	0.11576370130305946
11411	35	0.011055656654328061
11411	36	0.17357500813919557
11411	37	0.09308898660805198
11411	38	-0.23216438844613663
11411	39	0.15063840835806275
11411	40	-0.003386454425275076
11411	41	0.05848013792977014
11411	42	-0.37078225990478586
11411	43	0.24817045739791155
11411	44	-0.011176542741438311
11411	45	-0.5841044157031803
11411	46	-0.29288088872325346
11411	47	-0.0010459970895055903
11411	48	-0.1973829403732381
11411	49	-0.2183241002139127
11411	50	-0.2753033372515503
11411	51	-0.017267798746388507
11411	52	-0.3499640901776857
11411	53	-0.2292670444086724
11411	54	0.05204025876337681
11411	55	-0.34546591742423516
11411	56	-0.13162284785199319
11411	57	-0.26551265743606933
11411	58	0.016393558028909183
11411	59	-0.26317536449580103
11411	60	0.015328670630140095
11411	61	0.49149688827193216
11411	62	0.4984236741439645
11411	63	-0.44127398058355993
11411	64	0.3553511492477739
11411	65	0.2643712364314865
11411	66	-0.026124299133591933
11411	67	0.09726893196120301
11411	68	0.07759415336413866
11411	69	-0.06491225075020424
11411	70	-0.18012142752858296
11411	71	-0.22699838302440867
11411	72	-0.06814101149075924
11411	73	0.028188762910779985
11411	74	-0.04618436655322711
11411	75	-0.5721256198247744
11412	1	-0.21178553853616577
11412	2	0.1859666062922507
11412	3	-0.16303215056825238
11412	4	0.015834137934419346
11412	5	0.060236055617849615
11412	6	-0.11314585899492613
11412	7	-0.196212757413754
11412	8	-0.005454731829360071
11412	9	0.04645406384369721
11412	10	-0.09357051194363208
11412	11	0.03849735015229072
11412	12	0.24339203577574864
11412	13	0.31953196757521596
11412	14	-0.15067170020095944
11412	15	0.17318702892845295
11412	16	-0.2385407665228172
11412	17	0.00462522351513428
11412	18	-0.19008503950364997
11412	19	0.03166786483382822
11412	20	0.36268704742864344
11412	21	0.10958309208626815
11412	22	0.12480115094567168
11412	23	-0.33025283027859587
11412	24	0.37473256560021895
11412	25	0.282793194588308
11412	26	0.07291164926032678
11412	27	0.5275237637289649
11412	28	-0.29486655401595385
11412	29	0.19396376646479752
11412	30	0.13760621491361746
11412	31	0.23963590871197482
11412	32	-0.007118029477567234
11412	33	-0.035783120495942455
11412	34	0.17938377298764152
11412	35	-0.30355007811269985
11412	36	-0.08986585207585307
11412	37	0.21468396868690576
11412	38	0.251796185030571
11412	39	0.07984987789210862
11412	40	0.23514401152454667
11412	41	-0.14797147497345975
11412	42	0.05206720246081176
11412	43	-0.17638151392825563
11412	44	-0.22551346030416397
11412	45	0.008637519780691605
11412	46	0.07002233708319494
11412	47	0.1033446839140808
11412	48	0.40091455066618664
11412	49	-0.2650086880275282
11412	50	-0.023332011086679927
11412	51	-0.07936457293993726
11412	52	-0.11779563139632643
11412	53	-0.04270790462372531
11412	54	-0.26050454410400903
11412	55	0.06062727253992506
11412	56	0.16416568261396236
11412	57	0.1268708551087343
11412	58	-0.24211898677395993
11412	59	0.3000862842497156
11412	60	-0.08565699245230007
11412	61	0.02402376999236111
11412	62	0.09295772432317051
11412	63	0.03937118070676604
11412	64	-0.09151265003538356
11412	65	0.07861854825944903
11412	66	0.013212618429136569
11412	67	0.19278864522285488
11412	68	-0.5291262767433906
11412	69	0.0806074625114448
11412	70	0.3188033036542137
11412	71	0.42945322987881696
11412	72	0.06537153331210988
11412	73	0.05659378083192479
11412	74	0.6875073897191726
11412	75	0.14230090347272295
11501	1	-0.05946063298545212
11501	2	-0.06781136522765507
11501	3	0.041327047339333234
11501	4	0.07533718937295575
11501	5	-0.07706414781138449
11501	6	-0.31114062795743536
11501	7	-0.31080153974447455
11501	8	-0.7786166033783317
11501	9	-0.2453070521109666
11501	10	-0.4539454029636829
11501	11	-0.17739919155070538
11501	12	-0.2415977927624624
11501	13	-0.3354520486991248
11501	14	-0.3379573729705001
11501	15	-0.5312448222775927
11501	16	0.027762633651548185
11501	17	0.02621778381737272
11501	18	-0.16959680933799604
11501	19	-0.19809092621528634
11501	20	0.1536780384196348
11501	21	-0.4386296367716227
11501	22	0.2062600291787433
11501	23	-0.05140947079007674
11501	24	0.2763745301454108
11501	25	-0.03244946742854893
11501	26	-0.13560331731915198
11501	27	-0.011026076433779508
11501	28	0.06479633467919399
11501	29	0.02636713757785003
11501	30	0.21560679614000833
11501	31	-0.10070120259288018
11501	32	-0.37050076705385493
11501	33	-0.24530070259417158
11501	34	-0.3885906530512955
11501	35	0.1177373383360063
11501	36	0.03258401714820991
11501	37	-0.3559350374159749
11501	38	-0.14560282688456994
11501	39	0.10033810805776255
11501	40	-0.20308615412497488
11501	41	0.21433599378562462
11501	42	-0.02506153918405829
11501	43	0.015437724665176233
11501	44	-0.3826480142129114
11501	45	-0.12306837966713857
11501	46	-0.072160168002533
11501	47	-0.025295246338757238
11501	48	-0.1911517091420123
11501	49	0.1123816054917981
11501	50	0.09031227836405975
11501	51	-0.07154707802566662
11501	52	0.3706815554679608
11501	53	-0.2189066840483136
11501	54	0.17306127978439179
11501	55	-0.12864910060741863
11501	56	0.2914252001960591
11501	57	0.03756542064201085
11501	58	0.2070091736445221
11501	59	-0.0020642533846952915
11501	60	-0.08459625429478734
11501	61	-0.49071031893527817
11501	62	-0.5160658153455273
11501	63	-0.3160487553583309
11501	64	0.3305012993979233
11501	65	-0.4741422770820236
11501	66	-0.45622940423869807
11501	67	-0.38666500197273024
11501	68	-0.4154238646538815
11501	69	0.12187453603658582
11501	70	-0.05759890500605991
11501	71	-0.5706920767181032
11501	72	-0.10988275323249752
11501	73	-0.848462888740869
11501	74	0.012674492305627894
11501	75	-0.0127412354403873
11502	1	0.13513396160914226
11502	2	0.14570214828585648
11502	3	-0.20191619590390886
11502	4	0.048310162345927665
11502	5	-0.012199282946518508
11502	6	-0.06519468201148726
11502	7	0.010820081877149335
11502	8	0.2565185317568037
11502	9	0.1709091641052467
11502	10	-0.22962107863935444
11502	11	-0.017939732091242888
11502	12	-0.1551113062759768
11502	13	-0.008425021672096022
11502	14	0.03501560000246684
11502	15	-0.13665022768299906
11502	16	0.0385734444623651
11502	17	0.30189345949305135
11502	18	-0.02905626879746137
11502	19	-0.08998281810717401
11502	20	0.061786146527737174
11502	21	0.21001901187702998
11502	22	0.09544921836793208
11502	23	0.1485905292099261
11502	24	-0.18308492931404885
11502	25	-0.04596298094205764
11502	26	0.16709938538355118
11502	27	0.14032527491757207
11502	28	-0.19736582748296883
11502	29	0.010150921361635312
11502	30	-0.18439320385999736
11502	31	-0.17637687826855597
11502	32	0.19976950321641596
11502	33	0.1492938920004221
11502	34	-0.0750771395377825
11502	35	0.1961157167143881
11502	36	0.4542056387698281
11502	37	0.26028117880024126
11502	38	0.08953230825056124
11502	39	-0.07804027032062066
11502	40	0.24826519722637386
11502	41	-0.15323157378194452
11502	42	0.3641276500051305
11502	43	0.1532755625030191
11502	44	0.4524871209222212
11502	45	0.07693162033285716
11502	46	0.24135334551097998
11502	47	0.12065069960718944
11502	48	-0.22358414157444173
11502	49	-0.3714021782919872
11502	50	0.12004200809379029
11502	51	-0.04452005099864209
11502	52	-0.21850763372123083
11502	53	0.021633856492229597
11502	54	0.0027910095141265856
11502	55	0.3875671156088032
11502	56	0.24547925425011385
11502	57	-0.14081295773636526
11502	58	0.22592809256344282
11502	59	0.27361142229098334
11502	60	0.2937821240835916
11502	61	0.3957761675512117
11502	62	-0.45660635588606624
11502	63	0.040708001398421345
11502	64	0.38455535345197944
11502	65	0.5366685337287862
11502	66	0.043770595761301934
11502	67	0.1349566196488894
11502	68	0.34944100021098734
11502	69	-0.12947681531476718
11502	70	0.04510379769664041
11502	71	-0.2517731577991853
11502	72	0.08741454406479932
11502	73	-0.25116559144357353
11502	74	0.03970151933265953
11502	75	-0.3343628570620112
11503	1	-0.026460966652454232
11503	2	0.13612590537628222
11503	3	0.16508413776309183
11503	4	0.08801653538563414
11503	5	0.1471934431128723
11503	6	0.36897281882267663
11503	7	0.054563825620888906
11503	8	0.13566434423594842
11503	9	0.25682841669117096
11503	10	-0.38100579669074364
11503	11	0.17688842940358285
11503	12	0.28749796966663155
11503	13	-0.17385712043752477
11503	14	0.12063455228808806
11503	15	-0.021735312768079496
11503	16	0.21014501603393398
11503	17	-0.2640725064729139
11503	18	-0.16065453372905836
11503	19	0.4321059373149154
11503	20	0.1454030968113571
11503	21	-0.05254355068553451
11503	22	0.26478522103726476
11503	23	0.22940467669074138
11503	24	0.3005987543696307
11503	25	0.2829325812868362
11503	26	-0.05922694094277858
11503	27	0.20615777408340819
11503	28	0.02922743244361925
11503	29	-0.030289519078806393
11503	30	-0.0912667440668713
11503	31	0.019285450727103637
11503	32	-0.08007700996343203
11503	33	-0.1947835187436553
11503	34	0.6176155531549057
11503	35	-0.10221594828394842
11503	36	-0.1356842511200611
11503	37	0.36068157920064436
11503	38	0.27802079673904956
11503	39	-0.07837393732095421
11503	40	-0.10709015812898315
11503	41	-0.07485319540356272
11503	42	-0.40257238336157286
11503	43	0.369158111718896
11503	44	0.2703049387400398
11503	45	0.24336472009929366
11503	46	0.21329195078291718
11503	47	0.49802807698456775
11503	48	-0.14954343420040317
11503	49	0.2869228133663384
11503	50	-0.02159963354785077
11503	51	0.005263065451146076
11503	52	-0.3527418679554657
11503	53	0.09727616546786777
11503	54	0.12487976493621034
11503	55	0.11008963813132056
11503	56	0.07794505338257807
11503	57	-0.17878426237433587
11503	58	-0.21231014567479178
11503	59	0.11028142562765453
11503	60	-0.15349848986368642
11503	61	0.11279318456822551
11503	62	-0.017934350547399447
11503	63	0.45872601941643865
11503	64	0.1124499146798712
11503	65	0.26653173025864874
11503	66	-0.1301366448126018
11503	67	-0.1453236606313908
11503	68	0.7334583508950061
11503	69	-0.09577644828106457
11503	70	-0.00481278555327691
11503	71	0.24769297500027676
11503	72	0.44420466752158916
11503	73	-0.08199642227440762
11503	74	0.24887736184183495
11503	75	0.13250400980486177
11504	1	0.031183857659037528
11504	2	-0.15998045739674893
11504	3	-0.13615043013814443
11504	4	-0.020435506399742565
11504	5	-0.0033288740761108215
11504	6	0.16460434778754518
11504	7	0.10527607633314062
11504	8	0.12179919703746833
11504	9	-0.27773948454339603
11504	10	-0.11139516041343711
11504	11	0.348588334436819
11504	12	-0.036053787218456534
11504	13	0.0531134398663653
11504	14	0.15358801857488658
11504	15	-0.1351256261583984
11504	16	0.04404814993706907
11504	17	0.04077079837038866
11504	18	-0.04451018425137221
11504	19	0.0165313884070315
11504	20	-0.29372320898161774
11504	21	0.005861007719026645
11504	22	-0.1732964503777339
11504	23	0.0016743822937783648
11504	24	-0.11621036243948168
11504	25	0.13858310360402726
11504	26	-0.4441272258430615
11504	27	0.08744932204162126
11504	28	0.2469862168690753
11504	29	0.012160623371336499
11504	30	-0.11557823504502807
11504	31	0.34815534626366684
11504	32	0.26227816572507834
11504	33	-0.0724663297597985
11504	34	-0.0658602303208724
11504	35	-0.09813237753370885
11504	36	-0.08155319698900598
11504	37	0.3792000977191634
11504	38	-0.1575917388734851
11504	39	0.32029652801617914
11504	40	0.15387850283968163
11504	41	-0.13126345181382248
11504	42	0.2080638939413717
11504	43	-0.014222704995248137
11504	44	-0.21459534616024456
11504	45	-0.1232069798057438
11504	46	0.14045244461007655
11504	47	0.024808703765195617
11504	48	0.3613777433874432
11504	49	0.34086393397411996
11504	50	0.06785905591083718
11504	51	0.1461937397151516
11504	52	0.5446940294804321
11504	53	0.36175859661696563
11504	54	-0.08813068140756997
11504	55	-0.20785907981739626
11504	56	0.0955139042847577
11504	57	0.15350443658103075
11504	58	0.25891492555027895
11504	59	0.41588446456402295
11504	60	0.030926961228431082
11504	61	0.434445606220649
11504	62	-0.1838412831209979
11504	63	0.36898242967285455
11504	64	-0.12306765417103094
11504	65	-0.09396209690184065
11504	66	-0.17334652135581052
11504	67	-0.12879944410717314
11504	68	-0.2640725133025299
11504	69	-0.007647293485241846
11504	70	-0.031403478810631213
11504	71	0.2306939246678965
11504	72	0.5822863389365907
11504	73	0.20233406205608162
11504	74	-0.055586075954941805
11504	75	0.7840709613718104
11505	1	0.12126482931895666
11505	2	0.08225975852767675
11505	3	0.02525307863378501
11505	4	0.15513804285802024
11505	5	0.07919474265803217
11505	6	0.21851797801696193
11505	7	0.1816593421900876
11505	8	0.2584388731508298
11505	9	-0.13826580033287428
11505	10	-0.2663209363918497
11505	11	0.15041019678499623
11505	12	-0.11770021097014194
11505	13	0.05999603095948203
11505	14	-0.5738748694143183
11505	15	-0.20692049795326994
11505	16	-0.009932956675619664
11505	17	-0.12420895871463244
11505	18	-0.059354988569864986
11505	19	-0.012955791080145218
11505	20	-0.028541022746800593
11505	21	-0.052641016572472665
11505	22	0.20227709888002465
11505	23	-0.18469538828652077
11505	24	0.20254807210842074
11505	25	-0.1578406480828889
11505	26	0.08765415067515647
11505	27	0.05924419383649138
11505	28	0.3174990373818929
11505	29	-0.055923047343917176
11505	30	0.357498688031896
11505	31	-0.07431428936386197
11505	32	-0.17078526207519218
11505	33	-0.07766201127127204
11505	34	0.2888631165077342
11505	35	-0.2548800158602944
11505	36	0.20690834147253412
11505	37	-0.3655367443860982
11505	38	0.1548239156474338
11505	39	-0.18415691327936656
11505	40	0.2261457093174144
11505	41	-0.2669584585614615
11505	42	-0.12911559323811872
11505	43	0.1475856620762741
11505	44	0.0812211180772735
11505	45	0.18738681236699506
11505	46	-0.15779316942501254
11505	47	0.051731780688271556
11505	48	-0.15103791113347143
11505	49	-0.04010772594490675
11505	50	-0.2791045068421951
11505	51	0.13229360476238128
11505	52	0.16918795660593844
11505	53	-0.16698634265429035
11505	54	0.37192329969904847
11505	55	-0.47324369520200804
11505	56	-0.09200296481105852
11505	57	-0.12793955802086288
11505	58	0.24548712528036987
11505	59	-0.09416951654258554
11505	60	0.2733696063026514
11505	61	-0.039643462605262414
11505	62	-0.14295059486188677
11505	63	-0.15530906830285574
11505	64	0.020117231119115786
11505	65	-0.3001024477790395
11505	66	-0.04264476696985042
11505	67	-0.06618136043645961
11505	68	0.2832959077501016
11505	69	-0.556432718586457
11505	70	-0.17310388366893648
11505	71	-0.5884018917963445
11505	72	-0.17574335067204316
11505	73	0.17891975706282892
11505	74	0.18422499017191996
11505	75	0.09088607608165944
11506	1	-0.06613548966031146
11506	2	0.2510529536366626
11506	3	0.045667751680039004
11506	4	-0.004856640820875668
11506	5	0.16026863952140147
11506	6	0.3138661970493928
11506	7	0.1895806606377235
11506	8	-0.02101354577527559
11506	9	0.204078697274781
11506	10	0.1894206904024145
11506	11	0.3076403934888816
11506	12	-0.0031866543513245915
11506	13	0.0597567965097241
11506	14	0.1587939237807916
11506	15	0.29610980507703744
11506	16	0.3008857567746759
11506	17	0.21454702214661125
11506	18	0.006966117224926904
11506	19	0.02946845134409415
11506	20	0.2894547241963181
11506	21	0.165301567159581
11506	22	0.46147433439304564
11506	23	0.48776606838546144
11506	24	0.17450447827535953
11506	25	0.059756374777293786
11506	26	0.3476754159595785
11506	27	0.18197146656376617
11506	28	-0.19108682120396736
11506	29	-0.06076089955018915
11506	30	0.3893168698500773
11506	31	0.1969509950593178
11506	32	0.41818337163028474
11506	33	0.26032310302963424
11506	34	0.22687481241416663
11506	35	0.2355506061492747
11506	36	0.12054470510889814
11506	37	0.05950312802219315
11506	38	0.26556288428113817
11506	39	0.435991943711592
11506	40	0.5122701112312882
11506	41	0.08777306722269884
11506	42	0.4067429926204724
11506	43	0.8219078311352845
11506	44	0.1726618410969465
11506	45	0.42725922066045996
11506	46	0.16924032339795758
11506	47	0.08607521503170545
11506	48	-0.05167586966616966
11506	49	0.27132236443255664
11506	50	0.09641383446561491
11506	51	0.15369179721320592
11506	52	0.42806621285261315
11506	53	0.45305618791455515
11506	54	0.3101210668441823
11506	55	0.28382701186869497
11506	56	0.2751953339661881
11506	57	0.3125176455942338
11506	58	0.23987840651376047
11506	59	0.3039963526759166
11506	60	-0.004115773814305612
11506	61	0.4139716357466767
11506	62	0.32291862363891255
11506	63	0.5092310699214906
11506	64	0.13136125025787493
11506	65	0.4126035596638147
11506	66	-0.11728591529520571
11506	67	0.17454165923393106
11506	68	0.635422436192421
11506	69	0.2088251229871716
11506	70	0.7057371583300025
11506	71	-0.056291312317341635
11506	72	0.35610141275166995
11506	73	0.451673611395627
11506	74	0.026542906174043424
11506	75	0.5220662993671468
11507	1	-0.3947259266076877
11507	2	3.304309594653887E-4
11507	3	0.13108280876648237
11507	4	-0.18911423088583135
11507	5	-0.06897135246646613
11507	6	-0.074765159004059
11507	7	-0.34572995257656913
11507	8	0.23345751039549612
11507	9	-0.20153551853773166
11507	10	-0.22166609816313354
11507	11	-0.29826283139451704
11507	12	-0.027823962274752034
11507	13	0.13038517662818805
11507	14	0.13032223808531285
11507	15	-0.1938893364801828
11507	16	-0.24263013872422334
11507	17	0.21963329564648149
11507	18	-0.5186512462111352
11507	19	-0.24624191006031992
11507	20	0.2191554138120182
11507	21	-0.09004223917572318
11507	22	-0.03857574143606257
11507	23	-0.02675592205720534
11507	24	-0.3001356911240194
11507	25	-0.25142198101862334
11507	26	0.09152324266859324
11507	27	0.15074561026708722
11507	28	-0.09595705326966453
11507	29	-0.3870621557381284
11507	30	-0.35624068873863735
11507	31	-0.0869503412499526
11507	32	-0.46969684698647285
11507	33	0.05216503509819148
11507	34	-0.24676384040295574
11507	35	0.1053033746272547
11507	36	-0.10569789082208558
11507	37	0.02140972944720687
11507	38	0.16296466411917976
11507	39	-0.5348353089853433
11507	40	-0.2645133036541054
11507	41	-0.3689041869049774
11507	42	-0.29101361023528227
11507	43	-0.18135425144691197
11507	44	-0.3468391174974954
11507	45	0.09094279864998356
11507	46	-0.13612923622089568
11507	47	-0.08835320514742051
11507	48	-0.2523797927497
11507	49	-0.07796369731809705
11507	50	-0.006449072221649033
11507	51	-0.31030368165479416
11507	52	0.009675506926498656
11507	53	-0.0549988668827055
11507	54	-0.3030431532605462
11507	55	-0.40341366687339786
11507	56	-0.08139464514503203
11507	57	-0.4167795759126136
11507	58	-0.5829533100856636
11507	59	-0.2850670862458813
11507	60	0.015556873337096988
11507	61	-0.811076293975475
11507	62	-0.4104919695450562
11507	63	-0.2702635934258666
11507	64	0.05120415522825539
11507	65	8.443242501883219E-4
11507	66	-0.3893049727250286
11507	67	-0.1366152354923713
11507	68	-0.48333596939318113
11507	69	-0.028305388930874642
11507	70	-0.05811953895445754
11507	71	-0.04649791088088051
11507	72	-0.05791123497203188
11507	73	-0.23171838219466423
11507	74	0.1335764140574085
11507	75	-0.3576229443447616
11508	1	0.15381330577325159
11508	2	0.16397721005122534
11508	3	0.15101485148697336
11508	4	0.06732640850898974
11508	5	0.18930554598213334
11508	6	0.026966731479568296
11508	7	0.3739031095031109
11508	8	0.1956964908793637
11508	9	0.14414417196629614
11508	10	0.11733557330344269
11508	11	0.3782495319650536
11508	12	-0.16645367357402563
11508	13	0.32398495062707156
11508	14	0.08582042144441004
11508	15	0.20360581783620546
11508	16	-0.19857561595539863
11508	17	0.08756389447096069
11508	18	0.1193153715409423
11508	19	0.14230736681459177
11508	20	-0.14793160446424736
11508	21	0.031708013898438026
11508	22	0.25158457810439927
11508	23	0.12804699398495245
11508	24	0.36459793360426573
11508	25	0.2134889918063081
11508	26	0.05122755787737532
11508	27	0.10107244868413545
11508	28	-0.023636696690125802
11508	29	0.3406143487779687
11508	30	0.24350976836430505
11508	31	-0.008524815679649578
11508	32	0.3267216631325667
11508	33	0.006133002579147728
11508	34	-1.9505523741969455E-4
11508	35	0.18348563510923555
11508	36	-0.020099968776776223
11508	37	0.39831367112636684
11508	38	0.09332807077208827
11508	39	-0.15645608225443652
11508	40	0.363126318735695
11508	41	-0.04881441424012678
11508	42	-0.17496046858437353
11508	43	-0.21141710800682745
11508	44	-0.015731790509981636
11508	45	-0.30444144248064475
11508	46	-0.13313942981282167
11508	47	-0.260318080807572
11508	48	0.40270170105488745
11508	49	0.060446290675592707
11508	50	0.3804522798614016
11508	51	-0.4314183065949564
11508	52	-0.2977095503192686
11508	53	0.047141081168426524
11508	54	-0.09068057841729882
11508	55	0.20556516906391664
11508	56	0.26381420970417935
11508	57	0.12206044197913712
11508	58	0.15116579564048038
11508	59	0.060816633041902435
11508	60	0.20841115754919315
11508	61	0.24844518005401994
11508	62	0.2027557763292478
11508	63	-0.14699881899537814
11508	64	0.2347986715623307
11508	65	-0.19663984390091827
11508	66	-0.5638359027039215
11508	67	-0.31327277317883784
11508	68	0.16030421799941053
11508	69	-0.34742994850335407
11508	70	0.1526578891842547
11508	71	0.13916043507346387
11508	72	0.023425624397205524
11508	73	0.2801662944589509
11508	74	0.009432746404606007
11508	75	-0.02947403472165888
11509	1	-0.36332163684645735
11509	2	0.2504757530594617
11509	3	-0.07987337386108706
11509	4	0.02725014128590786
11509	5	0.09453992379268783
11509	6	-0.18930840612521393
11509	7	-0.007677636620570638
11509	8	0.08403695927523103
11509	9	-0.04786935467326714
11509	10	0.13552458650630683
11509	11	-0.09077230492381716
11509	12	-0.46985332101799315
11509	13	0.16040614715907253
11509	14	-0.15606899108212247
11509	15	-0.10042699145976286
11509	16	0.2161094219983397
11509	17	-0.049738692139101204
11509	18	-0.11547255521374211
11509	19	0.008472780348419917
11509	20	-0.017399532657940142
11509	21	-0.07236077050275469
11509	22	0.22114244406115802
11509	23	-0.004586023966631103
11509	24	0.32031977409064893
11509	25	0.3754129404338613
11509	26	0.03649215477631884
11509	27	-0.31867788408558795
11509	28	0.318148388031247
11509	29	0.12401543522614844
11509	30	0.16074544127864954
11509	31	-0.021375123266800244
11509	32	0.164142967589882
11509	33	0.3522422949488231
11509	34	-0.0076850721457191185
11509	35	-0.16250134190267573
11509	36	0.27509015965434713
11509	37	-0.15976094124187767
11509	38	0.03684715556541107
11509	39	0.05576106348071619
11509	40	0.0765558255170049
11509	41	-0.07745059800096499
11509	42	-0.1959987101212306
11509	43	-0.04995364072618713
11509	44	-0.19588072744562623
11509	45	0.04955359295482964
11509	46	0.19975980391743775
11509	47	-0.3073591284026378
11509	48	0.056549238558936565
11509	49	0.2931116862218772
11509	50	0.1875393755911574
11509	51	-0.26326346974205705
11509	52	0.19704168182808246
11509	53	0.16445589931426952
11509	54	-0.028623521900406956
11509	55	-0.3167501887085038
11509	56	-0.19702688825603332
11509	57	-0.3542211711445802
11509	58	0.1756648423001934
11509	59	-0.07089542221586242
11509	60	0.01940514970661411
11509	61	-0.317702245927201
11509	62	-0.2143108135905294
11509	63	0.39465675534717803
11509	64	-0.14850887961225823
11509	65	0.2731374701977245
11509	66	0.2521946041853127
11509	67	0.3878172725095439
11509	68	-0.41991666914668
11509	69	-0.32133360717156023
11509	70	0.3687963213891621
11509	71	-0.1449637509897812
11509	72	-0.2775205208702687
11509	73	-0.07545481573279744
11509	74	-0.1398351602040222
11509	75	0.08094075824160996
11510	1	0.19084074753175528
11510	2	-0.23321417811248324
11510	3	-0.12655810399905576
11510	4	-0.12532390337446841
11510	5	-0.04282343227570351
11510	6	-0.07284261771697942
11510	7	0.014702381442901924
11510	8	-0.18633583339971693
11510	9	0.024658596991372406
11510	10	0.33477713252144525
11510	11	-0.013448190189635056
11510	12	0.08881247361902211
11510	13	-0.10434828306298272
11510	14	0.18422812187686333
11510	15	0.3408013245886963
11510	16	0.08885538107523416
11510	17	0.04837087215751268
11510	18	0.17546767961137988
11510	19	0.16893869333232203
11510	20	0.15885011697300655
11510	21	-0.007033292225635535
11510	22	0.35946503274345787
11510	23	0.29235875787023957
11510	24	-0.10648890883313555
11510	25	-0.07477236586655067
11510	26	0.18415168948621385
11510	27	0.29353675978373417
11510	28	0.02121606376078944
11510	29	-0.5944248774587706
11510	30	0.2818392156098355
11510	31	0.25475929387481244
11510	32	-0.009129323668020106
11510	33	-0.05320789035747708
11510	34	0.29302189474829987
11510	35	0.31103567264153753
11510	36	0.36482201053728147
11510	37	0.30557899460165316
11510	38	-0.3648782173829872
11510	39	0.09768077446517509
11510	40	-0.13592042724702225
11510	41	-0.04175967022370486
11510	42	0.11225131323670468
11510	43	-0.058624106950610155
11510	44	0.164522897706199
11510	45	0.0025262797404650428
11510	46	-0.16098640431078337
11510	47	0.29861427469307245
11510	48	0.140606667940105
11510	49	-0.12178133442654371
11510	50	-0.4276214827351694
11510	51	0.16264826839989155
11510	52	-0.36617112455019196
11510	53	-0.07183299165087931
11510	54	-0.1464409562646054
11510	55	-0.28655304771999823
11510	56	-0.26613523793992044
11510	57	0.00808846166864896
11510	58	0.18236078424793334
11510	59	-0.17256785050699364
11510	60	-0.3490398345657084
11510	61	-0.0031673803132008516
11510	62	-0.005073528094250435
11510	63	-0.2606984410152151
11510	64	-0.44706691629978934
11510	65	0.13913142827801295
11510	66	0.11897961773291854
11510	67	-0.057926911364134526
11510	68	-0.035295534885257496
11510	69	0.008548980264983186
11510	70	-0.0060207081041241395
11510	71	0.10741408699956878
11510	72	-0.0029931297961098835
11510	73	0.26785702829847224
11510	74	-0.2178070683917568
11510	75	0.23636758561087845
11511	1	-0.5478070439125098
11511	2	-0.11242049048194147
11511	3	-0.1522794623962085
11511	4	-0.14814435668923664
11511	5	0.1785156255103253
11511	6	0.20405844208034551
11511	7	-0.18814824128472196
11511	8	-0.021583764087431234
11511	9	0.07602395631681702
11511	10	-0.2629253506533047
11511	11	-0.20074996167566894
11511	12	-0.25929613626725967
11511	13	-0.23423147328499994
11511	14	-0.06196202278160712
11511	15	-0.060683938813482996
11511	16	-0.47241173426475314
11511	17	-0.14053606680744224
11511	18	0.08142033684043781
11511	19	-0.3419880491446676
11511	20	-0.08086133966813236
11511	21	0.03162610283895617
11511	22	0.08179039825749612
11511	23	-0.3598227227517157
11511	24	0.10591536129913948
11511	25	0.41182545265282755
11511	26	-0.05880878084719399
11511	27	-0.03699236530329131
11511	28	-0.2276622529406893
11511	29	-0.09904698622337094
11511	30	-0.08282389261326273
11511	31	0.15899074742164743
11511	32	0.1944948737482406
11511	33	-0.2723422602808938
11511	34	-0.2776054743241829
11511	35	-0.11268986305893236
11511	36	-0.2645970348715565
11511	37	-0.12940205281847028
11511	38	0.18190371191229104
11511	39	0.21963482412866853
11511	40	-0.047114052991581445
11511	41	0.15579196588675615
11511	42	-0.1280403244209083
11511	43	-0.11992990102502432
11511	44	-0.3169113097665317
11511	45	-0.4725452759182289
11511	46	-0.0805152973254053
11511	47	0.08183930756999303
11511	48	0.09177476571994703
11511	49	0.022625720574616537
11511	50	-0.06365459173184007
11511	51	0.17063542706006274
11511	52	-0.1124192873103027
11511	53	0.07019532118272309
11511	54	-0.10727873765240048
11511	55	0.006863831679709165
11511	56	-0.21755474749356551
11511	57	-0.6876452739235219
11511	58	-0.2340544706449279
11511	59	0.19255940252928383
11511	60	-0.04533441180713993
11511	61	-0.21791171387860686
11511	62	-0.3263971143865021
11511	63	-0.4982632278953858
11511	64	-0.09151265003538356
11511	65	0.11625295686159376
11511	66	0.14493304853665734
11511	67	-0.25613608595994464
11511	68	-0.22805100792618305
11511	69	0.31179025821037243
11511	70	-0.39087411570062613
11511	71	0.06655000407236145
11511	72	0.16214572686049422
11511	73	-0.18265353099602777
11511	74	-0.23453562103351544
11511	75	-0.3953335051294289
11512	1	0.04372337293827755
11512	2	0.3444803785709354
11512	3	0.08394089406277061
11512	4	0.009139484819087329
11512	5	0.20049971742371397
11512	6	0.05150283742575823
11512	7	0.1451777271936976
11512	8	0.254149038976351
11512	9	0.4085618853196138
11512	10	0.2922226829304293
11512	11	0.5410014008224877
11512	12	0.27335963041413436
11512	13	0.16143799202653497
11512	14	0.241013378602986
11512	15	0.2889699130056371
11512	16	-0.021108154945267188
11512	17	0.24561800595732564
11512	18	0.21959237985119273
11512	19	0.053482565084237876
11512	20	-0.09941340919236552
11512	21	0.15770505408362112
11512	22	0.3809360750876678
11512	23	-0.02586337675082717
11512	24	0.15864035761671857
11512	25	0.09994594167918791
11512	26	-0.3449702184668766
11512	27	-0.11472840890323255
11512	28	-0.15304890782358171
11512	29	0.3993401105508241
11512	30	0.278731564744227
11512	31	0.19378232202763002
11512	32	0.24334595638190848
11512	33	0.33181888274459226
11512	34	0.40807724772619025
11512	35	0.061017604903945255
11512	36	0.2596480674999313
11512	37	0.4983781799109437
11512	38	0.029517498920682783
11512	39	0.14158209176749637
11512	40	-0.32515205564293126
11512	41	-0.16526415430767116
11512	42	-0.3421292918682539
11512	43	-0.0437625715214196
11512	44	-0.020004548829717805
11512	45	0.14683165735618076
11512	46	0.10803235328587846
11512	47	0.02364958890745328
11512	48	0.4413917932645077
11512	49	0.19586920267802554
11512	50	-0.051635148514868945
11512	51	0.05796051175589412
11512	52	0.0015960315879155473
11512	53	0.13214848070548157
11512	54	0.30242077626717645
11512	55	0.12196178425004689
11512	56	-0.15418753582763856
11512	57	0.16070499857610798
11512	58	0.18423982895737367
11512	59	-0.01713274653537411
11512	60	0.15646261279147922
11512	61	0.11695350927649883
11512	62	0.08286050823832625
11512	63	-0.18602283903104677
11512	64	0.1674135541183972
11512	65	0.1352616473903936
11512	66	0.2873840722514913
11512	67	0.27801474626865996
11512	68	0.3934617332728152
11512	69	0.3352399562513213
11512	70	0.09841738525680199
11512	71	-0.07106230996505047
11512	72	0.1572775577634289
11512	73	-0.19148399203594835
11512	74	0.07542902766290638
11512	75	-0.3461362743148797
11601	1	0.1666175728799857
11601	2	0.020529635347386943
11601	3	-0.07586674219487932
11601	4	-0.021485697343550214
11601	5	-0.1642263099735466
11601	6	0.058439590558954535
11601	7	-0.4042029198479824
11601	8	-0.036997856972348586
11601	9	-0.20380331433063503
11601	10	-0.4986837583403343
11601	11	-0.12702541351735164
11601	12	-0.3047662803990363
11601	13	0.04210689322152206
11601	14	-0.04803500379281189
11601	15	0.0010582254509898803
11601	16	-0.023286820057478508
11601	17	-0.1575516238882031
11601	18	-0.1905140031275323
11601	19	-0.2501898336333426
11601	20	0.09318350132934938
11601	21	-0.2370195160125661
11601	22	-0.32275089664069156
11601	23	0.02255545157910177
11601	24	-0.3731798114302123
11601	25	-0.03561220463383563
11601	26	-0.030011022897070916
11601	27	0.08477610873011088
11601	28	-0.023990324320230627
11601	29	-0.4203407405130051
11601	30	-0.05313960984044286
11601	31	-0.20225381903911455
11601	32	-0.02599242892848963
11601	33	-0.16598787913241608
11601	34	-0.3783261332123118
11601	35	0.2955119214297426
11601	36	0.17180195849380908
11601	37	-0.4415445831319005
11601	38	-0.13896107875346075
11601	39	-0.2955790857317737
11601	40	-0.014083853952463699
11601	41	-0.39027872731846003
11601	42	-0.019541125153011762
11601	43	0.07908062288254314
11601	44	-0.1210465191007799
11601	45	-0.2454519334336709
11601	46	-0.22195890290765163
11601	47	0.1011998657946549
11601	48	0.1618960194376342
11601	49	-0.0556172444219456
11601	50	-0.20975960202697053
11601	51	0.34673929345219534
11601	52	-0.2626709459696528
11601	53	-0.00710392384129932
11601	54	-0.10847983579927245
11601	55	0.05016056011713488
11601	56	-0.1660791126274077
11601	57	0.10316346549537769
11601	58	-0.28561589823586786
11601	59	-0.19036212572511602
11601	60	-0.12763823244314665
11601	61	0.0929153279882442
11601	62	-0.5249214795203443
11601	63	-0.15474915788852428
11601	64	-0.0869656356222066
11601	65	-0.24839472101531612
11601	66	0.07807191836050009
11601	67	0.33054316363968894
11601	68	-0.5108810239408257
11601	69	-0.43677986304334837
11601	70	-0.2941285197271668
11601	71	-0.3574948369251203
11601	72	-0.3822663069990284
11601	73	0.4229287156294532
11601	74	-0.09074701430736809
11601	75	0.2000966023974513
11602	1	0.04810693458211546
11602	2	-0.1091086625249531
11602	3	-0.07748376347147712
11602	4	0.08376962180538783
11602	5	0.09277369002645486
11602	6	0.007886399069590766
11602	7	-0.05328802623095896
11602	8	0.1041581713964419
11602	9	0.21692718212327122
11602	10	-0.052215673233952486
11602	11	0.2673575652060478
11602	12	0.13717698201231343
11602	13	-0.2617583550054263
11602	14	0.22384442883129907
11602	15	-0.0869204979532654
11602	16	0.21399686788578265
11602	17	0.271334900934491
11602	18	0.05692571318452622
11602	19	0.16504420891985205
11602	20	0.25868704742864423
11602	21	0.04760459746261603
11602	22	0.15357534449405819
11602	23	0.38772566434506217
11602	24	-0.011697541926665167
11602	25	-0.2599809989600814
11602	26	0.2121804664646305
11602	27	0.5592441938364914
11602	28	-0.2245009626181087
11602	29	0.1273401105508185
11602	30	-0.03783464530143732
11602	31	0.010001500109822814
11602	32	0.39735508880200143
11602	33	0.12896956767610135
11602	34	-0.22001407647471893
11602	35	0.034277878876551426
11602	36	0.09424167480586476
11602	37	0.08986676438583174
11602	38	0.16661338933164416
11602	39	0.04686063058028367
11602	40	0.1877246566858375
11602	41	0.3624801379297722
11602	42	0.10221774009522022
11602	43	-0.052273987046532966
11602	44	-0.05295432051921978
11602	45	0.12356225096348794
11602	46	-0.07421422205658956
11602	47	0.34039844735494285
11602	48	0.08650594851565074
11602	49	0.2151203442305345
11602	50	0.3058077738595557
11602	51	-0.09626779874638913
11602	52	0.1299247987112011
11602	53	-0.30460037774200543
11602	54	0.05515136987448699
11602	55	0.02208963813131959
11602	56	0.01848826325912256
11602	57	0.432376231452821
11602	58	-0.06682866419330935
11602	59	0.5886024132819756
11602	60	0.17143978174124896
11602	61	0.16849688827193177
11602	62	0.4503125630328526
11602	63	-0.08260731391689546
11602	64	0.5079067048033252
11602	65	-0.0886287635685079
11602	66	-0.2120131880224818
11602	67	0.225046709738983
11602	68	-0.16273917996919351
11602	69	0.09553219369423971
11602	70	0.102545239138081
11602	71	-0.10499838302440878
11602	72	0.12874787739813343
11602	73	-0.21592234820032985
11602	74	-0.325739922108788
11602	75	0.49042993573078775
11603	1	-0.09603507725220695
11603	2	-0.07220925424093139
11603	3	-0.09078553861940719
11603	4	-0.17862091073899222
11603	5	0.09686836458266512
11603	6	-0.15866981394815838
11603	7	-0.029832404929187817
11603	8	-0.03855583254833306
11603	9	0.11989365155127274
11603	10	-0.010014489801996262
11603	11	0.12432797940723361
11603	12	-0.2701760751869031
11603	13	0.27559864696695513
11603	14	-0.3193902851726449
11603	15	0.007872401455017553
11603	16	0.10775623672207502
11603	17	-0.07283866908523606
11603	18	0.3687048058866935
11603	19	0.04887852844647966
11603	20	-0.012066404247889295
11603	21	-0.030233666837190754
11603	22	0.14662465415874948
11603	23	-0.20917374393896182
11603	24	-0.3195634196386976
11603	25	0.23582176238114272
11603	26	-0.15951184122767614
11603	27	-0.3141285872285948
11603	28	0.01069430365408408
11603	29	-0.022553380573441473
11603	30	0.2341259069668098
11603	31	0.1280370030683997
11603	32	0.1151381262773512
11603	33	-0.20402451516413578
11603	34	-0.4554065814056898
11603	35	0.2789879380481466
11603	36	-0.40877213190024975
11603	37	-0.3036401389672321
11603	38	-0.1968422319701304
11603	39	-0.43532477375897116
11603	40	0.023700988046783777
11603	41	-2.969823858123277E-4
11603	42	0.326801566525198
11603	43	0.06486999717437669
11603	44	-0.14674524754091323
11603	45	0.16712832591417737
11603	46	0.06609347025110424
11603	47	-0.16927413647149336
11603	48	-0.1674191007940138
11603	49	-0.01712423170634736
11603	50	-0.029774080183834428
11603	51	0.2317953176244174
11603	52	0.12635083421415771
11603	53	-0.019898208116764238
11603	54	0.09194821405594666
11603	55	-0.026793991059996358
11603	56	0.198078006848867
11603	57	-0.038014301091557456
11603	58	0.07745535947533
11603	59	0.2304801253135338
11603	60	-0.2256805338406025
11603	61	0.10485980740408252
11603	62	-0.4980424665529455
11603	63	0.3246037314480006
11603	64	0.3684510835015544
11603	65	0.1411463843604821
11603	66	0.20614065813136762
11603	67	-0.16154106146417746
11603	68	-0.23567014643862194
11603	69	0.1562580319585436
11603	70	0.012383503437888521
11603	71	-0.5643751088626772
11603	72	0.2862311121121337
11603	73	0.4654504328647562
11603	74	-0.11337700297663389
11603	75	0.20379482724952425
11604	1	0.15825891026600303
11604	2	0.0968974165024008
11604	3	0.12322140370177692
11604	4	0.045763542778033184
11604	5	-0.01339044371214726
11604	6	-0.03882484713101775
11604	7	0.02398856951371897
11604	8	0.08420275093038754
11604	9	0.19551279509185804
11604	10	0.3827752082250129
11604	11	0.14349130380787756
11604	12	0.3282124430052207
11604	13	0.00373303303914696
11604	14	0.05188900836524368
11604	15	0.023474638824851013
11604	16	0.26584691854434794
11604	17	-0.008235514465710025
11604	18	-0.15669941346187954
11604	19	0.03400469524203942
11604	20	0.14485523385214805
11604	21	-0.00753623333778819
11604	22	0.024513541049273613
11604	23	0.059409554922567054
11604	24	0.3901180609102184
11604	25	0.057092962539414316
11604	26	0.06307408348590826
11604	27	-0.13558863291122947
11604	28	0.012483839813505426
11604	29	-0.2657054821543454
11604	30	0.18014306493159182
11604	31	0.5272294636356563
11604	32	0.05151516985570481
11604	33	0.16417929411986876
11604	34	0.34583800052629243
11604	35	0.2066061463537494
11604	36	-0.14430746399859373
11604	37	0.37342502173132175
11604	38	0.35268025863255303
11604	39	0.08891939451138597
11604	40	-0.1542814223415192
11604	41	0.2005267438061651
11604	42	0.0898813672482035
11604	43	0.090858738384064
11604	44	0.2592726298353938
11604	45	0.16450247386115535
11604	46	-0.018311486494276608
11604	47	0.26799317886456464
11604	48	0.4210145604710718
11604	49	0.3205225732072279
11604	50	0.3856051396143698
11604	51	0.3254626977075148
11604	52	0.15526218472943754
11604	53	0.17412707919821457
11604	54	0.3109730517387206
11604	55	0.023564815436287745
11604	56	0.41446799983459925
11604	57	-0.059830455477268174
11604	58	0.4655239193933127
11604	59	-0.3081432807403175
11604	60	0.3260091839702284
11604	61	0.47019496324660537
11604	62	-6.053700978512211E-4
11604	63	-0.03468836761496874
11604	64	0.18545077775165453
11604	65	0.15244114524607966
11604	66	0.06971325574652099
11604	67	0.28685015452114726
11604	68	0.3310642648129729
11604	69	-0.0841962764172095
11604	70	0.22980765048560414
11604	71	0.11135014787731023
11604	72	0.15762731002224228
11604	73	0.4692812992160853
11604	74	-0.5064005097480972
11604	75	0.790142195102618
11605	1	-0.05946063298545212
11605	2	-0.3407843382006277
11605	3	0.014300020312308703
11605	4	-0.41925740522163935
11605	5	-0.1257127964600322
11605	6	0.0672377504209436
11605	7	0.08649575755282513
11605	8	-0.11104903581076542
11605	9	-0.3966584034623182
11605	10	-0.32962107863935586
11605	11	-0.5206424347939489
11605	12	-0.1524086035732779
11605	13	-0.4841006973477704
11605	14	-0.38120061621374646
11605	15	-0.11502860606137233
11605	16	-0.19656169067277318
11605	17	0.020812378411967813
11605	18	-0.3858130255542136
11605	19	-0.28998281810717685
11605	20	-0.19226790752631473
11605	21	-0.20619720433919042
11605	22	-0.06671294379422932
11605	23	0.16480674542614082
11605	24	0.06556371933459815
11605	25	0.1567397217606441
11605	26	-0.043711425427261474
11605	27	-0.2677828331905374
11605	28	0.045877415760273266
11605	29	0.1777184889292016
11605	30	-0.07628509575188502
11605	31	-0.06016066205233983
11605	32	-0.3596899562430451
11605	33	0.1655101082166368
11605	34	-0.3264284908891355
11605	35	-0.26334374274507155
11605	36	-0.19714571258152347
11605	37	-0.33971882119976016
11605	38	-0.1185757998575454
11605	39	-0.24831054059088586
11605	40	-0.08686993790875874
11605	41	-0.3856640062143768
11605	42	0.2127762986537789
11605	43	0.03435664358409696
11605	44	-0.1312966628615584
11605	45	0.07152621492745226
11605	46	0.08189388605151748
11605	47	-0.019889840933345226
11605	48	0.041280723290419985
11605	49	-0.19572650261630997
11605	50	-0.31509312704134373
11605	51	-0.19587140234999367
11605	52	-0.1806697958833965
11605	53	-0.010798575940206945
11605	54	0.046034252757365834
11605	55	-0.20973018168849933
11605	56	0.10493871370957208
11605	57	0.12405190712849645
11605	58	0.2124145790499341
11605	59	-0.04530749662793454
11605	60	-0.17919084888938386
11605	61	-0.4204400486650073
11605	62	-0.06741716669687747
11605	63	-0.2403730796826551
11605	64	-0.04247167357505077
11605	65	-0.42008822302796744
11605	66	-0.43731048531977734
11605	67	-0.46234067764840603
11605	68	-0.0992076484376625
11605	69	0.032685346847394214
11605	70	-0.2143556617628164
11605	71	-0.45988126590729195
11605	72	-0.10447734782709261
11605	73	-0.09981424009222195
11605	74	0.009971789602928993
11605	75	0.17374525104609972
11606	1	-0.007491951211758163
11606	2	-0.40967690765030085
11606	3	0.09597584655637803
11606	4	-0.21924987680185382
11606	5	-0.07683076679806078
11606	6	-0.1930272499554775
11606	7	-0.13099276160700413
11606	8	0.39996504233423025
11606	9	-0.2535055012564911
11606	10	0.08135535740671429
11606	11	-0.06242516459896308
11606	12	0.11135711200302723
11606	13	0.008288070249911073
11606	14	-0.345440622236481
11606	15	0.44433298394088183
11606	16	0.17917421236118258
11606	17	-0.19334105078324626
11606	18	-0.002691742711483869
11606	19	-0.16072737882387855
11606	20	0.21319772523737157
11606	21	0.32141703943104716
11606	22	0.018696978663044206
11606	23	0.20628833843976935
11606	24	0.05147051749766263
11606	25	-0.08394385875580923
11606	26	-0.03566354467743338
11606	27	0.0728932189061311
11606	28	-0.3004675364342617
11606	29	0.33861587656753755
11606	30	-0.20197206405723733
11606	31	0.0822243413354471
11606	32	-0.03200795669474843
11606	33	-0.16778809249102977
11606	34	0.001170696041526753
11606	35	0.22485169503253388
11606	36	0.3209751938402192
11606	37	-0.18319544545632738
11606	38	0.1452651999166008
11606	39	-0.16172618464720045
11606	40	-0.0014675438712714595
11606	41	-0.08989497813337266
11606	42	-0.2585027798676407
11606	43	0.2924911011614526
11606	44	0.2162453080787401
11606	45	0.11517599283907032
11606	46	-0.14432007163875937
11606	47	-0.1470147374175781
11606	48	-0.11835941824386964
11606	49	-4.0287152941687054E-5
11606	50	0.2574883681028268
11606	51	0.05100053922947012
11606	52	0.05152925553571208
11606	53	-0.050390535587872876
11606	54	0.3487595407194206
11606	55	0.08093457777849267
11606	56	-0.3955581619962203
11606	57	-0.08421429779508571
11606	58	-0.37261139399832643
11606	59	-0.2881366767830187
11606	60	-0.11754814769236077
11606	61	0.273507101828109
11606	62	0.22749362152867292
11606	63	0.4438699377079942
11606	64	0.504430381683548
11606	65	0.14299240634792199
11606	66	0.6148614637881025
11606	67	0.2538303680491012
11606	68	0.5960946176166928
11606	69	-0.2877844265471694
11606	70	0.05906148797745203
11606	71	0.21260235977967312
11606	72	0.34396050506758513
11606	73	0.24834506127042033
11606	74	0.18758226916326493
11606	75	-0.6971875201652225
11607	1	-0.059498699220704054
11607	2	-0.26088331041227875
11607	3	-0.018779538119364503
11607	4	-0.16546981481432965
11607	5	0.15091453509687724
11607	6	-0.20101500938110917
11607	7	-0.107147181160542
11607	8	0.11399854698329648
11607	9	0.19690840278054367
11607	10	-0.04252553238887913
11607	11	0.004709677882104302
11607	12	-0.15461644521773366
11607	13	0.042279203680017474
11607	14	-0.3211320969902971
11607	15	-0.20692049795326994
11607	16	-0.224388108640035
11607	17	-0.24351955915940238
11607	18	-0.3099850849375443
11607	19	0.039861110328303084
11607	20	-0.23543501829905722
11607	21	0.02048722657059443
11607	22	-0.057767378510639844
11607	23	0.2611904530774538
11607	24	-0.37410129779520673
11607	25	-0.11984954356101696
11607	26	-0.4490026321269198
11607	27	-0.27737552447336355
11607	28	0.1534145303396386
11607	29	0.16835419505786575
11607	30	0.1736958711304908
11607	31	0.4245367113774279
11607	32	-0.36159326800550673
11607	33	-0.10742479852108744
11607	34	-0.06929107177988669
11607	35	-0.3445390225319045
11607	36	-0.20506348951338538
11607	37	0.03976347800085023
11607	38	-0.30403449799229776
11607	39	-0.4851205900769955
11607	40	-0.12326125880712624
11607	41	-0.31992361793877677
11607	42	-0.21996066366065037
11607	43	0.07508751530088631
11607	44	0.22325225225073808
11607	45	-0.08210911053885894
11607	46	-0.5191719685354599
11607	47	-0.13066258550890808
11607	48	-0.3414752721416292
11607	49	-0.7653115806520958
11607	50	0.11726317292058752
11607	51	-0.02700958278394694
11607	52	-0.23255407452823817
11607	53	-0.18396188008942715
11607	54	-0.05609745641659458
11607	55	0.08661545972756812
11607	56	-0.15067605598970601
11607	57	-0.058666022068301515
11607	58	-0.2942089458834545
11607	59	-0.4316417181734238
11607	60	0.06458532164734976
11607	61	-0.3994655530426243
11607	62	-0.27430715527700755
11607	63	0.04276357810188358
11607	64	0.06407571888783536
11607	65	0.17458250403712583
11607	66	0.09660653028738153
11607	67	-0.1843429616225194
11607	68	0.2570542472608537
11607	69	0.08422702937499338
11607	70	-0.06087260123750582
11607	71	0.2211236827032863
11607	72	-0.08019108973802247
11607	73	-0.283978686228501
11607	74	-0.33460377187404333
11607	75	-0.7115231159124065
11608	1	-0.16910825529130236
11608	2	-0.09675423214520507
11608	3	-0.2315090799271715
11608	4	-0.04159746680220877
11608	5	0.1493812849631624
11608	6	0.06905095603161726
11608	7	-0.288427266737294
11608	8	-0.08443254590313387
11608	9	0.22226051545660397
11608	10	-0.08624098968964944
11608	11	-0.09912344745217894
11608	12	0.27030778370007624
11608	13	-0.02108324952019558
11608	14	0.22502586343045294
11608	15	0.02599089445179459
11608	16	3.9349235835572927E-4
11608	17	-0.07354273619630902
11608	18	0.10313668364865691
11608	19	0.31046193043884074
11608	20	-0.12254502008190826
11608	21	-0.23182156287494138
11608	22	-0.21597739812197858
11608	23	-0.23273003185747143
11608	24	-0.05814479931063232
11608	25	0.24952111074455985
11608	26	0.09754755507222512
11608	27	-0.1445532745179392
11608	28	-0.17933640565608044
11608	29	0.06769454093056737
11608	30	-0.23300764108202543
11608	31	-0.14230229735853328
11608	32	-0.2952356284975721
11608	33	-0.2383215715644056
11608	34	-0.17825880221311508
11608	35	0.08106268900313296
11608	36	-0.5152435572616483
11608	37	0.37540262936472857
11608	38	-0.11672838282025566
11608	39	-0.05477650022140779
11608	40	-0.018857621795177693
11608	41	0.08210882991289026
11608	42	0.06518820423023897
11608	43	-0.05787736257396148
11608	44	-0.3973931390846204
11608	45	-0.1953913355344028
11608	46	-0.18064460180342223
11608	47	-0.26155935855223333
11608	48	-0.1516375113999615
11608	49	-0.27082058403950526
11608	50	-0.09436100251175361
11608	51	-0.41167708144681114
11608	52	0.14936783668588305
11608	53	-0.1927691541133143
11608	54	-0.13600474826897369
11608	55	-0.023243695202012304
11608	56	-0.2851741839982651
11608	57	-0.2959275660155356
11608	58	0.005880196566181439
11608	59	-0.3223174179416546
11608	60	0.13835961296487653
11608	61	-0.6856128163694208
11608	62	-0.1414849053215832
11608	63	-0.17249760927554547
11608	64	-0.06535911798147964
11608	65	-0.1707553458469917
11608	66	-0.06406382093387464
11608	67	0.048675401722100275
11608	68	-0.2362244120367052
11608	69	-0.15253531685428356
11608	70	-0.24678809419525294
11608	71	0.006967861701326683
11608	72	-0.09866140530228762
11608	73	-0.04083374060539313
11608	74	-0.03422937358557476
11608	75	-0.059713524184829225
11609	1	-0.09346374604615804
11609	2	-0.19756939550924812
11609	3	-0.008750779178281931
11609	4	0.041801035417954324
11609	5	0.1754333758903286
11609	6	0.19127906922665971
11609	7	0.11265961774809341
11609	8	-0.015011113071267346
11609	9	-0.31805362066905474
11609	10	0.015574902682274683
11609	11	0.1233366227976731
11609	12	0.021484137335171738
11609	13	-0.2047601002061299
11609	14	0.10974320719081021
11609	15	-0.017391702141750898
11609	16	0.0345972169259241
11609	17	-0.18371570988575314
11609	18	0.15048243220721247
11609	19	0.23861488954812415
11609	20	-0.09891853721359212
11609	21	0.09700075802108188
11609	22	0.07061548411011387
11609	23	-0.015750775445518173
11609	24	-0.08609893808722546
11609	25	0.003209227916009638
11609	26	-0.21045827699087027
11609	27	-0.03970868574465669
11609	28	-0.06024965371758384
11609	29	-0.14620962766907297
11609	30	0.019017012639224617
11609	31	-0.5728676098378216
11609	32	-0.23680896006361962
11609	33	0.09931511741432075
11609	34	-0.19822699095988838
11609	35	-0.4171147912805182
11609	36	-0.062463386276156996
11609	37	-0.055878436312248425
11609	38	0.045482499279287936
11609	39	0.21099326583333777
11609	40	-0.003793667921492272
11609	41	0.1078693176854415
11609	42	-0.07440355135329924
11609	43	0.23758290649622182
11609	44	-0.23939062069374017
11609	45	0.12553781815371678
11609	46	0.012529233440794485
11609	47	-0.24224727690334902
11609	48	0.4724396308891201
11609	49	0.334017377389344
11609	50	0.11477810544769085
11609	51	-0.025601132079721367
11609	52	-0.3028291279903712
11609	53	-0.17891800426905746
11609	54	-0.3942657330923538
11609	55	-0.03842694127531132
11609	56	0.1551863435383538
11609	57	-0.1395818837304219
11609	58	0.017338875073704685
11609	59	-0.1973522114998758
11609	60	0.04794938034508789
11609	61	0.07443755144819875
11609	62	-0.27957225372107786
11609	63	-0.493280961386354
11609	64	0.24428366815411096
11609	65	0.0775911317194442
11609	66	-0.07195036079734507
11609	67	-0.07949081207603115
11609	68	-0.3912976441925764
11609	69	-0.3967330768118629
11609	70	-0.06249490047797224
11609	71	0.2757066780576096
11609	72	-0.14347550829122468
11609	73	0.13343890834416783
11609	74	0.07609602902559232
11609	75	-0.004746329539720762
11610	1	-0.1086418338907933
11610	2	0.02898000742578688
11610	3	0.12164924145463019
11610	4	0.08905040998272895
11610	5	-0.29538394544152524
11610	6	-0.3215520245757233
11610	7	-0.13521906071372314
11610	8	-0.8202621898515048
11610	9	0.17250682087532
11610	10	-0.2518018801305075
11610	11	-0.594534060409714
11610	12	-0.08521382258538779
11610	13	-0.17591270640115653
11610	14	-0.2294232230570401
11610	15	-0.6029796112537582
11610	16	0.015034634716656115
11610	17	-0.019555082645148048
11610	18	-0.0986342211340343
11610	19	-0.27083756447916585
11610	20	-0.0814837243283364
11610	21	0.06588374360382687
11610	22	-0.18154452414304956
11610	23	0.041853743162796775
11610	24	0.03156025774492832
11610	25	0.11253788445535662
11610	26	-0.2163515532398037
11610	27	0.36860379974782376
11610	28	-0.12067830251958611
11610	29	-0.10607860866100083
11610	30	-0.326984070588793
11610	31	-0.1403630319098781
11610	32	-0.010375617273531645
11610	33	-0.3907939791219306
11610	34	-0.08278583345337154
11610	35	-0.4781753230938932
11610	36	-0.05343648611367513
11610	37	0.18314098441867088
11610	38	-0.24416493579150966
11610	39	0.29937951399571716
11610	40	0.15747835126711607
11610	41	-0.12312905747253211
11610	42	-0.5313323420065856
11610	43	-0.3205761216934988
11610	44	-0.3206456177277559
11610	45	-0.1405494074929976
11610	46	-0.16069698067727956
11610	47	-0.31501698778463094
11610	48	0.039083945231574546
11610	49	0.26261459710409696
11610	50	-0.09924969740480805
11610	51	-0.19308881680878187
11610	52	-0.25701116187993023
11610	53	-0.14544110023790324
11610	54	0.5421333074771084
11610	55	-0.12521413855176178
11610	56	-0.19165295184761533
11610	57	-0.056057266084124535
11610	58	0.18148660674264505
11610	59	-0.14442878540439352
11610	60	-0.14642557129651834
11610	61	-0.6491845567198595
11610	62	-0.2894115748981818
11610	63	-0.13897513000884487
11610	64	-0.1271474823887928
11610	65	-0.5571804877064395
11610	66	-0.32474225206188834
11610	67	-0.19941962852045947
11610	68	-0.5591464049281427
11610	69	-0.4577420263386003
11610	70	-0.20442356217554902
11610	71	0.017911304988722065
11610	72	-0.18499924903864695
11610	73	0.30981164194745503
11610	74	0.24834217969745254
11610	75	-0.25125807740550243
11611	1	-0.0353247008066262
11611	2	-0.17744110220323606
11611	3	-0.27645427285485624
11611	4	0.08149616336034882
11611	5	0.03450023158141491
11611	6	-0.07258545079636036
11611	7	-0.11525049271889998
11611	8	0.02412957443487329
11611	9	-0.135916428243128
11611	10	-0.02609234883716738
11611	11	0.4941028735170434
11611	12	-0.03617064980181084
11611	13	0.18192350379707278
11611	14	0.28404103294211325
11611	15	0.035974944405978704
11611	16	0.2955982977338607
11611	17	-0.22324240022726372
11611	18	0.1643644978136578
11611	19	0.25688335101100535
11611	20	0.08029205189691879
11611	21	0.09864302462973029
11611	22	0.06563253841720496
11611	23	-0.3103762123305458
11611	24	-0.02554562056830889
11611	25	-0.2592446271995783
11611	26	-0.01267744238255375
11611	27	-0.031104331632676008
11611	28	-0.10864037280577321
11611	29	-0.33149098864488735
11611	30	-0.4386139125042945
11611	31	-0.07413791007784454
11611	32	0.08464016476268199
11611	33	0.12845482236778594
11611	34	-0.005401029111006039
11611	35	-0.05003311308055913
11611	36	-0.23370828051137948
11611	37	0.016465513268762777
11611	38	-0.0028450557085690775
11611	39	0.10454070207268273
11611	40	-0.27136381516402963
11611	41	0.07849801103075293
11611	42	-0.057131679028998406
11611	43	-0.17232403172928912
11611	44	-0.044360933566579774
11611	45	0.3072047889438281
11611	46	0.19148014791660017
11611	47	-0.12641835335998763
11611	48	0.29912435780966007
11611	49	-0.4240360454030707
11611	50	0.20582564696054106
11611	51	-0.32184778087328425
11611	52	0.2565521445557053
11611	53	-0.022341217777750444
11611	54	-0.08412298222560821
11611	55	0.08077775251916819
11611	56	0.3235677985584928
11611	57	-0.2202564763219783
11611	58	-0.16728979019867296
11611	59	-0.036648703786838155
11611	60	-0.2497219698226445
11611	61	-0.4110276872419192
11611	62	-0.0017625039912800844
11611	63	0.33361431253529616
11611	64	-0.09170723621544141
11611	65	-0.23301482254974104
11611	66	-0.6681633220707397
11611	67	-0.2584206718517237
11611	68	-0.4957079020424757
11611	69	-0.16640167583211962
11611	70	-0.1486647697984651
11611	71	-0.5771771140342423
11611	72	-0.3664728553990102
11611	73	0.05642081533854082
11611	74	-0.22846020807840262
11611	75	-0.12262457722721365
11612	1	0.050729885401786134
11612	2	-0.16565511061238425
11612	3	-0.22904660500153184
11612	4	0.03235978573981413
11612	5	0.15203052062754807
11612	6	0.1907497870477357
11612	7	0.5464278207635758
11612	8	-0.01695658270191558
11612	9	-0.17172855558165168
11612	10	-0.0826856185891458
11612	11	-0.17638013971198063
11612	12	-0.3832164606106403
11612	13	0.1500449236830974
11612	14	-0.03560912308127229
11612	15	0.03406310860410855
11612	16	-0.37079001736011463
11612	17	-0.4025667384097744
11612	18	-0.2317737403673874
11612	19	0.1873174329635674
11612	20	0.045747156718256576
11612	21	0.004347766861521052
11612	22	-0.010665092664410736
11612	23	-0.1020666853817147
11612	24	-0.2787576512162815
11612	25	-0.15687717382346733
11612	26	-0.013021719327717562
11612	27	-0.034744877201760005
11612	28	-0.004632110159086267
11612	29	-0.16131562715409586
11612	30	-0.1504248092358651
11612	31	-0.05482910098307059
11612	32	-0.3632787909794146
11612	33	-0.26410147057526956
11612	34	-0.5349648961468532
11612	35	-0.14609370582290637
11612	36	0.10390287699165413
11612	37	-0.024078590805430622
11612	38	0.13673360791087674
11612	39	0.4288715595420314
11612	40	-0.04746660014476589
11612	41	0.15574789749260987
11612	42	0.14602101878374185
11612	43	-0.009935189232322728
11612	44	-0.05726033144817677
11612	45	0.0190376607995546
11612	46	-0.005995642821616798
11612	47	-0.10100045974888872
11612	48	0.16268081190362693
11612	49	0.20740449723599852
11612	50	-0.0775802042825191
11612	51	0.22849722857601762
11612	52	-0.32487301549645053
11612	53	0.16882038728531512
11612	54	0.3112388015684715
11612	55	0.31992570370509554
11612	56	0.3998434545159526
11612	57	0.6319827888298732
11612	58	-0.07126582266325698
11612	59	0.07771716738033518
11612	60	0.13340699485600283
11612	61	0.017589784446798262
11612	62	0.010946442814272928
11612	63	-0.29537234123929323
11612	64	0.4151416774809249
11612	65	0.12079200145880975
11612	66	-0.0034011661645578783
11612	67	-0.20937951976921454
11612	68	-0.11871732204569696
11612	69	0.019969352164189047
11612	70	0.2073102664604889
11612	71	0.22955899402477087
11612	72	0.30708667521233934
11612	73	-0.27841415147901927
11612	74	-0.003925714458510754
11612	75	-0.35523126645500724
12101	1	-0.16112383464865587
12101	2	-0.15764945506574435
12101	3	0.059653765666052294
12101	4	0.07653419056995503
12101	5	-0.16626593701317205
12101	6	-0.34308795990476426
12101	7	0.05399402505108952
12101	8	0.16702064225891178
12101	9	0.14580363899972326
12101	10	0.22496847595019887
12101	11	0.011991597840086854
12101	12	-0.32719597836064906
12101	13	-0.47928749253456715
12101	14	-0.11937235438548299
12101	15	0.023382532349764062
12101	16	-0.41725721136829463
12101	17	-0.2976907400911486
12101	18	-0.1738808136220058
12101	19	-0.0725129006372569
12101	20	0.20417888892048097
12101	21	-0.13190123004321208
12101	22	0.05957068248939379
12101	23	-0.01184543122603543
12101	24	-0.08987003609915689
12101	25	-0.06980850478758782
12101	26	-0.23643491815075635
12101	27	-0.13213109753879593
12101	28	-0.02597415609130138
12101	29	-0.17828226707155892
12101	30	0.0023704829036930164
12101	31	-0.12666982856150355
12101	32	0.0042362076831210516
12101	33	0.2599346026411311
12101	34	-0.1556038200644636
12101	35	0.11142473202340142
12101	36	-0.22560914104494856
12101	37	0.21859403711309966
12101	38	-0.21656609784784564
12101	39	0.021462029181677167
12101	40	0.31704866600984616
12101	41	-0.2855758061261753
12101	42	-0.6931016072241292
12101	43	-0.28065627142881766
12101	44	-0.11016644173133727
12101	45	0.33227087567211555
12101	46	-0.2509228467652136
12101	47	-0.09477171581522015
12101	48	0.043895225904925894
12101	49	0.387483980594169
12101	50	0.17508516313694855
12101	51	-0.1479787544573412
12101	52	-0.038522753736351945
12101	53	-0.06831133345296081
12101	54	-0.13684863012551318
12101	55	0.08491481295649805
12101	56	0.10600341477427122
12101	57	0.04231562539221301
12101	58	0.2892179558533101
12101	59	-0.2437891951096347
12101	60	-0.38678865648719096
12101	61	0.015564487339531752
12101	62	0.380028180748468
12101	63	-0.5925560318656125
12101	64	-0.02423315533653181
12101	65	0.19601459307484248
12101	66	0.09541804740875648
12101	67	0.4138578985501695
12101	68	0.2715918223618061
12101	69	0.3984133125753573
12101	70	-0.18198622939338804
12101	71	-0.43993544596147416
12101	72	0.2041977608480181
12101	73	0.47925713897915756
12101	74	0.2740176536487908
12101	75	0.33442061172146254
12102	1	-0.12986097985638878
12102	2	-0.03088406359447049
12102	3	-0.06306665117201149
12102	4	-0.30506460279354286
12102	5	0.21745818200506406
12102	6	-0.2006911410373604
12102	7	-0.14702064655181601
12102	8	-0.1496528802969621
12102	9	-0.20233841502468408
12102	10	-0.052557919223254146
12102	11	-0.055401793082715756
12102	12	-0.030815887862914337
12102	13	-0.19826459386460726
12102	14	-0.034907799332692946
12102	15	-0.08980819848802923
12102	16	-0.05547193781831794
12102	17	-0.02475779068760886
12102	18	-0.2665038768333048
12102	19	-0.23835686059886285
12102	20	-0.3316088527496106
12102	21	-0.30261287134308645
12102	22	-0.003914851584376322
12102	23	0.08907325792795007
12102	24	0.012145595328235004
12102	25	0.07862149658359385
12102	26	0.00646923651810738
12102	27	0.3597789531947839
12102	28	-0.07581647063949504
12102	29	-0.4263283386470391
12102	30	0.08985162920836842
12102	31	-0.4423835266281415
12102	32	0.19195045422090118
12102	33	-0.2322496836608039
12102	34	-0.10898377344442167
12102	35	-0.6641820141715797
12102	36	-0.1869419259071492
12102	37	-0.3518159450615883
12102	38	-0.15184650371648445
12102	39	0.1344470833432041
12102	40	-0.4168742737954503
12102	41	0.10856926448948201
12102	42	0.08559028911482613
12102	43	-0.034598407723898106
12102	44	-0.12888301927144852
12102	45	-0.37443418397412387
12102	46	-0.38557251082664123
12102	47	0.051464401009127414
12102	48	-0.3074690960476332
12102	49	-0.12766753455734658
12102	50	-0.0983276985112127
12102	51	0.08135073957803485
12102	52	0.10483388962029494
12102	53	-0.3443294330004747
12102	54	-0.03970068003638971
12102	55	0.10349427271242462
12102	56	-0.14889854601004515
12102	57	0.2686970870677925
12102	58	-0.21318160536978326
12102	59	0.005422377631347786
12102	60	0.12184976391593949
12102	61	0.17496391144483425
12102	62	-0.7884895760045865
12102	63	0.019332080022500975
12102	64	-0.33789008664052034
12102	65	0.07199155728710593
12102	66	0.24768734673688186
12102	67	0.1938524138388047
12102	68	0.07763871664399602
12102	69	0.365984956617595
12102	70	-0.5601570781524714
12102	71	0.13013174175276987
12102	72	-0.10616834363573702
12102	73	0.0642701651686508
12102	74	0.018224427267327314
12102	75	0.1780377788680383
12103	1	-0.017624059569932626
12103	2	-0.23060573854834487
12103	3	-0.05135510850071512
12103	4	-0.08287365304841288
12103	5	-0.15618537430103174
12103	6	-0.21218377636900243
12103	7	-0.06453948821926758
12103	8	-0.15764299819419847
12103	9	0.06319618797122217
12103	10	-0.1961454977953565
12103	11	-0.2545605634489192
12103	12	0.18580856095967846
12103	13	0.09683813622264381
12103	14	-0.17241288111021902
12103	15	-0.29931815877198176
12103	16	0.22632435326590183
12103	17	-0.3905832277204766
12103	18	-0.23186960845290372
12103	19	-0.5682189489748879
12103	20	-0.2455000870742836
12103	21	-0.25468780019820514
12103	22	-0.012342784160914277
12103	23	-0.49229772746780753
12103	24	0.42184631772246206
12103	25	-0.19263596972031394
12103	26	-0.08281368558215263
12103	27	-0.43432305762549817
12103	28	-0.34127289244266734
12103	29	-0.13399322278251447
12103	30	-0.1609223645996849
12103	31	-0.22489908468549658
12103	32	-0.3251712269874716
12103	33	-0.5557321867098679
12103	34	-0.11376846243963712
12103	35	0.04775156308707551
12103	36	-0.03548931934618338
12103	37	-0.10968879116972374
12103	38	-0.05102403756894347
12103	39	-0.41515106532614965
12103	40	-0.3852577994545143
12103	41	-0.24502863400005737
12103	42	-0.5124489265714516
12103	43	0.25518800125755803
12103	44	0.11046088415914568
12103	45	-0.7281102636563972
12103	46	-0.2139335203022057
12103	47	-0.06902845322985485
12103	48	-0.4791080865720687
12103	49	0.0025823325346294723
12103	50	-0.3662390097661756
12103	51	0.07381407259864403
12103	52	-0.012390990762483511
12103	53	-0.21493955902855788
12103	54	-0.4233983377278534
12103	55	-0.3062846308745222
12103	56	-0.14200296481105568
12103	57	-0.15864131240682866
12103	58	0.0434403416546445
12103	59	-0.09738589081159432
12103	60	0.16839884606873312
12103	61	-0.29695340412573046
12103	62	-0.02131316796130278
12103	63	-0.003262284677127525
12103	64	0.3037429621132688
12103	65	-0.1694006933930723
12103	66	0.36583476519389535
12103	67	0.12855548166880482
12103	68	0.2107812878670643
12103	69	-0.11812862501921018
12103	70	0.5526271104831153
12103	71	-0.07290481577295083
12103	72	-0.26989539745567015
12103	73	0.2990951956593193
12103	74	-0.19062881099767282
12103	75	-0.06379228649143442
12104	1	0.005733047341756503
12104	2	0.10966878554626192
12104	3	-0.19945408988097313
12104	4	-0.11537577878808492
12104	5	-0.23655568682814732
12104	6	-0.5093361528591913
12104	7	0.023483487122156532
12104	8	-0.18119098785182786
12104	9	0.048966746910608094
12104	10	-0.2743640411864732
12104	11	-0.18681454161887245
12104	12	-0.039424402755244614
12104	13	-0.04106597122699185
12104	14	0.12180684228332694
12104	15	-0.256178658190656
12104	16	-0.3310792943298395
12104	17	-0.21255036118222392
12104	18	-0.027885364955935188
12104	19	-0.043074485442168964
12104	20	-0.053732339317157596
12104	21	-0.38352497721592016
12104	22	0.09348434548317641
12104	23	-0.22191231785078713
12104	24	-0.5403068396516915
12104	25	-0.17624608303525235
12104	26	-0.08624089852053629
12104	27	-0.012862631089326726
12104	28	-0.3458540783451056
12104	29	0.05097215802856425
12104	30	0.27278058714168907
12104	31	2.2108467955916922E-4
12104	32	-0.08694956006051058
12104	33	-0.6800749427096591
12104	34	-0.37146016945197147
12104	35	-0.0889031300255283
12104	36	-0.1407177712871146
12104	37	0.14270158139868983
12104	38	-0.45935693707784964
12104	39	-0.5086922873227877
12104	40	-0.4252130287741025
12104	41	-0.4582359847210711
12104	42	-0.1924687089651158
12104	43	-0.03682789406928322
12104	44	0.038741030618268724
12104	45	0.1516769888467735
12104	46	-0.30277208555807533
12104	47	0.07532228513931472
12104	48	0.21062068639893283
12104	49	0.09434487439868633
12104	50	0.21805307554105724
12104	51	0.07677275516063276
12104	52	0.4011651547942847
12104	53	-0.030503444013028513
12104	54	0.14999607808417892
12104	55	0.13758716533211413
12104	56	0.1612142771067937
12104	57	-0.028181632048664085
12104	58	-0.20916694312506223
12104	59	-0.1269900694084285
12104	60	-0.008896518951132748
12104	61	-0.27687600984874194
12104	62	0.12433036718715584
12104	63	0.18375074740853137
12104	64	-0.1225502684904427
12104	65	-0.3178987932421009
12104	66	-0.050992416509124894
12104	67	0.1825145633492653
12104	68	0.05462184871527853
12104	69	0.3734985636250059
12104	70	6.896506118749812E-4
12104	71	0.0809640304276158
12104	72	0.36130178442088123
12104	73	0.33332394260085607
12104	74	-0.21173003091195142
12104	75	0.2449779080354304
12105	1	-0.32162279514761494
12105	2	0.05921566179937088
12105	3	0.14132704733933465
12105	4	-0.03006821603245058
12105	5	0.03915206840483165
12105	6	0.08075126393445942
12105	7	-0.09458532352825699
12105	8	0.08624826148653142
12105	9	-0.38314488994880236
12105	10	-0.2755670245853068
12105	11	-0.21523702938854683
12105	12	-0.1605167116813817
12105	13	-0.28410069734777466
12105	14	-0.1730925081056398
12105	15	0.1660524750197041
12105	16	0.0034383093272296605
12105	17	-0.0737822161826287
12105	18	-0.33175897150016453
12105	19	0.01001718189282741
12105	20	-0.22199763725604527
12105	21	-0.1872782854202697
12105	22	-0.17211834919963565
12105	23	-0.1000581194387209
12105	24	-0.2263281725572952
12105	25	-0.09190892688801
12105	26	-0.1518195335353667
12105	27	-0.03805310346080404
12105	28	-0.13790636802350775
12105	29	-0.162822051611343
12105	30	-0.024933744400534863
12105	31	-0.016917418809093476
12105	32	-0.2867169832700682
12105	33	-0.8561115134049828
12105	34	0.13303096857032415
12105	35	-0.26334374274507155
12105	36	0.08123266579685406
12105	37	-0.08566476714570115
12105	38	0.08142420014245744
12105	39	0.10844621616586636
12105	40	-0.08146453250335384
12105	41	-0.1478261683765396
12105	42	0.07493846081593603
12105	43	-0.14402173479427915
12105	44	-0.6258912574561535
12105	45	-0.28252783912660107
12105	46	-0.388376384218752
12105	47	-0.07394389498740139
12105	48	0.26019964220934355
12105	49	0.02319241630260649
12105	50	-0.2150931270413423
12105	51	-0.5201957266743165
12105	52	-0.13742655264015013
12105	53	0.23514737000574115
12105	54	-0.44045223372911835
12105	55	-0.41513558709389997
12105	56	0.09412790289876227
12105	57	-0.5137859307093393
12105	58	0.02592809256344708
12105	59	-0.01828046960091001
12105	60	0.031619961921428796
12105	61	0.28496535674040047
12105	62	-0.345795545075255
12105	63	0.15422151491193858
12105	64	-0.5181473492507251
12105	65	-0.0471152500550005
12105	66	5.273525180626848E-4
12105	67	-0.5163947317024622
12105	68	-0.4127211619511755
12105	69	-0.326774112612064
12105	70	0.06402271661556114
12105	71	-0.3463677523937818
12105	72	0.036063192713449155
12105	73	-0.25116559144357353
12105	74	-0.1440822644511286
12105	75	-0.9127412354403859
12106	1	-0.00796449398931287
12106	2	-0.04070390062019058
12106	3	0.14361147462376067
12106	4	0.22800771704348222
12106	5	-0.07791678616402109
12106	6	-0.007923124739932064
12106	7	0.3449738785309435
12106	8	0.35389626663453555
12106	9	0.20678432498041133
12106	10	-0.04921567323395237
12106	11	0.03590518425367151
12106	12	-0.24479920846388126
12106	13	-0.2524726407197164
12106	14	0.1162253812122529
12106	15	-0.1170395455723181
12106	16	-0.27252694163802715
12106	17	0.0338110914106835
12106	18	0.06125904651785419
12106	19	-0.16236055298490726
12106	20	-0.03909866685707186
12106	21	0.020009359367378465
12106	22	0.16502772544644273
12106	23	-0.13353624041684498
12106	24	0.35073102950190815
12106	25	0.10268566770658794
12106	26	0.23448999027415596
12106	27	-0.1651605680682664
12106	28	-0.1360723911895363
12106	29	0.24100677721748553
12106	30	0.20452249755570762
12106	31	0.05914435725267708
12106	32	-0.010478244531327618
12106	33	-0.3226494799429531
12106	34	-0.3376093145699599
12106	35	0.0023254979241684737
12106	36	0.06940834147253128
12106	37	-0.09877609275702781
12106	38	-0.03593422971597704
12106	39	0.10500348772313828
12106	40	0.14701037097155023
12106	41	0.08407537602500526
12106	42	-0.12852035514287508
12106	43	-0.008178748951294779
12106	44	0.07056948900459048
12106	45	0.19565748905872482
12106	46	-0.18871422205658916
12106	47	-0.07445869550220152
12106	48	0.29924404375374536
12106	49	0.31659653470672566
12106	50	0.2739030119547934
12106	51	0.5368988679202786
12106	52	0.41868670347310655
12106	53	0.46478057463894373
12106	54	0.11315136987448682
12106	55	0.15711344765513502
12106	56	-0.2002736415027826
12106	57	0.3567095647861578
12106	58	-0.28916199752664795
12106	59	0.03722146090102285
12106	60	0.4353683531698209
12106	61	1.0117349835100242
12106	62	0.4289792296995145
12106	63	0.43194030513072335
12106	64	-0.021236152339525916
12106	65	0.056633141193394465
12106	66	0.3004630024537107
12106	67	-0.021977099784827203
12106	68	-0.27240584663586276
12106	69	0.03250838417043411
12106	70	-0.1301214275285858
12106	71	0.48014447411844685
12106	72	0.2642002583505132
12106	73	0.09326812799014306
12106	74	0.338141030272169
12106	75	-0.451689111888264
12107	1	0.12973543330985038
12107	2	-0.09284403148169673
12107	3	-0.021646613344248777
12107	4	-0.06220493290199158
12107	5	0.1554301785760721
12107	6	0.06423245504923614
12107	7	0.2546203707156067
12107	8	-0.23259500926513255
12107	9	0.034983161767030424
12107	10	-0.05653119486245117
12107	11	-0.028276022580207893
12107	12	-0.31084337422178265
12107	13	0.12389049995640278
12107	14	-0.2292853421610701
12107	15	-0.0858009050779458
12107	16	0.01568643531581415
12107	17	-0.012899195757618998
12107	18	-0.1610691977569516
12107	19	0.06757856006488794
12107	20	0.25327228915892164
12107	21	0.04166057710637716
12107	22	-0.02651625855937567
12107	23	-0.056223445069697675
12107	24	0.30506581685196466
12107	25	-0.011818149087304164
12107	26	0.07184458860203335
12107	27	-0.2631476636698693
12107	28	0.02754992796713651
12107	29	-0.38590161972907566
12107	30	0.21004321729398612
12107	31	-0.17204430141689642
12107	32	-0.04339809185957222
12107	33	-0.16688793868522822
12107	34	0.1910393586397845
12107	35	0.24301070330403007
12107	36	0.14240452467863918
12107	37	-0.1279245842146821
12107	38	-0.14414488038845974
12107	39	0.19792424381183338
12107	40	-0.5523262338994073
12107	41	0.16229693182290106
12107	42	-0.022627043619792175
12107	43	-0.13876762572337498
12107	44	0.07465891103294808
12107	45	0.02308387946221302
12107	46	-0.08168495997007597
12107	47	-0.5473776340699956
12107	48	0.15327439635279916
12107	49	-0.13437583897557204
12107	50	-0.013174414435610515
12107	51	0.07745230303478223
12107	52	-0.35375967966029975
12107	53	-0.5426258230346264
12107	54	-0.8162379431026139
12107	55	-0.4232436952020109
12107	56	-0.3559443067154362
12107	57	0.20817266911185328
12107	58	-0.27484902042741055
12107	59	0.013457375114036552
12107	60	-0.13431085439106738
12107	61	-0.10258708119371818
12107	62	-0.3191123733539172
12107	63	-0.26137576175404575
12107	64	0.15651739182622748
12107	65	0.11926945526100496
12107	66	-0.2570615340784599
12107	67	-0.3525614327546549
12107	68	-0.08442874739922246
12107	69	-0.3464220047790434
12107	70	-0.062055269767768095
12107	71	-0.21414851025087245
12107	72	0.1757097094591984
12107	73	-0.20639563064307964
12107	74	-0.03201982032761208
12107	75	0.2971067805144969
12108	1	-0.11256345647933941
12108	2	0.059472343061639066
12108	3	0.10593523094193102
12108	4	-0.03692311562478068
12108	5	0.06691894142310062
12108	6	0.12203165046624065
12108	7	0.1395834821489288
12108	8	0.549044577355474
12108	9	-0.1229908811914413
12108	10	0.2713150530230308
12108	11	0.05477655961946226
12108	12	-0.0446628690118942
12108	13	0.016714643132374363
12108	14	-0.050308271354921885
12108	15	-0.28066351471304074
12108	16	0.1796877431185635
12108	17	0.06586748938886444
12108	18	0.05590522901319872
12108	19	0.31916711394778474
12108	20	0.32823639565955176
12108	21	0.12111670174567024
12108	22	0.24485281190560215
12108	23	0.011099966021035357
12108	24	0.2748797392651454
12108	25	0.42670801407530234
12108	26	0.0727614720512193
12108	27	0.25421626087560156
12108	28	0.2568845122422303
12108	29	-0.21127441458884277
12108	30	0.1264931014397206
12108	31	-0.2365459859236978
12108	32	0.1935487573308663
12108	33	-0.11581255522892775
12108	34	-0.262107186344366
12108	35	-0.06015787531339356
12108	36	0.4636122520870529
12108	37	0.301546466434246
12108	38	0.20078098709700498
12108	39	0.3062870737832597
12108	40	-0.030264170129804313
12108	41	0.26648758671934303
12108	42	0.7007726749183121
12108	43	0.2979532010354049
12108	44	0.545496331249872
12108	45	0.41612835897093703
12108	46	0.08328298464731887
12108	47	0.23134071923576016
12108	48	0.12870334143929796
12108	49	0.3451613125731754
12108	50	0.2988431556100224
12108	51	0.18668937071357306
12108	52	0.20386893278941187
12108	53	0.28590986434365107
12108	54	-0.06515403049795765
12108	55	0.5097171986527371
12108	56	0.26640632657382923
12108	57	0.08133712530757009
12108	58	0.054646196141881376
12108	59	-0.11212011930648202
12108	60	0.10358130874310945
12108	61	0.07385256797397943
12108	62	0.17572038426190062
12108	63	0.029489520347539155
12108	64	0.20741508469159697
12108	65	-0.3226399367528714
12108	66	0.2594281527596465
12108	67	0.1095904713777145
12108	68	-0.06407251330252706
12108	69	0.5551374078469422
12108	70	0.42527894491089313
12108	71	-0.1414304128195738
12108	72	0.12707934853407465
12108	73	0.21554133895050853
12108	74	0.6740515117832047
12108	75	0.19101839010694732
12109	1	-0.07335520641005289
12109	2	-0.03351597322991395
12109	3	0.08665200676351148
12109	4	-0.037922284199833456
12109	5	-0.08752918203621007
12109	6	0.09160441473539294
12109	7	-0.349768443985532
12109	8	-0.12977742477414012
12109	9	0.1684746146733147
12109	10	-0.1304819917718092
12109	11	0.021133022125113143
12109	12	-0.370304306064277
12109	13	-0.01103598772953518
12109	14	0.11467123474948693
12109	15	-0.14007976688277068
12109	16	-0.31276379355895045
12109	17	-0.09182610863905438
12109	18	-0.131843651480402
12109	19	0.1780363760216801
12109	20	0.13640332245039843
12109	21	-0.26610123369491134
12109	22	0.06013060994227715
12109	23	0.14638884972364963
12109	24	0.11274458165906509
12109	25	-0.04352843151012564
12109	26	0.2082326857857808
12109	27	-0.04702212470136402
12109	28	-0.22936780334917728
12109	29	9.066901852889941E-4
12109	30	-0.5731801631430358
12109	31	0.21766729645447214
12109	32	-0.21734290945735069
12109	33	0.3111314475716611
12109	34	0.2415977599047423
12109	35	-0.04720514984408197
12109	36	0.23863157907044297
12109	37	-0.12549964118423418
12109	38	-0.2985772111905476
12109	39	0.04670745390491504
12109	40	0.3025027245709495
12109	41	-0.3014850491894663
12109	42	0.14856064697076476
12109	43	-0.05197459627194689
12109	44	0.15116752456346205
12109	45	0.20712708995391438
12109	46	-0.10402101056833857
12109	47	0.15107903917391496
12109	48	0.025861910221479434
12109	49	0.3446799612888469
12109	50	0.22793135958627886
12109	51	0.2315790245782452
12109	52	0.06744960288875035
12109	53	-0.23444546042259873
12109	54	0.12250733158031579
12109	55	0.24777458156039245
12109	56	0.5584917445471973
12109	57	0.26717518706639964
12109	58	0.3140799519946782
12109	59	0.18879736541425984
12109	60	0.37084796276823084
12109	61	0.5226761746078736
12109	62	-0.14630362495670823
12109	63	0.019213399747165738
12109	64	0.1622774619834857
12109	65	0.6069952573192197
12109	66	0.42395548038483355
12109	67	0.5314000604787523
12109	68	0.28057500627971876
12109	69	-0.11646432501768089
12109	70	0.4049090337420864
12109	71	-0.13243789564408104
12109	72	0.21456859106218928
12109	73	0.07562856563778553
12109	74	-0.19817160183028193
12109	75	-0.13704438976964894
12110	1	-0.11054749966865174
12110	2	0.10278124573192571
12110	3	0.33173947811873816
12110	4	-0.23229154027412235
12110	5	-0.03769725798577994
12110	6	0.11680383026225627
12110	7	0.35745203493112143
12110	8	0.044782024607449955
12110	9	0.17822381820889177
12110	10	-0.009842584548934497
12110	11	0.20259915542011697
12110	12	0.19892621748631711
12110	13	-0.17662074032652697
12110	14	-0.05786810939500242
12110	15	0.15821711672563055
12110	16	-0.1820398293619192
12110	17	0.3341605890078867
12110	18	0.21836913826097515
12110	19	-0.011885454688709274
12110	20	0.011005090242093729
12110	21	0.33780643232500296
12110	22	-0.3028894873102246
12110	23	0.16017826373344235
12110	24	0.1902351797858728
12110	25	-0.08385867480105702
12110	26	0.022798203467687017
12110	27	0.34273043236860445
12110	28	0.19502197316170822
12110	29	0.058667327676204195
12110	30	0.4399145901725703
12110	31	0.06744492518627254
12110	32	-0.3592932292408122
12110	33	0.44515305391463045
12110	34	0.2760593180206925
12110	35	-0.11481080613874184
12110	36	0.21409488581503666
12110	37	0.24250285001274108
12110	38	0.0565461110441845
12110	39	0.46383922385245313
12110	40	0.5493148707531148
12110	41	0.4444128596423056
12110	42	0.562474620829164
12110	43	0.2300257071430707
12110	44	0.3657857406428633
12110	45	0.5821799879665477
12110	46	0.05574296448775584
12110	47	0.27940762166686284
12110	48	0.5035090066196233
12110	49	0.7939337998880234
12110	50	0.4769392723305046
12110	51	0.3765395407031562
12110	52	-0.03347581290959312
12110	53	-0.2563312645921627
12110	54	-0.035931198932857455
12110	55	0.277062115195541
12110	56	0.15938122961997436
12110	57	0.14073097151398173
12110	58	-0.29718952046242464
12110	59	0.32790516557555094
12110	60	0.17070583678712126
12110	61	0.12903511457162864
12110	62	0.5696520125741316
12110	63	0.24160063715344648
12110	64	-0.1273960474902509
12110	65	-0.11475720393548272
12110	66	-0.06050248465856356
12110	67	0.04767667915793794
12110	68	0.19280822064242642
12110	69	0.46607653620188927
12110	70	0.3568816305753941
12110	71	0.19180895642512752
12110	72	0.11585491103727463
12110	73	0.04406541938376307
12110	74	0.3802172644355579
12110	75	0.23029537915586218
12111	1	-0.08284783928723272
12111	2	-0.14651569770083128
12111	3	0.35714940235767045
12111	4	-0.11785851889813159
12111	5	0.005999820679718937
12111	6	0.3550823789690938
12111	7	0.047938104422307504
12111	8	-0.1690009575817797
12111	9	0.301154987818407
12111	10	-0.022205622982696127
12111	11	-0.07340625388942357
12111	12	-0.020926870584005997
12111	13	0.02675085772489183
12111	14	0.029841078747544714
12111	15	0.0709689492829142
12111	16	-0.10768487415776917
12111	17	0.06779051232477684
12111	18	0.29848685221299576
12111	19	0.15764722399522668
12111	20	0.28814768394455115
12111	21	0.1947670765245917
12111	22	-0.15363403574044554
12111	23	0.04352465931993521
12111	24	-0.3084278601846222
12111	25	0.21323843152568145
12111	26	0.08034127048473039
12111	27	0.19442007323348065
12111	28	-0.19682257065830555
12111	29	0.3224556884402716
12111	30	-0.028682216490715007
12111	31	0.3904437111650978
12111	32	0.3468291256529241
12111	33	0.028989668178610373
12111	34	-0.19509615352664866
12111	35	0.054760290936847866
12111	36	-0.049624321844049746
12111	37	-0.09014663594918204
12111	38	0.17513600239696814
12111	39	0.0885222721213168
12111	40	-0.12946127296240917
12111	41	0.12162921665673565
12111	42	0.18520601480208398
12111	43	0.17374276337222483
12111	44	0.27151469120607885
12111	45	-0.04285650950552622
12111	46	0.03207723522984196
12111	47	0.1931890671204357
12111	48	-0.10954095265687869
12111	49	-0.019398918751043936
12111	50	-0.20832957957427567
12111	51	-0.010525755195295972
12111	52	0.39583434644989524
12111	53	-0.36553170102509114
12111	54	0.29112456920447016
12111	55	-0.01118339369447341
12111	56	-0.07985009519984487
12111	57	-0.46468909518034707
12111	58	0.3048497277664879
12111	59	-0.4226672684600672
12111	60	-0.31958199380314056
12111	61	-0.03157681357061648
12111	62	0.05376984946501295
12111	63	0.02824025727238677
12111	64	0.03439916711488422
12111	65	-0.15309107512629794
12111	66	-0.2907669568666975
12111	67	-0.31682933716219
12111	68	-0.006283568578908216
12111	69	-0.3502835516993912
12111	70	-0.29301924997414375
12111	71	0.0694002769420905
12111	72	-0.002535204678920877
12111	73	0.019715842754443713
12111	74	-0.05634628726791391
12111	75	0.09896594913112011
12112	1	-7.084924151321559E-4
12112	2	-0.07034282230456768
12112	3	0.23299557537149695
12112	4	0.17994593034533324
12112	5	0.03377644484739051
12112	6	0.1288340574717992
12112	7	0.14045302060099374
12112	8	-0.011830809319810953
12112	9	0.2949877881838745
12112	10	-0.009615122269764242
12112	11	0.1942335982638994
12112	12	0.11802546686079296
12112	13	0.21747029513230842
12112	14	0.01921632965774478
12112	15	-0.026204244509742125
12112	16	0.14684535273426746
12112	17	-0.09743644892776615
12112	18	-0.17324508571354613
12112	19	0.11693401608238929
12112	20	0.26626831464627543
12112	21	-0.0289133088734701
12112	22	-0.019471487461864
12112	23	0.02587442467564216
12112	24	-0.04197853366220272
12112	25	-0.03505537912536738
12112	26	0.23082509456380507
12112	27	0.004974221384699717
12112	28	-0.17685357969799753
12112	29	0.05057977997230978
12112	30	0.10557031337624778
12112	31	-0.19193789382956794
12112	32	0.18012092902238663
12112	33	0.05417066960447414
12112	34	0.0810988711836842
12112	35	-0.25411881533833025
12112	36	-0.10948284310047285
12112	37	-0.012810921564586408
12112	38	0.03094396784403841
12112	39	-0.15124405261531138
12112	40	-0.3782257565373044
12112	41	-0.2533655920977793
12112	42	-0.38159493208109296
12112	43	-0.5747863837407508
12112	44	-0.06333448580847545
12112	45	-0.3337600630860962
12112	46	-0.09177896034859856
12112	47	0.10421111953125006
12112	48	-0.382254382062861
12112	49	-0.38662070260141945
12112	50	0.006193448790689615
12112	51	0.014343771501543756
12112	52	0.009792567306242006
12112	53	-0.41287585983567254
12112	54	-0.02941061359658903
12112	55	0.05058550589991739
12112	56	-0.026227990184409578
12112	57	-0.23041164733505326
12112	58	-0.1875779754880753
12112	59	0.17727458959051745
12112	60	-0.4940147637132952
12112	61	-0.12620283624597306
12112	62	-0.3974670512922174
12112	63	-0.22997921474333793
12112	64	-0.6296580334886812
12112	65	-0.2956149894638287
12112	66	-0.23918674174148435
12112	67	-0.3038789100957331
12112	68	-0.23762623231078805
12112	69	-0.48079838481815784
12112	70	-0.43797266719800376
12112	71	-0.07121325905747256
12112	72	0.009453111557910177
12112	73	-0.4624678027457847
12112	74	-0.26317242899583704
12112	75	-0.4738014692278938
12201	1	-0.1620080079466213
12201	2	0.022822371957804677
12201	3	-0.1850010048507862
12201	4	0.20604548387435173
12201	5	0.2021530003712826
12201	6	-0.012849233114316405
12201	7	-1.6158944935540376E-4
12201	8	0.11569840128149878
12201	9	0.005019136146259484
12201	10	-0.18283636288912675
12201	11	0.07705871463134173
12201	12	0.377429855575528
12201	13	0.12088532315549116
12201	14	0.1638444288312968
12201	15	-0.14772509565441538
12201	16	0.2740658334030286
12201	17	0.1421854756471319
12201	18	0.13453490858682216
12201	19	0.3502625997244522
12201	20	0.23050313938266243
12201	21	0.198478160681006
12201	22	0.13824201116072743
12201	23	-0.10592950806873347
12201	24	-0.24224926606459718
12201	25	-0.279498240339386
12201	26	-0.17078505077675032
12201	27	0.12476143521580241
12201	28	-0.5106618821583382
12201	29	-0.4845679354261918
12201	30	-0.09422544989913462
12201	31	-0.07673413207408686
12201	32	-0.5543000836117926
12201	33	0.2881879584806981
12201	34	-0.14477269716437746
12201	35	-0.12677959238781966
12201	36	0.13621868630011846
12201	37	0.011958718408820346
12201	38	-0.05697281756491179
12201	39	-0.23346120850018082
12201	40	0.08646028886974477
12201	41	0.10675599999873242
12201	42	0.20594187802625186
12201	43	0.3313122198500196
12201	44	0.01104567948078028
12201	45	-0.07979407087559309
12201	46	0.20711911127674654
12201	47	-0.296544081380695
12201	48	-0.006482557231478836
12201	49	-0.18853482818325773
12201	50	-0.3779853295887179
12201	51	0.03187013228809121
12201	52	-0.03205221278305004
12201	53	-0.1413360099259151
12201	54	-0.4845497795508038
12201	55	-0.21347358025948182
12201	56	-0.2696496677753615
12201	57	-0.003922619121887294
12201	58	-0.04059877913584131
12201	59	-0.36240908097089886
12201	60	-0.58649125274151
12201	61	-0.30764104276254756
12201	62	0.08702520671101155
12201	63	0.2633237205658645
12201	64	-0.21294386990931713
12201	65	-0.30430692448805274
12201	66	0.038147731517753414
12201	67	-0.23472340520354606
12201	68	0.13132978554804708
12201	69	-0.26357125458162045
12201	70	-0.026673151666514627
12201	71	0.02530046755030213
12201	72	-0.032700398463937574
12201	73	-0.010795911418725268
12201	74	-0.10346406003981912
12201	75	0.1095793610181417
12202	1	0.25620077622434323
12202	2	0.21846905008501594
12202	3	0.2020704887279372
12202	4	0.11480774497254131
12202	5	0.09127222375079214
12202	6	-0.031034422044776022
12202	7	0.023239833006577726
12202	8	-0.20511260084207095
12202	9	0.1512927735211207
12202	10	0.3514441508129664
12202	11	0.038008591599016484
12202	12	-0.1713195966778187
12202	13	0.08248406923699747
12202	14	0.12327746890949953
12202	15	-0.16527826921426225
12202	16	0.1419577672015251
12202	17	-0.1747491655366744
12202	18	0.06651320096555935
12202	19	0.1250207485092929
12202	20	-0.061555376813785756
12202	21	-0.06197116011314563
12202	22	0.18687348721155672
12202	23	-0.07756465823558756
12202	24	0.041643611543520365
12202	25	0.03523698735467917
12202	26	0.10712474798955895
12202	27	-0.16920155396409342
12202	28	-0.5333807280140022
12202	29	-0.04992675161926741
12202	30	0.03154560885300839
12202	31	0.24012466726524906
12202	32	0.19229546025850652
12202	33	0.03728628321862004
12202	34	0.1637434992828517
12202	35	0.1996268524835827
12202	36	0.32435702182444004
12202	37	0.012337927631186574
12202	38	-0.06369746110824082
12202	39	0.22207861689503972
12202	40	-0.2846507098830813
12202	41	-0.252565805374239
12202	42	-0.3975906665518991
12202	43	0.19043178030439378
12202	44	-0.21867084055831754
12202	45	0.4856658677767811
12202	46	0.3884485345416522
12202	47	-0.21996909907712592
12202	48	-0.10055172499363607
12202	49	0.11280167365379867
12202	50	0.188544821757894
12202	51	0.14888567143933784
12202	52	0.006593420412080775
12202	53	0.04966746194518379
12202	54	-0.2473080631655904
12202	55	0.06942492649886844
12202	56	0.4803924665826784
12202	57	0.2524818033003271
12202	58	-0.011180570351669417
12202	59	-0.2639410862292664
12202	60	-0.24083783311701268
12202	61	-0.13873282824810929
12202	62	0.002781771243995479
12202	63	0.032528560960919606
12202	64	-0.12597012804124574
12202	65	-0.1459660069702693
12202	66	0.3379926770801589
12202	67	0.5896605904818912
12202	68	0.08548760399952471
12202	69	0.03417539995034957
12202	70	-0.002799824400526063
12202	71	0.30530855734704687
12202	72	0.4478251012495491
12202	73	-0.18974053001851132
12202	74	-0.2968523365760376
12202	75	-0.31419958528583436
12203	1	0.1391950174836687
12203	2	-0.1215853464627763
12203	3	-0.06792935932639921
12203	4	0.1139872383856968
12203	5	-0.12989988510307882
12203	6	-0.07996852321019787
12203	7	-0.08018958063510695
12203	8	0.04244487260542229
12203	9	0.0973900491353561
12203	10	-0.020070595513743683
12203	11	0.10370989681226916
12203	12	0.033867828299008806
12203	13	-0.023969063122869727
12203	14	0.03603786579157742
12203	15	0.1459292429793777
12203	16	0.008283569094764687
12203	17	0.372695868119294
12203	18	0.2605250223382356
12203	19	0.14326182550016142
12203	20	0.4619962011419432
12203	21	-0.2638081831936887
12203	22	-0.23524676258711708
12203	23	-0.01990127866012159
12203	24	-0.06633657474186094
12203	25	0.2736701236651342
12203	26	-0.26891797913122417
12203	27	0.23696440109037553
12203	28	0.1286389337549494
12203	29	0.18897741625030307
12203	30	0.04428625279873444
12203	31	0.0724678213533494
12203	32	-0.030016241077099437
12203	33	-0.23876100227209207
12203	34	0.15620699433702612
12203	35	0.33340741255530304
12203	36	0.08074253836372236
12203	37	0.07453688528392632
12203	38	0.387193700212471
12203	39	-0.0265348789188522
12203	40	0.05901999347339881
12203	41	-0.09454231457454654
12203	42	-0.15579953106195177
12203	43	2.7178151996309907E-4
12203	44	0.3599230542648897
12203	45	0.3431408347286009
12203	46	0.03699821317657381
12203	47	0.23851934545511
12203	48	0.3243643250268775
12203	49	0.03177664820290005
12203	50	0.11568687575938696
12203	51	0.057300422324424005
12203	52	0.21599733757130224
12203	53	-0.041788633355132276
12203	54	-0.1618918080184315
12203	55	0.40318117526430797
12203	56	-0.09387097680996703
12203	57	0.09397208637510346
12203	58	-0.11580275745755841
12203	59	-0.04299689587173816
12203	60	0.2751012670607622
12203	61	-0.009237135907689265
12203	62	0.09910012779968724
12203	63	0.02003862736117412
12203	64	0.21673572034737276
12203	65	-0.059592494138456686
12203	66	-0.05970230719346148
12203	67	0.021247055162120887
12203	68	0.28307774576482814
12203	69	-0.5201223831624091
12203	70	0.2433673462192587
12203	71	0.05478054616384043
12203	72	0.09622283422023514
12203	73	-0.2048135399101767
12203	74	0.0056866754732567415
12203	75	-0.133452620400476
12204	1	2.0419901980517352E-4
12204	2	0.15160866270300843
12204	3	0.10194480795709637
12204	4	-0.19739755144689397
12204	5	0.04132080248846037
12204	6	0.21345478812734342
12204	7	0.04526516525839952
12204	8	-0.01914071411520979
12204	9	0.3474884789824344
12204	10	0.002835998498568415
12204	11	-0.14526249558421966
12204	12	-0.2249790463564807
12204	13	-0.06617578155051262
12204	14	-0.580329836619562
12204	15	0.15417372697074683
12204	16	-0.06242055865929785
12204	17	0.1255030873579983
12204	18	0.1077382765077246
12204	19	0.10695302350951863
12204	20	0.21476404844181474
12204	21	0.26905951134305894
12204	22	0.0640272188608293
12204	23	0.1353973968678588
12204	24	0.3354068147096072
12204	25	-0.22558180949705786
12204	26	-0.2560748526843071
12204	27	-0.10519349613311135
12204	28	0.4805689461964846
12204	29	0.16894497377270312
12204	30	0.09503668195286963
12204	31	0.0469863025414341
12204	32	0.2673206409803228
12204	33	-0.17624623779502713
12204	34	0.03580760538951466
12204	35	0.2187642010649995
12204	36	-0.24461141536637143
12204	37	-0.26791236428691434
12204	38	-0.24914344957413448
12204	39	-0.41563987600532926
12204	40	-0.4126400849555054
12204	41	-0.5289565388686128
12204	42	0.08076282621477304
12204	43	-0.006405699305908286
12204	44	0.2744701982244493
12204	45	-0.20935770850966406
12204	46	-0.20676133451859613
12204	47	-0.14234116763999793
12204	48	0.4514096972491828
12204	49	0.07128245162668634
12204	50	-0.09159850780204692
12204	51	0.2707514515069036
12204	52	-0.021029608583631898
12204	53	-0.014322768826097843
12204	54	0.2866569423162275
12204	55	0.18161952668248915
12204	56	-0.03841953815931731
12204	57	-0.2057271120122266
12204	58	-0.03295632376777746
12204	59	0.23592966758795342
12204	60	0.46278729947174213
12204	61	-0.21369561426099892
12204	62	-0.037079534231587274
12204	63	0.2540654317771285
12204	64	0.367821598420349
12204	65	0.24970558293605194
12204	66	0.23384699434834033
12204	67	-0.2784993895517971
12204	68	0.35234086055765346
12204	69	0.6908797114247349
12204	70	-0.05590663522868766
12204	71	0.12958722994417826
12204	72	0.26704980242345755
12204	73	0.24435728705802973
12204	74	-0.19637011461131948
12204	75	-0.5077301453229168
12205	1	0.08558441205959255
12205	2	0.23248893507264512
12205	3	-0.18419847818618962
12205	4	-0.1769150628792957
12205	5	-0.0647518354990737
12205	6	-0.6117412285580315
12205	7	0.14385311491017916
12205	8	-0.20774573250746187
12205	9	-0.6203821271860406
12205	10	-0.17646792548620738
12205	11	0.1565347423832293
12205	12	-0.3217779729426411
12205	13	-0.15557216881924063
12205	14	-0.029849264862392033
12205	15	0.21530172426895433
12205	16	0.03436924025815813
12205	17	-0.09210053450094335
12205	18	0.022595382854191826
12205	19	0.06407123594687647
12205	20	0.07439875914035099
12205	21	-0.10920020734219094
12205	22	-0.23337961046089362
12205	23	-0.03038844976905608
12205	24	0.0589571127279882
12205	25	-0.08950652448560703
12205	26	-0.38034806206389504
12205	27	-0.27619124159894426
12205	28	0.10743897732183427
12205	29	0.022162933373643057
12205	30	0.16845964899285804
12205	31	-0.2604609623526386
12205	32	-0.13866893522202162
12205	33	-0.1714268287202998
12205	34	-0.08768975215039632
12205	35	-0.15913953854087026
12205	36	-0.31366222909804264
12205	37	-0.3784575599384965
12205	38	-0.0026598839416323017
12205	39	-0.11888111116145694
12205	40	0.19661354557472066
12205	41	0.22004169949133257
12205	42	-4.3691455943672963E-4
12205	43	0.15387616310361807
12205	44	0.04107570951081385
12205	45	-0.7098551664539272
12205	46	-0.2868748827172496
12205	47	-0.5111811322246425
12205	48	0.003743185752888678
12205	49	-0.23386464075445446
12205	50	0.17019215824394252
12205	51	0.2762006697220798
12205	52	-0.18277189798549642
12205	53	-0.36184962699125833
12205	54	-0.09480658808347187
12205	55	-0.0989193708776881
12205	56	-0.1265928178219582
12205	57	-1.219491636415043
12205	58	-0.10560343896808888
12205	59	-0.19095314227357818
12205	60	-0.40201367171220426
12205	61	-0.045965574190532266
12205	62	-0.1506003498800652
12205	63	0.0322995929900145
12205	64	0.24131211020873167
12205	65	-0.37984798278773013
12205	66	-0.4162894642987567
12205	67	-0.6127911280988556
12205	68	-0.6136220628520732
12205	69	-0.1769242627622134
12205	70	-0.03177307918023331
12205	71	-0.3079293139553414
12205	72	-0.3459187892685378
12205	73	0.15123681095882802
12205	74	0.05561743524857121
12205	75	-0.6148433375424887
12206	1	-0.10093952018561225
12206	2	0.1312238558124541
12206	3	0.28357247124734997
12206	4	-0.06680250533397825
12206	5	0.1673751570191193
12206	6	0.08190106899624539
12206	7	0.0760616070208755
12206	8	-0.024298226321569416
12206	9	0.03204046655684323
12206	10	-0.42299317934642033
12206	11	-0.08665710472060084
12206	12	-0.06282953795508917
12206	13	0.03802974605406462
12206	14	-0.1544114798891556
12206	15	0.33293280278022763
12206	16	-0.05112456650704189
12206	17	-0.07312801675092118
12206	18	-0.6772291360412339
12206	19	-0.01430053435642975
12206	20	0.10025835957208074
12206	21	-0.2693505777615073
12206	22	-0.14069034417750004
12206	23	-0.27324255081386184
12206	24	-0.21020446939202486
12206	25	-0.07090846432274844
12206	26	0.003926187736027487
12206	27	0.10545446278514703
12206	28	-0.143014410050867
12206	29	0.003741088545929472
12206	30	0.09258426260402786
12206	31	0.3120259499875715
12206	32	-0.07715509864706149
12206	33	-0.15400353745837947
12206	34	0.1128432992383992
12206	35	0.24849792777630597
12206	36	0.2569083414725313
12206	37	0.05670621018860089
12206	38	-0.13525458132850332
12206	39	-0.038101064611240076
12206	40	0.19525521903302234
12206	41	-0.10517104381432318
12206	42	0.13751032363229854
12206	43	-0.24484774417774702
12206	44	-0.1739583954988433
12206	45	0.45246852643211355
12206	46	-0.10054185041844477
12206	47	-0.12883056649999247
12206	48	-0.06804987870521728
12206	49	0.20996305001700222
12206	50	-0.16121749101412064
12206	51	-0.15640797804549322
12206	52	-0.4127255680369615
12206	53	0.1628682449148826
12206	54	-0.3552675380309793
12206	55	-0.220309709871934
12206	56	0.10770749716294858
12206	57	0.33786278402006076
12206	58	0.16305886636903466
12206	59	-0.22137965680767735
12206	60	-0.3381282704184869
12206	61	-0.3161844483213869
12206	62	-0.5628708110502814
12206	63	-0.24950543942626524
12206	64	0.24421966323853894
12206	65	-0.17285370244381681
12206	66	-0.06421856699558504
12206	67	0.07508745953523288
12206	68	-0.046957598877099826
12206	69	0.15646780901616353
12206	70	0.4177595830663634
12206	71	0.37198287206931013
12206	72	0.17323361496944045
12206	73	0.004302590674974738
12206	74	0.26875722540547997
12206	75	0.13683254371774467
12207	1	-0.07831281850430472
12207	2	-0.07375063783359437
12207	3	0.12063969331864755
12207	4	-0.3490205016514025
12207	5	-0.23305347046737523
12207	6	-0.01868150216497355
12207	7	-0.041732470675405864
12207	8	-0.017422075517139035
12207	9	3.829323437543053E-5
12207	10	-0.32174653743147985
12207	11	-0.23792638541123523
12207	12	0.20601648818514917
12207	13	-0.005955885869624922
12207	14	0.2811283794485817
12207	15	-0.23161185597795964
12207	16	0.1582931641820835
12207	17	0.012470703403629102
12207	18	-0.17793848434634185
12207	19	0.06420470274701273
12207	20	0.30836605977432185
12207	21	-0.13649416796948088
12207	22	-0.1401530505676689
12207	23	-0.11627433565494272
12207	24	-0.037672850568640115
12207	25	0.06564863066954985
12207	26	-0.10120224958475177
12207	27	0.0012195024784702468
12207	28	0.11070891392510163
12207	29	0.05613023400761108
12207	30	0.3136715275380695
12207	31	0.11311261122093441
12207	32	-0.12205231860540522
12207	33	-0.04416623479303894
12207	34	0.12872666426601853
12207	35	0.186672940604943
12207	36	0.1828342673984551
12207	37	0.3211754063611352
12207	38	0.20888499426991558
12207	39	0.2105149515679372
12207	40	-0.037954355659842065
12207	41	0.4239122366952017
12207	42	-0.3309674450899678
12207	43	-0.04071843149097987
12207	44	-0.11241111064267528
12207	45	-0.13935132928342142
12207	46	-0.26572039489609267
12207	47	0.2955589411821009
12207	48	0.14428372629342334
12207	49	-0.13776854465835697
12207	50	-0.2512292631774784
12207	51	-0.04658878640071151
12207	52	0.05466553945193908
12207	53	-0.17926704440867525
12207	54	-0.13191035852057809
12207	55	0.12490445294614005
12207	56	-0.06526482316063209
12207	57	-0.4108830278064346
12207	58	-0.35058175061306684
12207	59	0.03620735155357835
12207	60	-0.32386886023405737
12207	61	-0.667453729012017
12207	62	0.046263180316799435
12207	63	-0.10176780774405358
12207	64	-0.006068603838649267
12207	65	-0.2742090104820889
12207	66	-0.02643294110890082
12207	67	-0.3798915618659606
12207	68	0.11864353608019229
12207	69	-0.22170237420699124
12207	70	0.12852054778005595
12207	71	-0.15477616080219292
12207	72	0.16025405023763994
12207	73	0.179731972787323
12207	74	0.5007292136936812
12207	75	0.03620771350855989
12208	1	0.05041462688980758
12208	2	-0.15906470648099713
12208	3	-0.09585738984510428
12208	4	-0.06915345511768933
12208	5	0.06791654716931106
12208	6	-0.34675096356777146
12208	7	-0.03025505919799798
12208	8	-0.35512387988561045
12208	9	0.18160117479725812
12208	10	0.12248762346934683
12208	11	-0.1250380391895547
12208	12	-0.47030287146754546
12208	13	0.11794860470153168
12208	14	-0.0440310290441559
12208	15	0.1414311503983825
12208	16	-0.05137309548418045
12208	17	-0.0449434873439003
12208	18	-0.1946933344345254
12208	19	-0.30361513173949106
12208	20	-0.36625068150908646
12208	21	-0.44633679447877483
12208	22	-0.19509132217260827
12208	23	-0.2569336763142829
12208	24	0.09294714671802495
12208	25	-0.17753411251319307
12208	26	-0.07709425881009224
12208	27	-0.5577887731964708
12208	28	-0.11546799558514209
12208	29	-0.35835219714148536
12208	30	-0.265028784495577
12208	31	-0.03700948890116251
12208	32	-0.3142786108316997
12208	33	-0.18986559715906992
12208	34	0.1420152275545803
12208	35	-0.17029354969488253
12208	36	-0.6057290211648336
12208	37	0.3039253724444393
12208	38	-0.14971628099802814
12208	39	-0.4027803950607449
12208	40	-0.06040721144603367
12208	41	-0.021007041557410844
12208	42	-0.3906540547765758
12208	43	-0.3799736207461635
12208	44	-0.16111549268038772
12208	45	-0.19445240105116568
12208	46	-0.20313729897966937
12208	47	-0.20266382370733282
12208	48	-0.27012408811438604
12208	49	-0.29649870338851514
12208	50	0.17774916580094668
12208	51	-0.5365901430687359
12208	52	-0.535525750739346
12208	53	0.17769266255103133
12208	54	0.3649828717059833
12208	55	-0.6045623765206898
12208	56	-0.0546692458983884
12208	57	-0.06865673558014151
12208	58	-0.26489459825924655
12208	59	-0.13173458305502095
12208	60	0.03678776708923692
12208	61	0.10147857325361542
12208	62	-0.4794456787253907
12208	63	0.08052089121131445
12208	64	-0.029477910581285016
12208	65	0.11409651115676667
12208	66	-0.9010021990114936
12208	67	-0.2511437664514986
12208	68	-0.40747910670911835
12208	69	-0.4109439967819455
12208	70	0.057607510200355705
12208	71	0.26402725800122795
12208	72	-0.5812667746165232
12208	73	-0.30462564490363064
12208	74	-0.11950548987434928
12208	75	-0.5814968041959574
12209	1	0.060792356577000106
12209	2	0.1540729231527962
12209	3	0.11363644113210469
12209	4	0.04485402078237044
12209	5	-0.058407895651296116
12209	6	-0.05316730937030201
12209	7	0.07688077172300467
12209	8	-0.09327064360781634
12209	9	0.24988199883256357
12209	10	-0.20554559650761206
12209	11	0.1481555191702455
12209	12	0.06369701611290424
12209	13	-0.4585528989099501
12209	14	-0.015609961620533852
12209	15	0.2999848728907253
12209	16	-0.31669025913893734
12209	17	0.06882509701292605
12209	18	-0.03411606004650736
12209	19	0.22886006569734718
12209	20	-0.0652754419149204
12209	21	0.3128253988266394
12209	22	-0.06529592575316912
12209	23	0.3241348715061889
12209	24	0.0991021170673676
12209	25	0.3635552329239786
12209	26	0.012630594341871415
12209	27	-0.08372255808166784
12209	28	-0.01408664036746643
12209	29	-0.1510435211627339
12209	30	0.24074676987333277
12209	31	-0.1816302134451675
12209	32	0.06779328147037234
12209	33	0.24287238097532793
12209	34	0.4132203651280051
12209	35	-0.1253538346784424
12209	36	-0.2239100728497192
12209	37	-0.211848495631223
12209	38	-0.08488533189597547
12209	39	0.21280095453595038
12209	40	-0.17820884715047924
12209	41	-0.2630884895212091
12209	42	0.09070537862888983
12209	43	-0.02611200921192136
12209	44	-0.011119708413502849
12209	45	0.18241306085266018
12209	46	0.0694379518564574
12209	47	0.21503101342484854
12209	48	0.4050396228549502
12209	49	0.4714954507948974
12209	50	0.06628518221420165
12209	51	0.2109717579458561
12209	52	-0.41446394809186415
12209	53	0.001636621405474159
12209	54	0.09247788308846339
12209	55	0.1752217779437686
12209	56	0.28611656675442987
12209	57	0.3312406815807023
12209	58	0.08860867596013833
12209	59	-0.038637143410269914
12209	60	-0.02613907588875719
12209	61	0.358525873779179
12209	62	-0.17886390755538173
12209	63	0.10919490262189413
12209	64	-0.12061503432710907
12209	65	0.010726735152715605
12209	66	0.3152297787294387
12209	67	-0.03411782564038646
12209	68	-0.03849706573219436
12209	69	0.2582193207189647
12209	70	0.0759740541423426
12209	71	-0.0308773259059123
12209	72	-0.035603358748502956
12209	73	-0.18950802594969218
12209	74	-0.08093855808491668
12209	75	-0.19408498328029822
12210	1	0.06547127566738453
12210	2	0.00956834005902607
12210	3	-0.2550134792337495
12210	4	0.0013096734849753489
12210	5	-0.0999498241854333
12210	6	-0.06421696010353628
12210	7	0.22493419599125986
12210	8	0.2517137269519978
12210	9	-0.39634413570618676
12210	10	-0.10251024687736532
12210	11	-0.30488016089213943
12210	12	0.121549075035567
12210	13	-0.16604776069018357
12210	14	0.27883150893465825
12210	15	0.12486244778316546
12210	16	0.008250097859942684
12210	17	0.17279226527557512
12210	18	-0.016583330743124236
12210	19	0.2592664311420734
12210	20	0.13012890789375575
12210	21	-0.11834889090948053
12210	22	0.026484905217571963
12210	23	-0.2030960410812952
12210	24	-0.370891340376275
12210	25	0.20346086150503595
12210	26	0.07841302460416699
12210	27	0.004205434146570042
12210	28	0.10806751283409
12210	29	-0.4776624734285093
12210	30	0.2746821505641961
12210	31	0.06505059571706084
12210	32	-0.4738180378129826
12210	33	0.01049928343837081
12210	34	-0.23113552350314848
12210	35	0.07481534657680555
12210	36	-0.11001672312695376
12210	37	0.152585110639059
12210	38	0.0328872911404261
12210	39	-0.03347011877372097
12210	40	-0.09279213917979945
12210	41	0.6042165720382968
12210	42	-0.48014918496938463
12210	43	0.0011420336252996321
12210	44	-0.22926439803859466
12210	45	0.13908679876710295
12210	46	0.030116527297415985
12210	47	-0.28302274127555194
12210	48	0.10500724050530863
12210	49	0.037942049656891186
12210	50	0.3646191433685999
12210	51	-0.6057044912528511
12210	52	0.24260696925383485
12210	53	-0.26247117877559845
12210	54	-0.04124139498339474
12210	55	-0.014974961351882143
12210	56	-0.14628693053933262
12210	57	-0.7004609778495023
12210	58	-0.14478215256540494
12210	59	-0.10826580377229078
12210	60	-0.38783670404686177
12210	61	0.36740128103679126
12210	62	0.11890171031966901
12210	63	0.032369430269156396
12210	64	0.6782839657852406
12210	65	0.030585706715726246
12210	66	0.33543900835994833
12210	67	0.1811190611601674
12210	68	-0.40257380529219233
12210	69	0.5611859404642701
12210	70	0.11858658280733181
12210	71	0.10362177201434974
12210	72	-0.48028571433313516
12210	73	0.08510090761362221
12210	74	-0.038174030635914846
12210	75	-0.1736114079384663
12211	1	0.10810693458211418
12211	2	-0.5369035343198263
12211	3	0.06641367242595919
12211	4	-0.15889704486128053
12211	5	0.10692753618030082
12211	6	0.0338351170183131
12211	7	0.284763255820323
12211	8	0.1500043252425982
12211	9	0.1145682077642931
12211	10	0.05270740368912641
12211	11	0.05884474469323209
12211	12	-0.12579737696204774
12211	13	-0.18791220115927842
12211	14	-0.15410428911742002
12211	15	0.1469256558928862
12211	16	-0.179028773139855
12211	17	-0.0797420221424332
12211	18	-0.12912556886676185
12211	19	0.08576215763780226
12211	20	0.029353714095307737
12211	21	0.11611741797543829
12211	22	-0.016886193967479812
12211	23	0.08885386947326879
12211	24	-0.02646677269589759
12211	25	-0.028083563062644146
12211	26	0.25074456902873266
12211	27	-0.28434554975324744
12211	28	-0.1658342959514414
12211	29	-0.010916299705591825
12211	30	-0.3540397735065639
12211	31	-0.10056260245428206
12211	32	0.20586790931482568
12211	33	-0.013491970785437957
12211	34	-0.23765510211574536
12211	35	0.014688135286803572
12211	36	-0.0020660175018250015
12211	37	0.16637958489864957
12211	38	-0.029386610668353796
12211	39	0.2100401177597675
12211	40	0.3256733746345546
12211	41	0.28668526613489576
12211	42	0.18498697086445048
12211	43	0.2780849873124396
12211	44	0.07514824358334948
12211	45	-0.2770531336518971
12211	46	0.06352936768700346
12211	47	0.322244601201092
12211	48	0.39727517928487543
12211	49	-0.046315553205360516
12211	50	-0.26291017485839063
12211	51	0.24362963715104513
12211	52	0.1344376192240233
12211	53	0.146373981232351
12211	54	-0.059925553202440085
12211	55	0.15367938172106932
12211	56	0.5211549299257854
12211	57	-0.1490596659830743
12211	58	0.06404313067848477
12211	59	-0.3071924585129011
12211	60	-0.20497047466900398
12211	61	-0.21170823993319487
12211	62	-0.17614897542868846
12211	63	-0.27204321135278775
12211	64	-0.00768303878641774
12211	65	0.4239866210468719
12211	66	0.12665347864418663
12211	67	-0.22879944410717457
12211	68	0.13079928156926712
12211	69	0.05645527061732025
12211	70	0.08398113657398198
12211	71	0.13838623236020453
12211	72	-0.0023290456787918856
12211	73	-0.3694608097387899
12211	74	-0.06584248621135202
12211	75	0.250737628038479
12212	1	-0.16696081609539348
12212	2	0.027845267014342312
12212	3	-0.428833356967413
12212	4	0.1256558006671753
12212	5	0.12473032959285035
12212	6	0.026726507470677063
12212	7	0.21680411469044714
12212	8	-0.34991228930816476
12212	9	0.11982149106635376
12212	10	0.11643473327011122
12212	11	0.2639104107345034
12212	12	-0.32617261148362076
12212	13	-0.011135048772366929
12212	14	-0.04076261723916019
12212	15	-0.3700641293895828
12212	16	0.17690201693727658
12212	17	0.04794194700495069
12212	18	0.11173330126040071
12212	19	0.004523883716601063
12212	20	-0.360890188343717
12212	21	0.15359917740841667
12212	22	0.07929892172982989
12212	23	0.010554932637745651
12212	24	-0.14854307038194747
12212	25	-0.1222465816159044
12212	26	-0.24206343597439428
12212	27	-0.05213791998464501
12212	28	-0.13873402494873233
12212	29	-0.16109349378522353
12212	30	0.020506818113197767
12212	31	-0.2045025649308272
12212	32	-0.37480751282401314
12212	33	-0.062293304952625306
12212	34	-0.06242058053976507
12212	35	0.15258682196597562
12212	36	-0.3067772953838386
12212	37	-0.1381440757225718
12212	38	-0.27681208492310105
12212	39	-0.5180607786338101
12212	40	-0.3643620641813712
12212	41	0.027043823566629044
12212	42	-0.2238310403925894
12212	43	0.028116256855902577
12212	44	-0.11903562133222323
12212	45	-0.4279391040500613
12212	46	-0.019168151595884808
12212	47	0.16866945006496792
12212	48	-0.19826369918082776
12212	49	-0.4331614985878929
12212	50	-0.31446322885047095
12212	51	-0.211237988448282
12212	52	-0.22320257256251352
12212	53	-0.3348225999642267
12212	54	0.15854432380402272
12212	55	0.09437148094975356
12212	56	0.02765899496643698
12212	57	-0.27845303683986344
12212	58	-0.25494790538572687
12212	59	0.06107937805162322
12212	60	-0.7724084567411325
12212	61	-0.12821855888253708
12212	62	-0.11302619035468098
12212	63	-0.11579972584101483
12212	64	-0.034011994383661204
12212	65	0.21877503046943048
12212	66	-0.07226251051570642
12212	67	-0.17603730110112537
12212	68	0.20151014252402888
12212	69	0.046469863070939255
12212	70	0.4057864315500055
12212	71	-0.10057561879676769
12212	72	-0.1345366754474
12212	73	-0.30602532923013825
12212	74	-0.33697027441230887
12212	75	-0.636963018198756
12301	1	-0.07200059229960587
12301	2	-0.004893608761513235
12301	3	0.2482581720123953
12301	4	0.029274998149475095
12301	5	-0.07417254653268657
12301	6	0.15567134530615334
12301	7	0.1908840167797905
12301	8	0.16121193483730423
12301	9	0.04645406384369721
12301	10	-0.10969954420169614
12301	11	0.11376616735658729
12301	12	0.27565010029188386
12301	13	-0.10788738726349578
12301	14	-0.13185449589988707
12301	15	0.019961222476837293
12301	16	0.26952374960621484
12301	17	0.03419511598825409
12301	18	-0.10406353412730596
12301	19	0.04510872504888397
12301	20	0.273977370009284
12301	21	-0.2076212089889964
12301	22	0.30759684987040004
12301	23	0.21006975036656428
12301	24	0.025270200008819188
12301	25	0.19677168921196397
12301	26	0.021836380443126302
12301	27	0.16462053792251652
12301	28	0.01964957501630238
12301	29	0.1079422610884535
12301	30	0.10265997835448104
12301	31	-0.08563290849232885
12301	32	-0.12270942732703105
12301	33	0.33249644939652967
12301	34	0.30035151492312906
12301	35	0.17225637350020406
12301	36	0.27841371781661906
12301	37	0.2845764418051857
12301	38	-0.05465542787266031
12301	39	0.1846885875695321
12301	40	0.31847734485787527
12301	41	0.1665446540588036
12301	42	0.33432526697693987
12301	43	0.132758271017984
12301	44	0.22609944292164386
12301	45	0.24788483160865127
12301	46	-0.048257232809277184
12301	47	0.3506565118710654
12301	48	-0.20392415901123684
12301	49	0.2081095915423603
12301	50	0.025055085687512246
12301	51	-0.2299022073485375
12301	52	0.09188178795851343
12301	53	0.011055536236483476
12301	54	0.14809760643362324
12301	55	0.1547132940453011
12301	56	-0.19604937114948484
12301	57	0.25052676908723015
12301	58	0.03476273365615157
12301	59	0.0016991874755234448
12301	60	0.035310749483187465
12301	61	0.0482173183794572
12301	62	0.18704374582854655
12301	63	-0.033209464454529325
12301	64	-0.5323728650891439
12301	65	-0.026220161417974452
12301	66	-0.048615338560111354
12301	67	-0.09484576337929695
12301	68	-0.1554703627648948
12301	69	0.34942466681252426
12301	70	-0.2752827178511623
12301	71	0.29235645568526536
12301	72	-0.06903706883842631
12301	73	0.2743357163157967
12301	74	0.1391202929449804
12301	75	0.16111810777379532
12302	1	0.08125271463326555
12302	2	0.10547957276916264
12302	3	-0.1804812059267178
12302	4	-0.036987411442694906
12302	5	-0.13001914884822696
12302	6	-0.45470183622452254
12302	7	-0.13283789835372062
12302	8	-0.021659390410889046
12302	9	0.014587881185498475
12302	10	-0.44083971415467005
12302	11	-0.3019723580676086
12302	12	-0.12556129590755205
12302	13	-0.03400046924242872
12302	14	0.10203709720299514
12302	15	0.005867225831899248
12302	16	0.008117925004285098
12302	17	0.010001567601158001
12302	18	0.12445171488955253
12302	19	0.15724881250041278
12302	20	-0.1368866951118548
12302	21	-0.2933127085902427
12302	22	0.15209537859465172
12302	23	-0.522412443071822
12302	24	-0.31266258881498743
12302	25	0.06943758586515258
12302	26	-0.2635842394177246
12302	27	-0.22950260923256138
12302	28	0.3414120808601524
12302	29	0.12772885735388684
12302	30	-0.08406141426988967
12302	31	0.15852323924026024
12302	32	0.13684698991027489
12302	33	-9.437094282560565E-5
12302	34	-0.12130648909194264
12302	35	0.21224207324994637
12302	36	-0.03720930558629476
12302	37	0.0797116066705712
12302	38	0.007186279357220826
12302	39	0.003082284459225093
12302	40	-0.22424465277708094
12302	41	-0.15055652021175092
12302	42	-0.3057140587112599
12302	43	-0.04657236726819036
12302	44	0.14744806652255704
12302	45	0.13637725522606559
12302	46	-0.12749299443510864
12302	47	0.1255169469286841
12302	48	0.23368412413372397
12302	49	0.07507601345474768
12302	50	0.1251087116259697
12302	51	-0.24171366404902983
12302	52	0.28886086009227796
12302	53	-0.046956728978152285
12302	54	-0.0021512729217647575
12302	55	-0.24165801745265014
12302	56	0.2579835744270653
12302	57	0.3261255920666315
12302	58	-0.2515447767252823
12302	59	0.032974109786664485
12302	60	0.1170834305051045
12302	61	0.054178047692218456
12302	62	-0.13282810192878713
12302	63	-0.05448796182822946
12302	64	0.014934837795657074
12302	65	0.0772228988355792
12302	66	-0.3241564105288717
12302	67	0.027263248528406336
12302	68	0.0024236503803365395
12302	69	-0.4348753084370429
12302	70	-0.4559952553205733
12302	71	-0.0513376839621813
12302	72	-0.43458034084568453
12302	73	-0.28925227147399113
12302	74	-0.02978766294425128
12302	75	-0.6007345996485824
12303	1	-0.07200059229960587
12303	2	0.29886983209870266
12303	3	0.10309688168981523
12303	4	0.0023932777193671484
12303	5	-0.10643061104881468
12303	6	-0.17766198802718236
12303	7	-0.1693310369836496
12303	8	0.11282483806311205
12303	9	0.11903470900498547
12303	10	0.02470905794884004
12303	11	-0.2975241552240533
12303	12	-0.25929613626725967
12303	13	-0.15358631199467965
12303	14	-0.0861555711687032
12303	15	-0.01498501408229913
12303	16	-0.36757302458732966
12303	17	-0.1002134861622821
12303	18	0.15131280995871776
12303	19	-0.10542890935971627
12303	20	0.14763328398777986
12303	21	0.03700244692497989
12303	22	-0.35638164475325596
12303	23	-0.198532400171068
12303	24	0.07096912474000305
12303	25	-0.131185300035348
12303	26	-0.09106684536332921
12303	27	-0.2305407524000671
12303	28	-0.10131816691917805
12303	29	0.04073796001318897
12303	30	-0.2118561506777823
12303	31	-0.05068667193318532
12303	32	-0.45335458861735134
12303	33	-0.17556806673250236
12303	34	0.03691065470807331
12303	35	0.20451443801633218
12303	36	-0.11674757250596457
12303	37	-0.021875171098045598
12303	38	-0.32078446013072437
12303	39	0.004581060687812055
12303	40	0.030842936255730535
12303	41	0.13428658954267547
12303	42	0.09507795514898021
12303	43	0.044048593598624564
12303	44	-0.16637367535792436
12303	45	-0.11770656624081255
12303	46	-0.14234325431465322
12303	47	-0.20848327307516712
12303	48	0.1401618624941392
12303	49	-0.2112452471673194
12303	50	-0.015267494957647898
12303	51	-0.15463339014424093
12303	52	-0.02370960989095039
12303	53	-0.367976721828029
12303	54	-0.08308518926529729
12303	55	-0.18399638337405122
12303	56	-0.4111031345903413
12303	57	-0.17151624166545787
12303	58	-0.17222651365567998
12303	59	-0.1192685544599641
12303	60	-0.2899580677211162
12303	61	-0.3738256923732308
12303	62	-0.4312358240639256
12303	63	0.26517763231966995
12303	64	-0.05925458551925544
12303	65	-0.10686532270829474
12303	66	0.19600831735386492
12303	67	-0.4093618924115603
12303	68	-0.37052412620575126
12303	69	-0.40863984931650776
12303	70	0.08224416386926947
12303	71	-0.0571059099061344
12303	72	-0.009897283892193798
12303	73	-0.09663202561968376
12303	74	-0.3904495995281394
12303	75	-0.2582367309358844
12304	1	-0.20833142158226892
12304	2	-0.3048346899222132
12304	3	0.22092719543263328
12304	4	0.14886551221634647
12304	5	-0.06251398120642193
12304	6	-0.08274373791670797
12304	7	-0.12057569746383479
12304	8	-0.2088646596537842
12304	9	0.019520789429201102
12304	10	0.14153775142358427
12304	11	0.15743975698687507
12304	12	0.032263740003180885
12304	13	-0.08239762441181853
12304	14	0.12320515942490573
12304	15	0.03965484451248358
12304	16	0.4994397902602117
12304	17	0.06753581417650167
12304	18	0.20589374971420682
12304	19	0.25622229111163364
12304	20	-0.06927642289099367
12304	21	-0.13270590482049016
12304	22	-0.2163241988849336
12304	23	-0.13545241784672157
12304	24	-2.6375197232653136E-4
12304	25	0.25063087318604005
12304	26	-0.07099761572715124
12304	27	-0.04623525821830299
12304	28	0.05517027025860699
12304	29	0.23769627493438605
12304	30	0.12804663323737486
12304	31	0.2540562946303737
12304	32	-0.21966774224822672
12304	33	-0.016126322734862697
12304	34	0.17794026142482267
12304	35	-0.14446184715085053
12304	36	0.1993740948971876
12304	37	0.15043297443148873
12304	38	0.040476403030275776
12304	39	0.25117113286338366
12304	40	0.06388904024748143
12304	41	-0.01457922280082613
12304	42	-0.002403264470991928
12304	43	0.1754155106703621
12304	44	0.2594475059648005
12304	45	-0.06412724675340797
12304	46	-0.11936490698809621
12304	47	-0.047583287804876306
12304	48	0.24961097134669785
12304	49	-0.16851435896581535
12304	50	0.038775810389239496
12304	51	-0.25710798139478896
12304	52	0.29200699049202683
12304	53	-0.09250905354109307
12304	54	0.09420159818498774
12304	55	-0.3985861609554391
12304	56	-0.2199409604851752
12304	57	0.2237186972062446
12304	58	0.0034179111491567937
12304	59	0.05136040414955545
12304	60	0.25783247580517354
12304	61	0.32517268735868754
12304	62	0.11847694659449104
12304	63	0.1290456541196363
12304	64	-0.1723124732788648
12304	65	0.07224794876025697
12304	66	0.31478133252546314
12304	67	0.14650789695359379
12304	68	-0.56818210234362
12304	69	-0.24284223552950124
12304	70	0.13129409758557387
12304	71	-0.2190075154445026
12304	72	-0.3276539490858852
12304	73	-0.4791552249126596
12304	74	0.1411824523204359
12304	75	0.16345276678101328
12305	1	0.03429077859325602
12305	2	0.041576574243848086
12305	3	-0.2132163540007248
12305	4	0.03423201734856107
12305	5	0.12651185158634348
12305	6	0.010315368428926774
12305	7	0.1893415002314356
12305	8	0.171552786066826
12305	9	0.05011566865994155
12305	10	-0.1944106593063779
12305	11	0.04342441757373905
12305	12	0.13642674988603432
12305	13	0.15313486690729405
12305	14	0.15038110478301547
12305	15	0.3384834017681797
12305	16	-0.0018842834605479197
12305	17	-0.28804857167460796
12305	18	-0.10297029424351933
12305	19	0.18746203621790158
12305	20	-0.023571076991039774
12305	21	-0.388889367254194
12305	22	0.17468583660176762
12305	23	0.4179875027851736
12305	24	0.048685002177329295
12305	25	-0.20929204817085179
12305	26	-0.13872761152979507
12305	27	0.21495450024318075
12305	28	0.16192800674122765
12305	29	0.19376907991015457
12305	30	0.2576379637979116
12305	31	0.1267925864607946
12305	32	0.19918981489299625
12305	33	0.35867430305214043
12305	34	0.32707598852063313
12305	35	-0.27932657794796256
12305	36	0.09813396821348164
12305	37	-0.09962998584629901
12305	38	-0.2502779755708602
12305	39	-0.295430920023243
12305	40	-0.08503300348129272
12305	41	0.1830855232593862
12305	42	0.06740251261146568
12305	43	-0.22282923310038427
12305	44	0.09925366462469754
12305	45	-0.5533476840411566
12305	46	0.07573563866764488
12305	47	-0.06902030844821638
12305	48	-0.2186379697759051
12305	49	-0.2005973902170055
12305	50	0.1516387859301247
12305	51	-0.4253225805476859
12305	52	-0.28551809822473473
12305	53	0.07774316914750301
12305	54	-0.08578084925272123
12305	55	0.09764766970049266
12305	56	0.1977566012349783
12305	57	-0.27920037021849
12305	58	-0.07456125472256048
12305	59	-0.004014114108926492
12305	60	-0.008913050199325312
12305	61	0.11473272856905226
12305	62	-0.07891306370810014
12305	63	0.41880029982498
12305	64	-0.17802087179834558
12305	65	-0.29990452958522695
12305	66	0.06054391504158474
12305	67	0.0811284181883778
12305	68	-0.12256833502954834
12305	69	0.4949453784667597
12305	70	-0.3141975649473423
12305	71	0.12068035420864476
12305	72	0.1517599479645213
12305	73	-0.5594543816265158
12305	74	0.39649591818833585
12305	75	0.5256537054615151
12306	1	0.19263415521248817
12306	2	-0.10149834733870833
12306	3	-0.19441213023365478
12306	4	-0.05096963320893977
12306	5	-0.06644694034604015
12306	6	0.3253419864621421
12306	7	0.03136526889797864
12306	8	0.10972073109081038
12306	9	-0.14679392580414685
12306	10	-0.5717801431479899
12306	11	0.24010255087940635
12306	12	-0.18535214883773676
12306	13	0.06893887517604469
12306	14	-0.18333799714768872
12306	15	0.1649992728203742
12306	16	-0.2424921483510829
12306	17	0.12748007762981217
12306	18	0.21156945721508436
12306	19	0.11154277625509224
12306	20	0.1468322241239619
12306	21	-0.27765232708370746
12306	22	0.15806054029157224
12306	23	-0.13690470814777456
12306	24	-0.12960394116257845
12306	25	-0.2325578853020076
12306	26	-0.08391122407978457
12306	27	0.15064820529781286
12306	28	-0.2594350600393085
12306	29	0.2136667581152878
12306	30	-0.23089672744087864
12306	31	0.10171496715853579
12306	32	-0.19391902772139957
12306	33	0.3338520891660721
12306	34	0.2517872606790519
12306	35	0.15799134592526087
12306	36	-0.0038366442008239687
12306	37	-0.10761938652152736
12306	38	-0.01018890293196506
12306	39	-0.24628932166422857
12306	40	0.06703697760273997
12306	41	-0.09319130428608702
12306	42	0.1432339769624562
12306	43	0.07917969012633819
12306	44	0.09509534519234109
12306	45	-0.01832122563632055
12306	46	-0.09612826217120585
12306	47	0.07221888670546406
12306	48	-0.06539472006123503
12306	49	0.38626838625536664
12306	50	0.5670876210419848
12306	51	0.468668208894492
12306	52	0.152893280086559
12306	53	0.4222611313315383
12306	54	0.3750902428448768
12306	55	-0.34014913932808355
12306	56	0.19995149153037062
12306	57	-0.03357219261594935
12306	58	0.2794865220531051
12306	59	0.07329391280441655
12306	60	0.20234713608699906
12306	61	-0.012347428824533324
12306	62	0.11188276360591942
12306	63	-0.2222672948146922
12306	64	0.1682849282990304
12306	65	0.06859759746301108
12306	66	0.014714605673795234
12306	67	0.15245836207900254
12306	68	0.28263235775764173
12306	69	-0.19706761528379246
12306	70	-0.40781961281989254
12306	71	0.05662148326020855
12306	72	0.20231425753184595
12306	73	0.38462779506614453
12306	74	0.38402894131051113
12306	75	-0.0760495294077046
12307	1	-0.1670868638674996
12307	2	-0.4555479390107422
12307	3	0.08865577141224534
12307	4	0.0219815081102972
12307	5	-0.08186196888827624
12307	6	0.049478130335742776
12307	7	-0.10581515801390395
12307	8	-0.2986738699472298
12307	9	0.0687721433635744
12307	10	-0.18002962672232314
12307	11	-0.1240016079205617
12307	12	-0.26346384486107155
12307	13	0.027750688922218103
12307	14	-0.031246010445187267
12307	15	-0.12319956772071095
12307	16	-0.33800313211421695
12307	17	-0.3801793109518101
12307	18	-0.38609237467077406
12307	19	-0.15675424069254973
12307	20	-0.15669279753259957
12307	21	-0.28372356791206244
12307	22	-0.0019388673922478006
12307	23	-0.0558092193758668
12307	24	-0.32179573314113696
12307	25	-0.04460115399884046
12307	26	-0.2962639779798124
12307	27	-0.09656975965187797
12307	28	-0.2691934690780542
12307	29	-0.20376066464297793
12307	30	-0.5315193998234022
12307	31	0.11673018228036369
12307	32	-0.16890847708946666
12307	33	-0.2737384426598197
12307	34	0.03243036796972376
12307	35	-0.5039960229322347
12307	36	-0.20303997894090742
12307	37	0.005298288933630602
12307	38	-0.49424449180530416
12307	39	0.04921721972756643
12307	40	-0.24266294021339263
12307	41	-0.05211417731570833
12307	42	-0.25017502476266174
12307	43	0.01664590959429546
12307	44	0.005877720824450705
12307	45	0.02280772899966621
12307	46	-0.5538628008679609
12307	47	-0.07113643636598965
12307	48	-0.4712201496755668
12307	49	0.25499631322278304
12307	50	-0.30979946128255875
12307	51	-0.21293963337171107
12307	52	-0.34395633823969973
12307	53	-0.48986135965414945
12307	54	0.03886196418972787
12307	55	-0.19585351432345988
12307	56	0.22063813406015242
12307	57	0.5088413477318952
12307	58	0.10586384226663625
12307	59	-0.17286528697642467
12307	60	0.13412712024253892
12307	61	-0.0770431634076516
12307	62	-0.11624040854337636
12307	63	-0.2983799237360145
12307	64	0.06846484433820876
12307	65	-0.09086132170804717
12307	66	0.21399197993617491
12307	67	-0.03851918173388924
12307	68	-0.043400678677201654
12307	69	-0.1778321473910296
12307	70	-0.20182685388517285
12307	71	0.09328585470168349
12307	72	0.37501144328960123
12307	73	0.24013966730354497
12307	74	0.010921576599223215
12307	75	-0.3570739402382088
12308	1	0.009584767094430902
12308	2	-0.18284265267273625
12308	3	0.2472650050014309
12308	4	-0.06365894962318563
12308	5	-0.0638568518454683
12308	6	-0.06293133492055603
12308	7	0.1677366043109103
12308	8	-6.514551652969658E-5
12308	9	-0.1476902234596551
12308	10	0.2654394991798412
12308	11	0.35374180165925395
12308	12	0.36059898529638446
12308	13	0.04329911625893601
12308	14	0.127719634085814
12308	15	-0.0019943895788827604
12308	16	0.2613400534358661
12308	17	-0.056500895453027056
12308	18	0.051612084284684556
12308	19	0.103546671974037
12308	20	-0.04207485733326166
12308	21	0.041253201731905165
12308	22	0.09678059900965508
12308	23	-0.11824477900469077
12308	24	0.2064371050355689
12308	25	0.0632768007115132
12308	26	-0.05625303107231616
12308	27	0.21096833176752483
12308	28	-0.004914755721550534
12308	29	0.11067015981190309
12308	30	0.10651346635702197
12308	31	-0.07632362304288876
12308	32	0.28519088518952174
12308	33	0.06733409969579895
12308	34	0.18815012713776014
12308	35	0.0834010315859075
12308	36	0.14360784886169142
12308	37	0.36787004845808013
12308	38	-0.04219449244175877
12308	39	-0.033132801275222334
12308	40	0.2535374645676072
12308	41	0.152733011492991
12308	42	-0.09537175087358207
12308	43	0.7459263413606934
12308	44	0.09068443153332595
12308	45	0.4185638929996145
12308	46	0.20629809321435033
12308	47	0.2835051797030488
12308	48	0.4011529107488201
12308	49	0.06310720794153468
12308	50	0.1938537508710496
12308	51	-0.005896698582184001
12308	52	0.45481149821858935
12308	53	0.04175101798870173
12308	54	-0.1623001900598311
12308	55	-0.01930280850250199
12308	56	0.17780517623120318
12308	57	0.4390166255414911
12308	58	0.1617821732451148
12308	59	0.5994135791276207
12308	60	-0.19076054666597742
12308	61	0.2473671674180764
12308	62	0.2376820211609285
12308	63	-0.15621650931919362
12308	64	0.3014239461826378
12308	65	0.4403564581063648
12308	66	0.29348434892333586
12308	67	0.453289731085448
12308	68	0.4433166492590459
12308	69	0.48560772735598334
12308	70	0.19705427033677125
12308	71	0.8824433246931562
12308	72	0.598251982488442
12308	73	0.8048855335730707
12308	74	0.18183971664326748
12308	75	0.4433232033826755
12309	1	0.00919094542222254
12309	2	0.1741867304289748
12309	3	-0.08465991523299365
12309	4	0.20424658657503514
12309	5	-0.2329932476429235
12309	6	-0.24427620255642069
12309	7	-0.15988965224722307
12309	8	0.14331264294116153
12309	9	0.12795157236717358
12309	10	0.07849435386631853
12309	11	0.3425011966423668
12309	12	-0.18525120226953362
12309	13	0.013255195130071229
12309	14	0.4551723421104299
12309	15	-0.20746250337332128
12309	16	0.29072315514865466
12309	17	0.09672243480982701
12309	18	0.15509373486474232
12309	19	0.19693580783584252
12309	20	0.12149463550451856
12309	21	-0.025262611209470265
12309	22	0.049488623626849915
12309	23	-0.04364560936767958
12309	24	-0.1160227451786966
12309	25	0.06203526120252434
12309	26	0.14818046646463046
12309	27	0.034582947224024
12309	28	0.023867601067529165
12309	29	0.19392005635027942
12309	30	0.161428227327292
12309	31	0.11799066000142489
12309	32	0.17261796143073127
12309	33	-0.15714425346211414
12309	34	0.2980130237962797
12309	35	-0.03982510215325874
12309	36	0.06991647155383163
12309	37	0.048847794196127836
12309	38	0.2408030912286634
12309	39	-0.02483584638449088
12309	40	-0.07438916445237709
12309	41	0.49045845771296825
12309	42	-0.061229414376327895
12309	43	-0.2537265615722788
12309	44	-0.3195776267522774
12309	45	0.30376821302311185
12309	46	0.1461435015206476
12309	47	0.18492961266659336
12309	48	0.2055303387595515
12309	49	0.480117634203431
12309	50	0.27361265190833706
12309	51	0.3822579465110678
12309	52	-0.0877012175489611
12309	53	-0.2074513262514941
12309	54	0.19919473030808632
12309	55	-0.2985824485895421
12309	56	-0.06448192644277384
12309	57	-0.018290435213842215
12309	58	-0.6208015639223063
12309	59	0.18574062466408492
12309	60	0.2492717600610348
12309	61	0.7742204655077032
12309	62	-0.23497740986687887
12309	63	0.16333306548690274
12309	64	0.19092025493883114
12309	65	-0.06035776085847999
12309	66	0.3586317984273819
12309	67	0.33615782085009016
12309	68	-0.31610503362772846
12309	69	0.07357013407364832
12309	70	0.5331577052627452
12309	71	-0.41493876242820704
12309	72	-0.06678599794062023
12309	73	0.4283920149432987
12309	74	-0.057837483084391295
12309	75	-0.2196188447570222
12310	1	0.15701997806037582
12310	2	-0.0036956190466916894
12310	3	0.019646671311132735
12310	4	-0.03299124775983131
12310	5	-0.1968350056257222
12310	6	-0.011287513973883279
12310	7	0.07336414768208499
12310	8	-0.07920414744413762
12310	9	-0.010348180195570933
12310	10	-0.3535634993209058
12310	11	-0.11846852175047218
12310	12	-0.37316359769783247
12310	13	0.016031500067036575
12310	14	-0.20934397696580476
12310	15	-0.08844223708370436
12310	16	-0.2628219726939278
12310	17	-0.15575930196406063
12310	18	0.24785324941640852
12310	19	0.04247899152854728
12310	20	0.21957110539965896
12310	21	0.12676401775247115
12310	22	-0.3988956699986943
12310	23	-0.11736129217668179
12310	24	-0.007835223086082976
12310	25	0.02931610248919725
12310	26	-0.12899344657884626
12310	27	0.15652680253214157
12310	28	0.0778251243384176
12310	29	0.10151402359429795
12310	30	-0.17837087718549327
12310	31	-0.1594115433684351
12310	32	0.12357972648316462
12310	33	-0.4244869540630347
12310	34	-0.1203474098080548
12310	35	-0.39389603416692864
12310	36	0.06397355886383593
12310	37	-0.2805825109764868
12310	38	0.10213512846208062
12310	39	-0.6941683549269655
12310	40	-0.4314057780967744
12310	41	-0.6286575432296502
12310	42	-0.665528636716374
12310	43	-0.1412015232784185
12310	44	-0.06866446544675142
12310	45	-0.6447928215002818
12310	46	-0.41154030901311245
12310	47	-0.269463871485641
12310	48	-0.17008825438290387
12310	49	-0.18819124997236258
12310	50	-0.4605690377346434
12310	51	0.07765973748549726
12310	52	-0.19803172302793115
12310	53	-0.16875979803186425
12310	54	0.010796297410713862
12310	55	-0.5292219560715736
12310	56	0.16735058209970077
12310	57	0.3630501444962988
12310	58	-0.6188721424541797
12310	59	-0.12543381860208314
12310	60	0.23712818753835307
12310	61	-0.08169151752517223
12310	62	-0.05562221957584512
12310	63	0.12086370057586038
12310	64	-0.15865851258797647
12310	65	-0.09269398095981529
12310	66	0.1942259424123023
12310	67	-0.018612710550875988
12310	68	-0.16189860025905034
12310	69	-0.26032287876952864
12310	70	0.08636407971779647
12310	71	-0.674099832299774
12310	72	-0.042476760283030046
12310	73	0.0980559126692313
12310	74	-0.4602544148624048
12310	75	0.08868355891919322
12311	1	0.14637224070456156
12311	2	0.07366684767912801
12311	3	-0.005198049185761278
12311	4	-0.377434459827267
12311	5	0.19291654716931106
12311	6	0.17915170519204082
12311	7	0.04863034111597386
12311	8	-0.09040645445389828
12311	9	0.15746459708925187
12311	10	-0.40635853037680647
12311	11	0.12731674887952238
12311	12	-0.08195907240946099
12311	13	-0.05179236861086878
12311	14	-0.2706793806925134
12311	15	0.0109366449038788
12311	16	0.12543224203544412
12311	17	-0.16346782015394723
12311	18	0.1445923798511899
12311	19	-0.05989456659035142
12311	20	0.06251697940142975
12311	21	0.06210119610206988
12311	22	-0.07774438339709633
12311	23	-0.036172294838614505
12311	24	-0.10505128342326486
12311	25	-0.08864086290565609
12311	26	-0.0916154519027188
12311	27	0.029142153020167427
12311	28	0.04760107819821968
12311	29	0.03862582483653654
12311	30	0.102906851297206
12311	31	-0.139835234584055
12311	32	-0.09763810847690735
12311	33	-0.3694181874259428
12311	34	-0.23514332817540406
12311	35	0.3067472666316533
12311	36	-0.008397780976444835
12311	37	-0.21059582064818727
12311	38	0.2093888995357247
12311	39	-0.03700331499794629
12311	40	0.01690833015522486
12311	41	0.13382027398419183
12311	42	0.37190481492515204
12311	43	0.22736546873577623
12311	44	-0.07143731371649409
12311	45	-0.23291393951269868
12311	46	-0.16958156899536192
12311	47	0.184895045994395
12311	48	-0.5413171807360513
12311	49	0.15503190885638674
12311	50	-0.06538270233092192
12311	51	0.005011112818237962
12311	52	-0.3126058135336933
12311	53	-0.3898112620957477
12311	54	0.18032824062278507
12311	55	0.06910324357350106
12311	56	0.20278758298701405
12311	57	-0.18070540120024248
12311	58	-0.09103274582596299
12311	59	-0.20767649828265178
12311	60	0.23086155044872925
12311	61	0.03299348691138704
12311	62	-0.025952743089597163
12311	63	0.11603894458650643
12311	64	0.024682215007409525
12311	65	0.20416715479883862
12311	66	0.26304803646731756
12311	67	0.02436643763013535
12311	68	0.2828662622076763
12311	69	-0.020637874332969375
12311	70	-0.016175849297290767
12311	71	-0.056420151731892076
12311	72	-0.027891578384178217
12311	73	0.24207765179966856
12311	74	0.1795525948980199
12311	75	0.2511170105607192
12312	1	0.31102470646540326
12312	2	0.3855544674485216
12312	3	0.11937565297414565
12312	4	-0.05721711559514375
12312	5	-0.07503532854118689
12312	6	0.2625707492022187
12312	7	0.17247324697859057
12312	8	0.34248885220988257
12312	9	0.09122603269798191
12312	10	0.0678267670843482
12312	11	0.06423820181082363
12312	12	0.12035646919179754
12312	13	0.29396224623241096
12312	14	-0.28929438637648275
12312	15	-0.14219901254212886
12312	16	-0.009974838568680866
12312	17	0.3097363156117652
12312	18	-0.11833865463157167
12312	19	0.05030680838935098
12312	20	0.30786830295472356
12312	21	0.06076816952273845
12312	22	-0.0724122770797706
12312	23	0.13412354232914225
12312	24	0.34417867381161926
12312	25	0.14777850590287755
12312	26	-0.11176648313749382
12312	27	0.2839126288497553
12312	28	-0.23303146659688423
12312	29	0.037536397022968515
12312	30	-0.3760556886259252
12312	31	0.241789298518313
12312	32	0.09932502690987377
12312	33	0.3125027241747702
12312	34	0.3289231472211256
12312	35	0.20257496110466633
12312	36	0.026139110703297774
12312	37	6.855088597461645E-4
12312	38	0.3607990657242155
12312	39	-0.06856288842944736
12312	40	0.36077505456381687
12312	41	-0.09925637842743384
12312	42	0.0821576163109583
12312	43	0.09037499615417488
12312	44	-0.011058652968380045
12312	45	0.12489204760363037
12312	46	-0.061227484656058095
12312	47	0.19218270907023793
12312	48	0.4941805727419961
12312	49	0.21089045917306493
12312	50	0.24823040869598856
12312	51	0.4240009899361965
12312	52	0.336205965819957
12312	53	-0.1488514829586336
12312	54	0.26721856704512703
12312	55	0.47596054882981775
12312	56	0.3850806593687608
12312	57	0.2796759662008341
12312	58	0.11744719787565572
12312	59	0.2947527227426292
12312	60	0.2539154669755561
12312	61	0.6172042269103031
12312	62	0.2185459847835105
12312	63	0.7151362758266941
12312	64	0.36110564379536925
12312	65	0.20541898178957751
12312	66	0.5761671833303055
12312	67	0.2020582039918537
12312	68	0.3072802718433607
12312	69	0.38916968264207696
12312	70	0.44127556628220077
12312	71	0.48949144898266184
12312	72	0.7142049949931817
12312	73	0.2838548401285834
12312	74	0.43477643509722697
12312	75	1.0306668941746366
12401	1	0.014886595599062247
12401	2	-0.020475894163372033
12401	3	-0.22372105160706823
12401	4	-0.11652416350534622
12401	5	-0.1154974964142248
12401	6	0.48481295274191183
12401	7	0.06485886642440875
12401	8	-0.09480228058095719
12401	9	0.050509103027224
12401	10	0.08425890303723094
12401	11	0.08387733921735219
12401	12	-0.05043883719672948
12401	13	0.11304390488157878
12401	14	0.1412455587747985
12401	15	-0.032344226766824136
12401	16	0.25239234811177624
12401	17	0.22469083313787763
12401	18	0.20038334030316918
12401	19	-0.14939646904625192
12401	20	0.21861925081847033
12401	21	0.39899442797108975
12401	22	-0.20215346906526577
12401	23	0.07807594683093555
12401	24	0.26023466146316565
12401	25	0.09421109143540463
12401	26	0.15383018397875503
12401	27	0.14794475880824365
12401	28	0.1505498848395206
12401	29	-0.03229830752827212
12401	30	0.2837698744725756
12401	31	0.41104104813242515
12401	32	0.16219124699409093
12401	33	0.6515232399924855
12401	34	0.3450480704179313
12401	35	0.2300292913059252
12401	36	-0.11879787321673518
12401	37	0.05321139715419321
12401	38	-0.34520581970790687
12401	39	0.24715441589101772
12401	40	0.028063639736679136
12401	41	-0.5392599750645815
12401	42	-0.10284440679743767
12401	43	0.03479945928115313
12401	44	0.1268648885203305
12401	45	0.1454153583081208
12401	46	9.044220112102153E-4
12401	47	-0.4090026825885644
12401	48	0.04051724795067457
12401	49	0.06185480750736616
12401	50	-0.27633911879581063
12401	51	-0.06797401343565213
12401	52	0.35573270831572046
12401	53	0.1275126166082714
12401	54	0.19365984445075668
12401	55	0.48918568332906176
12401	56	0.3725673593043197
12401	57	0.0890541975545176
12401	58	0.06747642055245251
12401	59	1.956336209545384E-4
12401	60	-0.0559048510271154
12401	61	-0.1004522642704444
12401	62	0.2001656703774799
12401	63	-0.05822313312593508
12401	64	0.5336468177976812
12401	65	-0.20582650368150723
12401	66	0.2300433091526628
12401	67	-0.10263690608022813
12401	68	-0.010400196918347149
12401	69	0.26823275866599516
12401	70	0.28937009789514434
12401	71	0.08062873561965489
12401	72	-0.02670974972050999
12401	73	0.13332058965277582
12401	74	0.011819399925116159
12401	75	0.2488254159567731
12402	1	0.05873984597451809
12402	2	0.02223310962694569
12402	3	0.10013648969308164
12402	4	0.07738987496994554
12402	5	-0.04302377832797788
12402	6	0.018418044639211928
12402	7	-0.002351317370198558
12402	8	-0.028736343371491557
12402	9	0.25264026229204717
12402	10	0.1719868584116142
12402	11	-0.12190825757875956
12402	12	-0.2917175327556194
12402	13	0.3206889023785351
12402	14	-0.04332856694929177
12402	15	0.15510481850242996
12402	16	0.09406437843431092
12402	17	0.12392561823406822
12402	18	0.057567063395495666
12402	19	0.08514547474263878
12402	20	-0.15798805805658844
12402	21	0.2922290700364556
12402	22	-0.24635714495742178
12402	23	0.0913206010539227
12402	24	-0.04548657146252566
12402	25	0.22420465504836073
12402	26	0.1051424917810877
12402	27	-0.2027811226192
12402	28	-0.12364020312443813
12402	29	-0.018381408436518143
12402	30	-0.22541270437316285
12402	31	0.08048251276805019
12402	32	-0.062324236092514695
12402	33	0.04015944109382019
12402	34	-0.19091703006122174
12402	35	-0.2733676907437044
12402	36	0.4974146705864584
12402	37	0.210845667339413
12402	38	0.23770199692658167
12402	39	0.07940071496846457
12402	40	0.2570917452934296
12402	41	0.38590629826732226
12402	42	-0.0664573653900149
12402	43	-0.07559888156129801
12402	44	-0.43030453148968206
12402	45	-0.11437867730655427
12402	46	0.014292107057336523
12402	47	-0.07674923196995564
12402	48	0.05342577973927831
12402	49	-0.2860104574572304
12402	50	0.1461453266021735
12402	51	-0.47496822068731603
12402	52	0.5822792290909504
12402	53	0.25026882057022704
12402	54	0.2285522137563376
12402	55	-0.3219778724172002
12402	56	-0.019351399188138885
12402	57	-0.0858009837370517
12402	58	0.1982852598573217
12402	59	-0.0438364052834288
12402	60	-0.10467836171866907
12402	61	0.10679224692172085
12402	62	-0.13135832304310213
12402	63	0.07560365654724421
12402	64	0.14476746429699716
12402	65	0.3077256668112369
12402	66	0.2296070651420763
12402	67	0.16766274349425458
12402	68	0.11314267657088806
12402	69	0.23733810086724105
12402	70	-0.11514252457499907
12402	71	0.1841830515747418
12402	72	0.18994618963441923
12402	73	-0.2357704494661519
12402	74	0.013871892237204975
12402	75	0.22383077961264064
12403	1	-0.028491003562216122
12403	2	-0.027479796545570423
12403	3	-4.1159852302286026E-4
12403	4	-0.12625099675131324
12403	5	0.020052040541916227
12403	6	0.28392763618299455
12403	7	-0.048834417983542266
12403	8	0.26145026761637524
12403	9	0.20009556700298958
12403	10	-0.006689900038075791
12403	11	-0.12373521829910317
12403	12	0.07475773802605801
12403	13	-0.0032703824968365325
12403	14	-0.3327191450518612
12403	15	0.31008981132508495
12403	16	0.04172195379643995
12403	17	0.015156206776417491
12403	18	0.1072212458305728
12403	19	0.03704420891985194
12403	20	0.07316814708499919
12403	21	-0.07415485270920641
12403	22	-0.23375111598704024
12403	23	0.0012514375409367062
12403	24	-0.1481030402084471
12403	25	0.37588154399524853
12403	26	0.1327165489388591
12403	27	0.19790398765092476
12403	28	0.19327223325818466
12403	29	8.865023034019259E-4
12403	30	-0.11466626042171413
12403	31	-0.297998499890177
12403	32	0.1155956386301824
12403	33	0.31517575324311053
12403	34	0.014961868542464174
12403	35	0.19126756959819602
12403	36	-0.19154526677488803
12403	37	-0.08935660331176365
12403	38	-0.389180425101344
12403	39	0.06530049312323882
12403	40	-0.13299699279870225
12403	41	-0.13877072117676192
12403	42	0.1739771902670384
12403	43	-0.13201281866165004
12403	44	0.32633777570071487
12403	45	-0.39123499989561594
12403	46	-0.18806989215968173
12403	47	-0.23744347704368352
12403	48	0.28626539868746903
12403	49	0.14974577378379905
12403	50	0.022062069392205785
12403	51	0.06718237307492103
12403	52	0.30000727293800367
12403	53	0.036025051811257924
12403	54	-0.12997577789183623
12403	55	0.12572537696294006
12403	56	-0.08760795667215149
12403	57	0.18703602526725405
12403	58	-0.05763278790465165
12403	59	-0.2118580678176798
12403	60	-0.0447801495302258
12403	61	-0.33522132478648814
12403	62	-5.740349052913984E-4
12403	63	-0.048146832817238305
12403	64	-0.27749535705234507
12403	65	-0.2791854645994363
12403	66	-0.05496164163072592
12403	67	-0.34282270606858134
12403	68	-0.40685601845716945
12403	69	0.14207514902070528
12403	70	-0.2632829395560776
12403	71	-0.023046492990047796
12403	72	-0.10279164150221476
12403	73	-0.023386265726102806
12403	74	-0.13593236197132796
12403	75	0.03901412817064909
12404	1	0.013586386636909253
12404	2	0.18831599500929386
12404	3	0.007228565295648082
12404	4	0.1899614026273042
12404	5	-0.08443178942560081
12404	6	-0.2553464776427319
12404	7	-0.1096167933542489
12404	8	0.21305314856539326
12404	9	0.0688358579223518
12404	10	0.1935925459441279
12404	11	-0.08091640739668549
12404	12	0.23774319205796957
12404	13	-0.03582228194606785
12404	14	0.038273652575590233
12404	15	-0.1411670732957333
12404	16	0.09122061217802013
12404	17	-0.061231309111171583
12404	18	0.28534580450872227
12404	19	0.17403051028971817
12404	20	-0.10215313521975844
12404	21	0.14948587600142815
12404	22	0.06586758193697761
12404	23	-0.09983597949055678
12404	24	0.2600102206304129
12404	25	-0.1932047432523163
12404	26	0.27146813769750366
12404	27	0.4003400842474534
12404	28	-0.0653776749468733
12404	29	0.11440860370150574
12404	30	-0.017158846214677226
12404	31	-0.04457384235593054
12404	32	-0.13747596142630414
12404	33	0.1783942252103472
12404	34	-0.04397754679435906
12404	35	0.274716235040934
12404	36	-0.04720124756856592
12404	37	0.3504329744314916
12404	38	0.22403804686589268
12404	39	0.25117113286338366
12404	40	-0.10597397345114956
12404	41	0.0621331059662964
12404	42	0.00581591361120104
12404	43	-0.19718722905566466
12404	44	-0.04466208307629671
12404	45	0.009845355986321636
12404	46	-0.061830660412752536
12404	47	-0.00648739739391857
12404	48	-0.007923275228641558
12404	49	-0.1383773726644435
12404	50	-0.18862144988473517
12404	51	0.13741256655041667
12404	52	0.1906371274783254
12404	53	-0.054152889157535355
12404	54	-0.2619627853766602
12404	55	-0.047901229448584104
12404	56	0.026634381980578326
12404	57	-0.061212809643066635
12404	58	-0.032198527207008
12404	59	-0.2226121985901699
12404	60	-0.16682505844139683
12404	61	0.34983022160526644
12404	62	-0.24590661504934275
12404	63	0.10712784590045743
12404	64	-0.16409329519667182
12404	65	-0.264738352609605
12404	66	-0.0934378455567284
12404	67	0.4150010476385262
12404	68	0.13044803464267574
12404	69	0.031130367210224108
12404	70	-0.02761001200347124
12404	71	0.12345823798015232
12404	72	-0.38244846963382884
12404	73	0.2057762819366573
12404	74	0.16036053451222188
12404	75	0.0045486571919752805
12405	1	-0.08812962455766993
12405	2	0.2639235955395627
12405	3	0.1219140859908876
12405	4	0.10992015943979538
12405	5	-0.06610803040365454
12405	6	0.13954231304808928
12405	7	0.0806689630163504
12405	8	-0.008142903872375484
12405	9	-0.259997549059527
12405	10	0.16718217622841536
12405	11	0.011615629722179222
12405	12	0.32941354115209265
12405	13	0.005015838542959727
12405	14	0.31169389119688873
12405	15	0.19469240527254073
12405	16	0.14317966358471068
12405	17	0.19279726652588636
12405	18	0.2427106594210855
12405	19	0.053173241177916
12405	20	0.25247199366520334
12405	21	-0.16192228425781252
12405	22	0.19469362406395163
12405	23	0.10254286864613249
12405	24	-0.1978480795610693
12405	25	0.04085771071734001
12405	26	0.4949546600130148
12405	27	-0.16064827928178715
12405	28	0.3852409728657662
12405	29	-0.27108999697605896
12405	30	0.01932664502114534
12405	31	0.38748537107756675
12405	32	0.04395723933964035
12405	33	-0.01696591619487009
12405	34	0.24389990201990486
12405	35	0.1534391691991317
12405	36	-0.25115617465650075
12405	37	0.21737214072991407
12405	38	0.02061338933164336
12405	39	-0.21316087479605983
12405	40	0.1867569147503545
12405	41	-0.10227255024227588
12405	42	0.08701343901994818
12405	43	0.17576902370615244
12405	44	0.20459406657755608
12405	45	-0.4134054909719964
12405	46	-0.12890239409959747
12405	47	0.6866780172474094
12405	48	0.12403283023607514
12405	49	0.30488378509075176
12405	50	-0.33784814011893616
12405	51	-0.38581618584316146
12405	52	-0.5909139109662149
12405	53	0.08901252548379546
12405	54	0.20454921933684744
12405	55	-0.18399638337405122
12405	56	0.2609398761623467
12405	57	-0.026354951342874244
12405	58	0.015945529355072097
12405	59	0.154924993927132
12405	60	0.2154182763649075
12405	61	0.16649688827192932
12405	62	-0.2914508778273657
12405	63	0.21141419145945406
12405	64	-0.2958137253041997
12405	65	-0.026220161417974452
12405	66	-0.6131314675923747
12405	67	0.14977789253467932
12405	68	0.4547446909985453
12405	69	-0.26079038695091583
12405	70	0.38331943268646995
12405	71	-0.1377510711964547
12405	72	0.08150056557017393
12405	73	0.010894856100740924
12405	74	-0.40657863178620346
12405	75	0.3009030540103552
12406	1	0.12239264886783019
12406	2	6.056231893332154E-4
12406	3	-0.08091233490004868
12406	4	0.03062676466252867
12406	5	0.04648797574073882
12406	6	-0.42982788664469496
12406	7	0.008426259483321985
12406	8	-0.09336563812736642
12406	9	0.2165462297423133
12406	10	-0.18707281609109572
12406	11	0.17650042234890861
12406	12	-0.2334896846543586
12406	13	-0.42271073595780706
12406	14	0.11146347645034638
12406	15	-0.03263478366755379
12406	16	-0.18466979878088097
12406	17	-0.055712718113127835
12406	18	-0.011836191577380362
12406	19	-0.2715272196515741
12406	20	-0.43350342876183845
12406	21	-0.15106206920405185
12406	22	0.012051534970247246
12406	23	-0.1505600499406512
12406	24	0.21382626759714896
12406	25	-0.14588576086484295
12406	26	-0.4346766763925132
12406	27	-0.5721843775920803
12406	28	-0.015358105475250738
12406	29	-0.046374175163464315
12406	30	0.20464154517475208
12406	31	0.02771578582410683
12406	32	-0.4327401492932381
12406	33	0.4135409962475265
12406	34	0.2375097330490874
12406	35	-0.23600783540916837
12406	36	-0.40594880138461065
12406	37	0.21062866914773082
12406	38	-0.44367232495407194
12406	39	0.06381301153266605
12406	40	-0.249418200457022
12406	41	-0.10342462397499474
12406	42	-0.3619727360952609
12406	43	-0.08008351085605625
12406	44	-0.4241924157573109
12406	45	-0.5829139395127001
12406	46	-0.04621422205659087
12406	47	0.09316035211684692
12406	48	-0.6925416705319734
12406	49	0.12350129661148657
12406	50	0.23818872624050869
12406	51	-0.24560113207972023
12406	52	0.31678194156834394
12406	53	0.09692343178180352
12406	54	-0.10732482060170412
12406	55	0.17104201908369987
12406	56	0.0582977870686463
12406	57	0.019804802881395744
12406	58	0.18059990723526198
12406	59	0.44936431804387666
12406	60	0.12382073412220507
12406	61	-0.29302692125187946
12406	62	0.02231256303284823
12406	63	-0.11079779010736956
12406	64	-0.044093295196674376
12406	65	-0.4949144778542234
12406	66	0.06284395483466199
12406	67	0.05742766211993455
12406	68	0.035927486697474365
12406	69	0.17191314607519104
12406	70	0.05606904866188955
12406	71	-0.17795076397679566
12406	72	-0.22401402736377207
12406	73	0.20636336608538386
12406	74	0.09159341122455089
12406	75	-0.003474826173977874
12407	1	0.02547388136082418
12407	2	0.3099613654862523
12407	3	0.0039055922708186586
12407	4	-0.021642142900496708
12407	5	0.08542354997043233
12407	6	-0.21380547768110603
12407	7	0.22400048917520365
12407	8	-0.5643460302842271
12407	9	0.11749861069469603
12407	10	-0.7253361214132212
12407	11	0.0017665287914852001
12407	12	-0.016682961965280185
12407	13	-0.0980608760138324
12407	14	-0.29974100534236925
12407	15	-0.16098212260313005
12407	16	-0.13072021894895158
12407	17	-0.1776735024268561
12407	18	0.0924215115038507
12407	19	0.031441968023493416
12407	20	0.15260301381519525
12407	21	0.07095473751864034
12407	22	0.01009075065652354
12407	23	0.04731109851872617
12407	24	0.1325937745999468
12407	25	0.22593496742647545
12407	26	-0.246777516728649
12407	27	-0.35616196862849137
12407	28	0.2151180850009453
12407	29	0.006062799626448623
12407	30	0.21029980848008023
12407	31	0.10116116397536956
12407	32	0.0814335201745493
12407	33	-0.2008007404471499
12407	34	0.08098312240483097
12407	35	-0.03023752728591944
12407	36	0.007608621584573427
12407	37	-0.09615004233685909
12407	38	-0.25319613447788214
12407	39	-0.012993711156411791
12407	40	0.09764062307238675
12407	41	0.20749974577290686
12407	42	-0.10208478091318796
12407	43	0.38747951435402683
12407	44	0.2575442789205553
12407	45	-0.21680749693567236
12407	46	0.16090062388178694
12407	47	-0.10527102043217695
12407	48	0.09423704095262053
12407	49	-0.30490206473304937
12407	50	-0.31783368272307655
12407	51	-0.09142746261193224
12407	52	0.00972311803893433
12407	53	0.10028477631961863
12407	54	0.2637115939641177
12407	55	-0.3504145635493501
12407	56	-0.06511957987813588
12407	57	-0.44966298423345563
12407	58	-0.26080065298882715
12407	59	0.1601206205648893
12407	60	0.06824650443032709
12407	61	-0.10171039464123055
12407	62	-0.15365382352177193
12407	63	-0.2443552130765596
12407	64	-0.4694154240482149
12407	65	0.23432921962476883
12407	66	0.08127532738368615
12407	67	0.1522175780863222
12407	68	0.05077342507282623
12407	69	-0.14623811442901058
12407	70	-0.25126988691233976
12407	71	0.23924811557503034
12407	72	-0.057403383106070294
12407	73	0.0733101447968707
12407	74	-0.018826756842678094
12407	75	0.0870013643022105
12408	1	-0.09727550167851007
12408	2	-0.4897545548762281
12408	3	0.08858989091945801
12408	4	-0.1381227294694014
12408	5	-0.023645573429636357
12408	6	-0.032272241157038195
12408	7	0.32565814940642923
12408	8	0.2051288984974846
12408	9	-0.020232402390426785
12408	10	-0.017700092497406672
12408	11	0.11816776350633518
12408	12	-0.3989287781387745
12408	13	-0.014090744051699744
12408	14	0.06799929190967191
12408	15	-0.3185352288314576
12408	16	0.23895626354206456
12408	17	-0.12880863069912607
12408	18	-0.011569093236630579
12408	19	-0.036610182014989334
12408	20	-0.3984083255647519
12408	21	-0.03338501537969307
12408	22	-0.11506299356071281
12408	23	-0.17973042630649871
12408	24	0.15878782162385363
12408	25	-0.8349913861177711
12408	26	-0.143604236084947
12408	27	-0.43282379483206057
12408	28	-0.17811002777391138
12408	29	-0.05561739653133202
12408	30	0.1225128523378487
12408	31	0.12268138679537799
12408	32	-0.16091497729809134
12408	33	-0.20562533317376364
12408	34	-0.14478083757009585
12408	35	-0.18364846673251378
12408	36	-0.6269443497455995
12408	37	0.04407261896562176
12408	38	0.2394519162438229
12408	39	0.19604287798349418
12408	40	-0.08887590988640426
12408	41	-0.13944243053104088
12408	42	-0.07005043743075134
12408	43	-0.24651005881234767
12408	44	0.4350305708877684
12408	45	-0.09602603987692504
12408	46	-0.04264481695744138
12408	47	0.14960713479592158
12408	48	-0.4676772431746272
12408	49	-0.5085585981679586
12408	50	0.09270106942140899
12408	51	0.18544702656050305
12408	52	-0.08380891233695564
12408	53	0.04415127476035252
12408	54	-0.36536609943618714
12408	55	-0.4515723071000295
12408	56	-0.1692133420288897
12408	57	0.09030257706188394
12408	58	-0.17502129875421701
12408	59	0.22484792791842523
12408	60	-0.16008052043061127
12408	61	-0.3833142543154153
12408	62	-0.20935882506913117
12408	63	-0.6357026869102853
12408	64	0.09652993426508516
12408	65	0.1254902166014631
12408	66	-0.25616049680434827
12408	67	-0.5530458303932164
12408	68	-0.20288271160281113
12408	69	-0.23793711697620523
12408	70	-0.31590990722641266
12408	71	-0.6215687324106227
12408	72	-0.5508290819975272
12408	73	-0.296874189560107
12408	74	0.023094827655143035
12408	75	-0.20464844009546823
12409	1	0.10534450364288617
12409	2	-0.3623462315857253
12409	3	0.06919026967769426
12409	4	0.038156362136877675
12409	5	-0.08895006687962237
12409	6	0.40262673056130893
12409	7	0.2181815870287096
12409	8	-0.28266319140281837
12409	9	0.18524394087096852
12409	10	-0.3247681594218008
12409	11	0.07880507901820266
12409	12	0.12396887888155561
12409	13	-0.16312115426877938
12409	14	-0.10226975164751906
12409	15	0.29142204348319467
12409	16	0.3212970520478464
12409	17	0.32768112561220875
12409	18	-0.40582198478969644
12409	19	0.18069061775963036
12409	20	0.007254266581497859
12409	21	-0.11470847804383055
12409	22	0.01623464467822089
12409	23	0.14726157594726885
12409	24	0.20632824076210454
12409	25	-0.03819831019396247
12409	26	-0.07557643961271765
12409	27	0.13714474632268292
12409	28	0.023852628542115895
12409	29	-0.07414055243260265
12409	30	-0.005208494288545751
12409	31	0.027968350938550657
12409	32	0.1938265436822988
12409	33	0.10342260635012934
12409	34	0.0032713747223311884
12409	35	-0.15608676200743332
12409	36	0.10773707075429684
12409	37	0.24052606456999115
12409	38	0.10486753297805507
12409	39	0.04919580553423941
12409	40	0.06463073403389785
12409	41	0.21188713608815135
12409	42	0.1496136885298398
12409	43	0.12158973302712894
12409	44	0.10404752110140691
12409	45	-0.05671030888917983
12409	46	-0.021241846365981587
12409	47	-0.023682583952613356
12409	48	-0.2491478268066345
12409	49	-0.024201939379040027
12409	50	0.11822029687981228
12409	51	0.04069721046171537
12409	52	0.047073969981916264
12409	53	0.07892816737769692
12409	54	-0.10277864854172236
12409	55	-0.04479065652797942
12409	56	0.3973980238484387
12409	57	0.0710281651544804
12409	58	-0.1540330840828119
12409	59	0.38578105048271283
12409	60	-0.2294073637467804
12409	61	-0.05127475077042476
12409	62	0.37833466248036274
12409	63	0.09868918700392015
12409	64	0.2033100197204547
12409	65	-0.18825307296077654
12409	66	0.18042880092779967
12409	67	0.12375757530067233
12409	68	0.08233632647647937
12409	69	0.3909502415763768
12409	70	0.13276991685447115
12409	71	0.21600345859621228
12409	72	0.08409962693772854
12409	73	-0.09079527637712914
12409	74	-0.43801984844395747
12409	75	0.7836601383090525
12410	1	0.08151118990126349
12410	2	0.009891337475046669
12410	3	-0.006717806024667539
12410	4	-0.11988995266269953
12410	5	0.1682204985370923
12410	6	0.058439590558954535
12410	7	-0.09037313261394075
12410	8	0.20236384515531114
12410	9	0.13662221758426085
12410	10	0.27791198634051284
12410	11	0.21340011839753714
12410	12	-0.0015747910373349328
12410	13	0.22029838258322343
12410	14	0.09292244301569497
12410	15	0.29627099140843427
12410	16	0.07511743526167436
12410	17	0.32383135483519965
12410	18	0.36799663517033565
12410	19	0.06629952806878947
12410	20	0.164992011967648
12410	21	0.1752145265406284
12410	22	0.4006533586784542
12410	23	0.174151196259956
12410	24	0.3395861460166003
12410	25	0.004281412387442174
12410	26	0.2120102536986721
12410	27	0.29754206617691636
12410	28	0.10366925014785267
12410	29	-0.03204286817258151
12410	30	0.31388166675530016
12410	31	-0.3033176488263507
12410	32	0.35964586894385064
12410	33	0.40848020597397294
12410	34	0.544546207213223
12410	35	0.02689490015314533
12410	36	0.1611636606214688
12410	37	0.013242650910648024
12410	38	0.02593253826781705
12410	39	0.38527197809801095
12410	40	0.21729912477093904
12410	41	0.11238084714963037
12410	42	0.1639695131448633
12410	43	-0.13368533456426235
12410	44	0.30714497026092147
12410	45	0.2917821091195165
12410	46	0.23548790560298727
12410	47	0.11449773813507846
12410	48	0.004981125820613386
12410	49	0.6411912662163459
12410	50	0.4099212490368629
12410	51	0.5807818466436814
12410	52	0.6229673519026875
12410	53	-0.009763498309382612
12410	54	0.6016265471794497
12410	55	0.14590524096820445
12410	56	-0.21661102752101868
12410	57	0.08986559315494702
12410	58	0.28885218687051406
12410	59	0.2697442572536062
12410	60	0.6728936824504714
12410	61	0.4280217109669664
12410	62	0.50167426516051
12410	63	0.41439977828169106
12410	64	0.5912258537395019
12410	65	0.14256272579319074
12410	66	-0.3368216986607777
12410	67	0.7188410359801125
12410	68	0.5609274866974729
12410	69	0.21481588163750587
12410	70	0.5489565866558124
12410	71	0.5387817588195603
12410	72	-0.04715992402030622
12410	73	0.704843609246474
12410	74	0.03159341122454862
12410	75	0.4208412832485138
12411	1	0.21330173977692013
12411	2	0.042683545267255596
12411	3	0.15129545730774296
12411	4	0.1701072841430502
12411	5	-0.18597955672679234
12411	6	0.3431591263423215
12411	7	0.3897249607820257
12411	8	0.026894102132374087
12411	9	0.2430397362358221
12411	10	0.4238362748179938
12411	11	0.17156535741384005
12411	12	0.3015752504105791
12411	13	0.12663991339283598
12411	14	0.2153595803464512
12411	15	0.2995730085402428
12411	16	0.31740812329704227
12411	17	0.29052104812063817
12411	18	-0.0063816461228327626
12411	19	0.21626498814062955
12411	20	0.12545761019920576
12411	21	-0.2983347964767802
12411	22	-0.012623789705074273
12411	23	0.031777612397007715
12411	24	0.1800600338309124
12411	25	0.5156726806935978
12411	26	0.1144142326983939
12411	27	0.13327016786247015
12411	28	0.23243410231695805
12411	29	0.292846604057317
12411	30	0.1711350516682586
12411	31	0.19680669491501845
12411	32	-0.09819469474778231
12411	33	-0.0321732894667619
12411	34	0.3273798629192157
12411	35	0.34918696978564157
12411	36	0.19197327653746754
12411	37	0.21686243538150052
12411	38	0.5641198828381349
12411	39	-0.009174001454347547
12411	40	0.019412968374147965
12411	41	0.34852342797305624
12411	42	0.3988064846839592
12411	43	0.2617346709621273
12411	44	0.1313919998271018
12411	45	0.0755276189288594
12411	46	0.269889674047306
12411	47	0.31342009237658175
12411	48	0.19161417362387567
12411	49	0.2879168810270727
12411	50	0.14078612883790953
12411	51	0.5782949718163835
12411	52	0.4360027207891264
12411	53	0.18263771749608537
12411	54	0.11683102355414121
12411	55	0.23649656453824974
12411	56	0.61336272213358
12411	57	0.08473986781645948
12411	58	0.35488562152097103
12411	59	0.7187149673945257
12411	60	0.07654800684947105
12411	61	0.06151853329357948
12411	62	0.5830917838120726
12411	63	0.1479035085939273
12411	64	0.3320106009072248
12411	65	0.00820240526265792
12411	66	0.6210257730164841
12411	67	0.39301207770434843
12411	68	0.5333300841000721
12411	69	0.5929521071141579
12411	70	0.4804846330774737
12411	71	0.09139988537385335
12411	72	0.3328690895193418
12411	73	0.45961011933213314
12411	74	0.08873626836740556
12411	75	0.1978238751247261
12412	1	0.22652798721369294
12412	2	-0.19931918884074307
12412	3	0.14893728916010218
12412	4	0.04987488496328041
12412	5	0.2713000058159274
12412	6	0.39483376749064547
12412	7	0.35797513166377826
12412	8	0.27422834683503794
12412	9	0.5433131470355477
12412	10	0.2442053793976271
12412	11	0.31619967046921005
12412	12	0.13229978902985806
12412	13	0.36262760990685194
12412	14	-0.1396643430985236
12412	15	0.03781634415199875
12412	16	0.2005933591138529
12412	17	0.015264725495896414
12412	18	0.0485397482722405
12412	19	0.1580968404987999
12412	20	0.15566950356899412
12412	21	0.12893793079594928
12412	22	-0.14509132217261111
12412	23	0.33898882223979854
12412	24	0.09728491421368801
12412	25	0.20268566770658936
12412	26	0.035022571727786556
12412	27	0.24608629909965174
12412	28	0.42013061632925996
12412	29	0.6256559000245048
12412	30	0.2496039511897905
12412	31	0.39936992116245307
12412	32	0.06342526424059969
12412	33	0.12760114662346922
12412	34	0.3546525901919466
12412	35	0.42143577361338913
12412	36	0.17006623620937233
12412	37	0.218673781929688
12412	38	0.13903444196322567
12412	39	0.1579483498785308
12412	40	0.3629878145805705
12412	41	0.29093627828064683
12412	42	0.6656212488671471
12412	43	0.476533030497329
12412	44	0.5101684864983298
12412	45	0.645281549209102
12412	46	0.03957525162762465
12412	47	0.2754159912145866
12412	48	0.7200147204454694
12412	49	0.30462911616035626
12412	50	0.486684966842013
12412	51	0.39545149949922376
12412	52	0.2718195355533055
12412	53	0.5724873415562399
12412	54	0.3219232996990442
12412	55	0.17675630479799054
12412	56	0.5316812457152622
12412	57	0.40100781040018774
12412	58	0.3796976515961603
12412	59	0.10846206240478296
12412	60	0.5733696063026557
12412	61	0.2998302216052622
12412	62	0.46231256303285306
12412	63	0.6710067211708264
12412	64	0.5280119679612199
12412	65	0.5077922890630688
12412	66	0.6152499698722593
12412	67	-0.11354978148909112
12412	68	0.3385590656448443
12412	69	0.43830412351880454
12412	70	0.521632958436328
12412	71	0.4773875818878679
12412	72	0.650572438801639
12412	73	0.4315513360101946
12412	74	0.6552776217508622
12412	75	0.6619387076606102
12501	1	0.27477360124878203
12501	2	0.271747706038731
12501	3	-0.2337114057479006
12501	4	0.01725471665633549
12501	5	-0.08123173002774564
12501	6	-0.10606482044260446
12501	7	0.21409408759017623
12501	8	-0.18731066329190327
12501	9	-0.24603216747022572
12501	10	-0.15185794965671562
12501	11	0.03626813431174014
12501	12	0.12911194136190574
12501	13	0.1731467940460618
12501	14	0.422652016907179
12501	15	-0.19933242207250856
12501	16	0.07934104132751685
12501	17	-0.1553100855153744
12501	18	0.003332217249564451
12501	19	-0.00902625178475347
12501	20	0.24073582791644554
12501	21	-0.13095366812004272
12501	22	-0.08872275848697342
12501	23	0.1568963960523746
12501	24	-0.0347219321705694
12501	25	-0.34446880383812584
12501	26	-0.060491620256236445
12501	27	-0.5751731503369513
12501	28	-0.1712543501519832
12501	29	0.21560027315244668
12501	30	0.08283744141942861
12501	31	-0.10152153512053275
12501	32	0.2701789370404839
12501	33	0.20599937797420154
12501	34	-0.05429049923895235
12501	35	0.033345629554055733
12501	36	-0.03035453115619191
12501	37	0.14098871560533865
12501	38	-0.07627007950304687
12501	39	0.06730507502472705
12501	40	0.05840216346090443
12501	41	0.4281278344067374
12501	42	0.28836408155863325
12501	43	0.15006747636810047
12501	44	0.3091486605105942
12501	45	0.3254484298252791
12501	46	0.3222952630382636
12501	47	0.371921482585293
12501	48	0.21908047426090604
12501	49	-0.2759799267721732
12501	50	0.03784029418476109
12501	51	-0.5445713217816177
12501	52	-0.35870392757605885
12501	53	0.047291221173978215
12501	54	0.356376302123806
12501	55	-0.7050865136301923
12501	56	0.3257619759962509
12501	57	-0.4193744460539506
12501	58	0.016054804641377984
12501	59	-0.35355476828983967
12501	60	0.3766430337737674
12501	61	-0.16886896538660778
12501	62	-0.04256548574763741
12501	63	0.2636040681969263
12501	64	-0.0014916691804103266
12501	65	0.20793492206834685
12501	66	-0.020771995610552096
12501	67	-0.21126765340465425
12501	68	-0.07220259460333978
12501	69	0.18197121808448458
12501	70	0.18898426352832587
12501	71	0.12706665762599556
12501	72	-0.2619079491601326
12501	73	0.2549502805259536
12501	74	-0.10390794378900381
12501	75	0.09474429887441715
12502	1	-0.10401427753909687
12502	2	-0.23127027868656924
12502	3	0.010314216326502645
12502	4	0.2602948743306399
12502	5	0.07693530618806932
12502	6	0.05629043947363499
12502	7	0.3486715697286371
12502	8	-0.0942458690076009
12502	9	-0.018143524947440426
12502	10	-0.08583183485011148
12502	11	-0.24538990954142292
12502	12	-0.0057119068765771885
12502	13	-0.14983916308623435
12502	14	-0.1795899146030422
12502	15	0.06883707780431081
12502	16	-0.12335666746775331
12502	17	0.08828439588398851
12502	18	0.14838025863906523
12502	19	-8.345789589370156E-4
12502	20	0.11016179490339084
12502	21	0.011261163119179685
12502	22	0.07006019297890731
12502	23	-0.4112238306044347
12502	24	0.18208023585111732
12502	25	0.2188472838682074
12502	26	-0.1371730688889059
12502	27	0.06580985040214671
12502	28	8.32370715230013E-4
12502	29	-0.03550837429766318
12502	30	0.0029532334864441623
12502	31	0.07321362132194764
12502	32	0.0343449877919042
12502	33	0.34365643636296994
12502	34	0.17889501443436728
12502	35	-0.07000494940628244
12502	36	0.1508477354119222
12502	37	-0.3218100032909419
12502	38	0.06606793478619011
12502	39	-0.1498666421469892
12502	40	0.19156304052421547
12502	41	-0.18495420550457453
12502	42	-0.27254993667246197
12502	43	-0.24374873452128298
12502	44	-0.5571361387010327
12502	45	0.008067301468535959
12502	46	0.055603959761590716
12502	47	0.09870147765796844
12502	48	0.12256655457625243
12502	49	-0.2589806658704745
12502	50	-0.3000508119990286
12502	51	0.14106553458694293
12502	52	0.01139954618594885
12502	53	-0.18078219592382538
12502	54	-0.34644458972147163
12502	55	0.4302916583333456
12502	56	0.25751856628941994
12502	57	0.029689362765950023
12502	58	0.07068648732183647
12502	59	0.10197615065570886
12502	60	-0.3652268849254199
12502	61	0.012456484231528009
12502	62	0.17897922969951452
12502	63	-0.056425495735076936
12502	64	-0.5201539012572809
12502	65	0.44795709501735104
12502	66	0.41049186248257286
12502	67	0.0508042854965538
12502	68	-0.32922402845404264
12502	69	0.18609785025989822
12502	70	-0.0013335487407033497
12502	71	0.37300161697558565
12502	72	0.3156973723476284
12502	73	0.2976332073552257
12502	74	0.1427045223356629
12502	75	-0.3491458218449708
12503	1	0.012731212038762152
12503	2	0.14356185770625984
12503	3	-0.0012756709859260695
12503	4	-0.18009164987091353
12503	5	0.13707426806113432
12503	6	-0.16041417896509103
12503	7	-0.17069843085523928
12503	8	0.055503065423415876
12503	9	-0.549993819803511
12503	10	0.17694039613020607
12503	11	0.1325367559574957
12503	12	-0.2820445979491524
12503	13	-0.2685406286085126
12503	14	-0.21669507020531142
12503	15	-0.27281645171049007
12503	16	-0.09715534791382652
12503	17	-0.25878455956647173
12503	18	-0.009309354252856394
12503	19	-0.17971879686049164
12503	20	0.029353714095307737
12503	21	0.14743504062253976
12503	22	-0.12717224702809915
12503	23	-0.026100925250318596
12503	24	-0.1833661353756071
12503	25	-0.1661004594610418
12503	26	-0.1957501693735182
12503	27	0.029186390368288073
12503	28	0.17616955761310749
12503	29	-0.35557318424686457
12503	30	-0.11909090734382488
12503	31	-0.4511776906416216
12503	32	0.04238784410065222
12503	33	-0.13919228203488387
12503	34	-0.3436133057618136
12503	35	-0.15790709222171984
12503	36	0.05170602933380053
12503	37	0.11446021332609746
12503	38	0.01916830262643998
12503	39	-0.10642645997848632
12503	40	-0.004414071637867778
12503	41	-0.21820579655963002
12503	42	-0.21379767416296858
12503	43	0.07983391276079033
12503	44	-0.3637134727350144
12503	45	-0.18068437716753039
12503	46	0.09343895713416117
12503	47	-0.16763238116143953
12503	48	-0.12174067961537105
12503	49	-0.3770106769640691
12503	50	-0.0966585074506554
12503	51	-0.4042138488427298
12503	52	0.4532311570927021
12503	53	-0.5644308209019329
12503	54	-0.34012415999064416
12503	55	-0.10821479346790852
12503	56	-0.2054346654499355
12503	57	0.04143981526785012
12503	58	0.004431451413623222
12503	59	-0.37720876205521137
12503	60	-0.27611320477127776
12503	61	-0.036296946024791055
12503	62	-0.3128319456376687
12503	63	-0.08366319060282734
12503	64	-0.3028216188960968
12503	65	-0.27623569998469577
12503	66	-0.37989758108606253
12503	67	-0.5504831553862601
12503	68	-0.39644245549905577
12503	69	-0.4844369777893789
12503	70	-0.30112335431086024
12503	71	-0.4164974196332736
12503	72	-0.48946406865196224
12503	73	-0.0801766834604436
12503	74	-0.4134932939777656
12503	75	0.024518567715368533
12504	1	0.019871640464465656
12504	2	-0.4729517997798567
12504	3	0.06973192280303309
12504	4	0.06414217082499363
12504	5	-0.036775329581388405
12504	6	0.01833737946174807
12504	7	0.2919276600435481
12504	8	-0.08325359330943627
12504	9	-0.17626889630810183
12504	10	0.21549020911898964
12504	11	-0.11868165048022661
12504	12	-0.06535242975239441
12504	13	-0.0623465902995477
12504	14	-0.3091947868549738
12504	15	0.37298146283104927
12504	16	-0.15908156348676528
12504	17	-0.08313568730080334
12504	18	0.02939630141981553
12504	19	0.14243636578259355
12504	20	-0.2500580506105763
12504	21	-0.20880716724326476
12504	22	-0.13871877315300196
12504	23	0.05676488003133784
12504	24	0.07096912474000305
12504	25	0.04876409907913626
12504	26	0.12612164293521744
12504	27	0.05875399775806045
12504	28	-0.6658342959514414
12504	29	-0.07762067376290105
12504	30	-0.27044248843868957
12504	31	0.22651130403139064
12504	32	0.29957077507651064
12504	33	-0.08385396173567017
12504	34	-0.022308194121777092
12504	35	0.3489641533863548
12504	36	-0.024954403625507382
12504	37	-0.04432931404554097
12504	38	-0.08968072831541463
12504	39	0.1449194541096901
12504	40	0.06507759786230594
12504	41	0.06779386341996485
12504	42	0.0757863675462005
12504	43	-0.2193132027328062
12504	44	0.4571241108533286
12504	45	-0.06939853335023827
12504	46	-0.3517044181350215
12504	47	0.0978102120608213
12504	48	-0.2531018946216079
12504	49	0.05504191285798754
12504	50	0.006396009153675664
12504	51	-0.17020897521697975
12504	52	-0.3929379463868372
12504	53	0.012399622257994736
12504	54	0.07883764438428642
12504	55	0.062050422445047104
12504	56	-0.3935509524271552
12504	57	0.0037683883155636977
12504	58	0.25985761031649446
12504	59	0.15136711916432688
12504	60	-0.049050414337180825
12504	61	0.16649688827192932
12504	62	0.2255478571504952
12504	63	0.11313778412232267
12504	64	0.15453415578372187
12504	65	-0.3321973910194913
12504	66	-0.32383671743424713
12504	67	-0.25779642751592036
12504	68	-0.255248983890759
12504	69	-0.15429133571752374
12504	70	0.27674131756945286
12504	71	-0.09268465753421395
12504	72	-0.03709525985676976
12504	73	-0.37802038741601507
12504	74	0.04139733279317426
12504	75	-0.15284457407313568
12505	1	-0.24867698501587654
12505	2	-0.25455589870585626
12505	3	-0.09511190417499549
12505	4	-0.019868569149387838
12505	5	-0.1648544506770655
12505	6	0.20935373575301242
12505	7	-0.4143734533666432
12505	8	0.3008482886493766
12505	9	0.18055197274303225
12505	10	0.002920005158010497
12505	11	0.12508620842213247
12505	12	0.0016861947426320967
12505	13	-0.23204311212435869
12505	14	0.0022028877927766644
12505	15	-0.044608940164323485
12505	16	-0.1403481907406814
12505	17	0.1280920198624642
12505	18	-0.013070936731722327
12505	19	0.08227033957312102
12505	20	0.08965522163299511
12505	21	0.06411381019293572
12505	22	-0.19886016639371462
12505	23	-0.21778187334338384
12505	24	0.1136826925791965
12505	25	-0.16113342777079964
12505	26	-0.06789993554541951
12505	27	0.16426931946463696
12505	28	-0.0988326209095618
12505	29	-0.46397647236375406
12505	30	-0.5462701561892089
12505	31	0.4130567764917359
12505	32	0.18351254273834883
12505	33	-0.18457817101737106
12505	34	-0.2604227866924802
12505	35	-0.09850604072143909
12505	36	0.13630532639715653
12505	37	0.26161215802066806
12505	38	-0.4203413845377
12505	39	-0.3009249640595826
12505	40	-0.14453664984682746
12505	41	0.14675484479744227
12505	42	-0.13891458821299096
12505	43	-0.3614331160247559
12505	44	-0.10788229371854641
12505	45	0.06518369149949876
12505	46	0.38132346638562353
12505	47	-0.025403897703689893
12505	48	-0.0869278873302477
12505	49	0.03587746315850637
12505	50	-0.007324554448651099
12505	51	-0.030626257707865534
12505	52	-0.10919077917824893
12505	53	-0.12683823368840308
12505	54	0.02228034809893842
12505	55	-0.04887183590552979
12505	56	0.12618005555393097
12505	57	-0.2008699997029595
12505	58	-0.06700956871592467
12505	59	-0.25683812273142337
12505	60	0.09499087051846544
12505	61	-0.03660193919875354
12505	62	0.05125728665093732
12505	63	-0.42653361207434415
12505	64	0.2756051972656408
12505	65	-0.23098052236247923
12505	66	0.2871224903694838
12505	67	0.21080885379258518
12505	68	0.05904306458692332
12505	69	0.08941494076292145
12505	70	0.011000850528368744
12505	71	-0.1491926878820351
12505	72	-0.06786183784475242
12505	73	-0.0908369210646498
12505	74	-0.09403472947897029
12505	75	-0.7502802820246579
12506	1	0.18491852878501192
12506	2	-0.06655793788727138
12506	3	-0.06658521274684048
12506	4	-0.06904197239751042
12506	5	0.04048383495398866
12506	6	-0.27976577484344745
12506	7	-0.16540396825994463
12506	8	-0.1386244372992067
12506	9	-0.296580064253547
12506	10	-0.19957799207453064
12506	11	-0.17716417392438188
12506	12	0.02737988056303209
12506	13	0.26403874644384473
12506	14	-0.1071700639223252
12506	15	0.022065009293108062
12506	16	-0.07713356689682627
12506	17	-0.2160853889205825
12506	18	-0.052871388264755126
12506	19	-0.3716514432540592
12506	20	-0.14455932938295035
12506	21	-0.0870040981895599
12506	22	-0.5798739308682599
12506	23	0.04894305564940993
12506	24	-0.2217844984484003
12506	25	-0.06543027432239512
12506	26	-0.18805141759334276
12506	27	0.10996883151765502
12506	28	0.03416570404856145
12506	29	0.15296329895662097
12506	30	-0.1287331960260758
12506	31	-0.31394052887568336
12506	32	-0.4131956358356774
12506	33	-0.42720434536737883
12506	34	0.10682650323542475
12506	35	-0.15331632402200057
12506	36	-0.032946730991234574
12506	37	-0.4048578732953274
12506	38	0.19525107049106083
12506	39	-0.701777050579139
12506	40	-0.2053188215750339
12506	41	-0.05456334033110011
12506	42	-0.07331849178883942
12506	43	0.0703926796201344
12506	44	-0.0382296828380575
12506	45	-0.4344667345437543
12506	46	-0.0696924829261576
12506	47	0.45390569373174827
12506	48	-0.2421897036582621
12506	49	-0.08945936591439363
12506	50	-0.2112936754158028
12506	51	-0.1458909871521854
12506	52	0.1892871175517783
12506	53	-0.4546293632492535
12506	54	-0.6325008040385569
12506	55	0.37095920334871124
12506	56	0.23854623427361332
12506	57	-0.369015072895003
12506	58	-0.4235822873817199
12506	59	0.3066313987892215
12506	60	-0.3601544211573042
12506	61	-0.17480745955415244
12506	62	0.18550096882994893
12506	63	-0.561563835656024
12506	64	-0.4249628604140625
12506	65	-0.16352731429314815
12506	66	-0.6588537677326229
12506	67	-0.22422865257986047
12506	68	0.14172458814675082
12506	69	0.1027205994913416
12506	70	0.0749510362395327
12506	71	0.22300161697558707
12506	72	-0.5778028472395533
12506	73	-0.41082089892496754
12506	74	-0.4089862989203823
12506	75	-1.0604106439793597
12507	1	-0.13625396767352527
12507	2	0.045918906397353965
12507	3	-0.06848125720581066
12507	4	0.1644112258154138
12507	5	0.03220226145502636
12507	6	0.3467134667387697
12507	7	0.05534355271640834
12507	8	0.08212308367714627
12507	9	0.207724174604472
12507	10	0.14595976536254085
12507	11	-0.0030985751448255883
12507	12	0.380044149932111
12507	13	0.3650085622878052
12507	14	0.08239079474608957
12507	15	0.045711080994102815
12507	16	0.06049310848728595
12507	17	0.22303414905479002
12507	18	-0.10822716902099216
12507	19	0.2124828054110779
12507	20	0.36769957875696235
12507	21	0.3672837954576025
12507	22	0.20277835201285654
12507	23	0.27169558915709047
12507	24	0.21883879892546787
12507	25	0.08012927672914572
12507	26	0.19830577974784092
12507	27	0.16175045950065225
12507	28	0.0672484108154805
12507	29	-0.07133658117849961
12507	30	0.04709768552562821
12507	31	-0.031081206657091798
12507	32	0.35152050233583765
12507	33	-0.053225921045708446
12507	34	0.3724470764074823
12507	35	-0.009892547188613321
12507	36	0.580216612149222
12507	37	0.12882415786953771
12507	38	0.5864028630158558
12507	39	0.33213381353767346
12507	40	0.19995523312693564
12507	41	0.054470112867115006
12507	42	0.13542074761401324
12507	43	0.08392651420660258
12507	44	0.29174743386674606
12507	45	0.40931663692840203
12507	46	0.12315921152737275
12507	47	-0.06944616417388261
12507	48	0.38555356756326375
12507	49	-0.21128567080705807
12507	50	-0.12396666223067143
12507	51	-0.23988684636543667
12507	52	-0.24296743186523884
12507	53	0.03777556210761901
12507	54	-0.029079206566620996
12507	55	0.017859061690217004
12507	56	-0.12069970666568963
12507	57	0.2373486625305148
12507	58	0.16791820297460447
12507	59	-0.03890635864784997
12507	60	-0.16660533104070652
12507	61	0.4340407479210526
12507	62	0.4590544176694422
12507	63	0.08278616979237796
12507	64	-0.2242436711365201
12507	65	-0.027796683368009667
12507	66	0.14820736335596507
12507	67	-0.2812189544214192
12507	68	-0.06407251330252706
12507	69	0.0539682839198079
12507	70	-0.19967029970903383
12507	71	-0.22662244317479008
12507	72	-0.04516690956928926
12507	73	0.04220296508287902
12507	74	0.09926258415688238
12507	75	0.09201389563053652
12508	1	0.04196936844454768
12508	2	-2.9297445589548943E-5
12508	3	-0.21287000685772028
12508	4	-0.12450551046974567
12508	5	-0.08419985494709081
12508	6	-0.22749984431664672
12508	7	0.14027811133517787
12508	8	0.16441213965040902
12508	9	-0.28990879671270875
12508	10	-0.1702474192656993
12508	11	0.09046867631716538
12508	12	-0.14460079576547002
12508	13	0.13707762383054956
12508	14	0.03421479920167059
12508	15	-0.1630051540379256
12508	16	-0.13429942841050746
12508	17	-0.41063335303375936
12508	18	-0.10739174713293664
12508	19	-0.11110393922829331
12508	20	0.08226376700535809
12508	21	0.19825010010811894
12508	22	-0.2863611634424501
12508	23	0.14457222519162372
12508	24	0.11594266971354728
12508	25	-0.5666265016055831
12508	26	-0.3227190044348376
12508	27	0.12749816209046116
12508	28	-0.2346173647345111
12508	29	-0.2636228524121407
12508	30	-0.40625792572471653
12508	31	0.11205441016273454
12508	32	-0.3421581387112269
12508	33	-0.24328440057787049
12508	34	-0.15804582250646604
12508	35	-0.13061101001233766
12508	36	-0.09494351037932347
12508	37	-0.39540307688401555
12508	38	-0.5971114783932236
12508	39	-0.8771393694197158
12508	40	-0.2372488882877093
12508	41	-0.4790859996363679
12508	42	0.07220715808463751
12508	43	-0.4671734579460036
12508	44	-0.3143511459160422
12508	45	0.14671569011692753
12508	46	-0.4330925289348926
12508	47	0.002260881217374333
12508	48	-0.3816421996325019
12508	49	-0.38909129598110326
12508	50	-0.26710227905049777
12508	51	-0.44359055006913906
12508	52	6.972854836888587E-4
12508	53	-0.24487551001713825
12508	54	-0.48870048197736793
12508	55	-0.798905070863384
12508	56	-0.38678157801071933
12508	57	0.15366723674382854
12508	58	-0.3572836906483374
12508	59	-4.769517973883808E-4
12508	60	-0.08083535053388147
12508	61	-0.3771539053788615
12508	62	-0.08689378617349774
12508	63	-0.1894221287317066
12508	64	-0.3334054645088429
12508	65	-0.06803617097591541
12508	66	-0.2669973150066056
12508	67	-0.034212549520276525
12508	68	-0.48206193129194475
12508	69	-0.41358949942745227
12508	70	-0.6526082000153579
12508	71	-0.32937933540536335
12508	72	-0.5205219638717082
12508	73	-0.30421864449662905
12508	74	-0.14300976337862892
12508	75	-0.47913620183535244
12509	1	-0.2309431973440077
12509	2	0.22592036122174974
12509	3	-0.052597219935854866
12509	4	-0.017296341255299552
12509	5	-0.15136351313977414
12509	6	0.09240354946537366
12509	7	0.12936105028618528
12509	8	0.11920126726275981
12509	9	0.2069570853774465
12509	10	0.06523023705628361
12509	11	0.016296879190221603
12509	12	0.20397733381530259
12509	13	0.2818124453463753
12509	14	0.1554891078110714
12509	15	0.2463776550810337
12509	16	0.05337769462281017
12509	17	0.1603973459652721
12509	18	0.011676812568865103
12509	19	-0.09224339002474125
12509	20	0.10587086449108796
12509	21	0.35347618937114333
12509	22	0.04699311054506694
12509	23	0.21565178571709254
12509	24	-0.14275119188268803
12509	25	0.0050603378912867925
12509	26	0.17456569073903694
12509	27	0.061618864021191655
12509	28	-0.0673294586603248
12509	29	0.3998678150363091
12509	30	0.06237995452266176
12509	31	0.10437617029452184
12509	32	-0.2747152717960617
12509	33	-0.023051540503324475
12509	34	-0.30207564199803016
12509	35	0.23716969945702004
12509	36	-0.22066421789422463
12509	37	-0.06380781784812228
12509	38	0.11757908854009003
12509	39	0.12066186189074557
12509	40	0.15732887832172082
12509	41	-0.18144950147216576
12509	42	0.23645168908378622
12509	43	0.03890631198601113
12509	44	-0.14374763626240394
12509	45	-0.029465013768259496
12509	46	0.10993353519934601
12509	47	0.04025420812890701
12509	48	-0.09980891516069335
12509	49	0.309607591372135
12509	50	0.11210504738637894
12509	51	0.15777617662740084
12509	52	0.08648416546581927
12509	53	0.10024043140487038
12509	54	0.11293149300553296
12509	55	0.1915320303916559
12509	56	-0.01736749751484723
12509	57	0.030961983431716078
12509	58	0.19423729886737107
12509	59	0.07788297616675521
12509	60	-0.052342100404750624
12509	61	0.3725215144812566
12509	62	-0.010774508207255451
12509	63	0.15617544773657954
12509	64	-0.19311704189851753
12509	65	0.1876561968536521
12509	66	0.12120053229414651
12509	67	-0.4354634045969945
12509	68	0.5401491225813757
12509	69	0.0385471453213313
12509	70	0.1115232514511888
12509	71	0.38641410598174275
12509	72	0.26182087651862673
12509	73	0.42215680747248996
12509	74	0.6542847041005402
12509	75	0.4016137527932315
12510	1	-0.02522639875121868
12510	2	0.08211355969726952
12510	3	-0.09170598569370014
12510	4	0.10499184402760875
12510	5	-0.09200408775132374
12510	6	0.038108621291819134
12510	7	-0.12228802623096158
12510	8	-0.13161960638133507
12510	9	0.3611494043454897
12510	10	0.22022877121049333
12510	11	0.009913120761609662
12510	12	-0.3112674624321343
12510	13	0.1332416449945697
12510	14	0.4138444288312968
12510	15	0.03196839093562431
12510	16	0.1314413123302316
12510	17	-0.0927762101766163
12510	18	-0.1470742868154744
12510	19	-0.526844679969038
12510	20	-0.4178685081269151
12510	21	-0.09328429142627215
12510	22	-0.22009132217260685
12510	23	0.0059478865672843995
12510	24	0.4515246802955559
12510	25	-0.17786988784897062
12510	26	0.25095824424240476
12510	27	0.053688638280938505
12510	28	-0.17416762928477425
12510	29	-0.07843766722695733
12510	30	0.23805424358745597
12510	31	0.14644594455426585
12510	32	-0.14797824453133046
12510	33	0.011080678787209308
12510	34	-0.12868074314138767
12510	35	0.06938898998765808
12510	36	0.6680194525836427
12510	37	0.20975565327471912
12510	38	0.3678356115538648
12510	39	0.3506384083580585
12510	40	0.002169101130277795
12510	41	0.11959124904088014
12510	42	-0.07911559323811446
12510	43	0.41205934628680296
12510	44	0.01937901281411314
12510	45	-0.036882193480956005
12510	46	-0.0567697776121463
12510	47	-0.0038237748672855787
12510	48	0.23317261518231192
12510	49	0.06223145534164587
12510	50	-0.14752555947377743
12510	51	0.1882877568091672
12510	52	-0.27496409017768997
12510	53	-0.12926704440867098
12510	54	0.21315136987448113
12510	55	-0.0010214729797866084
12510	56	-0.0871784034075489
12510	57	0.02615400923060207
12510	58	-0.1558286641933151
12510	59	0.15626907994864325
12510	60	0.31255089285235726
12510	61	0.17760799938304217
12510	62	0.04286811858840878
12510	63	0.5142815749719958
12510	64	0.12201781591443961
12510	65	0.19214901420926367
12510	66	0.5238757008664123
12510	67	0.29726893196120585
12510	68	0.08592748669747152
12510	69	0.048976638138682915
12510	70	0.09210079469363563
12510	71	0.11744606142003278
12510	72	0.3151923218425736
12510	73	-0.17736679264477573
12510	74	-0.14618436655322853
12510	75	-0.3637922864914387
12511	1	-0.06763563967531283
12511	2	-0.013623514010102866
12511	3	8.132662314928041E-4
12511	4	0.015195364379643195
12511	5	-0.00704809215176283
12511	6	0.29311412184186736
12511	7	0.41607831040270327
12511	8	0.24236279185848986
12511	9	0.1410723966447165
12511	10	-0.06778002966959917
12511	11	0.10064469391892317
12511	12	0.42938160247435775
12511	13	-0.008425021672096022
12511	14	-0.027574713082891833
12511	15	-0.05395020092356617
12511	16	0.17602327052605204
12511	17	0.23772433987838326
12511	18	0.1582062412373304
12511	19	0.1212026247614375
12511	20	0.04668044676857619
12511	21	0.20963100010288116
12511	22	-0.058952708311224455
12511	23	-0.2702347316945435
12511	24	0.06354338216574718
12511	25	0.025952994439258248
12511	26	0.0021408625042340645
12511	27	0.24092736215332167
12511	28	0.2046277502531808
12511	29	0.3231024867884429
12511	30	0.20749868803189742
12511	31	0.1252688268424933
12511	32	-0.20210365707258404
12511	33	0.2893260033196654
12511	34	0.0764347684097686
12511	35	0.4265947105597192
12511	36	-0.13170551991360924
12511	37	0.28662584029341787
12511	38	0.06764309230194243
12511	39	0.08903224774199714
12511	40	0.5998038646066277
12511	41	-0.0065363637203930125
12511	42	0.1822705453757436
12511	43	-0.17284164381221245
12511	44	0.14883445835867093
12511	45	0.384129907729168
12511	46	0.3416075601216306
12511	47	-0.23193158564836125
12511	48	-0.28217391947114834
12511	49	0.35095532772888305
12511	50	0.3113853316153339
12511	51	0.39519094712819935
12511	52	0.013924798711201447
12511	53	0.5713930215979275
12511	54	0.6560556603035295
12511	55	0.19556818598610448
12511	56	0.4874915635891526
12511	57	0.30184157798747435
12511	58	-0.06845242656955008
12511	59	0.10140109314995982
12511	60	0.156225260289105
12511	61	-0.09422918433532601
12511	62	0.42320365214175837
12511	63	0.2376039072052194
12511	64	0.06610472460531014
12511	65	0.17848014732258122
12511	66	0.1867194852448506
12511	67	0.34220842591059863
12511	68	0.5745413480836135
12511	69	0.7209513356084329
12511	70	0.2774693315473229
12511	71	0.2954438612000132
12511	72	0.29434523713410243
12511	73	0.24950339437392444
12511	74	0.30634588647207295
12511	75	0.17905699843705492
12512	1	0.14676030116565641
12512	2	0.09623797089150443
12512	3	0.3135586305434863
12512	4	0.26338059437396666
12512	5	0.1365841638419134
12512	6	0.17798116216186344
12512	7	0.14485661217302948
12512	8	-0.17250350773905154
12512	9	0.1544300915164527
12512	10	0.04087160856155947
12512	11	0.2362154205676461
12512	12	-0.11827771457954128
12512	13	0.20603881872690977
12512	14	0.3213672883491725
12512	15	-0.3311100241378071
12512	16	-0.08197653194796573
12512	17	0.2518968294465438
12512	18	0.03954250453946884
12512	19	0.09689458298468878
12512	20	0.28870533504294116
12512	21	0.32320226994806944
12512	22	0.1197465830642983
12512	23	-0.07836909874720988
12512	24	0.15575715466518858
12512	25	0.05281035598589057
12512	26	0.23296849638981598
12512	27	0.19665067762701938
12512	28	0.12011749124722826
12512	29	0.7330059459622902
12512	30	0.3421620296777803
12512	31	0.004994018813064827
12512	32	0.12891286103808142
12512	33	0.08531869485814525
12512	34	0.21724610640141861
12512	35	0.4926918439638328
12512	36	0.06239462576181154
12512	37	0.24678114510070515
12512	38	0.11599992299748152
12512	39	0.4840410129576682
12512	40	-0.03142746301491428
12512	41	0.3076904454941882
12512	42	0.01913877085166149
12512	43	0.0502763038927867
12512	44	0.33939148164204624
12512	45	-0.06966135668405826
12512	46	0.15932193754440505
12512	47	0.42666943654862166
12512	48	-0.06558050202466603
12512	49	0.20332317049819437
12512	50	0.3078360365362016
12512	51	-0.17148641886276295
12512	52	0.33686744210272224
12512	53	0.21740793480994824
12512	54	0.09091529339900717
12512	55	0.3348610429526033
12512	56	0.007688595761194961
12512	57	0.30922411175207287
12512	58	0.18288704652987775
12512	59	0.1368384897574515
12512	60	0.26174734616352424
12512	61	0.5677853338247161
12512	62	0.5229110667734957
12512	63	0.38806932781211856
12512	64	0.63889922350657
12512	65	0.031391186556177786
12512	66	0.36372746035657144
12512	67	0.3630350721662481
12512	68	0.4820621500391198
12512	69	-0.27824004238223665
12512	70	0.10782537213891175
12512	71	0.07852946402463346
12512	72	0.20187838446380368
12512	73	0.15167864930590014
12512	74	-0.05568838428667533
12512	75	0.038313560003437885
12601	1	-0.031691554082872386
12601	2	0.07569738281509686
12601	3	-0.16469786926492702
12601	4	-0.01112206585204234
12601	5	-0.0027023805025123693
12601	6	-0.3241639787641617
12601	7	0.11354320802596618
12601	8	-0.06370748771355039
12601	9	0.047449432333174
12601	10	-0.2617471593800502
12601	11	-0.4060328630055352
12601	12	-0.15943426903722724
12601	13	-0.08902955567713633
12601	14	-0.4134015829235267
12601	15	0.18451527030870096
12601	16	-0.6595816375718115
12601	17	-0.2695954097288151
12601	18	-0.03582323727727044
12601	19	0.08238425929768312
12601	20	0.041948172533594175
12601	21	0.20022256555665052
12601	22	-0.23728275794086784
12601	23	0.053498964093172674
12601	24	-0.24893011959249378
12601	25	-0.3129314607568858
12601	26	-0.12889761917768539
12601	27	-0.3949119774481389
12601	28	-0.22292917420500657
12601	29	-0.4051938944869633
12601	30	-0.3239874580638187
12601	31	-0.03225542684231897
12601	32	-0.015568504816805273
12601	33	0.05368493291539522
12601	34	-0.1357756213949557
12601	35	0.16759777812087862
12601	36	-0.08566092804888115
12601	37	-0.25984272343952597
12601	38	-0.12989038900588668
12601	39	-0.6046792518714383
12601	40	0.2951301982475485
12601	41	0.09844655270726577
12601	42	-0.2660173564622994
12601	43	-0.2296912834361251
12601	44	-0.035973632022155755
12601	45	-0.2504562209088874
12601	46	0.1571610928048699
12601	47	0.1296914784212717
12601	48	-0.15372914804186877
12601	49	-0.13133137701211695
12601	50	0.1250185211307553
12601	51	0.005885014015994727
12601	52	0.08823210349709854
12601	53	0.15608140227478629
12601	54	0.2048810088333397
12601	55	0.2316681435889194
12601	56	-0.09924809274424007
12601	57	0.08414449341755414
12601	58	0.12509073127268522
12601	59	0.16896849220724874
12601	60	-0.10557113345606695
12601	61	-0.1443763275131218
12601	62	-0.14196955283616575
12601	63	-0.376706390323271
12601	64	-0.09356432794226066
12601	65	-0.08758090462644219
12601	66	0.4997853006425075
12601	67	0.5264740816953193
12601	68	-0.298329440254669
12601	69	0.4373827394541081
12601	70	-0.2079971622053236
12601	71	-0.7262846970462391
12601	72	-0.1586811738193319
12601	73	0.25656127900369796
12601	74	-0.0666433645940927
12601	75	0.65255252179292
12602	1	0.009109440847780093
12602	2	-0.04430665751242202
12602	3	0.05933829166636784
12602	4	-0.12130305989887447
12602	5	0.13495915368559963
12602	6	-0.29489054328629294
12602	7	-0.4007967981607834
12602	8	-0.461736565445662
12602	9	-0.06295251712485594
12602	10	-0.11970439503846109
12602	11	-0.1685121089794137
12602	12	-0.1387528425490956
12602	13	0.1394446525133688
12602	14	0.07487199775360409
12602	15	0.14094917623219771
12602	16	-0.04978258073576569
12602	17	0.007495301936998544
12602	18	-0.2185028582440509
12602	19	-0.1684695755413017
12602	20	0.0970228870276415
12602	21	-0.09637535241207473
12602	22	-0.42378806402724223
12602	23	0.02858781973353075
12602	24	-0.11700080007202729
12602	25	-0.04518400647887688
12602	26	0.08051129353229669
12602	27	-0.25428964074997396
12602	28	-0.03801474707925934
12602	29	-0.39715111751935694
12602	30	-0.24112286585281595
12602	31	-0.27168271041649206
12602	32	0.09086887326315463
12602	33	-0.14846401628380335
12602	34	-0.07116194614890503
12602	35	-0.04999279781517885
12602	36	-0.35963301191092967
12602	37	0.3017564886966042
12602	38	0.04504947955720695
12602	39	0.04641952782338876
12602	40	-0.010571082662536924
12602	41	-0.2362567041754957
12602	42	-0.06257423985465493
12602	43	-0.46745193190869117
12602	44	0.031095804794063042
12602	45	-0.6257710823698446
12602	46	0.29609154235443924
12602	47	-0.08699002382300591
12602	48	-0.0029176103815942156
12602	49	0.4578872615237657
12602	50	-0.16657317852139641
12602	51	-0.28249336265616165
12602	52	0.08535337013977085
12602	53	-0.2730013802482745
12602	54	-0.04411680055157774
12602	55	0.045427983995985244
12602	56	0.19759603268268222
12602	57	-0.26139820463740193
12602	58	0.10776782703475618
12602	59	-0.15419457919922763
12602	60	0.0765024383828532
12602	61	-0.250169778394735
12602	62	-0.06224884047592383
12602	63	0.1103550920981462
12602	64	0.16924003813666388
12602	65	0.06242888054176632
12602	66	0.04795673678955126
12602	67	-0.00803599702793889
12602	68	-0.29715522006944184
12602	69	-0.25931492410024504
12602	70	-0.10443220447093893
12602	71	0.3448061282537864
12602	72	-0.5589513707221698
12602	73	0.14746612297761175
12602	74	-0.3844466890260776
12602	75	0.13211414625710205
12603	1	-0.19834467832111002
12603	2	0.11069778908795058
12603	3	0.017075376313471224
12603	4	0.0023932777193671484
12603	5	0.29410702335978556
12603	6	0.3357788721878734
12603	7	-0.06449232730623322
12603	8	-0.01889559204441582
12603	9	0.08140030040284074
12603	10	-0.25217266248126435
12603	11	0.051938210367339366
12603	12	0.21382214330263594
12603	13	0.10179003209134407
12603	14	0.2794358266807606
12603	15	0.20275692140157275
12603	16	-0.260046142866905
12603	17	0.17129189018180568
12603	18	-0.18739686746063455
12603	19	0.14725926268329204
12603	20	0.0750526388264916
12603	21	0.1794755652045481
12603	22	0.06566136599943206
12603	23	0.25308050305473984
12603	24	0.04677557635290697
12603	25	0.016664162330243926
12603	26	0.3551697137764549
12603	27	0.26139473147090087
12603	28	0.07341301587651827
12603	29	-0.42969214751369833
12603	30	0.172552451472761
12603	31	-0.018428607417057208
12603	32	-0.06356964238079144
12603	33	-0.08954656135615835
12603	34	0.3379859235252809
12603	35	-0.15570061574710792
12603	36	-0.014597034871556502
12603	37	0.21737214072991407
12603	38	-0.3530425246468525
12603	39	0.028774609074908142
12603	40	0.19750960292239483
12603	41	0.23912529922009185
12603	42	0.011744621815644507
12603	43	-0.1683169977992236
12603	44	0.08093815259906023
12603	45	0.1726160144043476
12603	46	-0.034816372594221434
12603	47	-0.2649348859783913
12603	48	0.05145218507478688
12603	49	0.08714184960687987
12603	50	-0.13354706485012002
12603	51	0.251280588350383
12603	52	0.20209684172195352
12603	53	0.008367364193475169
12603	54	0.21261373546587947
12603	55	-0.0925985339116906
12603	56	0.427606542829011
12603	57	0.032784833603358265
12603	58	0.2632573573120638
12603	59	0.02051639177659581
12603	60	-0.01845269137702843
12603	61	0.34391624311064106
12603	62	0.04994697163500206
12603	63	0.44528515920139
12603	64	0.4488099306097766
12603	65	0.21840349449600893
12603	66	0.3814921883216087
12603	67	-0.06796404294919256
12603	68	-0.023749932657366912
12603	69	-0.02423124716597158
12603	70	-0.19463755656084203
12603	71	0.5719263481583852
12603	72	0.12182314621533408
12603	73	0.26358302814375634
12603	74	0.05847513165465301
12603	75	0.2417632690641156
12604	1	-0.29159808016714805
12604	2	-0.48310276281993936
12604	3	-0.10960175757177026
12604	4	0.11248938581718804
12604	5	-0.5067779323924242
12604	6	-0.2496003265941269
12604	7	-0.1536302091218147
12604	8	-0.3333403536773005
12604	9	-0.17537960253749674
12604	10	0.09643329431767
12604	11	-0.04129140234557127
12604	12	-0.33142478789919494
12604	13	-0.002525316657347787
12604	14	0.39835770316758357
12604	15	-0.11016533571137899
12604	16	0.015979168770741126
12604	17	-0.7835087568826182
12604	18	-0.19279700067978212
12604	19	-0.019002988720266956
12604	20	-0.15058728885454542
12604	21	-0.215899827316143
12604	22	-0.40821816583042647
12604	23	0.2636666672949133
12604	24	-0.17976833838684314
12604	25	-0.3102936833258596
12604	26	-0.2441499170161947
12604	27	-0.330431322387696
12604	28	-0.21303193606943438
12604	29	-0.07204632012764733
12604	30	-0.01963995503594873
12604	31	-0.4027182639019742
12604	32	-0.9199546457112717
12604	33	-0.27945521108496507
12604	34	-0.1524270558257541
12604	35	0.19338112371430327
12604	36	-0.3124131924507694
12604	37	-0.7090004922513415
12604	38	0.3237107344643846
12604	39	-0.4449859770893312
12604	40	-0.5211838978864378
12604	41	-0.25007443434162013
12604	42	-0.38413034250065436
12604	43	-0.7396368189049412
12604	44	-0.31933780134517775
12604	45	0.02614632175994558
12604	46	-0.19848560848726748
12604	47	-0.22658680338252424
12604	48	-0.5668273848176852
12604	49	-0.47896815134468795
12604	50	-0.3292364739280558
12604	51	-0.6583444949115815
12604	52	-0.3267831658905678
12604	53	-0.24534374057386543
12604	54	-0.13979848263289085
12604	55	-0.04566257425805986
12604	56	-0.22545273969073065
12604	57	-0.4637181638274157
12604	58	-0.6258139149307738
12604	59	-0.3876099760985596
12604	60	0.007191994130629098
12604	61	0.08021370243122306
12604	62	0.021899583681815216
12604	63	-0.20794064725022565
12604	64	-0.9015564220403292
12604	65	-0.7446995600286854
12604	66	-0.597240326665549
12604	67	-0.798552110320017
12604	68	-0.5330990619750935
12604	69	-0.42843240807567184
12604	70	-0.3712718700064599
12604	71	0.16282462582514512
12604	72	-0.4373642169971461
12604	73	-0.8751789853684713
12604	74	-0.5318284176840038
12604	75	-0.12033112621611508
12605	1	-0.2376230929660963
12605	2	-0.10064585260759884
12605	3	0.02362918418692672
12605	4	-0.20021935891086784
12605	5	0.11091143107328705
12605	6	-0.2871439039607111
12605	7	0.2341169324467245
12605	8	-0.23497130518757814
12605	9	2.2194796348884438E-4
12605	10	-0.10052421317885774
12605	11	0.03720880487546907
12605	12	0.06292904812801225
12605	13	0.2202251160689528
12605	14	0.3084725280048559
12605	15	-0.22455135194775977
12605	16	-0.051501754703743075
12605	17	0.08162691195377647
12605	18	-0.1759999066501905
12605	19	-0.012542567939654248
12605	20	0.007315146602195455
12605	21	-0.020648846063558324
12605	22	0.1816304409127909
12605	23	-0.5085608370323484
12605	24	-0.1328876245712891
12605	25	7.572930509383013E-4
12605	26	0.13991600365471157
12605	27	0.17026347758304894
12605	28	0.20606653049484436
12605	29	0.017521928732641356
12605	30	0.039454610896910935
12605	31	-0.20571199851276845
12605	32	0.16083718246591872
12605	33	0.20017617924634834
12605	34	0.014983168704340244
12605	35	0.23899413232007305
12605	36	-0.05989606624096666
12605	37	0.14421387182384393
12605	38	-0.3299375748556841
12605	39	-0.09063799200924905
12605	40	-0.29833594937477415
12605	41	-0.14868239650549242
12605	42	0.15834997150017927
12605	43	-0.22216930385094003
12605	44	-0.08261823236495047
12605	45	-0.30896667465634664
12605	46	0.4729593316624161
12605	47	0.07115326829158164
12605	48	-0.004843913743307837
12605	49	0.08720849850050882
12605	50	0.3202430355675432
12605	51	0.1575944602067807
12605	52	0.11172094196189164
12605	53	0.08850155063264964
12605	54	-0.24428664665444444
12605	55	-0.15327124341137477
12605	56	-0.031737632057684095
12605	57	0.05608973007541351
12605	58	-0.08289477989578842
12605	59	-0.48112761426623507
12605	60	0.3654893685181122
12605	61	-0.004990715033855508
12605	62	0.04054947763339811
12605	63	-0.2465081403631757
12605	64	-0.6599610637917124
12605	65	-0.155119121695229
12605	66	-0.3466247582704156
12605	67	-0.07798359329132154
12605	68	0.026836577606566436
12605	69	0.08944954906614555
12605	70	-0.4352178462613665
12605	71	0.02796029466153982
12605	72	-0.10073972590765123
12605	73	-0.2806496209276048
12605	74	0.497158149516558
12605	75	0.4848762167225189
12606	1	0.15310693458211588
12606	2	0.12739133747504638
12606	3	-0.11198376347147487
12606	4	0.24526962180538803
12606	5	-0.07422630997354673
12606	6	0.16588639906959202
12606	7	0.3477119737690373
12606	8	0.13699150472977806
12606	9	-0.12523948454339973
12606	10	0.11328432676604905
12606	11	-0.3506424347939472
12606	12	-0.01348968465435263
12606	13	0.21407497832790057
12606	14	-0.31782223783536523
12606	15	0.3955795020467363
12606	16	-0.05216979878088068
12606	17	0.08000156760115829
12606	18	-4.0762014881323694E-4
12606	19	0.22454420891985194
12606	20	0.2668537140953049
12606	21	-0.13106206920404873
12606	22	0.2749086778273906
12606	23	-0.2212743356549396
12606	24	-0.11903087525999467
12606	25	-0.09481433229341008
12606	26	-0.10181953353536954
12606	27	-0.16575580616351004
12606	28	0.23999903738189232
12606	29	-0.1781598894491765
12606	30	0.5199986880318974
12606	31	-0.3304984998901759
12606	32	-0.10631157786466616
12606	33	0.1449695676760996
12606	34	0.22215259019194633
12606	35	0.045777878876549494
12606	36	-0.35059165852747043
12606	37	0.24170009771916057
12606	38	-0.18438661066835493
12606	39	-0.06047270275305294
12606	40	0.1002246566858318
12606	41	0.17514680459643728
12606	42	0.20588440676188213
12606	43	-0.32294065371319647
12606	44	0.07437901281411285
12606	45	-0.23327108236984628
12606	46	0.17628577794341282
12606	47	0.09673178068827326
12606	48	-0.18682738481768268
12606	49	-0.022212989102797565
12606	50	0.11247444052622058
12606	51	0.04189886792028119
12606	52	-0.20857520128879514
12606	53	-0.043433711075337555
12606	54	-0.19268196345884547
12606	55	0.181756304797986
12606	56	-0.1113450700742149
12606	57	-0.1816237685471762
12606	58	0.1741713358066903
12606	59	0.06293574661530954
12606	60	0.12560644840791468
12606	61	0.3548302216052619
12606	62	-0.12018743696715006
12606	63	-0.13044064725022508
12606	64	-0.17659329519667466
12606	65	-0.35062876356850836
12606	66	-0.35001318802247994
12606	67	0.42171337640564843
12606	68	-0.44657251330252734
12606	69	0.051198860360905485
12606	70	-0.2892880941952498
12606	71	-0.12116504969107922
12606	72	-0.16508545593520552
12606	73	0.042077651799665716
12606	74	-0.20590658877544854
12606	75	0.08009660239745386
12607	1	0.11198290357436136
12607	2	-0.34702080722779627
12607	3	0.09899168872490449
12607	4	0.2002760817537066
12607	5	0.011161286925677416
12607	6	0.07273394428923297
12607	7	-0.14457484793638997
12607	8	-0.18239480017978593
12607	9	0.35042589013360725
12607	10	0.1248799340011928
12607	11	-0.32038403686113526
12607	12	-0.22728813426675742
12607	13	-0.14795990539302295
12607	14	-0.11393334894648177
12607	15	-0.3867654591935761
12607	16	-0.3922666980056846
12607	17	-0.24322840655904798
12607	18	-0.28790116020049084
12607	19	0.20241888592243384
12607	20	-0.2367961567057293
12607	21	-0.12868480822213968
12607	22	-0.19573731700464947
12607	23	-0.31679113152057425
12607	24	-0.31921175381296507
12607	25	0.009662411892634282
12607	26	0.07324506594783742
12607	27	-0.20251291210666267
12607	28	0.03830007097362653
12607	29	0.2251799038324762
12607	30	-0.48759175124458665
12607	31	-0.405233642009037
12607	32	0.15667291825936758
12607	33	-0.2944102772851451
12607	34	0.022094450657064613
12607	35	0.1264949331401155
12607	36	0.052773974547463354
12607	37	-0.4365621761826475
12607	38	-0.11698350989315998
12607	39	-0.10840551929052111
12607	40	-0.17806345700925874
12607	41	-0.27950435819425934
12607	42	-0.048624637165765705
12607	43	0.0709094754857631
12607	44	-0.6065253799507389
12607	45	-0.16582276195640588
12607	46	-8.912246405685664E-4
12607	47	-0.027208787787181166
12607	48	-0.33943720393913424
12607	49	-0.005985598921924407
12607	50	0.14756487980270805
12607	51	0.02737044414767098
12607	52	0.14183177545538683
12607	53	-0.28572699272908864
12607	54	0.19131674455148584
12607	55	0.20983124019850408
12607	56	0.4144365836725541
12607	57	-0.0828899184179761
12607	58	0.2402307673312336
12607	59	0.028685100620478465
12607	60	-0.02349561877554862
12607	61	0.5121041234140478
12607	62	-0.45474170053304164
12607	63	0.4303022468066189
12607	64	0.047793009712890466
12607	65	-0.13737294961502045
12607	66	-0.2227005265237736
12607	67	-0.07469489232820337
12607	68	-0.09249628591234682
12607	69	-0.16749623007837044
12607	70	0.21160983862128546
12607	71	-0.010073318424929312
12607	72	-0.3278309339713772
12607	73	-0.3464236401899967
12607	74	0.3933505171677041
12607	75	0.21398549128633704
12608	1	0.04798963252932964
12608	2	-0.2536717123783241
12608	3	-0.27300282505505535
12608	4	-0.1520544251154341
12608	5	-0.2606339346069788
12608	6	-0.2715036302559213
12608	7	-0.3052059147940085
12608	8	0.08227742848344377
12608	9	-0.12729960184545064
12608	10	-0.25852652367383655
12608	11	-0.4781204406590547
12608	12	-0.20357766119394682
12608	13	-0.18437810085098505
12608	14	0.0177056214021718
12608	15	-0.13302020469813414
12608	16	-0.07211847913279001
12608	17	0.19768485205863584
12608	18	-0.13876539140980526
12608	19	0.08103247871457597
12608	20	0.21117189591348762
12608	21	-0.2232614826937862
12608	22	0.06370633178633511
12608	23	-0.5936936904936516
12608	24	-0.22228600722480962
12608	25	-0.2374902853725942
12608	26	-0.162669973418069
12608	27	-0.2689082988321303
12608	28	-0.325169584318985
12608	29	0.011656826093343398
12608	30	-0.22651890727602364
12608	31	-0.38450876381979526
12608	32	0.19816056289779738
12608	33	-0.27649670798372483
12608	34	-0.22042072359104736
12608	35	-0.22266053754574244
12608	36	-0.045144444451224786
12608	37	-0.2193336266210153
12608	38	-0.134078692779795
12608	39	0.013867473200029679
12608	40	-0.1556184518185617
12608	41	-0.06488252091676117
12608	42	-0.23923289529090397
12608	43	-0.30223684139648554
12608	44	-0.13069430096887658
12608	45	-0.1389675633082632
12608	46	-0.30656612821494633
12608	47	-0.7097051694583527
12608	48	-0.5052438071050744
12608	49	-0.23910448470397228
12608	50	-0.48887453308081064
12608	51	0.18114373595546596
12608	52	0.05058169020680481
12608	53	0.023274500068353632
12608	54	-0.2062523446905189
12608	55	-0.28541378317854793
12608	56	0.03757721731581398
12608	57	-0.36335397382577383
12608	58	0.3759162038418751
12608	59	0.03811169969448969
12608	60	0.13746128711759553
12608	61	-0.20618150860001094
12608	62	0.014511976522584291
12608	63	0.123437651870006
12608	64	-0.2550023861057653
12608	65	0.2909841396572972
12608	66	-0.4362008713069372
12608	67	-0.14054468811048082
12608	68	0.04149933420480778
12608	69	-0.2796075912519953
12608	70	-0.10250656926856294
12608	71	-0.22548323150925853
12608	72	-0.49645642367713805
12608	73	-0.19267308133816385
12608	74	-0.1443596679543404
12608	75	-0.10598844159081722
12609	1	-0.1713802449050661
12609	2	0.014378516962224808
12609	3	-0.03358632757404223
12609	4	-0.030691916656152785
12609	5	0.04795317720594028
12609	6	-0.032831549648356884
12609	7	0.059122230179298185
12609	8	-0.4499956747574032
12609	9	-0.36491897172288645
12609	10	-0.3703695193878005
12609	11	-0.17192448607600141
12609	12	-0.08989994106461552
12609	13	-0.013553226800304685
12609	14	-0.30282223783536466
12609	15	-0.14025383128659996
12609	16	0.04917635506527063
12609	17	0.2151297727293624
12609	18	0.05036161062042055
12609	19	-0.06808399620835104
12609	20	-0.05269756795597402
12609	21	-0.14029283843482432
12609	22	0.2369599598786749
12609	23	-0.10088972027032383
12609	24	0.02481527858615351
12609	25	-0.502442537421615
12609	26	-0.3287426104584483
12609	27	-0.11511478052248236
12609	28	0.19826826815112497
12609	29	-0.22886501765430722
12609	30	0.22031920085240841
12609	31	0.15328355139187266
12609	32	-0.23515773171081378
12609	33	-0.05708171437518672
12609	34	-0.3376551021157468
12609	35	-0.02377340317473653
12609	36	-0.2584762739120876
12609	37	0.174071892590959
12609	38	0.024459543177798082
12609	39	-0.5027803950607463
12609	40	-0.15637790741672575
12609	41	-0.031263451813821064
12609	42	-0.2919361060586283
12609	43	-0.0193509101234568
12609	44	7.892692243700594E-4
12609	45	0.17422891763015258
12609	46	-0.1595475553899206
12609	47	-0.3162169372604424
12609	48	0.038300820310517736
12609	49	-0.25913606602587436
12609	50	-0.36547427742249283
12609	51	3.989356130773558E-5
12609	52	0.5113606961471007
12609	53	-0.29208755722918767
12609	54	-0.6188999121768006
12609	55	-0.02837190033021386
12609	56	-0.42499891622806274
12609	57	0.16119674427333308
12609	58	0.1640431306784791
12609	59	0.17485882353838633
12609	60	0.17195260225406628
12609	61	-0.11683644506140212
12609	62	0.016158716879004942
12609	63	-0.041273980583561354
12609	64	0.1153938842905049
12609	65	0.22142251848276828
12609	66	0.31896117095188004
12609	67	0.022482607174879377
12609	68	0.3872095379795226
12609	69	-0.07174985758781105
12609	70	-0.059608607015761095
12609	71	0.08197597594994477
12609	72	-0.18438032773007507
12609	73	-0.5181787584567417
12609	74	-0.0684065887754528
12609	75	0.6199683972692469
12610	1	-0.09407885776761304
12610	2	-0.0836878974976294
12610	3	0.13434137314054695
12610	4	-0.13430688092685372
12610	5	-0.10206784002819091
12610	6	0.07872792912424131
12610	7	0.22402344917887262
12610	8	0.23440953751666171
12610	9	0.12608565206862465
12610	10	-0.09634682077493295
12610	11	-0.1545222162147155
12610	12	-0.1291180999549013
12610	13	-0.6177146391584358
12610	14	-0.06839600832716997
12610	15	-0.07522650888223126
12610	16	-0.053850126649734875
12610	17	0.08103981896727674
12610	18	0.19445576782933216
12610	19	-0.23344759435883589
12610	20	-0.0990615864511426
12610	21	0.1546209909052365
12610	22	0.18878845924815835
12610	23	0.07552894303358215
12610	24	-0.23777404465890584
12610	25	-0.21425422300379182
12610	26	0.10446461947009311
12610	27	-0.5210836750159658
12610	28	-0.20681790250881704
12610	29	0.28403956410273423
12610	30	-0.10124448136701147
12610	31	0.013476909945886462
12610	32	0.11486328552331315
12610	33	0.2167728463646199
12610	34	0.3393520437438582
12610	35	-0.28543796811798927
12610	36	0.1640121666091403
12610	37	-0.10604580392018192
12610	38	0.21323634015131887
12610	39	-0.1039153257038734
12610	40	0.261276569254143
12610	41	0.4235074603341431
12610	42	0.22252375102417687
12610	43	0.4600101659589342
12610	44	0.15858666308734115
12610	45	0.23488465533507252
12610	46	-0.09889181768500777
12610	47	0.13943669872106312
12610	48	-0.22529733017287867
12610	49	0.20740449723599852
12610	50	0.09728318369562317
12610	51	-0.25510932880103354
12610	52	-0.06804241440354986
12610	53	0.08138869329624043
12610	54	-0.022094531764857095
12610	55	0.057630621737878585
12610	56	0.16213853648316245
12610	57	-0.43085874122477463
12610	58	-0.060336860914624424
12610	59	0.61050405262624
12610	60	-0.022330710062028913
12610	61	-0.2774921827663164
12610	62	0.09291365592902423
12610	63	-0.20794064725022565
12610	64	-0.1941479400054149
12610	65	0.16997232932766337
12610	66	0.18785566443654034
12610	67	0.014664196077781355
12610	68	-0.039482349368100245
12610	69	-0.23686124892871163
12610	70	0.21004250689764348
12610	71	0.1339305787242253
12610	72	0.5420593528079678
12610	73	0.05765142229147102
12610	74	0.2802272910059713
12610	75	0.3469545258947164
12611	1	0.2578531274755136
12611	2	-0.24328125135744116
12611	3	-0.20298630154254127
12611	4	0.12198281977493153
12611	5	-0.2549623505826837
12611	6	-0.07294608824005167
12611	7	0.20575765904822418
12611	8	0.0929432813795259
12611	9	-0.289922225660149
12611	10	0.1722310272736607
12611	11	0.21539817434310748
12611	12	0.042652447325338017
12611	13	0.15401152655125117
12611	14	-0.4723653850434886
12611	15	-0.12620983805479113
12611	16	-0.07065964649661538
12611	17	0.40847872496156157
12611	18	-0.3611182800472861
12611	19	-0.018793354531922546
12611	20	0.3237699577501303
12611	21	0.023861788663971595
12611	22	-0.3004212714111887
12611	23	-0.1802337265178835
12611	24	-0.2209090478488278
12611	25	0.1813658707522734
12611	26	0.03650533956107438
12611	27	-0.2163903239300069
12611	28	-0.44925223165363803
12611	29	-0.47832486406846897
12611	30	0.08820934793037338
12611	31	-0.34875992120997523
12611	32	-0.3041542174585743
12611	33	-0.15066495009040182
12611	34	-0.060068221990796644
12611	35	0.15167889410497537
12611	36	-0.4080662778168076
12611	37	-0.34262731344835373
12611	38	-0.3106048847800338
12611	39	0.3047557236428844
12611	40	-0.1491281351923348
12611	41	0.2439285304847587
12611	42	0.10768643721873872
12611	43	0.24822685897715502
12611	44	-0.18607783997776295
12611	45	-0.32374062551705407
12611	46	-0.2607319885540491
12611	47	-0.10588243250969498
12611	48	-0.08459388227961284
12611	49	0.2908834575977082
12611	50	0.07683992275972429
12611	51	0.20282526385936706
12611	52	-0.04191276474057304
12611	53	-0.02207584305503474
12611	54	0.05266067613506209
12611	55	0.10975122865585973
12611	56	-0.08442882641939065
12611	57	-0.04705524062839572
12611	58	-0.1430114053100624
12611	59	-0.08125207064357909
12611	60	0.06328411338253659
12611	61	-0.15118500682113023
12611	62	-0.1285503811295854
12611	63	0.13723701772439512
12611	64	0.005957466224650432
12611	65	-0.15555262143653437
12611	66	0.13663655817041587
12611	67	0.4094798738675749
12611	68	-0.051382157972575726
12611	69	-0.06649149496904272
12611	70	-0.029021596733322497
12611	71	0.04009129548658308
12611	72	-0.8958341868996698
12611	73	-0.08914062231200859
12611	74	0.15342082239206434
12611	75	-0.11145162095279915
12612	1	-0.1412118665078026
12612	2	0.043610683524093474
12612	3	-0.05803962178210398
12612	4	-0.21157642724093506
12612	5	-0.27764592850215664
12612	6	0.08945588135841831
12612	7	-0.1662253559312319
12612	8	-0.19666653341736406
12612	9	-0.21752150089217537
12612	10	-5.09951163110145E-4
12612	11	-0.15960701245062126
12612	12	-0.1288575320658012
12612	13	0.12508996470392475
12612	14	-0.3624952623585287
12612	15	-0.4755853480895098
12612	16	-0.24717661076998354
12612	17	0.14896614525783036
12612	18	-0.1002986283231948
12612	19	0.061567369682791195
12612	20	-0.3575672668311256
12612	21	0.04256190899758394
12612	22	-0.26661720773119413
12612	23	-0.1451571694424061
12612	24	0.13363942446752475
12612	25	-0.2242898091326495
12612	26	0.01194068444828389
12612	27	-0.1268593483978364
12612	28	-0.26574346943009175
12612	29	0.15029378902493562
12612	30	0.06853411037522505
12612	31	-0.6644835135141562
12612	32	-0.5715023135594848
12612	33	-0.02571163123398179
12612	34	-0.023276565121406634
12612	35	0.2991498134814492
12612	36	-0.07279193100703196
12612	37	-0.20853832189936838
12612	38	-0.6857898804231226
12612	39	0.20778342803713912
12612	40	-0.03287479835503859
12612	41	-0.12171968041718628
12612	42	-0.3821128684424764
12612	43	0.14632365146390924
12612	44	0.039201901097492
12612	45	-0.30152040117093293
12612	46	0.09313182698973321
12612	47	0.42080535017056064
12612	48	0.2369873290787723
12612	49	-0.3615045422363181
12612	50	-0.0870350962585178
12612	51	-0.0978082165483869
12612	52	-0.25174277622068075
12612	53	0.03635511726253071
12612	54	-0.222225560189095
12612	55	0.03452197237292154
12612	56	0.4522176002255165
12612	57	-0.21265919089050556
12612	58	0.12148741210096858
12612	59	-0.19579722341194383
12612	60	-0.07480908292723143
12612	61	0.09587926792679013
12612	62	-0.24586182388812716
12612	63	-0.5703384674137126
12612	64	0.08113831243275627
12612	65	-0.0652609161570652
12612	66	-0.23265623979359873
12612	67	0.10969702763180322
12612	68	-0.29568014273031906
12612	69	-0.36170304699604117
12612	70	0.1848195352325419
12612	71	0.2179153317803113
12612	72	-0.30413858945019
12612	73	-0.18230926918126045
12612	74	-0.031076888502973077
12612	75	-0.0236772395643996
13101	1	0.027298853774034626
13101	2	0.03135598393969374
13101	3	0.12900108501337115
13101	4	0.03049689453266069
13101	5	-0.02407479482203101
13101	6	-0.08512370194051044
13101	7	-0.2296112585541934
13101	8	0.14060261584089062
13101	9	0.09549283868892644
13101	10	0.22477422575594375
13101	11	-0.37417778832930537
13101	12	0.1685305173658449
13101	13	0.2213729581258832
13101	14	0.2522282672151377
13101	15	0.046109805077037436
13101	16	0.2806837365726551
13101	17	-0.21222065462106343
13101	18	-0.0788924686336614
13101	19	0.22138764326328442
13101	20	0.021777956519549946
13101	21	0.20823086008887515
13101	22	0.19632281924153006
13101	23	0.4978670784864718
13101	24	0.23006003383090956
13101	25	0.07995839497931456
13101	26	0.08757440585856813
13101	27	0.05570884030113632
13101	28	0.263458633341493
13101	29	0.18923910044981085
13101	30	0.3665895971228039
13101	31	-0.11870557059724973
13101	32	-0.23838228493536917
13101	33	0.505272597979129
13101	34	0.3152586507980075
13101	35	0.19514656574523315
13101	36	0.12054470510889814
13101	37	0.1807152492343107
13101	38	0.04586591458416933
13101	39	0.2541737618934121
13101	40	0.09560344456462389
13101	41	0.2089851884348164
13101	42	0.409268245145725
13101	43	0.15019065941811505
13101	44	-0.15057048213537882
13101	45	0.2353400287412697
13101	46	0.6490383031959368
13101	47	0.4446610736175671
13101	48	0.4154958475055466
13101	49	0.3672819603921482
13101	50	0.1065148445666253
13101	51	0.12338876691017475
13101	52	0.2841268189132222
13101	53	0.22578346064182853
13101	54	0.15355541027852837
13101	55	0.39493812297980924
13101	56	0.5681246268954823
13101	57	0.5170631001396941
13101	58	0.23735315398850787
13101	59	0.420157968837529
13101	60	0.2585104888119574
13101	61	0.3533655751406215
13101	62	-0.07102077030048548
13101	63	0.5294330901235114
13101	64	0.05307842197504442
13101	65	0.3974520445122991
13101	66	0.014027216017922228
13101	67	0.27302650771877524
13101	68	0.44350324427323073
13101	69	-0.23309406893201867
13101	70	0.3825048350976772
13101	71	0.2568400008139733
13101	72	0.11367717032742064
13101	73	0.6132897730117932
13101	74	0.3194721991033376
13101	75	0.29984407714492534
13102	1	-0.06255174805261632
13102	2	0.09297516981037646
13102	3	0.02153420060037803
13102	4	0.22633249605688377
13102	5	-0.16796882494360688
13102	6	0.18953909368037358
13102	7	0.16139460849957743
13102	8	0.0893717442507338
13102	9	-0.08851792765717192
13102	10	-0.0649342361082006
13102	11	0.35660307418808657
13102	12	-0.06342980441483803
13102	13	0.35684443940574795
13102	14	0.13789632503888072
13102	15	0.10984596911259814
13102	16	0.19293499163828187
13102	17	-0.24149543838686327
13102	18	0.1603109427254381
13102	19	-0.04080010245739629
13102	20	0.04731778595159852
13102	21	0.2145666733109195
13102	22	0.17167514489325697
13102	23	-0.012082718888471788
13102	24	0.020070921147187448
13102	25	-0.310487984988022
13102	26	0.5433900473029567
13102	27	0.5035555710820034
13102	28	0.09564274995674538
13102	29	0.11550777522148081
13102	30	0.07576216108579104
13102	31	-0.028537422045864957
13102	32	0.2516225538718615
13102	33	0.38664621438268654
13102	34	0.3235148656410445
13102	35	0.35109225013403034
13102	36	-0.08740303577297936
13102	37	-0.11002145916706496
13102	38	-0.025793796297101323
13102	39	-0.02184994826203024
13102	40	0.23886238123673564
13102	41	0.34311087645272664
13102	42	0.042441292989430224
13102	43	0.12448449598739586
13102	44	0.5449778152093288
13102	45	0.2275223308038079
13102	46	-0.07232200648772391
13102	47	-0.12521432709615965
13102	48	0.169699561290102
13102	49	0.30401455580737746
13102	50	0.3147498896280183
13102	51	0.2258958739082999
13102	52	0.07679905020820854
13102	53	0.12292856437375832
13102	54	-0.14682867004567868
13102	55	0.23843295150457777
13102	56	0.30079564848865914
13102	57	0.013645692530666054
13102	58	0.22006953939950336
13102	59	0.6170974232620168
13102	60	0.36481303523426334
13102	61	-0.007654808334855545
13102	62	0.2563245390807509
13102	63	0.27409528089348356
13102	64	0.045487543126682795
13102	65	0.21961075738957447
13102	66	0.15339998563021595
13102	67	-0.2549932104207002
13102	68	0.657484372925019
13102	69	0.2695521537740788
13102	70	0.33644543873888466
13102	71	0.7078319562969426
13102	72	-0.045519587671726924
13102	73	0.5130357356320019
13102	74	-0.24684970254790528
13102	75	0.24425827904416053
13103	1	0.10677360124877922
13103	2	-0.16510866252495404
13103	3	-0.24015043013814363
13103	4	0.014436288472055026
13103	5	0.23944035669311958
13103	6	0.1252197324029254
13103	7	-0.18662135956429182
13103	8	-0.5438418286035542
13103	9	-0.060406151210067094
13103	10	-0.20154900656728358
13103	11	-0.007309101460613476
13103	12	-0.17215635132102136
13103	13	0.143574978327905
13103	14	0.0665110954979653
13103	15	-0.1109204979532663
13103	16	-0.2180031321142124
13103	17	0.10600156760115453
13103	18	-0.20440762014880676
13103	19	0.023710875586516522
13103	20	-0.06397961923802598
13103	21	-0.16572873587072223
13103	22	0.06824201116072715
13103	23	0.12105899767839645
13103	24	-0.13969754192666528
13103	25	-0.073314332293414
13103	26	-0.1691528668686999
13103	27	-0.0247558061635047
13103	28	-0.25116762928477243
13103	29	0.2073401105508239
13103	30	0.023498688031899917
13103	31	0.135334833443153
13103	32	-0.018644911197995384
13103	33	-0.047030432323900584
13103	34	0.33998592352527623
13103	35	0.08227787887654614
13103	36	0.3049083414725331
13103	37	-0.07279990228083477
13103	38	0.3346133893316434
13103	39	-0.04913936941971997
13103	40	-0.3056086766475019
13103	41	0.24514680459643756
13103	42	0.40621774009521516
13103	43	0.10772601295346362
13103	44	0.2190456794807858
13103	45	-0.4684377490365108
13103	46	0.32845244461007894
13103	47	0.09773178068827093
13103	48	-0.05216071815102197
13103	49	0.27645367756386463
13103	50	-0.12885889280710927
13103	51	-0.2749344654130539
13103	52	-0.4220752012887985
13103	53	-0.11526704440867519
13103	54	0.33781803654115095
13103	55	-0.02857702853534505
13103	56	0.5011549299257894
13103	57	0.0643762314528189
13103	58	0.10917133580668548
13103	59	0.3352690799486382
13103	60	0.42477311507457927
13103	61	0.38716355493859567
13103	62	0.418312563032849
13103	63	0.3707260194164377
13103	64	0.26790670480333034
13103	65	-0.03796209690184327
13103	66	-0.07601318802247903
13103	67	0.27571337640564764
13103	68	0.10126082003080938
13103	69	0.4075321936942444
13103	70	-0.022788094195249187
13103	71	0.35900161697558985
13103	72	-0.057918789268534
13103	73	0.15207765179966515
13103	74	0.3515934112245489
13103	75	0.613096602397448
13104	1	0.15234285951509108
13104	2	0.1308698897538676
13104	3	0.18199076735962194
13104	4	-0.0927665712241037
13104	5	0.05326698761358628
13104	6	0.23304457601329176
13104	7	-0.06431215491728892
13104	8	0.3029499497699888
13104	9	-0.24583599928870825
13104	10	-0.21644087430633618
13104	11	-0.4040204508797416
13104	12	-0.19702855864899504
13104	13	-0.28456443185976354
13104	14	-0.12614663461820896
13104	15	0.02793204896362056
13104	16	6.921315140218098E-4
13104	17	0.28346001264137044
13104	18	-0.025984027655511
13104	19	0.026320348330038712
13104	20	-0.024265588853751296
13104	21	-0.09170550083943851
13104	22	0.17019017916787504
13104	23	0.04619215228071738
13104	24	-0.15155098249860544
13104	25	-0.13592023041673684
13104	26	-0.11991604828067892
13104	27	-0.3152866372627017
13104	28	-0.15957871060738427
13104	29	-0.1465043934706287
13104	30	0.027874023152541838
13104	31	0.21808729099453927
13104	32	0.186516840365897
13104	33	-2.315047099585854E-4
13104	34	0.1661807403259914
13104	35	-0.12241917206178954
13104	36	-0.3355849561146016
13104	37	0.06740385107036673
13104	38	-0.1181265570490524
13104	39	-0.17696063840988785
13104	40	0.14686674783865072
13104	41	-0.015335769130103927
13104	42	-0.19386090154910818
13104	43	-0.2339862301207063
13104	44	-0.00682742150223703
13104	45	0.38495277821996865
13104	46	-0.06321154109144089
13104	47	0.031758590339748594
13104	48	0.06051845968633529
13104	49	-0.15862049580520932
13104	50	-0.42688212783838964
13104	51	0.19289752743770805
13104	52	0.09569423570852109
13104	53	0.058087736645838106
13104	54	-0.3200479152014779
13104	55	-0.11761366839235876
13104	56	0.20560533207056153
13104	57	-0.1907658596999937
13104	58	-0.3361905944882153
13104	59	-0.1465682748324113
13104	60	-0.027201862584043113
13104	61	0.007202875760761174
13104	62	0.14569057911864292
13104	63	-0.3178602182957988
13104	64	0.4391238629802743
13104	65	0.16644898442076794
13104	66	0.25408868865312684
13104	67	-0.15922496139596376
13104	68	-0.12305374654649626
13104	69	0.23574309628584444
13104	70	-0.1781553864204497
13104	71	-0.3439331462058206
13104	72	-0.09569537550624574
13104	73	0.08591143196052542
13104	74	-0.47242803649663045
13104	75	0.022147540735254267
13105	1	0.24094275547763644
13105	2	0.16026447180340497
13105	3	0.023053549961360886
13105	4	0.012247233745686259
13105	5	0.01599757062346896
13105	6	0.13528938414422242
13105	7	-0.17042235458917077
13105	8	-0.04812043556873391
13105	9	0.18942469456107602
13105	10	0.06085895363172256
13105	11	0.17637249057918325
13105	12	0.02919688250982233
13105	13	-0.15469367838851156
13105	14	-0.36401626768611095
13105	15	-0.11139810989356391
13105	16	0.17443467883106223
13105	17	0.00403141834742371
13105	18	-0.17145239626821507
13105	19	-0.04056773137865832
13105	20	0.041294012602769214
13105	21	0.2319230054228143
13105	22	-0.06150923262036656
13105	23	0.5314868583749117
13105	24	0.11873031876985607
13105	25	0.1265662647215109
13105	26	0.10937449631537532
13105	27	0.13237852219469914
13105	28	3.348582774194142E-4
13105	29	-0.012600187956643083
13105	30	0.03436435967368823
13105	31	-0.17710297750211623
13105	32	-0.023102622640784887
13105	33	-0.2735378950104703
13105	34	0.18002572452030563
13105	35	0.01051668484669932
13105	36	0.27183371460685635
13105	37	-0.35662079780322387
13105	38	-0.147297058429551
13105	39	-0.06569658335006778
13105	40	0.3823515223574745
13105	41	0.4773856105665857
13105	42	0.04327246646337812
13105	43	0.21765636121217113
13105	44	0.051841699381277806
13105	45	-0.10039794804148983
13105	46	-0.41128884892226125
13105	47	0.1629258105390221
13105	48	0.009292018167386118
13105	49	0.32226462283750124
13105	50	-0.07886884305586506
13105	51	0.19977200224863623
13105	52	0.3019845002037371
13105	53	0.33018569190973324
13105	54	0.14175833504861401
13105	55	-0.17249742654529143
13105	56	0.119662392612355
13105	57	0.2453911568259599
13105	58	0.012454917896242534
13105	59	0.38450291079441
13105	60	0.20467361258702255
13105	61	0.06326305742616256
13105	62	-0.19589639219103105
13105	63	0.254745919913951
13105	64	-0.25663060862950715
13105	65	-0.023315330732692985
13105	66	0.003270394067072857
13105	67	0.282758152525048
13105	68	0.004584203115385321
13105	69	0.2864973678235927
13105	70	-0.35425078076241334
13105	71	0.5026036070253426
13105	72	-0.10810784399490103
13105	73	0.16521198015787775
13105	74	0.5420411724185783
13105	75	0.39972346806909087
13106	1	0.03128752757402964
13106	2	0.031117752569386425
13106	3	0.21515235512690722
13106	4	0.00911733070026699
13106	5	0.22627234231755722
13106	6	0.018581816859352784
13106	7	0.05931574735394207
13106	8	-0.07023895349124842
13106	9	0.09773221356980599
13106	10	-0.06437739830133893
13106	11	0.461837349572626
13106	12	-0.23564601888616465
13106	13	-0.15936841789851286
13106	14	-0.024385580153428066
13106	15	0.10359163142678796
13106	16	-0.1690902839560806
13106	17	-0.09242430840962612
13106	18	-0.13943726974449788
13106	19	0.02356711997106231
13106	20	-0.05689965517692741
13106	21	-0.14356880774852954
13106	22	-0.047517198183392395
13106	23	-0.0726085674608683
13106	24	-0.5597586380632293
13106	25	-0.30162700075702276
13106	26	-0.03780336102862947
13106	27	-0.4580064800179571
13106	28	-0.05082980358845646
13106	29	-0.15645503769715674
13106	30	0.03768736727717936
13106	31	0.01601767261656306
13106	32	0.10817629275528162
13106	33	0.10367576713701254
13106	34	-0.0014120998350080072
13106	35	-0.2457652478080874
13106	36	8.436514455780753E-4
13106	37	-0.10354922842638814
13106	38	-0.17143512818856976
13106	39	-0.031227419734186412
13106	40	-0.5035960980311458
13106	41	-0.01447583691300025
13106	42	0.2130676951715884
13106	43	0.06751756731105729
13106	44	-0.21896330524518248
13106	45	0.08312379633635203
13106	46	-0.19225195790564698
13106	47	-0.08344342146806127
13106	48	0.2094529386324524
13106	49	-0.3180620457065757
13106	50	-0.056959521737930174
13106	51	0.2345066846318673
13106	52	-0.01707250587100617
13106	53	-0.17639193209959814
13106	54	-0.40818735429442654
13106	55	0.11853528053922702
13106	56	0.5456832318125819
13106	57	0.11468350908085512
13106	58	-0.19336235691568504
13106	59	-0.23467880864075852
13106	60	0.0442520009685623
13106	61	-0.43345818809823555
13106	62	-0.4425391889887109
13106	63	0.1640270077362942
13106	64	0.3318635781186927
13106	65	-0.19027835925584213
13106	66	-0.39877329583919163
13106	67	-0.5045130386886925
13106	68	0.23242344357078792
13106	69	0.4798915827328756
13106	70	-0.35945655780710695
13106	71	-0.3024251575077912
13106	72	-0.1015342429971966
13106	73	-0.13191156652916902
13106	74	0.4278198263188884
13106	75	0.5838567102141639
13107	1	0.2730145862971547
13107	2	0.03594674644602236
13107	3	-0.11856028062187107
13107	4	0.1832313632301883
13107	5	0.01222487736154676
13107	6	0.15045104286906508
13107	7	0.09506025872946111
13107	8	0.08226195327858932
13107	9	0.13043993498166628
13107	10	-0.17751382626825318
13107	11	-0.27921763268312816
13107	12	-0.11000683505013598
13107	13	-0.2511690849966328
13107	14	0.0631408228506487
13107	15	0.42843570257443986
13107	16	-0.30546135550911657
13107	17	-0.09553932949646793
13107	18	-0.04373215840738709
13107	19	0.12411544902539617
13107	20	0.03990780380507175
13107	21	0.06587724478011836
13107	22	0.09448651423900145
13107	23	-0.3278838343356796
13107	24	0.25830421708828766
13107	25	0.1475405489730761
13107	26	0.38300896250684957
13107	27	-0.167932587166149
13107	28	-0.046221279240796775
13107	29	-0.3653036889214718
13107	30	0.06237995452266176
13107	31	0.10173764786707551
13107	32	0.15008683902188125
13107	33	0.03763447532781328
13107	34	-0.3231838214175511
13107	35	0.1870377733356534
13107	36	0.05638063698704343
13107	37	0.09450352779831661
13107	38	-0.13835758692165712
13107	39	0.11802333946330634
13107	40	0.4554819126225098
13107	41	0.14572727953047604
13107	42	-0.03003907608771783
13107	43	-0.18272957191900474
13107	44	-0.38649169958694074
13107	45	0.0919070178940089
13107	46	0.12048762490911002
13107	47	-0.020431807702230742
13107	48	0.1745974172931355
13107	49	0.21198226155683386
13107	50	-0.05148334311493841
13107	51	0.32664161198360375
13107	52	0.1630013158615995
13107	53	0.1398182678164801
13107	54	0.3503985114751913
13107	55	0.22583282194838716
13107	56	0.18579872939807984
13107	57	0.434655914830131
13107	58	0.5636304387090618
13107	59	-0.2994257309572532
13107	60	-0.24495423760791368
13107	61	0.005766897067005061
13107	62	0.08421229918060646
13107	63	-0.004774420337298579
13107	64	0.04962702142601927
13107	65	-0.3163015867875103
13107	66	0.3243667592070736
13107	67	-0.15578002728828722
13107	68	-0.26987726264289336
13107	69	0.06493236959573778
13107	70	-0.3264714715039574
13107	71	0.05396028012422249
13107	72	0.06129317203313889
13107	73	-0.18734187326629126
13107	74	0.4036250734936786
13107	75	0.04013618023386556
13108	1	-0.29299196651678727
13108	2	-0.12884492626121613
13108	3	0.18161513762742487
13108	4	0.10941797345373772
13108	5	-0.24252301327025094
13108	6	-0.17642129323809996
13108	7	-0.3159693449122827
13108	8	-0.09688212164385135
13108	9	0.21731546051154282
13108	10	-0.24839149740977717
13108	11	-0.0755874897390072
13108	12	0.05991690875223554
13108	13	0.15915739591032008
13108	14	-0.3489760839892142
13108	15	0.0782443372115651
13108	16	-0.01016430427538495
13108	17	-0.1273610697614771
13108	18	-0.027110916852109312
13108	19	-0.28713161525597286
13108	20	-0.09701991227831996
13108	21	-0.06996316810515424
13108	22	0.09337021628893183
13108	23	-0.4025380719186771
13108	24	-0.42628362251274154
13108	25	-0.031929716908798866
13108	26	-0.26665469837053735
13108	27	0.2169365015287994
13108	28	-0.2116218417389817
13108	29	0.21582362703433944
13108	30	-0.5782155976823873
13108	31	-0.05074575263743242
13108	32	0.273633477080395
13108	33	-0.2915139488074203
13108	34	-0.5612814757421205
13108	35	-0.840623220024554
13108	36	-0.053531218967030725
13108	37	-0.3169537484346847
13108	38	-0.32554045682220334
13108	39	0.4241426818623353
13108	40	0.15113125009242623
13108	41	-0.42760044815081955
13108	42	0.13132396720144612
13108	43	0.2958505550780117
13108	44	-0.2627638443287381
13108	45	-0.18621064280940658
13108	46	0.03862094277857864
13108	47	-0.2850814061249167
13108	48	-0.23440980240010134
13108	49	-0.06298221987203334
13108	50	-0.07225083419905332
13108	51	0.11725601077742454
13108	52	-0.24706421227781306
13108	53	0.32879156364993634
13108	54	0.06827957500269122
13108	55	-0.09357336553168238
13108	56	-0.0656582568874029
13108	57	-0.046678713602119615
13108	58	0.10873177536712575
13108	59	0.12375992243948275
13108	60	-0.3753001449986755
13108	61	-0.6237961520211073
13108	62	-0.12505007432978488
13108	63	0.16568572637614665
13108	64	-0.11738999849337262
13108	65	-0.034255137194882934
13108	66	0.10174505373576181
13108	67	0.007097991790260494
13108	68	-0.7289076781376949
13108	69	-0.6252297110676608
13108	70	-0.1154694128765712
13108	71	-0.21948922551525385
13108	72	-0.029068972418720307
13108	73	-0.47495531523329504
13108	74	-0.2706043909732543
13108	75	0.1437779210787724
13109	1	-0.13282570790493153
13109	2	0.03126439446986495
13109	3	0.061604319430077936
13109	4	-0.007774419645389941
13109	5	-0.10140247577665562
13109	6	-0.21727422269206187
13109	7	-0.09573362208588065
13109	8	0.02431015757952082
13109	9	-0.8222990700356263
13109	10	-0.20659909292307077
13109	11	-0.29007248660742135
13109	12	-0.16043268983570158
13109	13	-0.6042799439518873
13109	14	-0.1556719787680123
13109	15	-0.08982205235741247
13109	16	0.38911258463880927
13109	17	-0.2723818520879604
13109	18	0.009229685550671718
13109	19	-0.15207496206460291
13109	20	0.021581693369917332
13109	21	0.15069958882703816
13109	22	-0.5124488351259728
13109	23	0.0293215192673415
13109	24	-0.10519667836880586
13109	25	-0.06311744110170281
13109	26	-0.6419749739498783
13109	27	-1.0376469978733525
13109	28	-0.28068749111551483
13109	29	-0.9276028946305246
13109	30	-0.4427603793256125
13109	31	0.0051103083999777255
13109	32	-0.19322867631026241
13109	33	-0.5574138520130205
13109	34	-0.2608914512588285
13109	35	-0.33498636982811547
13109	36	-0.603195285470477
13109	37	-0.13789834787669264
13109	38	-0.08689956403623
13109	39	-0.49026544886704215
13109	40	-0.21041005834007365
13109	41	-0.43392055291651843
13109	42	0.025547619197119786
13109	43	-0.4919561977546536
13109	44	0.13453445322862478
13109	45	0.07889213006539109
13109	46	-0.3749188852690253
13109	47	-0.1319469757884093
13109	48	0.16633323694397006
13109	49	-0.09257568340331801
13109	50	-0.4438986164685943
13109	51	-0.13959076938542125
13109	52	-0.11301820647014438
13109	53	-0.37339485097171377
13109	54	-0.19816123807024866
13109	55	-0.2367151977926838
13109	56	-0.3529383343229213
13109	57	-0.18841133331401494
13109	58	0.15362729435591405
13109	59	-0.08703834664893861
13109	60	0.17665567120584313
13109	61	0.21356079155345498
13109	62	0.05764935059761456
13109	63	-0.428147901136235
13109	64	-0.3817098755075534
13109	65	-0.3652919760037463
13109	66	0.12423551664073074
13109	67	-0.092742582143579
13109	68	-0.20915023350978146
13109	69	-0.22737626917277254
13109	70	-0.47943058124188553
13109	71	-0.23796556782579614
13109	72	-0.10844037821499342
13109	73	-0.19445084560965853
13109	74	-0.7300646198635334
13109	75	-0.4261987343901126
13110	1	0.1388331915653538
13110	2	-0.021533243530541313
13110	3	0.1869408175341114
13110	4	0.11391487320203453
13110	5	-0.036433013884160204
13110	6	0.23655679013104702
13110	7	0.2708683983500464
13110	8	0.11329038741133957
13110	9	0.01667392327782835
13110	10	0.37187371224090526
13110	11	0.5463966713513031
13110	12	0.14248796897692984
13110	13	0.07537386100946719
13110	14	0.005557650432791661
13110	15	0.26123592662774087
13110	16	0.25790003362135394
13110	17	0.20273899776875481
13110	18	0.2151231061081731
13110	19	0.07894365026063355
13110	20	0.2947168425869293
13110	21	0.5010049699020911
13110	22	0.07725504654247572
13110	23	0.07813907216628735
13110	24	0.2525333705500614
13110	25	0.08033929899150394
13110	26	0.04762180724675602
13110	27	-0.3184094374484232
13110	28	0.2736442887785415
13110	29	0.17420044574635085
13110	30	0.13766628579725904
13110	31	0.06512999172993261
13110	32	0.05388395286159664
13110	33	0.6635170537096187
13110	34	0.37197102594613796
13110	35	0.2107918453569937
13110	36	0.26528822974069044
13110	37	0.5361833379426244
13110	38	0.06390947871712171
13110	39	0.1303094201519741
13110	40	0.5451548242835997
13110	41	0.26090099454057025
13110	42	0.3683704402814385
13110	43	0.4543777820409929
13110	44	0.2075075044342256
13110	45	-0.019625830973197367
13110	46	0.3346796326920156
13110	47	-5.028561832318701E-4
13110	48	0.07842401183035719
13110	49	0.588178072349713
13110	50	-0.0950115929933304
13110	51	0.44925920311580825
13110	52	0.3044275920072934
13110	53	0.16300483641069263
13110	54	0.07451077397131911
13110	55	0.37563898636223314
13110	56	0.32785884054030845
13110	57	0.34949354988857806
13110	58	-0.009599613913984228
13110	59	0.34318714326335
13110	60	0.5197824260615462
13110	61	0.37273524953822346
13110	62	0.23996619431776622
13110	63	0.31719901755424473
13110	64	0.1152363137418746
13110	65	0.358924309057187
13110	66	0.17283597398869688
13110	67	0.2604284602045297
13110	68	0.3744749727309937
13110	69	0.06910388829386704
13110	70	0.3638264309444139
13110	71	0.15186567656590455
13110	72	-0.1215240034212357
13110	73	0.27978714900637414
13110	74	0.24947050619661582
13110	75	0.9116887811684009
13111	1	-0.1211748333736864
13111	2	-0.03637938075699765
13111	3	-0.14904177452120138
13111	4	0.18732763285511211
13111	5	0.06022120383860852
13111	6	-6.881865657675235E-4
13111	7	-0.0028128881094175995
13111	8	0.2891600130170673
13111	9	0.4918737751251072
13111	10	0.27744178532958585
13111	11	0.21416419504030415
13111	12	0.1515931882738215
13111	13	-0.013949883550552045
13111	14	0.02756450249612641
13111	15	0.47926734735059995
13111	16	0.26881086420254263
13111	17	0.261382783070772
13111	18	0.12732718648102548
13111	19	0.03980663985907995
13111	20	-0.05628164502071087
13111	21	0.028937930795947864
13111	22	0.28695287672241676
13111	23	0.1610737306434018
13111	24	-0.1113513172489462
13111	25	0.1524094246126637
13111	26	-0.07833887055194566
13111	27	0.3332773430077651
13111	28	-0.0065341117893780165
13111	29	0.2739257459099349
13111	30	0.08595172670592888
13111	31	0.182664483535234
13111	32	0.2849867646767734
13111	33	0.07027343507941453
13111	34	-0.02435293466993471
13111	35	0.266565171694225
13111	36	0.06630060666589799
13111	37	-0.09925294095486947
13111	38	0.43083438380678274
13111	39	0.03814608177733447
13111	40	0.09501747436539176
13111	41	0.286472771447265
13111	42	-0.17911559323811588
13111	43	-0.21266441061927566
13111	44	-0.3158419816610234
13111	45	0.2637316800610918
13111	46	0.29643771164506916
13111	47	0.6696875817932479
13111	48	0.2204654328618716
13111	49	-0.16784834821881844
13111	50	0.08783355654832548
13111	51	0.1042331220639241
13111	52	0.2846430307553973
13111	53	0.1866629740075325
13111	54	0.23147549510468934
13111	55	0.25907674678693837
13111	56	-0.1578505949360931
13111	57	0.1842878336627649
13111	58	-0.21204413380657172
13111	59	0.10401309468160491
13111	60	0.14628324398802306
13111	61	0.247067790666037
13111	62	0.24021311551904034
13111	63	0.14841294390999593
13111	64	0.05966361088067629
13111	65	-0.08880555914861787
13111	66	0.17490393904934365
13111	67	0.34475205043879953
13111	68	0.4580269342112828
13111	69	0.18653035207361768
13111	70	0.2515544472412117
13111	71	0.3375504199221808
13111	72	-0.012585455935202106
13111	73	-0.12394444764784396
13111	74	0.32164865984333346
13111	75	-0.025732126884314255
13112	1	-0.1494688229936436
13112	2	-0.19155494351668878
13112	3	0.062196677299873215
13112	4	-0.05145902833235283
13112	5	0.011737877354278226
13112	6	0.22525279025416722
13112	7	0.2616651418131184
13112	8	-0.033869376812923235
13112	9	0.06082800856955117
13112	10	0.3071892854437337
13112	11	0.2796330472997184
13112	12	0.02436155501506221
13112	13	0.34694687915435196
13112	14	0.11563506244011279
13112	15	0.18591696761146892
13112	16	0.23775444364336096
13112	17	0.07887209101713921
13112	18	0.3308871456914133
13112	19	0.1307081207655827
13112	20	0.483899168640761
13112	21	-0.1886929231985448
13112	22	0.2367268596455716
13112	23	0.3702270417555269
13112	24	0.4346054883763699
13112	25	-0.16728678408404818
13112	26	0.06553583836545585
13112	27	0.07108992386404367
13112	28	0.2033117095582
13112	29	0.46104809953153847
13112	30	-0.1726666012243001
13112	31	0.20475632104646024
13112	32	0.0506443450003502
13112	33	0.30210455390199087
13112	34	0.5356443257291374
13112	35	0.22522002763687965
13112	36	0.11365765276729434
13112	37	0.5161146982701297
13112	38	0.15491090999280033
13112	39	0.12423804104859926
13112	40	0.40965303134148456
13112	41	0.03864542718596908
13112	42	0.31812958582524686
13112	43	0.067086894496164
13112	44	0.4463073874697656
13112	45	0.16486252644558164
13112	46	0.36552131513349195
13112	47	0.09319183578469392
13112	48	0.3532828080197774
13112	49	0.1230211706768145
13112	50	0.49655157551244855
13112	51	0.06944019023433157
13112	52	-0.0315297467433453
13112	53	0.14910761123871197
13112	54	-0.10379077888584476
13112	55	-0.18357427371440593
13112	56	0.12528716133074624
13112	57	0.12771507442803198
13112	58	0.4487856608755578
13112	59	0.3122608154858284
13112	60	0.5665912968927671
13112	61	0.05561534557220682
13112	62	0.38490209471328996
13112	63	0.0317287742373793
13112	64	-0.3954982538743579
13112	65	0.48675415654168575
13112	66	0.264945489663468
13112	67	0.21678224692906412
13112	68	0.3133379550170332
13112	69	0.009559741903608199
13112	70	-0.021994705765500555
13112	71	0.07479225058440164
13112	72	0.3069737727149331
13112	73	0.18766993830104894
13112	74	-0.1199217402906001
13112	75	0.31407731865089517
13201	1	-0.12155185806880553
13201	2	-0.06589606409975701
13201	3	-0.018040193917670422
13201	4	0.024829989259455232
13201	5	0.04082618346477318
13201	6	-0.012984992006522589
13201	7	0.280927196866152
13201	8	0.0898589587980183
13201	9	-0.3609415842809298
13201	10	0.09153235826211414
13201	11	0.016102972030196838
13201	12	0.09774391114616776
13201	13	-0.045170428496241755
13201	14	0.14940873329324234
13201	15	0.25817136556378983
13201	16	-0.051913893269073697
13201	17	0.05199631825732354
13201	18	-0.006654339308916235
13201	19	-0.5036382057783086
13201	20	0.12909124690370533
13201	21	0.24416102790880956
13201	22	-0.02908082348494645
13201	23	-0.06588063486753981
13201	24	-0.27811224008939206
13201	25	-0.21752430604669115
13201	26	0.24004398352499834
13201	27	0.153994850004473
13201	28	0.2593625544422622
13201	29	0.146846672230609
13201	30	0.1996246722838677
13201	31	0.07601724814131927
13201	32	0.2475598132114527
13201	33	-0.15035851631340336
13201	34	-0.11280147804952634
13201	35	0.3973854904251013
13201	36	0.2569083414725313
13201	37	-0.07775528285826283
13201	38	0.11313307437101372
13201	39	-0.03330734842234051
13201	40	-0.08335145879973282
13201	41	0.09417567598751475
13201	42	-0.24342005518037269
13201	43	0.03784674786160025
13201	44	0.16327665060939012
13201	45	0.14063311710522441
13201	46	-0.3138782640513398
13201	47	0.052650415858877864
13201	48	0.3885531926101393
13201	49	0.2655560397685903
13201	50	0.43147706519813767
13201	51	0.17256159757906886
13201	52	-0.3312195582441788
13201	53	0.018633218058518253
13201	54	0.3145949394282894
13201	55	-0.15552715976893694
13201	56	0.1697113603719842
13201	57	0.12344184825072091
13201	58	0.5773078187463199
13201	59	-0.42542383343718626
13201	60	-0.48661796104090627
13201	61	-0.1688049489984067
13201	62	-0.3689210327676733
13201	63	-0.17119524042607992
13201	64	0.13249463131251105
13201	65	0.16745522593279816
13201	66	0.13820203507463447
13201	67	0.09118844202244247
13201	68	0.08290911399406298
13201	69	0.11942720681760477
13201	70	0.2786712233900488
13201	71	0.2450488610700745
13201	72	0.13177149944537803
13201	73	0.31491229746895755
13201	74	0.17857503852113865
13201	75	-0.4334335813295809
13202	1	-0.15722639875122013
13202	2	0.16289133747504536
13202	3	0.010516236528523848
13202	4	-0.08956371152794773
13202	5	0.05544035669311853
13202	6	0.10921973240292715
13202	7	0.05604530710237299
13202	8	0.1494915047297738
13202	9	0.17426051545660215
13202	10	0.3344509934327178
13202	11	0.25935756520605224
13202	12	0.17184364867897983
13202	13	0.015574978327904887
13202	14	0.4318444288312975
13202	15	0.37707950204673324
13202	16	0.019330201219119658
13202	17	0.271334900934491
13202	18	0.5849257131845249
13202	19	0.21037754225318395
13202	20	0.13602038076197687
13202	21	0.23427126412928345
13202	22	0.17490867782738917
13202	23	0.07572566434505745
13202	24	-0.051697541926664314
13202	25	0.07068566770659146
13202	26	-0.12115286686870519
13202	27	0.08191086050315732
13202	28	0.42616570404856446
13202	29	0.3300067772174913
13202	30	0.26883202136522755
13202	31	0.6446681667764906
13202	32	0.5706884221353334
13202	33	0.08630290100943228
13202	34	0.3506525901919417
13202	35	0.19961121220988076
13202	36	0.27824167480586226
13202	37	0.31120009771915846
13202	38	0.2732800559983133
13202	39	0.24152729724694666
13202	40	0.13972465668583567
13202	41	0.31181347126310044
13202	42	0.07021774009521664
13202	43	0.4063926796201329
13202	44	0.16571234614745123
13202	45	0.3688955842968227
13202	46	-0.16488088872325335
13202	47	-0.05960155264506284
13202	48	0.4171726151823165
13202	49	0.35912034423053285
13202	50	-0.05419222614044372
13202	51	-0.04560113207972449
13202	52	0.08459146537786921
13202	53	0.1593996222579932
13202	54	-0.03284863012551398
13202	55	0.12075630479798605
13202	56	0.1944882632591174
13202	57	0.17104289811948803
13202	58	-0.06416199752664653
13202	59	0.24993574661530715
13202	60	0.3687731150745819
13202	61	-0.3781697783947351
13202	62	-0.4216874369671473
13202	63	0.3600593527497722
13202	64	0.11857337146999214
13202	65	0.28470456976481984
13202	66	0.2626534786441894
13202	67	0.022380043072317335
13202	68	-0.1254058466358572
13202	69	-0.013801139639092241
13202	70	0.04387857247141369
13202	71	-0.06499838302440963
13202	72	0.01941454406479437
13202	73	0.16274431846633775
13202	74	0.01559341122455038
13202	75	0.20242993573078394
13203	1	-0.205050960154729
13203	2	-0.030898136209163596
13203	3	0.02525307863378501
13203	4	0.15250646391065104
13203	5	-0.3208052573419664
13203	6	-0.30516623250935737
13203	7	-0.10781434202043272
13203	8	-0.13103481105969905
13203	9	-0.0356342213855072
13203	10	-0.026847252181319448
13203	11	-0.052221382162372265
13203	12	0.18229978902985522
13203	13	0.12315392569632166
13203	14	-0.06334855362484149
13203	15	0.1957110809941014
13203	16	0.02427756964016936
13203	17	-0.17947211660936802
13203	18	-0.03303919909618003
13203	19	-0.11295579108014664
13203	20	-0.08380418064153616
13203	21	-0.5000094376251027
13203	22	-0.002986059014716602
13203	23	-0.3136427567075728
13203	24	0.26833754579263314
13203	25	0.17373829928553874
13203	26	0.10607520330673736
13203	27	0.09082314120491475
13203	28	-0.29302727840757825
13203	29	0.06512958423503079
13203	30	0.09960395118979193
13203	31	-0.2216827104164949
13203	32	0.07132000108270375
13203	33	-0.009240958639693986
13203	34	-0.3874526729659493
13203	35	-0.283827384281345
13203	36	-0.048354816422204294
13203	37	-0.24711569175452297
13203	38	-0.5214918738262497
13203	39	0.08163256040484157
13203	40	0.05772465668583493
13203	41	-0.5248531954035656
13203	42	0.18404230149872802
13203	43	0.0765330304973233
13203	44	-0.5766736187648291
13203	45	-0.004718450790896611
13203	46	0.14483840952235738
13203	47	-0.4614261140485709
13203	48	0.15948840465599545
13203	49	0.41252385300246175
13203	50	-0.16594661210535833
13203	51	0.18755676265712395
13203	52	0.12445111450067259
13203	53	-0.2880389742332383
13203	54	0.07192329969904421
13203	55	0.2872826205874617
13203	56	0.1395759825573677
13203	57	-0.30162376854718076
13203	58	-0.09661813787752038
13203	59	-0.2573274112794266
13203	60	-0.1266303936973472
13203	61	0.026146011078949982
13203	62	-0.18768743696715262
13203	63	0.01574356327608939
13203	64	0.08853828375069384
13203	65	-0.5790498162000901
13203	66	-0.21369739854879555
13203	67	-0.039865570962774655
13203	68	-0.6930198817235791
13203	69	-0.21695903437593245
13203	70	-0.39941967314261717
13203	71	-0.23313873390160467
13203	72	-0.1967959822509897
13203	73	-0.3368697166213863
13203	74	-0.09735395719650342
13203	75	-0.19595602918149524
13204	1	0.1382274165098245
13204	2	0.13127687964372114
13204	3	0.12087768231165441
13204	4	-0.12355567939943057
13204	5	0.007761641833681665
13204	6	-0.025077456352093463
13204	7	-0.13463742382132438
13204	8	0.0367204203924274
13204	9	-0.25725755683255613
13204	10	0.013133724356407583
13204	11	-0.2760641215409336
13204	12	0.11590790570708975
13204	13	-0.09035273251546982
13204	14	0.052599448911621494
13204	15	-0.1731855581942341
13204	16	0.07966755061671194
13204	17	-0.06228758902534537
13204	18	0.034050211176491985
13204	19	0.08764661855840927
13204	20	-0.05739327385649773
13204	21	-0.4023873704088743
13204	22	-0.23906722578706763
13204	23	-0.23675626336578404
13204	24	0.09988478739060724
13204	25	0.07136036650177147
13204	26	0.059023839958605606
13204	27	0.28695503720998516
13204	28	0.15304120605659222
13204	29	0.057171435852026775
13204	30	-0.13707962522111217
13204	31	-0.4558298251913797
13204	32	0.05001372334015741
13204	33	0.2924394471941696
13204	34	0.23296584320399205
13204	35	0.4438200475512488
13204	36	0.018354124605060917
13204	37	-0.15453484203987244
13204	38	0.08025194354851095
13204	39	-0.2213160762470281
13204	40	0.2017005603002957
13204	41	-0.30376885805416975
13204	42	0.2293181417016399
13204	43	0.27922802098559885
13204	44	0.014258530886408494
13204	45	-0.032999998032494204
13204	46	-0.2647684389240581
13204	47	0.22582816623044266
13204	48	0.0163051453027947
13204	49	0.07320869764419058
13204	50	0.3151250429358612
13204	51	0.27921814502871456
13204	52	0.3115151601569863
13204	53	0.2817771322981528
13204	54	-0.029218108037163404
13204	55	0.06350329274979316
13204	56	-0.12824266043566013
13204	57	0.1929545447058345
13204	58	0.20170145628861746
13204	59	-0.3382088316979477
13204	60	0.4072630749139421
13204	61	-0.03330230851521776
13204	62	0.0659270208641729
13204	63	-0.2657719725514269
13204	64	0.2985573072129668
13204	65	-0.24496611296610382
13204	66	0.15637235414619255
13204	67	0.250749520983959
13204	68	-0.0014219108928870128
13204	69	0.23776512542114858
13204	70	-0.4154627929904322
13204	71	-0.05571324246216136
13204	72	-0.108970998103878
13204	73	0.05231861565508922
13204	74	-0.04069574540195475
13204	75	-0.5953853253133943
13205	1	-0.050056330724007836
13205	2	-0.1661290706882177
13205	3	0.18612848142648275
13205	4	0.18379002996865168
13205	5	0.05005940431216871
13205	6	0.028641501110406864
13205	7	0.16087523907516044
13205	8	0.17234864758692225
13205	9	0.2033829644361944
13205	10	-0.15635853037680647
13205	11	-0.1634995776510948
13205	12	0.09151031534564424
13205	13	0.3971872232258633
13205	14	-0.29874060518230294
13205	15	0.018589706128366856
13205	16	0.26063632366809486
13205	17	0.2957158533154427
13205	18	-0.08499945688350152
13205	19	0.2385748211647467
13205	20	0.15435371409530774
13205	21	0.08761140018370384
13205	22	0.19266377986820515
13205	23	0.2316848480185314
13205	24	0.19852014514816574
13205	25	-0.1957837200485173
13205	26	-0.27783994169863746
13205	27	0.23832582648955736
13205	28	0.08586638432066707
13205	29	0.28607480442837385
13205	30	0.06974358599108399
13205	31	-0.11432503050242104
13205	32	0.23909658540064527
13205	33	0.12803079216589452
13205	34	0.11179544733479929
13205	35	0.013379919692873443
13205	36	0.02986752514600255
13205	37	-0.19784071860736674
13205	38	-0.03806008005611261
13205	39	-0.1798604578550922
13205	40	-0.0034998331100837277
13205	41	0.2077998658209239
13205	42	0.050476243496575535
13205	43	-0.2114100414683051
13205	44	-0.5153148647369079
13205	45	0.11402483599750468
13205	46	-0.11345912001577574
13205	47	-0.3023498519647916
13205	48	-0.22243962971564457
13205	49	0.22135843946863076
13205	50	-0.5526276002901014
13205	51	-0.1812133769776807
13205	52	-0.2615854053704325
13205	53	-0.15766840495289358
13205	54	-0.27885543284660486
13205	55	-0.22936614418160417
13205	56	-0.7512940496660505
13205	57	-0.27254213589411336
13205	58	-0.1803184601116783
13205	59	-0.28675813093571634
13205	60	0.17729012187730575
13205	61	0.35187103793179375
13205	62	0.009761542624687536
13205	63	0.20277363846405905
13205	64	0.1547842558237349
13205	65	0.2934528690845539
13205	66	-0.624707065573503
13205	67	0.06263174375258274
13205	68	0.18847850710563563
13205	69	0.015076411381315324
13205	70	0.28229353845781446
13205	71	0.1272533176558568
13205	72	-0.03554463960867338
13205	73	-0.5308815318738027
13205	74	-0.17503924183667863
13205	75	-0.23357686699030467
13206	1	0.05824170547160179
13206	2	-0.13869356818533163
13206	3	0.03455936321315889
13206	4	-0.06635436741294143
13206	5	0.1292373018862918
13206	6	0.3635952939483005
13206	7	0.07009741851297235
13206	8	-0.05945728233221814
13206	9	0.3537969035967663
13206	10	-0.20723454115847773
13206	11	0.2111634951251915
13206	12	-0.033489684654355756
13206	13	0.021224574015235476
13206	14	0.016045686692933714
13206	15	-0.02578842248156832
13206	16	-0.015451469939911533
13206	17	0.3307562845822929
13206	18	-0.14213268753425723
13206	19	0.05052129786864157
13206	20	0.042830803044097365
13206	21	0.21761717607896713
13206	22	-0.10951180734780763
13206	23	0.5122970929164907
13206	24	-0.26326268118991436
13206	25	-0.30701783633654145
13206	26	-0.05936670334669003
13206	27	0.15654877604673345
13206	28	-0.03735271463966683
13206	29	0.42575520489044294
13206	30	0.14280866107772283
13206	31	0.2559098559049744
13206	32	-0.25300969107220794
13206	33	0.46216633317474987
13206	34	-0.05801587341991166
13206	35	0.20167410529164442
13206	36	-0.050369286559813986
13206	37	0.26033217319086077
13206	38	0.30565382059848645
13206	39	0.036158025009754624
13206	40	0.14060875372087622
13206	41	0.14185839489293528
13206	42	0.35862025581848656
13206	43	-0.19124254050565526
13206	44	0.2985569103882426
13206	45	-0.2511080095935654
13206	46	0.17432486150136128
13206	47	-0.2748180845408399
13206	48	0.3630917526486215
13206	49	-0.21563616969579158
13206	50	0.1667601548119393
13206	51	-0.24527768194494826
13206	52	0.36028598469503237
13206	53	0.18748946951765078
13206	54	0.537904289910422
13206	55	0.12392611611874571
13206	56	0.10633013208212105
13206	57	0.1254651802398854
13206	58	-0.0478097962687869
13206	59	-0.3694496981286264
13206	60	0.20328165056425007
13206	61	0.580018900850547
13206	62	-0.11100280084855285
13206	63	0.3419245818602832
13206	64	-0.018540734549773674
13206	65	-0.13097916788117914
13206	66	-0.05645523653999618
13206	67	-0.36704673141106525
13206	68	0.48309729801822954
13206	69	0.13218268785416853
13206	70	0.14189115108776917
13206	71	0.05876082631970547
13206	72	0.310864678835685
13206	73	-0.31789539402243605
13206	74	-0.03579203351938531
13206	75	-0.11425649733300958
13207	1	-0.0658656681576133
13207	2	0.051329693639431184
13207	3	-0.32153855799202447
13207	4	0.0036600327642908326
13207	5	0.31830793660179424
13207	6	-0.3539766146290333
13207	7	-0.14797295773781372
13207	8	-0.4883167144483025
13207	9	-0.125684690022851
13207	10	-0.45572252254902423
13207	11	-0.29735476356107426
13207	12	0.0021267537018090366
13207	13	-0.030342829891274903
13207	14	-0.18090442961619146
13207	15	0.025956214375497666
13207	16	0.033686365602683566
13207	17	-0.20643678856322367
13207	18	4.142976594110337E-4
13207	19	0.053482565084237876
13207	20	-0.10763258727455849
13207	21	-0.3710620692040507
13207	22	-0.3478310482000069
13207	23	-0.23408255483302298
13207	24	-0.27149662868465185
13207	25	-0.30005405832081067
13207	26	-0.09565514997372304
13207	27	-0.29555032671144943
13207	28	-0.5037338393304367
13207	29	-0.24997495794232805
13207	30	-0.014419120187277201
13207	31	0.4020015001098258
13207	32	-0.06350335868658163
13207	33	-0.07914002136499931
13207	34	-0.2686350810409337
13207	35	-0.08966732660290688
13207	36	0.06238779352732848
13207	37	-0.1838136009109732
13207	38	-0.09650989833959045
13207	39	-8.836616571628042E-4
13207	40	-0.2457000008484087
13207	41	-0.6118394967734275
13207	42	-0.021581346662770784
13207	43	-0.49033791398717597
13207	44	-0.05836071321328262
13207	45	0.05094124639727937
13207	46	-0.36867997548124976
13207	47	0.08940301356498281
13207	48	0.23317261518231192
13207	49	-0.42604860554115476
13207	50	0.07713197477279721
13207	51	4.262651805504447E-4
13207	52	-0.08059574923400703
13207	53	-0.21305699874657336
13207	54	-0.23730525113008127
13207	55	0.16305767466100463
13207	56	-0.18706424815640332
13207	57	-0.08861006991703846
13207	58	-0.14726702035769534
13207	59	-0.13220123968606146
13207	60	-0.10381135981126022
13207	61	0.03202200242718334
13207	62	-0.0075504506657821935
13207	63	-0.21068037327762568
13207	64	-0.15861384314187887
13207	65	0.38457671588354714
13207	66	-0.07973921541974249
13207	67	-0.3521222400327062
13207	68	0.08387269217692506
13207	69	0.05578790145679591
13207	70	-0.12624014898977265
13207	71	-0.2820212140746392
13207	72	-0.1687498394968472
13207	73	0.013995460018847439
13207	74	0.3795386167040036
13207	75	-0.21462942499980642
13208	1	0.07980504778966235
13208	2	-0.03896310996430685
13208	3	-0.12177486859276954
13208	4	0.06841652207492999
13208	5	-0.09448237466357412
13208	6	-0.48815672761504203
13208	7	-0.25065729846815543
13208	8	-0.19692358960984535
13208	9	-0.09364244950296552
13208	10	-0.22610246568678605
13208	11	0.009007160893382604
13208	12	0.06084993798715033
13208	13	0.07513292981038688
13208	14	0.05917237132905484
13208	15	0.11167788479605889
13208	16	0.0519339748040224
13208	17	0.05312825223727913
13208	18	0.18401286502638925
13208	19	0.15294717387941859
13208	20	0.25576880843492944
13208	21	-0.1705229856461017
13208	22	-0.13916140303513913
13208	23	0.029817308549908716
13208	24	-0.15544596959961865
13208	25	-0.3339720142341136
13208	26	-0.4502022828615182
13208	27	-0.06447548271336956
13208	28	-0.04274355021918552
13208	29	0.14812717254542918
13208	30	-0.2345498294883157
13208	31	0.10227104188879821
13208	32	0.19173424423776453
13208	33	-0.2197743676338746
13208	34	0.2438709190329149
13208	35	-0.07864934484312869
13208	36	-0.05845553992908492
13208	37	-0.055031708210755426
13208	38	0.15201500658231737
13208	39	-0.1201762067961809
13208	40	0.3292879990038955
13208	41	-0.38913890968927944
13208	42	0.28045313991552234
13208	43	-0.23976006072128797
13208	44	0.2635164791213924
13208	45	0.33918848636331234
13208	46	0.3198774221482594
13208	47	-0.01066714114460865
13208	48	0.015382857769914438
13208	49	0.1401589785521864
13208	50	-0.02461450826083933
13208	51	-0.08355261455950824
13208	52	0.3333318067974531
13208	53	-0.21951861673571926
13208	54	0.308793777781041
13208	55	0.5012846066847843
13208	56	0.3839581644271348
13208	57	0.31414442552290467
13208	58	0.23251365386598621
13208	59	0.23971472235654545
13208	60	-0.17407684000178847
13208	61	0.16222914343814665
13208	62	-0.030140267155829292
13208	63	0.21254452795193401
13208	64	-0.045494912447345826
13208	65	0.1277809399355334
13208	66	0.30203532949773404
13208	67	0.045352190421816374
13208	68	0.2890272171556916
13208	69	-0.4769817326310033
13208	70	0.24701244488830554
13208	71	-0.01940628958325874
13208	72	0.24078381630199175
13208	73	0.10258978117972362
13208	74	0.2391405810358691
13208	75	0.015123556575346697
13209	1	-0.0430558561155614
13209	2	-0.4917236496050563
13209	3	-0.012119422386206224
13209	4	0.011645590797634497
13209	5	0.2359674884760672
13209	6	0.3957313603099024
13209	7	0.11640706420831748
13209	8	-0.017020123177196922
13209	9	0.3607618074462664
13209	10	-0.0637505569548793
13209	11	0.24033947735075145
13209	12	0.013021943252617518
13209	13	-0.060104608235405976
13209	14	0.36151884743595275
13209	15	-0.298910162035952
13209	16	0.2123844647850106
13209	17	-0.16829300604225494
13209	18	0.11003165633697876
13209	19	-0.17742607531787513
13209	20	0.3239273575061574
13209	21	0.22532035973651432
13209	22	0.2693789620651188
13209	23	0.20517269276883354
13209	24	0.4353102100113233
13209	25	0.24480453075568676
13209	26	0.23086780496592496
13209	27	-0.06814598704205821
13209	28	0.1494111820847337
13209	29	0.16058042062834232
13209	30	0.06796380431097049
13209	31	0.06763457504522563
13209	32	0.03780986916375895
13209	33	0.038923056048190574
13209	34	0.5052985850239864
13209	35	0.34613317603417215
13209	36	-0.5337893329460712
13209	37	0.1293292966855688
13209	38	0.3067890999259575
13209	39	0.36187871843557673
13209	40	0.08808641379177828
13209	41	0.11842845834320315
13209	42	0.512098877046121
13209	43	-0.024697759656355345
13209	44	0.026549555449776108
13209	45	0.06415139825030991
13209	46	0.5391604549459927
13209	47	0.4172356566572617
13209	48	0.41508475988515414
13209	49	0.09995755353286029
13209	50	0.22508425964767298
13209	51	-0.17159596412106737
13209	52	0.03847260232877403
13209	53	-0.03249701856888265
13209	54	0.08537359209670825
13209	55	-0.025310878664541292
13209	56	0.02167172579142118
13209	57	0.03338915134946063
13209	58	-0.09310256600209499
13209	59	0.21731559157655056
13209	60	0.22973435538465736
13209	61	0.11933926553291485
13209	62	-0.16533601577852153
13209	63	-0.06840576352929872
13209	64	0.18215993477748782
13209	65	0.3716709780335563
13209	66	0.37678267761059914
13209	67	0.08034386736171939
13209	68	-0.268206880227595
13209	69	0.0030464055805481394
13209	70	0.407992267561859
13209	71	0.13721350328049908
13209	72	0.04684606861260221
13209	73	-0.026010203497492057
13209	74	0.39593449649586887
13209	75	-0.05216437951469288
13210	1	-0.057722211146529645
13210	2	-0.11887750674605968
13210	3	0.028003673714451338
13210	4	-0.13795902141069405
13210	5	-0.11962832002379642
13210	6	-0.1197919928902067
13210	7	0.14592805417105126
13210	8	-0.11121201285816085
13210	9	0.1604514702304698
13210	10	0.10090995490675425
13210	11	0.1426741481206264
13210	12	-0.14404244847344927
13210	13	-0.058676277953502165
13210	14	-0.012872489091648731
13210	15	-0.20792552307889878
13210	16	-0.04989592943415033
13210	17	0.08537845202327077
13210	18	-0.10603576085232902
13210	19	-0.3473779016329104
13210	20	-0.19677693917102346
13210	21	0.011349991097453938
13210	22	-0.017955643780645403
13210	23	-0.48411353163483994
13210	24	-0.06722183003386561
13210	25	-0.13600779963009302
13210	26	0.09792921018322431
13210	27	-0.16487640917858215
13210	28	-0.0912949324673491
13210	29	0.0636617185910211
13210	30	-0.551295281817346
13210	31	-0.22262161546806425
13210	32	0.21617585932126815
13210	33	-0.0237741509168643
13210	34	-0.2855484148331797
13210	35	-0.2618226236360144
13210	36	-0.20791577913048087
13210	37	-0.44190542991903214
13210	38	0.1098093692311437
13210	39	-0.36122647159726995
13210	40	-0.15961202673125285
13210	41	-0.15977781851913875
13210	42	0.08972862786740876
13210	43	-0.3363074878840564
13210	44	-0.18074661532659064
13210	45	0.1857867065748806
13210	46	-0.3875207547199082
13210	47	0.24344032340184185
13210	48	-0.079390198888035
13210	49	-0.547037109705812
13210	50	-0.10028937856925069
13210	51	-0.08087751398927168
13210	52	0.14709062785693305
13210	53	0.23245824872365262
13210	54	-0.4626442750166362
13210	55	-0.32525374545326713
13210	56	-0.09995059771240733
13210	57	0.3895822616035787
13210	58	-0.6775623325350182
13210	59	-0.37241601217866105
13210	60	-0.005511642044346843
13210	61	-0.12202907487714754
13210	62	0.08140804041978811
13210	63	-0.15266426534067534
13210	64	-0.09625409921677175
13210	65	0.15846671381842725
13210	66	0.16903203810817757
13210	67	-0.208789136157165
13210	68	0.15703301433566708
13210	69	-0.11159008436271023
13210	70	0.1718048706288684
13210	71	0.07945052819837173
13210	72	-0.33670605895027705
13210	73	-0.49284697131590605
13210	74	-0.05132116163976974
13210	75	0.14921720541252625
13211	1	0.1365622191349587
13211	2	-0.09139592539758112
13211	3	-0.008779156425404722
13211	4	-0.1887073429642605
13211	5	0.08678995018905411
13211	6	0.018596426169864344
13211	7	-0.24390049235562117
13211	8	0.3465646754614866
13211	9	-0.34359314307998545
13211	10	0.024293811860900405
13211	11	-0.09110313940099246
13211	12	-0.009099440751917598
13211	13	0.15959665854470728
13211	14	-0.23588456845867256
13211	15	-0.23456277437603035
13211	16	0.03327058062291144
13211	17	0.14279289551443952
13211	18	0.06295281345552439
13211	19	-0.21498831140534946
13211	20	0.0022534430925986726
13211	21	-0.11740353261868819
13211	22	-0.14563332759266245
13211	23	-0.18456701858176672
13211	24	0.10348944994325393
13211	25	-0.35801893933948037
13211	26	0.38937287838874823
13211	27	-0.008777486380310506
13211	28	0.007607438465903726
13211	29	0.03131843033401793
13211	30	-0.006593452889511298
13211	31	0.017719657291394242
13211	32	-0.38293759412482586
13211	33	-0.024352925548832616
13211	34	0.16251166878273438
13211	35	-0.05879529185516219
13211	36	-0.20650629267380793
13211	37	0.005487360591793333
13211	38	0.007740760605358332
13211	39	-0.26331823120833775
13211	40	0.020461784057111743
13211	41	-0.3306797536691448
13211	42	-0.007028872370909767
13211	43	-0.031504339350057364
13211	44	0.19803754939947993
13211	45	-0.3032778574375925
13211	46	-0.219710157015939
13211	47	-0.4194064306938401
13211	48	0.09170920054816634
13211	49	-0.11879835495646063
13211	50	-0.5095851800699833
13211	51	0.024534369275293955
13211	52	-0.735397694513729
13211	53	-0.210161353351765
13211	54	-0.09348819652117868
13211	55	0.0726912641475792
13211	56	-0.3002542841663569
13211	57	-0.07520100431953836
13211	58	-0.02730562896295652
13211	59	-0.4158853915960776
13211	60	0.35767284407187105
13211	61	-0.10924836918064074
13211	62	-0.30272808737365153
13211	63	-0.2621411892556438
13211	64	0.1800801465377475
13211	65	-0.6538536958178298
13211	66	-0.25383432623386426
13211	67	0.3497079563514447
13211	68	-0.3242351149285412
13211	69	-0.048381085438549576
13211	70	-0.39367156302994033
13211	71	-0.0219848328889114
13211	72	0.20421671208647751
13211	73	0.08963862740942119
13211	74	0.08579395322996675
13211	75	-0.14373808594942972
13212	1	-0.1848959808697792
13212	2	0.276290754384668
13212	3	0.058213029531437144
13212	4	-0.09281346857362038
13212	5	0.15465124104686012
13212	6	-0.10364712862720182
13212	7	0.36422800875445915
13212	8	0.1431941286364804
13212	9	0.10097771662277921
13212	10	-0.2653235449540716
13212	11	-0.04979695374438364
13212	12	0.04814296840687149
13212	13	-0.489474584354312
13212	14	0.20125939481769706
13212	15	0.15926026006422234
13212	16	0.15276460355148203
13212	17	-0.322359948433828
13212	18	0.2528285314546892
13212	19	0.22363313020264997
13212	20	-0.07268710223122099
13212	21	0.05517699785134056
13212	22	0.1277949752034857
13212	23	-0.22531223652957522
13212	24	0.07388457663504511
13212	25	0.292190040884428
13212	26	-0.18709650146539758
13212	27	0.060118829405006124
13212	28	0.11210545137606687
13212	29	0.21974827381612982
13212	30	0.1491896501310208
13212	31	-0.15368363108551364
13212	32	0.0612540198029734
13212	33	0.2949404131571498
13212	34	0.2663143977721205
13212	35	0.06585805380365883
13212	36	-0.1804094427840255
13212	37	0.5532525758532714
13212	38	0.09568627562902066
13212	39	0.2487109707163384
13212	40	0.19693748467417294
13212	41	0.16771240226407258
13212	42	0.20426633096013802
13212	43	-0.3101709744129053
13212	44	-0.320344019255856
13212	45	0.38005982142023953
13212	46	0.5370510840658582
13212	47	0.08686297602354642
13212	48	0.32238544317065276
13212	49	0.1612272441333502
13212	50	0.11136656880610474
13212	51	0.3519498883284413
13212	52	0.3156740698482281
13212	53	0.48117999154856506
13212	54	0.6785060831883811
13212	55	0.02865134852977036
13212	56	0.2654697987304502
13212	57	0.12067943844990481
13212	58	0.11523547574837778
13212	59	0.455953239326675
13212	60	0.23122598193561572
13212	61	-0.18894528859881632
13212	62	0.2112921548695823
13212	63	-0.27208058894118636
13212	64	0.3461107864359789
13212	65	0.06094558045481335
13212	66	0.19526377990754895
13212	67	0.25906031518115924
13212	68	0.0817000814496609
13212	69	0.016169705841960536
13212	70	0.5042323139680178
13212	71	0.20997926517772925
13212	72	0.4043241650560532
13212	73	0.03289397833027863
13212	74	0.5971910788630339
13212	75	-0.42417453462878996
13301	1	0.1241497153307769
13301	2	0.04130844977451176
13301	3	-0.03900248004901741
13301	4	-0.09650845306092393
13301	5	-0.09804983938531109
13301	6	0.07203613168991296
13301	7	0.1310542197583402
13301	8	0.04820808226988049
13301	9	0.4794797667935029
13301	10	0.11054368505481449
13301	11	0.2948655865964227
13301	12	-0.31156455096451907
13301	13	0.05039850773967203
13301	14	0.22712428622880054
13301	15	-0.05772263699070379
13301	16	0.024741965925002773
13301	17	0.33353097936586096
13301	18	0.07841590926295794
13301	19	-0.4281964327913812
13301	20	-0.24604735542340705
13301	21	0.06102349229327331
13301	22	-0.009262445167259159
13301	23	0.011533150976077877
13301	24	0.0896857022801072
13301	25	0.14279261957824474
13301	26	0.09203073384431093
13301	27	-0.13487345322233324
13301	28	0.01509262026959135
13301	29	-0.21777218891441663
13301	30	0.044397083753821676
13301	31	-0.10548513090621725
13301	32	0.08499858256314496
13301	33	-0.2081855125378027
13301	34	-0.03144366649254948
13301	35	0.12726183609579778
13301	36	0.02161422382547329
13301	37	-0.05769829800276227
13301	38	0.08879520751346348
13301	39	-0.060740082432197084
13301	40	-0.30992240213769406
13301	41	-0.08661790128591917
13301	42	-0.21922254510977268
13301	43	0.20604330350604982
13301	44	-0.048669115528127804
13301	45	0.28599362351251045
13301	46	0.1839462057508996
13301	47	0.048790604217685996
13301	48	0.04547208042295381
13301	49	0.369658668651212
13301	50	0.2813514458738169
13301	51	0.3754683866368538
13301	52	0.22782854202670677
13301	53	0.45246201084979276
13301	54	0.1474650953646801
13301	55	0.405633310145582
13301	56	0.02757204222525189
13301	57	0.014686391880630367
13301	58	0.123716790352141
13301	59	0.21130473057252885
13301	60	-0.0011448884904794454
13301	61	0.519883697541097
13301	62	-0.05854305194041132
13301	63	0.2706689784182217
13301	64	0.5016821058728453
13301	65	0.22974556798229173
13301	66	0.7316445659882191
13301	67	0.5521411838922816
13301	68	0.1551788235958682
13301	69	0.3258780047459382
13301	70	0.022730622382290733
13301	71	0.1862814743730894
13301	72	-0.020606846309533466
13301	73	-0.13893839098108174
13301	74	0.45672710106411785
13301	75	0.041674142504405154
13302	1	-0.29653224067561723
13302	2	0.1374686570626764
13302	3	0.08206262828110056
13302	4	-0.3839829555141989
13302	5	0.017474720954290035
13302	6	0.4024843372139202
13302	7	0.26559857170718004
13302	8	-0.18700334063105117
13302	9	-0.14011061856401597
13302	10	0.04485649171449779
13302	11	0.22678024561842136
13302	12	-0.17266494238631225
13302	13	-0.2043013103318927
13302	14	-0.04148203164979947
13302	15	0.0394712546240541
13302	16	-0.2624017575437705
13302	17	-0.04927678291430482
13302	18	0.11753052418108467
13302	19	-0.07378053334819157
13302	20	-0.03765659518304432
13302	21	0.0134740132701765
13302	22	-0.019833590213842456
13302	23	-0.28740835627349526
13302	24	0.2823093309255711
13302	25	-0.224633919922276
13302	26	-0.08377829642196843
13302	27	0.11542976084680134
13302	28	-0.4665215811748098
13302	29	0.21738134766422235
13302	30	-0.042501311968102584
13302	31	0.3411767578417795
13302	32	-0.02615693868940383
13302	33	7.427635523882259E-4
13302	34	0.34485877575895785
13302	35	-0.12316542009252629
13302	36	0.21309390848283982
13302	37	0.0472413348325631
13302	38	-0.010314445719906473
13302	39	0.4132386374531336
13302	40	0.07576589379923604
13302	41	-0.03052329849634816
13302	42	-0.25901250045460955
13302	43	0.21077068649298525
13302	44	0.3469563324017457
13302	45	0.20154850525901935
13302	46	0.12894041711867033
13302	47	0.1826596157398228
13302	48	0.05946127497612963
13302	49	-0.007470721061565655
13302	50	0.19474248176333475
13302	51	-0.25755989496632026
13302	52	-0.13298241778364428
13302	53	0.4535508250071345
13302	54	0.13033350045867564
13302	55	-0.0753055508721161
13302	56	0.34022709487423697
13302	57	0.553015406710557
13302	58	0.28515071724998364
13302	59	0.4324718290895362
13302	60	0.042848716449150004
13302	61	0.4920982628423758
13302	62	0.25200328468233124
13302	63	0.266286156873484
13302	64	0.39776237490642075
13302	65	0.13576298900881056
13302	66	0.10998681197752092
13302	67	0.10820822176647482
13302	68	-0.12077354423036013
13302	69	0.2245493758248287
13302	70	0.5021809779697008
13302	71	0.45633495030892135
13302	72	0.01834237911634773
13302	73	0.5797065177790515
13302	74	-0.1436643207342172
13302	75	-0.38624360378811673
13303	1	-0.004081431068854613
13303	2	-0.09918068468561714
13303	3	0.2507378431767222
13303	4	0.01746491266411354
13303	5	-0.021220769807342776
13303	6	-0.020124681262814192
13303	7	-0.058229854485809085
13303	8	0.41453305597631385
13303	9	0.02503059855909129
13303	10	0.07855440986853779
13303	11	0.048609642768376204
13303	12	-0.17753400598399338
13303	13	-0.19956075574411614
13303	14	-0.13578622675503738
13303	15	0.018010249969172776
13303	16	0.009180616731583768
13303	17	0.21498771718564313
13303	18	0.13870595325839474
13303	19	0.1090663695846743
13303	20	0.2842013595246726
13303	21	0.0954199252557828
13303	22	0.05767876092988189
13303	23	-0.1295707345469097
13303	24	0.06542895853501562
13303	25	0.11099591701406553
13303	26	0.012446394442470421
13303	27	0.009659706301867743
13303	28	0.12317770774200199
13303	29	-0.20786210551565887
13303	30	0.09669536393217726
13303	31	-0.17472980182923692
13303	32	-0.06940022052394568
13303	33	-0.22655397803027455
13303	34	0.08013735473488026
13303	35	0.2250368816466306
13303	36	0.07131277360549859
13303	37	-0.09753120421989792
13303	38	0.04900674113219594
13303	39	0.009748903895150818
13303	40	-0.1659595538404801
13303	41	0.0038171647072360315
13303	42	-0.06692722758714353
13303	43	-0.09507361770211986
13303	44	-0.28442985145181154
13303	45	0.25511534422295057
13303	46	0.3516251131234682
13303	47	0.01392014633924532
13303	48	0.3777709531324547
13303	49	0.30421360369498274
13303	50	0.09513372030461653
13303	51	0.12536839700614877
13303	52	-0.07056273591484086
13303	53	0.041600914963439095
13303	54	0.2611199755993212
13303	55	0.16678400562901174
13303	56	0.20010229834684168
13303	57	-0.02475396245299777
13303	58	-0.02611952291907471
13303	59	-0.08599777139023246
13303	60	0.02281558968215336
13303	61	0.24290501384903251
13303	62	0.3246394328389428
13303	63	0.23804273225115935
13303	64	0.08521418402770564
13303	65	-0.11630743392861831
13303	66	0.15915578704677102
13303	67	0.07730894427267998
13303	68	-0.03637168227759702
13303	69	0.07362268307559106
13303	70	-0.15205125208998993
13303	71	0.06436819130615135
13303	72	-0.12338878003492226
13303	73	-0.2350691626047663
13303	74	0.3030615552688687
13303	75	0.21429327829773115
13304	1	0.28220164210300425
13304	2	0.041576574243848086
13304	3	0.05697863207169718
13304	4	0.3573517945073377
13304	5	0.18779318863369454
13304	6	-0.0565369992590945
13304	7	0.4400378790615207
13304	8	-0.040146378278578254
13304	9	-0.15879798036512938
13304	10	0.039572627601700106
13304	11	0.04342441757373905
13304	12	0.027791652392998856
13304	13	-6.847571109602768E-5
13304	14	0.13645352818134882
13304	15	-0.11555559544630256
13304	16	0.14853354383750172
13304	17	0.23562830854823602
13304	18	0.41235004001831754
13304	19	0.18467652089756825
13304	20	0.36640106785575455
13304	21	0.32977358539204715
13304	22	-0.4047013500277643
13304	23	0.22300143036177644
13304	24	-0.2103679226137558
13304	25	0.4007358069823539
13304	26	0.05625846089360209
13304	27	0.11189043339081195
13304	28	0.40426783961030566
13304	29	-0.026286630396256783
13304	30	0.28827863232159245
13304	31	0.6003301909176244
13304	32	-0.13507202354711723
13304	33	0.02998349525270072
13304	34	0.2992208353172927
13304	35	0.18863999586819347
13304	36	0.08142087629147454
13304	37	0.3906207105325308
13304	38	0.32910921105866464
13304	39	0.325738996411296
13304	40	0.56677758147692
13304	41	0.4560660246521451
13304	42	0.4740877493802671
13304	43	0.3342738309664668
13304	44	0.32488040557177555
13304	45	0.5302177755688717
13304	46	0.3877133545450846
13304	47	0.13153679461584744
13304	48	0.2799692725639318
13304	49	0.41778701089720016
13304	50	-0.023848679250932037
13304	51	0.13178048351916516
13304	52	0.15180780706774755
13304	53	0.5039270131586449
13304	54	0.10084867720967594
13304	55	0.4374805387812728
13304	56	0.3899571583380421
13304	57	0.17205311167566606
13304	58	0.3460515586479147
13304	59	0.3135346324091799
13304	60	0.3615604874051286
13304	61	0.1871561268977473
13304	62	0.6843181340634885
13304	63	0.636070494811058
13304	64	-0.03595959046129593
13304	65	0.5524631584370638
13304	66	0.4950843050137337
13304	67	0.2900420672134487
13304	68	0.2841169017392531
13304	69	0.26931863751968166
13304	70	0.5047439392309343
13304	71	0.06775556312229014
13304	72	0.778500895039727
13304	73	0.02271832032334231
13304	74	0.11794438615491032
13304	75	-0.07323208841035012
13305	1	0.03848668141755596
13305	2	-0.15245043467685093
13305	3	-0.06442047233223747
13305	4	0.1508075964889315
13305	5	-0.07087187959379904
13305	6	0.11462057628478561
13305	7	0.21030691047789674
13305	8	-0.2262046978018688
13305	9	-0.09672682631555318
13305	10	-0.26851947070230864
13305	11	-0.06368040947749165
13305	12	0.3513204419279248
13305	13	0.06752434541650842
13305	14	0.12122839507602379
13305	15	-0.05249011820642835
13305	16	-0.14644195067961618
13305	17	0.1315205549429308
13305	18	0.057567063395495666
13305	19	0.16615813297048732
13305	20	0.14580941029783645
13305	21	-0.001441816039495336
13305	22	0.05490867782739173
13305	23	-0.1795654748954476
13305	24	-0.29611948285493384
13305	25	0.21660971833949816
13305	26	0.4393197069709629
13305	27	0.050383434342819555
13305	28	-0.057817418314307645
13305	29	0.09554264219639208
13305	30	0.4834480551205047
13305	31	0.45516605707184965
13305	32	0.3680555107429342
13305	33	0.04269108666343868
13305	34	0.2597158813311822
13305	35	0.248151296598067
13305	36	-0.07220558257809984
13305	37	0.16274440151663327
13305	38	0.22251212350885652
13305	39	-0.21427017110747926
13305	40	-0.09227534331416365
13305	41	0.0998303489002339
13305	42	0.19430212828087434
13305	43	0.005413776666543413
13305	44	0.5038726837001946
13305	45	0.24258334800990156
13305	46	0.28011489186746275
13305	47	0.09540266676422249
13305	48	-0.2756881443113528
13305	49	0.022850302036438563
13305	50	0.05753773166546239
13305	51	0.16047481728736557
13305	52	0.20000074807828838
13305	53	0.4376105927221303
13305	54	0.2589319605917808
13305	55	0.26030060859545756
13305	56	0.3401422716979354
13305	57	0.16989521879459346
13305	58	0.07423462694593042
13305	59	0.39413827826087555
13305	60	-0.28442519716170267
13305	61	0.1852732595799509
13305	62	0.3420593984758895
13305	63	0.18699606161053595
13305	64	0.5194510086007966
13305	65	-0.18594521926470975
13305	66	-0.010899263971843709
13305	67	0.025890591595519652
13305	68	-0.015971247479740214
13305	69	-0.2588644307783312
13305	70	-0.20375011951170308
13305	71	0.0905121654987937
13305	72	0.311465176976192
13305	73	0.47562195559713416
13305	74	0.17842885426252053
13305	75	0.3630712859417571
13306	1	0.1247736012487799
13306	2	-0.05677532919161976
13306	3	-0.07226154124925444
13306	4	-0.12834148930572553
13306	5	0.269107023359787
13306	6	0.21588639906959628
13306	7	0.19993419599126128
13306	8	-0.12050849527022223
13306	9	0.04448273767882682
13306	10	-0.0436601176783995
13306	11	0.22657978742827112
13306	12	0.07762142645675851
13306	13	-0.08620279944987175
13306	14	0.18051109549796251
13306	15	-0.1346982757310471
13306	16	-0.06855868766977125
13306	17	-0.4844428768432891
13306	18	-0.12485206459325582
13306	19	0.18148865336429765
13306	20	0.12379815853974918
13306	21	-0.15717318031516214
13306	22	-0.028424655505943974
13306	23	-0.2690521134327142
13306	24	-0.1040308752599941
13306	25	-0.05842544340452349
13306	26	0.08706935535352045
13306	27	0.1564664160587128
13306	28	0.03972125960411432
13306	29	-0.039548778338065915
13306	30	-0.020279089745876888
13306	31	-0.12855405544573273
13306	32	-0.5285338000868833
13306	33	-0.03336376565723498
13306	34	0.24631925685861233
13306	35	0.07216676776543807
13306	36	0.056908341472528434
13306	37	-0.1374665689475023
13306	38	0.07339116710942051
13306	39	-0.32713936941971866
13306	40	-0.3783864544252751
13306	41	-0.17207541762578416
13306	42	-0.3235600376825616
13306	43	-0.5462739870465327
13306	44	0.16937901281411882
13306	45	0.14645113985238112
13306	46	0.0043413334989637065
13306	47	0.085065114021603
13306	48	-0.047382940373239535
13306	49	-0.3794352113250241
13306	50	-0.07808111502933457
13306	51	0.06884331236472008
13306	52	-0.31940853462213425
13306	53	0.17351073336910616
13306	54	0.2631513698744854
13306	55	0.4128674159090977
13306	56	-0.10940062562976749
13306	57	-0.20162376854717934
13306	58	-0.1974953308599794
13306	59	-0.2520642533846953
13306	60	0.17643978174125152
13306	61	0.43038577716082216
13306	62	-0.23768743696714978
13306	63	-0.00794064725022281
13306	64	-0.16409329519667182
13306	65	0.3310379030981565
13306	66	0.14332014531085235
13306	67	-0.01939773470546413
13306	68	0.024816375586361517
13306	69	-0.04546780630575853
13306	70	-0.2912325386396972
13306	71	0.1313349503089185
13306	72	-0.09314101149075782
13306	73	0.14207765179966714
13306	74	-0.20451769988656565
13306	75	0.3834299357307813
13307	1	-0.16937997641264957
13307	2	-0.10332855781291173
13307	3	-0.019221983366765727
13307	4	0.10986386264308479
13307	5	-0.16488076023532727
13307	6	-0.15165286794611177
13307	7	-0.17006289534091223
13307	8	-0.08569174134352409
13307	9	-0.05627351595700958
13307	10	-0.1938491810873586
13307	11	-0.0023178274641040275
13307	12	0.013630734193810667
13307	13	0.028224192987586605
13307	14	-0.2803091488301348
13307	15	0.006168507282332314
13307	16	0.10266004415105812
13307	17	0.1775408346168632
13307	18	0.016974578804067164
13307	19	3.949942601693124E-4
13307	20	0.16024376645133032
13307	21	0.08391175278547536
13307	22	0.20412333751325207
13307	23	-0.015750775445518173
13307	24	-0.2457848019615696
13307	25	0.23357572006261051
13307	26	0.07749983819238082
13307	27	0.08856356556424316
13307	28	-0.08642766418878978
13307	29	0.17054429903249968
13307	30	-0.004543196784858594
13307	31	-0.19852206009959872
13307	32	0.009264338365703395
13307	33	-0.0734597516956299
13307	34	-0.3997976715881606
13307	35	-0.33072735672554643
13307	36	-0.32162568994107943
13307	37	0.3603519301798954
13307	38	0.17113694954106506
13307	39	-0.1188496661038343
13307	40	0.11138957815180106
13307	41	-0.13820398074388152
13307	42	-0.07963915344753758
13307	43	-0.3985427479540391
13307	44	0.20825335836385506
13307	45	-0.3378129671866006
13307	46	-0.1078896147267443
13307	47	-0.07470800988764381
13307	48	0.35463858376870405
13307	49	-0.15812921946929492
13307	50	-0.2674208474318931
13307	51	-0.34759066087553236
13307	52	-0.06722703374953198
13307	53	-0.011378737253352256
13307	54	-0.22934426712377132
13307	55	-0.16146359048996572
13307	56	-0.4102586826396575
13307	57	0.22167466077219444
13307	58	0.04613468659202624
13307	59	-0.21044121673547522
13307	60	-0.11958988667061732
13307	61	-0.21352056373505235
13307	62	0.04765287716897859
13307	63	-0.28385687761672074
13307	64	-0.05414565121761683
13307	65	-0.4773826902700833
13307	66	0.1793585397262092
13307	67	-0.44860075972000857
13307	68	-0.2473185866009544
13307	69	-0.05118333859196866
13307	70	0.14692918329166105
13307	71	0.07675379847646013
13307	72	-0.32672158158965203
13307	73	0.13343890834416783
13307	74	-0.7354222955817349
13307	75	0.2805939845964076
13308	1	-0.26823715143939
13308	2	0.07306338048579875
13308	3	-0.012494516159648583
13308	4	0.23626424546129954
13308	5	-0.13331233147892263
13308	6	0.06427349584378561
13308	7	-0.22040630580085718
13308	8	-0.029648280216463263
13308	9	-0.026126581317591047
13308	10	0.19944024074454347
13308	11	0.16215326413077946
13308	12	-0.02273699648231542
13308	13	0.05071476327414359
13308	14	-0.08884374321171151
13308	15	-0.006920497953267102
13308	16	-0.023487003081953617
13308	17	0.4293564063108377
13308	18	-0.15513880294450644
13308	19	0.02897969279081991
13308	20	-0.234087146119748
13308	21	0.03162610283895617
13308	22	-0.3483171286242239
13308	23	-0.015736701246339635
13308	24	-0.22741797203418912
13308	25	-0.11774443982029226
13308	26	0.062158961088286446
13308	27	-0.13645473089469107
13308	28	0.1890044137259821
13308	29	0.22353365893791732
13308	30	0.3929825589996412
13308	31	0.33641010226035917
13308	32	-0.03399974990767163
13308	33	0.335184621439538
13308	34	0.018093450407000944
13308	35	0.3147294917797723
13308	36	-0.22427445422639636
13308	37	0.007694721375074209
13308	38	-0.28852639561459625
13308	39	-0.0921931328605794
13308	40	0.28084293625573054
13308	41	0.5186951916932117
13308	42	0.202604836869412
13308	43	0.23490880865239205
13308	44	0.10244352894314801
13308	45	-0.06663129742360496
13308	46	0.037764272567066826
13308	47	-0.19235424081710306
13308	48	-0.21198867514026887
13308	49	0.01724937648859992
13308	50	-0.35935351646302394
13308	51	0.09267843781275076
13308	52	-0.13392466365439049
13308	53	0.2744963964515392
13308	54	0.2744416924551274
13308	55	-0.13023294251383533
13308	56	-0.12346872598818948
13308	57	0.011279457259270487
13308	58	-0.14265662118256017
13308	59	0.11460241328197185
13308	60	-0.10985054083939616
13308	61	0.11810979149773715
13308	62	0.3080114877640341
13308	63	0.09044644952396652
13308	64	-0.212480391970864
13308	65	0.4872206987970813
13308	66	0.4325674571388092
13308	67	0.26268111834112773
13308	68	-0.15278219072187937
13308	69	-0.3064893116820997
13308	70	-0.3317343307543865
13308	71	0.445582262136881
13308	72	-0.04215534840832191
13308	73	-0.5240513804583955
13308	74	0.1686901854181002
13308	75	0.04821488196734691
13309	1	-0.410811984336803
13309	2	-0.02997352738981718
13309	3	-0.06678106076877555
13309	4	0.048310162345927665
13309	5	-0.07706414781138449
13309	6	0.03480531798851416
13309	7	-0.1783691073120437
13309	8	-0.446184170945898
13309	9	-0.28584759265150694
13309	10	-0.3728643218826022
13309	11	-0.1801018942534114
13309	12	-0.0010572522219263192
13309	13	0.07535876211169068
13309	14	-0.0866060216191542
13309	15	-0.0934069844397527
13309	16	-0.4506157447268251
13309	17	-0.1467551891555985
13309	18	-0.09392113366232024
13309	19	-0.08728011540447511
13309	20	-0.10307871833712312
13309	21	0.015424417282432046
13309	22	-0.43157780865909245
13309	23	0.25669863731803133
13309	24	0.06826642203729705
13309	25	-0.20001703499611523
13309	26	0.23196425024841716
13309	27	0.44302797762027524
13309	28	0.36749903738189715
13309	29	0.1669076781183918
13309	30	0.08857976911297527
13309	31	0.2209204190287437
13309	32	0.21598571943263067
13309	33	0.04659118929772177
13309	34	-0.22642849088913408
13309	35	-0.27415455355588136
13309	36	-0.18903760447341256
13309	37	-0.009989091470025357
13309	38	-0.05371093499267943
13309	39	0.19763540535505797
13309	40	-0.25443750547632504
13309	41	0.019741399191033793
13309	42	-0.13046694458946462
13309	43	-0.01969741046995921
13309	44	-0.044810176375072786
13309	45	-0.02036567696443825
13309	46	0.017029021186651505
13309	47	-0.38745740850091437
13309	48	-0.1181787361690354
13309	49	-0.6038346107244195
13309	50	0.16598795403973554
13309	51	-0.1364119428905326
13309	52	0.27608696087336426
13309	53	-0.26485262999425885
13309	54	-0.3053170985939815
13309	55	0.006486034527718232
13309	56	0.05899276776362683
13309	57	-0.21648863341204105
13309	58	-0.17947731284196067
13309	59	0.13847628715584648
13309	60	0.22080915111062183
13309	61	0.11739778917283417
13309	62	0.03528553600582285
13309	63	-0.0863190256286046
13309	64	-0.08841761952099603
13309	65	0.4528847499449995
13309	66	0.419446271436982
13309	67	-0.09747581278354289
13309	68	0.10890045967044415
13309	69	-0.4727200585580107
13309	70	-0.2251664725736262
13309	71	-0.14096234698837407
13309	72	0.1495767062269593
13309	73	0.005591165313184376
13309	74	-0.027866048234912455
13309	75	0.3142857915866415
13310	1	-0.04336759624898434
13310	2	-0.20961268397267574
13310	3	0.20611945368669993
13310	4	0.10830581483487833
13310	5	0.08275760423556733
13310	6	-0.02969000843710745
13310	7	-0.01605478226313295
13310	8	0.16622072724988612
13310	9	0.3332524725611563
13310	10	0.23932320076068692
13310	11	0.08927713625162426
13310	12	0.2801832375976545
13310	13	0.11758034025820052
13310	14	0.19288821792870436
13310	15	0.14589451545155896
13310	16	0.17227390095101924
13310	17	0.11992113864673115
13310	18	0.27696503400668604
13310	19	0.15768764055523832
13310	20	-0.03767041459101961
13310	21	0.44448752865117314
13310	22	0.12729473680862213
13310	23	0.2928409458464003
13310	24	0.02271175208584708
13310	25	0.3734631475993524
13310	26	0.35461478281851555
13310	27	0.23699218311263337
13310	28	0.025407884566881478
13310	29	0.1162301909797776
13310	30	-0.006978523764345823
13310	31	0.21808729099453927
13310	32	0.10608788594230845
13310	33	0.21960763738119482
13310	34	0.05089923898550808
13310	35	-0.07684276455508865
13310	36	-0.22298441992157336
13310	37	0.1156612237245227
13310	38	0.19554636520295787
13310	39	0.09917877177777967
13310	40	0.313086586980738
13310	41	-0.1949604340094595
13310	42	-0.03300299270192397
13310	43	0.09577248301602026
13310	44	0.2988026053074151
13310	45	-0.2263072753993356
13310	46	0.3469761264688813
13310	47	0.651061539401411
13310	48	0.0739232854236036
13310	49	0.10143312349773481
13310	50	0.16293020460128815
13310	51	0.11783050330901546
13310	52	0.1975709113117361
13310	53	0.10634510929999408
13310	54	0.48156066388699514
13310	55	0.05396810104463867
13310	56	-0.04104346149512139
13310	57	-0.27387577927103735
13310	58	-0.09222276606998747
13310	59	0.220723950368658
13310	60	0.047865161544642376
13310	61	-0.04909739233575294
13310	62	0.37357261665215447
13310	63	0.6124346878704188
13310	64	0.32384236163979097
13310	65	0.4399074294609804
13310	66	0.19778842055661272
13310	67	0.28045332278634305
13310	68	0.33271032852052684
13310	69	0.07220422229120516
13310	70	0.08457919802994951
13310	71	0.25124111652876024
13310	72	0.21261561645085436
13310	73	0.1341688046146814
13310	74	-0.32497495338671456
13310	75	0.014104645292896123
13311	1	0.23002474280129093
13311	2	-0.15141003238796813
13311	3	0.012708017350441025
13311	4	-0.037435857646666904
13311	5	-0.4515550770968346
13311	6	0.16109187852164553
13311	7	-0.34523323171041653
13311	8	-0.08831671444830391
13311	9	-0.295547703721482
13311	10	-0.30229786501477207
13311	11	-0.23434106493093765
13311	12	-0.2965033832844952
13311	13	-0.1892469394803129
13311	14	-0.2850140186572858
13311	15	-0.10829036096696854
13311	16	-0.706039661794577
13311	17	-0.20369706253583075
13311	18	-0.41328433247758056
13311	19	-0.15473661299795793
13311	20	-0.181605190014281
13311	21	-0.3683223431766578
13311	22	-0.17248858244658294
13311	23	-0.2614798151069948
13311	24	-0.016702108136712468
13311	25	-0.28635542818382476
13311	26	0.01119416509476423
13311	27	-0.6270571760265184
13311	28	0.005855201765456286
13311	29	-0.04997495794233231
13311	30	-0.5103095311461843
13311	31	-0.3842998697531925
13311	32	-0.4361060984126084
13311	33	-0.07366056931020637
13311	34	-0.2960323413149055
13311	35	0.006223084356001607
13311	36	0.15827820448622987
13311	37	-0.4605259296780986
13311	38	0.013079142756303952
13311	39	0.012814968479823108
13311	40	-0.20186438441005805
13311	41	-0.24745593512959374
13311	42	0.2578707081317475
13311	43	-0.04650229754881963
13311	44	0.1882146292524709
13311	45	-0.05316834264381498
13311	46	0.1628268738338221
13311	47	-0.3133367124624087
13311	48	-0.013402727283441607
13311	49	-0.064404769924721
13311	50	-0.13656665536418444
13311	51	-0.28998469372355373
13311	52	0.1303631548755817
13311	53	0.22255943960959002
13311	54	0.3051605022945765
13311	55	0.01785219520894543
13311	56	-0.0035026043207864177
13311	57	0.0648145876172066
13311	58	0.24999325361491032
13311	59	-0.06644781502852481
13311	60	-0.306551085838656
13311	61	0.029282276399783314
13311	62	-0.010290176693175113
13311	63	-0.002461195195429866
13311	64	-0.029846719854205617
13311	65	-0.094875338910974
13311	66	0.17779503115560402
13311	67	0.08349419832345717
13311	68	-0.3133875817956806
13311	69	-0.15791072868018574
13311	70	-0.0961031626884008
13311	71	0.06318426537741573
13311	72	-0.6728594285379401
13311	73	-0.1010730331318399
13311	74	-0.33279015041928517
13311	75	0.46208290376731753
13312	1	0.15608673256191352
13312	2	-0.05197734939364196
13312	3	-0.37352416751188144
13312	4	-0.04021017617441203
13312	5	-0.05185257259980958
13312	6	-0.34017420699101564
13312	7	0.21988369094075466
13312	8	0.12797635321462764
13312	9	-0.41208291888683135
13312	10	0.025279276260995687
13312	11	-0.4145818287333398
13312	12	-0.11177251293718626
13312	13	-0.06650582975290575
13312	14	-0.21999395500708374
13312	15	0.0713623303295634
13312	16	-0.07790212201320657
13312	17	-0.20969540209581083
13312	18	0.325147935406747
13312	19	-0.356895185019539
13312	20	-0.5085250737834812
13312	21	-0.2513650995070833
13312	22	-0.23044485752614463
13312	23	-0.2294056487862548
13312	24	-0.06286925909837748
13312	25	0.019352334373252233
13312	26	0.001715819999986934
13312	27	-0.098331563739265
13312	28	-0.05472318484032712
13312	29	0.05540071661143031
13312	30	0.11406434459755133
13312	31	0.16664796475628663
13312	32	-0.2106045071575906
13312	33	0.15931300201953036
13312	34	0.14354147908083092
13312	35	0.27342939402806365
13312	36	0.03721137177556244
13312	37	-0.12231505379598673
13312	38	0.005461874180127779
13312	39	-0.0614828037631554
13312	40	-0.09884099987981898
13312	41	-0.2076814782318479
13312	42	0.15421774009521982
13312	43	-0.034152774925324536
13312	44	0.22569214412724392
13312	45	0.1368551802564184
13312	46	-0.06560816145052684
13312	47	-0.18160155264506272
13312	48	-0.03399910198940148
13312	49	0.026372869483061834
13312	50	0.2656057536575389
13312	51	-0.1518637583423441
13312	52	-0.08203479724839724
13312	53	-0.13027714541877344
13312	54	0.3151715718946875
13312	55	0.06665529469697873
13312	56	0.23731654608740627
13312	57	0.1332247163013065
13312	58	0.3560400226753728
13312	59	0.45551150419106534
13312	60	0.34941957972104376
13312	61	0.3483150700901163
13312	62	0.05524185596214437
13312	63	0.29205935274977435
13312	64	-0.015103396206775699
13312	65	0.27876517582542704
13312	66	0.3044312564219638
13312	67	0.35635984105211094
13312	68	-9.41200171212131E-4
13312	69	0.22650189066393978
13312	70	0.0390704916633382
13312	71	0.22906222303619472
13312	72	0.29044484709510243
13312	73	0.26733017705219453
13312	74	0.3800782597093999
13312	75	0.433682460983313
13401	1	0.1390058109866068
13401	2	0.014104820621113845
13401	3	0.15411174214650103
13401	4	0.01619658809752167
13401	5	-0.042035298737591376
13401	6	0.19285269120442194
13401	7	0.17967826590386693
13401	8	0.33005330248258247
13401	9	0.3115863581532281
13401	10	0.19937983238402524
13401	11	0.02991936295885722
13401	12	0.01145413557036079
13401	13	0.1657322816986877
13401	14	-0.45787841761065096
13401	15	0.04925927732762858
13401	16	-0.02995069765728431
13401	17	0.06618134288205368
13401	18	-0.030969417901616225
13401	19	0.1522127482456952
13401	20	-0.09985976905075944
13401	21	-0.055331732125402766
13401	22	0.29929070029930216
13401	23	0.322489709288881
13401	24	-0.0807162685184224
13401	25	0.29650589242569225
13401	26	0.08076473612754853
13401	27	0.11991835113986582
13401	28	-0.09373691767428483
13401	29	0.18248617796655253
13401	30	0.16255486780718087
13401	31	-0.011481645957594822
13401	32	0.2917221300005082
13401	33	-0.2778394210879469
13401	34	0.2349896688436317
13401	35	0.02794080022486156
13401	36	0.484436431360173
13401	37	-0.004507767449375422
13401	38	0.11611900730917313
13401	39	0.5507632523031276
13401	40	0.22907297129257387
13401	41	0.021776018079584958
13401	42	-0.06113806514822784
13401	43	-0.03653615933117749
13401	44	0.024154293712989272
13401	45	0.5399592547088048
13401	46	0.3428869015389182
13401	47	0.2921812188905193
13401	48	0.3039591320362476
13401	49	0.29138251651517777
13401	50	-0.005390728013104251
13401	51	-0.05369101972016921
13401	52	0.3425764841044625
13401	53	0.29844831139656947
13401	54	-0.01512578368356543
13401	55	0.3436102373822578
13401	56	0.35991897486960767
13401	57	0.3281515123516954
13401	58	0.18602526839095646
13401	59	0.42827282526699406
13401	60	0.3838367854865652
13401	61	-0.40747314918125
13401	62	-0.29667620101209025
13401	63	0.16565485836775196
13401	64	0.37523254749995516
13401	65	-0.07635910064716
13401	66	0.19144748613482676
13401	67	0.07710663483261015
13401	68	0.27300613838286836
13401	69	0.22709773676540124
13401	70	0.2902905574901453
13401	71	0.00408775929768268
13401	72	0.08292016204232766
13401	73	0.13814506753000444
13401	74	-0.0891931056293842
13401	75	-0.27602699310816803
13402	1	-0.03201105951817951
13402	2	0.14521582125085786
13402	3	0.09983777045182762
13402	4	0.14493776339830688
13402	5	-0.07314961380835427
13402	6	0.3639689949398033
13402	7	0.04990961388703141
13402	8	0.2389310327533778
13402	9	0.14025461575158715
13402	10	0.09348344181029233
13402	11	0.46608322892286225
13402	12	0.34409143628959526
13402	13	-0.2621123373063128
13402	14	0.05912466481949963
13402	15	-0.09246622066713428
13402	16	0.1103744490067271
13402	17	-0.0725943026053315
13402	18	0.01664252734381222
13402	19	0.028194651397726034
13402	20	-0.003094663485811111
13402	21	0.09383468595819267
13402	22	-0.03948660240859425
13402	23	0.1692713870589273
13402	24	-0.02932586051073116
13402	25	0.5156650187390355
13402	26	0.21307722162687526
13402	27	0.2152913914766117
13402	28	0.43298576304561465
13402	29	0.2583371606983107
13402	30	0.1809500154655268
13402	31	0.107606219873837
13402	32	0.09479461682560242
13402	33	-0.04641686300237069
13402	34	-0.2940199761797331
13402	35	0.04588849834557607
13402	36	-0.12067277947141974
13402	37	0.1110585047988053
13402	38	0.13197032148503496
13402	39	-0.27389453166160393
13402	40	0.14548276878023358
13402	41	0.2278016718530722
13402	42	0.06129738611291913
13402	43	-0.14671646492264045
13402	44	0.21458550248963348
13402	45	0.0526949943263233
13402	46	-0.024444310552162563
13402	47	0.39288222316614707
13402	48	-0.10665039366724471
13402	49	0.05495515249012328
13402	50	0.4259257679598534
13402	51	0.11451686202057232
13402	52	0.2130398429589917
13402	53	0.17943502048807858
13402	54	-0.1161996625738908
13402	55	-0.555987058033871
13402	56	0.001685903377115494
13402	57	0.4979337535767172
13402	58	-0.43407350195142413
13402	59	0.5120950386507062
13402	60	0.20483211212472696
13402	61	0.4489452658530553
13402	62	0.6679172827968642
13402	63	0.11064342354623591
13402	64	-0.13164491761555297
13402	65	-0.22552551873075544
13402	66	0.5325531836589334
13402	67	0.4197369752257032
13402	68	0.20731391737594151
13402	69	0.6895616922193142
13402	70	0.46648624208793876
13402	71	0.12447654322927804
13402	72	0.2086534821178958
13402	73	0.3844080352804937
13402	74	-0.045102753967192655
13402	75	0.328046454904829
13403	1	0.2081069345821156
13403	2	-0.1679255639334052
13403	3	-0.069483763471478
13403	4	-0.033075448617147174
13403	5	-0.08007138039608108
13403	6	0.11447794836536929
13403	7	-0.11841478679433948
13403	8	-0.17332539667867763
13403	9	0.30958445911857524
13403	10	0.0870519323998522
13403	11	-0.0657128573291601
13403	12	-0.0363065860628069
13403	13	0.09016652762367983
13403	14	-0.016906744877623225
13403	15	0.18181189641293116
13403	16	0.10800625755715032
13403	17	0.11986072253073843
13403	18	-0.2902667750783863
13403	19	0.3356357582156235
13403	20	-0.20726600421455288
13403	21	-0.37951277342940415
13403	22	-0.10565470245429509
13403	23	-0.2430348990352229
13403	24	-0.0980449597670372
13403	25	0.01254482263616552
13403	26	-0.27153784339452613
13403	27	0.46910334876606896
13403	28	0.426653966959357
13403	29	0.07539644857899219
13403	30	-0.1305294809821902
13403	31	0.0076353029267224315
13403	32	-0.1559594651886087
13403	33	0.047504778943704196
13403	34	0.09408920991025838
13403	35	-0.5051024028135913
13403	36	-0.18252827824577622
13403	37	-0.2729125783371771
13403	38	0.005824656937278405
13403	39	0.013470959218778944
13403	40	-0.055655625004305875
13403	41	-0.23541657568525665
13403	42	0.09834919549427923
13403	43	0.26945371248397976
13403	44	-0.1063252125379961
13403	45	-0.3778837584261794
13403	46	0.4808280314645401
13403	47	0.03271769618122988
13403	48	-0.2203485115782513
13403	49	-0.37376228487745067
13403	50	-0.1137227425723708
13403	51	-0.3509532447557788
13403	52	0.12519240434500745
13403	53	-0.003680189948582324
13403	54	-0.15750590712082158
13403	55	-0.3274690473146862
13403	56	-0.6746197179615336
13403	57	-0.09810264178661754
13403	58	-0.3984342979961326
13403	59	0.18244278886882626
13403	60	0.08430363150650777
13403	61	-0.10369090515529678
13403	62	-0.25458884541785665
13403	63	-0.1403350134474053
13403	64	-0.2457834360417408
13403	65	-0.36626256638540866
13403	66	-0.16536530069853228
13403	67	0.14805140457465882
13403	68	-0.11477673865464055
13403	69	-0.41436451992078105
13403	70	-0.08340781250510787
13403	71	-0.11408758490234305
13403	72	0.14234412152958953
13403	73	-0.5797533341158214
13403	74	0.24286101685834893
13403	75	-0.060818890560298655
13404	1	0.06265238912756743
13404	2	-0.01216748605436635
13404	3	0.006452065405529339
13404	4	0.0050958250139423455
13404	5	-0.10072363617675606
13404	6	0.17898800334766918
13404	7	0.3449579630738526
13404	8	0.1792241250506308
13404	9	0.28964019460098456
13404	10	0.09450090430615177
13404	11	0.06224526574081324
13404	12	-0.21798166326398416
13404	13	0.07981027244554895
13404	14	-0.093731328744461
13404	15	0.11874795124459325
13404	16	0.014046778759222889
13404	17	-0.2012283789229059
13404	18	0.06772072209717805
13404	19	0.22420998432092176
13404	20	-0.1070099222683254
13404	21	-0.14218506385645924
13404	22	-0.09749773928491123
13404	23	0.35110534348944356
13404	24	0.07096912474000305
13404	25	-0.006940000742609698
13404	26	0.29256549320259495
13404	27	0.4774260120183129
13404	28	-0.3351747594095471
13404	29	0.3677893084117869
13404	30	0.055092270919594455
13404	31	0.1244613931579508
13404	32	0.30424991946154023
13404	33	0.3452904232910683
13404	34	0.20919804473739845
13404	35	-0.06792532967960341
13404	36	-0.20298470665581192
13404	37	0.0840129319437608
13404	38	-0.40318340211220516
13404	39	-0.13828018938406927
13404	40	0.2649439080227367
13404	41	0.30910402384777314
13404	42	0.13906622494370424
13404	43	0.06433207355952675
13404	44	0.3069458577339006
13404	45	0.1335872064002075
13404	46	0.055603959761590716
13404	47	-0.18382971663793057
13404	48	-0.33153326717062725
13404	49	0.20120947079024631
13404	50	0.08349048330697428
13404	51	0.3086234668507615
13404	52	-0.06896290182356068
13404	53	0.7652962354487229
13404	54	0.46832071033794165
13404	55	0.15964400533275125
13404	56	0.11313353955145544
13404	57	0.39169173947421143
13404	58	0.42050823420240846
13404	59	0.06691970383455725
13404	60	0.3357535072314448
13404	61	0.17496391144483425
13404	62	0.09118956838044312
13404	63	-0.1731812889614588
13404	64	0.012377293038625226
13404	65	0.4730610760036811
13404	66	0.6059761167903517
13404	67	-0.057484484556916016
13404	68	0.31828042787394395
13404	69	0.055824528810106244
13404	70	-0.1778041369760004
13404	71	-0.030296065733857347
13404	72	0.1317995708027624
13404	73	0.141810272120523
13404	74	-0.12348680267919576
13404	75	0.605845265499056
13405	1	0.014356934582114178
13405	2	-0.5239628291916212
13405	3	-0.2507337634714766
13405	4	-0.10420954486128053
13405	5	0.11181535669312126
13405	6	0.17474056573625774
13405	7	-0.062392192897625876
13405	8	0.39147067139644065
13405	9	-0.08190615121006317
13405	10	0.028909326766047627
13405	11	0.057482565206051106
13405	12	0.023801982012308542
13405	13	-0.0032166883387603207
13405	14	-0.0757389045020318
13405	15	-0.3324413312866028
13405	16	0.16980936788578305
13405	17	0.2573974009344937
13405	18	-0.1705117868154744
13405	19	-0.39524745774681236
13405	20	-0.26752128590469226
13405	21	-0.5439787358707164
13405	22	-0.20550798883927257
13405	23	-0.4058576689882756
13405	24	-0.23632254192666124
13405	25	-0.07439766562674777
13405	26	-0.10442370020203384
13405	27	-0.3563808061635072
13405	28	-0.3325009626181057
13405	29	-0.04284738944917876
13405	30	-0.18312631196810258
13405	31	0.13950150010982298
13405	32	-0.3984990778646633
13405	33	-0.05888459899056642
13405	34	-0.0890974098080548
13405	35	-0.022972121123451927
13405	36	-0.24829999186080443
13405	37	-0.07236240228083801
13405	38	-0.28146994400169234
13405	39	0.10983979724694848
13405	40	0.10459965668583493
13405	41	0.14545930459643586
13405	42	-0.3640114265714516
13405	43	0.15476767962013582
13405	44	-0.025412653852548317
13405	45	-0.21431274903650888
13405	46	-0.30850588872325346
13405	47	-0.0019140526450627249
13405	48	0.08681844851565046
13405	49	-0.07700465576946414
13405	50	-0.04752555947377601
13405	51	-0.21570529874638567
13405	52	-0.28555436795546285
13405	53	0.41083712225799474
13405	54	0.006380536541151116
13405	55	0.040297971464653415
13405	56	-0.2225950700742132
13405	57	-0.08860293521384222
13405	58	-0.41155783085997655
13405	59	-0.35154342005135675
13405	60	-0.3652268849254199
13405	61	-0.3100656117280707
13405	62	-0.2637291036338141
13405	63	0.08112185274977435
13405	64	-0.3568016285300075
13405	65	0.03989206976482507
13405	66	-0.4447006880224791
13405	67	-0.1759949569276884
13405	68	0.12342748669747294
13405	69	0.04776136036090861
13405	70	-0.3618922608619144
13405	71	-0.27804004969107865
13405	72	-0.4526896226018664
13405	73	-0.9870890148669957
13405	74	-0.12465658877545138
13405	75	-0.3155283976025487
13406	1	0.0865879472403428
13406	2	0.3513470336775768
13406	3	-0.04416730777527533
13406	4	0.09511139395728563
13406	5	-0.007580740353294146
13406	6	0.053861082613899214
13406	7	0.11157273326271167
13406	8	-0.08949583704237796
13406	9	-0.35242302884719834
13406	10	0.03780964322174185
13406	11	-0.020642434793948894
13406	12	0.12600398623172282
13406	13	-0.30462755331766544
13406	14	0.1819878887469102
13406	15	0.10700355267964312
13406	16	-0.17682169751505938
13406	17	0.465697770132806
13406	18	-0.32977470875640336
13406	19	0.12058851271731896
13406	20	0.05213852422188836
13406	21	-0.17865700591291045
13406	22	0.23971880440966942
13406	23	0.05840920864886101
13406	24	0.1519817829678516
13406	25	0.12800212340278705
13406	26	0.17349692216082957
13406	27	-0.03316086945464747
13406	28	0.33205599940720987
13406	29	0.017061629538162038
13406	30	0.32142273866480764
13406	31	0.012128082388301209
13406	32	0.3655238651733086
13406	33	-0.07882790067833412
13406	34	-0.07699297942831151
13406	35	0.1570120560917374
13406	36	0.4088070756497473
13406	37	0.5450228825292882
13406	38	0.09592984502784674
13406	39	0.32750198079125425
13406	40	-0.07455382432682
13406	41	0.3175518678875733
13406	42	0.1715173181542866
13406	43	0.11680618172983515
13406	44	-0.08346908845170731
13406	45	0.11093777838964769
13406	46	0.052266790601635194
13406	47	-0.08181252310919263
13406	48	0.27874223543548027
13406	49	-0.11892184986229637
13406	50	0.4144997569819182
13406	51	0.016171019819012145
13406	52	0.09620327972385923
13406	53	0.09077514968415556
13406	54	-0.18410601409176053
13406	55	-0.37514242937922404
13406	56	0.12748404384984013
13406	57	-0.25542123690161134
13406	58	0.1679055130218785
13406	59	-0.24130475971380605
13406	60	-0.26417203260474054
13406	61	-0.2754862340909341
13406	62	0.061046740248038134
13406	63	-0.3142697611742733
13406	64	0.025780122524849958
13406	65	-0.1707553458469917
13406	66	0.27011339425600056
13406	67	-0.227273965366507
13406	68	-0.49192061456835035
13406	69	0.15126215150014843
13406	70	0.15574355137437124
13406	71	0.0930438110684122
13406	72	-0.10119305087191321
13406	73	-0.22817551275729642
13406	74	0.16830227198403946
13406	75	0.07952698214428722
13407	1	-0.15455973208455376
13407	2	-0.0051086625249539
13407	3	-0.14681709680480992
13407	4	0.03576962180538601
13407	5	0.050107023359785785
13407	6	-0.21611360093040588
13407	7	-0.12795469289763162
13407	8	-0.3011751619368894
13407	9	-0.03107281787673344
13407	10	-0.26821567323395357
13407	11	-0.4126424347939519
13407	12	-0.3241563513210224
13407	13	-0.5177583550054266
13407	14	-0.18148890450203226
13407	15	-0.36692049795326653
13407	16	-0.444669798780879
13407	17	-0.30733176573217236
13407	18	-0.34040762014880954
13407	19	-0.19228912441348456
13407	20	-0.5919796192380247
13407	21	-0.2883954025373825
13407	22	-0.19842465550593857
13407	23	-0.46560766898827666
13407	24	-0.0383642085933289
13407	25	-0.0973143322934149
13407	26	-0.2278195335353672
13407	27	-0.02208913949684188
13407	28	-0.061834295951442186
13407	29	-0.39799322278251026
13407	30	-0.14183464530143652
13407	31	-0.40066516655684126
13407	32	0.008021755468668346
13407	33	-0.24969709899056625
13407	34	-0.27868074314138624
13407	35	-0.41372212112344897
13407	36	-0.1537583251941328
13407	37	-0.1794665689475039
13407	38	0.046613389331646715
13407	39	-0.23313936941971747
13407	40	-0.15894200998083363
13407	41	0.10114680459643921
13407	42	-0.3484489265714501
13407	43	-0.1349406537132012
13407	44	-0.5196209871858812
13407	45	0.5315622509634892
13407	46	0.0591191112767433
13407	47	-0.027601552645059257
13407	48	-0.3801607181510178
13407	49	-0.3368796557694651
13407	50	0.2338077738595601
13407	51	-0.3576011320797221
13407	52	-0.32607520128880196
13407	53	-0.2806003777420045
13407	54	-0.22484863012551415
13407	55	-0.22591036186867797
13407	56	-0.11751173674088022
13407	57	-0.19429043521384415
13407	58	-0.618828664193309
13407	59	-0.44073092005135805
13407	60	0.0034397817412497034
13407	61	-0.10883644506139944
13407	62	-0.005687436967150461
13407	63	-0.42394064725022673
13407	64	0.03057337146999828
13407	65	-0.15262876356850796
13407	66	-0.41201318802247755
13407	67	-0.07628662359435623
13407	68	-0.1947391799691971
13407	69	-0.08313447297242504
13407	70	-0.20678809419524669
13407	71	-0.06766504969107956
13407	72	-0.18858545593520404
13407	73	-0.35458901486699546
13407	74	-0.13907325544212057
13407	75	0.35176326906411504
13408	1	0.040691204245035806
13408	2	-0.12353562881708768
13408	3	-0.11836016796585724
13408	4	-0.07369105235191498
13408	5	-0.4128218155915242
13408	6	-9.675335146752673E-4
13408	7	-0.042231846455678124
13408	8	0.2345476845050598
13408	9	-0.12661588903777954
13408	10	-0.10679994289687045
13408	11	0.2321665539700959
13408	12	-0.35371440375548246
13408	13	-0.025278954256364727
13408	14	-0.24439527154323315
13408	15	-0.42826881256000604
13408	16	-0.20410800102807514
13408	17	-0.5265152863314242
13408	18	-0.15737391228363862
13408	19	-0.16520298209138673
13408	20	-0.27401707242154316
13408	21	0.23961208809932089
13408	22	0.06895362164761565
13408	23	-0.06515074014932054
13408	24	-0.19588480784426565
13408	25	0.6111126339987223
13408	26	0.1228995675882274
13408	27	0.010367789342112133
13408	28	0.06918443064031976
13408	29	0.2555198858317169
13408	30	-0.12115299736136365
13408	31	-0.140695129103662
13408	32	0.24677830977578452
13408	33	0.5508122643053142
13408	34	0.22937169131554214
13408	35	0.2189520361799211
13408	36	0.10803193697815061
13408	37	0.5179641426629829
13408	38	0.43353473764624795
13408	39	0.5788531399435755
13408	40	0.14480330837123034
13408	41	0.6200906248211524
13408	42	-0.13136278424935455
13408	43	-0.3370979570839836
13408	44	-0.2848344703319512
13408	45	0.129846895158245
13408	46	0.059179036370373694
13408	47	0.1854396458568104
13408	48	-0.42356895785139415
13408	49	-0.1412017531477403
13408	50	0.10696882254869422
13408	51	0.18507302522365165
13408	52	0.011115809947156663
13408	53	-0.04424831781691552
13408	54	0.24049219384452414
13408	55	0.3492282149103474
13408	56	0.3009302108246601
13408	57	-5.001730415585826E-4
13408	58	0.20849717850331473
13408	59	0.11366608369395692
13408	60	0.5860839764978039
13408	61	0.40713359239178004
13408	62	-0.17308069539411264
13408	63	0.494306543761013
13408	64	-0.09948655362363468
13408	65	-0.10725797705165974
13408	66	-0.027653637460680613
13408	67	0.09115157865284118
13408	68	0.671882542877249
13408	69	0.43777189406877426
13408	70	0.25096471479351123
13408	71	-0.13917066766860842
13408	72	0.05483027440187982
13408	73	0.20556079786708636
13408	74	0.38271700673016795
13408	75	0.19588311925138413
13409	1	0.009109440847780093
13409	2	0.12862567331464447
13409	3	0.18465157487438688
13409	4	0.05413553659235504
13409	5	-0.11065488140211954
13409	6	0.16375607325505825
13409	7	0.1831631015885904
13409	8	0.3051807277874232
13409	9	0.3505813174616108
13409	10	-0.3928873524319485
13409	11	-0.3063567205082336
13409	12	0.19959302211255903
13409	13	-0.33423955801294625
13409	14	0.22023540627490945
13409	15	-0.10466485885552146
13409	16	0.26851315861259906
13409	17	-0.07019893365197305
13409	18	-0.0881770437077094
13409	19	-0.17348210686962062
13409	20	0.07446649605019218
13409	21	0.15926374533228937
13409	22	-0.4062442043781189
13409	23	0.033600351061849665
13409	24	0.008312483135995308
13409	25	0.0274976977817758
13409	26	0.045423574234057185
13409	27	0.2419509607537833
13409	28	0.017123097532270037
13409	29	0.07152056167863918
13409	30	0.03707262286899038
13409	31	-0.05113133197037456
13409	32	0.21367589080701777
13409	33	0.07208736216231415
13409	34	-0.07116194614890503
13409	35	0.4637916633377017
13409	36	0.1190637299437114
13409	37	-0.38997283461166177
13409	38	0.3808890785547021
13409	39	0.08902604411411374
13409	40	-0.09077158391566797
13409	41	0.45046008780445845
13409	42	0.14043327894233215
13409	43	0.14658315581061032
13409	44	0.25665971456849945
13409	45	0.07097077226674742
13409	46	0.31864793333188146
13409	47	0.16113027692887272
13409	48	0.2928217379893354
13409	49	0.219792023428532
13409	50	0.3096172976690781
13409	51	0.268885083459125
13409	52	-0.08507269502313619
13409	53	-0.022374813832236384
13409	54	0.3769358310273674
13409	55	0.44893675592580706
13409	56	0.34546570686813993
13409	57	0.024316081076882767
13409	58	-0.6390993408850392
13409	59	0.5751287290714444
13409	60	-0.11648001775749606
13409	61	0.14331393087844901
13409	62	0.07559577105290316
13409	63	0.1880493276871178
13409	64	0.2745031960313966
13409	65	0.3431306349277321
13409	66	-0.007181107821978117
13409	67	0.24008430372393974
13409	68	-0.028984794004280445
13409	69	0.04143695559900351
13409	70	0.5797783218448487
13409	71	0.15432993777758952
13409	72	0.07262757664625497
13409	73	0.297842062827236
13409	74	0.342370353580435
13409	75	0.5331166525227644
13410	1	-0.05152367227804433
13410	2	0.20481218180222172
13410	3	0.026558452887361028
13410	4	0.08824455584232638
13410	5	0.02277896707130722
13410	6	-0.11076267744755341
13410	7	-0.02367325050536806
13410	8	0.018937415020012338
13410	9	-0.13605083018983777
13410	10	0.07578432676604763
13410	11	0.21418606124827022
13410	12	-0.38969021235884327
13410	13	0.11030848756273315
13410	14	0.22936773577940528
13410	15	0.27803992421031865
13410	16	-0.11284921830594641
13410	17	0.4110569765721337
13410	18	0.10666361995673412
13410	19	-0.08432782274241646
13410	20	-0.0682716157199934
13410	21	0.013106796231305395
13410	22	-0.15881163879529936
13410	23	-0.0033455757604841097
13410	24	-0.17969050586685853
13410	25	0.34806825345856396
13410	26	0.14026489918230567
13410	27	-0.22598008056984042
13410	28	0.1569449476721303
13410	29	0.30224248522100794
13410	30	0.28665436085511686
13410	31	-0.01963438379519289
13410	32	0.08412377833586504
13410	33	0.18803025369192738
13410	34	0.29950747145843337
13410	35	0.13426732478684045
13410	36	0.11442813039073485
13410	37	0.04437160167694287
13410	38	0.26797486690420413
13410	39	0.4425615980385018
13410	40	0.32091726882303817
13410	41	0.06921012913469582
13410	42	0.17576567325264847
13410	43	0.18138652306780045
13410	44	0.1675980101755954
13410	45	0.21855609441115575
13410	46	-0.12225643841542677
13410	47	0.17218032950093942
13410	48	0.12446549117176176
13410	49	0.4309796230344034
13410	50	0.49469079936527294
13410	51	0.2369318494506203
13410	52	0.023159627207242295
13410	53	0.013169191299326144
13410	54	0.2474961368050046
13410	55	0.05960590901962348
13410	56	0.17524463968832293
13410	57	0.49534193066126875
13410	58	0.2628388819808336
13410	59	0.16495421627229945
13410	60	0.0716684536849641
13410	61	0.44376162002215125
13410	62	0.37181124377163854
13410	63	0.628470962248457
13410	64	0.18946871008037647
13410	65	0.24042664540246506
13410	66	0.31117414706987034
13410	67	0.2188901574082891
13410	68	-0.20391420195687715
13410	69	0.22060519281473745
13410	70	0.3806525390501321
13410	71	0.26504207431947435
13410	72	0.4544330137217898
13410	73	0.007908786364311027
13410	74	0.1978203241533052
13410	75	0.14303855490404516
13411	1	0.18908379833532862
13411	2	-0.15431174735785902
13411	3	0.20403808742826612
13411	4	-0.05778307742340516
13411	5	-0.3027224539324145
13411	6	-0.12293108165020072
13411	7	-0.20294355322324975
13411	8	-0.26613831532164056
13411	9	-0.16025876474905232
13411	10	0.21717250157324486
13411	11	0.04362491739114205
13411	12	0.14645890146389462
13411	13	0.1509580117469298
13411	14	-0.13392763629295246
13411	15	-0.11231895553681426
13411	16	-0.11778033862663762
13411	17	-0.19565395939113017
13411	18	-0.31459785151128017
13411	19	-0.0529300841392768
13411	20	0.1681711948151019
13411	21	-0.29239883012949974
13411	22	-0.1378933787278811
13411	23	-0.13992472125904953
13411	24	0.2277814640716258
13411	25	-0.1646665173833881
13411	26	-0.09089408366390472
13411	27	-0.2135064488370304
13411	28	0.3705838702867794
13411	29	-0.17598122621010504
13411	30	-0.17810542507864113
13411	31	0.21485497054683833
13411	32	-0.27745553673355516
13411	33	0.3483628838714736
13411	34	-0.4342934252322195
13411	35	0.03976888144724455
13411	36	0.34431194044425695
13411	37	0.2843414858939681
13411	38	-0.027587124807176622
13411	39	0.10443732295389196
13411	40	-0.13443472634758535
13411	41	0.03208767863242912
13411	42	-0.005593742338369623
13411	43	-0.36988152774919314
13411	44	-0.40626366070773656
13411	45	0.2148458842111296
13411	46	0.12956983964006952
13411	47	-0.25636590568704776
13411	48	0.1503962655679203
13411	49	0.03732428596146775
13411	50	0.11571351507635086
13411	51	0.3921366571233662
13411	52	-0.1775919108003663
13411	53	-0.08860723292624328
13411	54	0.13650184116840336
13411	55	0.3556766132812825
13411	56	-0.024089286012518585
13411	57	0.04426312091297291
13411	58	-0.030057455967089197
13411	59	0.45114911422456316
13411	60	0.13198819647989524
13411	61	-0.23217491978290639
13411	62	0.18647708745444191
13411	63	0.20594110082175376
13411	64	0.3012023346233761
13411	65	-0.03980614146053796
13411	66	0.2687271718746942
13411	67	-0.4219113022575911
13411	68	0.06189149698025176
13411	69	0.5091808655022945
13411	70	0.4622093351106642
13411	71	-0.04623574377848172
13411	72	-0.3621998518220906
13411	73	0.10775888573282799
13411	74	0.059871046185989485
13411	75	0.37136909597071366
13412	1	-0.0521140598930252
13412	2	-0.2518489940166653
13412	3	-0.13799205076429288
13412	4	0.15417846158439374
13412	5	-0.18839758069177748
13412	6	0.3087040786276063
13412	7	-0.2238073632475377
13412	8	0.16485062075187784
13412	9	0.0968461508157148
13412	10	0.22771802842350297
13412	11	-0.18086342926908827
13412	12	0.030046226947852972
13412	13	-0.07196093327430475
13412	14	-0.11055704446520309
13412	15	-0.08426856425160878
13412	16	0.15555119569425813
13412	17	-0.19718075284082914
13412	18	0.25716144062467094
13412	19	-0.26682319439506585
13412	20	0.13985095166437134
13412	21	-0.2694046106405139
13412	22	-0.11083717852619657
13412	23	0.11411240467655404
13412	24	-0.169362366972706
13412	25	-0.01057400080169657
13412	26	-0.21922284845249607
13412	27	0.08465855847737913
13412	28	-0.0065341117893780165
13412	29	-0.1984499446977992
13412	30	-0.7593521406973878
13412	31	-0.4084957374592406
13412	32	-0.14871489278178984
13412	33	0.07856072789709145
13412	34	-0.2177231004157889
13412	35	0.07871986782682683
13412	36	-0.13535685189763313
13412	37	-0.5108551508996229
13412	38	-0.18518771564072978
13412	39	0.1293063027718091
13412	40	-0.26686097867327874
13412	41	-0.14446645507207023
13412	42	-0.2150271954480587
13412	43	-0.3010622006745294
13412	44	-0.1777204346996939
13412	45	-0.22798102712122414
13412	46	-0.23671145962565276
13412	47	-0.2004781640631066
13412	48	-0.6469378820552549
13412	49	-0.3225444808155089
13412	50	-0.23260843240195328
13412	51	-0.26593262379243043
13412	52	0.22939441197087262
13412	53	-0.13930387682119516
13412	54	0.24252521886159428
13412	55	0.28117619430074825
13412	56	-0.4037069485272511
13412	57	0.1539010933312781
13412	58	0.0061879103923203616
13412	59	0.03771475214016817
13412	60	0.16285782962338402
13412	61	-0.47116425353285507
13412	62	-0.40067086238151717
13412	63	-0.4399848461452507
13412	64	-0.15304357143976688
13412	65	-0.49764533815414325
13412	66	-0.10410158581253626
13412	67	-0.12486120922971367
13412	68	-0.18285704368926758
13412	69	-0.1366740678158891
13412	70	0.11343290027988928
13412	71	-0.8502948839452245
13412	72	-0.29987827361475894
13412	73	-0.17919306643237576
13412	74	-0.32476017993567297
13412	75	0.385870083060432
13501	1	0.07334757629334376
13501	2	0.1322175406836017
13501	3	0.06794939160873881
13501	4	0.0050958250139423455
13501	5	0.05435657772698832
13501	6	0.08005752206424432
13501	7	0.09896865826101475
13501	8	0.2460690448367302
13501	9	0.07573645128547923
13501	10	0.1907575887981352
13501	11	-0.12492050966025658
13501	12	-0.11370358839766936
13501	13	-0.005751224880654604
13501	14	0.19771252152292362
13501	15	0.26580677477400627
13501	16	0.19319116378596135
13501	17	0.23727429487388463
13501	18	-0.11142366292956041
13501	19	0.39265918218188745
13501	20	0.1710649440418308
13501	21	0.004873759672953781
13501	22	-0.15364747190523076
13501	23	-0.14889465651055644
13501	24	0.08433810869722436
13501	25	-0.21549615047523218
13501	26	0.11609490496730501
13501	27	0.3169982045316786
13501	28	-0.00362395727051279
13501	29	0.14853797151338455
13501	30	-0.4021269804173002
13501	31	0.0014667407515318587
13501	32	-0.15029553508391302
13501	33	-0.15203577991748318
13501	34	0.3108023228122647
13501	35	0.14865221042735044
13501	36	0.24353935751530997
13501	37	0.1374888677726389
13501	38	0.2786347797059747
13501	39	-0.1676919540899533
13501	40	0.013607009627008892
13501	41	-0.21496014727522095
13501	42	0.24869189339290187
13501	43	0.050963089602305445
13501	44	0.39250735506010415
13501	45	-0.07764274012385641
13501	46	0.06897294371881202
13501	47	-0.21056768455236607
13501	48	0.18450951357803547
13501	49	-0.02338945969103179
13501	50	0.24659208758505002
13501	51	0.17493362727856976
13501	52	0.2706092906898121
13501	53	0.09952083437920578
13501	54	-0.11456699019681338
13501	55	0.08477769517232048
13501	56	0.2388019887493158
13501	57	0.012012595089188949
13501	58	-0.02066823638582349
13501	59	-0.11222468119218121
13501	60	-0.616118150522567
13501	61	-0.20471523294018823
13501	62	0.3131147020702869
13501	63	0.11291496772303589
13501	64	-0.20687404385977004
13501	65	0.301938081351274
13501	66	0.3947461702662878
13501	67	-0.10026523322002134
13501	68	0.26747828883650726
13501	69	-0.433480284024121
13501	70	0.0441209967138434
13501	71	0.1729124904158752
13501	72	-0.2986817126196968
13501	73	0.17389583361784844
13501	74	0.24549715454005394
13501	75	0.15932120132793415
13502	1	-0.1561417700810992
13502	2	-0.03350244490837184
13502	3	-0.08865474792743555
13502	4	-0.007774419645389941
13502	5	-0.015910247797382482
13502	6	-0.033336398857869654
13502	7	-0.2511740365936532
13502	8	-0.34874683723913336
13502	9	-0.21090010630505418
13502	10	-0.16773898929612585
13502	11	0.08298450821123282
13502	12	-0.09825652403259255
13502	13	0.3931293824729849
13502	14	-0.03131964716179425
13502	15	-0.11831946168383922
13502	16	-0.09016202676015439
13502	17	-0.2723818520879604
13502	18	0.3745146596439355
13502	19	0.2183913591789164
13502	20	-0.017278410257020482
13502	21	-0.07727968578436162
13502	22	-0.14716386103270906
13502	23	0.011186804241432924
13502	24	0.23159088639803116
13502	25	-0.16156303695662189
13502	26	-0.01762264234366029
13502	27	0.04525455653079291
13502	28	-0.13301909733313266
13502	29	0.1630706804990112
13502	30	0.05723962067438748
13502	31	-0.235822334087068
13502	32	0.08656406980372822
13502	33	0.004762313790088513
13502	34	0.49817590625411867
13502	35	-0.16918326101982473
13502	36	-0.1731434719989693
13502	37	0.25847470911812565
13502	38	-0.36669231015022064
13502	39	-0.17679394627636924
13502	40	-0.01870021378048392
13502	41	-0.1774438689786919
13502	42	-0.18947828753863405
13502	43	0.1686655639033816
13502	44	0.0360888573736986
13502	45	-0.11281771449419864
13502	46	-0.027768626201670088
13502	47	-0.6189936079127634
13502	48	-0.507241892589704
13502	49	-0.15475184920642704
13502	50	0.13382159078528844
13502	51	-0.06705190928179405
13502	52	0.032059513737110024
13502	53	0.1861906412562675
13502	54	0.03499938369140665
13502	55	0.2814195172332248
13502	56	-0.1042336711104852
13502	57	0.06288400347354894
13502	58	-0.29714990771662997
13502	59	0.1461222751127167
13502	60	0.06007536032501548
13502	61	-0.5066464623325615
13502	62	0.4332970189913965
13502	63	0.27651531129900064
13502	64	-0.02678759571480782
13502	65	-0.2279862765218752
13502	66	-0.2669561932038249
13502	67	0.06010715878906581
13502	68	-0.14697406770667243
13502	69	-0.01494103601214647
13502	70	-0.0027466434180496435
13502	71	0.14027277414312067
13502	72	-0.351963694277174
13502	73	-0.3188031772158766
13502	74	0.18962449930744896
13502	75	-0.27334899345746777
13503	1	-0.14520871528526058
13503	2	0.022159241984329725
13503	3	-0.10608853800728468
13503	4	-0.08639483442803453
13503	5	-0.20235628344834922
13503	6	0.1989102717486375
13503	7	-0.10869386177472506
13503	8	-0.32329364115881987
13503	9	-0.1793309964797416
13503	10	-0.08071434697400548
13503	11	-0.017989914900049087
13503	12	0.18932198643317832
13503	13	0.11889593323506631
13503	14	0.09532099823890405
13503	15	0.008994621410124637
13503	16	0.011245320582510487
13503	17	-0.07753158889751433
13503	18	0.08855789709257067
13503	19	-0.14863218365309194
13503	20	0.13810702974517852
13503	21	-0.24161909838176854
13503	22	0.2405850704003356
13503	23	0.28266465638750304
13503	24	0.1266720425118848
13503	25	0.10268566770658794
13503	26	0.22775606328160336
13503	27	0.07701607712562009
13503	28	-0.11101555147752151
13503	29	-0.05264927936960362
13503	30	-0.0020503835861376274
13503	31	-0.03937781023500264
13503	32	-0.11022404470816127
13503	33	0.16661413001031633
13503	34	-0.0132519190918714
13503	35	0.06464392662190477
13503	36	0.1110197473080774
13503	37	0.23410725952287237
13503	38	-0.015858759209471884
13503	39	0.28687477735304867
13503	40	-0.19094908336721517
13503	41	-0.03559590097385268
13503	42	0.3978074836849643
13503	43	-0.08734383673706958
13503	44	0.04994930459130131
13503	45	0.1328496072853298
13503	46	0.5090642925322726
13503	47	-0.05450164106238731
13503	48	-0.3174905147911602
13503	49	-0.07823420926195013
13503	50	-0.1947404135851798
13503	51	0.233019557575453
13503	52	-0.2314332914744739
13503	53	-0.1143687243379432
13503	54	0.049711935745392566
13503	55	0.552883625752898
13503	56	-0.43985302763389456
13503	57	-0.16064233618643442
13503	58	-0.07353423448508778
13503	59	-0.46121544701864536
13503	60	0.10802687281110224
13503	61	0.158318285265743
13503	62	-0.21646727781595843
13503	63	0.17932725725906096
13503	64	-0.29937180978553357
13503	65	-0.40466059380723607
13503	66	-0.5458487317890572
13503	67	-0.222344979032016
13503	68	-0.013674635318444928
13503	69	0.5668885155333214
13503	70	-0.205939287829203
13503	71	0.10487606436727503
13503	72	0.10147289950246119
13503	73	-0.16176850204648474
13503	74	-0.058592265168023516
13503	75	-0.040951142960636844
13504	1	0.24885760482339947
13504	2	0.004864527823571052
13504	3	-0.040529339878982995
13504	4	-0.028423407685227886
13504	5	0.09884339512028717
13504	6	0.48237433472642977
13504	7	0.20110339468056537
13504	8	0.4772126843544413
13504	9	0.18043745915633025
13504	10	0.242004165908142
13504	11	-0.009918574204135666
13504	12	0.35525026172634
13504	13	0.396400715593316
13504	14	0.25723138146758373
13504	15	0.35232883180544405
13504	16	0.003373096661476893
13504	17	-0.091875108002057
13504	18	0.2957317900388574
13504	19	0.06921579068929162
13504	20	0.14195425028833597
13504	21	-0.2686492005713461
13504	22	0.17019017916787504
13504	23	0.09176855978741827
13504	24	0.317617918305686
13504	25	0.1509430403607439
13504	26	0.41091505091502967
13504	27	0.1726490195737611
13504	28	0.21039447974114012
13504	29	0.08137764406288284
13504	30	-0.07132168730322519
13504	31	-0.20550520230304414
13504	32	-0.08157967437940528
13504	33	0.2946746615098803
13504	34	0.026770552658433644
13504	35	-0.14922882353631906
13504	36	-0.05140265048457593
13504	37	0.10493736313470947
13504	38	0.045412316945586895
13504	39	-0.3002850351927293
13504	40	-0.18021100015062785
13504	41	0.19109854722378117
13504	42	-0.19922283184401124
13504	43	0.3879976840884112
13504	44	0.21301172058891638
13504	45	0.5029152447078999
13504	46	0.4059573597128505
13504	47	0.12559237050060545
13504	48	-0.001143738705081887
13504	49	0.42046797604465525
13504	50	0.22727336814016752
13504	51	-0.06715609186524318
13504	52	0.06352265393908141
13504	53	0.36371776345549023
13504	54	0.07405396147412802
13504	55	0.12635416002586908
13504	56	0.28871525164160516
13504	57	0.047840038423331066
13504	58	-0.1485230341665016
13504	59	0.36281510318367083
13504	60	0.5009482714642175
13504	61	0.2082752618197432
13504	62	-0.12508690077412155
13504	63	0.15935157795084365
13504	64	0.020893299977593927
13504	65	0.26832566002398295
13504	66	-0.44028128453722104
13504	67	0.055252250400286584
13504	68	-0.35629771437491087
13504	69	0.33761977188905945
13504	70	-0.028021338163078724
13504	71	0.2753698028558418
13504	72	-0.004542560492843961
13504	73	0.3566889118532899
13504	74	-0.06492133408376333
13504	75	0.31705370695509316
13505	1	0.07755137902655918
13505	2	0.05155800414171452
13505	3	-0.22226154124925301
13505	4	-0.025563711527947675
13505	5	-0.2114485321957673
13505	6	-0.056335823152629416
13505	7	0.07771197376904126
13505	8	0.12115817139644491
13505	9	-0.1388505956545103
13505	10	0.7202287712104933
13505	11	0.1265797874282768
13505	12	0.36095475979008995
13505	13	0.16379720055012825
13505	14	-0.07226668227981037
13505	15	0.22641283538006718
13505	16	0.07866353455245445
13505	17	0.08500156760116084
13505	18	-0.19985206459325155
13505	19	0.22315532003096195
13505	20	-0.26509073034913655
13505	21	0.12893793079594928
13505	22	-0.22286909995038684
13505	23	0.16428121990061584
13505	24	0.20152468029555592
13505	25	0.04157455659547793
13505	26	0.1398471331312976
13505	27	0.1370219716142671
13505	28	0.21749903738189147
13505	29	0.12711788832859838
13505	30	0.30749868803189884
13505	31	-0.14244294433461846
13505	32	0.18257731102422525
13505	33	-0.1750304323239007
13505	34	-0.15923629869694622
13505	35	0.1499445455432138
13505	36	0.09024167480586698
13505	37	-0.06802212450305944
13505	38	0.07339116710942051
13505	39	-0.2354727027530501
13505	40	-0.24505312109194222
13505	41	-0.11096430651467415
13505	42	0.140328851206327
13505	43	0.28705934628680296
13505	44	0.2388234572585617
13505	45	0.2908955842968197
13505	46	0.04323022238785512
13505	47	0.026731780688272977
13505	48	0.4081726151823162
13505	49	0.5177870108972016
13505	50	-0.15030333725155032
13505	51	-0.1256011320797228
13505	52	0.008369243155648576
13505	53	-0.46815593329756666
13505	54	0.3409291476522611
13505	55	-0.6982436952020095
13505	56	0.19615492992578965
13505	57	0.47059845367504494
13505	58	0.22472689136224488
13505	59	-0.07428647560691815
13505	60	0.23477311507458154
13505	61	-0.15572533395029353
13505	62	0.2845347852550759
13505	63	0.16705935274977435
13505	64	-0.1890932951966704
13505	65	0.03381568087593223
13505	66	0.31276458975529664
13505	67	0.2667133764056473
13505	68	0.36926082003080296
13505	69	0.040643304805350056
13505	70	0.36154523913808134
13505	71	0.04522383919780992
13505	72	-0.023696567046314954
13505	73	0.061522096244111424
13505	74	0.2038156334467729
13505	75	0.48065215795300986
13506	1	-0.1607242342490558
13506	2	-0.21965411707040872
13506	3	0.3045422105544979
13506	4	-0.027295313259546816
13506	5	-0.009356180103416989
13506	6	0.03147081465400703
13506	7	-0.3323529612958964
13506	8	0.029491504729776352
13506	9	-0.16475247155638328
13506	10	-0.27226762128589854
13506	11	0.10403288988137405
13506	12	-0.0153078664725399
13506	13	-0.3331003463474218
13506	14	0.06211282709969623
13506	15	0.06320937217660116
13506	16	-0.233241227352309
13506	17	-0.03155687395728535
13506	18	0.08712484738365589
13506	19	-0.39931942744378546
13506	20	-0.019996935255342407
13506	21	-0.08015297829496149
13506	22	0.034129457048173606
13506	23	0.08892046953986465
13506	24	0.20863146240233732
13506	25	0.15982852484944488
13506	26	0.1897389080230738
13506	27	0.06573770032999704
13506	28	-0.22470875482589747
13506	29	-0.018841707630997462
13506	30	-0.20289092235771022
13506	31	0.03836513647345896
13506	32	0.26024686369378003
13506	33	0.39380073650726644
13506	34	0.3663409018802568
13506	35	0.18555060614927754
13506	36	0.1426226271868174
13506	37	-0.4065141879951213
13506	38	0.3589250776433346
13506	39	-0.2974856897660416
13506	40	0.23239998136116213
13506	41	-0.012515533065901252
13506	42	0.1416636275411065
13506	43	0.17602038524783836
13506	44	0.02489849333359473
13506	45	0.20539774879898687
13506	46	-0.054785650628019766
13506	47	0.1290045079609996
13506	48	-5.936185839203745E-4
13506	49	-0.4289662358560449
13506	50	-0.033239845188063555
13506	51	-0.22689983337842534
13506	52	0.19963908442548473
13506	53	-0.0017778669194967733
13506	54	-0.16628585956274833
13506	55	-0.3479190198773381
13506	56	-0.319104810333954
13506	57	-0.3516237685471779
13506	58	-0.22693256029720743
13506	59	0.017416266095828803
13506	60	-0.37540004509857994
13506	61	-0.43198796021291486
13506	62	0.08958529030557827
13506	63	0.09335805404847264
13506	64	-0.1355218666252398
13506	65	-0.3294599323996792
13506	66	-0.2672859152952043
13506	67	-0.08491000021773232
13506	68	-0.2796569288869435
13506	69	-0.00704789288584351
13506	70	-0.013021860429013543
13506	71	-0.17872998475601065
13506	72	0.08611584276609818
13506	73	-0.12740286768084985
13506	74	-0.14243256280142447
13506	75	-0.6723059950051464
13507	1	0.3427438060904926
13507	2	0.17120418663705905
13507	3	-0.06445583051058179
13507	4	0.07201543186125292
13507	5	0.1786507849985206
13507	6	0.07454561694668627
13507	7	0.08092426427182886
13507	8	0.08256413042810351
13507	9	0.10047280595939156
13507	10	0.24058879603978767
13507	11	0.03522348699375755
13507	12	0.22908014774787944
13507	13	0.4412956487189632
13507	14	-0.039135086997376334
13507	15	-0.0739596040985191
13507	16	0.07633578781129557
13507	17	0.2250853664838388
13507	18	0.2374694748232571
13507	19	0.2577145999813055
13507	20	0.05449337889977812
13507	21	-0.09396709713701057
13507	22	-0.18531478585975947
13507	23	0.3043960554065137
13507	24	-0.10221523280189615
13507	25	0.2395571760864783
13507	26	-0.23729439387056317
13507	27	0.03354586981414798
13507	28	-0.1984227503276017
13507	29	-0.15540849280113633
13507	30	-0.16680298794575776
13507	31	-0.1471605110633618
13507	32	0.05388395286159664
13507	33	-0.1940248457317253
13507	34	0.402697282929374
13507	35	-0.07691765184971189
13507	36	-0.21515869763361195
13507	37	0.4523844552610612
13507	38	0.13932847313052577
13507	39	0.17220886149275572
13507	40	0.07308778517745651
13507	41	-0.0016688378616649402
13507	42	0.22591233972277536
13507	43	0.06890292170579215
13507	44	0.19912761616607355
13507	45	-0.3408548812525254
13507	46	0.5637299120216213
13507	47	0.013463624263692964
13507	48	0.49741842523818036
13507	49	0.17477025112066258
13507	50	0.1452118706938208
13507	51	0.19227596289234583
13507	52	0.12844993837600782
13507	53	0.012166847583877427
13507	54	0.41529289687634474
13507	55	0.19686803664156116
13507	56	0.08484208076377797
13507	57	0.08971701357572925
13507	58	-0.012392910003370616
13507	59	0.03871786952033318
13507	60	0.38849750986042864
13507	61	0.1241318975829202
13507	62	0.23437960213899345
13507	63	0.3227856097330175
13507	64	-0.15012681474974698
13507	65	-0.09917624960203142
13507	66	-0.2433651433297399
13507	67	0.039758069143076114
13507	68	0.17894424647401053
13507	69	-0.3135776759519402
13507	70	0.5370107884863131
13507	71	0.014994168186014178
13507	72	0.43154862227709145
13507	73	0.031183797051063777
13507	74	0.06231966820779178
13507	75	0.44800163033040974
13508	1	0.11466861437213893
13508	2	-0.05014803260369405
13508	3	0.0659493073946642
13508	4	0.22168038296024406
13508	5	-0.07990872467171073
13508	6	0.047382462061719366
13508	7	0.06307942783728038
13508	8	0.0032447855696702277
13508	9	-0.07485234543578656
13508	10	-0.0029558307142707463
13508	11	0.05547305077035247
13508	12	-0.022990996990316148
13508	13	0.11755923029640769
13508	14	0.17040610862132866
13508	15	0.15318448892337244
13508	16	0.5123905686731902
13508	17	0.3275868694384272
13508	18	0.1482013037357035
13508	19	0.12890772598021982
13508	20	0.16058730989583125
13508	21	-0.08917230542452614
13508	22	0.05490867782739173
13508	23	0.2543293388857393
13508	24	0.04209773366388703
13508	25	-0.12566078898632327
13508	26	0.11668440347250453
13508	27	-0.11372168542860095
13508	28	0.20424444420604004
13508	29	-0.013258314646030556
13508	30	-0.3699291334904089
13508	31	0.17837945286572676
13508	32	0.28430522003559844
13508	33	0.3299564443165153
13508	34	0.259901934023965
13508	35	0.0010600311075208424
13508	36	0.2726563729685978
13508	37	0.011483562286088045
13508	38	0.16562651269122597
13508	39	0.15829370144642496
13508	40	-0.03873203622755028
13508	41	-0.02918390406497906
13508	42	0.15028073222120497
13508	43	-0.38472543061608633
13508	44	-0.028324399259375355
13508	45	-0.0037238382753557175
13508	46	0.2110561191507614
13508	47	0.4279784998483791
13508	48	0.33605975428992707
13508	49	-0.12814474763298023
13508	50	0.19788126467320666
13508	51	0.37728600702789095
13508	52	-0.055629007063075164
13508	53	0.15511615769106157
13508	54	0.20960806278787203
13508	55	0.2145515803885374
13508	56	0.23007881444021905
13508	57	0.38853371176778495
13508	58	0.2728458764891002
13508	59	0.16512734766517667
13508	60	0.04619043790922461
13508	61	0.08578822685461063
13508	62	0.23475350791473915
13508	63	0.14639006141118927
13508	64	0.37396444758547887
13508	65	-0.1343820444084045
13508	66	-0.003530248389935764
13508	67	0.40877374385971876
13508	68	0.39262040008330246
13508	69	0.31890227243439995
13508	70	0.4860203047548808
13508	71	0.2502982049020943
13508	72	-0.028333487431268622
13508	73	0.33853434471305377
13508	74	0.4830369807783512
13508	75	-0.4439322689936276
13509	1	0.2153420767009777
13509	2	0.32739779742336594
13509	3	0.09123975074041013
13509	4	0.2080280197382045
13509	5	0.1997917778817495
13509	6	-0.046129104806375665
13509	7	0.32570938978970787
13509	8	0.07341915330858484
13509	9	0.2548186549914817
13509	10	-0.10767820553369489
13509	11	0.2300035600380923
13509	12	0.11379713705107264
13509	13	0.3378282083020636
13509	14	0.11862479058840592
13509	15	0.11194255114234153
13509	16	0.43460668700723204
13509	17	0.4932057019680798
13509	18	0.1849670568537718
13509	19	0.3342018316588735
13509	20	0.11204105259660224
13509	21	0.2485761736900045
13509	22	0.1220921403596904
13509	23	0.5565938813993228
13509	24	0.09680891802165803
13509	25	0.216380758145867
13509	26	0.6184647041907283
13509	27	0.283275201588431
13509	28	0.5240881846687131
13509	29	-0.0435539462967256
13509	30	0.13514726684326916
13509	31	0.2976087352519414
13509	32	0.10499333169605762
13509	33	-0.010172551186954593
13509	34	0.4872107297268258
13509	35	0.34871715536233694
13509	36	0.22073263087821715
13509	37	0.39547916748660583
13509	38	0.47733173558487607
13509	39	0.16549628949501027
13509	40	2.311166341542048E-4
13509	41	0.18819590020367372
13509	42	0.08315830857066686
13509	43	0.1535968139870576
13509	44	0.1557485218580439
13509	45	0.15975863339242835
13509	46	-0.02156305926589397
13509	47	0.19242945510687548
13509	48	0.11792713714613967
13509	49	0.47980251477316926
13509	50	0.3439473087432816
13509	51	0.06096217541382032
13509	52	0.3304622664114589
13509	53	-0.08159262580402071
13509	54	-0.005065684389080616
13509	55	0.12455992236905189
13509	56	0.05267947772940573
13509	57	-0.19400102952909037
13509	58	0.018008545109012175
13509	59	-0.6250616694053619
13509	60	0.00751213316243593
13509	61	-0.2811775303327195
13509	62	-0.19892774704467087
13509	63	0.050457285566309906
13509	64	0.10464055493253
13509	65	-0.08827734237988238
13509	66	-0.16326900197596927
13509	67	-0.20906181739280072
13509	68	0.302852551296958
13509	69	-0.06413705695175054
13509	70	0.09791474818201351
13509	71	0.07778197873269477
13509	72	-0.21671982286027003
13509	73	0.22980374999088582
13509	74	-0.030422092651420485
13509	75	-0.02374060690487312
13510	1	-0.01248927137994471
13510	2	0.03868537541542594
13510	3	0.12672219858814415
13510	4	0.1934064781739515
13510	5	0.09763005859013774
13510	6	0.007756317768780718
13510	7	0.26287457539505255
13510	8	0.08098201963492357
13510	9	0.19841227697421715
13510	10	0.390147470397487
13510	11	0.32895106114101225
13510	12	0.150792158164073
13510	13	-0.03281526557453418
13510	14	0.03511814156842519
13510	15	-0.18036223237061222
13510	16	0.16877193563646387
13510	17	0.24577392532473397
13510	18	0.0656628405557953
13510	19	0.08853472382499916
13510	20	0.10523447290289312
13510	21	-0.15534391202248088
13510	22	-0.0805926771861607
13510	23	0.01868501393855837
13510	24	-0.19190350398628198
13510	25	0.22463688721878583
13510	26	-0.5266162815028466
13510	27	0.4112767141616942
13510	28	0.1214285766772889
13510	29	-0.25594444229470525
13510	30	0.17497836282864654
13510	31	0.3808632887277099
13510	32	-0.13903515510043718
13510	33	0.17889910697149247
13510	34	-8.995723352711593E-5
13510	35	-0.19700667396897842
13510	36	-0.4070482980938621
13510	37	0.4038613443316308
13510	38	0.14324211561890365
13510	39	-0.3635892339183613
13510	40	-0.17195014006212972
13510	41	0.02975385066689995
13510	42	0.3019142170599878
13510	43	0.31537912948463287
13510	44	0.16009716999568724
13510	45	-0.03498517451076566
13510	46	0.3575256153417854
13510	47	0.07381850155547909
13510	48	0.14590974255359157
13510	49	-0.04291759614886814
13510	50	-0.15999168413502218
13510	51	0.3036671606032044
13510	52	-0.022660567142459342
13510	53	0.13943214258319614
13510	54	0.2344250826116152
13510	55	0.316593703171975
13510	56	0.0357890762672497
13510	57	0.0711404590950977
13510	58	-0.1844872007786762
13510	59	0.1749005162630013
13510	60	-0.27105344319100055
13510	61	-0.1336386130830789
13510	62	-0.05882564834926285
13510	63	-0.11308969874074393
13510	64	0.1312996587328641
13510	65	-0.1470786280671561
13510	66	0.6377645897552995
13510	67	0.37138817315361194
13510	68	0.06600878751048356
13510	69	0.12235062187852463
13510	70	-0.08472847359904279
13510	71	-0.011144724487827773
13510	72	-0.23480767815742354
13510	73	0.03001803120346125
13510	74	-0.19062881099767282
13510	75	-0.16270827565132606
13511	1	-0.16908139433035174
13511	2	-0.0653739145143426
13511	3	-0.045080580447603325
13511	4	0.18150967485578562
13511	5	-0.09625548769237824
13511	6	-0.02124887944499676
13511	7	-0.0821686628357341
13511	8	0.06927930313826636
13511	9	0.2769024252709258
13511	10	-0.2770008191225486
13511	11	0.01914536361454111
13511	12	0.1362715885551964
13511	13	0.18520893058254728
13511	14	-0.01608483730486654
13511	15	-0.012225537741066717
13511	16	-0.08955043538565377
13511	17	0.07896708484253878
13511	18	0.15487089444005164
13511	19	-0.3634862950589266
13511	20	-0.11918739996304595
13511	21	-0.08512042464171543
13511	22	0.37055854520139775
13511	23	0.13147102243524245
13511	24	0.25664551731294694
13511	25	0.057592829510298316
13511	26	0.02616455134526774
13511	27	0.01335559967203892
13511	28	-0.17732854882500249
13511	29	0.24443294874711086
13511	30	-0.39727584777712366
13511	31	0.19669646032202337
13511	32	-0.3171205964323036
13511	33	-0.21800125460507047
13511	34	0.04245099868001034
13511	35	0.12830440407548593
13511	36	-0.21258767974762804
13511	37	-0.060322448699935194
13511	38	0.07432691718310025
13511	39	-0.24628172132069182
13511	40	0.3634275744577167
13511	41	0.14212293191739178
13511	42	0.12990297440114063
13511	43	0.26544130915151953
13511	44	-0.5362575919604211
13511	45	-0.23850317786055797
13511	46	-0.07449008412555713
13511	47	0.07547183373866773
13511	48	0.06712486982422661
13511	49	-0.4575445540895373
13511	50	0.150087172621717
13511	51	-0.24178150343250593
13511	52	0.0709539764300331
13511	53	-0.3743156739400604
13511	54	-0.0033384621325893704
13511	55	-0.6248352071383536
13511	56	-0.10563552100259699
13511	57	-0.3091834502447881
13511	58	0.25803075225231
13511	59	0.0241956935649128
13511	60	-0.0590818805045501
13511	61	-0.006137948156009543
13511	62	0.07530991051295644
13511	63	-0.21059316714412546
13511	64	-0.20388109360516182
13511	65	-0.1500186839929114
13511	66	-0.4238328166696945
13511	67	0.23388844271864428
13511	68	0.12160387927041683
13511	69	-0.18112209454625372
13511	70	0.1441933381654934
13511	71	-0.5794740682587189
13511	72	-0.1690841296752552
13511	73	-0.2572592182268565
13511	74	0.16687192581341037
13511	75	-0.09134902094472608
13512	1	0.02453752948296284
13512	2	0.14480635163935318
13512	3	-0.531806709647114
13512	4	-0.08713122805296791
13512	5	-0.20778155076674665
13512	6	-0.3183912213270048
13512	7	0.0027119737690384227
13512	8	0.15697025827085298
13512	9	-0.11654968284368294
13512	10	-0.0035357865483973683
13512	11	-0.012143851224543312
13512	12	0.1506462926827581
13512	13	-0.08774513498654102
13512	14	0.15865084998333145
13512	15	0.004410946805940341
13512	16	-0.09815421804433555
13512	17	0.08082309734619741
13512	18	-0.059727733463255106
13512	19	-0.15559035198666038
13512	20	-0.004640620182314592
13512	21	-0.010722125861278187
13512	22	0.25320896111350777
13512	23	-0.39219501554162406
13512	24	-0.06784107356028102
13512	25	0.06302561104936188
13512	26	-0.46371755053253594
13512	27	-0.016393199931215463
13512	28	0.17033189857169617
13512	29	-0.26241626338685364
13512	30	-0.42139649610408014
13512	31	0.20483436129962485
13512	32	-0.15241639372868576
13512	33	0.15698089912086033
13512	34	0.38779706611262554
13512	35	0.25261215649694435
13512	36	0.07843808651502115
13512	37	-0.015417466020217319
13512	38	-0.17697867865702221
13512	39	-0.22605343929696176
13512	40	0.14908443005693783
13512	41	-0.23575971098430415
13512	42	0.3010543784332711
13512	43	-0.6147820134865682
13512	44	-0.42332636962214565
13512	45	0.25808160884828624
13512	46	-0.4024181880622564
13512	47	0.10144849456928995
13512	48	-0.43651577008680675
13512	49	-0.10629230921611565
13512	50	-0.012114794601252754
13512	51	0.03530538350101864
13512	52	0.2872959035270668
13512	53	0.19146005663004217
13512	54	-0.04525278498859109
13512	55	0.3104673529566284
13512	56	-0.05873175562662425
13512	57	-0.05700620480779861
13512	58	0.264072185665043
13512	59	-0.1547554715150028
13512	60	0.1798628223455907
13512	61	-0.068866662247423
13512	62	-0.028055708921826294
13512	63	-0.08046189370914902
13512	64	-0.0791074595026231
13512	65	-0.2852746559197854
13512	66	0.09511429073106115
13512	67	0.34213830558411473
13512	68	0.31836374732070283
13512	69	-0.1756141708005643
13512	70	0.06652635339681723
13512	71	0.0894794262296017
13512	72	0.12905760355488383
13512	73	0.12805498891015077
13512	74	0.09391635740018955
13512	75	-0.02901104632775997
13601	1	0.00326822490469425
13601	2	0.011235423496550823
13601	3	-0.11195688175104479
13601	4	0.0319631701924834
13601	5	-0.1118069551348384
13601	6	-0.06207059017771854
13601	7	-0.3333095316073056
13601	8	-0.16136871032398403
13601	9	-0.4884921727154392
13601	10	-0.09357051194363208
13601	11	0.15946509208777115
13601	12	-0.3184359212134922
13601	13	0.327596483704248
13601	14	-0.2797039582654719
13601	15	-0.006920497953267102
13601	16	-0.007357970823889559
13601	17	-0.15128875497948968
13601	18	0.046474100281294284
13601	19	-0.3392998771016522
13601	20	-0.07010865149609202
13601	21	-0.5543954025373878
13601	22	-0.2058440103446486
13601	23	0.008456847140756452
13601	24	0.06021643656796272
13601	25	-0.16075519250846781
13601	26	-0.4808517915998891
13601	27	-0.13645473089469107
13601	28	0.078789359962542
13601	29	-0.17700397547068292
13601	30	0.3177137417953375
13601	31	-0.03186946763211296
13601	32	-0.24367716926251148
13601	33	0.012603976278249718
13601	34	-0.03029364636719123
13601	35	-0.5212920135965717
13601	36	-0.32911316390381273
13601	37	0.061458162235290104
13601	38	-0.3046554278726603
13601	39	0.004581060687812055
13601	40	0.017402076040674785
13601	41	0.04288874008030774
13601	42	-0.0742768835606995
13601	43	-0.3618653848959923
13601	44	-0.02658872912136445
13601	45	-0.1580291468859727
13601	46	-0.29288088872325346
13601	47	-0.13590262791387886
13601	48	0.23962422808553896
13601	49	0.16509883885419185
13601	50	-0.3190309358178638
13601	51	-0.23796672347756953
13601	52	0.1967204976359298
13601	53	0.12395876204293899
13601	54	0.18304384299276677
13601	55	-0.3130286414385708
13601	56	0.09964955358169902
13601	57	0.22095687661411034
13601	58	-0.13190393301051984
13601	59	-0.1488384469330768
13601	60	0.06219246991329186
13601	61	0.0482173183794572
13601	62	-0.1355368993327417
13601	63	-0.06815570101366575
13601	64	0.034831435986120596
13601	65	-0.17138145174055097
13601	66	0.2470835861710725
13601	67	-0.23731888165887227
13601	68	-0.14202950254983904
13601	69	-0.02423124716597158
13601	70	0.46396459397679024
13601	71	-0.008718813131942227
13601	72	-0.30290803658036225
13601	73	0.035088404487844116
13601	74	-0.23722379307652375
13601	75	0.13423638734369092
13602	1	0.02047806860273127
13602	2	0.12973669829978718
13602	3	0.007320360239862822
13602	4	-0.2370757390193532
13602	5	-0.02633971203540142
13602	6	0.24269052278093284
13602	7	-0.0978034901484861
13602	8	0.2872234634926656
13602	9	0.011951237106082147
13602	10	-0.3778239206566312
13602	11	-0.015487795618689404
13602	12	0.23970619163430484
13602	13	-0.29966213507415773
13602	14	0.07707466938112617
13602	15	0.21215166699518306
13602	16	0.18347453111602618
13602	17	0.39659950574548475
13602	18	0.33144804995428245
13602	19	0.10147719861057425
13602	20	-0.41652257456448893
13602	21	0.3382162813114107
13602	22	0.1348055850438854
13602	23	-0.014212479984834658
13602	24	-0.14294840103319473
13602	25	-0.2710256724995972
13602	26	-0.12501540982403014
13602	27	-0.11652900203979755
13602	28	0.3401794497530304
13602	29	0.2431545435405127
13602	30	-0.37239821918459626
13602	31	-0.009338706075745051
13602	32	0.040853370588948223
13602	33	0.06259843365548079
13602	34	-0.3329762757874377
13602	35	0.026319115989949182
13602	36	-0.3178339265687029
13602	37	-0.1280163971261956
13602	38	-0.14433506427660348
13602	39	0.18127987456653472
13602	40	-0.05825472475746096
13602	41	-0.24444082426954594
13602	42	0.03737925212271165
13602	43	0.17726553185381277
13602	44	-0.11180655419619256
13602	45	-0.30360613391623303
13602	46	-0.29889463442772524
13602	47	-0.0853816213735854
13602	48	-0.3735284157455183
13602	49	0.056962268629156654
13602	50	0.07876310032003886
13602	51	0.031099898848111707
13602	52	0.10155366469058436
13602	53	-0.14438731932276028
13602	54	-0.31812010778874367
13602	55	0.607684139849539
13602	56	0.01290750724537304
13602	57	-0.21244851081522143
13602	58	-0.11433381883248472
13602	59	0.032987293007060714
13602	60	-0.4519966443755905
13602	61	-0.04913885055968592
13602	62	0.004580604269960986
13602	63	0.24051296099719366
13602	64	-0.2903819549904867
13602	65	0.16926814364798304
13602	66	0.0971002140393793
13602	67	-0.06962682977992074
13602	68	3.604763881952522E-4
13602	69	-0.10534753139167208
13602	70	-0.374107681824114
13602	71	-0.1390258744333437
13602	72	0.2322599048895384
13602	73	-0.2501903894374422
13602	74	-0.03799421764143318
13602	75	-0.3192332945097647
13603	1	-0.027028200553022685
13603	2	0.17543187801558702
13603	3	0.0521378581501466
13603	4	-0.03006821603245058
13603	5	0.16347639272915515
13603	6	0.11048099366418995
13603	7	0.2324417034987647
13603	8	-0.2786166033783317
13603	9	-0.3534151602190718
13603	10	0.09470324568496835
13603	11	-0.4611829753344878
13603	12	-0.047003198167871574
13603	13	0.03481822157115033
13603	14	-0.005524940538073508
13603	15	0.03902544799267815
13603	16	0.1980329039218205
13603	17	0.1640556216552156
13603	18	0.2817545420133527
13603	19	-0.07106389918825329
13603	20	0.029353714095307737
13603	21	0.03164063349865387
13603	22	-0.09103726811855495
13603	23	0.17561755623695063
13603	24	-0.4533551995843226
13603	25	0.035118100139023056
13603	26	0.14818046646463046
13603	27	-0.08129634670405039
13603	28	-0.06763609775324397
13603	29	0.09934011055081982
13603	30	0.05074193127514093
13603	31	0.24524474335306934
13603	32	0.0700397734866911
13603	33	0.17091551362204171
13603	34	0.038436373975727633
13603	35	0.2988184194170884
13603	36	-0.16741598285179293
13603	37	-0.06944855092948643
13603	38	0.09493771365596615
13603	39	0.36250027021991826
13603	40	-0.2787618298006507
13603	41	0.17379545324508427
13603	42	-0.3791155932381187
13603	43	0.44246475169220645
13603	44	-0.0015669331318264312
13603	45	-0.3987440553428172
13603	46	0.29811010226773504
13603	47	-0.057727678771186675
13603	48	0.03317261518231618
13603	49	-0.33626704315685174
13603	50	-0.34482285677107427
13603	51	-0.3931686996472905
13603	52	-0.14012925534285614
13603	53	-0.17025803539966233
13603	54	0.12711533383844653
13603	55	-0.03945991141822702
13603	56	0.1157495245203819
13603	57	-0.14351566043907127
13603	58	0.41241457904992984
13603	59	0.14388169256125138
13603	60	0.18026861057008148
13603	61	-0.03665626488122342
13603	62	-0.24039013966985578
13603	63	0.20016746085788384
13603	64	0.349420218316844
13603	65	0.07720907426932655
13603	66	0.14917600116670826
13603	67	-0.31909743440516536
13603	68	0.011603162373148734
13603	69	0.47863129279333805
13603	70	-0.42786917527632795
13603	71	-0.28150288752891583
13603	72	-0.028801672151416824
13603	73	-0.005219645497625436
13603	74	0.46943124906238864
13603	75	0.18185335915421064
13604	1	-0.044634579778200845
13604	2	-0.25283712205498077
13604	3	-0.06478402456808396
13604	4	0.08218215444246368
13604	5	-0.04053179300226617
13604	6	-0.3209282223403278
13604	7	-0.4489851541682981
13604	8	-0.07755810362531435
13604	9	-0.4738230354572366
13604	10	-0.07565170456554426
13604	11	-0.17468943218297994
13604	12	-0.244977935307098
13604	13	0.017684638902316863
13604	14	-0.38924521433667536
13604	15	0.17845809212506225
13604	16	-0.13782906771038483
13604	17	-0.16232219218996136
13604	18	-0.10312302484854996
13604	19	-0.5765328145788402
13604	20	-0.2813512467402006
13604	21	0.07593531982988821
13604	22	-0.2897388417548541
13604	23	-0.038989740354679725
13604	24	-0.3206757838761831
13604	25	0.1235733961661154
13604	26	-0.1129161392794984
13604	27	0.06263844971116583
13604	28	-0.10926336470687659
13604	29	-0.004315241929596425
13604	30	-0.617566586119537
13604	31	-0.630896672213936
13604	32	-0.13118102956179456
13604	33	-0.8324716855876062
13604	34	-0.3197599424451312
13604	35	-0.15947669031405098
13604	36	-0.19217782040736608
13604	37	-0.3996510772155659
13604	38	-0.37168426079890793
13604	39	0.0493184199623542
13604	40	0.03879515276938861
13604	41	0.0013870134737175022
13604	42	-0.07076050185430205
13604	43	0.01591052122152803
13604	44	-0.021156235227657305
13604	45	-0.4168937977745415
13604	46	0.29023486410529387
13604	47	-0.30845098693574613
13604	48	0.023250944164040277
13604	49	-0.7362599864918309
13604	50	-0.2211548022936185
13604	51	-0.4211624897820698
13604	52	-0.05787676786843576
13604	53	-0.4563775753051047
13604	54	-0.582453503928825
13604	55	-0.22219930877903238
13604	56	0.11984944689706367
13604	57	-0.06702846828608244
13604	58	-0.3151628678486631
13604	59	-0.035745715525685284
13604	60	-0.39677605811949945
13604	61	-0.16922983061405716
13604	62	-0.42045506098804
13604	63	-0.34632184829461465
13604	64	-0.43824473122800356
13604	65	0.0012511319928449893
13604	66	-0.6308748068214314
13604	67	-0.3041090779024458
13604	68	-0.39827616865500914
13604	69	-0.03030244512211766
13604	70	-0.03895519602292552
13604	71	-0.29431779120543666
13604	72	0.0500777294433874
13604	73	0.16179044553334876
13604	74	-0.4462133772872008
13604	75	0.003947777332179214
13605	1	0.2921649055966071
13605	2	-0.2172825755684329
13605	3	-0.226005502601911
13605	4	-0.1530999434120055
13605	5	0.11004905234529261
13605	6	0.14052408022901375
13605	7	-0.15380976536139457
13605	8	0.11354947574427143
13605	9	-0.0067249917897740374
13605	10	0.003320558650102612
13605	11	0.24602423187271683
13605	12	0.11143785157752717
13605	13	-0.1272656013822413
13605	14	0.14790239984579046
13605	15	-0.11416687476486231
13605	16	0.1953302012191216
13605	17	-0.0015926352973920643
13605	18	0.08915759724249739
13605	19	-0.11947753021058105
13605	20	-0.13006657575976277
13605	21	-0.14497511268231023
13605	22	0.24041592420419988
13605	23	0.11850827304071032
13605	24	-0.07105986076724236
13605	25	0.17514943582253295
13605	26	-0.5996456204918914
13605	27	0.4259108605031585
13605	28	-0.12815313653114657
13605	29	-0.08471786046366958
13605	30	0.04517984745218939
13605	31	-0.09654922452785542
13605	32	-0.5523260706182853
13605	33	-0.09387101203405024
13605	34	-0.009115525750083009
13605	35	-0.019982990688667712
13605	36	-0.11120760055645462
13605	37	0.28789574989307454
13605	38	-0.2656184947263256
13605	39	0.028657732029557792
13605	40	0.21207248277278978
13605	41	-0.022679282360087427
13605	42	0.007840928501011035
13605	43	-0.6832305087856625
13605	44	-0.3019977987800857
13605	45	0.27567819299247276
13605	46	-0.1914316133609404
13605	47	-0.10841314684795833
13605	48	-0.17842158771623673
13605	49	-0.005401394899898548
13605	50	-0.42868497976363074
13605	51	0.11208002734056777
13605	52	-0.3527418679554657
13605	53	-0.6314409574521491
13605	54	0.0022818046570947104
13605	55	0.3622635511747987
13605	56	-0.010729128045227299
13605	57	0.178811014061516
13605	58	0.2025046691400192
13605	59	-0.26438309396440474
13605	60	0.03694702811806394
13605	61	-0.2733581841918351
13605	62	0.12173285288792357
13605	63	-0.15576673420675036
13605	64	-0.3032237299792797
13605	65	-0.14323745922068554
13605	66	-0.0907378257036413
13605	67	0.32069888365202104
13605	68	-0.5858116437373084
13605	69	-0.08568519761010407
13605	70	-0.1685272246300329
13605	71	0.017204515526309194
13605	72	-0.5140347312975209
13605	73	-0.12096582646120169
13605	74	-0.5481167337029902
13605	75	0.2033574719626685
13606	1	-0.1509967068744693
13606	2	-0.051383172328876014
13606	3	0.05432576033804892
13606	4	0.0623914705448847
13606	5	-0.14706944722844995
13606	6	-0.19139651409567193
13606	7	-0.09532724191723929
13606	8	-0.3402563944298862
13606	9	-0.2662548907058664
13606	10	0.019761917802462392
13606	11	0.2622707304721601
13606	12	-0.48727119725939616
13606	13	-0.20170233259646864
13606	14	-0.32495108937598616
13606	15	-0.5643434671409437
13606	16	-0.10831125536351749
13606	17	-0.42977434276298965
13606	18	-0.2633207854149191
13606	19	-0.27107904037986685
13606	20	0.22823326591603887
13606	21	0.2502264462021131
13606	22	-0.5781445434611214
13606	23	-0.1627729350947149
13606	24	-0.10550146349529399
13606	25	-0.12420508859593582
13606	26	-0.03389236266702511
13606	27	-0.32815076414669875
13606	28	-0.24706678894863643
13606	29	-0.041556247992595274
13606	30	-0.03899991140787762
13606	31	-0.198558723979815
13606	32	-0.35554126974141553
13606	33	-0.2988399561334276
13606	34	-0.23834460868760488
13606	35	-0.10586777938675596
13606	36	0.016011982929114765
13606	37	0.13634295486201609
13606	38	-0.13554907565435315
13606	39	-0.4667752237614522
13606	40	-0.05922212202565191
13606	41	-0.11462910576771179
13606	42	-0.34298113945660447
13606	43	-0.6769462559540997
13606	44	-0.4875537602951283
13606	45	0.09971911370858777
13606	46	-0.07999573466162957
13606	47	-0.0940665386394599
13606	48	-0.35674335120423706
13606	49	-0.5850141095509827
13606	50	0.32922514080633647
13606	51	-0.1278420284382662
13606	52	-0.029492568235575334
13606	53	-0.32268441135545345
13606	54	-0.34413154329077855
13606	55	0.06135014233300495
13606	56	0.024516274463600496
13606	57	0.2954350549822351
13606	58	0.28261671395794963
13606	59	0.1153026933940211
13606	60	-0.16424649276855519
13606	61	0.018737784630474152
13606	62	-0.37214121847975434
13606	63	-0.21074176769840847
13606	64	-0.06885519995857692
13606	65	0.1306877630421326
13606	66	-0.019565008750767277
13606	67	-0.11949110538706975
13606	68	-0.37499688305042866
13606	69	-0.014585453364581724
13606	70	0.2809429982417271
13606	71	0.026362961513406447
13606	72	-0.2758907780640527
13606	73	-0.04153579357848258
13606	74	-0.17568950194071675
13606	75	0.016973353097732513
13607	1	-0.16533056541788582
13607	2	-0.02656699585828548
13607	3	-0.07104626347147658
13607	4	-0.08598037819461268
13607	5	-0.1876638099735466
13607	6	0.05494889906959344
13607	7	0.14594114043570272
13607	8	-0.28040432860355935
13607	9	-0.05065615121006317
13607	10	0.028909326766047627
13607	11	0.11737839853938681
13607	12	0.23213531534564424
13607	13	0.24938747832790398
13607	14	0.0492610954979682
13607	15	-0.3741079979532671
13607	16	-0.06456563211421695
13607	17	0.103751567601158
13607	18	0.09511321318452559
13607	19	-0.0046224577468123584
13607	20	-0.09304211923802796
13607	21	0.07841709746261216
13607	22	-0.01800798883927257
13607	23	-0.08814933565493988
13607	24	-0.17121837525999695
13607	25	0.18601900103992364
13607	26	0.041409633131294754
13607	27	-0.1246099728301715
13607	28	0.3497907040485586
13607	29	0.13163177721748553
13607	30	-0.21177214530143829
13607	31	-0.563623499890177
13607	32	0.09108425546867238
13607	33	0.17288623434276218
13607	34	-0.08649324314139051
13607	35	-0.21568045445678763
13607	36	-0.14673749186080443
13607	37	-0.1400707356141737
13607	38	-0.06011577733502094
13607	39	-0.3224518694197158
13607	40	-0.43185867664750077
13607	41	0.046500971263100155
13607	42	-0.15567809323811588
13607	43	-0.17075315371319988
13607	44	0.01885817948078028
13607	45	-0.2898335823698446
13607	46	0.13680661127674654
13607	47	-0.05920571931172702
13607	48	-0.08505655148434954
13607	49	-0.011900489102799838
13607	50	-0.3027338928071117
13607	51	-0.11153863207972137
13607	52	-0.03555436795546285
13607	53	0.5748996222579947
13607	54	0.23033886987448682
13607	55	0.5012354714646534
13607	56	-0.3059284034075489
13607	57	0.059834564786157785
13607	58	0.19781716914002345
13607	59	-0.05987675338469245
13607	60	-0.06314355159208418
13607	61	0.007642721605265024
13607	62	-0.09445827030048548
13607	63	-0.43450314725022565
13607	64	-0.08075996186333612
13607	65	0.07895456976482507
13607	66	-0.015013188022479085
13607	67	0.217234209738983
13607	68	0.08696915336413724
13607	69	-0.11109280630575569
13607	70	-0.2342880941952501
13607	71	-0.18429004969107865
13607	72	-0.2313354559352021
13607	73	-0.14594318153366714
13607	74	-0.14288575544211568
13607	75	-0.6514658976025487
13608	1	0.020639571657831368
13608	2	0.03175817820611826
13608	3	0.18064678483139573
13608	4	-0.003979725453099547
13608	5	0.2962828284076551
13608	6	0.005442534839829705
13608	7	0.3447485272938451
13608	8	0.26970038201437063
13608	9	0.08231273477775147
13608	10	-0.012988519186954761
13608	11	0.16995808739926588
13608	12	0.052672195241207476
13608	13	-0.21469134020995284
13608	14	0.06245191360066116
13608	15	-0.09830430996370865
13608	16	0.3008132299397488
13608	17	-0.16754412430484678
13608	18	-0.3851073590522063
13608	19	0.08665256401123855
13608	20	-0.051586233685370075
13608	21	0.13598753915103856
13608	22	-0.19052213157208797
13608	23	0.05500503771320808
13608	24	-0.05696821207461511
13608	25	-0.14274514169289176
13608	26	0.10640500954556842
13608	27	-0.15146076699901556
13608	28	-0.057044043558050817
13608	29	0.003517656242728151
13608	30	-0.04054308742502144
13608	31	0.2385550249139996
13608	32	-0.0972384708150571
13608	33	-0.004795445378732666
13608	34	0.15804684606661823
13608	35	-0.06287094618872402
13608	36	-0.16084622771806778
13608	37	0.03376928831968229
13608	38	-0.17063987437592942
13608	39	0.04148552179002962
13608	40	0.041406118826827765
13608	41	-0.05866520584742574
13608	42	-0.27180488827728055
13608	43	-0.00236624118056028
13608	44	-0.28225284097178616
13608	45	0.24629158081553726
13608	46	-0.15624033171716434
13608	47	-0.09174080416812558
13608	48	0.05719350291077774
13608	49	0.21152069235934334
13608	50	-0.38042373179753497
13608	51	-0.05562724174029654
13608	52	0.15361148278430647
13608	53	0.1154239912745254
13608	54	0.1982253472461153
13608	55	0.48015056067266215
13608	56	0.07285205786312332
13608	57	0.16012557871130895
13608	58	0.18614261518005293
13608	59	-0.18195981474239176
13608	60	0.01575657895622129
13608	61	0.3555743469316326
13608	62	-0.20635584427785147
13608	63	0.10276431358528271
13608	64	0.180554224385574
13608	65	-0.12668620482177317
13608	66	0.19157950127255674
13608	67	-0.027346675813674892
13608	68	-0.13979052896832656
13608	69	0.09241295957762219
13608	70	0.25347300241049453
13608	71	-0.27081909668847004
13608	72	0.47566519680631103
13608	73	0.18006720793543707
13608	74	0.34490933811749613
13608	75	0.3250966023974513
13609	1	0.08164453903894042
13609	2	0.12235651853354312
13609	3	0.0458365707903603
13609	4	0.21529051317029158
13609	5	-0.001621853149032404
13609	6	-0.23202446444015834
13609	7	-0.2145582212170325
13609	8	-0.207277297498635
13609	9	-0.02230772966874639
13609	10	0.35433585879947316
13609	11	-0.1069934097243106
13609	12	-0.019562108052681992
13609	13	-0.07249187403978397
13609	14	0.13645352818134882
13609	15	-0.4219622806830756
13609	16	0.03154190038346627
13609	17	-0.05685080008686327
13609	18	-0.27845775942457607
13609	19	0.20974615878057534
13609	20	0.10177711242399567
13609	21	-0.21618741739347058
13609	22	0.09947692295273924
13609	23	-0.06669216295298952
13609	24	-0.31900302010679127
13609	25	-3.783991457808611E-4
13609	26	-0.17772482601447592
13609	27	0.1425311019144857
13609	28	-0.21690207682423335
13609	29	0.17705598798814748
13609	30	0.001370554327159823
13609	31	-0.45538011548906354
13609	32	0.21868842213533668
13609	33	0.11911998550339575
13609	34	0.15437403865990973
13609	35	0.3446288538069098
13609	36	-0.4896097643770503
13609	37	-0.08848792456495858
13609	38	0.2037610216436221
13609	39	-0.423564624758626
13609	40	0.009674517410068972
13609	41	0.013169088718996136
13609	42	0.10639972709614653
13609	43	0.041794722331367495
13609	44	0.01568820501467627
13609	45	-0.09095214086566727
13609	46	-0.08025321927107143
13609	47	-0.0968754616515568
13609	48	0.012559801811839577
13609	49	0.38436082705318597
13609	50	0.22684769957914597
13609	51	0.11228187627682473
13609	52	0.026459617652704992
13609	53	-0.1896663016045892
13609	54	0.30140578027373977
13609	55	0.42355296217960614
13609	56	0.4484529800650634
13609	57	0.3642536687787299
13609	58	-0.119129499847908
13609	59	0.572587557200265
13609	60	0.3532039414441286
13609	61	0.0033121157556834646
13609	62	-0.028773787942078854
13609	63	-0.21629719321122565
13609	64	-0.013675467898622173
13609	65	-0.09656191120082269
13609	66	-0.020236029248103193
13609	67	0.2287607301660941
13609	68	-0.06685802862286039
13609	69	-0.29335545718783607
13609	70	0.12312834034513997
13609	71	-0.20801045359080206
13609	72	0.16568752456618796
13609	73	0.41269046517014374
13609	74	0.21543742236661245
13609	75	-0.05930451180867635
13610	1	0.1383663005763509
13610	2	-0.06251500258258957
13610	3	-0.12366243782306086
13610	4	0.13312985235293695
13610	5	0.014087811063916433
13610	6	0.24643394950187059
13610	7	-0.12697102334911392
13610	8	0.28597565458568397
13610	9	0.12024322439032176
13610	10	0.0671387936248351
13610	11	0.26754200324639754
13610	12	-0.007553085230725287
13610	13	0.24229543942300324
13610	14	-0.1036867911494852
13610	15	-0.21729513772272213
13610	16	-0.19487152788750706
13610	17	0.1339208759585091
13610	18	-0.10144508412575703
13610	19	0.25030069306971114
13610	20	0.24261019824516694
13610	21	0.18743937171813485
13610	22	0.04914498906658338
13610	23	-0.36872390337828165
13610	24	0.20353396623855957
13610	25	-0.20567168099658062
13610	26	0.07325251257414322
13610	27	0.20823554830334956
13610	28	-0.022702691724731494
13610	29	0.33478679642978193
13610	30	0.09798860157656719
13610	31	-0.5415143500342694
13610	32	0.016959315507094175
13610	33	-0.282235043274909
13610	34	-0.21220619943341745
13610	35	0.24675050135493137
13610	36	-0.12637696112113161
13610	37	-0.39226964291484023
13610	38	0.04582952766017456
13610	39	0.35004602923542194
13610	40	0.1088773944379966
13610	41	-0.13594829626811844
13610	42	-0.027818763266935775
13610	43	-0.014525668122423951
13610	44	-0.11671608805043832
13610	45	0.016880214460130105
13610	46	-0.5138222912208548
13610	47	-0.20057369481605036
13610	48	-0.02792248568223954
13610	49	-0.2277461303131716
13610	50	-0.3025687871394851
13610	51	-0.17113427329009312
13610	52	-0.45149306872395556
13610	53	-0.4978069099226019
13610	54	-0.2799802343522231
13610	55	-0.3108517643662765
13610	56	0.10818663021397157
13610	57	-0.265168437135074
13610	58	-0.40863846246420366
13610	59	0.24836802327236995
13610	60	0.1475012610880313
13610	61	-0.10895940375496593
13610	62	-0.32990645714006206
13610	63	0.03989796946446944
13610	64	0.03187212267076234
13610	65	-0.097228187199633
13610	66	0.3671914229285278
13610	67	-0.60396385702375
13610	68	-0.0035537813140535945
13610	69	-0.4803141079388027
13610	70	-0.23410797892147173
13610	71	-0.3289676433510209
13610	72	-0.1249773867709365
13610	73	0.280262089840015
13610	74	0.26502280603722994
13610	75	-0.3377276050953455
13611	1	0.0658726021570466
13611	2	0.03543629660311254
13611	3	-0.158857060474201
13611	4	-0.07261184958425915
13611	5	0.13652300882754176
13611	6	0.25021882413771124
13611	7	0.054483090935249834
13611	8	-0.09857389036559283
13611	9	-0.1902735444889032
13611	10	-0.16944728086338046
13611	11	-0.4756833067285555
13611	12	0.06187816275708968
13611	13	-0.046572160636671356
13611	14	0.07074724445345737
13611	15	0.020327458450005054
13611	16	0.1479187570774272
13611	17	0.13806696269652718
13611	18	-0.12209699344581537
13611	19	0.38581805088170285
13611	20	0.228263795839176
13611	21	-0.450626101901598
13611	22	-0.3265627118183829
13611	23	-0.23507542557319283
13611	24	-0.10341779624092595
13611	25	-0.14799553120349174
13611	26	0.07188618853547268
13611	27	0.20829051536237841
13611	28	-0.04231022692328423
13611	29	0.289258366681608
13611	30	-0.10312801496537816
13611	31	-0.2802873282280487
13611	32	-0.22000367595730808
13611	33	0.09962896822105449
13611	34	0.23012942942900594
13611	35	-0.18041421921609668
13611	36	-0.004672039998858679
13611	37	-0.18129036549609623
13611	38	-0.06998606570923016
13611	39	-0.15188959648602207
13611	40	-0.030150002714712798
13611	41	-0.05632458504933879
13611	42	-0.3030937948729928
13611	43	0.2362419075947031
13611	44	0.05010108365880228
13611	45	-0.050839202260853256
13611	46	0.08495744006874872
13611	47	0.18102333382179125
13611	48	-0.10906171724275282
13611	49	0.11260989918057618
13611	50	-0.30229395184434793
13611	51	-0.01333955169825174
13611	52	-0.19179727213348485
13611	53	-0.02086559118433229
13611	54	0.4044774370861077
13611	55	-0.10444260528375793
13611	56	0.2069859925960884
13611	57	0.24238168104410107
13611	58	-0.21093765601892756
13611	59	-0.41650567027842555
13611	60	-0.153828156496715
13611	61	0.08498008536547985
13611	62	0.2555005739320322
13611	63	-0.2351886036534978
13611	64	-0.27308512080975333
13611	65	0.14182355250778045
13611	66	-0.09914125341757796
13611	67	-0.1082866235943527
13611	68	0.3092244894222702
13611	69	-0.0074796137535315665
13611	70	-0.014090546511326352
13611	71	0.4522477568484291
13611	72	0.0010385222664339722
13611	73	-0.7763147187725394
13611	74	-0.16459187487899385
13611	75	-0.09997151749355737
13612	1	0.24352360124878203
13612	2	0.18957883747504667
13612	3	-0.07104626347147658
13612	4	0.04683212180538732
13612	5	0.18473202335978556
13612	6	-0.19765526759707086
13612	7	-0.11447552623096158
13612	8	-0.09290432860355935
13612	9	0.22538551545660113
13612	10	-0.04400733990061667
13612	11	0.0652950652060511
13612	12	-0.12463551798769146
13612	13	0.025429144994568276
13612	14	-0.026259737835367503
13612	15	-0.0381704979532671
13612	16	0.23751770121911875
13612	17	-0.1748942657321777
13612	18	0.01959237985118989
13612	19	0.22194004225318764
13612	20	-0.053979619238027965
13612	21	-0.29397873587071643
13612	22	-0.3982163221726083
13612	23	0.21393399767839583
13612	24	-0.03840587525999695
13612	25	0.15737316770658794
13612	26	-0.026298700202033842
13612	27	0.2503900271698285
13612	28	-0.44448012928477
13612	29	-0.21211822278251447
13612	30	-0.17791797863476688
13612	31	0.3322098334431587
13612	32	0.21348008880200098
13612	33	-0.2724262656572378
13612	34	-0.2531599098080548
13612	35	0.17754871220988377
13612	36	0.11107500813919557
13612	37	0.07347093105249769
13612	38	-0.04969911066835664
13612	39	0.04473563058028418
13612	40	0.37803715668583493
13612	41	0.31733430459643586
13612	42	-0.048907259904780176
13612	43	0.23289267962013582
13612	44	0.19333734614745168
13612	45	0.4054789176301554
13612	46	0.46493161127674654
13612	47	0.4694401140216087
13612	48	-0.08245238481768524
13612	49	0.20164117756386446
13612	50	0.210286940526224
13612	51	0.0030447012536143347
13612	52	-0.12670020128879855
13612	53	-0.21676704440867667
13612	54	0.2954430365411511
13612	55	-0.10813952853534659
13612	56	-0.2955117367408775
13612	57	-0.06776960188051362
13612	58	-0.546974497526648
13612	59	0.06772741328197185
13612	60	0.05664811507458012
13612	61	0.11962188827192932
13612	62	0.02012506303285022
13612	63	-0.08033648058356135
13612	64	-0.5729474618633361
13612	65	-0.20229543023517493
13612	66	-0.1842840213558148
13612	67	0.115671709738983
13612	68	0.33176082003080865
13612	69	-0.3532803063057557
13612	70	-0.1952255941952501
13612	71	0.29487661697558565
13612	72	-0.1375854559352021
13612	73	-0.34385984820033144
13612	74	-0.3408024221087871
13612	75	-0.3624033976025487
21101	1	0.2816287854818569
21101	2	0.2801355534133485
21101	3	0.083215465320297
21101	4	-0.08606071238484247
21101	5	-0.004521939793598051
21101	6	-0.21290537470932946
21101	7	0.19294333623690818
21101	8	-0.29184525619567125
21101	9	0.1353710553023575
21101	10	0.12205682033930998
21101	11	-0.17745477412557165
21101	12	0.06419669066698219
21101	13	-0.4171653815692693
21101	14	0.05373303208751423
21101	15	0.2887093220981498
21101	16	0.43491889016513596
21101	17	-0.3036231110620804
21101	18	-0.09865954816937261
21101	19	0.45092595699183136
21101	20	0.07562620766857009
21101	21	-0.10473816174904016
21101	22	0.006065490166726306
21101	23	-0.1604902739582812
21101	24	-0.16553473130112906
21101	25	0.17980649032869422
21101	26	0.11219074924098038
21101	27	-0.03098716863137696
21101	28	-0.022732325085975447
21101	29	-0.011456804616273075
21101	30	0.45685601451004487
21101	31	-0.3404149523323383
21101	32	-0.32886941848163076
21101	33	-0.03467053515166896
21101	34	-0.23892067458954358
21101	35	-0.2507195504293662
21101	36	0.028116567693608374
21101	37	0.2612052391073334
21101	38	-0.007021572107944962
21101	39	0.14042704017754204
21101	40	-0.13700542043498842
21101	41	-0.30210255273004094
21101	42	-0.13926983488335765
21101	43	0.07227785528422714
21101	44	0.046178498675296
21101	45	0.14029575567642638
21101	46	-0.788167949563018
21101	47	-0.45173865632972365
21101	48	-0.4511461508845258
21101	49	0.45377672812085024
21101	50	0.0617289392408793
21101	51	0.20961737691770566
21101	52	-0.2521420393350695
21101	53	-0.1888643023349843
21101	54	-0.35450072952568945
21101	55	-0.8371254432739903
21101	56	-0.34799674102536926
21101	57	0.1290960257972955
21101	58	-0.12774383128842715
21101	59	0.27377122219371586
21101	60	0.14741236100431365
21101	61	0.0737376766181157
21101	62	-0.055168156761496334
21101	63	0.20079971264694763
21101	64	-0.1486691306722534
21101	65	0.3457979716500006
21101	66	0.25587370143767174
21101	67	-0.4887493485300851
21101	68	0.03875525019361703
21101	69	-0.274880831155798
21101	70	-0.4529577600050203
21101	71	-0.34957764609210784
21101	72	0.013121484938835692
21101	73	-0.1133208057838786
21101	74	-0.45426777129473095
21101	75	0.6412919751480928
21102	1	-0.16112383464865587
21102	2	0.22364873392475104
21102	3	0.0808120945166877
21102	4	0.05214832003023773
21102	5	0.03473818706787313
21102	6	-0.30955738791265475
21102	7	-0.026873825047530886
21102	8	0.011740025439834767
21102	9	0.025219095338258057
21102	10	0.2947192380086534
21102	11	0.2870498728983577
21102	12	0.17656948694327923
21102	13	-0.37528892699754124
21102	14	-0.2602186875395063
21102	15	0.049292519798214585
21102	16	-0.05792423665070601
21102	17	-0.05804576967695141
21102	18	0.08172255736598544
21102	19	-0.19964218161269542
21102	20	0.0352708738586216
21102	21	0.2833758006184297
21102	22	0.11703885534218728
21102	23	-0.1292920871342318
21102	24	0.363868533024025
21102	25	-0.07187054531116388
21102	26	-0.1950147998075593
21102	27	-0.24016409018717866
21102	28	-0.27332936498496707
21102	29	-0.12610367643142695
21102	30	0.3790963211679923
21102	31	-0.3157499791801186
21102	32	-0.07125240626702833
21102	33	-0.2631961127972744
21102	34	0.14222655468898893
21102	35	0.039342967633942294
21102	36	-0.09812124432628622
21102	37	0.012927908370052421
21102	38	0.3238678272014681
21102	39	-4.135311554165355E-4
21102	40	-0.739612621420676
21102	41	-0.4588768640426153
21102	42	-0.3063345281493568
21102	43	-0.3167868075593532
21102	44	-0.4041416972450591
21102	45	-0.4571320291154066
21102	46	0.14301654717417733
21102	47	-0.3053688110277051
21102	48	0.048557230566927956
21102	49	-0.1354674269726246
21102	50	0.08265195531912184
21102	51	0.15191366081968738
21102	52	0.4725046803680044
21102	53	-0.09682128503983733
21102	54	0.029818036541151116
21102	55	0.008708967519879707
21102	56	0.07381765181927591
21102	57	-0.01434566203830201
21102	58	0.01236660207887752
21102	59	-0.49437194569238585
21102	60	0.34532538331915674
21102	61	-0.4040159322408883
21102	62	-0.5305868452511717
21102	63	0.5701658616255116
21102	64	0.24419072847197043
21102	65	0.22990378081019003
21102	66	0.09371462262841135
21102	67	0.05739384977842832
21102	68	-0.4161435192196876
21102	69	-0.12480705679885773
21102	70	-0.0763738930118194
21102	71	0.02734086746868769
21102	72	-0.38240794114230425
21102	73	-0.3126560760109811
21102	74	0.052303470396147134
21102	75	-0.3317081313303589
21103	1	0.22828497612514198
21103	2	-0.10398106608578317
21103	3	0.07057558370953387
21103	4	-0.07086539303140782
21103	5	0.14029891257838045
21103	6	-0.14138363060399683
21103	7	-0.09521087489564906
21103	8	0.3469989231274013
21103	9	0.21810621278597608
21103	10	0.15887038017851296
21103	11	0.10992136342563441
21103	12	0.200931680330811
21103	13	-0.10338051128633907
21103	14	0.2583053586037991
21103	15	-0.006920497953267102
21103	16	0.03687322792534786
21103	17	0.08418554386228294
21103	18	0.4023816973586065
21103	19	0.31004124156080337
21103	20	0.18068902566800915
21103	21	0.4710744293122673
21103	22	-0.016307939383288783
21103	23	0.3033102340779976
21103	24	0.17779405055602382
21103	25	0.43502988135644216
21103	26	0.28764634183554705
21103	27	0.25419968345073585
21103	28	0.1556296011801166
21103	29	0.3358386268712934
21103	30	0.5606144150348626
21103	31	0.41861871079231605
21103	32	0.14747180492465617
21103	33	0.6552366299906396
21103	34	0.4267594151177647
21103	35	0.35916808659168
21103	36	0.11744246610161468
21103	37	0.26733066151738427
21103	38	0.1756578997174003
21103	39	0.19457180763270543
21103	40	0.45905996825853634
21103	41	0.15600733872106787
21103	42	0.25263514860164804
21103	43	0.4468516311532724
21103	44	0.14259859738385217
21103	45	0.08639508973698184
21103	46	0.7061299915932651
21103	47	0.3631561130324883
21103	48	-0.08908257769602557
21103	49	0.402950215644978
21103	50	-0.0460418799485538
21103	51	-0.2288652270352145
21103	52	0.053984145892208346
21103	53	0.2781018972332632
21103	54	0.010530202713255221
21103	55	0.2533141682994753
21103	56	0.22352881716614093
21103	57	0.060839139464690106
21103	58	0.3961743031657363
21103	59	0.17864791278741166
21103	60	0.30267618134560337
21103	61	0.20383615632336927
21103	62	0.3023719102138571
21103	63	0.2787062370227744
21103	64	0.1979245089576338
21103	65	0.4120715331673921
21103	66	0.2783844380902778
21103	67	0.639487857117814
21103	68	0.5768770415936189
21103	69	-0.1754628607073414
21103	70	0.030363241116319273
21103	71	0.3925367307243519
21103	72	0.643200894213166
21103	73	0.5262022808797866
21103	74	0.4203174468328541
21103	75	0.5535832492817221
21104	1	0.2921649055966071
21104	2	0.18561597515620676
21104	3	0.2174727582676539
21104	4	0.2555957087619092
21104	5	-0.09574804910398171
21104	6	-0.030490412524606825
21104	7	-0.11612860594110685
21104	8	0.043984258352963934
21104	9	0.004869211108776028
21104	10	0.003320558650102612
21104	11	-0.006149681170761312
21104	12	0.21578567766448487
21104	13	-0.01712067384600857
21104	14	0.4899313853530387
21104	15	0.306122980307606
21104	16	-0.048148059650444
21104	17	0.09116098789101557
21104	18	0.23698368419901783
21104	19	0.5095079770357955
21104	20	0.029353714095307737
21104	21	0.4550248873176841
21104	22	0.05201012710275421
21104	23	0.5358995773885411
21104	24	0.08546187836319064
21104	25	0.44181610248919867
21104	26	-0.031529678462902666
21104	27	-0.2088717481924931
21104	28	0.43416570404856003
21104	29	0.08049953084067596
21104	30	-0.041776674286943205
21104	31	0.1498275870663477
21104	32	0.26796378445417446
21104	33	0.30902753869059296
21104	34	0.06914534381513704
21104	35	0.174219907862053
21104	36	0.21922718205224356
21104	37	0.0531131411974215
21104	38	0.5082945487519339
21104	39	0.30112150014549854
21104	40	0.24395654074380246
21104	41	0.13384245677034556
21104	42	0.27160904444304634
21104	43	0.25300137527230504
21104	44	0.30669785339382827
21104	45	0.46698254081856305
21104	46	0.14769882142167035
21104	47	0.36115207054334775
21104	48	0.1781001514141991
21104	49	0.4206855616218377
21104	50	0.6640686434247769
21104	51	0.12367423023911783
21104	52	0.5516059581314892
21104	53	0.36566049182320626
21104	54	-0.0875732678066754
21104	55	0.26371282653711603
21104	56	0.2356476835489758
21104	57	0.3382313039165936
21104	58	0.4488814807342223
21104	59	0.5819937176297998
21104	60	0.18477311507458438
21104	61	-0.015387169699081937
21104	62	0.37970386738067674
21104	63	-0.18475224145312552
21104	64	0.4503994584265172
21104	65	0.7524147146923568
21104	66	0.15853753661519931
21104	67	-0.0010402467827574924
21104	68	0.26926082003080865
21104	69	0.39257567195511456
21104	70	0.2865452391380856
21104	71	-0.005983890270790937
21104	72	0.6106029498618994
21104	73	0.5514979416547376
21104	74	0.24898471557237656
21104	75	0.43814008065832155
21105	1	0.02092744740262731
21105	2	-0.003570200986491301
21105	3	-0.15409914808686054
21105	4	-0.028127814092048453
21105	5	-0.20845707920431522
21105	6	-0.1969341137509204
21105	7	-0.03831366725660246
21105	8	0.029491504729776352
21105	9	-0.08030358710750107
21105	10	-0.3678054168236926
21105	11	0.1460242318727154
21105	12	-0.13605378721845796
21105	13	0.18901087576379894
21105	14	-0.07718121219433982
21105	15	7.718097390423395E-4
21105	16	-0.3046697987808784
21105	17	0.10487336247295076
21105	18	0.08882314908196065
21105	19	-0.5578275859519408
21105	20	-0.09885141410982357
21105	21	-0.5351646333066142
21105	22	-0.08868106576235135
21105	23	-0.0675563869369924
21105	24	-0.27262061884974287
21105	25	-0.012698947678025263
21105	26	-0.13643491815075492
21105	27	-0.28434554975324744
21105	28	0.22647339635625485
21105	29	-0.3057880945773874
21105	30	-0.34634746581425446
21105	31	0.1737963719046931
21105	32	0.2289448323917469
21105	33	0.11471315741968624
21105	34	0.12131925685861233
21105	35	-0.14685032625165917
21105	36	0.16716475172894008
21105	37	-0.1951588766398089
21105	38	-0.16271994400168666
21105	39	0.14337345109310462
21105	40	-0.5999676510064731
21105	41	0.16873654818618178
21105	42	-0.2662950804176063
21105	43	-0.20653039730294154
21105	44	0.16489183332693358
21105	45	-0.33602749262625764
21105	46	0.19686270102033632
21105	47	0.07096254991904516
21105	48	-0.29759661558691874
21105	49	-0.16939247628229026
21105	50	-0.8039358158840315
21105	51	0.26414245766386557
21105	52	-0.014280329493928434
21105	53	-0.5484978136394432
21105	54	-0.2855665788434649
21105	55	0.09470502274670878
21105	56	0.0955139042847577
21105	57	0.25606853914513295
21105	58	-0.25390558727023205
21105	59	-0.10462835594879749
21105	60	-0.14856021825875132
21105	61	0.06777893955398184
21105	62	0.10590230662259614
21105	63	-0.22076116007073665
21105	64	-0.010247141350518518
21105	65	0.1932173902776455
21105	66	-0.1118080598173492
21105	67	-0.24418405949178634
21105	68	-0.31022635945637234
21105	69	0.10260911677116269
21105	70	-0.021147068554220994
21105	71	0.03325802723200155
21105	72	0.30279915944941393
21105	73	-0.09510183537982186
21105	74	0.303388283019423
21105	75	0.07381455111539736
21106	1	-0.18123316694072855
21106	2	-0.1823675457736833
21106	3	-0.14714873809076678
21106	4	-0.3653268248951207
21106	5	0.12574830931579228
21106	6	-0.01964659585426176
21106	7	0.37327034940355475
21106	8	-0.02380798765601355
21106	9	-0.30261258099010035
21106	10	-0.12218521638116187
21106	11	-0.19069319621527114
21106	12	-0.3482104968370976
21106	13	-0.01096309273808771
21106	14	0.0504772545504224
21106	15	-0.1845854725725573
21106	16	-0.31177639776565513
21106	17	0.11406248130673902
21106	18	0.26070913112022254
21106	19	-0.37919944590248633
21106	20	0.029353714095307737
21106	21	-0.285782881386794
21106	22	-0.3283400531370759
21106	23	-0.5533301732183915
21106	24	-0.10415777881329547
21106	25	0.018929322528926207
21106	26	-0.20968755383993454
21106	27	-0.305222811239652
21106	28	0.21318431656970915
21106	29	0.20949239481478088
21106	30	0.19734640376793777
21106	31	0.1258593681301292
21106	32	0.1070132952317806
21106	33	-0.0999035287706036
21106	34	0.092216041968598
21106	35	-0.3000977556412181
21106	36	-0.10603582096401709
21106	37	-0.06597756725545878
21106	38	0.05487734872250627
21106	39	0.19054252567334373
21106	40	-0.012072297628883177
21106	41	-0.07840649489595108
21106	42	-0.2806384358777123
21106	43	0.13147558994162267
21106	44	0.13118104327097058
21106	45	-0.05216702145614249
21106	46	0.1123644581464589
21106	47	-0.2657809096670576
21106	48	-0.4982994660359594
21106	49	0.02946213780075624
21106	50	-0.09828698079357423
21106	51	0.21551561918931128
21106	52	-0.5013036276847345
21106	53	-0.01699970092305847
21106	54	0.24301600608429652
21106	55	-0.03238075103957527
21106	56	-0.20879430865289095
21106	57	-0.29578620509540343
21106	58	0.2326231124564373
21106	59	0.25377331006708204
21106	60	-0.010319947531172602
21106	61	-0.11311394083128334
21106	62	-0.07017474661181922
21106	63	-0.20286450511824938
21106	64	-0.14378872666875253
21106	65	-0.2037759716903409
21106	66	-0.1374751169564874
21106	67	0.1759773357965102
21106	68	0.027298045073109733
21106	69	0.23046281975177152
21106	70	0.46590226113470123
21106	71	-0.08427418674691722
21106	72	-0.06842301938697659
21106	73	-0.5307649877942424
21106	74	-0.11815278166885435
21106	75	-0.09622319455686323
21107	1	-0.13114037724584193
21107	2	0.062310692313754856
21107	3	-0.023247204331692473
21107	4	0.09110295513871947
21107	5	-0.015032761586450505
21107	6	-0.2421781170594386
21107	7	-0.12094394020945742
21107	8	-0.06997086086162341
21107	9	-0.14709432325307858
21107	10	-0.3247533076425526
21107	11	-0.11472845629932493
21107	12	0.307908164808012
21107	13	0.1340480966074722
21107	14	0.005242278293664526
21107	15	0.08985369559511724
21107	16	-0.182089153619593
21107	17	0.18473275039685433
21107	18	-0.15513880294450644
21107	19	0.1633882949413561
21107	20	0.10731070334261972
21107	21	0.0934540598282041
21107	22	-0.22197304260271267
21107	23	0.25576867509774814
21107	24	0.03064654409484291
21107	25	0.10537383974959624
21107	26	-0.16633566256762577
21107	27	0.08666354867520454
21107	28	0.04115495136039016
21107	29	-0.007649136761003206
21107	30	0.21287503211792114
21107	31	0.1213563388195027
21107	32	-0.11733308324100733
21107	33	-0.041159464581966176
21107	34	0.2627171063209772
21107	35	0.2905359433926762
21107	36	0.07680081459081123
21107	37	0.41092052782668986
21107	38	-0.2159457504533009
21107	39	-0.27767700382832317
21107	40	0.05234831259981121
21107	41	-0.11571341045732453
21107	42	-0.05008333517359631
21107	43	-0.036596567691695725
21107	44	-0.19056722374502044
21107	45	-0.25211516839134873
21107	46	-0.23642927582002926
21107	47	-0.10095639135473533
21107	48	-0.045322008473597464
21107	49	-0.041890408457639694
21107	50	0.2078507846122477
21107	51	0.07386123351167839
21107	52	-0.14467735182643082
21107	53	-0.026578872365661255
21107	54	0.10239868170243938
21107	55	0.39396060587326076
21107	56	0.07814417723761125
21107	57	-0.07474204811707352
21107	58	0.17454767989271147
21107	59	-0.32356962972878023
21107	60	0.23423548066597988
21107	61	0.09660441515364937
21107	62	0.3752157888392986
21107	63	0.6146399979110626
21107	64	0.21762713491085606
21107	65	0.20496263428095318
21107	66	0.09654595176246517
21107	67	-0.12979199993844048
21107	68	-0.12321229824876667
21107	69	0.1666289678877888
21107	70	-0.2699063737651457
21107	71	0.21439946643795338
21107	72	0.3207478773981336
21107	73	0.23670130771364484
21107	74	0.15256115316002905
21107	75	0.42187079594583565
21108	1	-0.02757145737768596
21108	2	-7.870544847534688E-4
21108	3	-0.39410687904936736
21108	4	-0.12790877015441282
21108	5	0.04117570007670324
21108	6	-0.046927671282162464
21108	7	-0.0776900362812114
21108	8	0.006878439403145364
21108	9	-0.0807545599202868
21108	10	-0.05989406519375251
21108	11	-0.31461228404018016
21108	12	-0.11640425751867411
21108	13	-0.03857577544093971
21108	14	-0.055586056930842176
21108	15	-0.26068934217437345
21108	16	0.06819452282715588
21108	17	-0.06286275400687913
21108	18	-5.081226613725676E-4
21108	19	-0.2468753890700981
21108	20	-0.22190256731173008
21108	21	-0.20473041091259603
21108	22	-0.07574458850426424
21108	23	-0.3861235818860962
21108	24	0.02825555690080961
21108	25	-0.1661585533989367
21108	26	-0.17342757373637596
21108	27	-0.29804223832431376
21108	28	-0.1767220681457431
21108	29	-0.18508200000194108
21108	30	-0.4985314627218713
21108	31	0.2597904448334418
21108	32	-0.020005045201344274
21108	33	-0.7348294272987772
21108	34	-0.0493675103105673
21108	35	0.1753633060122297
21108	36	-0.20791577913048087
21108	37	0.07819507259353031
21108	38	0.17011087676883108
21108	39	-0.1928847630545576
21108	40	0.12430757125869718
21108	41	-0.1723406325894956
21108	42	0.02942712032972139
21108	43	-0.17801603059762527
21108	44	0.10317298266335939
21108	45	-0.39712786628944485
21108	46	-0.20410366929277046
21108	47	-0.2590722394122267
21108	48	-0.44873693255637903
21108	49	-0.3535697730224001
21108	50	-0.37918385093106366
21108	51	0.17791645585997884
21108	52	-0.15190434701744238
21108	53	-0.11427541961805332
21108	54	-0.03550859662468042
21108	55	0.0013794203758763501
21108	56	0.053315733945886734
21108	57	-0.045091105230596895
21108	58	-0.1624869556505999
21108	59	0.3336141385751077
21108	60	-0.5532503355116845
21108	61	-0.024039125128403782
21108	62	-0.08442110530885572
21108	63	-0.5094481849386696
21108	64	-0.35253550625194663
21108	65	0.45494912587872705
21108	66	-0.05207348953001656
21108	67	0.22588423067700347
21108	68	0.018842059561791302
21108	69	0.26278177493377086
21108	70	0.21200587565399331
21108	71	-0.5662781150177096
21108	72	-0.3392186217643456
21108	73	-0.2466158155370124
21108	74	-0.6091101063633886
21108	75	-0.230179779512099
21109	1	-0.16261129746208525
21109	2	-0.11372744705533933
21109	3	-0.0882682938582171
21109	4	-0.10549004670290074
21109	5	-0.09723735969730285
21109	6	-0.28521857330609635
21109	7	0.31486666990163314
21109	8	-0.14177921350226796
21109	9	-0.27608202597986065
21109	10	0.5205357079815158
21109	11	-0.051029175125442805
21109	12	0.264852856782106
21109	13	0.15179597280304336
21109	14	0.3038075964187783
21109	15	-0.20857795651680533
21109	16	-0.316824494913476
21109	17	0.2530954902530951
21109	18	0.1604763577517403
21109	19	-0.20604971373208514
21109	20	0.3525581339848074
21109	21	-0.3550399697565396
21109	22	0.17369320821413226
21109	23	-0.1980422914560478
21109	24	0.1704166385521546
21109	25	0.09716080582813191
21109	26	-0.11148804182266048
21109	27	-0.1750099498099189
21109	28	0.15921174456421738
21109	29	0.18000309397623226
21109	30	-0.11294330091838134
21109	31	-0.3256228092824429
21109	32	-0.043742517091182265
21109	33	0.202870120162288
21109	34	-0.07960155345446651
21109	35	0.031758541859971956
21109	36	0.10773707075429684
21109	37	0.04991832976335786
21109	38	-0.024966721165597505
21109	39	0.10996928619722723
21109	40	0.13921636939301862
21109	41	0.18150039575665744
21109	42	0.19933744543591558
21109	43	0.23761183247464857
21109	44	0.3720033222063819
21109	45	-0.012511413861560072
21109	46	-0.17870040990189295
21109	47	-0.2060030259415626
21109	48	-0.12207600360221704
21109	49	-0.20099751948954037
21109	50	-0.11106147107598474
21109	51	0.20920549775453168
21109	52	-0.1932575217307857
21109	53	0.1839005430683045
21109	54	0.14307770504943562
21109	55	-0.06965253498101731
21109	56	0.04933172550589404
21109	57	0.13732650769591714
21109	58	0.38464094906635893
21109	59	0.25594679633906736
21109	60	0.19876943183332685
21109	61	-0.22254546900246908
21109	62	0.17667720391683162
21109	63	-0.15545445940492186
21109	64	-0.09503252171600707
21109	65	-0.6440541779331497
21109	66	0.2964509003753122
21109	67	-0.21325899928496028
21109	68	-0.6552327342970017
21109	69	-0.3079447860479334
21109	70	-0.20700908867038947
21109	71	-0.43040538118279414
21109	72	0.36586758273882936
21109	73	0.09705002749027614
21109	74	0.1641900963074221
21109	75	0.399682237756565
21110	1	0.057855678300708036
21110	2	0.07207726712328721
21110	3	-0.07249883884836095
21110	4	-0.1103208304559189
21110	5	-0.09450269188309335
21110	6	0.05859996690878688
21110	7	-0.004825714673174275
21110	8	-0.0835738219033928
21110	9	0.16547659585861396
21110	10	0.01045769360021609
21110	11	-0.02818012323616159
21110	12	0.15997765202906322
21110	13	-0.09133959453641438
21110	14	0.19567022447618854
21110	15	-0.1400863270989987
21110	16	0.1008578394100752
21110	17	-0.26638034194657934
21110	18	-0.4402066151236852
21110	19	0.27322511344246436
21110	20	0.02432858846716357
21110	21	0.1947670765245917
21110	22	0.059933803455535894
21110	23	0.23950455881742272
21110	24	0.14383344634804018
21110	25	-0.15359573932858694
21110	26	0.20848197400231783
21110	27	0.16426931946463696
21110	28	0.2051874795929507
21110	29	-0.4664890351778226
21110	30	-0.5462701561892089
21110	31	-0.02161659034243968
21110	32	0.07295977891925531
21110	33	-0.20467867352993352
21110	34	-0.01670419372765508
21110	35	-0.0683552869525954
21110	36	0.18404401986449415
21110	37	-0.0323576912255632
21110	38	-0.11380872122111896
21110	39	0.2769644831765987
21110	40	-0.4460441875352714
21110	41	0.17439303575221743
21110	42	-0.1565025279114849
21110	43	0.012938743271725173
21110	44	0.11322323391964062
21110	45	0.042570626172867776
21110	46	0.12001693372230449
21110	47	0.017309670135510657
21110	48	0.45578568050894575
21110	49	-0.44150947151486264
21110	50	0.2338814757021055
21110	51	-0.1989679662505779
21110	52	0.13955293941472036
21110	53	-0.20221511811051585
21110	54	-0.005357842855836736
21110	55	0.3355502746472325
21110	56	-0.1602521052500947
21110	57	-0.1933323112607468
21110	58	0.05359344635945007
21110	59	-0.29452656494247975
21110	60	0.18795569463907214
21110	61	-0.15971751708820392
21110	62	-0.27537587917820616
21110	63	-0.08985019498891944
21110	64	0.20274087565759658
21110	65	0.29917023140636445
21110	66	-0.04202323827373533
21110	67	0.04246714524986572
21110	68	-0.20477603089046426
21110	69	-0.24475591350843473
21110	70	-0.09703935047665624
21110	71	-0.2798459542136911
21110	72	-0.17841460166384593
21110	73	-0.3722439562405313
21110	74	-0.2749392520920324
21110	75	0.033639315965288574
21111	1	0.07649773917981406
21111	2	-0.40533854758242427
21111	3	-0.1907481312875703
21111	4	-0.179011987390016
21111	5	-0.01623780422642085
21111	6	-0.7254929112752322
21111	7	-0.47142595726544556
21111	8	-0.4274050469943589
21111	9	0.15444442350257503
21111	10	-0.016169696222455343
21111	11	-0.06374588306981366
21111	12	-0.29498393752791685
21111	13	-0.12336755040772829
21111	14	0.04602833687727781
21111	15	-0.113242337033725
21111	16	-0.11961232751651352
21111	17	-0.015860501364358015
21111	18	-0.1442007235970877
21111	19	-0.06065694050543868
21111	20	-0.3413359410771051
21111	21	-0.43657931058336175
21111	22	-0.17210281642547898
21111	23	-0.03696399082735269
21111	24	-0.5123642085933326
21111	25	-0.2450154817187027
21111	26	-0.17365861399513705
21111	27	0.1477499409629317
21111	28	-0.4388228016985636
21111	29	-0.3667518434721657
21111	30	-0.23790361081867673
21111	31	-0.3928260860970738
21111	32	-0.3474035318876503
21111	33	-0.5997430760020634
21111	34	-0.18212901900345457
21111	35	-0.6009175234223036
21111	36	-0.17412614128608794
21111	37	-0.0886159942348641
21111	38	-0.6029498290591633
21111	39	0.16596407885614184
21111	40	-0.5917006306704877
21111	41	-0.4650830804610351
21111	42	-0.19060984611167697
21111	43	-0.05661881463274199
21111	44	-0.02343707913991011
21111	45	0.33112546935429066
21111	46	0.11229152506984974
21111	47	-0.22183143770253366
21111	48	-0.11280439631193673
21111	49	-0.6109486212867097
21111	50	-0.43258303073814375
21111	51	-0.28709538495328246
21111	52	-0.9257303737025921
21111	53	-0.18156589498338604
21111	54	-0.3035152967921846
21111	55	-0.34853105152384956
21111	56	-0.5914887482351361
21111	57	-0.9521984811908553
21111	58	-0.3250815377565317
21111	59	0.12897022937392677
21111	60	-0.07787056308633566
21111	61	-0.3823536864407089
21111	62	-0.4072276668522079
21111	63	-0.8315038656410323
21111	64	-0.49167950209322697
21111	65	-0.29568623483287837
21111	66	-0.8066798546891434
21111	67	-0.04219466957136575
21111	68	-0.3169460765209209
21111	69	-0.571042518949433
21111	70	-0.05828234706881119
21111	71	-0.21320527957613677
21111	72	-0.4637348812225568
21111	73	-0.395853382683093
21111	74	-0.22702727843062576
21111	75	-0.23812178840714893
21112	1	-0.018032883047066406
21112	2	0.06346276604647372
21112	3	0.1992092456470651
21112	4	0.11263284368988735
21112	5	0.22977065051277634
21112	6	-0.21511664044408718
21112	7	-0.00944608094220456
21112	8	0.03861004576321392
21112	9	-0.008134621321516988
21112	10	-0.24640412308198023
21112	11	-0.044958544216441965
21112	12	-0.124675094988703
21112	13	0.23169655887501506
21112	14	-0.054493970358166166
21112	15	0.023474638824851013
21112	16	0.21417518602154928
21112	17	8.830265677204352E-4
21112	18	0.013513352495564845
21112	19	-0.04198314670324521
21112	20	-0.01319947739405336
21112	21	0.007661335051267315
21112	22	0.10354089667237787
21112	23	0.1505949652569143
21112	24	0.31413021896492666
21112	25	0.12092274977345596
21112	26	0.19073365795399155
21112	27	-0.09607495509968089
21112	28	-0.0027137285755500784
21112	29	-0.07421612045222048
21112	30	-0.05997851561551926
21112	31	0.220238582176691
21112	32	0.17309571696816306
21112	33	-0.15496964205034658
21112	34	0.169546207213223
21112	35	0.3038705840437217
21112	36	0.2477898004390937
21112	37	-0.0764230025847894
21112	38	0.4590632373559629
21112	39	0.21657896897946927
21112	40	-0.10260968981872765
21112	41	0.01815592313747061
21112	42	-0.09248945342048387
21112	43	0.25499247698589045
21112	44	0.07994132284451183
21112	45	0.03988241307088458
21112	46	0.20357301198596645
21112	47	0.24975609679769661
21112	48	-0.2172833118693589
21112	49	0.165507375638839
21112	50	0.08773279918883503
21112	51	0.04582743934884803
21112	52	0.2373290540303472
21112	53	0.09509972357511742
21112	54	0.1407602857812762
21112	55	-0.2986236344117401
21112	56	0.2624923159440229
21112	57	-0.23004322143471256
21112	58	0.43816829629300713
21112	59	-0.028508022381650733
21112	60	-0.011376834266854985
21112	61	0.3182192793560219
21112	62	0.054105876102759964
21112	63	0.13856391202028817
21112	64	-0.22184405507508842
21112	65	-0.1423916815016426
21112	66	0.005883468512472234
21112	67	-0.2815389032296096
21112	68	0.38273599733577157
21112	69	-0.09635433112845249
21112	70	-0.10757836775147922
21112	71	0.2602863180900741
21112	72	-0.3256553647497924
21112	73	-0.23892538771401206
21112	74	-0.2146071966781875
21112	75	0.8448534413032291
21201	1	-0.05582749164739553
21201	2	-0.07549117618615497
21201	3	0.09609000702032588
21201	4	-0.04414294650062445
21201	5	-0.15398040833420268
21201	6	0.17982082529910315
21201	7	0.2841327387963588
21201	8	0.1251199200303219
21201	9	0.04138619851671166
21201	10	0.03206847977151028
21201	11	-0.17091565883766435
21201	12	-0.15644050432648982
21201	13	0.05168426794539016
21201	14	0.3059209315635414
21201	15	-0.11347787500244522
21201	16	-0.1030304545185885
21201	17	-0.03917876026769562
21201	18	0.28461970225556144
21201	19	0.08349229635154387
21201	20	-0.041684537270811006
21201	21	-0.03117135882153832
21201	22	0.10955348657056163
21201	23	-0.0747442810101333
21201	24	-0.15034235066983115
21201	25	-0.3344728022387642
21201	26	-0.3928031400927452
21201	27	-0.4773678280214284
21201	28	-0.04288347627930733
21201	29	-0.39082382387540804
21201	30	0.24575005415211848
21201	31	-0.17777992065520465
21201	32	0.03836055328287813
21201	33	0.12114443106407435
21201	34	-0.12786107101024413
21201	35	0.23368771494212126
21201	36	0.05472254912280761
21201	37	-0.029543071679746902
21201	38	-0.035397539630103836
21201	39	-0.008286910403327852
21201	40	0.21209624138528937
21201	41	0.24044735104452286
21201	42	-0.4004270686479501
21201	43	0.3507205484725944
21201	44	-0.043599129262389624
21201	45	0.1337917591602107
21201	46	-0.19178799254839163
21201	47	-0.45619171657948954
21201	48	-0.17065252142970877
21201	49	-0.7133605300864048
21201	50	-0.2196567070147566
21201	51	-0.38625686978463847
21201	52	-0.559845693092079
21201	53	-0.36396649796058966
21201	54	-0.19969016018016106
21201	55	0.019379255617664626
21201	56	0.23864126872359748
21201	57	0.26313032981347817
21201	58	-0.6368395931550594
21201	59	0.30995760453880195
21201	60	-0.4103088521385345
21201	61	-0.30754682757505947
21201	62	-0.3169224096447465
21201	63	-0.39919747785131676
21201	64	-0.3580823662349246
21201	65	0.03882478834405845
21201	66	-0.10449406233941971
21201	67	0.13215053487559203
21201	68	-0.21434573734624252
21201	69	-0.3844022325352654
21201	70	-0.5221979302608233
21201	71	-0.06279073275118918
21201	72	0.2852287517150742
21201	73	0.07131262447726527
21201	74	-0.102286370196218
21201	75	-0.3087831790233153
21202	1	-0.13917567411353815
21202	2	-0.07163040165538703
21202	3	0.1473640626154804
21202	4	0.09472614354451636
21202	5	-0.11803065779963262
21202	6	-0.13357012266953916
21202	7	-0.3994619392744383
21202	8	0.20612193951238567
21202	9	-0.4424133975868756
21202	10	0.20621910937474297
21202	11	0.07446626085822317
21202	12	-0.14762011943696507
21202	13	-0.23668589123731465
21202	14	0.1846777621646325
21202	15	-0.05311615012718107
21202	16	0.25891715774086066
21202	17	-0.052498432398842
21202	18	-0.30921196797489614
21202	19	0.14302246978941469
21202	20	-0.3999941119916457
21202	21	0.08872053949159664
21202	22	-0.026613061303045527
21202	23	0.10003001217114615
21202	24	0.2639039073486984
21202	25	0.10812045031528328
21202	26	-0.18877605527450214
21202	27	0.11576593296693005
21202	28	-0.1096748756615824
21202	29	0.0064053279421258935
21202	30	-0.42837087718549327
21202	31	0.07700150010982298
21202	32	0.042057987352727366
21202	33	0.12442608941523048
21202	34	0.12421780758324985
21202	35	-0.11943951242780315
21202	36	-0.39798296287529666
21202	37	-0.12840859793301007
21202	38	0.12387425889686199
21202	39	0.08300555811651122
21202	40	-0.18140577809677438
21202	41	0.21101636981382654
21202	42	-0.08400689758594382
21202	43	-0.14663630588711385
21202	44	-0.04692533501197005
21202	45	-0.13120586497853992
21202	46	0.03411186489993412
21202	47	0.14901438938392175
21202	48	-0.43095781960029456
21202	49	-0.046886902146276555
21202	50	-0.42796034208247136
21202	51	-0.22668808860146328
21202	52	0.22588132045033404
21202	53	-0.32093371107534097
21202	54	0.05155716697593249
21202	55	-0.37161326041940157
21202	56	-0.18319289616116663
21202	57	-0.13966724680804532
21202	58	-0.6052851859324448
21202	59	-0.1716294707759971
21202	60	-0.18678485593991212
21202	61	-0.5354958653512583
21202	62	-0.4523613500106265
21202	63	-0.43076673420674894
21202	64	0.0505806178468049
21202	65	-0.17693311139459666
21202	66	-0.42533927497900237
21202	67	-0.42622140620304805
21202	68	-0.2841812089546991
21202	69	-0.26032287876952864
21202	70	-0.29135331158655475
21202	71	0.11122625465674929
21202	72	0.3895884571082746
21202	73	-0.13563973950468267
21202	74	-0.08525441486240481
21202	75	-0.7047947019503731
21203	1	-0.010940684465506223
21203	2	-0.18303583339330132
21203	3	-0.04651457579640805
21203	4	0.042783627407629865
21203	5	0.15545156117491388
21203	6	0.18955586685670767
21203	7	-0.09532724191723929
21203	8	0.5028808604720751
21203	9	-0.06457421843695954
21203	10	0.26906163769042024
21203	11	0.41353123467384023
21203	12	0.05614616968738062
21203	13	0.05880186908420626
21203	14	0.06440465292093478
21203	15	-0.04333506377960106
21203	16	-0.06629444864082501
21203	17	-0.19167910466774885
21203	18	-0.2661219058630948
21203	19	-0.41393618323701276
21203	20	0.19181870008970492
21203	21	0.2054085190312449
21203	22	0.24818598875176434
21203	23	0.058515580311443216
21203	24	0.11018481101451272
21203	25	0.0690722223284368
21203	26	0.2798331275290593
21203	27	0.04439825546113951
21203	28	-0.04258499623155387
21203	29	0.2385557968253309
21203	30	0.28312894013274104
21203	31	-0.2209676875652491
21203	32	0.022609990762788357
21203	33	-0.25402202896255943
21203	34	-0.0758796226932077
21203	35	-0.399985426445582
21203	36	0.04122206696272457
21203	37	0.24558665234101085
21203	38	0.02971703078822685
21203	39	-0.060612758775462794
21203	40	-0.2244882284682248
21203	41	0.241113191151058
21203	42	-0.2533452851148681
21203	43	0.3986839961467439
21203	44	0.520849601049413
21203	45	0.19775832939485838
21203	46	-0.037978927938944196
21203	47	-0.1893046338775548
21203	48	0.3183266768069615
21203	49	0.08445367756386446
21203	50	-0.48590090961383225
21203	51	-0.44716975953070204
21203	52	0.06574552700251957
21203	53	0.010648921977882253
21203	54	0.00880963317980843
21203	55	-0.29159103413758203
21203	56	0.4754966666204652
21203	57	-0.3488226480989951
21203	58	-0.3000163392633368
21203	59	-0.06396901528945165
21203	60	-0.01578710901505076
21203	61	-0.08210255150397927
21203	62	-0.3441300139979617
21203	63	0.4223114535901118
21203	64	0.27848373561565154
21203	65	0.31276059217378815
21203	66	-0.24645576505329103
21203	67	-0.13629782807614532
21203	68	0.4009134810952304
21203	69	0.21230530293794203
21203	70	0.4770214296142754
21203	71	0.24765147691956457
21203	72	0.14147616871466084
21203	73	-0.46450498125355466
21203	74	-0.14487717701074843
21203	75	-0.2659398121683765
21204	1	0.2348478816573234
21204	2	0.02207796700150766
21204	3	-0.10736677182802268
21204	4	0.06487268587223838
21204	5	-0.3135995690264721
21204	6	-0.3072333780891796
21204	7	-0.06692590923931618
21204	8	-0.18499317493596124
21204	9	0.18660591935632453
21204	10	-0.08577556181334245
21204	11	0.11027678526176032
21204	12	0.14756881116737475
21204	13	-0.0752773893601173
21204	14	0.14759558946268214
21204	15	0.26606000343949177
21204	16	-0.13280350351625714
21204	17	-0.19891208142391292
21204	18	-0.03054689591482429
21204	19	-0.269362476316914
21204	20	-0.28819503242279865
21204	21	-0.004488253048066326
21204	22	-0.02308575114196998
21204	23	0.0475139651807126
21204	24	0.20188834479571227
21204	25	0.04697536129989999
21204	26	-0.1331565808891284
21204	27	0.017182912499443148
21204	28	0.06722048584985885
21204	29	0.07120640581544535
21204	30	0.27156554039958536
21204	31	0.21592907671149675
21204	32	-0.27434778956382644
21204	33	0.09405034762038866
21204	34	-0.18267331510053708
21204	35	-0.22918730218194838
21204	36	-0.13027828805392971
21204	37	-0.22497817526134156
21204	38	0.27896993529264336
21204	39	-0.2090799450928813
21204	40	-0.23266531545900904
21204	41	-0.0592543096096918
21204	42	-0.08022979936625063
21204	43	-0.002773522793980021
21204	44	0.16053500167205215
21204	45	0.15417320732375117
21204	46	0.2651506804503754
21204	47	-0.15258576805824475
21204	48	-0.0459360199151817
21204	49	-0.044608532278289204
21204	50	0.026290596515082143
21204	51	0.2209169737698602
21204	52	-0.3440139199517489
21204	53	0.033174924022155494
21204	54	-0.1275635790577354
21204	55	-0.13633561720758536
21204	56	-0.12536317592379476
21204	57	-0.5326822643689084
21204	58	-0.6567339566724186
21204	59	-0.10429266564096196
21204	60	0.04679725620735553
21204	61	-0.2696683856370754
21204	62	-0.12905233947411432
21204	63	-0.1605868868045448
21204	64	-0.3785779748624094
21204	65	-0.2887624683038865
21204	66	0.007619123955237228
21204	67	-0.16678244532137398
21204	68	-0.12256833502954834
21204	69	-0.11786799200677933
21204	70	-0.5258967292927466
21204	71	0.106752777606971
21204	72	0.09604964155783335
21204	73	-0.12212847633403356
21204	74	-0.3555932183019124
21204	75	-0.41306495749113026
21205	1	0.05096407743925724
21205	2	-0.25368009109638123
21205	3	0.05623052224281011
21205	4	0.2391981932339604
21205	5	0.00363083288359789
21205	6	-0.05554217235897596
21205	7	-0.048716597659534955
21205	8	0.08663436187263329
21205	9	0.18797480117088838
21205	10	0.11578432676604677
21205	11	-0.12349957765108854
21205	12	-0.2249182560829297
21205	13	0.2715749783279051
21205	14	0.1771777621646322
21205	15	-0.16120621223898013
21205	16	0.3467587726476893
21205	17	-0.10999843239883944
21205	18	-0.3204076201488135
21205	19	0.15132992320556582
21205	20	-0.5077891430475461
21205	21	0.174652216510232
21205	22	-0.025091322172606567
21205	23	-0.10484576422636849
21205	24	-0.02045944668856947
21205	25	0.0369713819923021
21205	26	-0.19181953353537295
21205	27	-0.07504152044921852
21205	28	-0.3953581054752462
21205	29	0.24505439626510395
21205	30	-0.6010727405395286
21205	31	-0.5808556427473164
21205	32	0.538688422135337
21205	33	-0.08360186089532817
21205	34	-0.21391883837948455
21205	35	-0.03029354969488196
21205	36	-0.16594880138460866
21205	37	-0.4065141879951213
21205	38	-0.055100896382640485
21205	39	-0.31047270275305294
21205	40	-0.2551324861713056
21205	41	-0.1177103382607072
21205	42	-0.1276870218095425
21205	43	-0.14008351085605852
21205	44	0.25295044138554346
21205	45	0.16565748905872368
21205	46	-0.03478565062801664
21205	47	0.3503032092596996
21205	48	-0.046827384817682116
21205	49	0.012072725182910915
21205	50	-0.15609698804520633
21205	51	-0.5827439892225783
21205	52	-0.5260752012887977
21205	53	-0.15736228250391093
21205	54	-0.2044676777445602
21205	55	-0.0318151237734412
21205	56	-0.19313078435992992
21205	57	-0.343052339975749
21205	58	-0.19082866419331168
21205	59	-0.053492824813261564
21205	60	0.026677876979341875
21205	61	-0.298741206966163
21205	62	0.4308839916042757
21205	63	-0.17936921867879363
21205	64	0.10447813337475509
21205	65	0.2793712364314871
21205	66	-0.1142989023081924
21205	67	-0.05685805216577933
21205	68	0.05307034384033216
21205	69	-0.3652297110676628
21205	70	0.22749762009046748
21205	71	0.04490637888034854
21205	72	-0.12115688450663242
21205	73	-0.15935091962890624
21205	74	-0.28840658877545167
21205	75	-0.12061768331683709
21206	1	-0.07326561443749213
21206	2	0.07361682767112399
21206	3	-0.04301317523618309
21206	4	0.002867661021074497
21206	5	-0.15197140801276277
21206	6	-0.30274105191080025
21206	7	-0.26689586936821996
21206	8	-0.18129280899571398
21206	9	0.06147620173111079
21206	10	0.11500001304055729
21206	11	0.3126908985393868
21206	12	0.013078942796624915
21206	13	-0.09911129618190273
21206	14	-0.2601751790118385
21206	15	0.010236364791829544
21206	16	-0.4311403870161783
21206	17	-0.4360768637713903
21206	18	-0.3603095809331265
21206	19	-0.15413226166838
21206	20	0.0685694003698174
21206	21	0.22011440138417981
21206	22	0.2975557366509207
21206	23	0.07147076238427275
21206	24	-0.20108969878940997
21206	25	-0.2600594303326247
21206	26	-0.018486200202033842
21206	27	-0.33830482577135257
21206	28	-0.21975586457889307
21206	29	0.16502638506062794
21206	30	-0.18710915510536097
21206	31	0.10151130403139064
21206	32	-0.210233146492115
21206	33	0.2200676068917815
21206	34	-0.17917093921982286
21206	35	-0.09466329759403891
21206	36	-0.07397401146864269
21206	37	0.04880794085642037
21206	38	0.13580946776301772
21206	39	-0.4874334870667738
21206	40	-0.08198122566710708
21206	41	-0.27289241108984186
21206	42	0.14441381852658708
21206	43	-0.07715633998770954
21206	44	-0.37620922248
21206	45	-0.23606520001690257
21206	46	-0.6360181436252148
21206	47	-0.23307214088035266
21206	48	-0.7261411103078785
21206	49	-0.8493698518478965
21206	50	-0.10389810849338232
21206	51	-0.1040325046287407
21206	52	-0.3488202993280112
21206	53	0.18151726931681367
21206	54	-0.28635843404708083
21206	55	0.21891316754308576
21206	56	0.20693924365127714
21206	57	-0.8099571018805136
21206	58	0.024563492669429365
21206	59	-0.3829466063258664
21206	60	-0.6274817868862002
21206	61	-0.5540913470221867
21206	62	-0.26464822128087206
21206	63	-0.315783784505129
21206	64	-0.05379917754961383
21206	65	-0.268471900823414
21206	66	-0.4659935801793438
21206	67	-0.1278944667316111
21206	68	-0.5469156505574304
21206	69	-0.3724285906194851
21206	70	0.1541922979616146
21206	71	-0.24709642224009798
21206	72	0.10506160288832689
21206	73	-0.6304713678081768
21206	74	0.021789489655922978
21206	75	-0.885687711328039
21207	1	0.013740737399015046
21207	2	-0.027080493510869275
21207	3	-0.2131457353024615
21207	4	0.16974145279130326
21207	5	0.13401312664617038
21207	6	-0.16157838966280025
21207	7	-0.09587957552673743
21207	8	0.05202671599738551
21207	9	0.022260515456601127
21207	10	0.33775615775196144
21207	11	0.06949841027647352
21207	12	-0.039123487471258045
21207	13	-0.3323686836439279
21207	14	0.042248184699843705
21207	15	0.009980910497439766
21207	16	0.17842879276841472
21207	17	0.07479029999552722
21207	18	0.32381773196386376
21207	19	0.3018329413142169
21207	20	-0.21289980703145517
21207	21	0.33316328290862174
21207	22	-0.10002089963739991
21207	23	-0.203598279316914
21207	24	0.059701519106198475
21207	25	-0.2944974308849595
21207	26	0.1707156777322396
21207	27	-0.285826228698717
21207	28	-0.1508108217730353
21207	29	0.08103025139589448
21207	30	0.08918882887697066
21207	31	0.19355079588446955
21207	32	0.3426320841071657
21207	33	-0.098974094295734
21207	34	-0.0890093816390376
21207	35	-0.026229163376974896
21207	36	-0.05295081345704489
21207	37	-0.30389849383013257
21207	38	0.21427536116262758
21207	39	-0.009064252048823107
21207	40	0.23730212147457053
21207	41	0.04063976234291289
21207	42	-0.273481790421215
21207	43	0.1962142758642642
21207	44	0.2683226747859493
21207	45	0.182679621855506
21207	46	-0.014946616422783165
21207	47	0.32849234406855743
21207	48	0.29514444616823
21207	49	0.14454757427748177
21207	50	0.25810824334312343
21207	51	-0.08053070954451158
21207	52	-0.2212864688944336
21207	53	0.03012262695283141
21207	54	-0.002576329656029941
21207	55	0.1739394033895394
21207	56	-0.015464788384072392
21207	57	-0.1459899657302799
21207	58	-0.3392793684186657
21207	59	-0.3555853801452571
21207	60	0.08148673009805663
21207	61	0.19771754554892595
21207	62	0.27498861937088037
21207	63	0.49910160627089795
21207	64	-0.1302904782952652
21207	65	-0.1014738339910437
21207	66	-0.027337131684447513
21207	67	0.02129084119437863
21207	68	0.44015283881014966
21207	69	-0.14112508330106266
21207	70	0.20954993397376143
21207	71	0.4239405841117403
21207	72	0.035301868008460247
21207	73	-0.07834488341159584
21207	74	-0.1740403915923494
21207	75	-0.1087062145039539
21208	1	-0.08397517685483535
21208	2	0.3533664107888299
21208	3	0.17861007817075247
21208	4	0.07375202649746981
21208	5	-0.10227616334598011
21208	6	-0.05742738392160618
21208	7	0.07016065412094719
21208	8	0.07347977452450039
21208	9	-0.5671822997926625
21208	10	0.07871687808569305
21208	11	-0.07342835854761631
21208	12	0.05155430361543978
21208	13	-0.6770467225518644
21208	14	0.2728375862115513
21208	15	0.051730528439698276
21208	16	0.13022756192292917
21208	17	-0.15715385761878053
21208	18	0.3275102684142368
21208	19	-0.6257123893206185
21208	20	-0.27563162314809375
21208	21	-0.41974242111020743
21208	22	-0.1327746066300861
21208	23	0.3271274238758508
21208	24	-0.06392823596380737
21208	25	-0.1465811944635007
21208	26	0.1628432230628718
21208	27	0.35865768357256655
21208	28	-0.19906987757411798
21208	29	-0.12910563724976498
21208	30	-0.24997931783320837
21208	31	-0.5604618429986843
21208	32	-0.17427345469750577
21208	33	-0.3058222211802075
21208	34	-0.7101567939722742
21208	35	-0.11415613871876218
21208	36	-0.09206526556559425
21208	37	-0.03751544480283542
21208	38	-0.41560361946601176
21208	39	-0.10929968222519193
21208	40	-0.4430084811440764
21208	41	-0.017961699802391706
21208	42	0.11560581438651951
21208	43	-0.050037427906751475
21208	44	-0.09843623645274846
21208	45	-0.3530438096425712
21208	46	-0.01331099625014076
21208	47	-0.46630340992756203
21208	48	-0.22958398305815564
21208	49	-0.6115385022992825
21208	50	-0.05778948909254211
21208	51	0.08436954240708161
21208	52	-0.028597195423692767
21208	53	-0.4283384031574542
21208	54	0.040081966159917215
21208	55	-0.3851205280465848
21208	56	-0.4726867123029521
21208	57	-0.5393070530046558
21208	58	-0.12848262313759307
21208	59	0.266850702627039
21208	60	-0.46371173341026406
21208	61	-0.4671785760486955
21208	62	-0.21422702640996505
21208	63	-0.08770604314465658
21208	64	-0.31072086117907816
21208	65	-0.19288682808463875
21208	66	-0.17520380385825973
21208	67	0.1673732004525661
21208	68	-0.20776752796528086
21208	69	-0.7048275326009659
21208	70	-0.2110109680955432
21208	71	-0.46301988840075836
21208	72	0.23961395755453196
21208	73	-0.1457522602237944
21208	74	-0.17075262983117057
21208	75	-0.5839943066934552
21209	1	-0.17723337955401064
21209	2	0.3102840076321165
21209	3	-0.3202691037856127
21209	4	0.05227223960643457
21209	5	-0.17273416337668834
21209	6	0.256724095404671
21209	7	0.099570612512494
21209	8	0.06614071938945898
21209	9	-0.10077613375806038
21209	10	0.04960631629484169
21209	11	0.20972405735264488
21209	12	0.2387616242461661
21209	13	0.012517386704864464
21209	14	0.09141859986096534
21209	15	-0.25822939847682846
21209	16	-0.329277128623815
21209	17	0.057121986449324424
21209	18	0.12692222278312926
21209	19	0.06845782148529622
21209	20	0.0031757036241018
21209	21	-0.036507095382063426
21209	22	0.13344270924100243
21209	23	0.02351624026128718
21209	24	-0.13321935693539189
21209	25	-0.3344871071625235
21209	26	0.006819209920131186
21209	27	-0.16012753391219547
21209	28	-0.1780507008379999
21209	29	-0.16976983709315618
21209	30	-0.195642673224647
21209	31	-0.13569483496871015
21209	32	-0.23680896006361962
21209	33	-0.31429744803070747
21209	34	-0.04639453022690532
21209	35	0.04361819301267644
21209	36	0.10769368178667094
21209	37	-0.22603550437507636
21209	38	-0.2372400138097177
21209	39	-0.5926716556326355
21209	40	-0.15824392970159806
21209	41	0.10263371559120316
21209	42	-0.05346114297633875
21209	43	0.3475305504752839
21209	44	-0.19227020184556665
21209	45	0.052239388834344425
21209	46	0.012529233440794485
21209	47	0.1163914665521446
21209	48	-0.36525670418941303
21209	49	0.030352455923377875
21209	50	0.0990712991649687
21209	51	-0.18005139385982716
21209	52	-0.22167729552963777
21209	53	-0.27839444405963576
21209	54	-0.08012960743790387
21209	55	-0.3813588784480828
21209	56	0.11068372573730301
21209	57	0.13266942517009994
21209	58	-0.3125040568634674
21209	59	-0.18164540521715367
21209	60	-0.10911868248213352
21209	61	-0.022421087295256825
21209	62	-0.20889162544882822
21209	63	0.09572427421574048
21209	64	-0.10911947320714432
21209	65	-0.28628321383028776
21209	66	-0.04053674823190079
21209	67	-0.16849604767812565
21209	68	0.3521578531896168
21209	69	0.014261687586042626
21209	70	0.09195536130213355
21209	71	-0.43371740571202366
21209	72	-0.32672158158965203
21209	73	-0.23043543720556414
21209	74	0.28028451070098725
21209	75	0.12614372281630182
21210	1	-0.034366183697454034
21210	2	0.013923595539562683
21210	3	0.0654624730876634
21210	4	-0.05674650722687247
21210	5	0.14894573303720549
21210	6	0.16642403347819368
21210	7	0.04303455441419857
21210	8	0.16927645096633626
21210	9	-0.21429862432834312
21210	10	0.4628811009595992
21210	11	0.011615629722179222
21210	12	0.04715547663596453
21210	13	0.29265024714511156
21210	14	0.16922077291732052
21210	15	-0.29724307859842725
21210	16	0.08672805068148648
21210	17	-0.041073701216049585
21210	18	-0.015353856707946534
21210	19	-0.05972998462853241
21210	20	0.2417193054931559
21210	21	0.018185242623907527
21210	22	-0.023048311419920253
21210	23	-0.0883173464076279
21210	24	0.15967880215935537
21210	25	-0.42419605272351646
21210	26	-0.3652603937504253
21210	27	0.07859903254617251
21210	28	0.19975710189802243
21210	29	-0.26571365289004234
21210	30	0.44405782781684167
21210	31	0.11597999473347897
21210	32	0.04395723933964035
21210	33	-0.006213228022829753
21210	34	0.09873861169732123
21210	35	0.23139615844644368
21210	36	0.1224997393219951
21210	37	0.4001678396546424
21210	38	0.23566715277250694
21210	39	-0.15670926189283563
21210	40	-0.2782968486905091
21210	41	-0.20173491583366854
21210	42	0.18378763256833253
21210	43	0.1623281634911038
21210	44	0.062120948297987866
21210	45	-0.47523344796124434
21210	46	-0.024063684422181097
21210	47	0.2888285548818246
21210	48	0.32564573346188297
21210	49	-0.45049255899527196
21210	50	0.054624978160632054
21210	51	0.01203327652243047
21210	52	0.37413985247464154
21210	53	0.11320607387089865
21210	54	0.06476427310028754
21210	55	-0.02808240487942726
21210	56	-0.20411388727851687
21210	57	0.19676332822701426
21210	58	0.22562294870991195
21210	59	-0.24830081252447656
21210	60	-0.0668397881512206
21210	61	-0.12113752033021541
21210	62	0.2273663264737138
21210	63	0.01248946027665454
21210	64	-0.18022232745473588
21210	65	-0.13643521518141455
21210	66	0.04815885498827299
21210	67	-0.352910279508329
21210	68	-0.4350402552380075
21210	69	-0.6183172686713476
21210	70	-0.08979884688342565
21210	71	-0.1135575228093586
21210	72	-0.2330155634620823
21210	73	-0.33856750949065173
21210	74	0.31653964778368504
21210	75	-0.30662382771007657
21211	1	-0.061360852532732935
21211	2	0.06906500694283224
21211	3	0.03471791720079409
21211	4	0.12401612040482846
21211	5	0.2787008608948014
21211	6	0.16434578282309786
21211	7	-0.05331043519454681
21211	8	0.03229262517795917
21211	9	0.10629412890197898
21211	10	0.22144259007136924
21211	11	-0.09627268689479251
21211	12	0.05334504923920491
21211	13	0.19045453014863511
21211	14	-0.1680883442779475
21211	15	-0.09935747274318629
21211	16	0.15499406676534022
21211	17	0.2536990465927573
21211	18	-0.16248044928046568
21211	19	-0.17303982469359624
21211	20	-0.0014586108346676951
21211	21	0.24462420530575457
21211	22	0.13614117082459387
21211	23	-0.04792699671936873
21211	24	-0.052280174979884464
21211	25	0.2147304856337584
21211	26	0.1341748642237306
21211	27	-0.3113440414576232
21211	28	0.41679875726985216
21211	29	-0.07516969337074642
21211	30	-0.03619879095970191
21211	31	-0.4170461189377974
21211	32	0.005803268073712786
21211	33	-0.06074471803818682
21211	34	0.002551749855811636
21211	35	0.1462330609493776
21211	36	-0.062419389619904564
21211	37	-0.121360126370476
21211	38	-0.32322414568236013
21211	39	-0.09982844504997246
21211	40	0.04161821410880151
21211	41	-0.07541341949320213
21211	42	0.09679477090754318
21211	43	-0.41924317472160055
21211	44	-0.019766645449188047
21211	45	-0.2728299058992576
21211	46	-0.15002374586611467
21211	47	-0.36577522211284474
21211	48	0.17266841350163986
21211	49	0.4485993358271756
21211	50	-0.09374404686873561
21211	51	0.1326621732424087
21211	52	-0.029492568235575334
21211	53	0.3803968211375448
21211	54	0.32253512337588575
21211	55	-0.37282352713478417
21211	56	-0.27520361349157696
21211	57	0.07694766002425268
21211	58	0.2518043890279742
21211	59	-0.16200823097572936
21211	60	0.10466107025665394
21211	61	-0.18014176719024988
21211	62	-0.13964822128087206
21211	63	-0.19113392456115008
21211	64	0.3625173490610294
21211	65	0.2035168946947934
21211	66	-0.2604613672941909
21211	67	0.31188144363253656
21211	68	-0.12849828361065363
21211	69	-0.09021570546542534
21211	70	-0.06079369643614996
21211	71	-0.049267290587437174
21211	72	-0.6652465203609736
21211	73	-0.5289307515616741
21211	74	-0.39137577645052346
21211	75	-0.5600574592271954
21212	1	0.16990468739110298
21212	2	0.01691380938515863
21212	3	-0.16049499942653256
21212	4	-0.19166858044180302
21212	5	-0.23866451222073692
21212	6	-0.43355180317760045
21212	7	-0.03380488016354377
21212	8	0.11937914517921655
21212	9	-0.056391169936659935
21212	10	-0.16578870694181802
21212	11	0.018683407902678084
21212	12	0.16594851759283813
21212	13	-0.10393063964962579
21212	14	0.07302045879384877
21212	15	-0.07714521705439381
21212	16	0.1835324484101335
21212	17	0.07179932041014325
21212	18	0.16846878434557055
21212	19	-0.2073378135520585
21212	20	-0.11952269039907293
21212	21	0.1132075937172985
21212	22	0.1476053070408767
21212	23	0.1258604958057319
21212	24	0.1692837314815776
21212	25	0.08864072388636401
21212	26	0.29143889343092155
21212	27	-0.16940749155676826
21212	28	0.010195666595379294
21212	29	-0.05065988944917876
21212	30	-0.008793446799565174
21212	31	-0.08451535382275921
21212	32	-0.020075622808484184
21212	33	-0.30873829749243953
21212	34	-0.2088305558754726
21212	35	0.1655812496630631
21212	36	0.012526319000620845
21212	37	-0.08315945284263648
21212	38	0.05151226573613599
21212	39	-0.49137157915754415
21212	40	0.004353870168984031
21212	41	-0.2900217347294074
21212	42	-0.007767278631376939
21212	43	-0.16855863124128945
21212	44	0.10280597910625033
21212	45	0.01186936706835695
21212	46	-0.0672254580116487
21212	47	-0.37916709571621965
21212	48	-0.18480491290757328
21212	49	-0.09063995539493419
21212	50	0.00865421580711967
21212	51	0.08956740724612189
21212	52	-0.6293336282550896
21212	53	0.1327179743179201
21212	54	-0.020743761211655
21212	55	-0.28279425699976457
21212	56	-0.11199113748994449
21212	57	0.17365713032922514
21212	58	0.06804774030106842
21212	59	-0.29925526462064767
21212	60	-0.30155647294039767
21212	61	0.03072909800975765
21212	62	-0.38375485269748566
21212	63	-0.0394013214075315
21212	64	-0.2595989131742016
21212	65	-0.2954602242426674
21212	66	-0.496754761056188
21212	67	0.0518257359562071
21212	68	0.18030950916938338
21212	69	-0.466722487953696
21212	70	-0.08330494812783229
21212	71	-0.5633279710393921
21212	72	-0.012585455935202106
21212	73	-0.10342796617786121
21212	74	-0.47402456630354095
21212	75	-0.20299328524299654
21301	1	-0.14843756803568553
21301	2	0.04850390292007134
21301	3	-0.06372460116781298
21301	4	-0.3011309017548207
21301	5	0.12045955390079754
21301	6	0.021122001163831783
21301	7	0.133602026125061
21301	8	-0.028100118306873867
21301	9	0.10603014896445728
21301	10	0.10719793933149191
21301	11	0.1233366227976731
21301	12	-0.24291376842398904
21301	13	0.08843361707135955
21301	14	0.09403640090808807
21301	15	0.28889102037133796
21301	16	-0.08058602914737634
21301	17	-0.28580995072344706
21301	18	-0.16103589240012184
21301	19	0.19149447069995773
21301	20	-0.04656251627118735
21301	21	-0.26163798543441885
21301	22	0.052290876780269
21301	23	0.0915790674864212
21301	24	0.3746340462059692
21301	25	-0.35019391344524564
21301	26	0.0748820371452581
21301	27	0.4602913142553433
21301	28	0.2905356865965558
21301	29	-0.07814680044394606
21301	30	0.13420025871252506
21301	31	-0.23255347371216573
21301	32	0.1427721917688416
21301	33	0.20140935825201467
21301	34	-0.1563421742059603
21301	35	0.4048747375152928
21301	36	0.13125389121075415
21301	37	0.1928126631641902
21301	38	-0.035669333181445495
21301	39	-0.2287973100828964
21301	40	-0.08756330142934843
21301	41	-0.051816546188902635
21301	42	0.059104302049838964
21301	43	-0.11843803591215618
21301	44	0.09568791333767734
21301	45	-0.22262972111330015
21301	46	0.2716915371057169
21301	47	0.17398308958879483
21301	48	-0.18986403403234675
21301	49	-0.11362660166824412
21301	50	0.16975192743721834
21301	51	-0.2193184095666325
21301	52	0.13434364687874023
21301	53	0.11951131510267032
21301	54	-0.5618050001080661
21301	55	0.1081699173634334
21301	56	0.1656575477268305
21301	57	0.15622963459418315
21301	58	-0.11616897832944062
21301	59	-0.3203888607145373
21301	60	-0.33424957253449605
21301	61	0.016845928411548527
21301	62	0.026710468792011
21301	63	0.18996511191208043
21301	64	-0.1745644993851556
21301	65	-0.18680677403971657
21301	66	0.113913513548205
21301	67	0.06710604656271357
21301	68	0.02755052334669017
21301	69	0.001172682350436105
21301	70	-0.42898704707483404
21301	71	0.23643966235080427
21301	72	-0.28483676483572395
21301	73	0.16747032195673484
21301	74	-0.08358983484875182
21301	75	-0.32673585833553176
21302	1	-0.18859636212118147
21302	2	-0.05466910208539133
21302	3	0.16238436839665482
21302	4	0.04073665477242017
21302	5	0.012971492224256309
21302	6	-0.01982788664469126
21302	7	0.07139329245035952
21302	8	0.23004095527922885
21302	9	0.014018757214842026
21302	10	-0.07256732158560197
21302	11	-0.0728402369917518
21302	12	0.018708117543447145
21302	13	0.17289365964658288
21302	14	0.1180568830437565
21302	15	-0.031645772678544404
21302	16	-0.05137309548418045
21302	17	0.012748820348413403
21302	18	-0.06557245531364231
21302	19	-0.12504370316806046
21302	20	-0.09427265953106456
21302	21	-0.028754376896358735
21302	22	-0.13739901448030167
21302	23	0.11394544456484113
21302	24	0.29349659726747745
21302	25	0.12191643693735443
21302	26	0.18664200492617056
21302	27	-0.0797667951744927
21302	28	0.1565100263928798
21302	29	0.21032912153983574
21302	30	-0.13865515812194928
21302	31	0.14430919241751639
21302	32	-0.07801487456796252
21302	33	-0.07173372902720132
21302	34	0.059597645137003497
21302	35	0.4231130437117159
21302	36	-0.015069680505490624
21302	37	0.04293636145542479
21302	38	0.03709690581516156
21302	39	0.4159009236205762
21302	40	-0.10161600265482207
21302	41	0.36086109031072056
21302	42	-0.2972474613699845
21302	43	-0.3332703240428714
21302	44	-0.4495770311419278
21302	45	0.4566465000477393
21302	46	-0.26632411216647967
21302	47	0.20118233013882048
21302	48	0.09526052727022716
21302	49	-0.12342178031158824
21302	50	0.12005685810864009
21302	51	-0.09977695625554617
21302	52	0.27766106244746425
21302	53	0.17494540980378304
21302	54	0.23036748709060362
21302	55	-0.06610083805915679
21302	56	0.5579681167389765
21302	57	0.480793813870406
21302	58	-0.10555393891858955
21302	59	0.15672695540651915
21302	60	-0.09233311203164618
21302	61	0.2910390128140534
21302	62	0.05901585973614942
21302	63	0.35799341868384005
21302	64	-0.17508230618568632
21302	65	0.19926134632159886
21302	66	0.05504175703246261
21302	67	0.3038012884935597
21302	68	0.5623011130711006
21302	69	0.5313636955257408
21302	70	0.3048602574531003
21302	71	0.12941187338584115
21302	72	0.4462057528560095
21302	73	0.5168029265249459
21302	74	0.4189560485871837
21302	75	0.1822394595403054
21303	1	-0.04293473208455367
21303	2	-0.13594199585828548
21303	3	-0.04240043013814443
21303	4	-0.11462621152794483
21303	5	0.17691952335978556
21303	6	-0.6664052675970709
21303	7	-0.2603088595642973
21303	8	-0.28561266193688795
21303	9	-0.6079478178767346
21303	10	-0.19765317323395237
21303	11	-0.2055382681272846
21303	12	0.34411448201230854
21303	13	-0.021445855005431724
21303	14	-0.6017805711687032
21303	15	-0.014732997953267102
21303	16	0.17241353455245445
21303	17	0.4657307342678223
21303	18	-0.08978262014881011
21303	19	-0.18691412441348376
21303	20	-0.16075045257135656
21303	21	-0.5960620692040521
21303	22	0.21115867782739173
21303	23	-0.4032535023216042
21303	24	-0.30663504192666124
21303	25	-0.30096016562674777
21303	26	-0.5419237002020338
21303	27	-0.033464139496842904
21303	28	-0.12156346261810569
21303	29	-0.38138905611584306
21303	30	-0.09198047863476688
21303	31	-0.3240401665568413
21303	32	-0.05995741119799902
21303	33	-0.0015929323239021187
21303	34	-0.4484724098080548
21303	35	0.18536121220988377
21303	36	-0.13632082519413302
21303	37	-0.291112402280838
21303	38	0.43467588933164336
21303	39	0.10723563058028418
21303	40	-0.09852534331416507
21303	41	0.04129263792977156
21303	42	-0.3978655932381159
21303	43	-0.6134614870465356
21303	44	-0.4629126538525483
21303	45	-0.23514608236984458
21303	46	-0.48038088872325346
21303	47	-0.02274738597839132
21303	48	-0.6788065514843495
21303	49	-0.31137965576946414
21303	50	-0.688150559473776
21303	51	0.0030447012536143347
21303	52	-0.20482520128879855
21303	53	-0.43551704440867667
21303	54	-0.3608069634588489
21303	55	-0.13678536186867518
21303	56	-0.0949909034075489
21303	57	-0.3125612685471779
21303	58	-0.18239116419331225
21303	59	-0.41143925338469245
21303	60	-0.6855393849254199
21303	61	-0.5756906117280707
21303	62	-0.3340416036338141
21303	63	-0.46314898058356135
21303	64	-0.2890932951966718
21303	65	-0.49917043023517493
21303	66	-0.2545965213558148
21303	67	-0.696828290261017
21303	68	-0.10573917996919135
21303	69	0.05296969369424431
21303	70	-0.3332464275285858
21303	71	0.11779328364225705
21303	72	-0.4657104559352021
21303	73	-0.8230265148669957
21303	74	-0.6559065887754514
21303	75	-0.1332367309358844
21304	1	-0.07305248570774125
21304	2	0.150833366460553
21304	3	0.005878555369104532
21304	4	-0.19367965355693073
21304	5	-0.20879152736485196
21304	6	0.253567558489884
21304	7	-0.22047643202806455
21304	8	0.06137556270078903
21304	9	-0.2125220932390519
21304	10	0.08737852966459769
21304	11	0.2576184347712669
21304	12	0.39259727186738047
21304	13	0.23795178992210708
21304	14	0.26964153028057325
21304	15	-0.009819048677904618
21304	16	-0.277133566896822
21304	17	-0.010288287471304614
21304	18	-0.07316124333721774
21304	19	0.35588478863000006
21304	20	0.3597884967040059
21304	21	0.2666190902162384
21304	22	-0.2697290033320314
21304	23	-0.2930859298578383
21304	24	-0.29424826656434533
21304	25	0.3113813198805033
21304	26	-0.3039934465788505
21304	27	-0.2262630525403182
21304	28	0.1646004866572568
21304	29	0.005137212000093427
21304	30	0.024889992379726777
21304	31	0.4193928044576509
21304	32	0.07376088590345375
21304	33	-0.3460449250775284
21304	34	0.014072880047017122
21304	35	-0.09534530952925024
21304	36	0.2800967472696314
21304	37	-0.14978540952721175
21304	38	-0.06561849472632986
21304	39	-0.09887849985450003
21304	40	0.26134784509163467
21304	41	0.1222482538717955
21304	42	-0.37186921642652493
21304	43	-0.10641891458276831
21304	44	-0.17156301617139036
21304	45	0.2872723958910228
21304	46	0.09552490837819505
21304	47	-0.37218126278998653
21304	48	-0.3117549210495696
21304	49	0.11343918481024673
21304	50	-0.24317773338682258
21304	51	0.448311911398541
21304	52	-0.02810418679604254
21304	53	-0.09231052266954265
21304	54	-0.30786312287914086
21304	55	-0.31599731839041567
21304	56	-0.24261318601624282
21304	57	-0.363217971445728
21304	58	0.09235974160378646
21304	59	-0.310759905558605
21304	60	0.06013543391516407
21304	61	-0.31393789433676744
21304	62	-0.35652801667729506
21304	63	-0.500694270438629
21304	64	-0.08003532418217674
21304	65	0.30893645382279544
21304	66	0.0860737684992614
21304	67	-0.16915618881174055
21304	68	-0.19740584663585992
21304	69	0.33750320818699464
21304	70	0.060458282616345116
21304	71	0.2085088633523995
21304	72	-0.044469513906214786
21304	73	0.49642547788662483
21304	74	0.0634774691955613
21304	75	0.33379225457136386
21305	1	0.18419389110385254
21305	2	-0.03086953209017196
21305	3	-0.023831589558433564
21305	4	-0.043860812977222
21305	5	0.13740412480906272
21305	6	0.2495820512435074
21305	7	-0.4592445479700942
21305	8	0.05394802646890895
21305	9	0.3700866024131244
21305	10	-0.07638958627742909
21305	11	0.06359669564083248
21305	12	0.31705379360651165
21305	13	0.10842280441485741
21305	14	0.22815602303419524
21305	15	-0.12648571534457176
21305	16	0.23446063600172806
21305	17	-0.14488973674666994
21305	18	-0.29834240275750545
21305	19	-0.20752100847145272
21305	20	0.03207110539965896
21305	21	-0.2536707648562242
21305	22	-0.6570478439117409
21305	23	0.06198653391027875
21305	24	-0.6600091361295597
21305	25	0.20051175466311122
21305	26	0.039484814290716486
21305	27	0.35217897644518814
21305	28	0.25989034172972225
21305	29	0.08520967576821192
21305	30	0.14499868803189742
21305	31	-0.32788980423800496
21305	32	-0.104681143082054
21305	33	0.03746956767609788
21305	34	-0.03610827937327343
21305	35	0.40773440061568067
21305	36	0.20527790668992196
21305	37	-0.23982164141127527
21305	38	-0.0989518280596613
21305	39	-0.05558139840522358
21305	40	-0.46673186505329767
21305	41	-0.2917010214905176
21305	42	0.3072974502401422
21305	43	-0.29881021893059057
21305	44	-0.1529035958815328
21305	45	-0.4002276041089772
21305	46	0.15367708229123878
21305	47	0.06205786764479626
21305	48	0.1994769630084008
21305	49	-0.12569124997236258
21305	50	0.012257049221872762
21305	51	0.16733365052897398
21305	52	-0.3203143317235799
21305	53	-0.35897718933620837
21305	54	-0.13866022432841163
21305	55	0.07675630479798912
21305	56	0.41191579949100543
21305	57	-0.0010802902863105146
21305	58	-0.48300257723678897
21305	59	-0.19336860121077848
21305	60	0.06321514406008788
21305	61	-0.0409306479599536
21305	62	-0.3409483065323684
21305	63	-0.16989716898935825
21305	64	0.01797192219463284
21305	65	0.07578427990974745
21305	66	0.4686824641514349
21305	67	-0.09198227576826667
21305	68	0.036470964958340346
21305	69	0.13913364296960395
21305	70	-0.2750489637604687
21305	71	0.08948712422196792
21305	72	-0.41747676028303005
21305	73	0.3208819996257546
21305	74	-0.16677615399284207
21305	75	-0.011859919341681291
21306	1	-0.2203112959808884
21306	2	-0.11041697351690871
21306	3	-0.16653470180927954
21306	4	-0.057914024307212486
21306	5	-0.20678663168936495
21306	6	-0.3648106518687442
21306	7	-0.27878936671353216
21306	8	-0.5147444202032005
21306	9	-0.3530746051868334
21306	10	-0.24056956063341772
21306	11	-0.16273358760896173
21306	12	0.18903042258425273
21306	13	-0.3676743514308072
21306	14	-0.0028222378353675026
21306	15	-0.3045076293205611
21306	16	-0.08241778805702182
21306	17	-0.17498502757310774
21306	18	-0.32893308931770804
21306	19	-0.3248860859863143
21306	20	-0.20389025373311398
21306	21	0.14690039728388626
21306	22	-0.21050687177046257
21306	23	-0.21118050187477877
21306	24	-0.0684410629275547
21306	25	0.16166690095055714
21306	26	-0.5944468793798734
21306	27	0.052005587938367626
21306	28	-0.34992723607655307
21306	29	-0.22961431304167235
21306	30	-0.5780241001718593
21306	31	-0.4601968913110852
21306	32	-0.32018557250273005
21306	33	-0.3648427647635799
21306	34	-0.48797475565255866
21306	35	-0.2296577779599147
21306	36	-0.06748844136929222
21306	37	-0.48219400415751323
21306	38	-0.22268419779972248
21306	39	-0.2707944185707447
21306	40	0.010137525318540952
21306	41	-0.4496521230175077
21306	42	-0.2957375771523232
21306	43	-0.4136108950000619
21306	44	-0.508167904075961
21306	45	-0.7249667928256116
21306	46	-0.6262142220565892
21306	47	-0.19344248204631498
21306	48	-0.4381410577399407
21306	49	-0.22564462449153666
21306	50	-0.3759437900367786
21306	51	-0.8741266012486193
21306	52	-0.8801770779644045
21306	53	-0.4995530140244
21306	54	-0.5157583709655498
21306	55	0.05933003133954173
21306	56	-0.39761182610638457
21306	57	-0.31945218677773823
21306	58	-0.5747964926115401
21306	59	-0.3208310094168638
21306	60	-0.57143778751702
21306	61	-0.27161749957436143
21306	62	-0.43607885787867673
21306	63	-0.44386558022609535
21306	64	-0.5152997295130248
21306	65	-0.7477601308607333
21306	66	-0.24993275906805223
21306	67	-0.3710212080447519
21306	68	-0.6351180897100335
21306	69	-0.933157708003705
21306	70	-1.2317746893695158
21306	71	-0.10264628293504785
21306	72	-0.658698056471394
21306	73	-0.7800403106668199
21306	74	-0.062240368936308244
21306	75	-0.5623028614095205
21307	1	0.023148717311919143
21307	2	-0.18126465138289305
21307	3	-0.19371774675838438
21307	4	-0.19696575423918006
21307	5	-0.0740452514777239
21307	6	-0.16517209675213707
21307	7	0.25340835259912353
21307	8	0.06570320389412387
21307	9	0.03340257673794156
21307	10	-0.22226581250971833
21307	11	-0.5108931311727787
21307	12	-0.1755509659914054
21307	13	-0.4373943810035712
21307	14	-0.3203709843534739
21307	15	-0.3272547597917068
21307	16	-0.32221854529898764
21307	17	-0.17384244354090583
21307	18	-0.05283101847749805
21307	19	0.09275451532653989
21307	20	-0.06256829147572063
21307	21	-0.1660481416274493
21307	22	-0.2988517678550622
21307	23	-0.013767371866642009
21307	24	-0.17694173876974872
21307	25	-0.501771156805944
21307	26	-0.3894239903598802
21307	27	0.03111048910111691
21307	28	-0.4731694862949851
21307	29	-0.2519133713433277
21307	30	-0.04041217547785436
21307	31	-0.1684720374946309
21307	32	-0.3579132491738548
21307	33	-0.3404900423517603
21307	34	-0.5949295825100052
21307	35	-0.20133214897860796
21307	36	-0.4199718813686957
21307	37	-0.35311187999671745
21307	38	-0.22242282236751976
21307	39	-0.09487381695917918
21307	40	-0.38865417339773245
21307	41	-0.21802868286874855
21307	42	-0.5203412199790662
21307	43	-0.31475123867141974
21307	44	-0.12358756100204005
21307	45	-0.5254925308378091
21307	46	-0.18331728612344023
21307	47	-0.28907601875462063
21307	48	-0.051507050555848366
21307	49	-0.4150820698827431
21307	50	-0.13805480738464126
21307	51	-0.15234207915492703
21307	52	-0.5835682375005007
21307	53	-0.9278278614931708
21307	54	-0.2306276459101042
21307	55	-0.42045817988167755
21307	56	-1.0417977163137664
21307	57	-0.25134521701514245
21307	58	-0.1804108368952626
21307	59	-0.20178570185265698
21307	60	-0.0423392340433395
21307	61	0.19829818817908063
21307	62	0.11050197807463036
21307	63	-0.10209106507752352
21307	64	-0.1445946879543314
21307	65	-0.01021093627046099
21307	66	-0.8336065027857131
21307	67	0.030989142422363614
21307	68	-0.1448524575922221
21307	69	0.09940220297929159
21307	70	-0.2974844730253352
21307	71	-0.13558705526210701
21307	72	-0.07108127766222339
21307	73	0.02550383564368275
21307	74	-0.42244558598993365
21307	75	0.177464290419735
21308	1	-0.07540370371575733
21308	2	0.19340197577291818
21308	3	0.0012609173795858908
21308	4	-0.08797505904567515
21308	5	-0.05784333125014385
21308	6	0.03982256928235728
21308	7	-0.1515433453798991
21308	8	-0.1619978569723486
21308	9	-0.43784586752212107
21308	10	-0.14230077961693155
21308	11	-0.08713179649607383
21308	12	-0.06540457827137658
21308	13	0.2708302974768415
21308	14	-0.27143925911196476
21308	15	0.2457390765148162
21308	16	-0.13232937324896454
21308	17	-0.3277643898456475
21308	18	0.2243796138937455
21308	19	-0.1597643017184467
21308	20	-0.5477739454791575
21308	21	-0.0056365372891562515
21308	22	0.17458952889121804
21308	23	-0.07584880374004399
21308	24	0.137458486442128
21308	25	-0.016995183357238375
21308	26	0.0896698281667554
21308	27	0.09009525766627746
21308	28	-0.26867117538406404
21308	29	-0.47619180434279684
21308	30	-0.4175013119681026
21308	31	-0.24746658499655894
21308	32	-0.06322647148168414
21308	33	0.11592701448461185
21308	34	-0.35173038853145755
21308	35	-0.284275312612813
21308	36	0.052121107429975666
21308	37	-0.08250202994041445
21308	38	-0.024599376625801028
21308	39	-0.3381322772211348
21308	40	-0.12046683267586644
21308	41	0.1416361662985608
21308	42	0.052267385485286866
21308	43	-0.029961930308942897
21308	44	-0.07051460420716182
21308	45	-0.3278987419443098
21308	46	0.05197726730511221
21308	47	-0.1514597086734284
21308	48	0.05285346624614107
21308	49	-0.2737023508049248
21308	50	-0.19114258075037327
21308	51	0.014292484941556438
21308	52	-0.23873477575688185
21308	53	-0.09486988128810481
21308	54	-0.3398628145226752
21308	55	-0.48175433349988595
21308	56	-0.5942706019891091
21308	57	-0.20002802386632368
21308	58	-0.5382754727039512
21308	59	-0.22493659381022724
21308	60	-0.08774461542186884
21308	61	-0.4868719060543114
21308	62	-0.32811296888204566
21308	63	-0.3143236259736284
21308	64	-0.2944124441328455
21308	65	-0.059564933781274476
21308	66	-0.8660770178097152
21308	67	-0.16413768742413737
21308	68	0.1220976994634313
21308	69	-0.742630926873133
21308	70	-0.24359660483354872
21308	71	-0.37079270926554386
21308	72	0.3278400759796938
21308	73	-0.4520712843705468
21308	74	-0.31415126962651385
21308	75	-1.0126693550493577
21309	1	-0.20955688308170295
21309	2	-0.006134303550595632
21309	3	0.25131395732624284
21309	4	-0.030691916656152785
21309	5	0.13883636808913025
21309	6	0.06147044465363649
21309	7	-0.13688916583210187
21309	8	0.018095493333767365
21309	9	-0.10309560989952615
21309	10	0.11567036665208974
21309	11	0.18733477318325953
21309	12	0.31408866292399296
21309	13	0.2394382261911545
21309	14	-0.10253733755046568
21309	15	-0.2633307543635226
21309	16	-0.036008830119911295
21309	17	0.3718249294245197
21309	18	0.07657243683124904
21309	19	0.10257127444691605
21309	20	0.1290688138104059
21309	21	-0.0565321546741373
21309	22	0.13183175475047193
21309	23	0.08942367004306817
21309	24	0.35302040679128766
21309	25	0.11693068195160095
21309	26	0.3362146544988178
21309	27	-0.05728002268772059
21309	28	-0.3738115039286498
21309	29	-0.3334234222127108
21309	30	0.498096978630187
21309	31	0.13362543173375485
21309	32	0.019258222705140327
21309	33	0.25915760186413195
21309	34	0.029581365120719738
21309	35	0.07594169654036875
21309	36	-0.027991943427750243
21309	37	0.09401491253397865
21309	38	-0.08551196679371031
21309	39	-0.009618001898353157
21309	40	0.15957650853768968
21309	41	0.00605848550812027
21309	42	0.3180354039128801
21309	43	-0.20140219217473998
21309	44	0.5210171894522944
21309	45	-0.4491329057316662
21309	46	0.4108228149804489
21309	47	0.4444668234233191
21309	48	0.40753158954128565
21309	49	0.038869631979821406
21309	50	-0.006215018163231889
21309	51	0.16670656022797203
21309	52	-0.195476910690509
21309	53	0.2834110182693905
21309	54	-0.11975461303149615
21309	55	-0.2950385669968796
21309	56	-0.10534079656994066
21309	57	0.5201711032476908
21309	58	0.3272909939263471
21309	59	-0.09123804255848
21309	60	-0.06252033221886677
21309	61	0.5589470307220736
21309	62	0.17826697898726707
21309	63	-0.21933665864623464
21309	64	-0.23246936357273995
21309	65	0.14421454127479194
21309	66	0.07936003135073832
21309	67	-0.37039488570261625
21309	68	0.12396167473166031
21309	69	0.20545811962016813
21309	70	0.5771435297363752
21309	71	0.24693324090721092
21309	72	0.0899786466289001
21309	73	0.8268354865575063
21309	74	-0.2533068736757329
21309	75	0.35643563373648135
21310	1	0.1787440536956879
21310	2	-0.11580118330057587
21310	3	0.09838327253960344
21310	4	-0.17367082140791013
21310	5	-0.40072215484889284
21310	6	-0.313753490127084
21310	7	-0.36847916196503405
21310	8	-0.40264145925914363
21310	9	-1.1107034734630687
21310	10	0.04254332953613016
21310	11	-0.3669028226055815
21310	12	-0.3742099062610009
21310	13	-0.39069648981614336
21310	14	-0.3352322101345351
21310	15	0.3171792250384229
21310	16	0.14768477185624107
21310	17	-0.20329483129081183
21310	18	0.07776412500354724
21310	19	-0.5446732426036931
21310	20	-0.5025022415833647
21310	21	-0.3034720415032197
21310	22	-0.23040988172939336
21310	23	0.12250682777996502
21310	24	-0.402715085786312
21310	25	-0.39038912453717955
21310	26	-0.1399081761946519
21310	27	0.29220818275616267
21310	28	-0.17322118422475086
21310	29	-0.7037069808619236
21310	30	-0.2523351069819526
21310	31	0.1465998380599629
21310	32	-0.03061905708904078
21310	33	-0.340127385232492
21310	34	-0.27166319928173976
21310	35	-0.3760711515943669
21310	36	-0.22785620146375862
21310	37	0.15731644120946697
21310	38	-0.6047328710561715
21310	39	-0.3586721487364315
21310	40	-0.2518321300177675
21310	41	-0.24549031451713432
21310	42	-0.19435105030182598
21310	43	-0.17540602767441982
21310	44	-0.3259810979892066
21310	45	-0.2545799466357721
21310	46	-0.6982363827214115
21310	47	-0.476384562802032
21310	48	-0.4477138114104804
21310	49	-0.46586949879809225
21310	50	-0.040600351717543504
21310	51	-0.669645453409359
21310	52	-0.3752718771890784
21310	53	0.16071448837064395
21310	54	0.23341914457439117
21310	55	-0.3927727810745836
21310	56	-0.4259364828165957
21310	57	-0.5482996688241855
21310	58	0.001581308105855328
21310	59	-0.7535877990910649
21310	60	-0.02704590616271929
21310	61	-0.5825797506939026
21310	62	0.3772710117863127
21310	63	-0.17746973312279835
21310	64	-0.2416556220664745
21310	65	-0.35176449764053075
21310	66	0.15915578704677102
21310	67	0.12440035701506247
21310	68	-0.01144093435515714
21310	69	-0.05934130584407882
21310	70	0.06401522990447006
21310	71	0.23334326055822885
21310	72	-0.012585455935202106
21310	73	-0.5176176390590541
21310	74	0.014972912609593436
21310	75	0.6630467409016063
21311	1	-0.20782713135195152
21311	2	-0.26071305812934753
21311	3	-0.016187060174772228
21311	4	0.09018720422297122
21311	5	0.08440006365282571
21311	6	-0.07752019433699786
21311	7	0.2966680177250822
21311	8	-0.08039860516033315
21311	9	0.15962315281923622
21311	10	-0.35553435455263127
21311	11	0.0974894333379197
21311	12	0.12310372193905295
21311	13	0.24432223107515938
21311	14	0.1290458940327639
21311	15	-0.0728545638873328
21311	16	0.13818734407626465
21311	17	-0.3388995312999441
21311	18	0.1926693029281097
21311	19	-0.14152721965157866
21311	20	-0.49262430788271416
21311	21	0.10860826046627636
21311	22	-0.15937703645832357
21311	23	0.3392201698395638
21311	24	-0.23397593020505525
21311	25	0.15488346990439084
21311	26	-0.057863489579325744
21311	27	0.1372661718584709
21311	28	-0.2830504131675582
21311	29	0.12241703362774103
21311	30	0.03442176495497762
21311	31	-0.11942707131874641
21311	32	0.3697873232342346
21311	33	0.11782671053324378
21311	34	-0.11622653068717881
21311	35	0.05772842832709557
21311	36	0.15251273707692548
21311	37	-0.13563506711600581
21311	38	0.16896503768329296
21311	39	0.13842839614805058
21311	40	-0.03293468397350807
21311	41	0.14108087053050156
21311	42	-0.3549397690622911
21311	43	-0.14370988448243338
21311	44	0.05591747435257588
21311	45	-0.03236448896325328
21311	46	0.32708248124011163
21311	47	-0.02134514238864682
21311	48	-0.23440980240010134
21311	49	-0.049245956135763436
21311	50	-0.5200530320012504
21311	51	-0.34702970350829077
21311	52	-0.34871256392616345
21311	53	0.012857497715870636
21311	54	0.18366419038730442
21311	55	0.3377453157870036
21311	56	-0.0326912239203665
21311	57	0.24178282485941338
21311	58	0.27906144569679725
21311	59	-0.15920711052754655
21311	60	-0.05661882631736148
21311	61	-0.04687307509803418
21311	62	-0.06461051389022998
21311	63	-0.42497361428318925
21311	64	0.3853572542538757
21311	65	0.11134925840951126
21311	66	-0.3323208803301725
21311	67	-0.5341107994185279
21311	68	-0.05857800780802336
21311	69	-0.7955593813973323
21311	70	-0.2610738084809654
21311	71	-0.09036834639437785
21311	72	0.0698321264823818
21311	73	0.22284688256890206
21311	74	0.2815934112245486
21311	75	-0.2435847162838698
21312	1	0.054129661854840805
21312	2	-0.004313207979500078
21312	3	0.06460714561943348
21312	4	0.07595143998720388
21312	5	0.01759187184463684
21312	6	-0.19149996456677343
21312	7	-0.0683107535036882
21312	8	0.15165059563886985
21312	9	-0.12546675727067225
21312	10	-0.06626112777940563
21312	11	0.27765301975150436
21312	12	-0.007921502836175875
21312	13	0.3722567965097241
21312	14	0.11081412580099936
21312	15	0.08398859295582639
21312	16	-0.15807888968997474
21312	17	-0.06386206876247513
21312	18	-0.03722580196698999
21312	19	-0.1305694274437812
21312	20	-0.15530537681378576
21312	21	0.18234702170504136
21312	22	0.1713859505546651
21312	23	-0.23445615383676
21312	24	0.07949185201272968
21312	25	-0.09333705956613869
21312	26	0.15670319373735708
21312	27	0.06265328474558629
21312	28	-0.4859100535271992
21312	29	-0.44554625308554563
21312	30	-0.028296766513555838
21312	31	-0.34629395443563027
21312	32	0.1988020584989698
21312	33	-0.15003043232390212
21312	34	0.1580616811010387
21312	35	0.05089151524018121
21312	36	0.11770379601798453
21312	37	-0.2492089931899315
21312	38	0.04049975296801023
21312	39	-0.37524543002577815
21312	40	0.2707928385040148
21312	41	-0.6720122863126576
21312	42	-0.07400195687448274
21312	43	-0.1714633809859265
21312	44	-0.20675735082225088
21312	45	0.15263800853924891
21312	46	-0.25405513114749567
21312	47	0.5096863261428197
21312	48	0.08942261518231476
21312	49	-0.19016753455734658
21312	50	-0.11570737765559613
21312	51	-0.17332840480699474
21312	52	-0.2502797467433453
21312	53	0.1364526525610259
21312	54	0.211636218359331
21312	55	0.15914266843435598
21312	56	0.018882202653060176
21312	57	0.09439895872554871
21312	58	0.3083758812612345
21312	59	0.15532211025167442
21312	60	-0.23927991522845105
21312	61	-0.21891977839473498
21312	62	0.26799438121467034
21312	63	-0.10282701088659252
21312	64	-0.17545693156030495
21312	65	0.18028032734058286
21312	66	-0.2422859152952057
21312	67	0.6928497400420142
21312	68	0.33933657760656644
21312	69	-0.02255113963909139
21312	70	-0.1433790032861566
21312	71	-0.20275595878198516
21312	72	-0.05235818320792873
21312	73	-0.07042234820033144
21312	74	0.3128434112245486
21312	75	0.07793751148835781
21401	1	-0.12631040959132633
21401	2	0.1254062426240985
21401	3	0.1484024153903114
21401	4	0.22321677627693148
21401	5	-0.14627238043425095
21401	6	0.17306797088531312
21401	7	0.3252051987012905
21401	8	0.4603858136728647
21401	9	0.19841227697421715
21401	10	0.41453771429992514
21401	11	0.3994117657480558
21401	12	0.2402230524730129
21401	13	0.22192728185093813
21401	14	0.1245490358773722
21401	15	0.04999007115242193
21401	16	0.222972477641882
21401	17	0.19970346462012856
21401	18	0.20658424976988954
21401	19	0.33243716284938785
21401	20	0.24344585501671645
21401	21	0.4544121855384944
21401	22	0.166019788938506
21401	23	0.21109693805779983
21401	24	0.4178525935746933
21401	25	0.3872385132350402
21401	26	0.2945219298792665
21401	27	0.30829568435139976
21401	28	0.26234998589137604
21401	29	0.04757859293564337
21401	30	0.4568211812568279
21401	31	0.3320828009228336
21401	32	0.1888781240323567
21401	33	0.3523408413888376
21401	34	0.5825658693247391
21401	35	0.13361663226407927
21401	36	0.5333311057001708
21401	37	0.08136811939937871
21401	38	0.1622123053208
21401	39	0.07543515632553977
21401	40	0.028591865357924462
21401	41	0.3468270213986031
21401	42	0.041751615433973654
21401	43	0.39667994249276006
21401	44	0.17906735969758358
21401	45	0.26040777941877025
21401	46	0.09194295951522946
21401	47	0.6429241926123908
21401	48	0.6716550000061616
21401	49	0.16033443637145695
21401	50	0.013450050282322934
21401	51	0.5692498164297604
21401	52	0.6033556930201414
21401	53	0.26409338919566494
21401	54	0.38347657312651506
21401	55	0.1919324565595062
21401	56	-0.19727325435605536
21401	57	0.14160116370214126
21401	58	0.20304667456007763
21401	59	0.3375021422792628
21401	60	0.4525237925813599
21401	61	0.22679499125295877
21401	62	0.27450768498407285
21401	63	0.05493198147605938
21401	64	-0.055692211185828455
21401	65	-0.12810843836525976
21401	66	0.28817109382033834
21401	67	0.38222828155469557
21401	68	0.5646537739603446
21401	69	0.6020254186264893
21401	70	0.4599869735554307
21401	71	0.021375600715423104
21401	72	0.3126177960973209
21401	73	0.3877416084392351
21401	74	-0.04699737468330767
21401	75	0.16249497638118982
21402	1	0.0297936815700659
21402	2	0.2101925422943225
21402	3	0.24738370640804064
21402	4	0.08307082662466314
21402	5	0.1023399550866948
21402	6	0.11227194123826933
21402	7	0.09909751593771432
21402	8	0.06563608304303159
21402	9	-0.06508888213375741
21402	10	0.07277227857327517
21402	11	-0.020642434793948894
21402	12	0.6050645322131132
21402	13	0.09398461688211768
21402	14	0.500189810357405
21402	15	0.07741685144432608
21402	16	-0.05888666625076411
21402	17	0.2027726519385098
21402	18	-0.04667268038977568
21402	19	0.3141526426547898
21402	20	0.06549829240856297
21402	21	-0.049375322216100415
21402	22	-0.3547298763894773
21402	23	0.18613530289927382
21402	24	0.09506551028216847
21402	25	0.04545675204393973
21402	26	0.17830094839234079
21402	27	0.2044249167280583
21402	28	0.27292072412888047
21402	29	0.163195532237566
21402	30	0.05087218200780086
21402	31	0.042362945892953974
21402	32	0.13736312093051595
21402	33	-0.281054528709447
21402	34	0.3751345179027865
21402	35	0.1980369150211274
21402	36	-0.30032057419011693
21402	37	-0.07923363722059662
21402	38	-0.04263962271654975
21402	39	0.048563441825258735
21402	40	0.054712608493062476
21402	41	0.2890022262831806
21402	42	0.08895669591851174
21402	43	0.06597500893740005
21402	44	-0.46887399923407713
21402	45	-0.14685541971924465
21402	46	-0.21657566783972015
21402	47	-0.0229670144924512
21402	48	0.1861846633750872
21402	49	-0.11233347103051017
21402	50	0.13319733209248596
21402	51	0.47439886792027863
21402	52	0.0681416661810843
21402	53	0.24683737326201083
21402	54	0.1533120124447649
21402	55	0.24844305178594084
21402	56	0.10308264076915918
21402	57	0.3893400868745118
21402	58	0.2113400105054808
21402	59	0.15275502372374206
21402	60	0.4048534363597227
21402	61	-0.1778806217682316
21402	62	0.2382161774906848
21402	63	-0.08444667134661188
21402	64	0.049762126490072944
21402	65	-0.09436370332754507
21402	66	-0.5436276458538032
21402	67	0.06641217158637147
21402	68	-0.37732552535072017
21402	69	-0.5688613806029466
21402	70	-0.4172700219060914
21402	71	-0.9533036039079477
21402	72	-0.29270593786291244
21402	73	0.40171620601653757
21402	74	-0.15816562492003072
21402	75	0.06003636143359614
21403	1	0.05795495889822533
21403	2	-0.0672363220994221
21403	3	0.02595696601180464
21403	4	-0.06365894962318563
21403	5	0.007886152032533289
21403	6	-0.160405394243476
21403	7	-0.018564621975642126
21403	8	0.38815411871154026
21403	9	9.839197119205778E-4
21403	10	0.2733527158237976
21403	11	0.15564935851912054
21403	12	-0.16114925912243905
21403	13	0.2803287777200012
21403	14	-0.04841494300254112
21403	15	-0.10418493564323938
21403	16	0.004448742252556315
21403	17	0.1103055189689357
21403	18	0.3600179117660858
21403	19	0.15254572867669225
21403	20	-0.08006877830590753
21403	21	-0.15343288987274661
21403	22	-0.24600317627594848
21403	23	0.12019982847879618
21403	24	0.2199052949527669
21403	25	-0.03409244779493292
21403	26	-0.17096846970558488
21403	27	0.055900728790902576
21403	28	0.04895800394724148
21403	29	-0.39640457030024123
21403	30	0.11631327769755018
21403	31	-0.32991339350719784
21403	32	-0.18860641069141337
21403	33	-0.32214289432997845
21403	34	0.33367994581504234
21403	35	0.08806511291910368
21403	36	0.06845849344821175
21403	37	0.279200097719162
21403	38	0.12775624647449746
21403	39	-0.029621638923266858
21403	40	-0.4399957080558039
21403	41	0.08502522404932478
21403	42	-0.42075693062413677
21403	43	-0.058077431828699844
21403	44	-0.3364720510156687
21403	45	0.17362101489459292
21403	46	-0.07302273269488779
21403	47	0.015713543606203473
21403	48	-0.10786081946814363
21403	49	-0.18707621098729987
21403	50	-0.1615073223917065
21403	51	0.027590357281980005
21403	52	-0.09397793685111111
21403	53	-0.4094595469416049
21403	54	-0.43674731300292535
21403	55	-0.20135919672176783
21403	56	-0.07185418861524795
21403	57	-0.25435933085720563
21403	58	0.10686130541154881
21403	59	-0.2838271713178244
21403	60	-0.34876285250393835
21403	61	0.3212587930338344
21403	62	-0.13434397192155956
21403	63	-0.21705918828366322
21403	64	-0.3191084927650607
21403	65	0.19803385041325328
21403	66	-0.40445087799208324
21403	67	-0.2936969579408597
21403	68	-0.20085062880404791
21403	69	-0.08723579009501492
21403	70	0.13254321279563186
21403	71	-0.10141580956949525
21403	72	-0.1250474620142299
21403	73	0.2717129101583282
21403	74	-0.5094400234259098
21403	75	-0.5442043094566529
21404	1	0.017433359452581954
21404	2	0.12970999032478758
21404	3	0.05383229870468753
21404	4	-0.10103866835005348
21404	5	0.16025555531142643
21404	6	0.1402387306758115
21404	7	-0.07500823348484431
21404	8	0.14348114203547624
21404	9	0.03003253618199153
21404	10	-0.10556282349301682
21404	11	0.33946119214905934
21404	12	0.028686481148753273
21404	13	-0.03174108384826013
21404	14	0.17593423884856918
21404	15	0.12779452795346913
21404	16	0.01605558982015509
21404	17	0.3260637437669587
21404	18	0.6543074057579261
21404	19	0.0033654524431696586
21404	20	0.11225526849945311
21404	21	0.04966331939698421
21404	22	0.06786204570303767
21404	23	0.08631633792018789
21404	24	-0.16478217059678713
21404	25	-0.09938687115351286
21404	26	0.07046025921074772
21404	27	0.05820792440643885
21404	28	0.05610007365132219
21404	29	0.2926043592554848
21404	30	0.4665660455448517
21404	31	0.4688408783481677
21404	32	0.07879204907834492
21404	33	0.385591329334126
21404	34	0.456725129052046
21404	35	0.346360780430949
21404	36	-0.13428336837203148
21404	37	0.21961460549118073
21404	38	0.31983618725910645
21404	39	0.19367237496715717
21404	40	0.21186973440604362
21404	41	-0.016822107320663804
21404	42	0.42451134976706584
21404	43	0.4199609006909455
21404	44	-0.07012875920661088
21404	45	0.0374413528633184
21404	46	0.02404484530092077
21404	47	0.21002193612869036
21404	48	-0.02278593404048479
21404	49	0.07840877255522827
21404	50	0.3721635596972064
21404	51	0.05211907517416137
21404	52	0.5372408608873656
21404	53	-0.10914614630850394
21404	54	-0.1955705644951209
21404	55	0.10784438769954363
21404	56	-0.01874144313120496
21404	57	-0.0951470846093514
21404	58	-0.01476648802751157
21404	59	0.4932725341800719
21404	60	0.4797644794959979
21404	61	0.2601929159057832
21404	62	0.28303795163388656
21404	63	0.1184842232160932
21404	64	0.04316059081369161
21404	65	0.046625122441852795
21404	66	0.5257899207858117
21404	67	-0.28963377385341715
21404	68	0.03437308255239202
21404	69	0.1327273577702357
21404	70	-0.03124405274447639
21404	71	-0.064390438292115
21404	72	-0.03849219168649398
21404	73	0.47394293677376
21404	74	-0.051308143179596755
21404	75	0.19815359721610548
21405	1	-0.0057038071058670425
21405	2	0.256374713434127
21405	3	-0.15234821359935324
21405	4	-0.2134579996779884
21405	5	0.17432867723873002
21405	6	-0.017361682771841913
21405	7	-0.08935963748415787
21405	8	0.2161922719932008
21405	9	0.09642931341056737
21405	10	-0.06999572438484591
21405	11	-0.010412255765814393
21405	12	0.28876095473183483
21405	13	0.10666449239440112
21405	14	0.13784272380146234
21405	15	0.4355347450134843
21405	16	-0.0890687757629749
21405	17	0.36550028882877683
21405	18	0.10399135683328353
21405	19	0.2595506027817436
21405	20	-0.17524986646735385
21405	21	0.1900632504890396
21405	22	0.3106631535307187
21405	23	0.17068218608419272
21405	24	0.4469282040238909
21405	25	0.3430948748677167
21405	26	-0.08455610642539568
21405	27	0.5326457283633488
21405	28	0.2288801115506942
21405	29	0.11238358881168864
21405	30	0.09752426347947107
21405	31	0.20455904486685483
21405	32	0.07035082622741129
21405	33	0.22752711243312973
21405	34	0.2086167845653435
21405	35	0.46288145943920966
21405	36	0.10857074556460589
21405	37	0.36871416421532643
21405	38	0.2475954865183425
21405	39	0.18466796220858583
21405	40	0.08010317330987249
21405	41	0.2918987227550005
21405	42	0.15720154231175343
21405	43	-0.31767211151370844
21405	44	0.5234071458064449
21405	45	0.22333377696519108
21405	46	0.1563944735955829
21405	47	0.2738545428366095
21405	48	-0.011840172541468519
21405	49	0.3947691080838993
21405	50	0.17370206200960325
21405	51	-0.02432235970120189
21405	52	0.04333656341708547
21405	53	0.5182606623261918
21405	54	0.4428615148020185
21405	55	0.3593650004501612
21405	56	-0.1793565790256224
21405	57	0.037123034521876264
21405	58	0.369938599233798
21405	59	0.5751735982777149
21405	60	-0.07217488151535889
21405	61	-0.03789356356097784
21405	62	0.3761233047208279
21405	63	0.15011561873443213
21405	64	0.2834770372841433
21405	65	0.17185205484581445
21405	66	0.14387428000821245
21405	67	-0.0878262655380837
21405	68	0.2735233946258617
21405	69	0.29146740256040005
21405	70	-0.24883413000087984
21405	71	-0.1178338476450449
21405	72	-0.022815634963336606
21405	73	0.058573815482532154
21405	74	0.36151668488183475
21405	75	0.5322577277171447
21406	1	0.03155191065867058
21406	2	-0.02300339936705953
21406	3	0.11424829394479019
21406	4	-0.2386418614482011
21406	5	-0.09903492241373968
21406	6	-0.012821734901699244
21406	7	-0.2939387439343122
21406	8	-0.056632897184101694
21406	9	7.29414978131615E-4
21406	10	-0.06057930959758551
21406	11	-0.10198214771261149
21406	12	-0.34927915833856815
21406	13	-0.39837717478214074
21406	14	0.25794331240386725
21406	15	-0.11218365584800694
21406	16	-0.050124344235428
21406	17	-0.14071613574812147
21406	18	0.1631330497076462
21406	19	-0.020372059022733424
21406	20	-0.257727625617612
21406	21	-0.1313491505437625
21406	22	0.12907135725323116
21406	23	-0.3277575892434541
21406	24	-0.12998781305903861
21406	25	-0.12937174856135414
21406	26	-0.06473819382244983
21406	27	-0.1374065238668578
21406	28	-0.1913526372592571
21406	29	0.05579944069436493
21406	30	-0.2757549004848485
21406	31	-0.152065485536113
21406	32	-0.18561779796035438
21406	33	0.06946717533160296
21406	34	-0.06831391698509037
21406	35	0.5310051516038214
21406	36	-0.17610601259445247
21406	37	-0.2088381797927994
21406	38	-0.1336928307640477
21406	39	-0.31573586064779136
21406	40	-0.29275381221368946
21406	41	-0.4547575016236607
21406	42	-0.07385243534337604
21406	43	0.061939729061919024
21406	44	0.08361346257488123
21406	45	0.16609494633829058
21406	46	-0.19559221248721315
21406	47	0.2199135988700931
21406	48	0.02408170609140825
21406	49	0.10678222620820321
21406	50	-0.3106834542106185
21406	51	0.37392039902075425
21406	52	0.21727408100785084
21406	53	-0.3263164861949548
21406	54	-0.21420110221482958
21406	55	0.22508166364966087
21406	56	-0.1037254528493321
21406	57	-0.20329840969550617
21406	58	0.11175506786410239
21406	59	-0.23747095194928391
21406	60	0.13198204649403777
21406	61	-0.25973915638516587
21406	62	0.030255146764908147
21406	63	-0.25817988169998785
21406	64	-0.24782535261294214
21406	65	-0.105604840123533
21406	66	-0.2763768243861122
21406	67	-0.3235976283790407
21406	68	-0.17172801569487461
21406	69	-0.21648056547640948
21406	70	-0.3817163238603243
21406	71	-0.5867272506480177
21406	72	-0.0939251688538647
21406	73	-0.43854435776970746
21406	74	-0.18610993805774712
21406	75	-0.009831627267622878
21407	1	0.2242685507437301
21407	2	0.1879216405053512
21407	3	0.11890007491236076
21407	4	0.24261810665387173
21407	5	-0.008923279670515427
21407	6	0.05376518694838239
21407	7	0.16180288285994493
21407	8	0.18858241382068286
21407	9	-0.10147685828077613
21407	10	0.24750149848321712
21407	11	-0.0155919297434437
21407	12	-0.3415704927351655
21407	13	-0.16246542571249734
21407	14	-0.08363031864345061
21407	15	0.18752394649117576
21407	16	-0.16881121292229295
21407	17	-0.2324226748230842
21407	18	-0.22535711509830492
21407	19	0.0016906735663155814
21407	20	0.06975775449934929
21407	21	0.10469550655352577
21407	22	0.22915110206981382
21407	23	0.11655394717334389
21407	24	-0.2169096631387859
21407	25	0.08753415255507235
21407	26	-0.026061957777791633
21407	27	0.0708603554526519
21407	28	-0.12037975049689464
21407	29	0.24479465600536798
21407	30	0.2984077789409909
21407	31	0.1843247324330548
21407	32	0.02676923021614641
21407	33	-0.14624255353602678
21407	34	-0.36655953102017946
21407	35	0.18757080816947536
21407	36	-0.10925327468908819
21407	37	0.22364454216360485
21407	38	-0.06019469147643974
21407	39	-0.033705025985376835
21407	40	0.19661354557472066
21407	41	-0.18495420550457453
21407	42	0.434520770398251
21407	43	-0.2412234819960304
21407	44	-0.049560381125274944
21407	45	0.34392588732712426
21407	46	-0.16409300993537812
21407	47	0.14920652816302038
21407	48	-0.013797081787380705
21407	49	0.44556478867497873
21407	50	0.09641383446561491
21407	51	0.1587423022637111
21407	52	0.34978338456978975
21407	53	0.4808339656923337
21407	54	0.2924442991674141
21407	55	-0.17829420025251608
21407	56	-0.053087494316635286
21407	57	0.16605299912959026
21407	58	0.373716790352141
21407	59	0.1474306961102556
21407	60	-0.13290365260218806
21407	61	0.050335272110316964
21407	62	0.13352468424497488
21407	63	0.244079554769975
21407	64	0.29297741187403403
21407	65	0.15755305461330948
21407	66	-0.02637682438611222
21407	67	-0.06535733066505856
21407	68	0.19097799174797814
21407	69	-0.6371344729724271
21407	70	-0.016485063892218932
21407	71	0.014415758389731081
21407	72	-0.09086828421803261
21407	73	0.21935037907239519
21407	74	0.07957320920434796
21407	75	-0.1698528925520435
21408	1	0.10275934099922779
21408	2	-0.0843599994233486
21408	3	-0.2716228009046304
21408	4	0.0906573223401459
21408	5	0.10248491997297648
21408	6	0.018560195861034856
21408	7	0.029449941683473924
21408	8	-0.15500047387985205
21408	9	-0.015172639623614259
21408	10	-0.17020497804678314
21408	11	-0.023316231585390312
21408	12	0.014638657591632409
21408	13	0.08783166281988031
21408	14	-0.1204692966588965
21408	15	0.11607415445315183
21408	16	0.22260292849184538
21408	17	0.09823686171880297
21408	18	-0.1515306148012172
21408	19	-0.1126884114010025
21408	20	-0.42786553724159404
21408	21	-0.06197116011314563
21408	22	0.12710119119637397
21408	23	0.22008930070869326
21408	24	0.0014504081624622245
21408	25	0.1508140099525761
21408	26	0.2872178996197121
21408	27	0.01218537030707978
21408	28	-0.0704688770566051
21408	29	0.17794973621926857
21408	30	0.2957339821495424
21408	31	0.036226099040305826
21408	32	0.19195045422090118
21408	33	-0.07449567296561099
21408	34	0.019358472544887206
21408	35	0.27966825320810074
21408	36	-0.18159433232425926
21408	37	0.057274964029325304
21408	38	-0.05826361601594954
21408	39	0.4900620566052396
21408	40	0.27296529839706807
21408	41	-0.12672485315757598
21408	42	0.1470876153180356
21408	43	-0.14689787296453716
21408	44	-0.03262633477946508
21408	45	0.07743747377988797
21408	46	-0.32140138783199035
21408	47	0.6236569143781097
21408	48	-0.16308406930966157
21408	49	0.10495278629826998
21408	50	0.26263486833371275
21408	51	-0.06570808395137817
21408	52	0.2331761356095967
21408	53	-0.0822973474389741
21408	54	0.31056669964275585
21408	55	0.2211413315359536
21408	56	-0.31734774387100373
21408	57	0.23661152557046705
21408	58	-0.023342033177272015
21408	59	0.09633146854044128
21408	60	0.22345404199080576
21408	61	0.20170187935927686
21408	62	0.19814144003819933
21408	63	0.38564224045030926
21408	64	0.13002435186215422
21408	65	0.12814128990742546
21408	66	0.1728210365764511
21408	67	0.143050274801368
21408	68	0.1926119786760836
21408	69	0.09860527747321157
21408	70	0.7473295528635759
21408	71	0.3039285331966184
21408	72	0.20399208417175174
21408	73	0.19261241115795968
21408	74	-0.25182904866849753
21408	75	0.2609254794028004
21409	1	0.09501792934651121
21409	2	0.02494369349598813
21409	3	-0.1056094179217375
21409	4	0.0444188364650735
21409	5	0.09166374238247599
21409	6	0.13892304828425495
21409	7	0.0445967905229665
21409	8	0.11326113823763251
21409	9	-0.18978136936015488
21409	10	-0.11007954757950245
21409	11	0.11810102070343476
21409	12	-0.22982476318838962
21409	13	-0.016278424813457093
21409	14	0.010266767400231913
21409	15	-0.26608280161818954
21409	16	0.07124643158561383
21409	17	0.09377120110901416
21409	18	-0.043234845279698675
21409	19	-0.6488196654256981
21409	20	0.09741654132044175
21409	21	-0.07577411108886878
21409	22	-0.13357299756528107
21409	23	0.27482514078484854
21409	24	0.013377501703352834
21409	25	-0.36328291868084506
21409	26	0.22409669683112554
21409	27	-0.27792858103261864
21409	28	-0.13093028198983347
21409	29	0.02656524144087058
21409	30	0.2493835047858255
21409	31	0.08681825403652255
21409	32	-0.09282990247199052
21409	33	0.08884391322583696
21409	34	-0.2113159961954878
21409	35	0.2059218579341362
21409	36	0.115547084928032
21409	37	-0.15535487610282672
21409	38	0.2549065830489212
21409	39	-0.045551236784461935
21409	40	-0.056149688863904146
21409	41	0.2178169616644965
21409	42	-0.25241402255748824
21409	43	0.4103577756061725
21409	44	-0.0037885264529009532
21409	45	0.15171582862492272
21409	46	-0.220455059752922
21409	47	-0.09826821931172702
21409	48	-0.006617960733912298
21409	49	-0.3884957116158887
21409	50	-0.10773498355754896
21409	51	-0.42350689124202745
21409	52	-0.001782007571520694
21409	53	0.23469456117597076
21409	54	0.01934683235266732
21409	55	0.2966515927561062
21409	56	0.48241147442840315
21409	57	0.3263867026570111
21409	58	0.1194331159113986
21409	59	0.15081532776714113
21409	60	0.40920592484770424
21409	61	-0.05907030195494656
21409	62	-0.1408287982236942
21409	63	0.06169286060318058
21409	64	-0.10911947320714432
21409	65	-0.089948135296261
21409	66	0.12962031983092714
21409	67	-0.042841597416341415
21409	68	-0.02218769654859898
21409	69	0.27080619020384233
21409	70	0.008185727794277398
21409	71	-0.048900651785316995
21409	72	0.5528595702428092
21409	73	0.7093551387106629
21409	74	0.5551536206486318
21409	75	0.4324264453293907
21410	1	0.11357141545643046
21410	2	0.22505527190127594
21410	3	0.00865831303125475
21410	4	0.30831606989281823
21410	5	0.06186658620131524
21410	6	-0.008703764864833374
21410	7	-0.316960157378503
21410	8	0.054081668664203164
21410	9	-0.4203624353630744
21410	10	0.23698651255839565
21410	11	0.2580460897962169
21410	12	0.1441059437609482
21410	13	-2.2830036061805004E-4
21410	14	0.024500166536213897
21410	15	0.2717680266368987
21410	16	-0.22051679331639917
21410	17	0.19032943645361655
21410	18	-0.0678393141378777
21410	19	0.25562344389253155
21410	20	-0.028023335085016754
21410	21	-0.21696370854831315
21410	22	0.13960813137930472
21410	23	0.3432885058751154
21410	24	0.02725327774546571
21410	25	-0.17053837600926158
21410	26	0.17003838996189558
21410	27	0.2658015708856709
21410	28	0.27132417399391784
21410	29	-0.11213529928524224
21410	30	-0.1231024048642766
21410	31	-0.07122254360602653
21410	32	-0.09551922813788849
21410	33	-0.24770802795232072
21410	34	0.04973455740505983
21410	35	-0.06685873314530966
21410	36	0.12302856005176466
21410	37	0.14258807586124078
21410	38	-0.12009699318201683
21410	39	-0.3826038502940321
21410	40	-0.0447343597076042
21410	41	0.2267861488587286
21410	42	-0.09441613968620288
21410	43	0.11574787087696592
21410	44	0.2323571548906216
21410	45	-0.13670004411847714
21410	46	-0.08523061549921351
21410	47	0.16949134352980622
21410	48	-0.14333011705812027
21410	49	0.024344387946378276
21410	50	-0.32074960318962553
21410	51	-0.22232244355512876
21410	52	-0.26476372587896435
21410	53	-0.04156212637588652
21410	54	-0.23247704542605874
21410	55	0.2188328075302266
21410	56	-0.25862649083924083
21410	57	-0.08659644614280637
21410	58	0.14458117187226094
21410	59	0.017607877762849
21410	60	0.11428131179589229
21410	61	-0.14361240134555686
21410	62	-0.15298798341523678
21410	63	-0.04400622102071594
21410	64	-0.09578728426770766
21410	65	-0.021284501273427736
21410	66	-0.194657996765649
21410	67	-0.22850520282932507
21410	68	0.1709001642931014
21410	69	0.3642316472461573
21410	70	-0.15061323080727362
21410	71	-0.2212606781063826
21410	72	0.11582984461124823
21410	73	-0.4669387416429558
21410	74	0.04525461341034287
21410	75	0.36334796851767237
21411	1	-0.05520964833245756
21411	2	-0.26209358714806896
21411	3	0.03051623652852342
21411	4	-0.08268263950114374
21411	5	-0.04676399841575929
21411	6	0.07116278097914375
21411	7	0.2187923757790884
21411	8	0.05210457005640734
21411	9	-0.3998500373072176
21411	10	-0.2709493415756583
21411	11	-0.09601931921606166
21411	12	0.04691232539589407
21411	13	0.06946442556408527
21411	14	0.2685345460842328
21411	15	-0.13757376428492307
21411	16	-0.4318054771728441
21411	17	-0.23371702536366712
21411	18	-0.23417646436991646
21411	19	0.0571447114324144
21411	20	-0.018384979372029875
21411	21	0.07165149863514131
21411	22	0.03229561250076074
21411	23	-0.1524552401775523
21411	24	-0.1451112772700469
21411	25	-0.11339473430346203
21411	26	0.09039152174101162
21411	27	-0.22517791671626952
21411	28	-0.3626517163869494
21411	29	0.17923960803825878
21411	30	0.07182029607209728
21411	31	-0.33066181647308923
21411	32	-0.3441256482164192
21411	33	0.14456755762584805
21411	34	-0.0493675103105673
21411	35	-0.11860654323400155
21411	36	0.1890691454926312
21411	37	-0.04994563092405713
21411	38	0.2354375099346555
21411	39	0.21917553845297988
21411	40	-0.1545869011031087
21411	41	0.2422322317321175
21411	42	0.25304521078198405
21411	43	-0.08002608084888152
21411	44	-0.11290741934669057
21411	45	0.042570626172867776
21411	46	-0.25938005120232077
21411	47	0.19570162993450424
21411	48	-0.02913894260662886
21411	49	0.0534654028570003
21411	50	0.05800207871718044
21411	51	-0.4100232426324837
21411	52	0.21492982383683312
21411	53	0.056578851738727565
21411	54	0.08760698126476996
21411	55	0.15715831484823894
21411	56	0.21663231686046203
21411	57	0.10566266361362864
21411	58	0.21439746645995683
21411	59	-0.3070893790128366
21411	60	0.16031750368429698
21411	61	-0.16223007990227245
21411	62	-0.2804010048063432
21411	63	0.430250307523643
21411	64	-0.10630435047305298
21411	65	-0.06012625100569835
21411	66	0.19667022906294562
21411	67	0.027391768365447433
21411	68	-0.05653482486031436
21411	69	-0.07641420496572238
21411	70	-0.27040618464751276
21411	71	0.13723947292198346
21411	72	0.04017836316027257
21411	73	0.06996709903584986
21411	74	0.23008587353610466
21411	75	-0.3482702317734052
21412	1	-0.2942066900965479
21412	2	0.11046974364471396
21412	3	0.17833114655423188
21412	4	0.25327090715243017
21412	5	-0.043082351104651195
21412	6	-0.266889950544801
21412	7	-0.04870190797903007
21412	8	0.13231926822592044
21412	9	-0.06514308351512454
21412	10	-0.019331354467887252
21412	11	0.08218532870219519
21412	12	-0.21857965894741227
21412	13	0.05070094233818878
21412	14	-0.049094731408629855
21412	15	0.25271960487449974
21412	16	0.015895753918350408
21412	17	0.0022894853389487935
21412	18	0.02216307393859296
21412	19	0.3198205585342464
21412	20	0.02164163183309853
21412	21	-0.33610062961536613
21412	22	-0.11475713194124637
21412	23	0.24053800367668288
21412	24	-0.3403419292445733
21412	25	-0.13638888242194724
21412	26	0.02221645618185164
21412	27	-0.46286377531517786
21412	28	-0.1461256412813441
21412	29	-0.02431027505328842
21412	30	-0.2912159649243975
21412	31	-0.096199014028997
21412	32	0.0901537177651548
21412	33	-0.05780678193829658
21412	34	-0.28262247407540997
21412	35	0.034627493272438414
21412	36	0.1952116833748434
21412	37	0.03498415941582067
21412	38	-0.207535710925427
21412	39	-0.2374649906707873
21412	40	-0.10358639729874142
21412	41	-0.04503314398968428
21412	42	0.08695124480815508
21412	43	-0.07939309587258236
21412	44	0.13358209764702167
21412	45	-0.11934434715133335
21412	46	0.34036675480716383
21412	47	-0.17153300080273226
21412	48	-0.258344094329253
21412	49	-0.10406388884572948
21412	50	0.04373408062905071
21412	51	0.0707998961979115
21412	52	-0.17502121671296322
21412	53	0.24558299843622677
21412	54	-0.2491022719421423
21412	55	0.25027815569773537
21412	56	0.17899554689236652
21412	57	0.19336337798238645
21412	58	0.021356425780979293
21412	59	0.3971645383890845
21412	60	-0.16878301174632782
21412	61	-0.4943857166980763
21412	62	0.2121840283284797
21412	63	-0.14624398915253778
21412	64	-0.10753802527379008
21412	65	0.1761321618813625
21412	66	0.0810665034942275
21412	67	0.32873137126426144
21412	68	-0.30057636934365917
21412	69	0.10301119969253136
21412	70	-0.06478295280707869
21412	71	-0.04623574377848172
21412	72	0.290756446378424
21412	73	-0.17501746388156647
21412	74	0.041876187574160895
21412	75	0.23769300342572564
21501	1	0.16245476066907116
21501	2	-0.011847792959734704
21501	3	0.1473640626154804
21501	4	0.08385657832712567
21501	5	0.017838907417758065
21501	6	0.1734950947217655
21501	7	-0.09783150449182898
21501	8	0.09470889603412758
21501	9	0.13367355893485922
21501	10	-0.24758523845134306
21501	11	-0.04781634783742561
21501	12	0.1594450979543396
21501	13	0.21440106528442726
21501	14	0.03250384912115578
21501	15	0.003949067264123585
21501	16	0.07141715774086066
21501	17	0.2953276545576813
21501	18	0.07665759724249455
21501	19	0.009870295876375224
21501	20	0.20598414887791705
21501	21	-0.22377946050840336
21501	22	0.26958259087086844
21501	23	-0.2559482486984166
21501	24	0.31825173343565183
21501	25	-0.08481433229341206
21501	26	0.02589785776898168
21501	27	0.028809411227797455
21501	28	-0.1477183539224569
21501	29	0.052600980116039864
21501	30	-0.04521870327245381
21501	31	0.10145802184895558
21501	32	-0.3166376648211866
21501	33	0.02388261115435597
21501	34	0.12693519888759397
21501	35	-0.20639603416692864
21501	36	-0.27298296287529666
21501	37	-0.1936259892373613
21501	38	-0.028299654146614728
21501	39	-0.3463422679704422
21501	40	0.23163770016409302
21501	41	0.16482071763991257
21501	42	-0.14650689758594382
21501	43	-0.28250587110450454
21501	44	-0.326816639359798
21501	45	-0.7453362997611492
21501	46	-0.06371422205658916
21501	47	-0.47870300192042237
21501	48	-0.28150129786116196
21501	49	0.026482663071114132
21501	50	-0.09372121164768998
21501	51	-0.025601132079721367
21501	52	0.07642479871120145
21501	53	-0.024738058901426996
21501	54	-0.3343123982414582
21501	55	-0.0998741299846202
21501	56	0.11300275601274024
21501	57	0.30870231840934537
21501	58	-0.19495909897592156
21501	59	0.0783705292240029
21501	60	0.01430210058182979
21501	61	-0.16321325665560238
21501	62	0.25416038911980365
21501	63	-0.012288473337179084
21501	64	-0.020071556066234564
21501	65	-0.3970418070467687
21501	66	-0.16175231845726046
21501	67	0.3944307677099985
21501	68	-0.093963817650355
21501	69	-0.21140983529126345
21501	70	-0.2342880941952501
21501	71	0.14655234161327257
21501	72	0.08524063102132118
21501	73	-0.33672669602641747
21501	74	0.10224558513759519
21501	75	-0.020012093254720753
21502	1	0.1734402679154492
21502	2	0.1335580041417117
21502	3	0.12518290319518854
21502	4	-0.15623037819461416
21502	5	0.026107023359788428
21502	6	-0.2534469342637422
21502	7	0.26937864043570414
21502	8	-0.2958418286035567
21502	9	0.32359384878993325
21502	10	0.3051176600993841
21502	11	0.06735756520605207
21502	12	0.08384364867897887
21502	13	0.15690831166124042
21502	14	0.029177762164628973
21502	15	0.19041283538006581
21502	16	0.008663534552454166
21502	17	0.18600156760115993
21502	18	0.1129257131845236
21502	19	-0.0482891244134791
21502	20	0.3093537140953089
21502	21	0.23160459746261353
21502	22	-0.030424655505939313
21502	23	0.022392331011729993
21502	24	0.15896912474000402
21502	25	0.10801900103992068
21502	26	-0.03581953353536704
21502	27	0.19657752716982912
21502	28	0.3648323707152272
21502	29	0.36200677721748775
21502	30	0.20216535469856467
21502	31	0.10866816677648927
21502	32	0.08535508880200382
21502	33	0.035636234342767636
21502	34	0.49998592352527993
21502	35	-0.06705545445678496
21502	36	0.33424167480586675
21502	37	-0.08879990228084012
21502	38	0.21994672266497872
21502	39	0.3481939639136158
21502	40	0.5050579900191678
21502	41	0.15448013792976667
21502	42	0.4888844067618834
21502	43	0.44639267962013207
21502	44	-0.1249543205192154
21502	45	-0.25510441570317965
21502	46	0.15511911127674693
21502	47	-0.19026821931172577
21502	48	0.35317261518231646
21502	49	0.2497870108972009
21502	50	0.041807773859559916
21502	51	0.2183988679202784
21502	52	0.5112581320445315
21502	53	0.0900662889246604
21502	54	-0.04351529679217947
21502	55	0.2674229714646543
21502	56	0.2184882632591183
21502	57	0.3283762314528218
21502	58	0.08517133580668457
21502	59	0.30860241328197446
21502	60	-0.16722688492541948
21502	61	0.1391635549385981
21502	62	0.31697922969951975
21502	63	0.05339268608310732
21502	64	0.7079067048033281
21502	65	0.11670456976482058
21502	66	-0.316013188022481
21502	67	0.057046709738983736
21502	68	0.05059415336413764
21502	69	0.2581988603609062
21502	70	0.342545239138083
21502	71	-0.28366504969108064
21502	72	-0.3219187892685369
21502	73	0.1334109851330041
21502	74	0.18626007789121246
21502	75	-0.2855700642692156
21503	1	0.029981934582114178
21503	2	-0.016150329191621182
21503	3	0.08780790319519127
21503	4	-0.08598037819461268
21503	5	-0.1407888099735466
21503	6	-0.30963443426374226
21503	7	-0.02593385956429728
21503	8	0.09719983806311205
21503	9	-0.4152394845433989
21503	10	0.031513493432711925
21503	11	-0.5128299347939489
21503	12	-0.13505218465435576
21503	13	0.14782497832790398
21503	14	-0.1955305711687032
21503	15	-0.4548371646199314
21503	16	-0.27810729878088125
21503	17	-0.177498432398842
21503	18	0.2852173798511899
21503	19	-0.04889329108014806
21503	20	-0.13731295257135656
21503	21	-0.10908290253738784
21503	22	-0.19509132217260827
21503	23	-0.3693993356549399
21503	24	-0.45767670859333265
21503	25	0.021956501039923637
21503	26	-0.06796536686870525
21503	27	0.1566400271698285
21503	28	-0.09552179595144139
21503	29	0.03527761055082124
21503	30	-0.13104297863476688
21503	31	-0.024560999890177015
21503	32	0.22910508880200098
21503	33	-0.3401345989905664
21503	34	-0.4536807431413905
21503	35	-0.015159621123451927
21503	36	-0.284758325194133
21503	37	-0.4135082356141737
21503	38	-0.0028241106683566386
21503	39	-0.17922270275305152
21503	40	-0.22352534331416507
21503	41	-0.33891569540356414
21503	42	-0.22599059323811588
21503	43	-0.19419065371319988
21503	44	-0.4811418205192197
21503	45	0.20495808429681972
21503	46	-0.6131933887232535
21503	47	-0.4628515526450627
21503	48	0.00869344851565046
21503	49	-0.35304632243613554
21503	50	-0.453775559473776
21503	51	0.05252386792027863
21503	52	-0.42878353462213425
21503	53	-0.5527045444086767
21503	54	-0.4753902967921846
21503	55	-0.4570978618686752
21503	56	-0.2590534034075489
21503	57	-0.11464460188051362
21503	58	-0.30478699752664795
21503	59	-0.41404342005135675
21503	60	0.009773115074580119
21503	61	-0.5965239450613993
21503	62	-0.6048749369671498
21503	63	-0.31210731391688995
21503	64	-0.8203432951966718
21503	65	-0.20750376356851064
21503	66	-0.015013188022479085
21503	67	0.100046709738983
21503	68	-0.46771834663586276
21503	69	-0.006926139639091389
21503	70	0.2396702391380856
21503	71	-0.25720671635774295
21503	72	-0.2651896226018664
21503	73	-0.32823484820033144
21503	74	-0.13767742210878708
21503	75	-0.7972992309358808
21504	1	-0.17205392332673242
21504	2	-0.3248941853131555
21504	3	0.2007575233917933
21504	4	-0.07399981519193233
21504	5	0.11224822085755193
21504	6	-0.010923252404936079
21504	7	-0.05626925947493078
21504	8	-0.3136720341442185
21504	9	-0.2994553022377673
21504	10	-0.13601191988274763
21504	11	0.29571145260551646
21504	12	0.18366849228934257
21504	13	0.06932296760404455
21504	14	-0.1663611118300068
21504	15	-0.15169261591573502
21504	16	0.07307819049525932
21504	17	-0.00340325813611031
21504	18	-0.10373201693165157
21504	19	-0.22569037553054727
21504	20	-0.03767041459101961
21504	21	0.0825572337450069
21504	22	0.052227712679936644
21504	23	-0.27552366541365103
21504	24	0.2559557199142688
21504	25	0.057109260199887046
21504	26	-0.1654924557873798
21504	27	0.13779647265686634
21504	28	0.3578475628510631
21504	29	-0.3422148492347006
21504	30	-0.01234045405925599
21504	31	-0.06073308434057623
21504	32	-0.266566269553671
21504	33	-0.44527171918717556
21504	34	0.23320486901231874
21504	35	-0.16263364927358737
21504	36	0.029026303939019726
21504	37	0.11298025857706762
21504	38	-0.018930846593292472
21504	39	0.10722166722013782
21504	40	-0.04348177763051808
21504	41	-0.32364676108721113
21504	42	-0.4137000436402616
21504	43	-0.04095673950408241
21504	44	-0.11138506225290712
21504	45	-0.46759413867011546
21504	46	-0.33130805583675027
21504	47	0.2087022900716491
21504	48	-0.09497751886594585
21504	49	-0.25781620626097634
21504	50	0.03424387752354363
21504	51	-0.021579684358542295
21504	52	-0.5423754693853127
21504	53	-0.08936534646407779
21504	54	-0.3683052878556339
21504	55	0.08077775251916819
21504	56	0.044747423223377325
21504	57	-0.032588916000257484
21504	58	-0.27184743094934305
21504	59	-0.17337792630694793
21504	60	-0.00843510655187174
21504	61	0.2645755299162573
21504	62	-0.10632014474195017
21504	63	-0.0685304595826679
21504	64	-0.13996460886959738
21504	65	-0.018537610753497802
21504	66	-0.2579756545104175
21504	67	-0.2959541839160664
21504	68	0.22815268776985675
21504	69	-0.0028628018374803332
21504	70	-0.033383268457981785
21504	71	-0.4029143794497898
21504	72	0.24746816336774913
21504	73	-0.010603313347786525
21504	74	-0.2633127549952903
21504	75	-0.5140454887553645
21505	1	-0.02919876489974982
21505	2	0.2877410784076879
21505	3	0.08232970803111428
21505	4	0.02849501040642366
21505	5	0.21725037396427638
21505	6	-0.09292189108584381
21505	7	0.2462352898312119
21505	8	-0.0793167854256609
21505	9	0.26060248436851907
21505	10	0.25195012987485654
21505	11	0.03894305743403237
21505	12	0.17635487493113544
21505	13	-0.016197042397486427
21505	14	0.010131130040278435
21505	15	0.10965981292756055
21505	16	0.06527838774761818
21505	17	0.49704819972551206
21505	18	0.001457664825281313
21505	19	-0.201297759992066
21505	20	0.013809672644534032
21505	21	-0.17831595521441557
21505	22	0.1870330301590002
21505	23	0.17698991304972367
21505	24	0.09687586049129493
21505	25	0.15968048635943433
21505	26	0.16631518149053903
21505	27	0.03230118865514697
21505	28	0.39029696484303145
21505	29	0.08794114682024912
21505	30	0.3033536103116887
21505	31	0.12946264000619578
21505	32	-0.19322867631026241
21505	33	0.3778193086087427
21505	34	-0.15985518182878167
21505	35	0.2556872053014203
21505	36	0.08074253836372236
21505	37	0.24811201481760747
21505	38	0.5814942183471885
21505	39	0.18849102781689453
21505	40	-0.18450332258877467
21505	41	0.2318825558917723
21505	42	0.21984813733183017
21505	43	-0.11889920293599943
21505	44	-0.368056220346503
21505	45	-0.032506833665181034
21505	46	-0.2350225122120264
21505	47	0.2799701226571827
21505	48	-0.18599836927364066
21505	49	-0.061487600501763495
21505	50	0.4187956840495417
21505	51	0.21533151040732434
21505	52	0.04501288161275596
21505	53	-0.23867982506497754
21505	54	0.3873309899090245
21505	55	0.46017599391716146
21505	56	-0.2648554327685133
21505	57	-0.1676859447129786
21505	58	0.05777237207611563
21505	59	0.2989720160453615
21505	60	0.018624583122942795
21505	61	-0.18281226544137041
21505	62	0.1509135993022781
21505	63	-0.11208572497043434
21505	64	0.5353885700883012
21505	65	-0.42746814180685533
21505	66	-0.12446914657170538
21505	67	0.22331959402222878
21505	68	0.6095026162311541
21505	69	0.7441263215008078
21505	70	-0.09082954497245055
21505	71	0.22058365497213117
21505	72	-0.1421191346916757
21505	73	0.35477195231780456
21505	74	-0.10830296183244315
21505	75	-0.23707956340565772
21506	1	0.2687675952427746
21506	2	0.21146791405162446
21506	3	0.03201773803002439
21506	4	0.13840025243601772
21506	5	0.11242534167810447
21506	6	0.102973486156678
21506	7	-0.02131205025498417
21506	8	0.21567769091596034
21506	9	-0.0017635085674214679
21506	10	0.018727269708989525
21506	11	0.02440261025109436
21506	12	0.014558363393689433
21506	13	0.0666500534029808
21506	14	-0.011831246844373311
21506	15	-0.14205563308840397
21506	16	0.3256605315494525
21506	17	-0.01702545942586653
21506	18	-0.11554275528394697
21506	19	-0.04703987516423069
21506	20	0.2455699303115253
21506	21	0.2511601530181693
21506	22	0.25310687602559057
21506	23	0.22486680548620086
21506	24	0.4313294851003633
21506	25	-0.11353054850962963
21506	26	0.3944267127108745
21506	27	0.48957452416682656
21506	28	0.3146461845290389
21506	29	0.35549626670697876
21506	30	0.26755874809195745
21506	31	-0.023223725115400384
21506	32	-0.5350653316184193
21506	33	-0.15340881070228107
21506	34	0.16756550310486062
21506	35	0.021040641639309854
21506	36	0.4130644976286888
21506	37	0.029950848469916025
21506	38	0.11445723317548584
21506	39	0.5958336035532525
21506	40	0.2746916236527994
21506	41	-0.0862646068149786
21506	42	0.24881233468980923
21506	43	0.15988216910962194
21506	44	0.22726189569699784
21506	45	0.40726195066319093
21506	46	0.38279478695241664
21506	47	0.29362367258016775
21506	48	0.06680624881595065
21506	49	0.3787479718581608
21506	50	0.12514711319889926
21506	51	-0.32139692787551866
21506	52	0.03344431823072114
21506	53	0.13965187451024264
21506	54	-0.20892070219758807
21506	55	0.210389938431625
21506	56	-0.5049711962003371
21506	57	-0.07835049527390225
21506	58	0.1856878523232055
21506	59	0.1483861970657614
21506	60	-0.32093259063112356
21506	61	0.13121160298664591
21506	62	-0.4418916411713525
21506	63	0.005272565962989972
21506	64	-0.019949151052529146
21506	65	0.3709027679630239
21506	66	0.04016699215770103
21506	67	0.029851514543786095
21506	68	-0.24124969047970524
21506	69	0.12337603753808679
21506	70	0.7069656595585059
21506	71	0.04642504039901496
21506	72	0.29372085037110196
21506	73	0.13922479894681317
21506	74	0.08264446227560285
21506	75	0.1449164222172712
21507	1	-0.12385182830448471
21507	2	0.08592226531009928
21507	3	-0.12154561914157824
21507	4	-0.12625099675131324
21507	5	-0.059844866674577446
21507	6	0.005577120719074458
21507	7	0.05168104593398937
21507	8	0.016604906791634733
21507	9	-0.101450824749584
21507	10	-0.050504333027767245
21507	11	-0.2577558368558073
21507	12	-0.10823195269558994
21507	13	0.04827600925573705
21507	14	-0.37653357804155263
21507	15	-0.43991018867491505
21507	16	0.1267735001881931
21507	17	0.12340362945683125
21507	18	-0.1479333933446867
21507	19	-0.08666713128633319
21507	20	0.17368361100252372
21507	21	-0.06384557435869453
21507	22	0.16573342009543524
21507	23	0.05795246846876978
21507	24	-0.1944947927857683
21507	25	0.11041762646947717
21507	26	0.45488149739246353
21507	27	0.4633679051766961
21507	28	0.15718975903137533
21507	29	0.18903083220030226
21507	30	0.045127554011280324
21507	31	-0.297998499890177
21507	32	0.07951316440338019
21507	33	-0.2389479580970999
21507	34	0.25207527060431545
21507	35	0.4850820025878875
21507	36	-0.09360712244499325
21507	37	0.14775679875008763
21507	38	0.43298452335226045
21507	39	-0.02490569244377383
21507	40	0.17628135771676057
21507	41	0.05195092830777526
21507	42	0.2203689428443596
21507	43	-0.07015714855855748
21507	44	0.10468829116463496
21507	45	-0.1566989174213944
21507	46	0.2964661903145469
21507	47	-0.18589708529110993
21507	48	0.15224478013076492
21507	49	0.044075670691015034
21507	50	0.41639196629942177
21507	51	-0.11322999805910428
21507	52	-0.011848397165088898
21507	53	-0.041294535817606004
21507	54	0.3545603045823853
21507	55	0.12572537696294006
21507	56	0.0025982288948611654
21507	57	0.17672674691674217
21507	58	-0.0782513446056825
21507	59	-0.1371157997764456
21507	60	-0.3695224175714671
21507	61	-0.1986233866421543
21507	62	0.2958177176720227
21507	63	0.003399558935342384
21507	64	0.008587117174464254
21507	65	-0.042072062537585
21507	66	0.26978062641050826
21507	67	-0.19076085039847612
21507	68	0.12149449700675063
21507	69	0.21681741706193947
21507	70	-0.005550980793188387
21507	71	-0.1570671115467519
21507	72	0.19875475025036593
21507	73	0.31681991984090274
21507	74	0.16819134936887536
21507	75	-0.05376937698399331
21508	1	-0.10810928163410338
21508	2	-0.019162716579007366
21508	3	0.06024596625825396
21508	4	0.029391243427010494
21508	5	-0.02841549916273678
21508	6	0.05372423690742778
21508	7	-0.2594501883931244
21508	8	0.3375996128378844
21508	9	-0.13449624130015536
21508	10	0.2190275700092883
21508	11	0.19287107871956266
21508	12	0.04488869372402604
21508	13	-0.12734394059101817
21508	14	0.013393978380847216
21508	15	-0.1825961736289443
21508	16	-0.09926439337547777
21508	17	0.045136702736293444
21508	18	-0.07500221474340663
21508	19	-0.2521449802693354
21508	20	0.08881317355476881
21508	21	0.037046038904058776
21508	22	-0.1396859167672062
21508	23	-0.01357163295223529
21508	24	0.13853669230756793
21508	25	-0.14326027823936016
21508	26	-0.10317088488672255
21508	27	0.04302797762027666
21508	28	0.1458774157602747
21508	29	0.11285362406433563
21508	30	-0.2222310416978317
21508	31	-0.14124174313342053
21508	32	0.3186884221353381
21508	33	-0.2750304323239021
21508	34	-0.1615636260242681
21508	35	-0.27415455355588136
21508	36	-0.12417273960854658
21508	37	0.011632530151594267
21508	38	-0.042900124181869614
21508	39	0.17871648643613725
21508	40	0.2834003323615093
21508	41	0.5602819397315741
21508	42	0.10737089324837257
21508	43	0.19381610304355945
21508	44	0.17140603984114477
21508	45	-0.35820351480227686
21508	46	-0.12351151935388316
21508	47	-0.11448443552794174
21508	48	0.16290234491204103
21508	49	0.09616538927557627
21508	50	-0.13130934325756272
21508	51	-0.006682213160800643
21508	52	0.3220329068193095
21508	53	0.33244466730303657
21508	54	-0.18910088237776534
21508	55	-0.07189234385065646
21508	56	0.013046821817681575
21508	57	0.38080866388525436
21508	58	-0.40920704257169405
21508	59	-0.1723345236549605
21508	60	-0.3791908488893796
21508	61	-0.04476437298932723
21508	62	-0.45930905858877225
21508	63	0.010978271668690809
21508	64	-0.20463383573721217
21508	65	-0.24441254735229734
21508	66	-0.18055372856301943
21508	67	-0.3596379749457057
21508	68	-0.22082927005928354
21508	69	-0.515963301801257
21508	70	-0.4440853914925498
21508	71	-0.04366504969107865
21508	72	0.0766037332539895
21508	73	0.3461317058537219
21508	74	-0.12786604823491388
21508	75	-0.5046331273322764
21509	1	-0.0202549236085936
21509	2	0.16545368466331212
21509	3	0.01951379154074928
21509	4	0.06278184674426157
21509	5	0.04512576826606107
21509	6	0.035446301270084746
21509	7	0.4379197977299185
21509	8	0.2568753678104585
21509	9	0.1347299531094137
21509	10	0.06355938789074145
21509	11	0.055152186232945155
21509	12	0.19144919065126942
21509	13	0.033139770503943566
21509	14	0.23189658857049977
21509	15	0.45273720375822535
21509	16	0.2324940154000501
21509	17	0.1909306629556795
21509	18	0.23230631628150888
21509	19	0.03459922114478786
21509	20	0.11248329844738691
21509	21	0.2661017449768792
21509	22	0.07446858002788304
21509	23	0.16930023647219627
21509	24	0.002509467038294133
21509	25	0.24204997088506985
21509	26	-0.10120828659160708
21509	27	0.0785595972594777
21509	28	-0.21147406775258304
21509	29	0.15044035504959652
21509	30	0.23194856578250977
21509	31	-0.11829189842318755
21509	32	0.2675881776365614
21509	33	-0.03419913648038175
21509	34	0.09328339703790789
21509	35	-0.4336536614657476
21509	36	0.19822863487106446
21509	37	0.421009388672708
21509	38	0.043229526250961214
21509	39	0.4068867104498821
21509	40	-0.017458717397296653
21509	41	0.03174827158910176
21509	42	0.010370959329122797
21509	43	-0.010128917771879742
21509	44	0.004525712080621247
21509	45	0.1346201156741671
21509	46	-0.027192217166614796
21509	47	0.24036258753423567
21509	48	-0.31254865621132666
21509	49	-0.04676066636441334
21509	50	-0.0634179800116712
21509	51	0.24701500483959649
21509	52	0.5188147742613225
21509	53	-0.030285789314952183
21509	54	0.05060043262916736
21509	55	0.15866339526253626
21509	56	0.13215737491356094
21509	57	-0.40785848737358066
21509	58	-0.47263795514685825
21509	59	0.032899071798681234
21509	60	-0.06917961516176518
21509	61	-0.325964399421629
21509	62	0.2293052280695278
21509	63	-0.06368636852162268
21509	64	0.19287491996225015
21509	65	-0.2339783968203477
21509	66	0.3343144403393765
21509	67	0.2633515182149395
21509	68	0.3735802984334171
21509	69	-0.004901384137866671
21509	70	-0.19104237292385307
21509	71	-0.23437409614584936
21509	72	-0.1739546490892394
21509	73	0.22435149043047886
21509	74	0.06826822785046716
21509	75	-0.0978862826881226
21510	1	0.13057884469447245
21510	2	0.07309358466605786
21510	3	0.033325225292568206
21510	4	0.04147748697392828
21510	5	0.15459391474555417
21510	6	-0.017821466098943972
21510	7	0.008329951297127991
21510	8	0.13904206652753004
21510	9	0.02506950422064591
21510	10	-0.1320808417732806
21510	11	0.13385194722852134
21510	12	0.12943166366024883
21510	13	0.1292154277661055
21510	14	0.477514840816319
21510	15	0.22903455822650898
21510	16	0.20881334728653655
21510	17	0.2234847136685758
21510	18	0.5027384472669212
21510	19	0.17468465835805347
21510	20	-0.13075864545525206
21510	21	0.28455590832403743
21510	22	-0.032169973858003686
21510	23	0.11462454074955275
21510	24	0.21141856294224937
21510	25	-0.11079747836082987
21510	26	-0.21417908409716802
21510	27	0.05531160956682868
21510	28	0.44558892502234215
21510	29	0.12911539144969453
21510	30	0.36199307005436765
21510	31	0.04188914055926318
21510	32	0.36475583786567256
21510	33	0.1519358598109264
21510	34	0.004652590191945194
21510	35	-0.2304861660672728
21510	36	0.234436431360173
21510	37	0.4926832437865798
21510	38	0.3155572095563599
21510	39	0.23896549949414236
21510	40	-0.029353994999560484
21510	41	0.024585006843629742
21510	42	0.14391811462705562
21510	43	0.16009305415197161
21510	44	-0.09663222314094355
21510	45	0.3433300412256628
21510	46	0.12097678917936605
21510	47	0.1629677357444521
21510	48	0.4612625028227626
21510	49	-0.07378602281066549
21510	50	0.3794407326610525
21510	51	-0.08739888488870662
21510	52	0.15437423691344776
21510	53	0.2900213451044351
21510	54	-0.3381594915487369
21510	55	0.48405967558450413
21510	56	-0.3030023734449969
21510	57	0.3927582539247325
21510	58	0.18883425715500124
21510	59	-0.15599683765435657
21510	60	0.4343985832393784
21510	61	-0.1406192165969813
21510	62	0.4448968326957683
21510	63	-7.54787108974142E-5
21510	64	0.2825359182864773
21510	65	0.5303824723865489
21510	66	-0.00518172734832234
21510	67	0.27092685955171447
21510	68	0.6437926552368012
21510	69	0.2495696468777595
21510	70	0.12456022041148884
21510	71	0.21195292783701092
21510	72	0.01831342046929052
21510	73	0.18870686528281766
21510	74	0.3518181303256753
21510	75	0.2885797484648691
21511	1	0.14281130476206272
21511	2	-0.033489125249889895
21511	3	-0.17385394342006322
21511	4	0.14530175548147994
21511	5	-0.012234022055807259
21511	6	-0.07151719990213223
21511	7	0.04127238508009157
21511	8	0.15802620909995824
21511	9	0.4747026748396337
21511	10	0.05521877406681597
21511	11	-0.20830310317440848
21511	12	0.2492866649600387
21511	13	0.08411996547443579
21511	14	-0.36529010415927843
21511	15	-0.10974826144941119
21511	16	0.08530449427824749
21511	17	-0.06454856093354522
21511	18	0.004168215326771474
21511	19	0.013907962133217211
21511	20	0.1681711948151019
21511	21	0.36826955033322406
21511	22	-0.0273535329695207
21511	23	-0.1604902739582812
21511	24	0.17379688823614714
21511	25	-0.010424872139168428
21511	26	-0.03176811965361992
21511	27	-0.007850921844742231
21511	28	-0.1538377235435533
21511	29	0.11707789975390881
21511	30	0.05325704278768484
21511	31	-0.24272857701100037
21511	32	0.26239022162119596
21511	33	0.19926262680206008
21511	34	0.03871428685004474
21511	35	-0.23786607999234377
21511	36	0.26719111782214355
21511	37	0.19179649874743632
21511	38	0.20377534305914935
21511	39	0.08130107616725724
21511	40	0.06865010655729975
21511	41	-0.06559869668890883
21511	42	0.04582013940969887
21511	43	0.24708505322767138
21511	44	-0.08749759386969203
21511	45	0.2816839304836236
21511	46	-0.2740291320822976
21511	47	-0.045568990519953445
21511	48	-0.24549062389223764
21511	49	0.04760706231108003
21511	50	-0.16192144636323746
21511	51	0.03995156714906756
21511	52	-0.010496795119131264
21511	53	0.001367060132885456
21511	54	-0.341647259088667
21511	55	-0.17131567463646036
21511	56	0.3409492743987954
21511	57	0.08282353222403316
21511	58	0.10361863657789883
21511	59	-0.032141374207313333
21511	60	-0.341019515602369
21511	61	0.22797932186233538
21511	62	0.06308377125907327
21511	63	-0.1359612128029255
21511	64	0.13410721894214817
21511	65	-0.006387118324298058
21511	66	0.0013749867847181463
21511	67	0.11279306792235388
21511	68	0.10816399055351411
21511	69	0.18270271640204072
21511	70	-0.2652970916245536
21511	71	0.21340435904927801
21511	72	0.06710606077430725
21511	73	-0.23671412197925434
21511	74	-0.08151712862120775
21511	75	0.06031511139487833
21512	1	0.044218045693224184
21512	2	0.2015580041417131
21512	3	-0.20281709680481086
21512	4	-0.025563711527947675
21512	5	-0.1308929766402116
21512	6	-0.11744693426373942
21512	7	-0.23617691511984873
21512	8	-0.07328627304799795
21512	9	0.033371626567713975
21512	10	0.06467321565493478
21512	11	0.004357565206049685
21512	12	0.21095475979009137
21512	13	0.0693527561056797
21512	14	0.13328887327574535
21512	15	0.16807950204673006
21512	16	-0.3296697987808841
21512	17	-0.19277621017661772
21512	18	0.0390368242956356
21512	19	0.17593309780873767
21512	20	0.13213149187308204
21512	21	-0.0627287358707207
21512	22	0.2076864556051703
21512	23	-0.055163224543825606
21512	24	0.3348580136288888
21512	25	0.0693523343732565
21512	26	-0.21848620020203668
21512	27	0.045355304947605646
21512	28	-0.5769454070625528
21512	29	0.06600677721748838
21512	30	-0.40361242307921685
21512	31	-0.22299849989017417
21512	32	0.2131328665797838
21512	33	0.07219178989831931
21512	34	0.2129859235252809
21512	35	-0.4167221211234491
21512	36	-0.229202769638583
21512	37	-0.27079990228083517
21512	38	-0.3154977217794652
21512	39	-0.06325048053082583
21512	40	0.21883576779694636
21512	41	0.16125791570754444
21512	42	-0.37633781546033873
21512	43	-0.12405176482430846
21512	44	-0.06950987607477543
21512	45	-0.11465997125873173
21512	46	-0.003991999834369153
21512	47	0.07117622513271726
21512	48	0.3609503929600919
21512	49	-0.04054632243613554
21512	50	0.2830299960817797
21512	51	-0.003378909857495671
21512	52	0.22225813204453715
21512	53	0.13739962225799474
21512	54	0.14370692543003827
21512	55	-0.30657702853534374
21512	56	-0.2538450700742132
21512	57	-0.5155126574360693
21512	58	-0.033606441971087975
21512	59	-0.4603975867180239
21512	60	-0.3763379960365256
21512	61	-0.3251697783947378
21512	62	-0.30713188141159264
21512	63	0.18094824163866008
21512	64	-0.058537739641117525
21512	65	-0.06618431912406919
21512	66	-0.020568743578031956
21512	67	0.07504670973897731
21512	68	0.23037193114191723
21512	69	-0.10657891741686853
21512	70	-0.552343649750803
21512	71	-0.07977616080219008
21512	72	0.05408121073146788
21512	73	0.4365220962441114
21512	74	-0.3767399221087828
21512	75	0.0778743801752313
21601	1	-0.07447733508080745
21601	2	0.3596104385986436
21601	3	0.00242634888807558
21601	4	-0.1944775692058478
21601	5	-0.08697911896231147
21601	6	-0.4026529267731007
21601	7	-0.21638914982646895
21601	8	-0.2092725402140445
21601	9	-0.09290802386924213
21601	10	-0.21354151593057935
21601	11	-0.27906940108608325
21601	12	-0.3958492352161542
21601	13	0.08988958506947853
21601	14	-0.025294147947725776
21601	15	-0.08838117211057295
21601	16	-0.24062485496065733
21601	17	0.0015746013090236488
21601	18	-0.14894694599150426
21601	19	-0.03879848770936434
21601	20	-0.06334291511817725
21601	21	-0.09746656358607453
21601	22	-0.07149581655463066
21601	23	-0.2336900659920218
21601	24	-0.15936795391168346
21601	25	-0.3327075907203749
21601	26	-0.02878582567019805
21601	27	-0.3210928848151937
21601	28	0.06356645311223019
21601	29	-0.4383003388873803
21601	30	-0.008793446799565174
21601	31	-0.4833917583171399
21601	32	-0.2110868587635366
21601	33	-0.5446933536722156
21601	34	-0.7622013423923235
21601	35	0.1290643957304809
21601	36	-0.021181546167916565
21601	37	-0.021361700033644127
21601	38	-0.27994840842116275
21601	39	-0.2526075342137233
21601	40	-0.26811803994338135
21601	41	-0.15799926281929544
21601	42	-0.4234976157100263
21601	43	0.08144136875871055
21601	44	0.19269361955569053
21601	45	-0.13138905989793415
21601	46	0.059179036370373694
21601	47	-0.17691990470498808
21601	48	-0.01064760953678956
21601	49	-0.06255006775448635
21601	50	-0.10932331228276126
21601	51	-0.08178090736061705
21601	52	0.05044165264378364
21601	53	-0.12290000321016947
21601	54	-0.2510808398633415
21601	55	0.05147540592158606
21601	56	-0.6372720363663475
21601	57	-0.10724174607526749
21601	58	-0.11453652936184966
21601	59	0.026587432008568612
21601	60	-0.006612652715681122
21601	61	0.039156064301892
21601	62	-0.47645148191097064
21601	63	-0.3596260405086511
21601	64	-0.32139666598318684
21601	65	0.16240494429666086
21601	66	-0.01922667116854626
21601	67	0.07429764606856537
21601	68	-0.38710622116769855
21601	69	0.038895489574393594
21601	70	-0.4063386559930038
21601	71	-0.3582717912641158
21601	72	0.029549375525469657
21601	73	-0.2494953819081971
21601	74	-0.041440296640622876
21601	75	-0.18052137513063826
21602	1	-0.0860420015880976
21602	2	-0.037981002950484566
21602	3	-0.22746248687573356
21602	4	-0.17840059096057104
21602	5	0.05651837087751588
21602	6	-0.23411360093040656
21602	7	-0.06643696240117691
21602	8	-0.10614679314256392
21602	9	-0.004335229224253112
21602	10	-0.13698163068075786
21602	11	-0.06319562628330999
21602	12	-0.06540457827137658
21602	13	-0.008425021672096022
21602	14	0.02909265578165332
21602	15	0.04893056587651756
21602	16	0.04586211611273683
21602	17	0.2945760356862621
21602	18	0.07278386921289126
21602	19	0.06895910253687276
21602	20	-0.4546888390961783
21602	21	-0.25297696282107296
21602	22	0.16927037995505145
21602	23	0.07042779200463656
21602	24	-0.21892449228127475
21602	25	-0.07816539612319673
21602	26	0.11094642391143594
21602	27	-0.5189472955252086
21602	28	-0.15164989878832102
21602	29	0.07168053608273794
21602	30	0.07983911356381412
21602	31	-0.2208708403157118
21602	32	-0.08450306722636469
21602	33	0.05475680171865349
21602	34	-0.330453792786777
21602	35	0.061469368238249444
21602	36	-0.23245336065512845
21602	37	0.06111499133618281
21602	38	-0.07513129151941911
21602	39	0.058144318523545735
21602	40	0.1109161460475363
21602	41	-0.03921489753122387
21602	42	-0.09932835919556027
21602	43	-0.20549384520256098
21602	44	-0.12902524250502978
21602	45	-0.34917533768899034
21602	46	0.16367939496468864
21602	47	-0.24986396399258126
21602	48	-0.7290614273708798
21602	49	0.026829564088686197
21602	50	-0.48635534670781766
21602	51	-0.02826070654780466
21602	52	0.019243947647375137
21602	53	-0.12146562596895905
21602	54	-0.5925223889907656
21602	55	-0.03228624839349692
21602	56	-0.7751216658188937
21602	57	0.08454644421878044
21602	58	0.2649160166577502
21602	59	-0.08131957253362998
21602	60	-0.0664680196771883
21602	61	-0.1969782890330336
21602	62	-0.11002786249906649
21602	63	-0.013791711080010316
21602	64	-0.3848379760477343
21602	65	-0.08350110399404542
21602	66	-0.35809829440545826
21602	67	0.10447933385245278
21602	68	0.119438124995348
21602	69	0.01800737099920724
21602	70	-0.2648732005782293
21602	71	0.2994200566919005
21602	72	-0.3796067325309451
21602	73	-0.1914329864982065
21602	74	-0.23968318452013193
21602	75	-0.07649914228340293
21603	1	-0.0017121868649141447
21603	2	-0.07311899844226488
21603	3	0.12741546133472426
21603	4	0.01939752878213241
21603	5	0.1377762740057804
21603	6	-0.1443203192766589
21603	7	-0.2634378970319986
21603	8	-0.0842035857095027
21603	9	0.07652408134807587
21603	10	0.16105564459550692
21603	11	-0.028394372778443255
21603	12	-0.06966539524866988
21603	13	-0.15571184337752442
21603	14	-0.18111681147878045
21603	15	-0.058600084516577056
21603	16	0.16845681620620212
21603	17	-0.19154881999573803
21603	18	0.17979909819744222
21603	19	-0.11282659211374124
21603	20	0.24124001900487002
21603	21	-0.02274165576736209
21603	22	-0.0639543712682169
21603	23	0.13798923023653487
21603	24	0.008953620864033951
21603	25	0.2577244273965107
21603	26	0.07324506594783742
21603	27	-0.055226090401234273
21603	28	0.3768013629632918
21603	29	0.3698827462097327
21603	30	0.313441840486675
21603	31	0.28985679726744706
21603	32	-0.2438438776062668
21603	33	-0.09802784834457157
21603	34	0.23914871422295647
21603	35	-0.04921566117513265
21603	36	-0.011825508656670536
21603	37	0.04664195818428141
21603	38	0.13366248493888122
21603	39	1.2161249242836902E-4
21603	40	-0.12121591178961921
21603	41	-0.12704957783250137
21603	42	-0.24500706610633216
21603	43	0.20527640055036755
21603	44	-0.262856129304744
21603	45	-0.25884601777035954
21603	46	0.23166691489431201
21603	47	-0.17191163016443767
21603	48	0.006816026035025402
21603	49	0.2446603959101168
21603	50	-0.06432142510685424
21603	51	-0.07857270830711371
21603	52	-0.05713463281334441
21603	53	0.32150814938977845
21603	54	0.15255705462900693
21603	55	0.031536666555098236
21603	56	0.18704640279400309
21603	57	0.16000413842956362
21603	58	-0.11635837995558518
21603	59	-0.16252936966376552
21603	60	0.12895916158620935
21603	61	0.3131377151453165
21603	62	-0.2712791682332991
21603	63	-0.5361060219272318
21603	64	0.38371032237439096
21603	65	0.28123170154776744
21603	66	0.175232290013696
21603	67	-0.15996621015766266
21603	68	-0.5576125649821151
21603	69	-0.06930501560808011
21603	70	0.22194575593395172
21603	71	0.2379886970789471
21603	72	0.2949080841164786
21603	73	0.05667713500380245
21603	74	-0.10794147249637831
21603	75	0.25274518120882306
21604	1	-0.03475020827502817
21604	2	0.010552713136423364
21604	3	0.051680257692545695
21604	4	0.20089131492708034
21604	5	0.011038240291004087
21604	6	0.15874354192673934
21604	7	-0.20099172993466397
21604	8	0.2887507639890359
21604	9	-0.1523426591465764
21604	10	0.05991131089302826
21604	11	-0.425404339555854
21604	12	-0.06259021375488771
21604	13	-0.06927158251865961
21604	14	-0.09276932778245595
21604	15	-0.38258187361464024
21604	16	0.09850480439371978
21604	17	0.007356064955658326
21604	18	-0.26347640321759513
21604	19	0.1005362724119152
21604	20	-0.0500113652697749
21604	21	-0.2726493707913562
21604	22	-0.0059378830191718635
21604	23	0.23451931513871216
21604	24	-0.09834304457216803
21604	25	-0.3126582476373301
21604	26	0.23019104847521277
21604	27	-0.18996215536985517
21604	28	-0.23990837002551046
21604	29	0.08822899943970697
21604	30	0.08845106898427701
21604	31	0.13586393397226004
21604	32	-0.048507345060428975
21604	33	0.280525123231655
21604	34	0.061530897070248614
21604	35	-0.2681771475784771
21604	36	-0.07113398656979797
21604	37	0.06755988607895347
21604	38	-0.09711147839322365
21604	39	0.14667015438980258
21604	40	-0.17375682479564603
21604	41	0.0817605612101957
21604	42	-0.3404912546137737
21604	43	-0.15235864313118697
21604	44	-0.1926580242229221
21604	45	-0.06492452152328099
21604	46	-0.250552846395216
21604	47	-0.1009137219572267
21604	48	0.02576520777490998
21604	49	-0.48432939121920526
21604	50	-0.07398058592880119
21604	51	0.13577452929593647
21604	52	-0.1712603864739819
21604	53	0.2948070296653995
21604	54	-0.1474306407075261
21604	55	0.08469281273449525
21604	56	-0.08254877377791559
21604	57	-0.11352853045193712
21604	58	-0.19590802927267958
21604	59	0.21380876248832692
21604	60	-0.14432741402594473
21604	61	0.02496249673753681
21604	62	0.005698806419090374
21604	63	-0.21058614989572533
21604	64	0.13749400639063225
21604	65	0.11450351156376115
21604	66	-0.05006609807539064
21604	67	0.09012607481834323
21604	68	0.1449221956921818
21604	69	-0.0643831502211043
21604	70	0.17014312273596488
21604	71	-0.2870512930773188
21604	72	0.0826526393028928
21604	73	-0.26718160745959096
21604	74	-0.05570817607704015
21604	75	-0.08495630765546025
21605	1	-0.01119601447954821
21605	2	0.18985112299783324
21605	3	0.31603902473227663
21605	4	0.22626828132281318
21605	5	0.4017924567824842
21605	6	0.25181133204546313
21605	7	0.1099505796671636
21605	8	-0.03753262395655099
21605	9	0.11609429561745799
21605	10	0.040931779849159966
21605	11	0.33860689496476226
21605	12	0.19707331802661088
21605	13	0.33473851720189884
21605	14	0.1875262876338013
21605	15	0.18074706236844662
21605	16	0.30364119317622595
21605	17	0.3799747579496824
21605	18	0.008868519261376662
21605	19	0.24615949042119212
21605	20	0.30549312428297526
21605	21	0.028937930795947864
21605	22	-0.028201241743651906
21605	23	0.279436120109132
21605	24	0.36855625610729703
21605	25	0.29035322802830166
21605	26	0.31440030560672483
21605	27	-0.03378529678013109
21605	28	0.44095748242210675
21605	29	0.4111363571996165
21605	30	0.10830297757613039
21605	31	0.1269344759811375
21605	32	-0.32018557250273005
21605	33	-0.23079450739092522
21605	34	0.5307920003796127
21605	35	-0.13850496294650583
21605	36	-0.13183160490816448
21605	37	0.28188106286661707
21605	38	-0.37549921120454854
21605	39	-0.1823225687047909
21605	40	0.48198739127028745
21605	41	0.05705028985112648
21605	42	0.06083078745893289
21605	43	0.24054460097848818
21605	44	0.44893665356478607
21605	45	0.29379996320655977
21605	46	-0.0015493427000237148
21605	47	-0.027222642904220606
21605	48	0.39295813797051693
21605	49	0.06658057658084715
21605	50	0.023520016933730403
21605	51	0.4770798330677337
21605	52	0.36647171560127845
21605	53	-0.37354765209411056
21605	54	0.025796588819972044
21605	55	0.44002708227787934
21605	56	0.13053830794187604
21605	57	0.2355075987450448
21605	58	0.4117986816511916
21605	59	-0.1626540657171347
21605	60	0.2971949202577804
21605	61	0.16269885431304232
21605	62	0.23952435927949978
21605	63	-0.11142590194191371
21605	64	-0.07025951503581496
21605	65	-0.03462340163821409
21605	66	0.511461342808623
21605	67	0.14908603056114345
21605	68	0.0753376743650307
21605	69	0.42609162175501325
21605	70	0.3392708870379906
21605	71	0.2297933953491338
21605	72	0.17508210438651162
21605	73	0.3352411906736634
21605	74	-0.2633127549952903
21605	75	0.31973467210254825
21606	1	0.0776191297040647
21606	2	-0.09376719911032083
21606	3	2.843165047394791E-5
21606	4	0.11752571936636258
21606	5	-0.014836066071108434
21606	6	-0.1274062838572334
21606	7	-0.256434367694375
21606	8	-0.09550849527022365
21606	9	-0.10883704551901019
21606	10	-0.21994738055102658
21606	11	-0.16088633723297363
21606	12	-0.003001879776306282
21606	13	0.09828229540107714
21606	14	0.08559239631097171
21606	15	0.020518526436980267
21606	16	-0.30040150609795546
21606	17	8.552261377445802E-4
21606	18	-0.5657734738073472
21606	19	-0.273931400836247
21606	20	-0.2724755541973778
21606	21	0.07162085762521286
21606	22	-0.23777424900187327
21606	23	0.022750054588961177
21606	24	-0.18817721672341037
21606	25	-0.12902164936658522
21606	26	-0.3274292896329314
21606	27	0.13790273042185675
21606	28	-0.2959155967644449
21606	29	-0.05675745042479008
21606	30	-0.051647653431516005
21606	31	-0.47177898769505333
21606	32	0.01137134896460168
21606	33	-0.0585670176897537
21606	34	-0.33985960493000533
21606	35	-0.3514782186844272
21606	36	-1.0754087316982037
21606	37	-0.40067795106132564
21606	38	-0.3025573423756711
21606	39	-0.42693611738719994
21606	40	-0.2044704652653877
21606	41	-0.12302392711087862
21606	42	-0.38338388592104167
21606	43	-0.373306507371737
21606	44	-0.2836697676736861
21606	45	-0.22942961895520853
21606	46	-0.3548727586419531
21606	47	-0.040341390043437286
21606	48	-0.18268104335427182
21606	49	-0.3200178671515772
21606	50	-0.2578914131323131
21606	51	-0.6201133272016719
21606	52	-0.36107520128879855
21606	53	-0.02215322327046465
21606	54	-0.348230743946651
21606	55	-0.5116583293483501
21606	56	-0.3849426310498245
21606	57	-0.4613798661081532
21606	58	-0.3613164690713617
21606	59	-0.08864961923835324
21606	60	-0.4587228198847697
21606	61	-0.40565758327278445
21606	62	-0.3230532906256869
21606	63	-0.45489186676242355
21606	64	0.10419938773015502
21606	65	0.269249285211977
21606	66	-0.12172050509565224
21606	67	-0.6997500382285011
21606	68	-0.6829749523269157
21606	69	0.22058910426334677
21606	70	-0.6291051673659851
21606	71	-0.5009821228618137
21606	72	0.26485356845504526
21606	73	-0.0018247872247201258
21606	74	0.3242763380538136
21606	75	-0.48587900735864764
21607	1	0.11710436388802847
21607	2	0.06933863824625419
21607	3	0.034372277659628026
21607	4	-0.11433834734628334
21607	5	0.22684052807272437
21607	6	-0.05352234129030364
21607	7	0.2829176292960298
21607	8	0.003784563855738554
21607	9	0.1610779961763953
21607	10	0.4511056635269739
21607	11	0.0641904700903666
21607	12	-0.010353437867721027
21607	13	0.16895287035875128
21607	14	-0.10050861315670545
21607	15	0.12418490050431785
21607	16	0.07759241201603118
21607	17	-0.10567966633200143
21607	18	-0.042104278246497984
21607	19	0.10645294927974902
21607	20	-0.040055026264589344
21607	21	-0.08931399722461464
21607	22	0.3556798860536148
21607	23	0.04002386485920084
21607	24	-0.11669154364045653
21607	25	0.012711374647459195
21607	26	-0.06518714278986693
21607	27	0.06155781851515485
21607	28	0.15721626103228203
21607	29	0.3792886966690716
21607	30	0.11238300679796254
21607	31	-0.2144509420495595
21607	32	0.17755731673688047
21607	33	0.1041469455681252
21607	34	-0.053830700296487066
21607	35	-0.1581745632828344
21607	36	-0.3214978281932801
21607	37	-0.2477921901985738
21607	38	0.16778562583549927
21607	39	-0.02923876959109606
21607	40	0.01466553072182819
21607	41	-0.1787092365346723
21607	42	-0.23181482202988946
21607	43	0.07998993754644346
21607	44	-0.33171353217303334
21607	45	0.2739718482214144
21607	46	-0.10436332231365952
21607	47	0.10610196063685606
21607	48	0.03728572572216393
21607	49	-0.21717442869148584
21607	50	0.11571351507635086
21607	51	-0.0654468904344796
21607	52	0.2054415082227692
21607	53	-0.1631573614609465
21607	54	0.056810324458886896
21607	55	-0.1687449805490573
21607	56	-0.0986394145472218
21607	57	0.19079268389498338
21607	58	0.2321533409480736
21607	59	-0.07584317369317262
21607	60	-0.32559535107794346
21607	61	0.012041018520434932
21607	62	-0.1425717557332149
21607	63	0.12882027819964748
21607	64	0.3243385814100108
21607	65	0.327803113038172
21607	66	0.024511233571352875
21607	67	-0.015741636447820895
21607	68	-0.18232444132308956
21607	69	0.3806461611321197
21607	70	0.29511421942942917
21607	71	-0.11821517822578187
21607	72	0.22134770601852694
21607	73	0.33140927133694476
21607	74	0.06501243436079562
21607	75	-0.30729414310383163
21608	1	0.1512103828579754
21608	2	-0.10074084643299841
21608	3	0.12534382273542022
21608	4	-0.06406945865438374
21608	5	0.15904955209541782
21608	6	-0.11342394575799375
21608	7	-0.16970181933440642
21608	8	0.04098575760333745
21608	9	0.1257087913186723
21608	10	0.0729107635476538
21608	11	-0.2965045037594649
21608	12	0.0038666371847213554
21608	13	0.04329911625893601
21608	14	-0.14937396197329633
21608	15	0.03043582388581001
21608	16	0.055675028805325155
21608	17	-0.07907889216895825
21608	18	0.44200617295463474
21608	19	-0.0750247565973865
21608	20	-0.2263934123414728
21608	21	-0.0141655174799169
21608	22	-0.2554361497588147
21608	23	-0.10018238163195292
21608	24	-0.3054676568691903
21608	25	-0.10708444723594113
21608	26	-0.21388849905260798
21608	27	0.34602580303189256
21608	28	-0.10548946836523498
21608	29	0.024052754228982565
21608	30	-0.34997257633591516
21608	31	-0.033630683798222094
21608	32	0.23880336466407215
21608	33	0.11290060215885944
21608	34	0.27189396950228684
21608	35	0.01402500531332862
21608	36	0.25403477825413745
21608	37	-0.07137461492451536
21608	38	0.46888925140061133
21608	39	-0.061047415396728866
21608	40	0.0778395992145704
21608	41	0.18146864367689375
21608	42	-0.43773628289329025
21608	43	-0.3411015732534324
21608	44	-0.017689952703122458
21608	45	-0.27519636972616723
21608	46	-0.19517973929796995
21608	47	-0.029302702070346243
21608	48	-0.46337910895561407
21608	49	-0.6052014948499291
21608	50	0.05304915316990133
21608	51	-0.6980149251831662
21608	52	-0.53205221278305
21608	53	-0.31374980302936706
21608	54	-0.4127106990910363
21608	55	-0.47784139635143674
21608	56	-0.03689104708571023
21608	57	-0.1361065271678683
21608	58	-0.06358728488297061
21608	59	0.20655643627048192
21608	60	-0.20430734469552903
21608	61	-1.6977839473497625E-4
21608	62	-0.5049288162774914
21608	63	-0.36023949782493503
21608	64	-0.22443812278287822
21608	65	-0.06292761414322001
21608	66	-0.272197096068453
21608	67	0.12447199709530565
21608	68	-0.18476216847493987
21608	69	0.2076931132344697
21608	70	-0.1186271746550176
21608	71	-0.48619378532326607
21608	72	-0.4895969501880728
21608	73	-0.5165430378555058
21608	74	-0.4684065887754514
21608	75	-0.4249033976025487
21609	1	0.019436983843199584
21609	2	0.21124601727800396
21609	3	0.19307781288320314
21609	4	-0.11045697917983333
21609	5	0.12333526638113312
21609	6	0.040516940941515145
21609	7	0.22192379642913806
21609	8	0.06890037172485108
21609	9	-0.03192667666162663
21609	10	0.21864146962319353
21609	11	0.02369254057551018
21609	12	0.06503248283333107
21609	13	0.33393951034760505
21609	14	-0.24912765655457747
21609	15	0.328054871504861
21609	16	-0.01205896134245421
21609	17	0.285863636566674
21609	18	0.05900124684626462
21609	19	0.15773386409226475
21609	20	-0.014981261274151336
21609	21	0.24322364508166316
21609	22	0.2790466088618757
21609	23	0.02707541803964375
21609	24	0.1251563168582308
21609	25	-0.16086113032297078
21609	26	0.11369770784394007
21609	27	-0.07967206232114421
21609	28	-0.014766972470319217
21609	29	0.16485735193013085
21609	30	-0.27772298684494956
21609	31	0.25865174641523936
21609	32	-0.05717364683017934
21609	33	0.35304838541009076
21609	34	-0.12465775463564199
21609	35	0.2705931498125054
21609	36	0.12144036117696544
21609	37	0.20038236372901252
21609	38	-0.16042109342697586
21609	39	-0.04791112639836825
21609	40	0.18210889313903778
21609	41	0.11086109031072056
21609	42	-0.014090962696243992
21609	43	0.2508524497350777
21609	44	-0.17532542068342138
21609	45	-0.5149336439462004
21609	46	0.03881040848528272
21609	47	0.08892389891487085
21609	48	-0.10623625181275997
21609	49	-0.2447745654574831
21609	50	0.2160212385557827
21609	51	0.40543335067889785
21609	52	-0.15602594020505478
21609	53	0.12795791454042416
21609	54	0.09139439122095183
21609	55	0.032421329428530044
21609	56	0.1925835013543562
21609	57	-0.056057266084124535
21609	58	0.5312403013239262
21609	59	0.19547269242811893
21609	60	0.13928871441776636
21609	61	-0.250169778394735
21609	62	0.19827315416585378
21609	63	0.1541283182670128
21609	64	-0.1493149700735188
21609	65	0.016711137909318552
21609	66	-0.23853535551016591
21609	67	-0.05656248566332067
21609	68	0.23395704334772205
21609	69	-0.014392272644016657
21609	70	-0.2758521336041184
21609	71	0.14845317690990356
21609	72	0.07362144061652032
21609	73	0.053654006479469274
21609	74	0.2311008003871109
21609	75	0.3620424152053303
21610	1	-0.07001806541788724
21610	2	0.08176633747504525
21610	3	0.23676623652852413
21610	4	0.12339462180538874
21610	5	0.08889869002645412
21610	6	0.03151139906959344
21610	7	-0.0035380262309629984
21610	8	0.2357415047297735
21610	9	-0.0777394845434003
21610	10	0.18515932676604763
21610	11	-0.1768924347939489
21610	12	0.12276031534564424
21610	13	0.016574978327902556
21610	14	0.3003027621646339
21610	15	-0.16629549795326426
21610	16	0.08595520121912159
21610	17	-0.021248432398842
21610	18	-0.2866576201488087
21610	19	-0.15358079108014522
21610	20	-0.13314628590469368
21610	21	-0.06481206920405214
21610	22	-0.07946632217260685
21610	23	0.09935066434506012
21610	24	-0.22590587525999695
21610	25	-0.3629393322934149
21610	26	-0.06744453353537239
21610	27	0.07174419383649422
21610	28	-0.02000096261810569
21610	29	0.23996511055081982
21610	30	0.15749868803190026
21610	31	-0.12924849989017417
21610	32	-0.27193657786466474
21610	33	-0.0500304323239007
21610	34	-0.03284740980805623
21610	35	-0.23234712112345335
21610	36	0.2569083414725313
21610	37	0.03857509771916057
21610	38	-0.14813661066835948
21610	39	0.13327729724694848
21610	40	-0.5735253433141665
21610	41	-0.3811031954035613
21610	42	-0.06974059323811588
21610	43	-0.10981565371319846
21610	44	-0.421245987185884
21610	45	0.3117289176301554
21610	46	0.001910777943407993
21610	47	-0.013893219311725602
21610	48	-0.14495238481768524
21610	49	-0.07283798910280126
21610	50	0.03684944052622541
21610	51	-0.8818511320797242
21610	52	-0.31420020128879855
21610	53	-0.15843371107533955
21610	54	-0.1795569634588503
21610	55	-0.2263686952020123
21610	56	0.19302992992578538
21610	57	0.46400123145281924
21610	58	-0.08395366419330941
21610	59	0.16668574661530755
21610	60	0.07435644840791866
21610	61	-0.3720447783947378
21610	62	-0.12206243696714836
21610	63	-0.3610656472502285
21610	64	-0.1109682951966704
21610	65	-0.8293787635685135
21610	66	-0.15563818802247908
21610	67	-0.5176616235943499
21610	68	-0.5703225133025285
21610	69	-0.21942613963908997
21610	70	0.015711905804749904
21610	71	-0.4374150496910758
21610	72	-0.15008545593520495
21610	73	-0.36729734820033144
21610	74	-0.7246565887754528
21610	75	-0.07177839760255011
21611	1	-0.14048063603935645
21611	2	-0.10239679811817481
21611	3	0.2847535246641151
21611	4	0.07274137321781637
21611	5	-0.04205116873060888
21611	6	0.1571293369227007
21611	7	-0.011412320016269462
21611	8	-0.4196610376431025
21611	9	-0.06813496476938496
21611	10	0.1718295245061583
21611	11	-0.04324130485044719
21611	12	0.14730127579762353
21611	13	0.2740608540341185
21611	14	0.3022625079273453
21611	15	-0.1509882945634331
21611	16	0.24391777184058583
21611	17	-0.06061990132539563
21611	18	0.01111780358000658
21611	19	-0.13527217526093693
21611	20	-0.02431860228887217
21611	21	0.42159329802758805
21611	22	-0.11740770635339715
21611	23	-0.13378845994872535
21611	24	0.09921771231062593
21611	25	0.20438058296082318
21611	26	0.02671153991095565
21611	27	-0.06109478921435141
21611	28	-0.052839945668949895
21611	29	0.1202440653530843
21611	30	0.22444784057427114
21611	31	0.3149958503923074
21611	32	0.2130387046212121
21611	33	0.31254018914502524
21611	34	-0.10692933071200628
21611	35	-0.004433985530233997
21611	36	-0.2035436359285967
21611	37	0.03343738585475364
21611	38	0.25366423678926964
21611	39	-0.1624501038829962
21611	40	0.19755516516040927
21611	41	-0.13813003156175796
21611	42	-0.05764666668444107
21611	43	0.04609889430940228
21611	44	0.22855980377456575
21611	45	-0.16814396372577534
21611	46	-0.13468879832777247
21611	47	0.17291822136623836
21611	48	-0.0866013961171177
21611	49	-0.20650677441353338
21611	50	-0.05035041823083475
21611	51	0.06761920690333056
21611	52	-0.034097800158853886
21611	53	0.12468775785121267
21611	54	-0.08600117249839911
21611	55	-0.3328482149760248
21611	56	-0.5087885728990713
21611	57	-0.1454090792816416
21611	58	-0.005969907131166963
21611	59	0.08494139633282316
21611	60	0.46951887778644874
21611	61	-0.2445200608806104
21611	62	0.18321651783511328
21611	63	0.42765257308875704
21611	64	-0.11889555508367522
21611	65	0.017337338126402813
21611	66	0.09727494757073885
21611	67	-0.29472730156045657
21611	68	0.09976929460707851
21611	69	0.09874123324226503
21611	70	0.24699721653921358
21611	71	-0.27247860901311327
21611	72	0.5128382728783549
21611	73	-0.2932330826636118
21611	74	0.17566120783471462
21611	75	-0.07038362359124761
21612	1	-0.23672065162478262
21612	2	-0.011660386662885713
21612	3	-0.029828591057682985
21612	4	-0.07269014830955456
21612	5	0.04410702335978556
21612	6	-0.0846883135740839
21612	7	0.005585536987432249
21612	8	-0.4159107941207978
21612	9	0.08835246947958808
21612	10	0.17061191297294442
21612	11	-0.37409071065602006
21612	12	-0.3007310639646974
21612	13	-0.11474686075255391
21612	14	-0.11201764013421922
21612	15	-0.32013888875786733
21612	16	-0.11673876429811969
21612	17	-0.11356165078964864
21612	18	-0.060867390263751986
21612	19	0.045664898575026314
21612	20	-0.08846237785871836
21612	21	0.028937930795947864
21612	22	-0.31290741412663436
21612	23	-0.06569962301126253
21612	24	-0.11293892123700999
21612	25	-0.03811892999456035
21612	26	-0.14204941859284048
21612	27	-0.31202017397959736
21612	28	-0.007788318939944361
21612	29	0.17922516802208577
21612	30	-0.03675418553132204
21612	31	0.17326586792591314
21612	32	-0.03131157786466332
21612	33	-0.3210074438181536
21612	34	-0.32006005348621613
21612	35	-0.3078140751464389
21612	36	0.2827704104380473
21612	37	0.2705794080639876
21612	38	-0.1891567256108857
21612	39	-0.27369109355765175
21612	40	0.07209247277778985
21612	41	0.0808939310332164
21612	42	-0.33141444381282525
21612	43	0.1560248635281809
21612	44	0.4679422312049226
21612	45	-0.14301246168018622
21612	46	-0.10035215309107315
21612	47	-0.0120613227600046
21612	48	0.13144847725128272
21612	49	0.038476666069612975
21612	50	-0.01591636407147945
21612	51	0.07497358056395598
21612	52	-0.4429717530129338
21612	53	-0.13271532027074073
21612	54	-0.5793773657577006
21612	55	-0.015197718190513854
21612	56	-0.0943623114535228
21612	57	0.11676703605052552
21612	58	-0.3365757906300928
21612	59	0.1548322983394428
21612	60	-0.284767114810478
21612	61	-0.2674111577050766
21612	62	-0.3612506553579564
21612	63	-0.5182854748364321
21612	64	-0.14397835266793635
21612	65	-0.4077552003501168
21612	66	-0.0710476707810983
21612	67	-0.682999267272514
21612	68	-0.30257826042896596
21612	69	-0.6486287258459882
21612	70	-0.8082823470688112
21612	71	0.14886368594110877
21612	72	-0.593045226050144
21612	73	-0.11999131371756988
21612	74	-0.22415371521223193
21612	75	0.057855223087109664
22101	1	0.14836667484185284
22101	2	0.14657964916335686
22101	3	0.12791883393112258
22101	4	-0.04287972884396396
22101	5	0.016617845870609216
22101	6	0.23406821725141214
22101	7	-0.09858672752966413
22101	8	-0.06661239137412167
22101	9	-0.09981740662131955
22101	10	0.08357653455825442
22101	11	0.12221470806319701
22101	12	0.09897784781317398
22101	13	-0.1746587879058623
22101	14	-0.14308197809511114
22101	15	8.717098389396938E-4
22101	16	-0.002072396183478986
22101	17	-0.22116726356767202
22101	18	0.14167030192911056
22101	19	-0.2304882586126169
22101	20	-0.3005164157748226
22101	21	3.6650222451584114E-4
22101	22	0.005558028476741583
22101	23	0.062946443565842
22101	24	0.08395613772701438
22101	25	0.006581771602689912
22101	26	0.033894752178916576
22101	27	-0.2095869749946786
22101	28	0.045421115303973636
22101	29	-0.26040014918943655
22101	30	-0.4210727405395289
22101	31	-0.03436213625381157
22101	32	0.24985725330417097
22101	33	-0.18022523751870523
22101	34	-0.10119156565220777
22101	35	0.2946415152401869
22101	36	0.11664860121278764
22101	37	-0.06885185033278418
22101	38	-0.12159440287614842
22101	39	0.2193974271170802
22101	40	-0.3156519666907869
22101	41	-0.08004800059836725
22101	42	0.17542986130733595
22101	43	0.3448515540790069
22101	44	-0.09198462354952142
22101	45	-0.046550303149068384
22101	46	0.45430525846288816
22101	47	0.401731780688273
22101	48	0.23057521258490965
22101	49	0.17103376414395655
22101	50	-0.18388919583740915
22101	51	0.3185547120761214
22101	52	0.21522350000990542
22101	53	-0.3446350097766384
22101	54	0.3428050495281667
22101	55	0.20532773336941545
22101	56	-0.16585805708719903
22101	57	0.05876584184242972
22101	58	0.23540510204045262
22101	59	0.18884483752439962
22101	60	0.0038207341222005198
22101	61	-0.050169778394732134
22101	62	0.14153334225363068
22101	63	0.056994417684840926
22101	64	0.14499761389424037
22101	65	0.1302803273405786
22101	66	0.041804993795700796
22101	67	0.05015493484720679
22101	68	-0.4458906951207098
22101	69	0.11503002919207717
22101	70	-0.25458030198745973
22101	71	0.11737391134788311
22101	72	-0.07492311827286358
22101	73	0.06740232712434135
22101	74	0.13289211252325117
22101	75	0.6549667322675816
22102	1	-0.0030041765289965383
22102	2	0.20559840818211583
22102	3	0.10374855976084518
22102	4	-0.2321293680936023
22102	5	-0.05185257259980958
22102	6	-0.004315621132427339
22102	7	-0.025065804008740145
22102	8	0.006764232002502979
22102	9	-0.6166283734322846
22102	10	-0.12623587525415303
22102	11	-0.13175354590506316
22102	12	-0.1698533210179889
22102	13	-0.016000779247853814
22102	14	0.11081412580099936
22102	15	-0.2468194878522567
22102	16	-0.03244757655865982
22102	17	-0.19454388694429525
22102	18	-0.2430338827750731
22102	19	-0.16497599310034872
22102	20	-0.1953937606521663
22102	21	-0.3447994429414294
22102	22	-0.11680849388977776
22102	23	0.07614990676930233
22102	24	-0.030040976270100828
22102	25	0.15824122326214507
22102	26	-0.20030438202022083
22102	27	-0.14378610919381174
22102	28	-0.09260197271911608
22102	29	0.0680269792376933
22102	30	-0.24704676651355584
22102	31	-0.2878974897891666
22102	32	-0.013634810187895141
22102	33	-0.2674546747481443
22102	34	-0.47009488455552884
22102	35	-0.04222717162850387
22102	36	-0.06632398175979404
22102	37	0.0999071684262347
22102	38	0.043340662058916735
22102	39	-0.33926058154092686
22102	40	-0.336214737253556
22102	41	0.11302559247522481
22102	42	-0.7750751891977146
22102	43	-1.0644558052283486
22102	44	-0.2667320982969983
22102	45	-0.03991249651125628
22102	46	-0.3509616968040632
22102	47	-0.373520744564253
22102	48	-0.12238294037324238
22102	49	0.0516253947355807
22102	50	-0.2217679837161981
22102	51	0.06025745377886693
22102	52	-0.22597419118778816
22102	53	0.2459854808438493
22102	54	0.10557561229872903
22102	55	-0.7085972305555472
22102	56	-0.22480466603381188
22102	57	-0.14455306147647207
22102	58	0.15907032570567736
22102	59	-0.36772081904125997
22102	60	-0.3601763798749147
22102	61	-0.35623038445534405
22102	62	-0.07354602282573808
22102	63	0.07236238305280551
22102	64	-0.29793167903505235
22102	65	-0.1101237130634587
22102	66	-0.2233465213558148
22102	67	-0.4542462195539514
22102	68	0.03441233518232423
22102	69	0.03458269874474951
22102	70	-0.18062647803363063
22102	71	0.18360767758164798
22102	72	-0.11359555694530599
22102	73	-0.17206376234174314
22102	74	-0.1274974978663579
22102	75	0.019541046841894172
22103	1	-0.0594908307810158
22103	2	0.21031033188845427
22103	3	-0.06445583051058179
22103	4	0.04128917487801331
22103	5	-0.1649246339958914
22103	6	0.42370762811987106
22103	7	0.32114772795898006
22103	8	0.2166423427186004
22103	9	-0.1453372499065253
22103	10	-0.13929947211663318
22103	11	0.07991622442392554
22103	12	0.15924774551324106
22103	13	-0.3380339602195832
22103	14	0.27092077892440614
22103	15	-0.12982552588622553
22103	16	0.11823522915207718
22103	17	-0.04307105809716916
22103	18	0.28774880443219786
22103	19	0.0901168346181791
22103	20	0.22488444035229094
22103	21	0.10435692520935902
22103	22	-0.10430919926758264
22103	23	-0.01124640269404864
22103	24	0.07096912474000305
22103	25	0.42670801407530234
22103	26	-0.14790891901022718
22103	27	-0.29047647655456643
22103	28	0.14235937257742393
22103	29	0.0010160882044516484
22103	30	0.48403500088105744
22103	31	0.04837021519362139
22103	32	-0.10812722032276412
22103	33	-0.06553322561999408
22103	34	0.41945705946568523
22103	35	-0.08809083620725033
22103	36	-0.0950469657900399
22103	37	0.05294311447893563
22103	38	-0.017096107875062216
22103	39	0.2671809285318645
22103	40	0.05074141646237251
22103	41	-0.24468559763820252
22103	42	-0.07855693402024144
22103	43	0.16108169265551453
22103	44	-0.19193383634789285
22103	45	0.161938414836861
22103	46	-0.05917511591133717
22103	47	-0.10944140366926547
22103	48	-0.37408995465008843
22103	49	-0.02914036340447268
22103	50	0.05023980365471914
22103	51	0.08892400758508501
22103	52	-0.1061869331323706
22103	53	0.1685914285894654
22103	54	0.1611029527422687
22103	55	0.11865574613877072
22103	56	0.17422755562411396
22103	57	0.2321751141343853
22103	58	0.43174116820892294
22103	59	0.5526843499672651
22103	60	0.16224052662020938
22103	61	0.14089167411923142
22103	62	0.38242429487642227
22103	63	-0.09620880367480567
22103	64	0.025850838881538607
22103	65	0.5963544766549518
22103	66	-0.017108160089520652
22103	67	0.14031672836095765
22103	68	0.033692849825968096
22103	69	-0.08452739662233455
22103	70	0.29399402870977553
22103	71	0.3557762910910469
22103	72	0.3281966669698235
22103	73	0.24068100375497892
22103	74	0.1880179922301366
22103	75	0.37816922809577846
22104	1	0.002843776687377897
22104	2	0.1691018637908357
22104	3	-0.07737850031358207
22104	4	0.09724330601591191
22104	5	0.20287895318434934
22104	6	-0.023587285140934
22104	7	0.18955407903219879
22104	8	-0.3652453373754838
22104	9	0.2801552522987052
22104	10	0.09420537939762852
22104	11	0.18988388099552367
22104	12	-0.2150686320227777
22104	13	-0.24526712693525354
22104	14	-0.2528222378353675
22104	15	-0.3832362874269535
22104	16	0.2242775696401722
22104	17	-0.0373668534514735
22104	18	0.14853974827224192
22104	19	0.38704420891985336
22104	20	0.06093266146373111
22104	21	-0.25527259551984116
22104	22	0.03385604624844518
22104	23	0.012673032766109316
22104	24	0.07360070368736871
22104	25	0.02373829928553306
22104	26	-0.080766901956423
22104	27	-0.024966332479294806
22104	28	-0.10355359419705223
22104	29	0.2072348473929253
22104	30	-0.11618552249441905
22104	31	0.038843605372981926
22104	32	0.2528989484511257
22104	33	0.456548515044517
22104	34	0.13359995861299723
22104	35	0.026698931508128965
22104	36	0.25953992041989693
22104	37	0.11604220298232093
22104	38	0.2021923367000653
22104	39	0.10005361303642246
22104	40	0.055093077738469276
22104	41	-0.3195900375088243
22104	42	0.16298966991978148
22104	43	0.11600671470785073
22104	44	0.13385269702464342
22104	45	0.09528154920910481
22104	46	0.19483840952236164
22104	47	0.10699493858300713
22104	48	-0.04840633218610435
22104	49	-0.21379193647121753
22104	50	0.28142180894727886
22104	51	0.37176728897291156
22104	52	-0.2334436223414329
22104	53	0.15932944681939887
22104	54	0.3403443523306251
22104	55	-0.11008580046517125
22104	56	0.300102298346836
22104	57	0.24048149461071944
22104	58	-0.21767076945646835
22104	59	0.04267258872057056
22104	60	0.5733696063026557
22104	61	0.36825127423684734
22104	62	0.11231256303285164
22104	63	0.049954089591878414
22104	64	-0.2535669794071964
22104	65	0.2551607101157032
22104	66	0.523144706714362
22104	67	-0.09776030780487588
22104	68	0.15698011827642233
22104	69	-0.05643271858645704
22104	70	0.11110664264685255
22104	71	0.016861266098395333
22104	72	0.07162507038058408
22104	73	0.4078671254838824
22104	74	-0.19472237824913208
22104	75	0.12509660239744846
22105	1	0.17292174939692728
22105	2	0.00834812759850223
22105	3	-0.003434380755425792
22105	4	-0.2051933411575746
22105	5	0.05336628261904508
22105	6	-0.14460742809090021
22105	7	0.036662591052987636
22105	8	-0.06927392736898952
22105	9	0.06855681175289874
22105	10	0.06961148725987698
22105	11	-0.3539757681272846
22105	12	-0.13842795625929227
22105	13	-0.06706699698073493
22105	14	-0.049118534131665115
22105	15	-0.10568593005203297
22105	16	0.1805153864043021
22105	17	0.23222378982337943
22105	18	-0.21497552138337994
22105	19	0.19136519657417494
22105	20	-0.23607838467012243
22105	21	0.04437002956137803
22105	22	-0.07780737155532336
22105	23	0.08063924459197125
22105	24	0.07096912474000305
22105	25	-0.06398099896007636
22105	26	0.10188417016833284
22105	27	0.08517011976241662
22105	28	0.24774595096214114
22105	29	-0.3469561857454764
22105	30	0.23527646580967598
22105	31	0.022989154430810288
22105	32	-0.04057083712392284
22105	33	0.3175621602686931
22105	34	-0.010779508573484975
22105	35	-0.1614752075432051
22105	36	0.2785132797441392
22105	37	-0.12512088993516102
22105	38	-0.06580636375477411
22105	39	0.12594705033336595
22105	40	-0.09968275072156985
22105	41	0.12761594039890412
22105	42	-0.018621766077622226
22105	43	-0.03331102408357367
22105	44	-0.03525061681551023
22105	45	-0.08256120582663584
22105	46	0.018847506338474318
22105	47	-0.1476509353611064
22105	48	0.07823434357737824
22105	49	-0.020484594041072057
22105	50	0.5388941936126415
22105	51	-0.05029249010441106
22105	52	0.3194803542667586
22105	53	-0.2514892666308981
22105	54	0.5082130982695432
22105	55	0.07058346529181847
22105	56	-0.4374870453828521
22105	57	-0.31150031175705095
22105	58	0.12287503951039014
22105	59	-0.08601487066864166
22105	60	-0.10905404541924213
22105	61	0.09550923395094202
22105	62	0.555522439576059
22105	63	-0.28201472132430183
22105	64	0.12911658134653692
22105	65	-0.13902382529690271
22105	66	-0.17705022505951717
22105	67	0.05529362331922982
22105	68	0.12111267188265629
22105	69	-0.28219620136748347
22105	70	0.11061931321215468
22105	71	-0.01897369166638896
22105	72	-0.01567187568829098
22105	73	0.08775666414534555
22105	74	-0.3017399221087871
22105	75	0.019541046841894172
22106	1	0.05638279665107859
22106	2	0.18661547540608225
22106	3	0.10522888020668475
22106	4	0.18593054134561626
22106	5	-0.07945619503101753
22106	6	0.403817433552355
22106	7	0.18087289330927092
22106	8	-0.05096826538516552
22106	9	0.22628350396234964
22106	10	0.202221108375241
22106	11	0.17763342727501907
22106	12	0.11880916592035362
22106	13	0.24732210476468452
22106	14	0.15522373917612953
22106	15	0.018941571012248914
22106	16	0.16487043110417687
22106	17	0.15080616530230628
22106	18	0.2351096212304995
22106	19	0.23819363420720663
22106	20	-0.1401865157897504
22106	21	0.1266390802212385
22106	22	0.28479373529865626
22106	23	0.0693578482531052
22106	24	0.269244986808971
22106	25	0.4819960125341751
22106	26	0.21714598370601124
22106	27	0.03568097544568616
22106	28	-0.11123659480201553
22106	29	0.09876539790714389
22106	30	0.4201423661928203
22106	31	0.47211644263855845
22106	32	0.31064244512383965
22106	33	0.03531439526230429
22106	34	0.09373304996206144
22106	35	0.26977213175010917
22106	36	0.2109313299782798
22106	37	-0.013903350556702776
22106	38	0.1671651134695722
22106	39	0.05676867655729012
22106	40	0.35944879461686696
22106	41	0.3998594482745972
22106	42	0.1283556711296967
22106	43	0.3370593462868001
22106	44	0.370241081779632
22106	45	0.288022021078433
22106	46	0.3795329043801914
22106	47	-0.3310268400013854
22106	48	0.022253074952431007
22106	49	0.5327295396328324
22106	50	0.12488823362966883
22106	51	0.2904908219432656
22106	52	-0.34527060358765027
22106	53	0.28395134639592357
22106	54	0.26832378366759
22106	55	0.28365285652212435
22106	56	0.08954573452349024
22106	57	0.3523992199585706
22106	58	0.3185966231630104
22106	59	0.2726483902934689
22106	60	-0.13534182745415535
22106	61	0.3676463135592911
22106	62	0.7077148618834244
22106	63	0.5851628010256391
22106	64	0.028435440435515602
22106	65	0.09799192608666374
22106	66	0.1559638234717724
22106	67	0.1905639511182926
22106	68	0.25776656715724044
22106	69	0.3973482856482633
22106	70	-0.41173062293088236
22106	71	0.1402429962859344
22106	72	0.13109270498434
22106	73	0.04380178973070059
22106	74	-0.10346406003981912
22106	75	0.19003913113308357
22107	1	-0.08886276238758128
22107	2	-0.23884603626232703
22107	3	-0.26241305640077073
22107	4	0.050698914734681466
22107	5	-0.013973784721020621
22107	6	0.16235104553423696
22107	7	-0.232136511079446
22107	8	-0.2760640508257808
22107	9	-0.05097180777572419
22107	10	-0.2247207237390043
22107	11	-0.13680405095556836
22107	12	-0.09157049273516549
22107	13	-0.06903108227815835
22107	14	-0.4169636519767792
22107	15	-0.24176898280175152
22107	16	-0.07790212201320657
22107	17	-0.12131156371196994
22107	18	-0.17232681206800038
22107	19	-0.38719821532257015
22107	20	-0.0994341646925676
22107	21	-0.5670216651636508
22107	22	-0.15468728176856672
22107	23	-0.09809251747311976
22107	24	-0.128525824754945
22107	25	-0.2937789787580556
22107	26	0.039594607878768784
22107	27	-0.20186691727462147
22107	28	-0.042096922214064136
22107	29	-0.4572255460148327
22107	30	-0.09048110994790193
22107	31	0.010082308190632716
22107	32	0.04697125041816719
22107	33	-0.3103839676774385
22107	34	-0.4827211471817918
22107	35	0.1597930303916968
22107	36	0.02963561419980465
22107	37	-0.0642342457151841
22107	38	-0.2596896409713878
22107	39	0.059729317448969255
22107	40	-0.19985110088992286
22107	41	-0.14455016510053298
22107	42	-0.30032771445024053
22107	43	-0.21092045169299922
22107	44	-0.43087351243841
22107	45	-0.1030438096425712
22107	46	-0.08833543417780021
22107	47	0.14415602311251519
22107	48	-0.4986455666358651
22107	49	-0.30948571637552647
22107	50	-0.07530333725155458
22107	51	-0.12408598056457265
22107	52	-0.5668832820968817
22107	53	-0.08987310501473189
22107	54	-0.09391933719622614
22107	55	-0.28182955378787256
22107	56	-0.32834001956916126
22107	57	-0.22283588975930257
22107	58	-0.22981856318320837
22107	59	0.46056200924157054
22107	60	-0.6127016324001673
22107	61	-0.16936169758665187
22107	62	-0.08112178040149587
22107	63	-0.5160214553310354
22107	64	-0.6236892547926303
22107	65	-0.2843661373058879
22107	66	-0.41021520822449986
22107	67	-0.30273106803879557
22107	68	-0.39488059411061016
22107	69	-0.3770334628714167
22107	70	-0.2134547608619144
22107	71	-0.14720040322643513
22107	72	0.16670747335772518
22107	73	-0.4624678027457847
22107	74	-0.3749722453411053
22107	75	-0.20520642790557986
22108	1	0.21256375909464964
22108	2	0.2811308917925963
22108	3	0.0374800248293603
22108	4	0.19579190592795115
22108	5	-0.06290319019638702
22108	6	0.08273876675761471
22108	7	-0.12263621564600413
22108	8	0.15762520946515224
22108	9	0.3203106547323671
22108	10	-0.12755829161835663
22108	11	0.1604160610277816
22108	12	0.16706741840970807
22108	13	0.17820450479030114
22108	14	0.19773486522869632
22108	15	0.048789808453420846
22108	16	0.13182045191549463
22108	17	-0.05127976944619661
22108	18	0.05858959433587074
22108	19	-0.09108949581552395
22108	20	-0.10713653660106814
22108	21	0.04843653803828829
22108	22	0.09669140763240591
22108	23	0.2731407061277906
22108	24	-0.21315343793408914
22108	25	0.20574973455895673
22108	26	0.19831974223064464
22108	27	0.3040909904938758
22108	28	0.04215084796685176
22108	29	-0.04299972231825677
22108	30	-0.11562108912687563
22108	31	0.1685753162658088
22108	32	0.1518360544473154
22108	33	0.0049138573696936305
22108	34	0.44128211665434236
22108	35	0.26384890951721474
22108	36	0.34883034704355964
22108	37	0.12042572446011235
22108	38	0.4098891553483597
22108	39	-0.43749220136029265
22108	40	0.32722326392817536
22108	41	0.12737521685270536
22108	42	0.39887883573124583
22108	43	0.32313176968512636
22108	44	0.35830658941578974
22108	45	0.09010635495606323
22108	46	0.3097189255757229
22108	47	0.23738637678854957
22108	48	0.2298299967979105
22108	49	0.32307949000583847
22108	50	0.1349256940081176
22108	51	0.2905548567782148
22108	52	0.5445654672348752
22108	53	0.31451197137591436
22108	54	0.07020800868599508
22108	55	0.3232744106475707
22108	56	0.34260339789236127
22108	57	-0.16499424208478075
22108	58	0.5716782995949856
22108	59	-0.15443194140697614
22108	60	0.11643513921571724
22108	61	0.06737896812337141
22108	62	0.5896106131721268
22108	63	-0.24415234641457317
22108	64	0.34287049310416506
22108	65	9.311250108794411E-4
22108	66	0.2026051963786344
22108	67	0.671657666099243
22108	68	0.06406119143284883
22108	69	0.5144439857091001
22108	70	0.27633168296352295
22108	71	0.45772770796909157
22108	72	0.38852875019293265
22108	73	-0.06363265460701939
22108	74	0.6304792050964139
22108	75	-0.209722339106726
22109	1	0.014931081563741344
22109	2	0.0075947495485380045
22109	3	-0.4983551545475926
22109	4	0.014331301595412071
22109	5	-0.08778274041974043
22109	6	0.0920018846338948
22109	7	-0.06552949604723324
22109	8	-0.1332381540628731
22109	9	0.06687993802877656
22109	10	0.03641424802589199
22109	11	-0.487834035843818
22109	12	-0.1830959838669557
22109	13	-0.04254575658023185
22109	14	-0.17080124046003675
22109	15	0.042948268450935245
22109	16	0.2682960804842125
22109	17	0.2225999927980098
22109	18	-0.061772449545138386
22109	19	0.0974116629880939
22109	20	0.24457681120816943
22109	21	-0.01830616369224458
22109	22	-0.09994696521722801
22109	23	-0.1708675115079572
22109	24	0.10508985964813888
22109	25	0.23391926350711145
22109	26	-0.06966730256424114
22109	27	-0.35256682978555176
22109	28	-0.07659545080708341
22109	29	-0.19961002068277622
22109	30	0.02377165391116165
22109	31	0.03927184131717354
22109	32	-0.043778769465710354
22109	33	0.27746300599631013
22109	34	0.21003316761976976
22109	35	0.0719261728398024
22109	36	0.1781681839922129
22109	37	-0.30872641146719104
22109	38	-0.07584330358174185
22109	39	-0.15404225655882442
22109	40	-0.11222284987584175
22109	41	-0.5068741927788949
22109	42	-0.5846274042617381
22109	43	-0.18262569308328125
22109	44	0.09765985270912836
22109	45	0.27186671290574793
22109	46	-0.4661092351799496
22109	47	0.12089188567514952
22109	48	0.23107287764950968
22109	49	0.06083163031977534
22109	50	0.11914110719288828
22109	51	-0.08203157827394847
22109	52	-0.11862113304732702
22109	53	0.09999804745483942
22109	54	-0.2864549293381131
22109	55	0.04919724967987804
22109	56	0.15133865695990778
22109	57	0.2153053653110888
22109	58	-0.1707236773166727
22109	59	-0.12096189117996659
22109	60	0.11443190772550338
22109	61	0.5083604053322972
22109	62	0.10089524019820573
22109	63	0.1700121086552855
22109	64	-0.4738045812859113
22109	65	-0.3181090785291403
22109	66	-0.20300531400673094
22109	67	0.1253091769305783
22109	68	-0.16643471802693455
22109	69	0.07218311232941232
22109	70	0.12906492417745596
22109	71	0.2371748453220448
22109	72	0.3469945965582397
22109	73	-0.12340791250479555
22109	74	0.08146217762875096
22109	75	-0.002987387103857486
22110	1	-0.03019093775831294
22110	2	0.05510410343249461
22110	3	0.30977155567746095
22110	4	-0.021485697343550214
22110	5	0.22939071130305067
22110	6	0.013226824601510145
22110	7	0.15430771844989266
22110	8	-0.22316806973830694
22110	9	0.30151583460553866
22110	10	-0.027939077489271824
22110	11	-0.08979137096416423
22110	12	0.12342520896266507
22110	13	-0.15204204294869328
22110	14	-0.05069457826090229
22110	15	0.08350503396162878
22110	16	0.11501105228294506
22110	17	-0.10436013452650172
22110	18	0.16054982665970385
22110	19	0.13012931530283112
22110	20	0.08254520345700911
22110	21	-0.13329611175724665
22110	22	0.21448314591249584
22110	23	-0.17425305905919686
22110	24	0.31564997580382936
22110	25	-0.027633481229585755
22110	26	0.177435785613568
22110	27	0.42520164064500676
22110	28	-0.03994777112874459
22110	29	-0.13044712349173437
22110	30	0.10111570930849467
22110	31	0.28976745755662847
22110	32	0.26922033702895476
22110	33	-0.08088149615368678
22110	34	-0.22673038853145755
22110	35	0.33274596398293
22110	36	0.09201472445125347
22110	37	-0.36707649802551856
22110	38	-0.11236533407261362
22110	39	0.20708048873630958
22110	40	0.1587884864730711
22110	41	0.35972127268153997
22110	42	0.12939504505975918
22110	43	-0.07517469626639439
22110	44	0.602357736218373
22110	45	-0.19492001854005991
22110	46	-0.26717166886510313
22110	47	0.2660934828159327
22110	48	-0.22640185290278936
22110	49	0.045446585365283454
22110	50	-0.06082343181419958
22110	51	-0.19847347250525615
22110	52	0.05115884126439596
22110	53	0.14183224637146452
22110	54	-0.36113941026736285
22110	55	0.2496286452235239
22110	56	-0.1740578360316576
22110	57	0.047312401665585924
22110	58	-0.16593504717203444
22110	59	-0.10525574274639382
22110	60	-0.042531849464424454
22110	61	-0.492191054990478
22110	62	-0.12066616037140676
22110	63	0.29205935274977435
22110	64	-0.4273911675370954
22110	65	0.38192442792085046
22110	66	0.7429655353817779
22110	67	0.1762878444907514
22110	68	-0.07737038564295062
22110	69	0.01800737099920724
22110	70	-0.5760434133441876
22110	71	-0.054303347563418924
22110	72	-0.21471311550966732
22110	73	-0.24462447585990788
22110	74	-0.05617254622225687
22110	75	-0.2573502061131876
22111	1	0.159071121909939
22111	2	-0.07034282230456768
22111	3	0.2219762916249408
22111	4	0.22953270720483587
22111	5	-0.2251767231966859
22111	6	-0.10257090120588686
22111	7	0.17351087184066216
22111	8	0.004698116300026811
22111	9	-0.20363480134780332
22111	10	0.34575677855668374
22111	11	0.10607932829145028
22111	12	0.04364530157153723
22111	13	0.20645101138575228
22111	14	0.18726040679273126
22111	15	0.24101338634425673
22111	16	-0.24709404120512346
22111	17	0.043059418840826424
22111	18	0.10774664982363902
22111	19	-0.029071493559484907
22111	20	0.18086886561045645
22111	21	0.08954399140201019
22111	22	-0.04426487589161354
22111	23	0.24901492054340935
22111	24	-0.1273779826980146
22111	25	0.12747905613633748
22111	26	0.01043941963267514
22111	27	-0.4302874866042785
22111	28	0.08209958834608244
22111	29	0.25994617115688357
22111	30	0.04771907370682982
22111	31	-0.07899023542736927
22111	32	0.0644184496835436
22111	33	0.13130565583036713
22111	34	-0.26325374589620765
22111	35	0.06544041331181205
22111	36	0.008974457175007444
22111	37	-0.10096519153703554
22111	38	-0.29687972361601567
22111	39	0.1352573247951554
22111	40	0.19753181922027352
22111	41	0.11578041341186207
22111	42	0.38149046736794645
22111	43	-0.48387729283165726
22111	44	-0.0054832461390503795
22111	45	-0.06929725316874169
22111	46	0.12034225177261249
22111	47	0.1703268220105869
22111	48	0.07780071435586677
22111	49	-0.1056289670642343
22111	50	-0.03512886525889769
22111	51	-0.06830085659763085
22111	52	-0.3235407660270937
22111	53	-0.109845556805368
22111	54	0.020176163262917157
22111	55	0.44177007890267106
22111	56	0.04264253323157163
22111	57	0.4335001983949738
22111	58	0.2697222999940152
22111	59	0.1111588871111735
22111	60	-0.08079162321742928
22111	61	-0.2143571062184293
22111	62	0.20583873383174733
22111	63	0.13916679076630345
22111	64	0.3124907268418937
22111	65	0.20025277913121187
22111	66	0.2704551315367496
22111	67	0.048738169794077635
22111	68	0.13702941507212785
22111	69	0.1555652515454824
22111	70	0.3636802253639786
22111	71	-0.03540058688115977
22111	72	0.0425109627975786
22111	73	-0.3991069212030851
22111	74	0.2602435489655974
22111	75	-0.1322036730846392
22112	1	0.22794164532591665
22112	2	-0.17227119696021376
22112	3	0.02087436325028591
22112	4	0.08903683943623975
22112	5	-0.2664990372462732
22112	6	-0.19347999211498035
22112	7	0.04678910875526299
22112	8	-0.5214726825980449
22112	9	-0.11823535231199145
22112	10	0.1474096711186661
22112	11	0.01241541644571953
22112	12	-0.15745662680311767
22112	13	-0.09657929164454515
22112	14	0.16522183929961898
22112	15	-0.32923454754004666
22112	16	-0.0019149778442439924
22112	17	-0.49413066380380144
22112	18	-0.16222580196699
22112	19	0.10866955327247041
22112	20	-0.0037041371443606863
22112	21	0.31543930820641464
22112	22	-0.48228140481723614
22112	23	-0.4066324623767059
22112	24	-0.08881048958506454
22112	25	0.13849833988289362
22112	26	-0.10250823876953064
22112	27	-0.3145850072654355
22112	28	-0.1713439378247159
22112	29	9.93003112803592E-4
22112	30	0.27361439051123426
22112	31	-0.3351885825348049
22112	32	-0.03200028309882441
22112	33	0.20017617924634834
22112	34	-0.5910774373562617
22112	35	0.18114289265065509
22112	36	0.1026383690207382
22112	37	-0.35716353864447115
22112	38	-0.07098440681160412
22112	39	0.11872839917532474
22112	40	0.07081005613486724
22112	41	-0.17347578493524196
22112	42	-0.27140209461552445
22112	43	-0.39572302285920813
22112	44	0.0441035307204487
22112	45	0.18690109393869392
22112	46	-0.5986660126901953
22112	47	0.08492737297477504
22112	48	0.23758032868093437
22112	49	0.2828007850018821
22112	50	-0.30234649611289655
22112	51	0.353186746708154
22112	52	0.3513903634494966
22112	53	-0.1732064383480676
22112	54	0.04221473075602944
22112	55	-0.17530981090448705
22112	56	0.2464992825428638
22112	57	-0.10093506331301683
22112	58	-0.2509388570307749
22112	59	-0.442560121153285
22112	60	0.2800899194822932
22112	61	-0.4898391998823399
22112	62	-0.5517370237440105
22112	63	-0.1969213635036695
22112	64	-0.03737153211127264
22112	65	0.19198831632129298
22112	66	-0.010536604000442651
22112	67	-0.10002216078443382
22112	68	-0.41944441412897504
22112	69	0.11148811655925783
22112	70	0.024837250157368373
22112	71	-0.3604694574045766
22112	72	-0.14757168183052016
22112	73	-0.1704567834620363
22112	74	-0.11441209841732558
22112	75	-0.619806978869768
22201	1	-0.1494688229936436
22201	2	0.11468931727302589
22201	3	-0.05281709680480873
22201	4	-0.02000815597239125
22201	5	-0.38013540088263653
22201	6	-0.3048206716374793
22201	7	-0.11344964239258104
22201	8	-0.2760640508257808
22201	9	-0.2807697875737034
22201	10	-0.2423974914157725
22201	11	-0.39437980853132615
22201	12	0.10034869918402478
22201	13	-0.2558997691468434
22201	14	-0.14928688430001102
22201	15	-0.05237504340781385
22201	16	-0.004669798780881251
22201	17	-0.0708065132069251
22201	18	-0.28596317570436725
22201	19	0.2516906735663156
22201	20	-0.4504442657026715
22201	21	0.0062106580686744906
22201	22	-0.46024283732412385
22201	23	-0.19152686090746585
22201	24	-0.3734753197044398
22201	25	-0.1144860494651283
22201	26	-0.43010236181820005
22201	27	-0.2675234829311819
22201	28	0.12456974445260016
22201	29	0.017521928732641356
22201	30	-0.2824003018670922
22201	31	0.2752338233421483
22201	32	-0.03888733544042111
22201	33	-0.5528082101016807
22201	34	0.17889501443436728
22201	35	-0.2644493938507253
22201	36	-0.22288963832544795
22201	37	0.07465464317370873
22201	38	-0.2723159035976508
22201	39	-0.02107876335911385
22201	40	-0.05086120190002674
22201	41	-0.275863296413668
22201	42	0.2476520835295588
22201	43	-0.3043547951273382
22201	44	-0.06976240132729572
22201	45	-0.38839734499610756
22201	46	0.022775676933306954
22201	47	-0.42402579506930493
22201	48	-0.14511021310051575
22201	49	-0.5014049082947167
22201	50	-0.3025760645242812
22201	51	-0.2629748694534584
22201	52	-0.45829742351102
22201	53	-0.27926704440867667
22201	54	-0.22775772103460667
22201	55	-0.29698106893938814
22201	56	0.007518566289419937
22201	57	-0.2834419503653578
22201	58	-1.0101215934862395
22201	59	-0.5343874857079243
22201	60	-0.3399743596728939
22201	61	-0.05067482889978692
22201	62	-0.3740510733307829
22201	63	-0.6220820613916374
22201	64	-0.1792448103481874
22201	65	-0.2540631070028567
22201	66	-0.5011242991335934
22201	67	-0.749700765008491
22201	68	-0.23326443249444395
22201	69	-0.03612437196232321
22201	70	-0.039212336619492305
22201	71	0.10027434424831227
22201	72	-0.21208040543015017
22201	73	-0.41953850981649055
22201	74	0.18563381526494993
22201	75	-0.3567215794207286
22202	1	0.18470860589130567
22202	2	-0.10327022241353134
22202	3	-0.254999083805739
22202	4	-0.004765197136116228
22202	5	-0.13254107320474517
22202	6	-0.2793782248858392
22202	7	-0.05856936327831619
22202	8	-0.009505709754904501
22202	9	-0.1448704037634556
22202	10	0.2958400370724519
22202	11	0.17991466827011493
22202	12	-0.3064701860471146
22202	13	-0.395611651198557
22202	14	-0.04460496764038169
22202	15	-0.12948317204797632
22202	16	-0.5534163168867323
22202	17	-0.09863352989187746
22202	18	-0.06118756443850515
22202	19	8.325097555044181E-4
22202	20	0.30790524612873327
22202	21	-0.4000314285355273
22202	22	0.23596717364912223
22202	23	0.1589345779940885
22202	24	-0.3106464741457913
22202	25	-0.20650653285051845
22202	26	0.25960107927799925
22202	27	0.20381243896184031
22202	28	0.014295694763511335
22202	29	0.32190278464553046
22202	30	0.06543740669484777
22202	31	0.06272573409310667
22202	32	0.25211460597935087
22202	33	-0.19842876101471063
22202	34	-0.021113426521147005
22202	35	-0.19854663365826752
22202	36	0.22626767294885752
22202	37	0.020147172928076884
22202	38	0.178691383760615
22202	39	0.4120899713416577
22202	40	-0.06831991155929273
22202	41	0.3140047433150954
22202	42	0.29860028419921036
22202	43	0.10586157469905544
22202	44	0.17167706295339258
22202	45	0.06782223239338947
22202	46	-0.060754612028731
22202	47	0.16774849378019496
22202	48	0.032058409054180004
22202	49	0.44285664878020725
22202	50	0.1767084238131318
22202	51	-0.2693337226089696
22202	52	-0.3245153127094085
22202	53	-2.512598218586959E-4
22202	54	0.11756176913168304
22202	55	-0.1056949486839045
22202	56	-0.481909136926582
22202	57	0.244476510004354
22202	58	0.15385100154485087
22202	59	-0.0652954511562811
22202	60	-0.020055111480665744
22202	61	0.10080515196737849
22202	62	0.1996384683253325
22202	63	-0.25807992301623983
22202	64	0.019750715945392017
22202	65	-0.25812179978021277
22202	66	0.08839906824493227
22202	67	-0.1946375985247144
22202	68	0.3899664839119552
22202	69	-0.33513818699285025
22202	70	-0.11085494656293804
22202	71	-0.024166442448738223
22202	72	0.09326412623750002
22202	73	-0.11098641505270024
22202	74	0.19036778448359826
22202	75	-0.858747408744609
22203	1	0.22842779019708814
22203	2	0.04665604335739815
22203	3	0.09468735952317431
22203	4	0.14145946137757903
22203	5	-0.08200705863664837
22203	6	0.1549238322246751
22203	7	-0.34755540591010714
22203	8	-0.2512571583718284
22203	9	0.030281905830932487
22203	10	0.16936721446658254
22203	11	0.16919713739856235
22203	12	-0.13776775952066345
22203	13	-0.21430737461326999
22203	14	-0.1605762485305533
22203	15	0.281849555522669
22203	16	-0.3041350394225901
22203	17	-0.3563085928266503
22203	18	0.18269398412926563
22203	19	0.23490517148669454
22203	20	0.1683911472503894
22203	21	0.0075475564643952
22203	22	0.36239530884343196
22203	23	-0.32001765116296355
22203	24	-0.14293461857550227
22203	25	0.12674983882958202
22203	26	-0.09246124476531747
22203	27	0.025554354264301082
22203	28	-0.07581647063949504
22203	29	-0.12418930121388172
22203	30	-0.23367778255633453
22203	31	-0.08944235015755453
22203	32	0.2481001868412207
22203	33	-0.23492348045224531
22203	34	0.05144403404221265
22203	35	-0.44225688048174305
22203	36	-0.09870663178950423
22203	37	-0.22882129265516937
22203	38	-0.2240390170854667
22203	39	0.16385884804908812
22203	40	-0.047890316576200576
22203	41	0.07648370299215657
22203	42	0.08291649232338472
22203	43	0.21406469388038118
22203	44	-0.19840173584898224
22203	45	-0.14983525349283866
22203	46	-0.1716687675111359
22203	47	-0.09826821931172702
22203	48	0.005365128551297005
22203	49	0.2680543905763457
22203	50	0.0861642800984157
22203	51	-0.04164391282838409
22203	52	-0.13848161840110151
22203	53	0.04871869534176909
22203	54	-0.11991458377970332
22203	55	0.10616806950387314
22203	56	0.1853260529204377
22203	57	-0.18584836747766076
22203	58	0.08093604168904278
22203	59	-0.09083430686062854
22203	60	-0.014513872447700749
22203	61	-0.07637298695088646
22203	62	0.024344648594350815
22203	63	-0.1892240697101215
22203	64	0.1808264908995838
22203	65	-0.17132395073428341
22203	66	-0.12129661048237494
22203	67	-0.2125646984606604
22203	68	0.39582053482581614
22203	69	-0.1072770754679695
22203	70	0.06016377746250612
22203	71	-0.33510889995845616
22203	72	-0.5981469532614057
22203	73	0.1685482400349656
22203	74	0.04496239518176992
22203	75	-0.11340607139933923
22204	1	-0.05947548300030192
22204	2	0.23653968912339707
22204	3	-0.05464859863631233
22204	4	-0.15706554302977693
22204	5	0.25198248123524536
22204	6	0.07632595950915544
22204	7	0.15655812761519172
22204	8	0.054216779455053654
22204	9	0.13764513084121432
22204	10	0.3779821289638505
22204	11	0.07001690586539411
22204	12	0.04618064501597274
22204	13	-0.08260084584792082
22204	14	0.1180568830437565
22204	15	-0.0810963221290919
22204	16	0.01730822319714065
22204	17	0.1363751939747857
22204	18	0.1761857864445986
22204	19	0.16891234078798334
22204	20	0.25188118662278214
22204	21	-0.14688624502822734
22204	22	-0.011025388106673972
22204	23	-0.3393512587318597
22204	24	-0.011448457677580848
22204	25	0.07246588748680693
22204	26	0.20587277415693706
22204	27	0.1207826553749527
22204	28	0.1565100263928798
22204	29	0.012526923737631535
22204	30	-0.058984828451620785
22204	31	-0.026020477912155116
22204	32	-0.006586303139386018
22204	33	-0.3601952674887343
22204	34	0.001905337444689792
22204	35	0.002783373382044374
22204	36	-0.10298176841757822
22204	37	0.5319473504664174
22204	38	0.5096243783426289
22204	39	0.03128553900518938
22204	40	0.05497740393857953
22204	41	0.14382812327775696
22204	42	0.19451078038825642
22204	43	0.06508132430877822
22204	44	-0.20232428388918322
22204	45	-0.07632053291929708
22204	46	-0.17841202425439207
22204	47	-0.3922242632677708
22204	48	0.021084703094402357
22204	49	0.04690789001807616
22204	50	-0.06950358145179791
22204	51	0.034838428359840634
22204	52	0.13755117233757375
22204	53	0.040330025188396235
22204	54	0.17267517939829702
22204	55	0.18115190919359492
22204	56	-0.1810428722720161
22204	57	0.06595864903523818
22204	58	-0.08632316968781595
22204	59	-0.11799831931875815
22204	60	0.4818427121441786
22204	61	0.2718082435832869
22204	62	0.22110377182406182
22204	63	0.03381759450801525
22204	64	-0.4168405479439272
22204	65	0.05640420346445296
22204	66	-0.1949582429675374
22204	67	0.0812738159660853
22204	68	0.35900440977439274
22204	69	-0.06479015062810589
22204	70	-0.005579302986461698
22204	71	0.019521763495731648
22204	72	-0.4191788625286108
22204	73	0.46735237707439126
22204	74	-0.20467032503918858
22204	75	-0.2078704305695851
22205	1	-0.3012194902883536
22205	2	-0.17858016511562624
22205	3	0.1004644230570193
22205	4	0.056992419732846855
22205	5	-0.07290506645022887
22205	6	-0.09551256466097868
22205	7	-0.49210667908070604
22205	8	0.01912881042925818
22205	9	-0.27825761925842585
22205	10	-0.12628821209405316
22205	11	-0.16831082857633106
22205	12	-0.3029197364678282
22205	13	-0.30376180923686036
22205	14	-0.01577560571101344
22205	15	0.13297587510372466
22205	16	-0.05130192313320947
22205	17	-0.30865128213977755
22205	18	-0.39491539216953697
22205	19	0.07331363897166199
22205	20	-0.017278410257020482
22205	21	-0.13427450443721511
22205	22	-0.18343329108452622
22205	23	-0.1079841802145225
22205	24	-0.06633657474186094
22205	25	0.3228929215925973
22205	26	-0.25596461125557823
22205	27	-0.06873508077490698
22205	28	-0.5889776465559322
22205	29	-0.28511584799840506
22205	30	0.1038717450267157
22205	31	-0.02597777450157679
22205	32	-0.6517778991081897
22205	33	-0.24653302299747537
22205	34	-0.3360209849375906
22205	35	-0.018924193662314792
22205	36	-0.47625228028912403
22205	37	-0.2700227002083011
22205	38	0.20066520280314393
22205	39	-0.049850941095023416
22205	40	-0.36325979927271135
22205	41	-0.3795164078387998
22205	42	-0.04440056733137965
22205	43	-0.33392510967174616
22205	44	-0.11157953640868357
22205	45	-0.06618559014186332
22205	46	-0.28942665728975214
22205	47	0.2618354076312812
22205	48	0.23110007632221397
22205	49	-0.007083455424044871
22205	50	-0.5630696009245497
22205	51	-0.4893317020279113
22205	52	-0.22700784377584426
22205	53	-0.18686635356238668
22205	54	-0.5219954349614397
22205	55	-0.38697426515020084
22205	56	-0.06278289390841252
22205	57	-0.014836203780340895
22205	58	0.16917133580668775
22205	59	-0.3616497456126737
22205	60	-0.5927743806076293
22205	61	-0.10250138461235281
22205	62	-0.8957185250500501
22205	63	-0.09395100994452577
22205	64	-0.3609844869065171
22205	65	-0.15026606926799246
22205	66	-0.39130852481004297
22205	67	0.0445631173382921
22205	68	-0.053709819002008885
22205	69	-0.1418840411934923
22205	70	0.20191656901718602
22205	71	0.3812054166301664
22205	72	0.1972591036502891
22205	73	0.06720718547842353
22205	74	-0.31814752141794145
22205	75	0.009034426231650627
22206	1	-0.13934204500972314
22206	2	-0.22225151966781098
22206	3	0.12490399163056409
22206	4	-0.21927119452114496
22206	5	0.10873287369992113
22206	6	-0.2596238050120405
22206	7	-0.09422680174116493
22206	8	-0.20775339322941022
22206	9	-0.11804560699237499
22206	10	-0.5747258773155863
22206	11	-0.08696896540619292
22206	12	-0.26563254179720985
22206	13	0.3844321211850499
22206	14	-0.025781421508838775
22206	15	-0.15743070203490106
22206	16	0.05910571142320009
22206	17	-0.398161697704964
22206	18	0.04510258393282385
22206	19	-0.23846599516178202
22206	20	-0.18748302059857025
22206	21	-0.024633497775482738
22206	22	-0.24866275074403887
22206	23	-0.8754580091243298
22206	24	-0.15862271199468836
22206	25	-0.11925310780361542
22206	26	-0.272737900882305
22206	27	0.1056727652650622
22206	28	-0.1870927993527971
22206	29	0.12025847789775668
22206	30	-0.09607274053953319
22206	31	-0.38473319376772963
22206	32	0.43552515682921467
22206	33	-0.1729896159973734
22206	34	-0.09993924654274622
22206	35	-0.24172212112345193
22206	36	-0.16656104628257395
22206	37	-0.5575345961583906
22206	38	-0.34928456985203127
22206	39	0.12371097071633841
22206	40	0.03986751382868903
22206	41	0.04453455969847653
22206	42	0.03517012104759942
22206	43	0.06154914220516616
22206	44	0.002542278120237995
22206	45	-0.11556700073719384
22206	46	0.3125612881474922
22206	47	-0.2793906682913203
22206	48	-0.3576437113482953
22206	49	-0.5464987033885151
22206	50	-0.10875004926969467
22206	51	-0.5307031728960467
22206	52	-0.4554629563908392
22206	53	-0.13215820087125962
22206	54	-0.21252890223436083
22206	55	-0.39518247071221424
22206	56	-0.1288450700742132
22206	57	-0.13223601344513725
22206	58	0.005906029684240366
22206	59	-0.4576764982826518
22206	60	-0.06250579649004351
22206	61	-0.4440473294151417
22206	62	-0.10758539615082441
22206	63	0.05991649560692025
22206	64	-0.6334810502987125
22206	65	0.07406511398251325
22206	66	0.056415383406090314
22206	67	0.21569296824237938
22206	68	-0.3803990439147711
22206	69	0.14772947260580338
22206	70	-0.1003595227666807
22206	71	-0.06407321295638724
22206	72	0.16088393181990313
22206	73	0.03544499873844131
22206	74	-0.6520800581632074
22206	75	-0.3126584996433621
22207	1	0.018433021538637462
22207	2	0.07510872877939434
22207	3	0.16366841044156644
22207	4	0.36918266528364896
22207	5	0.13196934220036738
22207	6	-0.15530925310432053
22207	7	0.04619023463860117
22207	8	0.005034982990643755
22207	9	0.3347605154566011
22207	10	-0.22312871671221046
22207	11	0.03370539129300454
22207	12	-0.16935924987174644
22207	13	-0.14972936949818205
22207	14	0.010764718686374408
22207	15	-0.15365962838804847
22207	16	-0.010104581389576595
22207	17	0.3333711328185487
22207	18	-0.43421196797489614
22207	19	-0.09610796499319463
22207	20	-0.2233636772090435
22207	21	0.007198800361166491
22207	22	-0.33096088738999896
22207	23	-0.1064917269592911
22207	24	0.054664776913917024
22207	25	-0.48155346272819344
22207	26	0.2052456838559351
22207	27	-0.09890798007655377
22207	28	-0.1721748756615824
22207	29	-0.24087728075353
22207	30	0.15043347064059276
22207	31	0.3188493261967764
22207	32	0.01760146561359477
22207	33	0.02388261115435597
22207	34	0.2546525901919452
22207	35	-0.29606994721040536
22207	36	-0.31917861504921063
22207	37	0.10256966293655267
22207	38	-0.014712697624879922
22207	39	0.12376642768172985
22207	40	-0.25205795200981385
22207	41	-0.5417010214905176
22207	42	-0.11118081062942053
22207	43	0.1848854332433234
22207	44	-0.014316639359797989
22207	45	-0.19370586497853992
22207	46	0.0015031692477620595
22207	47	-0.23685517583346893
22207	48	-0.235305645687248
22207	49	0.02104788046241879
22207	50	0.09377878835231002
22207	51	-0.14788374077537014
22207	52	-0.4072708534627125
22207	53	0.09210976718552644
22207	54	0.14394847132376043
22207	55	-0.31726543433244814
22207	56	-0.5690624613785644
22207	57	-0.16412376854717792
22207	58	-0.3715895337585309
22207	59	-0.41347729686295054
22207	60	-0.6242848559399121
22207	61	0.10580848247482777
22207	62	-0.19692656740193115
22207	63	0.099124570141079
22207	64	-0.12876720824014853
22207	65	0.32578427990974745
22207	66	0.40346507284708366
22207	67	-0.3229605366378294
22207	68	0.13701444321921485
22207	69	-0.032062009204310016
22207	70	-0.006027224630031469
22207	71	0.04057408074370272
22207	72	-0.7707376298482487
22207	73	-0.05140060906989419
22207	74	-0.23742832790588864
22207	75	-0.8379468758634196
22208	1	0.14827313956826416
22208	2	0.3135616975858504
22208	3	0.09007302323212585
22208	4	0.16427931709624488
22208	5	-0.20127617146939158
22208	6	0.015886399069593438
22208	7	0.09412471615131324
22208	8	-0.031450323525071155
22208	9	-0.13840430448799879
22208	10	0.10625524089347493
22208	11	0.05137972587087347
22208	12	0.3321612848747293
22208	13	0.016505726250343855
22208	14	0.2132442441590925
22208	15	0.11219307545393775
22208	16	-0.14317395390553145
22208	17	-0.4442920612077046
22208	18	0.0805342081060374
22208	19	0.05643479063730439
22208	20	0.07921520994018039
22208	21	0.028937930795947864
22208	22	0.2571247443093867
22208	23	0.014473586782735026
22208	24	-0.23374001653423448
22208	25	-0.21587388908011462
22208	26	-0.12328767757968961
22208	27	0.026280204916822925
22208	28	0.24783144735419427
22208	29	0.010974459581291285
22208	30	0.005282621549902444
22208	31	0.15768017046993066
22208	32	0.055253519088246605
22208	33	0.006133002579147728
22208	34	0.07459718852989283
22208	35	0.2638180450815355
22208	36	-0.09766229564657891
22208	37	-0.22772511003707052
22208	38	-0.24185198462957658
22208	39	-0.30881065289155885
22208	40	-0.17980996935294513
22208	41	0.3085263059814807
22208	42	-0.06692722758714353
22208	43	0.2317961883920603
22208	44	0.05352028705234346
22208	45	0.044589028433478006
22208	46	0.08846721838662575
22208	47	0.1081029718240103
22208	48	0.2614274628277471
22208	49	0.0992274541104976
22208	50	0.236407958531764
22208	51	0.2001606407734613
22208	52	-0.029011489377438693
22208	53	0.1108529925257642
22208	54	0.28882080662425125
22208	55	-0.07698330739037829
22208	56	-0.11014700913238329
22208	57	-0.01921379624801034
22208	58	-0.03165968912406214
22208	59	0.44585818428843993
22208	60	0.24442223788160078
22208	61	0.1431820221592801
22208	62	0.23599677355916526
22208	63	-0.20240048104523822
22208	64	-0.5657553450581645
22208	65	0.4072382724425694
22208	66	-0.01812953151278407
22208	67	0.15764135424497994
22208	68	0.517644938221018
22208	69	0.18996617338029864
22208	70	0.1526578891842547
22208	71	0.22503301125075126
22208	72	0.21179127536673548
22208	73	0.11396130830936357
22208	74	-0.08752016218265624
22208	75	-0.13750727571888888
22209	1	0.016522776166272735
22209	2	0.03588143648494935
22209	3	0.05526871177604775
22209	4	-0.20262641779857304
22209	5	0.15136774943239573
22209	6	0.3153913495646421
22209	7	-0.25471376880521746
22209	8	-0.272488693290029
22209	9	-0.027244435038447534
22209	10	-0.13956220788741547
22209	11	0.011535783027831314
22209	12	-0.03596493217910535
22209	13	-0.2633755167216023
22209	14	-0.0028222378353675026
22209	15	-0.0019700029037608147
22209	16	0.09681534973397277
22209	17	-0.11376080863646365
22209	18	-0.13634821420821908
22209	19	-0.0025597514761841467
22209	20	-3.4925620172288063E-4
22209	21	0.13042307931080188
22209	22	0.12174036099570884
22209	23	0.0936266544440727
22209	24	-0.05031800397286901
22209	25	-0.07800740160034536
22209	26	-0.20577992957497315
22209	27	0.07508577799490723
22209	28	0.04373666114427266
22209	29	-0.13729355281551392
22209	30	0.09858779694278752
22209	31	0.20695199515932927
22209	32	-0.041212567963675895
22209	33	0.02694976569590324
22209	34	0.11356348128105509
22209	35	-0.4991478636977078
22209	36	-0.05497284664627955
22209	37	-0.28515633792440553
22209	38	0.17160348834154604
22209	39	0.2078441289301196
22209	40	-0.07841395717554889
22209	41	-0.21198190827485064
22209	42	0.31345866418762824
22209	43	0.1637920195541298
22209	44	-0.20760118520568938
22209	45	-0.10596910217182653
22209	46	0.027251124478063105
22209	47	-0.4250008925790567
22209	48	0.10396469439023548
22209	49	0.3385790901051209
22209	50	-0.022773084226251683
22209	51	0.20707213524701018
22209	52	-9.26686437310309E-4
22209	53	0.1704029225880248
22209	54	-0.27216216147865424
22209	55	0.259924621629672
22209	56	-0.22537972353956093
22209	57	-0.17093069924024462
22209	58	-0.15261084241113565
22209	59	0.26476742978362466
22209	60	0.007710408803951907
22209	61	-0.10660542195908818
22209	62	-0.05699436766021648
22209	63	-0.42823767695319503
22209	64	0.09333244737758406
22209	65	-0.286866387330889
22209	66	0.05058087138345968
22209	67	-0.019177712703260852
22209	68	-0.1507061766688622
22209	69	-0.5513258921143418
22209	70	-0.23738215360118886
22209	71	0.20881019783367094
22209	72	-0.28733793118272644
22209	73	0.20989943397788835
22209	74	-0.16890163828040272
22209	75	-0.2046063678995793
22210	1	-0.14324441676923882
22210	2	-0.0488924463087379
22210	3	-0.12353781752553061
22210	4	-0.13817632414055936
22210	5	-0.02841549916273678
22210	6	0.36723775042094786
22210	7	0.027036298093364053
22210	8	0.11597799121626196
22210	9	-0.21017191697583115
22210	10	0.1460545970363185
22210	11	0.019898105746591455
22210	12	0.31786166669699867
22210	13	-0.21383042707750377
22210	14	-0.12714656215969455
22210	15	0.12821463718186976
22210	16	0.3493842552731721
22210	17	0.02621778381737272
22210	18	0.1114842717430804
22210	19	0.18839556027120352
22210	20	0.18340776814936532
22210	21	0.11542441728243347
22210	22	0.08193570485441626
22210	23	-0.21357163295223813
22210	24	0.014212367983247987
22210	25	-0.07028730526638327
22210	26	0.175207493491655
22210	27	0.20248743707973915
22210	28	0.18371525359810903
22210	29	-0.0033625921518805058
22210	30	0.39668787722108334
22210	31	-0.22502552691720723
22210	32	-0.29752779408087804
22210	33	-0.08313854043201019
22210	34	0.15194988748924487
22210	35	-0.06874914815048072
22210	36	0.3542056387698267
22210	37	0.10082171934078588
22210	38	0.3192620379802946
22210	39	0.2868245945442425
22210	40	-0.054437505476329306
22210	41	0.3413630208126506
22210	42	-0.22776424188676714
22210	43	-0.01969741046995921
22210	44	0.055189823624928636
22210	45	0.17152621492745368
22210	46	0.38459658875422065
22210	47	-0.14151146255497338
22210	48	0.20344288545258848
22210	49	0.30967890278909493
22210	50	0.23625822431000643
22210	51	0.3014258949473074
22210	52	0.19500587979228357
22210	53	0.1081203429787152
22210	54	0.48387209059520586
22210	55	-0.15837883033714917
22210	56	0.13196574073659662
22210	57	0.44297082604741433
22210	58	0.15836052499587794
22210	59	0.016854665534225433
22210	60	0.13972807002953402
22210	61	0.13361400538904888
22210	62	0.2352855360058257
22210	63	0.46773502842545156
22210	64	0.025095893992514107
22210	65	-0.18765579059553517
22210	66	-0.10758075559004965
22210	67	0.42684851154078274
22210	68	0.27376532453531155
22210	69	0.08944210360414928
22210	70	0.41267136526420956
22210	71	0.18876738274135363
22210	72	0.2522794089296596
22210	73	0.06775332747534435
22210	74	0.4288907085218483
22210	75	0.3196911969920464
22211	1	-0.4660618633718485
22211	2	0.18220591548016074
22211	3	-0.12677276602902054
22211	4	0.04485402078237044
22211	5	0.06435425268630013
22211	6	-0.11199083878207006
22211	7	-0.08935963748415787
22211	8	-0.044677293224189896
22211	9	0.0018001574003321252
22211	10	-0.008614650216046016
22211	11	0.027950915589684655
22211	12	0.04579420281367419
22211	13	0.06318623152483838
22211	14	-0.3404181457637563
22211	15	-0.3087107792831887
22211	16	-0.1606800289599093
22211	17	-0.29946134799986623
22211	18	-0.13897539508487
22211	19	-0.18290464018500785
22211	20	-0.31335728334714474
22211	21	-0.004310151045487487
22211	22	-0.024375209640638218
22211	23	0.09139829861616278
22211	24	-0.18222780620628498
22211	25	-0.40370819418599524
22211	26	0.030533407641101462
22211	27	-0.23461769874662508
22211	28	-0.01664418512449828
22211	29	0.0024091642592622975
22211	30	-0.3474885242443193
22211	31	-0.3760036149796946
22211	32	-0.014048150754689459
22211	33	-0.058917900354593655
22211	34	-0.13920930239117268
22211	35	-0.4015686684380313
22211	36	-0.04488193985739031
22211	37	-0.0839712577795595
22211	38	-0.11557586898037897
22211	39	-0.31661081016993364
22211	40	-0.17309375763641555
22211	41	-0.09940562507108552
22211	42	-0.11389820193376465
22211	43	-0.2281580450175511
22211	44	0.2369621330187215
22211	45	-0.42372504656421484
22211	46	-0.12493544967806969
22211	47	-0.45504571291786533
22211	48	-0.14739004466423467
22211	49	-0.3648216847549719
22211	50	-0.19202683824615718
22211	51	0.057519072523859904
22211	52	0.20957697262424801
22211	53	-0.19785186964311663
22211	54	-0.24256048008288644
22211	55	-0.11889586911505745
22211	56	-0.09495760204352166
22211	57	-0.27233988107914797
22211	58	-0.5175294314567367
22211	59	-0.15372665747676706
22211	60	-0.2614331935358152
22211	61	0.0925412190477175
22211	62	-0.2760506083226488
22211	63	-0.12609921502516386
22211	64	0.11467908331994892
22211	65	-0.037866615230917944
22211	66	-0.16558863559281178
22211	67	0.03493588279950899
22211	68	-0.03849706573219436
22211	69	0.18916561227906925
22211	70	-0.008424922839751048
22211	71	0.0151584797206894
22211	72	-0.17371077562829385
22211	73	-0.2585617343895876
22211	74	-0.3187902204890065
22211	75	0.38903522132328305
22212	1	0.04245036892555021
22212	2	-0.0595531069693962
22212	3	-0.11594840993612365
22212	4	0.21484032887609317
22212	5	-0.05185257259980958
22212	6	-0.42855804537484943
22212	7	-0.3154698444127817
22212	8	0.17595615119441987
22212	9	0.1409473841434732
22212	10	-0.015124764143045866
22212	11	-0.23781415196566513
22212	12	0.22913657797190723
22212	13	-0.13216239540947328
22212	14	0.17394543893230718
22212	15	-0.11803160906438137
22212	16	-0.0021445462556286543
22212	17	0.16151671911630672
22212	18	0.20898631924512756
22212	19	-0.22305680118115845
22212	20	0.06723250197409669
22212	21	-0.01904186718385148
22212	22	0.022080394999107966
22212	23	-0.07283999222059379
22212	24	-0.2169096631387859
22212	25	0.019352334373252233
22212	26	0.23403905232321875
22212	27	-0.0074224728301715
22212	28	-0.11785449797164205
22212	29	-0.5834881722774625
22212	30	-0.3531073725741649
22212	31	0.14897119707951845
22212	32	-0.3671701637232516
22212	33	0.08860593131246475
22212	34	-0.3236302380908853
22212	35	-0.05990393930527205
22212	36	0.04478712935132023
22212	37	0.003947572466636018
22212	38	-0.2596896409713878
22212	39	-0.4049171471974944
22212	40	-0.2579319089707326
22212	41	-0.2228329933833635
22212	42	-0.328105492228012
22212	43	-0.26647600724855636
22212	44	0.0741769926120952
22212	45	-0.14344785004661276
22212	46	-0.07570917155153722
22212	47	-0.33564195668546404
22212	48	-0.1021809201712216
22212	49	-0.17059682748664073
22212	50	-0.055101317049533804
22212	51	-0.35893446541305707
22212	52	-0.33203479724839724
22212	53	0.07174305660142721
22212	54	-0.05604054931743718
22212	55	-0.29193056388888294
22212	56	0.3080236167944719
22212	57	0.09534592842251755
22212	58	-0.32325290661755446
22212	59	-0.5419632432836821
22212	60	-0.1733076930062225
22212	61	0.02760799938304359
22212	62	-0.25031369959341276
22212	63	-0.21551640482598344
22212	64	-0.31560844671182053
22212	65	-0.15305300599275284
22212	66	-0.1248616728709635
22212	67	-0.1916199569276884
22212	68	-0.33427453350454783
22212	69	-0.3113768972148492
22212	70	-0.41800021540737475
22212	71	-0.3138670698930994
22212	72	-0.39137333472307745
22212	73	-0.18974053001851132
22212	74	-0.07951769988656565
22212	75	-0.38954986224901234
22301	1	-0.06756874109356303
22301	2	-0.02997352738981718
22301	3	0.1007865067987943
22301	4	0.029391243427010494
22301	5	0.01212504137780357
22301	6	0.21858910177229518
22301	7	0.10271197376903984
22301	8	-0.06780579256751906
22301	9	-0.21287461967853716
22301	10	-0.0323237813420576
22301	11	0.006384592233075637
22301	12	-0.20105725222192206
22301	13	-0.09761421086128763
22301	14	0.38906965405652727
22301	15	0.011998420965653622
22301	16	-0.06412925824034232
22301	17	0.2775691351687257
22301	18	0.22770048795929654
22301	19	-0.008901737026093315
22301	20	0.06989425463584809
22301	21	0.21001901187702998
22301	22	0.16031408323279805
22301	23	0.1404824211018152
22301	24	0.1871853409562192
22301	25	0.13511810013901737
22301	26	-0.3815492632651001
22301	27	-0.07048553589323348
22301	28	0.5026341725170269
22301	29	0.19393470514541633
22301	30	-0.0546634741302654
22301	31	-0.3844849863766626
22301	32	0.09976950321641453
22301	33	0.21686145956798697
22301	34	0.3492471847865417
22301	35	0.23125085184952354
22301	36	0.5947461793103699
22301	37	-0.13971882119975731
22301	38	-0.02398120526294889
22301	39	-0.22398621626656734
22301	40	-0.07876182980065494
22301	41	-0.026204546754918567
22301	42	0.07223575811323713
22301	43	-0.044021734794277734
22301	44	0.17681144524654968
22301	45	0.24179648519772456
22301	46	-0.06405205989442919
22301	47	0.3341642131207081
22301	48	0.06830775031745162
22301	49	0.07994917305936156
22301	50	0.08220417025595594
22301	51	0.1987231922446
22301	52	0.06797885276525761
22301	53	0.15676899162735936
22301	54	0.097385604108716
22301	55	-0.07729774925606847
22301	56	-0.05452074574989041
22301	57	0.21594379902038696
22301	58	0.8880902547256042
22301	59	-0.29125344257388264
22301	60	-0.06297463267316772
22301	61	0.09037076214580253
22301	62	0.27582607654636604
22301	63	0.10827556896599333
22301	64	-0.20733653843991817
22301	65	-0.17954768248743136
22301	66	0.15728410927481917
22301	67	-0.5947731100808369
22301	68	0.2359274866974701
22301	69	0.008361022523068584
22301	70	-0.4792205266276852
22301	71	0.08876738274135221
22301	72	-0.22339626674601476
22301	73	-0.24846288874087463
22301	74	0.1045663841975184
22301	75	-0.045173667872816736
22302	1	0.18419389110385254
22302	2	0.15391307660548037
22302	3	-0.029266372167128907
22302	4	0.026791360935821018
22302	5	-0.08542196214746056
22302	6	0.1354516164608981
22302	7	0.22825545202990583
22302	8	-0.12268240831370036
22302	9	-0.13263078889122681
22302	10	0.10567563111387557
22302	11	0.15055321737996508
22302	12	-0.3405549020456604
22302	13	0.20081410876268535
22302	14	-0.22293093348753956
22302	15	-0.23789875882282985
22302	16	0.011634549045204778
22302	17	-0.06608538892058391
22302	18	0.30220107550336195
22302	19	0.24084855674593797
22302	20	0.2005493662692217
22302	21	-0.16399685181274748
22302	22	-0.026613061303045527
22302	23	-0.14725259652450262
22302	24	0.22042564647913565
22302	25	0.20051175466311122
22302	26	0.1427456838559351
22302	27	0.08315723731475089
22302	28	-0.08793574522680103
22302	29	0.09064445837690727
22302	30	0.25912912281450673
22302	31	0.19928410880547176
22302	32	0.22412320474403202
22302	33	-0.07394347580216021
22302	34	-0.23991262719935946
22302	35	-0.3504177732973659
22302	36	-0.08276557157094544
22302	37	0.12159140206698993
22302	38	-0.09079965414661473
22302	39	0.2895272972469485
22302	40	-0.0835796911402511
22302	41	0.0561250654659986
22302	42	-0.024224288890287937
22302	43	-0.1792450015392859
22302	44	-0.2262731610989306
22302	45	-0.12033629976114923
22302	46	-0.29740987423050314
22302	47	0.04575351981871023
22302	48	-0.015196950035075929
22302	49	0.3498522282885048
22302	50	0.06388748400448208
22302	51	0.2977684331376693
22302	52	0.5737074074068502
22302	53	-0.4894119719449037
22302	54	0.18742673219332318
22302	55	-0.05639586911505745
22302	56	-0.2049320265959551
22302	57	-0.06629768159065463
22302	58	-0.01832866419331225
22302	59	0.28489226835444015
22302	60	-0.10798050811382609
22302	61	0.3068954389965697
22302	62	-0.13442656740193115
22302	63	0.520320222314993
22302	64	0.2625371395859375
22302	65	-0.14160702443807338
22302	66	0.2458563771949116
22302	67	-0.018612710550875988
22302	68	0.00929705191486363
22302	69	-0.17336635703039605
22302	70	0.09179886232649181
22302	71	0.075900167700226
22302	72	0.24828410928218858
22302	73	-0.005204956895980217
22302	74	0.3305064547028067
22302	75	0.477270515440928
22303	1	-0.09611841753056183
22303	2	0.03489133747504525
22303	3	0.06291060272570803
22303	4	0.040163988002571926
22303	5	0.012886366082792478
22303	6	-0.1841136009304094
22303	7	0.013979579402843001
22303	8	-0.026846523439239434
22303	9	-0.0875986394729793
22303	10	-0.02844102534663051
22303	11	0.26949841027647636
22303	12	0.025665244923111175
22303	13	0.07326511917297296
22303	14	-0.32394899839874824
22303	15	0.13674147387771995
22303	16	-0.007486700189332396
22303	17	-0.10267448873687357
22303	18	0.03649378830189676
22303	19	-0.10661776291113512
22303	20	0.05752272817981208
22303	21	-0.07528742131673027
22303	22	0.07462698768654974
22303	23	0.13724679110562477
22303	24	-0.29804495976704004
22303	25	-0.06914531820890346
22303	26	0.1509973678730816
22303	27	0.26346954594917094
22303	28	0.11397791062132967
22303	29	-0.18657538240692872
22303	30	-0.22912103027795894
22303	31	0.03580431701123388
22303	32	0.06657574607899619
22303	33	0.3207442155634226
22303	34	0.0039483648398359605
22303	35	-0.0712995859121861
22303	36	0.3780351020359092
22303	37	-0.20249004312590557
22303	38	0.06216268510629419
22303	39	0.14304842400751028
22303	40	0.369696487671753
22303	41	0.25472426938517145
22303	42	0.6166590546492046
22303	43	0.17931286741355734
22303	44	0.1866325339408732
22303	45	0.07282046692593269
22303	46	0.2892787356898907
22303	47	-0.03207103621313223
22303	48	0.4416233194076682
22303	49	0.209336306671851
22303	50	-0.020764996093497246
22303	51	0.440596051018872
22303	52	0.18998113673936956
22303	53	-0.05438441530069582
22303	54	0.1467194449918523
22303	55	-0.14155355435693906
22303	56	0.32538028203846636
22303	57	0.3497846821570505
22303	58	-0.1111103543341585
22303	59	-0.11051495761004304
22303	60	0.2448670117881946
22303	61	-0.1628458347327637
22303	62	0.30034073204693357
22303	63	0.017411465425830386
22303	64	0.38238557804276496
22303	65	0.27035715192445053
22303	66	0.10224033310428382
22303	67	-0.03504718697463716
22303	68	-0.1823823724574538
22303	69	0.18563548007922037
22303	70	-0.3453796434910217
22303	71	0.14225044326666847
22303	72	0.255020177867614
22303	73	0.3526410320813582
22303	74	0.29356524221046243
22303	75	-0.0636357919687427
22304	1	-0.20316067105168756
22304	2	0.023623731841244222
22304	3	0.13333313793697243
22304	4	-0.07532896974390724
22304	5	0.14528073227997496
22304	6	-0.12777557276139362
22304	7	-0.036724645949270496
22304	8	0.37315347656075915
22304	9	-0.0875986394729793
22304	10	0.14902376338576317
22304	11	-0.186839617892538
22304	12	-0.14898264240083137
22304	13	0.06763131635607067
22304	14	0.05633269174209943
22304	15	-0.20128669513636765
22304	16	-0.3398810663865177
22304	17	0.029719877460316013
22304	18	-1.2593000796812248E-4
22304	19	-0.2784487488266265
22304	20	-0.03825191970751263
22304	21	-0.027400097373067922
22304	22	0.1365988186724607
22304	23	-0.14444334973944706
22304	24	-0.09241115695013491
22304	25	0.0238124282699701
22304	26	-0.12224206874663679
22304	27	-0.2604741160226638
22304	28	0.1534145303396386
22304	29	-0.020378199308332512
22304	30	0.15397756127133277
22304	31	-0.2994069505944026
22304	32	-0.22074819758297082
22304	33	0.43342027190144705
22304	34	0.08563850568490494
22304	35	-0.6121446563347206
22304	36	-0.3515423627528236
22304	37	-0.20530694453435672
22304	38	-0.2617809768655377
22304	39	0.09516110006384793
22304	40	-0.16833168134233745
22304	41	-0.3424588292063788
22304	42	-0.4312282692944507
22304	43	0.0807213181177886
22304	44	0.07395647760284874
22304	45	0.22211624157381493
22304	46	-0.12198886994391245
22304	47	-0.026437233396237048
22304	48	0.20500360109780758
22304	49	-0.3709453834689995
22304	50	0.04965753911777426
22304	51	-0.4016574701078923
22304	52	0.11674170011965401
22304	53	0.10899586638944925
22304	54	0.10728282527354338
22304	55	0.06126334705150782
22304	56	-0.24645070387703072
22304	57	-0.08401813474436182
22304	58	-0.09139204447500049
22304	59	0.12047095788291529
22304	60	0.005430392069889933
22304	61	-0.5205923136060022
22304	62	0.1425942531736979
22304	63	0.0061438597920258076
22304	64	0.0471743104371285
22304	65	-0.16626256638541292
22304	66	-0.44987234295205525
22304	67	-0.7026528207774518
22304	68	-0.021818992175766994
22304	69	-0.6002800128785282
22304	70	0.11659218749488787
22304	71	-0.8042284299727669
22304	72	0.035301868008460247
22304	73	-0.2276406580594852
22304	74	-0.11488546201488958
22304	75	-0.7171569187293088
22305	1	-0.17183735511147802
22305	2	-0.08934264581186113
22305	3	0.06812069335303761
22305	4	-0.05768998822246729
22305	5	0.16829458139135767
22305	6	0.035385006311933864
22305	7	0.23669526067711644
22305	8	0.012778412807769257
22305	9	-0.2535055012564911
22305	10	-0.19998168994704457
22305	11	-0.13206304760731769
22305	12	0.4038362206381265
22305	13	0.19491759671230824
22305	14	-0.03624842167938169
22305	15	-0.07934389628195504
22305	16	9.012318597854119E-4
22305	17	0.040642236124831754
22305	18	-0.0054772580318172
22305	19	-0.252649384394914
22305	20	0.1463453575493432
22305	21	-0.18554674886978972
22305	22	0.23596717364912223
22305	23	-0.09176180083599661
22305	24	-0.09894730980038702
22305	25	-0.014305975747447519
22305	26	-0.30864404607018514
22305	27	0.014397397179109817
22305	28	-0.20297450022255958
22305	29	0.5391729796316014
22305	30	0.1295042590625357
22305	31	-0.09047760852527631
22305	32	0.018131319071272856
22305	33	-0.025726811153987228
22305	34	0.017883787963533848
22305	35	-0.011917107195877463
22305	36	-0.02999973652189425
22305	37	-0.1943375067376607
22305	38	0.07841283222857953
22305	39	-0.025235933950824574
22305	40	0.13780822214544486
22305	41	-0.23752729011108187
22305	42	0.15653900286216071
22305	43	0.027867145729693732
22305	44	-0.15701374484605424
22305	45	0.07617877835438946
22305	46	0.181585220840347
22305	47	0.18167607038186873
22305	48	0.2632561806419247
22305	49	-0.34265867155405516
22305	50	0.31319867450950767
22305	51	0.46047129131860487
22305	52	0.19359053687276173
22305	53	0.01924734742048173
22305	54	-0.2139145539880971
22305	55	0.14221591482584728
22305	56	0.19218557059431163
22305	57	-0.35440928386751125
22305	58	-0.5620264357810569
22305	59	0.5558744652782579
22305	60	0.2584964205527598
22305	61	0.07852102940470473
22305	62	-0.10676821691144056
22305	63	-0.004598028865821391
22305	64	0.05039138446906577
22305	65	0.031571793534553194
22305	66	-0.4102081740949046
22305	67	-0.23084929768906193
22305	68	-0.3091978614919455
22305	69	0.4002378575753909
22305	70	0.08413112586045912
22305	71	0.034329379278283056
22305	72	0.11276273347984045
22305	73	0.014361774362342317
22305	74	-0.21353193696486983
22305	75	-0.2793602221150806
22306	1	-0.03178226209378465
22306	2	-0.07424993676318081
22306	3	-0.13153362496732157
22306	4	-0.08225807902563886
22306	5	0.18930554598213334
22306	6	0.035276980787045886
22306	7	-0.26875617027528165
22306	8	-0.20319547587963882
22306	9	0.11367325783887594
22306	10	-0.09596082558852004
22306	11	-0.535877891857659
22306	12	-0.17199383977900595
22306	13	-0.09983776405437084
22306	14	-0.12470589434506252
22306	15	0.062331579609058
22306	16	-0.004669798780881251
22306	17	-0.2974776567755768
22306	18	-0.2269450162706903
22306	19	-0.0682189489748879
22306	20	-0.32521692302380245
22306	21	0.026167847693457702
22306	22	0.21280341466949437
22306	23	0.18067857293231526
22306	24	-0.1478674403569471
22306	25	0.13038649873151797
22306	26	-0.05680568311985468
22306	27	-0.06790262056794205
22306	28	0.05392563017967689
22306	29	-0.019496454546128916
22306	30	-2.575446550849847E-4
22306	31	-0.1996605497516697
22306	32	0.05248343598574934
22306	33	0.09754574496141544
22306	34	-0.5126604291986396
22306	35	0.1557848040843055
22306	36	0.20704684562765863
22306	37	0.3262915104615445
22306	38	-0.5244004610838715
22306	39	-0.30050040358407415
22306	40	-0.17703988625045497
22306	41	-0.28150139484954906
22306	42	0.19623066714969895
22306	43	-0.3554614293364651
22306	44	0.26958676904680345
22306	45	0.055669360843452864
22306	46	-0.12205909740284682
22306	47	-0.1993762525527245
22306	48	-0.19009608287862534
22306	49	-0.12514927719143998
22306	50	-0.4644230663989859
22306	51	-0.5671523786171164
22306	52	-0.19244639242453587
22306	53	0.10808290942327403
22306	54	0.056133826014836075
22306	55	-0.3235207035122585
22306	56	0.11422972216955429
22306	57	0.3298166746661195
22306	58	0.07083338566818043
22306	59	-0.32422491820463506
22306	60	0.10314799965445332
22306	61	-0.03687337950276515
22306	62	0.0254704577696927
22306	63	-0.4212370461421955
22306	64	0.26249950258726074
22306	65	-0.2880525862831931
22306	66	-0.13724310491998892
22306	67	-0.061195210851970216
22306	68	0.301578456226558
22306	69	0.18719609027780848
22306	70	0.02523406646957227
22306	71	-0.37330493888775607
22306	72	-0.24804251964711455
22306	73	-0.24337941191224388
22306	74	-0.1817029876674212
22306	75	0.3250966023974513
22307	1	-0.04418417053917878
22307	2	-0.23572860861659706
22307	3	0.277146964291326
22307	4	-0.009750593828034226
22307	5	-0.23464409973096068
22307	6	0.018581816859352784
22307	7	-0.013460532969503447
22307	8	0.21277991443327693
22307	9	-0.15024622308787627
22307	10	-0.26114289695362913
22307	11	0.04404759216022569
22307	12	0.1309308005208436
22307	13	-0.02729294620039724
22307	14	0.42844460852581534
22307	15	0.14402289827314974
22307	16	0.30530324704122336
22307	17	-0.06547013051204686
22307	18	-0.16639144764207003
22307	19	0.1718150984077198
22307	20	-0.1161988465515904
22307	21	0.026242513006188517
22307	22	0.2139383274230795
22307	23	0.19962862930462677
22307	24	-0.14466429844058837
22307	25	0.213197797086643
22307	26	0.43389475217891516
22307	27	0.040645811087166805
22307	28	0.051596072422327666
22307	29	-0.010902477050258597
22307	30	0.33957415973001304
22307	31	0.2801686160127872
22307	32	0.07044044369867919
22307	33	0.5376380312879547
22307	34	-0.3167759812366242
22307	35	-0.057086002525068125
22307	36	0.16795955441053678
22307	37	0.2495505020318305
22307	38	-0.017796314172400685
22307	39	0.017290100481446302
22307	40	0.48292681302006457
22307	41	-0.34331680726339897
22307	42	0.2885393932847933
22307	43	-0.018735801961177856
22307	44	0.018233460253469502
22307	45	-0.05164709315151583
22307	46	0.3064003331994769
22307	47	-0.2047372220071466
22307	48	0.22023460979148268
22307	49	0.450132024374291
22307	50	0.1263288879655775
22307	51	0.2291158490523557
22307	52	0.042226685503656824
22307	53	-0.03892562482197093
22307	54	0.08507410123117864
22307	55	0.3422549570890965
22307	56	0.049726358497217404
22307	57	0.22519563846091017
22307	58	0.027661901844425074
22307	59	0.26397348246436536
22307	60	-0.4085781877106811
22307	61	-0.18817516923031263
22307	62	0.19088399160428082
22307	63	-0.21333148282973724
22307	64	0.24561020884645757
22307	65	0.2275113981565582
22307	66	0.02979813273223897
22307	67	0.013007176944732635
22307	68	0.1542563276678237
22307	69	0.3963336312503998
22307	70	0.2092765958317031
22307	71	-0.08948715211695202
22307	72	-0.16622426995137118
22307	73	0.05676767875384314
22307	74	0.3712160527339847
22307	75	0.10946317921685988
22308	1	-0.10727768080250044
22308	2	-0.2933137907300818
22308	3	-0.10794530193301455
22308	4	-0.28966627563050906
22308	5	-0.06743143817867647
22308	6	-0.04821616503296866
22308	7	-0.08703161597455278
22308	8	-0.19871362347534927
22308	9	-0.3367138435177566
22308	10	0.03475868574040675
22308	11	0.08961397546246275
22308	12	-0.04887430003897464
22308	13	0.1172160039689274
22308	14	-0.3976940327071645
22308	15	-0.042817933850706424
22308	16	-0.1405672346783149
22308	17	-0.03615227855269154
22308	18	0.11446417472298265
22308	19	-0.22193015005450434
22308	20	-0.021928337186743363
22308	21	-0.17875437689635731
22308	22	-0.027142604223890032
22308	23	-0.15217177155237493
22308	24	0.05302040679128339
22308	25	-0.174237409216488
22308	26	-0.06976825148408494
22308	27	-0.21511478052248378
22308	28	-0.05044968056682109
22308	29	-0.20065988944917734
22308	30	-0.24891156837836093
22308	31	-0.1723574742491536
22308	32	-0.3197731163262034
22308	33	-0.29810735540082334
22308	34	-0.15303971750036283
22308	35	0.14802146862013643
22308	36	-0.08155319698900598
22308	37	0.2509949695140321
22308	38	-0.3652840465657903
22308	39	0.13568114340079518
22308	40	0.08464773360891087
22308	41	-0.0645967851471525
22308	42	0.10806389394137028
22308	43	-0.1731970639696101
22308	44	0.04437901281411882
22308	45	-0.19756595416471612
22308	46	0.148144752302386
22308	47	0.2991676781241708
22308	48	-0.13349405148435523
22308	49	-0.15913606602588004
22308	50	-0.22701273896095842
22308	51	-0.12816523464382357
22308	52	-0.22966494487854305
22308	53	-0.34593371107533955
22308	54	-9.511942280795438E-4
22308	55	0.07162809966978045
22308	56	-0.1096143008434467
22308	57	-0.31059812752153704
22308	58	-0.2718543052189517
22308	59	0.003063951743513371
22308	60	-0.2767653464638755
22308	61	-0.2963236245485845
22308	62	0.05205615277643716
22308	63	0.18693114762157137
22308	64	0.017957986854611363
22308	65	-0.05293645587619977
22308	66	0.10870476069546697
22308	67	-0.015978931286660725
22308	68	-0.14099559022560726
22308	69	-0.05892934476730005
22308	70	-0.026275273682429656
22308	71	-0.23597274199877205
22308	72	-0.2536110969608458
22308	73	-0.02843516871315188
22308	74	-0.2607142810831462
22308	75	0.09945557675642647
22309	1	-0.3842007577255764
22309	2	0.20925031183402254
22309	3	0.15872136473365117
22309	4	0.28469269872846326
22309	5	0.07872240797517094
22309	6	-0.043087959904767104
22309	7	0.42066069171775666
22309	8	0.2166709919092611
22309	9	0.1145682077642931
22309	10	0.09886124984296885
22309	11	0.23063961648810505
22309	12	0.10240775124307788
22309	13	0.045421132174055856
22309	14	0.42794699293386174
22309	15	0.2597461687133986
22309	16	0.1953302012191216
22309	17	0.2151297727293624
22309	18	0.38369494395375625
22309	19	-0.029622457746818043
22309	20	-0.006543721802131586
22309	21	0.20586100771902238
22309	22	-0.034834911916199474
22309	23	0.26064874126813464
22309	24	0.08378963756051405
22309	25	-0.1101348451139259
22309	26	0.31741123569540264
22309	27	0.03873137332367094
22309	28	-0.01455224466938887
22309	29	0.05318626439697738
22309	30	0.3100627905959996
22309	31	-0.04671644860812307
22309	32	0.14689355034046514
22309	33	-0.021184278477747398
22309	34	0.27516541070476563
22309	35	-0.008388787790117647
22309	36	0.11844680301098975
22309	37	0.11766163618069925
22309	38	0.41163903035728566
22309	39	0.39465550237515146
22309	40	0.4025964515576277
22309	41	0.18668526613489433
22309	42	-0.05860277272529402
22309	43	0.22167473090218692
22309	44	0.22899439742950278
22309	45	0.3614084048096444
22309	46	0.4045550087126415
22309	47	0.10685998581647738
22309	48	-0.3514427694330706
22309	49	0.3870177801279695
22309	50	0.15760264565442839
22309	51	-0.18201138848997545
22309	52	0.48059146537787
22309	53	-0.048497813639443166
22309	54	0.4041770109001277
22309	55	-0.14119241315072628
22309	56	0.37243698120784074
22309	57	0.31760700068359426
22309	58	0.2153251819605373
22309	59	0.5030639517435134
22309	60	0.16682439712586472
22309	61	0.20624047801552337
22309	62	-0.2633284626081789
22309	63	-0.01819705750663303
22309	64	0.22308619198281576
22309	65	0.3880891851494397
22309	66	0.3215252735159808
22309	67	0.058380043072311594
22309	68	0.29233774310772986
22309	69	0.41542962959167795
22309	70	0.609622162215004
22309	71	0.1665913605653344
22309	72	0.38997864662889725
22309	73	0.49464175436376934
22309	74	0.38543956507070476
22309	75	0.4686863459871944
22310	1	0.14576927224445058
22310	2	-0.0482255456418379
22310	3	-0.02273051671823012
22310	4	-0.0662563522205879
22310	5	-0.24312241386964928
22310	6	-0.28541230222910485
22310	7	-0.29079451973745307
22310	8	-0.3289500537117789
22310	9	-0.2920251988291156
22310	10	-0.843696192714475
22310	11	-0.2777852919368087
22310	12	-0.5036195547842226
22310	13	0.012354199107122099
22310	14	-0.11970535471848365
22310	15	-0.16276465379742433
22310	16	0.008317214206130075
22310	17	-0.35623219863261113
22310	18	-0.11806995781114438
22310	19	-0.16815059627495543
22310	20	-0.048568363826767325
22310	21	-0.3554776536196371
22310	22	-0.5269095039907867
22310	23	-0.07731329669390163
22310	24	-0.6043555505846712
22310	25	-0.2843273193063993
22310	26	-0.5323390140548483
22310	27	-0.49010645551415877
22310	28	-0.36237109248823884
22310	29	-0.3149456037348912
22310	30	0.0023038828370900433
22310	31	-0.4447517466434263
22310	32	-0.29040248695557125
22310	33	-0.38022523751870807
22310	34	-0.2933993578600038
22310	35	-0.19107277047410065
22310	36	-0.2573773728131812
22310	37	-0.2766440581249938
22310	38	-0.3735424548242037
22310	39	-0.5935895858699354
22310	40	-0.25071690175572314
22310	41	-0.4358921564425273
22310	42	-0.1596350737575989
22310	43	-0.32787571864826504
22310	44	-0.18549111705601717
22310	45	-0.10369316029192532
22310	46	-0.054785650628019766
22310	47	-0.19047601151952165
22310	48	-0.4265676445579416
22310	49	-0.17701818390799673
22310	50	-0.14752555947377743
22310	51	-0.5853413918199806
22310	52	-0.47828299349659176
22310	53	-0.22255708769871774
22310	54	-0.50914300241989
22310	55	-0.21545148740980125
22310	56	-0.5814424726716183
22310	57	-0.08149389841730681
22310	58	-0.47368580705045815
22310	59	-0.40596035728079727
22310	60	-0.040335110033645094
22310	61	-0.44757237579733555
22310	62	-0.3337913330710478
22310	63	-0.38196662127619874
22310	64	-0.35630108740446076
22310	65	-0.36322616616591574
22310	66	0.15089590288661014
22310	67	-0.4303645456722762
22310	68	0.07878462955461885
22310	69	-0.781073866911818
22310	70	-0.5922426396497968
22310	71	-0.3709377769638067
22310	72	-0.1034945468442956
22310	73	-0.6702600105379943
22310	74	-0.14243256280142447
22310	75	-0.06970859240774274
22311	1	-0.1281854936163178
22311	2	-0.23194939359544975
22311	3	-0.03606339793622837
22311	4	-0.23896667062281196
22311	5	-0.32773805932080435
22311	6	-0.17471412312362133
22311	7	-0.40198776513435774
22311	8	0.060823097419074657
22311	9	-0.45815723911258743
22311	10	-0.2375316001268999
22311	11	0.21956644249064539
22311	12	-0.11965156454991899
22311	13	-0.14941718877392418
22311	14	-0.17514599762648686
22311	15	-0.22363068072088765
22311	16	-0.0516671878148216
22311	17	0.049166058462773776
22311	18	0.22846966444649297
22311	19	0.17542540996424094
22311	20	-0.2526306201083486
22311	21	-0.40448243473930034
22311	22	-0.14091377648070136
22311	23	-0.08859809544605923
22311	24	-0.39378283348454346
22311	25	-0.4168965777242235
22311	26	-0.10247227504972756
22311	27	-0.29767486621572914
22311	28	0.005619141820538687
22311	29	-0.3280750330523148
22311	30	-0.26769713442241283
22311	31	-0.3593562022400434
22311	32	-0.28261706089338645
22311	33	-0.020461241723381818
22311	34	-0.1291594202519164
22311	35	-0.14903282608428725
22311	36	0.18119032580673178
22311	37	0.13820793061733383
22311	38	-0.10014379082501534
22311	39	-0.480707689698221
22311	40	-0.04214479501129631
22311	41	-0.5834693833931226
22311	42	-0.31619131125378175
22311	43	-0.5193375205539326
22311	44	-0.07598652243392934
22311	45	-0.03569275338811906
22311	46	-0.3416189217954937
22311	47	0.18763256397809158
22311	48	-0.20129213677591196
22311	49	-0.6213774799644156
22311	50	0.20443266506930513
22311	51	-0.28278128873768793
22311	52	-0.5252396921504143
22311	53	-0.2918867136863099
22311	54	0.015457723225225095
22311	55	-0.7182828596928701
22311	56	-0.43106439122303897
22311	57	-0.38034439517902996
22311	58	0.14697812431843715
22311	59	-0.017468953123596975
22311	60	-0.40460895629182403
22311	61	-0.09612278100570393
22311	62	-0.41523312887315456
22311	63	-0.28888059503090346
22311	64	0.1361678014090728
22311	65	-0.1632397296259498
22311	66	-0.3515014386752213
22311	67	-0.15006208051341474
22311	68	0.2649092099350696
22311	69	-0.3175087114406594
22311	70	0.09420407290657806
22311	71	-0.2107668773673197
22311	72	0.24067825163660217
22311	73	-0.1671912777042479
22311	74	0.16736364621149136
22311	75	0.4895874640162532
22312	1	-0.00891434201362884
22312	2	0.09765729492185571
22312	3	0.17147368333703383
22312	4	0.007769621805387317
22312	5	0.01396517938815478
22312	6	-0.08783700518572601
22312	7	0.20483963334350364
22312	8	-0.2923170059085223
22312	9	-0.3926331015646767
22312	10	0.370997092723492
22312	11	-0.05787647734714341
22312	12	0.17661669832436644
22312	13	0.07402178683854288
22312	14	-0.23686479102685354
22312	15	0.2483986509829066
22312	16	0.05118126504890341
22312	17	-0.12563673027118227
22312	18	-0.07349272653178929
22312	19	-0.09327494001632175
22312	20	0.14105584175488417
22312	21	-0.14393440962958692
22312	22	0.11873846506143337
22312	23	0.009257579238678204
22312	24	0.14277763537830168
22312	25	0.17981332728105315
22312	26	0.24924429625186661
22312	27	0.07147823638968731
22312	28	0.15686073950955404
22312	29	-0.10651095327896343
22312	30	-0.4095225885638456
22312	31	0.029129159684288197
22312	32	0.21868842213533668
22312	33	0.16911850384631322
22312	34	0.2546525901919452
22312	35	-0.07682850410217412
22312	36	0.3819083414725313
22312	37	0.13292350197448144
22312	38	-0.019280227689634444
22312	39	0.12463368022567067
22312	40	0.18804380562200862
22312	41	-0.14027872731846003
22312	42	-0.014221976216838073
22312	43	-0.2001746962663944
22312	44	0.1262939064311368
22312	45	-0.03534555045494869
22312	46	-0.0677035837587141
22312	47	0.11981688707125215
22312	48	0.012959849224870368
22312	49	0.1571487130248599
22312	50	0.1599212490368629
22312	51	-0.009643685271207403
22312	52	0.2027545859452431
22312	53	0.42374713998848534
22312	54	0.678754206753915
22312	55	0.0820754537341628
22312	56	0.17966556822366186
22312	57	0.1005038910272873
22312	58	0.3872564421896669
22312	59	0.301659150870627
22312	60	0.17555325691855472
22312	61	0.07429830671164694
22312	62	0.08412107367114885
22312	63	0.19897424636679517
22312	64	-0.21994435902645648
22312	65	0.08671166196340607
22312	66	0.2748804289987987
22312	67	-0.1534993895517971
22312	68	0.1619913164847091
22312	69	0.4515180092970823
22312	70	0.21650977814517347
22312	71	0.6345264396706227
22312	72	-0.19077694529690348
22312	73	-0.10366702905139391
22312	74	-0.298193822818007
22312	75	0.38094766622723597
22401	1	-0.08980973208455367
22401	2	0.00468300414171452
22401	3	0.10864123652852342
22401	4	-0.32556371152794483
22401	5	0.10139869002645341
22401	6	-0.49973860093040656
22401	7	-0.22905885956429728
22401	8	-0.06686266193688795
22401	9	-0.2876353178767346
22401	10	0.08099266009938333
22401	11	-0.1456424347939489
22401	12	-0.09859385132102005
22401	13	0.08792914499456828
22401	14	-0.2736555711687032
22401	15	-0.1475454979532671
22401	16	-0.30935729878088125
22401	17	-0.021248432398842
22401	18	-0.3658242868154744
22401	19	-0.0020182910801480602
22401	20	0.24549954742864344
22401	21	0.10445876412928357
22401	22	0.026262844494056026
22401	23	-0.04648266898827558
22401	24	0.11523995807333876
22401	25	-0.23846016562674777
22401	26	-0.060152866868705246
22401	27	0.0733066938364928
22401	28	-0.00958429595144139
22401	29	0.15246511055082124
22401	30	-0.034688811968102584
22401	31	-0.4360193332235127
22401	32	-0.17714491119799902
22401	33	-0.11617626565723782
22401	34	0.1140275901919452
22401	35	-0.19224295445678763
22401	36	-0.11809165852746872
22401	37	0.09951259771916199
22401	38	-0.28146994400169234
22401	39	-0.22349353608638722
22401	40	-0.12717117664750077
22401	41	0.062125971263100155
22401	42	-0.08015725990478018
22401	43	-0.2879406537131999
22401	44	-0.3014543205192197
22401	45	0.12162475096349112
22401	46	-0.36579755538992487
22401	47	-0.17639321931172702
22401	48	-0.27516071815102094
22401	49	-0.04315048910279984
22401	50	-0.344400559473776
22401	51	0.43794053458694293
22401	52	-0.11367936795546285
22401	53	-0.19853787774200526
22401	54	-0.09778613012551318
22401	55	-0.08470202853534659
22401	56	-0.1236367367408775
22401	57	0.16139706478615778
22401	58	0.11187966914002345
22401	59	-0.05206425338469245
22401	60	0.15821061507458012
22401	61	-0.6616281117280707
22401	62	0.03314589636618592
22401	63	-0.33033648058356135
22401	64	-0.03909329519667182
22401	65	-0.39760793023517493
22401	66	-0.3223048546891434
22401	67	-0.501515790261017
22401	68	-0.11094751330252706
22401	69	-0.1553636396390914
22401	70	-0.0025172608619143944
22401	71	0.25841828364225705
22401	72	-0.4214396226018664
22401	73	0.46343181846633286
22401	74	-0.3538232554421157
22401	75	-0.279070064269213
22402	1	-0.03985224909135354
22402	2	0.07366684767912801
22402	3	-0.2067286614306596
22402	4	-0.12233241901093805
22402	5	-0.008614065075587263
22402	6	-0.39992992746101663
22402	7	-0.002390067047286948
22402	8	-0.03428400547430499
22402	9	0.13195439300762501
22402	10	-0.044113632417627
22402	11	0.08394940194074252
22402	12	-0.15338764383803039
22402	13	0.1650443660830092
22402	14	-0.08445489089659475
22402	15	-0.0018184571369417313
22402	16	-0.08120041102577602
22402	17	0.260001567601158
22402	18	-0.09520353851615937
22402	19	-0.14918028087606672
22402	20	-0.02676873488428555
22402	21	-0.011878395734662206
22402	22	-0.0649892813562829
22402	23	-0.33464168259371263
22402	24	0.07096912474000305
22402	25	-0.04017147515055797
22402	26	0.03593556850544388
22402	27	-0.3790211122859546
22402	28	0.014437812892097668
22402	29	0.2044421513671466
22402	30	-0.2567870262538179
22402	31	0.09996068378329426
22402	32	0.13705576907410943
22402	33	-0.30819369763002413
22402	34	0.01230565141643325
22402	35	-0.03764048847038737
22402	36	0.11405119861538537
22402	37	-0.13661622881144808
22402	38	0.14816440973980605
22402	39	-0.2512890292836616
22402	40	-0.07747942494681581
22402	41	0.07004476378011049
22402	42	0.31833338635372144
22402	43	0.13552873404190535
22402	44	0.2321341148549294
22402	45	0.04259626456892818
22402	46	0.05235720651484144
22402	47	0.09050729089235432
22402	48	0.3005195539578267
22402	49	0.07595027620332218
22402	50	0.018800971138468014
22402	51	0.2499090720019126
22402	52	0.04708806401732346
22402	53	0.2555969011695538
22402	54	0.03747109776563917
22402	55	-0.04059063397752283
22402	56	0.3328896238033394
22402	57	-0.017440095077787987
22402	58	-0.307869480519841
22402	59	-0.013798947262245065
22402	60	-0.14668946995943344
22402	61	-0.1557820232926943
22402	62	0.21639419568591478
22402	63	0.3150185364232456
22402	64	-0.05439941764564793
22402	65	0.2449834813294487
22402	66	0.10488477116119554
22402	67	0.210590927426054
22402	68	0.11960095608522892
22402	69	0.06099477872825787
22402	70	0.12923231396801782
22402	71	0.25990637888035195
22402	72	0.26547576855459454
22402	73	0.027791937513953258
22402	74	0.1974097377551587
22402	75	-0.10857686699030467
22403	1	-0.019053559245048035
22403	2	0.11637281895652762
22403	3	-0.27195289927394484
22403	4	0.07073258476835065
22403	5	0.0064527023721332455
22403	6	0.1837876336374933
22403	7	-0.16765839660133253
22403	8	0.38504706028533064
22403	9	3.829323437543053E-5
22403	10	-0.025450241135189344
22403	11	0.04602423187272109
22403	12	0.097374512876506
22403	13	-0.15657316982024128
22403	14	-0.029982731662528295
22403	15	-0.25136494239771423
22403	16	0.05705859628084653
22403	17	-0.14802312375686455
22403	18	-0.07917305224757598
22403	19	0.04445161632725814
22403	20	0.1651561832311117
22403	21	0.04622188141323136
22403	22	-0.09077033451828953
22403	23	0.012120726073455046
22403	24	-0.26483334439579664
22403	25	-0.1244748261205757
22403	26	-0.0073750890909281
22403	27	0.1864046876636536
22403	28	-0.5041059008897122
22403	29	-0.062388284510909386
22403	30	-0.0566988428322972
22403	31	0.06866816677649012
22403	32	-0.06773133095108363
22403	33	-0.09848722244736052
22403	34	-0.009544940672249425
22403	35	-0.1318455779135732
22403	36	-0.24432622642870427
22403	37	-0.28376286524380134
22403	38	0.1841936362452259
22403	39	-0.25615171509873136
22403	40	-0.037954355659842065
22403	41	0.29798631076927506
22403	42	-0.10627608706527525
22403	43	-0.08269374013295305
22403	44	0.21351481528325422
22403	45	-0.02083281076490806
22403	46	0.38613145695575923
22403	47	0.06346017575000218
22403	48	-0.0458397304966951
22403	49	-0.07357101379415809
22403	50	0.0969188849706697
22403	51	0.029954423475835767
22403	52	-0.5799023617826222
22403	53	0.2799922148505871
22403	54	-0.4973424572860097
22403	55	0.21626247763749262
22403	56	0.053253695357888375
22403	57	-0.22569784262125125
22403	58	-0.461692861724174
22403	59	0.04855303056592675
22403	60	-0.42510342813529434
22403	61	0.018966024074401844
22403	62	-0.38089731351035994
22403	63	-0.19806410404034835
22403	64	0.17417830974159898
22403	65	0.4838156808759351
22403	66	0.19085100950838552
22403	67	-0.08112612976719191
22403	68	-0.20975152564820831
22403	69	-0.15750484334279236
22403	70	0.039631658891167376
22403	71	0.7020139626545969
22403	72	0.5158096057931942
22403	73	0.11059617031818902
22403	74	0.22171686801467416
22403	75	0.23373857770609163
22404	1	-0.1897933278850772
22404	2	0.09683359469289599
22404	3	-0.3225021361748901
22404	4	0.14818956931194904
22404	5	-0.0982814280837836
22404	6	-0.023483679670562196
22404	7	-0.1285216220314851
22404	8	0.33657811890300593
22404	9	0.22960959682143312
22404	10	-0.005580502630280648
22404	11	-0.21224348466271437
22404	12	-0.0781091072265312
22404	13	0.19892405969273597
22404	14	0.15465807712526214
22404	15	0.36053357028820443
22404	16	0.4100283639487756
22404	17	0.11236377232556549
22404	18	0.12720392840761718
22404	19	-0.020698573232380113
22404	20	0.01885502643126813
22404	21	-0.07342427392845963
22404	22	0.30425250984838925
22404	23	0.007610178780758758
22404	24	0.1208378911442054
22404	25	-0.09678939791020724
22404	26	-0.043420583404135016
22404	27	0.13299747467638667
22404	28	0.07826019223753633
22404	29	-0.00538429889800085
22404	30	-0.3646797896583891
22404	31	0.05764454472924285
22404	32	-0.10152155161794241
22404	33	-0.02174959242888974
22404	34	0.13129301013945138
22404	35	0.1742883775642099
22404	36	-0.06592630419675771
22404	37	-0.12499937734645528
22404	38	0.2023719195153717
22404	39	-0.3377692906795602
22404	40	0.4730789873944943
22404	41	-0.16041749986550968
22404	42	0.1949001547933804
22404	43	0.15333231216606436
22404	44	0.2498908238377382
22404	45	0.30861211972989366
22404	46	-0.2141407312429422
22404	47	-0.1205779305978183
22404	48	-0.005147594791438337
22404	49	0.3259234938368323
22404	50	0.07977102845273265
22404	51	-0.15552239192223993
22404	52	0.42468595356684347
22404	53	-0.1440964407341312
22404	54	0.05212774782724239
22404	55	0.09119200033604358
22404	56	0.3718110979047893
22404	57	-0.18626943783851857
22404	58	0.10749154578044084
22404	59	0.2858622558016606
22404	60	0.31128230142628865
22404	61	0.0569168357784946
22404	62	-0.31642759444746815
22404	63	0.44822733175239904
22404	64	0.024883082756083752
22404	65	0.3328095566414646
22404	66	-0.33161423789124456
22404	67	-0.28151497005104886
22404	68	-0.01945309073035162
22404	69	-0.507869381108911
22404	70	0.018828703705011662
22404	71	-0.02529234627900223
22404	72	0.13439617136138793
22404	73	0.2807915625608217
22404	74	0.14445430361300282
22404	75	-0.17884040547656355
22405	1	0.07460177994293815
22405	2	0.17870577046473812
22405	3	0.1568048963223383
22405	4	0.023233539331162234
22405	5	0.0329386384800614
22405	6	-0.10009298237370245
22405	7	-0.09522617056085636
22405	8	-0.047828082899087576
22405	9	0.32638422679680446
22405	10	-0.07627752890405759
22405	11	-0.19847748634033735
22405	12	-0.06957215888115797
22405	13	0.336935803070169
22405	14	-0.21931708319619503
22405	15	0.05493517214982546
22405	16	0.13450545895107524
22405	17	-0.22711183446070038
22405	18	0.3984583592326345
22405	19	-0.17171867767808635
22405	20	0.3283227862602587
22405	21	0.30728844625986795
22405	22	0.10903238916759506
22405	23	0.41619989114918354
22405	24	-0.06820613299195344
22405	25	0.022788760490094262
22405	26	0.354366033474939
22405	27	0.0664606886818504
22405	28	0.1546124394437527
22405	29	0.11944320333432756
22405	30	0.0322409560731316
22405	31	0.3308674794912676
22405	32	0.07693584481575044
22405	33	0.4053819388101161
22405	34	0.14382784792390169
22405	35	0.09332942526830124
22405	36	0.2878361765240811
22405	37	0.08074648947174268
22405	38	0.11855153366153814
22405	39	0.21220770961808455
22405	40	-0.23866709589148627
22405	41	-0.1542346387025333
22405	42	0.23583286037013096
22405	43	-0.1938684887647497
22405	44	-0.13242511089722342
22405	45	0.06237324752706286
22405	46	0.12636309753104058
22405	47	0.020288481719198614
22405	48	-0.08486862193108635
22405	49	0.031189072752873415
22405	50	0.052989904443748514
22405	51	0.031099898848111707
22405	52	-0.33401334561869334
22405	53	-0.046449174992865494
22405	54	-0.10162526242792325
22405	55	0.12057073778768057
22405	56	0.00517554848249091
22405	57	0.07621128299921054
22405	58	-0.083405983780942
22405	59	0.07937904558438191
22405	60	-0.08601726293228751
22405	61	0.06941785047124682
22405	62	0.4530342125173874
22405	63	0.1271108991415275
22405	64	0.01889639552497613
22405	65	-0.19155659862006047
22405	66	-0.03692040451732481
22405	67	0.21645564444688148
22405	68	0.12664913618201012
22405	69	0.067332880979464
22405	70	0.1387789161140276
22405	71	0.3944792802058288
22405	72	0.10081660592047115
22405	73	-0.15482956469517717
22405	74	-0.012221021765142837
22405	75	0.06478732404693233
22406	1	0.23915019157956863
22406	2	-0.15645726303385743
22406	3	-0.03945831817885548
22406	4	0.09301135208528422
22406	5	0.05619353735469801
22406	6	-0.25128917344949286
22406	7	-0.21866207203248678
22406	8	-0.08501231206411575
22406	9	-0.12023312322024537
22406	10	-0.42548793786499317
22406	11	-0.089344724870287
22406	12	-0.03603421391644446
22406	13	-0.2628779478807459
22406	14	0.0684245815030522
22406	15	-0.1341469610575956
22406	16	-0.22095478605823615
22406	17	-0.0892350736202161
22406	18	-0.3239190705304864
22406	19	0.02686609187150424
22406	20	-0.021536871146423664
22406	21	-0.16444629312263004
22406	22	0.17450155314546123
22406	23	-0.056223445069697675
22406	24	-0.028267516481371047
22406	25	-0.20774690226796366
22406	26	0.13291329089211246
22406	27	0.3322721836583753
22406	28	-0.043696891371283186
22406	29	-0.42406955866037777
22406	30	-0.21998222799863498
22406	31	-0.4188636398392873
22406	32	-0.22405966946771372
22406	33	0.24532580177279328
22406	34	-0.1931845599352826
22406	35	-0.12849056896060063
22406	36	-0.23673033537225052
22406	37	-0.5121485027897421
22406	38	-0.09070976588463964
22406	39	0.2717155924123418
22406	40	-0.30550689547701637
22406	41	-0.19648169413130034
22406	42	-0.055705924026916875
22406	43	-0.5331696613467898
22406	44	0.08992608660546608
22406	45	-0.6003257897489789
22406	46	-0.31323712281994887
22406	47	0.5060574804338174
22406	48	-0.5210258581001312
22406	49	-0.058039961112974936
22406	50	-0.21928128466461771
22406	51	-0.059952277117886865
22406	52	-0.27487927253562106
22406	53	-0.028630912093149163
22406	54	-0.029978401117880082
22406	55	-0.2858391150493418
22406	56	-0.2159951973006784
22406	57	-0.05645837414514432
22406	58	-0.01785156495667195
22406	59	-0.15957061470784595
22406	60	-0.18520143963279878
22406	61	-0.2552588369189053
22406	62	-0.20969761508419538
22406	63	-0.18249535462935995
22406	64	0.10308227732241448
22406	65	0.055656223708844266
22406	66	-0.4224559361140834
22406	67	-0.2685919671058059
22406	68	-0.33633714434578366
22406	69	-0.1377706052879475
22406	70	-0.4793580687499599
22406	71	-0.06911034231194435
22406	72	-0.2772164991921997
22406	73	-0.23947451105020434
22406	74	0.011237177127853215
22406	75	0.1800584344585232
22407	1	-0.12133603624016587
22407	2	-0.02558611610585615
22407	3	-0.24136705259614644
22407	4	0.038273600585227996
22407	5	-0.008722331193705912
22407	6	-0.2599756698959226
22407	7	-0.2704975753025778
22407	8	0.19394773815152888
22407	9	0.38035070113299696
22407	10	-0.03827402867161567
22407	11	5.777243572424595E-4
22407	12	-0.06797244327504615
22407	13	-0.29224465031931146
22407	14	0.06614327940601328
22407	15	0.10713785748439619
22407	16	0.3905556654100977
22407	17	-0.08283662868531394
22407	18	0.06733773794137221
22407	19	-0.10884438524460194
22407	20	0.22033514645605123
22407	21	0.08464084856782961
22407	22	0.025730958994500952
22407	23	0.39937553171906615
22407	24	0.0921892838911944
22407	25	0.18491378441746065
22407	26	0.2410186627511024
22407	27	0.14067655457920125
22407	28	-0.27812430479317385
22407	29	0.011011198083977547
22407	30	-0.3415729300052348
22407	31	-0.27810460068593557
22407	32	0.31683165820960824
22407	33	0.10560617245063497
22407	34	0.19099211273836403
22407	35	0.054033847046312644
22407	36	0.08184202847518662
22407	37	-0.23538876169728695
22407	38	0.3554940259364159
22407	39	0.23117185958116693
22407	40	0.002684868887428138
22407	41	0.4471627197157986
22407	42	0.25987644920220276
22407	43	0.05323971763958468
22407	44	0.16931269981677133
22407	45	0.34505119879726465
22407	46	0.2517698628240481
22407	47	0.0012012767094944365
22407	48	0.4543927743335061
22407	49	0.049086745645212204
22407	50	-0.07272449846581708
22407	51	0.13752884139508126
22407	52	0.21949509048838678
22407	53	-0.28943503733528786
22407	54	0.5165554370716521
22407	55	0.09134516421443806
22407	56	0.2816323835066896
22407	57	0.5343178760151588
22407	58	0.10153207851225687
22407	59	0.28414264316703
22407	60	-0.11478479827643184
22407	61	-0.11754378369977303
22407	62	-0.014875765879615699
22407	63	-0.09653481170646216
22407	64	-0.1163479371064895
22407	65	-0.20041656197700064
22407	66	0.013832965823674215
22407	67	-0.2249974989259158
22407	68	0.19587443629959722
22407	69	0.1690105314484427
22407	70	-0.06535573345254164
22407	71	-0.07549528841786923
22407	72	0.3773349684679843
22407	73	0.04247552978375069
22407	74	-0.03737210601683216
22407	75	-0.2186699758518884
22408	1	-0.2689422457457553
22408	2	0.13215909703788853
22408	3	-0.24817228806163882
22408	4	-0.19168393010718177
22408	5	0.1547627610647062
22408	6	0.004957437320960878
22408	7	-0.15302573114899332
22408	8	-0.25192926029754403
22408	9	-0.06517117853246646
22408	10	0.14409033769501178
22408	11	-0.26107959326389363
22408	12	-0.3504295753647355
22408	13	-0.14776928396717892
22408	14	-0.40446158209766025
22408	15	0.3510029993144954
22408	16	-0.23144575506503173
22408	17	0.007269327163996309
22408	18	-0.33559887697941093
22408	19	-0.16787382386703342
22408	20	-0.041684537270811006
22408	21	-0.2825374790401156
22408	22	-0.0762388631562132
22408	23	-0.10753116625603099
22408	24	0.054575682117054214
22408	25	-0.006603949779751872
22408	26	-0.13050805812553534
22408	27	-0.18501810124547546
22408	28	-0.13031517026838202
22408	29	-0.005577922236064126
22408	30	-0.4263810933888692
22408	31	-0.39362691519072257
22408	32	-0.13103835382094786
22408	33	-0.13022168915450294
22408	34	-0.42840751909767505
22408	35	-0.45756911565896985
22408	36	-0.49172553830889143
22408	37	-0.5869201208600714
22408	38	0.065695356544758
22408	39	-0.5438060360863872
22408	40	-0.4545704252813749
22408	41	0.18580254230135296
22408	42	-0.26927952766434515
22408	43	0.145802515685709
22408	44	0.03017136254089081
22408	45	-0.2050060550474413
22408	46	0.3218732096374026
22408	47	-0.20755783679806683
22408	48	-0.02857601869746418
22408	49	-0.2871310218896852
22408	50	-0.006541952916400362
22408	51	-0.2414481266152393
22408	52	-0.8713211029281425
22408	53	-0.06615229031031333
22408	54	0.08173060484715933
22408	55	0.14506231572695327
22408	56	0.06377788074546231
22408	57	0.033622133092165996
22408	58	0.30305111722745437
22408	59	-0.04796589272895346
22408	60	0.07329770523851664
22408	61	0.38371000302603164
22408	62	-0.2650098413387312
22408	63	0.11992820520879377
22408	64	-0.2761151531201662
22408	65	-0.3874047198526611
22408	66	-0.10995854321373599
22408	67	-0.03998061266538855
22408	68	-0.28538398871236126
22408	69	0.10193656527894035
22408	70	-0.5303946515723013
22408	71	-0.20213499504627208
22408	72	-0.11641059254722563
22408	73	-0.11174748481235497
22408	74	0.05071909428465915
22408	75	-0.3197121407719479
22409	1	0.05362751569591495
22409	2	0.005351385901196437
22409	3	-0.0578614874424197
22409	4	0.09372603827027959
22409	5	-0.1784514915716109
22409	6	0.38150383248363795
22409	7	-0.06266332889440207
22409	8	-0.026198567909446524
22409	9	0.17964550335006635
22409	10	-0.17361034635744232
22409	11	0.24328008336586038
22409	12	0.06578392309382508
22409	13	0.2240204989090202
22409	14	-0.12630892064408528
22409	15	0.10445964732518576
22409	16	-0.07246640895037615
22409	17	0.19402093806120746
22409	18	0.04380545491171972
22409	19	0.18716527429515395
22409	20	-0.3604767943792666
22409	21	-0.14055359462778227
22409	22	0.030695602766861896
22409	23	-0.13903462621183849
22409	24	-0.10336501569582879
22409	25	9.907524523526945E-4
22409	26	0.05617078123460573
22409	27	-0.44366137517076965
22409	28	0.14328596232136448
22409	29	0.12912219287527904
22409	30	0.3963606735040557
22409	31	-0.19025031587080576
22409	32	-0.517389059704854
22409	33	-0.058323410532132414
22409	34	-0.10854353571604491
22409	35	-0.08796909448906831
22409	36	-0.10386647692940443
22409	37	-0.16147786838253353
22409	38	-0.027207433912906254
22409	39	0.06676700669004987
22409	40	-0.03125839416162535
22409	41	-0.4351437523042918
22409	42	-0.31349815982407137
22409	43	0.16756782086306998
22409	44	-0.3650640864594905
22409	45	-0.24804711142553515
22409	46	-0.18311494844883924
22409	47	-0.03894618541342254
22409	48	-0.06319542355860364
22409	49	0.26524463801584375
22409	50	-0.14800982097498405
22409	51	0.14510104709703597
22409	52	-0.0914020778021154
22409	53	-0.15295550284289305
22409	54	-0.04161053488741828
22409	55	-0.6799022908436569
22409	56	0.025513283436680467
22409	57	-0.06348817532683881
22409	58	-0.2872451290843543
22409	59	-0.21973979817887823
22409	60	-0.1511429462652103
22409	61	0.0888132724527253
22409	62	0.07708253881977356
22409	63	0.4070714592873017
22409	64	-0.12050976008771386
22409	65	0.13477075216999168
22409	66	-0.24897202579487754
22409	67	0.041834441780949305
22409	68	0.30154492011151746
22409	69	-0.23297789508703204
22409	70	0.241347499025089
22409	71	-0.26642534024797726
22409	72	-0.08764598862285311
22409	73	-0.23552525376933886
22409	74	-0.09431457909022356
22409	75	-0.09621090365581608
22410	1	0.09266750465337381
22410	2	0.24059205006411943
22410	3	0.10058749543588519
22410	4	0.11347033439446008
22410	5	-0.03803866151748991
22410	6	-0.06487369594228198
22410	7	0.22598988350775784
22410	8	0.12212808430222566
22410	9	-0.03949720425836034
22410	10	0.04253016999645354
22410	11	0.18363309964785657
22410	12	0.004515065939465046
22410	13	0.03670561965807195
22410	14	0.324968736036368
22410	15	0.37787760180920316
22410	16	-0.0402992524625887
22410	17	0.12639111629474797
22410	18	-0.1443031070846743
22410	19	0.09880192863481341
22410	20	0.01272663571050714
22410	21	-0.29172715233944757
22410	22	0.11904169445447366
22410	23	0.05522210139969275
22410	24	0.2609928777091213
22410	25	0.038552651079506006
22410	26	0.04129210541950101
22410	27	-0.09491257575970735
22410	28	0.14849666208498036
22410	29	0.09482704641780515
22410	30	0.21462457876823748
22410	31	0.09036254524046683
22410	32	-0.1209790362969656
22410	33	0.08957764368560106
22410	34	0.28553145004942593
22410	35	-0.03150834440135952
22410	36	0.05025751011861246
22410	37	-0.1697310186703902
22410	38	0.07583904253829132
22410	39	0.31328026636808914
22410	40	-0.04381928630704124
22410	41	0.13274775471519717
22410	42	0.14273713835333268
22410	43	0.011643669327177975
22410	44	0.06409397718466181
22410	45	-0.13645991847435823
22410	46	-0.11790068286418887
22410	47	0.13094793270727223
22410	48	0.14338639190440716
22410	49	-0.21166667081301682
22410	50	0.08905401297278104
22410	51	-0.27619495630774793
22410	52	0.11725021438816441
22410	53	-0.3010405994363836
22410	54	0.12364226456965355
22410	55	0.374856067268297
22410	56	0.07958723396379241
22410	57	0.17331684903001587
22410	58	0.0325917633601307
22410	59	0.37489536656779876
22410	60	-0.06099093876547812
22410	61	0.05861882018008657
22410	62	0.2825025867858173
22410	63	0.10322324823670925
22410	64	0.17794946014774382
22410	65	-0.029987433402240526
22410	66	0.07138823715566645
22410	67	0.12924306761704685
22410	68	-0.06407251330252706
22410	69	0.3286216632112655
22410	70	0.30000525497339936
22410	71	0.4717743802376617
22410	72	0.02304399774650534
22410	73	-0.13856367836660155
22410	74	0.46627274614141356
22410	75	-0.3518630175550399
22411	1	-0.13866309125767984
22411	2	0.1671910790771136
22411	3	0.24111055177399976
22411	4	0.2648755649578405
22411	5	0.07834474945797965
22411	6	0.11407761353987667
22411	7	0.24819000994475005
22411	8	-0.15138704824180138
22411	9	-0.011331215809548212
22411	10	0.29800654898826906
22411	11	-0.2454486363443351
22411	12	-0.22728813426675742
22411	13	-0.16863174001834835
22411	14	-0.18628477013511002
22411	15	-0.08443987779822493
22411	16	-0.033093571390701015
22411	17	0.004833608944828427
22411	18	-0.0863507726035877
22411	19	-0.030139253612446737
22411	20	-0.01974189313983743
22411	21	0.22532035973651432
22411	22	0.0807484711090467
22411	23	0.32920370052077175
22411	24	-0.019470151745785813
22411	25	-0.4270300945673142
22411	26	0.1998600530279404
22411	27	0.03521318608455459
22411	28	0.15457914074107038
22411	29	0.1244047100340282
22411	30	0.02920411438848447
22411	31	0.10639426496770454
22411	32	0.39439901645058484
22411	33	0.015667242094700384
22411	34	0.053102202595049164
22411	35	-0.08797535109761156
22411	36	0.3964432251934582
22411	37	-0.48824176274595743
22411	38	0.08198289837557127
22411	39	0.2016720000893244
22411	40	0.34906832593647863
22411	41	-0.03402632201854772
22411	42	0.27437277885491085
22411	43	-0.10480111882947796
22411	44	0.41414645467457945
22411	45	0.15975863339242835
22411	46	0.0688762172198949
22411	47	-0.43030956298098033
22411	48	-0.060367436497273275
22411	49	0.2653322305354422
22411	50	-0.15992866024897268
22411	51	0.17982522450942895
22411	52	0.278782679848149
22411	53	0.21814897626315854
22411	54	-0.5296134880066532
22411	55	0.34419816526310854
22411	56	0.20255027876299891
22411	57	0.25561137357168207
22411	58	0.10586384226663625
22411	59	0.15530008770058146
22411	60	0.32017363187044623
22411	61	0.09349947225125987
22411	62	0.2015890488209635
22411	63	0.07629707884796488
22411	64	-0.15375737788401267
22411	65	0.19337640439014336
22411	66	0.41554236753307805
22411	67	0.1811190611601674
22411	68	-0.15192781046015114
22411	69	0.08573374408183554
22411	70	0.4286641021871773
22411	71	0.008014536872231304
22411	72	0.0907737171914107
22411	73	0.17812416342757587
22411	74	0.15562441897648682
22411	75	0.6300061631209672
22412	1	-0.019992238971603626
22412	2	0.11698500138689383
22412	3	0.11178345415937585
22412	4	0.2488164537613109
22412	5	0.072343937960337
22412	6	-0.028190735916631127
22412	7	0.5013345633007162
22412	8	0.05428489315952589
22412	9	0.07184729231610731
22412	10	0.14465485018202884
22412	11	-0.40631736592342804
22412	12	-0.05001861027419352
22412	13	-0.12963714288422068
22412	14	0.013706687784470262
22412	15	-0.08956512605244171
22412	16	0.07797482931829336
22412	17	-0.039585209258348186
22412	18	0.06642433577405171
22412	19	0.4502673494157179
22412	20	-0.03125234651075459
22412	21	0.13913076826150927
22412	22	0.14306294779984086
22412	23	-0.05401538248689519
22412	24	-0.003411040549252675
22412	25	0.314806879827799
22412	26	0.19225760145085502
22412	27	0.26668221036541695
22412	28	0.2308599189245939
22412	29	-0.04032931093678371
22412	30	0.006396759657242512
22412	31	0.3121943375753844
22412	32	0.2737848408681174
22412	33	-0.3094656940318927
22412	34	0.07283440837376531
22412	35	0.28858090917957924
22412	36	0.19079263899319443
22412	37	0.08085299028114434
22412	38	0.08604038657681912
22412	39	0.025064487329593987
22412	40	0.007449174592167651
22412	41	0.19291539963775506
22412	42	-0.10335801748053797
22412	43	0.30124667411049444
22412	44	0.15429636818601722
22412	45	-4.2672975276758507E-4
22412	46	0.0845295795963068
22412	47	0.23644252448992376
22412	48	0.13565195402529184
22412	49	0.0954729613104206
22412	50	0.5240997848788425
22412	51	-0.07105567753426811
22412	52	0.21640413755417853
22412	53	0.341945076803448
22412	54	-0.10930042075912638
22412	55	0.16628798523876043
22412	56	0.508207271523581
22412	57	0.2792302259431807
22412	58	-0.025043540226370453
22412	59	0.08636549868142396
22412	60	0.37650865226466834
22412	61	0.182337108657606
22412	62	0.3821472737766527
22412	63	0.05652216266712884
22412	64	-0.05390045773111041
22412	65	-0.003603970180080296
22412	66	0.37789314806567376
22412	67	0.3765618612541317
22412	68	0.2857897456506393
22412	69	0.2244357749614565
22412	70	0.2452229250884983
22412	71	0.3695580908047873
22412	72	0.5438883732659008
22412	73	0.22072778954071737
22412	74	0.1858633836763417
22412	75	1.179091092755577
22501	1	0.09999882647400682
22501	2	0.02948593206964034
22501	3	-0.05597024995796218
22501	4	0.05912097315673748
22501	5	0.1932061224588857
22501	6	0.13210261528580958
22501	7	0.2351444062014707
22501	8	0.27003204527031954
22501	9	0.3384767316728201
22501	10	0.3190275700092897
22501	11	-0.14496675911827595
22501	12	0.04488869372402604
22501	13	-0.1462628595099318
22501	14	-0.062281697294828575
22501	15	0.10659301556024303
22501	16	-0.09385898797007286
22501	17	-0.07918762158803361
22501	18	-0.2128400525812424
22501	19	0.14244961432525827
22501	20	-0.011186826445232612
22501	21	-0.1007917989337841
22501	22	-0.3261724032536861
22501	23	-0.024382443763045103
22501	24	0.01150966528054198
22501	25	0.43782080284172054
22501	26	0.013045331329493592
22501	27	-0.15156661697432128
22501	28	0.037769307652162354
22501	29	0.27771848892920303
22501	30	-0.26817698764377695
22501	31	0.0506501487584714
22501	32	-0.011041307594389593
22501	33	-0.12908448637795544
22501	34	0.014112049651402003
22501	35	-0.06064104004236981
22501	36	0.24880023336442036
22501	37	0.02244334096240408
22501	38	-0.14560282688456994
22501	39	-0.11858081086116101
22501	40	0.25907600803718367
22501	41	-0.020799141349506556
22501	42	0.16953305541053254
22501	43	0.02084313007058114
22501	44	0.1849195533546535
22501	45	-0.3771224337211976
22501	46	0.041353345510977135
22501	47	0.10443448339097472
22501	48	0.07101045302015052
22501	49	0.2069762000863875
22501	50	-0.04752555947377601
22501	51	0.6122367057581144
22501	52	-0.16175087696447576
22501	53	0.2919041267624962
22501	54	0.100088306811422
22501	55	0.35513468317636665
22501	56	-0.005872097101239149
22501	57	0.11594379902039265
22501	58	-0.17407190743655576
22501	59	0.0736114222909805
22501	60	0.045133475434944614
22501	61	0.05793832971337309
22501	62	0.14339364411392808
22501	63	-0.013346052655627716
22501	64	-0.028958160061534954
22501	65	0.09883069589094617
22501	66	-0.2562294042386952
22501	67	-0.2569352722429983
22501	68	-0.012721161951176896
22501	69	0.057009671171719845
22501	70	-0.07381512122227463
22501	71	0.2698484638224343
22501	72	0.4739010305512821
22501	73	0.11910467882669451
22501	74	0.32078260041373596
22501	75	0.35482633212718184
22502	1	0.42496739969839226
22502	2	0.18430994212620888
22502	3	0.34156274815643073
22502	4	0.391490552037947
22502	5	0.10321555049156927
22502	6	0.02170035255796421
22502	7	0.32538639237368727
22502	8	0.19518917914837886
22502	9	0.315865166619389
22502	10	-0.0434017197455816
22502	11	0.27877616985721687
22502	12	0.12348705953169059
22502	13	0.02064474576976494
22502	14	0.09892194821114231
22502	15	0.12389345553510367
22502	16	0.2714929919167943
22502	17	0.16697831178720435
22502	18	0.08354586822328258
22502	19	-0.026909279452240753
22502	20	0.1398188303743808
22502	21	0.32835653544711363
22502	22	0.27874588712971615
22502	23	0.3976791527171528
22502	24	0.38782958985628113
22502	25	0.22768566770658794
22502	26	0.5173665129762597
22502	27	0.41505814732486357
22502	28	0.0454060141260797
22502	29	0.1848052268298943
22502	30	0.13482426942724857
22502	31	-0.08578919756459413
22502	32	0.18671167794929033
22502	33	0.262760265350515
22502	34	0.03081538088962077
22502	35	0.15362671608585288
22502	36	-0.007626542248395651
22502	37	0.3373396326028839
22502	38	0.24445059863396779
22502	39	0.31278311120043867
22502	40	0.4356316334300203
22502	41	0.2989840138987603
22502	42	0.3615820811804866
22502	43	0.424268648612383
22502	44	0.2833325011862087
22502	45	0.38585682460689696
22502	46	0.36797182445504006
22502	47	0.28254573417664375
22502	48	0.2151493593683611
22502	49	0.3015079411297563
22502	50	0.298404673084363
22502	51	0.2127709609435371
22502	52	0.24357596150189664
22502	53	0.24011280055256634
22502	54	0.0327250132853365
22502	55	0.35873304898403546
22502	56	0.2490619066699722
22502	57	0.5844227430807294
22502	58	0.413357382318317
22502	59	0.3752613280106587
22502	60	0.31403668096605486
22502	61	-0.25598373188310575
22502	62	0.3030102374514527
22502	63	0.03333842251721819
22502	64	0.6207904257335599
22502	65	0.35972007364079417
22502	66	0.17975425383798438
22502	67	0.4934575624521571
22502	68	0.16557864948816814
22502	69	0.16131513943067688
22502	70	-0.0031834430324622076
22502	71	0.5144744851926433
22502	72	0.03683314871596366
22502	73	0.39324044249734413
22502	74	0.25833759727105843
22502	75	0.5082361372811732
22503	1	0.2846647980835968
22503	2	0.0028438597302411495
22503	3	-0.08075972786316754
22503	4	-0.020420289173841866
22503	5	-0.043677348549213235
22503	6	-0.07016701339331632
22503	7	-0.13378654255143374
22503	8	-0.28208119556695976
22503	9	0.28635547094621217
22503	10	0.11732735347227674
22503	11	-0.07998961580285169
22503	12	0.2602788613397067
22503	13	-0.049968048378325136
22503	14	0.0031124802655213557
22503	15	0.15925160887165646
22503	16	0.3098702605662993
22503	17	-0.022639381953737825
22503	18	0.028494457002523177
22503	19	0.07858723562608105
22503	20	0.3438937734424883
22503	21	0.13576285661196863
22503	22	-0.21215363671267085
22503	23	0.04218263763883101
22503	24	0.14812046005157242
22503	25	0.13532661726148376
22503	26	0.13631103026285274
22503	27	0.29574271015696496
22503	28	0.13189072877655406
22503	29	0.32990390877040454
22503	30	0.26981322809124464
22503	31	-0.1570489449940311
22503	32	-0.1789376906243092
22503	33	0.2546431581805493
22503	34	0.11815407387147303
22503	35	0.12177936255607591
22503	36	-0.2208364656491284
22503	37	0.16347309475180083
22503	38	0.03915938339692815
22503	39	0.09368159991757352
22503	40	-0.07209730177113727
22503	41	0.06105184910682482
22503	42	-0.05300283359419922
22503	43	-0.004186944514387392
22503	44	-0.0235735094410785
22503	45	-0.18363458385352516
22503	46	-0.10692638822869327
22503	47	0.41953593499094666
22503	48	0.17501237779359258
22503	49	0.36734190703963066
22503	50	-0.09351962475567177
22503	51	-0.11610558311829777
22503	52	-0.1299921152353889
22503	53	0.1505054580641243
22503	54	0.17966966858863032
22503	55	-0.3727985913444414
22503	56	-0.034631420222581255
22503	57	-0.21809261127715018
22503	58	-0.14388504401527058
22503	59	-0.34360728009092156
22503	60	-0.35904488690365355
22503	61	0.06437028095244557
22503	62	0.37655588647498917
22503	63	-0.5106112703956285
22503	64	0.019882965930925423
22503	65	-0.06567327395426759
22503	66	-0.36849983490674987
22503	67	-0.20027475415815132
22503	68	-0.2480487744301243
22503	69	0.245902124455867
22503	70	-0.23966643247418062
22503	71	0.13734385238607416
22503	72	-0.20843115326457706
22503	73	0.15231504052370326
22503	74	0.08500587413256255
22503	75	0.21233695848053458
22504	1	-0.1051100230238724
22504	2	0.17603846964462377
22504	3	-0.16275059638918066
22504	4	-0.1580657896659332
22504	5	0.12660910149777393
22504	6	0.20790634919428186
22504	7	-0.13943266463495263
22504	8	0.03697280148788451
22504	9	0.37886899425959086
22504	10	-0.1436670448050279
22504	11	0.16389621857263137
22504	12	0.22586193629327767
22504	13	0.15865727259224371
22504	14	0.12934733822448408
22504	15	-0.11664618373880131
22504	16	-0.2415775294541973
22504	17	-0.07478646232402753
22504	18	-0.43427295680716327
22504	19	-0.04525005541930227
22504	20	0.011897354993060105
22504	21	-0.2653264083561737
22504	22	-0.05232324237211117
22504	23	0.10118202344730776
22504	24	0.05351276563775542
22504	25	0.0029350442651931985
22504	26	0.035961015093057824
22504	27	0.12682524121803596
22504	28	-0.05943363094728227
22504	29	0.04971417538872913
22504	30	0.0977730022463632
22504	31	0.07232568963600983
22504	32	-0.07058838584471516
22504	33	0.42197704897285604
22504	34	-0.4485893050699019
22504	35	0.11114570930048728
22504	36	-0.009924576233203197
22504	37	0.3490255341281383
22504	38	-0.023650949820478218
22504	39	0.06508839450380322
22504	40	-0.08130277473561165
22504	41	0.0034510439979342777
22504	42	0.12637069105116439
22504	43	0.3071341592543817
22504	44	-0.20175565052753086
22504	45	0.030089266757336475
22504	46	0.04211495500076978
22504	47	-0.15936547616958308
22504	48	0.10648932341174344
22504	49	0.04122840740593148
22504	50	0.04349688441649846
22504	51	-0.01936671811463242
22504	52	-0.1818357997925375
22504	53	-0.25141999536462123
22504	54	-0.5425011654538636
22504	55	0.05555929731669096
22504	56	-0.0820869653360603
22504	57	-0.2144666613152566
22504	58	0.29261273231541907
22504	59	0.05703799100433571
22504	60	0.052271036936595294
22504	61	-0.1304690302650613
22504	62	-0.06312384594470899
22504	63	-0.32764139537989934
22504	64	-0.12668681140614524
22504	65	-0.19803524735903721
22504	66	0.35125863242640065
22504	67	0.11615227914879256
22504	68	-0.09898523150701521
22504	69	0.17811905986215493
22504	70	0.050468763660113325
22504	71	-0.5149867454516794
22504	72	-0.1073485482045271
22504	73	-0.08024155019534618
22504	74	-0.04820708752856717
22504	75	-0.3906141207945666
22505	1	-0.04054171406653495
22505	2	0.005898708482416026
22505	3	0.0243737303860172
22505	4	0.15150426554003005
22505	5	0.13153536078812422
22505	6	0.013429396612593791
22505	7	0.23858420964127447
22505	8	0.04914752438579484
22505	9	-0.004766511570423404
22505	10	-0.15025989927817562
22505	11	-0.18526159941311704
22505	12	0.07707542591075622
22505	13	-0.13618914943622684
22505	14	-0.0028222378353675026
22505	15	-0.15188364291640966
22505	16	0.10343830932722398
22505	17	-0.2234136658140784
22505	18	0.13507149533030827
22505	19	0.07635624823188891
22505	20	0.13500481974641332
22505	21	-0.05460015274213248
22505	22	-0.028629405710688616
22505	23	-0.014554433935039413
22505	24	-0.19193013815925752
22505	25	0.070744635765557
22505	26	0.18257850086266814
22505	27	0.2919223265146229
22505	28	0.22401009389295012
22505	29	0.08877499998570926
22505	30	0.11413259466580428
22505	31	0.002984301092624264
22505	32	0.0368702403171568
22505	33	-0.12638178367525654
22505	34	-0.08441374887439679
22505	35	0.14525576585443645
22505	36	0.16599925056343778
22505	37	-0.21957140105233464
22505	38	-0.13724901853076688
22505	39	0.21827422599388058
22505	40	0.14801949698067318
22505	41	-0.02129054184091217
22505	42	0.2127762986537789
22505	43	0.33951634874379977
22505	44	0.09376476219986785
22505	45	-0.04100449760326086
22505	46	0.317274721432355
22505	47	-0.07246969351319876
22505	48	0.3299785119882088
22505	49	-0.20137760826742124
22505	50	0.18711817516995666
22505	51	0.2802956738170863
22505	52	0.38124666603307134
22505	53	0.045466780325149614
22505	54	-0.38172987500676214
22505	55	0.05341478145646761
22505	56	0.014275323046177846
22505	57	0.4297030127796049
22505	58	-0.2325485659132127
22505	59	0.285159333838898
22505	60	-0.05584932554786093
22505	61	-0.3582778865028402
22505	62	-0.07798227726198803
22505	63	-0.050692490002070656
22505	64	-0.264830395933771
22505	65	0.2521476492078989
22505	66	-0.27023431824360955
22505	67	0.21849470318697684
22505	68	-0.19920764843766392
22505	69	0.13538804955009454
22505	70	0.16942812202096746
22505	71	0.17009416406813216
22505	72	-0.13789258124232617
22505	73	0.22057888030089856
22505	74	0.1323305119616478
22505	75	-0.7805545032536543
22506	1	-0.06791347358115019
22506	2	0.22927909257708734
22506	3	0.21674072632444208
22506	4	0.0460349279278347
22506	5	0.06281450635298569
22506	6	0.15619252151856955
22506	7	0.17107932070781118
22506	8	0.06265477003589837
22506	9	-0.03386193352299216
22506	10	0.17782514309257635
22506	11	-0.09717304703884366
22506	12	0.08640827452931887
22506	13	0.027289264042188677
22506	14	-0.09720999293740817
22506	15	0.1895080734753023
22506	16	0.2759424461170781
22506	17	0.2753076900501341
22506	18	0.05020462474914922
22506	19	0.2793911476953639
22506	20	0.3380271834830637
22506	21	0.17689711446941914
22506	22	0.016643371704944343
22506	23	-0.11015188667534659
22506	24	0.2240303492297997
22506	25	0.12309383097189652
22506	26	0.06399679299524053
22506	27	0.33016256118342824
22506	28	0.08586638432066707
22506	29	0.03607480442837385
22506	30	0.011070116603328017
22506	31	0.18414435725267708
22506	32	0.1957292384618654
22506	33	0.3117042615536505
22506	34	0.10159136570214855
22506	35	-0.10906905989896387
22506	36	-0.1589079850580788
22506	37	0.18481234261712132
22506	38	0.28847053218878926
22506	39	-0.14669719254897018
22506	40	-0.0443161596406938
22506	41	0.0062692535760291435
22506	42	0.09129257002719271
22506	43	0.3625695503684341
22506	44	0.27805248220187195
22506	45	-0.056893531349437865
22506	46	0.3814388391678989
22506	47	0.09560933170867969
22506	48	0.34133588048843677
22506	49	0.3948278272237289
22506	50	0.29686219562826466
22506	51	0.015215194450888703
22506	52	0.4552513293234455
22506	53	0.07192343178180494
22506	54	-0.23038604509149962
22506	55	-0.053345736018336254
22506	56	0.14411411359925808
22506	57	0.24786602737118812
22506	58	0.20233460111280976
22506	59	0.009160236411226208
22506	60	-0.1364853883267756
22506	61	0.1630955277277124
22506	62	0.1398635834410129
22506	63	0.10583486295385569
22506	64	0.5961107864359789
22506	65	0.14549368541108265
22506	66	0.20947660789588696
22506	67	-0.1440009093086374
22506	68	0.39766218057502556
22506	69	0.06354579913642056
22506	70	-0.07229829827688405
22506	71	0.21143699112524672
22506	72	0.33690433998316394
22506	73	-0.1584325522819654
22506	74	0.1974097377551587
22506	75	0.3429537452545972
22507	1	-0.2974977851818963
22507	2	0.1865137563541026
22507	3	-0.044705002409529015
22507	4	-0.3034398177226372
22507	5	-0.10559799138947668
22507	6	-0.41184221449972824
22507	7	-0.017936993782583954
22507	8	-0.04720466046196492
22507	9	-0.29632355533986043
22507	10	-0.22510062898616212
22507	11	-0.2418813728470468
22507	12	0.03730677552263728
22507	13	-0.3978055526455506
22507	14	0.07682377986374433
22507	15	0.03732728965735532
22507	16	-0.09021552149474843
22507	17	-0.12569164773807273
22507	18	0.14643603766830182
22507	19	0.2346843269139498
22507	20	0.01165459905106303
22507	21	0.07908542342131852
22507	22	-0.18107952276258032
22507	23	-0.20535988137765315
22507	24	-0.3685588988588151
22507	25	-0.1156034178391323
22507	26	-0.1881027193760758
22507	27	-0.14459061442309462
22507	28	-0.5404655643880147
22507	29	0.09019556777796112
22507	30	0.24289691812039393
22507	31	-0.031036847972771398
22507	32	-0.12349446872011782
22507	33	-0.05821627303186716
22507	34	-0.4149639289820968
22507	35	0.010490268257079549
22507	36	0.1625130612365453
22507	37	-0.04528367809204781
22507	38	-0.07746920653856648
22507	39	-0.3240420242869746
22507	40	0.06583675108111464
22507	41	-0.01408623375164808
22507	42	0.02589915602442261
22507	43	-0.17621498999638874
22507	44	0.25588343759287824
22507	45	-0.14789497617515224
22507	46	0.5714258959375087
22507	47	-0.22658680338252424
22507	48	-0.3868863818678321
22507	49	0.1375510226966128
22507	50	0.057194204538021154
22507	51	-0.012326795796532508
22507	52	-0.07899555527109925
22507	53	0.5481665839099108
22507	54	-0.2194445003320027
22507	55	0.40861471187763243
22507	56	0.04298383848036025
22507	57	-0.2041311431784436
22507	58	-0.1862858913319556
22507	59	-0.3640111560395596
22507	60	0.4054220826262025
22507	61	0.09201311246071953
22507	62	0.03664884621868936
22507	63	0.11949298106836181
22507	64	-0.028400079857441085
22507	65	-0.07508304085464346
22507	66	-0.05151761280124134
22507	67	-0.08173795102798209
22507	68	-0.3118601239219956
22507	69	-0.09804892724971381
22507	70	-0.19723057207135497
22507	71	-0.45959425323090386
22507	72	-0.36951760932753075
22507	73	-0.4857984543950238
22507	74	-0.4226838749111437
22507	75	-0.6749033976025487
22508	1	-0.31231746860090936
22508	2	-0.15555959090691474
22508	3	0.013274857218178227
22508	4	-0.0015141978232584563
22508	5	0.07350578551717035
22508	6	0.026496478645192667
22508	7	-0.07686362304793448
22508	8	0.13824482037964714
22508	9	-0.34643974979538683
22508	10	0.09169944612943937
22508	11	0.21277931586918442
22508	12	-0.26956395521138177
22508	13	-0.0376027405049868
22508	14	-0.18054107072661196
22508	15	-0.04670829636175711
22508	16	-0.15586343273313474
22508	17	0.15323764187171207
22508	18	-0.2509646493265265
22508	19	-0.3183934568626441
22508	20	0.018743634519708507
22508	21	-0.07716286496002311
22508	22	0.32546570700510813
22508	23	-0.18152632504486377
22508	24	-0.02982663122816831
22508	25	0.1636936252662693
22508	26	-0.13563916218258498
22508	27	0.0849736368073124
22508	28	-0.007567275615450342
22508	29	-0.2330206321547479
22508	30	0.19423608856239838
22508	31	0.2444418184122128
22508	32	-0.33568823568959516
22508	33	-0.47264316441939513
22508	34	-0.0901749960149516
22508	35	-0.06267702828525756
22508	36	0.272823460835923
22508	37	-0.15050812509250733
22508	38	0.19369031240856316
22508	39	0.1409861831885948
22508	40	-0.37927799583405886
22508	41	0.04132717594922042
22508	42	-0.3448980866068183
22508	43	0.037324598276192944
22508	44	0.25949837620934346
22508	45	0.12223952770973057
22508	46	0.18280434558266734
22508	47	-0.2454830734231308
22508	48	-0.10528892327922534
22508	49	0.0862220241598024
22508	50	0.08907921506203564
22508	51	-0.1515958270399338
22508	52	-0.2340858113683737
22508	53	0.007647190781419511
22508	54	-0.18901485470553325
22508	55	-0.3091853397643476
22508	56	0.1198286699788369
22508	57	0.13643989193027295
22508	58	0.051134200528174745
22508	59	-0.0925151817666574
22508	60	-0.037861721353358746
22508	61	0.08139520834266278
22508	62	0.10714014923974702
22508	63	0.22707261534924328
22508	64	-0.4346503243743882
22508	65	-0.39670303412553665
22508	66	0.13850140083693674
22508	67	-0.4106738914988597
22508	68	0.19587443629959722
22508	69	0.04168957654128036
22508	70	0.008914823576631647
22508	71	-0.09671544756906059
22508	72	-0.4263785593834797
22508	73	-0.5039435683594817
22508	74	-0.03737210601683216
22508	75	-0.2186699758518884
22509	1	-0.08199723208455367
22509	2	0.03332883747504667
22509	3	0.06957873652852342
22509	4	0.23433212180538732
22509	5	-0.07568464330687874
22509	6	0.23203223240292914
22509	7	0.08344114043570272
22509	8	0.31334567139644065
22509	9	0.24882301545660113
22509	10	-0.4059865065672881
22509	11	0.10956589853938681
22509	12	-0.004843851321020054
22509	13	0.06449164499456828
22509	14	-0.0939680711687032
22509	15	-0.2569204979532671
22509	16	0.14376770121911875
22509	17	0.2183349009344937
22509	18	0.3373007131845256
22509	19	0.15162754225318764
22509	20	-0.017521285904692263
22509	21	0.14872959746261216
22509	22	0.2814711778273917
22509	23	0.20091316434506012
22509	24	0.08138579140666735
22509	25	0.36049816770658794
22509	26	0.23672213313129475
22509	27	0.1045566938364928
22509	28	0.3471865373818943
22509	29	-0.05065988944917876
22509	30	-0.034688811968102584
22509	31	0.5171056667764873
22509	32	0.3905634221353367
22509	33	0.2562195676760979
22509	34	0.3197567568586095
22509	35	0.18796537887654807
22509	36	0.18920000813919557
22509	37	0.3781584310524977
22509	38	0.25759255599830766
22509	39	0.23223563058028418
22509	40	0.10199549001917063
22509	41	0.18973013792977156
22509	42	5.719067618841223E-4
22509	43	-0.13169065371319988
22509	44	0.4407331794807803
22509	45	-0.07889608236984458
22509	46	0.37378577794341084
22509	47	-0.2883723859783913
22509	48	0.39150594851565046
22509	49	0.25372451089720016
22509	50	0.2936202738595597
22509	51	0.20877386792027863
22509	52	0.04517479871120145
22509	53	0.19989962225799474
22509	54	0.053255536541151116
22509	55	0.20175630479798912
22509	56	0.2253215965924511
22509	57	0.4348345647861578
22509	58	0.23167133580668775
22509	59	0.13803991328197185
22509	60	-0.005851884925419881
22509	61	-0.08871144506139927
22509	62	-0.15174993696714978
22509	63	-0.15064898058356135
22509	64	-0.08075996186333612
22509	65	0.20916290309815366
22509	66	0.09175764531085662
22509	67	0.037546709738983
22509	68	0.39686498669747294
22509	69	0.1701571936942443
22509	70	0.3750869058047499
22509	71	0.07352245030892135
22509	72	0.1775187107314622
22509	73	0.02072348513300426
22509	74	0.04721841122454862
22509	75	0.6063466023974513
22510	1	-0.006288952307347273
22510	2	-0.054054677949118
22510	3	-0.10444520306016614
22510	4	0.02190843928610775
22510	5	0.21912844581051516
22510	6	-0.2694606446322041
22510	7	0.10296904317777944
22510	8	0.016638034292761006
22510	9	-0.16797084701126863
22510	10	0.13491029077633243
22510	11	-0.04892006975538976
22510	12	0.156741677813514
22510	13	-0.04698543298314917
22510	14	0.06401580843712651
22510	15	0.13446767685393013
22510	16	0.3577980675430297
22510	17	0.2567881999919024
22510	18	0.3512119171262569
22510	19	0.3301033348838587
22510	20	-0.034913638089783205
22510	21	-0.31810577100353754
22510	22	0.02148965469114472
22510	23	0.02202900624737225
22510	24	0.042691489778562186
22510	25	-0.038702507100609296
22510	26	0.36154807571912784
22510	27	-0.046411333155795376
22510	28	-0.017590936911162203
22510	29	-0.3250814832795115
22510	30	-0.013581003484809173
22510	31	-0.33013217598271893
22510	32	-0.007532657556183153
22510	33	-0.05009469967608737
22510	34	-0.48056591880548183
22510	35	0.09375345728271611
22510	36	0.05896489674245231
22510	37	-0.1295402621780113
22510	38	-0.007021572107944962
22510	39	-0.08322334542657472
22510	40	0.06607941246989668
22510	41	-0.07331077895112514
22510	42	-0.12127497627153616
22510	43	-0.009984355512685283
22510	44	-0.05664926482084809
22510	45	0.1737147788126734
22510	46	-0.1403530395373096
22510	47	-0.24608312933743548
22510	48	-0.006416073763702457
22510	49	-0.26087622817735223
22510	50	-0.16963352862544667
22510	51	-0.03459856138563566
22510	52	-0.38581813188005754
22510	53	0.17360356398892662
22510	54	0.12878975890618705
22510	55	0.17315733307562198
22510	56	0.11986958288208172
22510	57	-0.025145619446924172
22510	58	0.1139014129275111
22510	59	0.24035219905746885
22510	60	0.10885194969326051
22510	61	-0.003383146003990589
22510	62	-0.026890521800055467
22510	63	-0.287632163959735
22510	64	0.22922290017607594
22510	65	-0.024381976936119543
22510	66	0.41782742894410063
22510	67	-0.19826091665348144
22510	68	0.051608720630632376
22510	69	-0.11035640956197312
22510	70	-0.3012868088482037
22510	71	0.21340435904927801
22510	72	-0.05628725542106139
22510	73	-0.03105859498696617
22510	74	0.1421332569829019
22510	75	-0.03737126392645962
22511	1	-0.7508674243922435
22511	2	0.013808716392425424
22511	3	-0.190281484269196
22511	4	0.11460722864299555
22511	5	0.019178248431011014
22511	6	-0.180694797511606
22511	7	-0.4132424421853784
22511	8	-0.36651989128161944
22511	9	0.2501807433768306
22511	10	0.09002934101106064
22511	11	0.044884630733115216
22511	12	0.040584389419720424
22511	13	-0.07395208719916013
22511	14	-0.028463263476396605
22511	15	0.035814544781779034
22511	16	-0.21264700675808967
22511	17	-0.009941452341863055
22511	18	-0.028840668581857187
22511	19	-0.17948000760436145
22511	20	0.18889787363946908
22511	21	0.12580402766204202
22511	22	-0.5490799261612125
22511	23	0.015349595968991991
22511	24	-0.2196291658582865
22511	25	-0.04831148329056134
22511	26	-0.1281728098886461
22511	27	0.08801912261142064
22511	28	0.18459305447591134
22511	29	0.06828597949669302
22511	30	0.01091749145069798
22511	31	-0.4361751380668153
22511	32	0.17595337940029054
22511	33	-0.222323879617349
22511	34	-0.24962091408156084
22511	35	0.05314967374834367
22511	36	4.980850622757771E-4
22511	37	-0.14530132678225982
22511	38	0.11961623833449408
22511	39	-0.0039199962003451105
22511	40	-0.13956879060761196
22511	41	-0.12784464839501908
22511	42	0.3921094779869563
22511	43	0.280079289306741
22511	44	-0.07157540314030086
22511	45	-0.22406168066044074
22511	46	-0.3612569570993216
22511	47	-0.6182112392547481
22511	48	-0.4984513164416171
22511	49	-0.17195657884639104
22511	50	-0.21704122898944433
22511	51	-0.16377777025635964
22511	52	0.08372536851177159
22511	53	0.08682982168819109
22511	54	-0.11975461303149615
22511	55	-0.6853519573102744
22511	56	-0.2392439304730729
22511	57	-0.47128188820529715
22511	58	0.025296691932041426
22511	59	0.15092719960676249
22511	60	0.33918906949053707
22511	61	0.1686336404086859
22511	62	-0.1123313116110225
22511	63	-0.2136386529482337
22511	64	0.4114052803019064
22511	65	-0.2945318974716429
22511	66	-0.39357444158373056
22511	67	0.08259656728883868
22511	68	-0.1324485816785952
22511	69	0.2282501424121932
22511	70	-0.08097612838328416
22511	71	-0.0636080696340997
22511	72	0.3093518660021175
22511	73	-0.26718160745959096
22511	74	0.11991249954363781
22511	75	-0.19911992181907578
22512	1	0.07493157913187787
22512	2	-0.08311814119793937
22512	3	-0.0358344743719492
22512	4	-0.12256213174911679
22512	5	-0.02737796874131959
22512	6	-0.007810283394860562
22512	7	-0.20818850016461
22512	8	-0.4633994905308896
22512	9	0.10993824057508306
22512	10	-0.2014668580680734
22512	11	0.1476040107036809
22512	12	0.058927376957015554
22512	13	-0.18378047190905988
22512	14	0.0895948237760038
22512	15	0.04521220346853738
22512	16	0.007178542451349301
22512	17	0.18298734959167717
22512	18	-0.23633179076492183
22512	19	-0.01034915600905606
22512	20	-0.048845338037395436
22512	21	0.1640090208433378
22512	22	0.2515911422823649
22512	23	-0.0063217290198664955
22512	24	-0.08779864777184798
22512	25	0.003159601355875452
22512	26	0.22400985035088894
22512	27	0.1616138620829375
22512	28	-0.22586589152805914
22512	29	0.19460077405793186
22512	30	0.3022854178897205
22512	31	0.13802045745579505
22512	32	0.3798258628936324
22512	33	0.16572786151495933
22512	34	0.10536349066588002
22512	35	0.393348968923938
22512	36	0.11709791493224486
22512	37	0.12517166170020744
22512	38	0.07630059312311488
22512	39	0.4482950697587995
22512	40	0.3598573581076394
22512	41	0.23983874772439862
22512	42	0.36116876695145805
22512	43	0.1261588723531517
22512	44	0.2424832782169588
22512	45	0.09934740104247908
22512	46	0.09416492486284511
22512	47	0.3922531077024942
22512	48	-0.2872065317371195
22512	49	-0.04192862891322591
22512	50	0.0922848670665104
22512	51	0.10946995796766856
22512	52	0.25089162335574855
22512	53	0.42847387186304786
22512	54	0.11038675692029898
22512	55	0.2497420867885083
22512	56	0.13774260765090673
22512	57	-0.08859059319172502
22512	58	0.3966594874654561
22512	59	0.14343337694705838
22512	60	-0.14208312505179777
22512	61	0.2782662405626084
22512	62	-0.12157369289131736
22512	63	-0.023106524027475928
22512	64	0.053916183476310664
22512	65	-0.0729510384500287
22512	66	0.14434700155098312
22512	67	0.4888697745099151
22512	68	0.0662592402519735
22512	69	0.32060644329929744
22512	70	-0.17475017950330596
22512	71	-0.30432855680008686
22512	72	-0.1595048872148226
22512	73	-0.21408348564109048
22512	74	0.35623796098758476
22512	75	-0.4331972364651051
22601	1	-0.12846595544345973
22601	2	-0.2525766932154916
22601	3	-0.1242152212719887
22601	4	-0.3055296109311847
22601	5	0.02343353657376923
22601	6	-0.1401238311094346
22601	7	-0.10726245078338792
22601	8	-0.18022716534694894
22601	9	-0.15932516229275961
22601	10	0.17808611704737842
22601	11	0.2351120409093781
22601	12	0.06625456086994319
22601	13	-0.16443525185112406
22601	14	0.12249745525926414
22601	15	0.11584165038432559
22601	16	0.1104197152856159
22601	17	-0.23296518431700264
22601	18	-0.13130276081377446
22601	19	0.06261965649018464
22601	20	-0.20082531403768655
22601	21	-0.006867695802519336
22601	22	-0.00902994109844002
22601	23	-0.09018737913319796
22601	24	0.16304073599319935
22601	25	-0.1914319793522381
22601	26	0.14306537695056676
22601	27	0.1387838357802238
22601	28	-0.11383088589176538
22601	29	0.16609202870938589
22601	30	-0.13776985416759402
22601	31	-0.33252535411012474
22601	32	-0.1444829333633848
22601	33	-0.1279716087944891
22601	34	0.24697995592084254
22601	35	0.06646202209905283
22601	36	-0.02442158180112841
22601	37	-0.037935452152957794
22601	38	0.012301368871284524
22601	39	-0.055741244952542957
22601	40	0.32306992522803313
22601	41	-0.004776469060850275
22601	42	-0.4642818336473198
22601	43	-0.4634521626646091
22601	44	-0.1824752071347362
22601	45	-0.02219051971000141
22601	46	0.1819699211659156
22601	47	-0.1967336924575065
22601	48	-0.12181459709390197
22601	49	0.04694302112737603
22601	50	0.1557992487103661
22601	51	-0.026879904458240844
22601	52	0.3169938524196425
22601	53	0.1013808669297731
22601	54	0.13595614395803324
22601	55	-0.794087684971835
22601	56	-0.09240005728648981
22601	57	-0.05750612148835188
22601	58	0.7638004918169159
22601	59	-0.036079598653238065
22601	60	0.3165719215536953
22601	61	-0.05323883210317604
22601	62	0.38379593899193054
22601	63	0.10152226835079858
22601	64	-0.09503958675677637
22601	65	0.2409057632857099
22601	66	0.02366967642765161
22601	67	0.22419419481997238
22601	68	0.14564615677419823
22601	69	-0.37093668951121117
22601	70	0.1629305758814752
22601	71	-0.409393949946832
22601	72	0.3633736233486857
22601	73	0.081591718295833
22601	74	0.21317908897390936
22601	75	0.9158894412721281
22602	1	-0.0015796751044945267
22602	2	-0.08020837762466826
22602	3	-0.5407088346965487
22602	4	0.003496117531881282
22602	5	0.09040331965608317
22602	6	-0.17214778896459393
22602	7	-0.14543617437910683
22602	8	-0.055978580740308814
22602	9	0.17040866360474638
22602	10	0.25812050910222695
22602	11	0.07337465922314834
22602	12	-0.0391876903523638
22602	13	0.3049652917182186
22602	14	0.0028757678626405436
22602	15	-0.29751878855155667
22602	16	-0.28672108083216585
22602	17	0.2635628211624095
22602	18	0.022441382700193913
22602	19	0.09687326874891511
22602	20	0.0635417482833418
22602	21	-0.19043528857726955
22602	22	0.1403787632974769
22602	23	-0.11285553223613931
22602	24	0.08236513613601204
22602	25	0.17960874462966814
22602	26	0.2592915775757447
22602	27	0.23901627360856992
22602	28	0.29855316843602253
22602	29	-0.09695618574547638
22602	30	-0.45631897578576286
22602	31	0.1279274260357468
22602	32	-0.11464491119799902
22602	33	-0.07132672862019973
22602	34	-0.4604471249077733
22602	35	0.05314967374834367
22602	36	-0.28440219983801285
22602	37	-0.25071443219536604
22602	38	0.05124016995842595
22602	39	-0.049504041784388164
22602	40	0.019975368936549387
22602	41	-0.40704692759729966
22602	42	-0.13495604907857484
22602	43	0.029367038594493522
22602	44	-0.07442440598930489
22602	45	0.0038585472597816306
22602	46	-0.23590083174320142
22602	47	0.07979445875095337
22602	48	0.002973184982884902
22602	49	0.3095249026350899
22602	50	-0.15151416346238022
22602	51	0.149612543133955
22602	52	0.02959431438071647
22602	53	0.007057741916113969
22602	54	-0.10550959878648314
22602	55	-0.23805851001682754
22602	56	-0.1366798279089707
22602	57	-0.0068944238178332284
22602	58	0.5552112218465766
22602	59	0.0768531255326863
22602	60	0.21383294413440979
22602	61	0.26549973727478005
22602	62	0.3520561527764414
22602	63	0.24505080574122928
22602	64	0.5453084142050386
22602	65	0.2410806381408932
22602	66	0.08505803704874637
22602	67	0.2763287610210341
22602	68	0.08692463769462222
22602	69	0.4305293446913936
22602	70	0.3663173189101627
22602	71	0.1557651497391177
22602	72	0.29225784890810047
22602	73	0.10318876291078283
22602	74	0.38202076165190135
22602	75	-0.6065273292264806
22603	1	-0.17742278118015875
22603	2	0.1310153684827995
22603	3	-0.07671890559034011
22603	4	0.04006936340745426
22603	5	0.25147136444505946
22603	6	-0.053881042790870026
22603	7	-0.27635779367282254
22603	8	0.1845302644196991
22603	9	0.3013302828984621
22603	10	0.30317450764459863
22603	11	0.13439632489597386
22603	12	-0.023153767341696607
22603	13	-0.33142243769276547
22603	14	-0.03641396910151684
22603	15	0.14811826173665565
22603	16	-0.017589695421705187
22603	17	-0.13211729544794082
22603	18	-0.057926999993767936
22603	19	0.06805196085783649
22603	20	-0.09209331432846568
22603	21	0.021185992811453502
22603	22	-0.12338589581602122
22603	23	0.029462098453585384
22603	24	0.09680891802165803
22603	25	-0.17380012040710824
22603	26	-0.13605725963356008
22603	27	0.2212596977124619
22603	28	-0.06505910215298627
22603	29	-0.2554402512062879
22603	30	-0.42040828871228797
22603	31	0.22784129339147796
22603	32	-0.00611777941504954
22603	33	-0.29182629795698034
22603	34	-0.024417177249915767
22603	35	0.017967801357166024
22603	36	-0.081592950517134
22603	37	-0.40038646558833335
22603	38	-0.10406361325233604
22603	39	-0.24018846502695368
22603	40	-0.21940712625990244
22603	41	0.30189099064294567
22603	42	0.3002125721365587
22603	43	0.30863557367698036
22603	44	-0.11040134894299314
22603	45	0.06156741892214512
22603	46	0.24717079086330784
22603	47	0.09423824063659225
22603	48	-0.04227958120011266
22603	49	0.29633998247342674
22603	50	-0.051401528466023194
22603	51	-0.1431721915112476
22603	52	0.033304643672444456
22603	53	-0.20045567489962934
22603	54	-0.13684863012551318
22603	55	0.16073563296336602
22603	56	0.4196045423288908
22603	57	0.12899638649157907
22603	58	0.20922301539324906
22603	59	-0.28397639808753183
22603	60	-0.359412931437042
22603	61	0.013396113078130156
22603	62	0.08272599972535488
22603	63	0.12539268608311005
22603	64	-0.060734122070059016
22603	65	0.17012059043666028
22603	66	0.20882402127984534
22603	67	0.21471079242631674
22603	68	0.4423874350178849
22603	69	-0.08997685023340551
22603	70	-0.05454003217974446
22603	71	-0.31756685847661004
22603	72	0.059765965253426145
22603	73	0.26081150192887037
22603	74	-0.3611714466565914
22603	75	0.2630810985214822
22604	1	0.1557908582878369
22604	2	0.13352893965488377
22604	3	-0.07983798690471744
22604	4	0.06362793243209097
22604	5	-0.16865410288907867
22604	6	-0.03860951373694377
22604	7	-0.1580509690102545
22604	8	-0.19121694213670537
22604	9	-0.2502190485760991
22604	10	0.30466716055351384
22604	11	0.2136899902741689
22604	12	-0.08798559746089296
22604	13	-0.27545499442413757
22604	14	-0.27802659750839354
22604	15	0.10207132765981441
22604	16	-0.1518087633585381
22604	17	-0.21343167490565662
22604	18	-0.19566647573464024
22604	19	0.020695435077890068
22604	20	-0.4801830706458361
22604	21	-0.292587954762638
22604	22	0.033110312704778266
22604	23	-0.06341330023259673
22604	24	-0.4113197035978686
22604	25	-0.1779682832470897
22604	26	0.1291068969823428
22604	27	0.003930842337858564
22604	28	-0.08318216152818536
22604	29	-0.16033291397233995
22604	30	0.3355640831272666
22604	31	0.06303692245315062
22604	32	-0.11373664598455235
22604	33	0.20317120255348442
22604	34	-0.006927791279444762
22604	35	0.040294227650392145
22604	36	-0.25262844326861256
22604	37	0.08846440289627111
22604	38	-0.3506400166629078
22604	39	-0.514287416649509
22604	40	-0.7658448256029899
22604	41	0.009070510318508695
22604	42	-0.20772594746154738
22604	43	-0.03896245207832294
22604	44	0.06917465314108995
22604	45	0.2815858658590358
22604	46	0.14490294415594462
22604	47	-0.6909112710828467
22604	48	-0.10088733032177544
22604	49	-0.17076884741342724
22604	50	0.16364610265156188
22604	51	-0.2885439113712778
22604	52	-0.30896348466754375
22604	53	0.21074203824345972
22604	54	-0.13775689533895985
22604	55	-0.09081862708212185
22604	56	-0.29437640522407804
22604	57	0.040746803659907016
22604	58	-0.131918582449444
22604	59	0.14752702726925548
22604	60	-0.06390990036592825
22604	61	0.13947599817202416
22604	62	0.03479212706555046
22604	63	-0.21611503417120304
22604	64	0.03481678654719644
22604	65	-0.0652609161570652
22604	66	0.3395508446750668
22604	67	-0.2336272230493961
22604	68	-0.18123872583658596
22604	69	-0.24998642574263386
22604	70	0.12214923550502021
22604	71	-0.4196868480562017
22604	72	0.11820473480049287
22604	73	-0.010647143840657236
22604	74	0.14058523683763013
22604	75	-0.29070721231644825
22605	1	0.07885902371860354
22605	2	-0.13112537561687532
22605	3	-0.08508264926534892
22605	4	-0.18025266231717652
22605	5	0.07637257582032575
22605	6	-0.34623059257386046
22605	7	-0.2563409510220467
22605	8	-0.05964498552091868
22605	9	-0.3314999302258528
22605	10	-0.1414858682200233
22605	11	-0.6056006520641404
22605	12	-0.17833648131173874
22605	13	-0.0836339353211244
22605	14	0.02503291536797292
22605	15	-0.31332718319003305
22605	16	-0.4503522500343635
22605	17	-0.3159037248779484
22605	18	-0.17260817725187394
22605	19	-0.22757974651189983
22605	20	-0.10156550596040148
22605	21	-0.19668881015113016
22605	22	-0.3796317121447501
22605	23	0.1422214860720814
22605	24	-0.20201137665275581
22605	25	-0.25943132393686597
22605	26	0.15653701242563045
22605	27	-0.05245497050891146
22605	28	-0.05255667292450994
22605	29	-0.26305543262466813
22605	30	-0.006985991633840172
22605	31	0.13236361710146838
22605	32	-0.38576840237719523
22605	33	-0.27085215934339857
22605	34	-0.544790306743991
22605	35	-0.29603966986996966
22605	36	0.18448494314384334
22605	37	0.05357335677208397
22605	38	-0.27256209813354104
22605	39	-0.2007233991318813
22605	40	-0.23545083077934947
22605	41	0.18587103857971954
22605	42	-0.03287603892056978
22605	43	-0.10862310496668215
22605	44	-0.27121987297975636
22605	45	-0.402929856743107
22605	46	-0.21674346996745442
22605	47	-0.046736185885542625
22605	48	-0.24927863829957886
22605	49	-0.3705138247573956
22605	50	-0.31632778788603133
22605	51	-0.2860468145309767
22605	52	0.04874374021537875
22605	53	0.10838383767117676
22605	54	-0.10249394117472832
22605	55	-0.10012391804323784
22605	56	-0.345418886230199
22605	57	-0.3349106766251708
22605	58	-0.4896030374523619
22605	59	-0.034654782632600245
22605	60	-0.4908072006171551
22605	61	-0.13874916558136619
22605	62	0.11328749339496369
22605	63	-0.45863702608031076
22605	64	-0.2309456628846931
22605	65	-0.33333071342923404
22605	66	-0.05087669777178405
22605	67	-0.15564038404003355
22605	68	-0.5598942403220235
22605	69	-0.2014334516168077
22605	70	-0.408905085838704
22605	71	-0.2386511221144758
22605	72	-0.24656874284328012
22605	73	-0.44803376881314705
22605	74	-0.19960436036319607
22605	75	-0.0203072973239955
22606	1	-0.20804905427582554
22606	2	-0.20911980458623347
22606	3	-0.14636398631270353
22606	4	-0.17189611635617297
22606	5	0.023447784733974686
22606	6	0.09388082803895514
22606	7	-0.04742730199697576
22606	8	0.21612103119217352
22606	9	-0.31200132298351235
22606	10	-0.02727974008632117
22606	11	-0.4886090086101049
22606	12	-0.1504813281083912
22606	13	0.06678389197693235
22606	14	-0.07246012084372211
22606	15	-0.023633589875274197
22606	16	0.15689008979850882
22606	17	-0.09863352989187746
22606	18	-0.2199619376975548
22606	19	-0.29164659887958777
22606	20	-0.031927622952046875
22606	21	-0.08805371265808759
22606	22	-0.06208296562664373
22606	23	-0.4260236392761101
22606	24	0.018044333653655542
22606	25	0.19739318859794963
22606	26	-0.11087245832645465
22606	27	-0.2112293437679611
22606	28	-0.3060385670749284
22606	29	-0.5750331485021007
22606	30	-0.30782164622993946
22606	31	-0.14897343025229048
22606	32	0.020916834391606187
22606	33	-0.26806664402306524
22606	34	0.02066930328386718
22606	35	-0.4798836810120335
22606	36	-0.06621143568624177
22606	37	-0.7235854176011713
22606	38	-0.23077936832852686
22606	39	-0.030806964591491237
22606	40	-0.07667645752029273
22606	41	0.06330836448501742
22606	42	-0.16936628961694566
22606	43	0.06964987553470792
22606	44	-0.19601095933072799
22606	45	0.2711648507777866
22606	46	0.1370169757149995
22606	47	0.08139751884983326
22606	48	0.19083278231323675
22606	49	-0.008396833113941682
22606	50	0.031861627155748806
22606	51	0.1874907899258531
22606	52	-0.1963816079740326
22606	53	-0.21195042416726295
22606	54	-0.5008226319825226
22606	55	-0.2004024695752733
22606	56	-0.2924940951438515
22606	57	-0.2652727936168162
22606	58	-0.5230292212963761
22606	59	0.12969062126711606
22606	60	-0.18440051538038205
22606	61	-0.10253746641701866
22606	62	-0.3017542893348377
22606	63	-0.7566871653560767
22606	64	-0.520639256199459
22606	65	-0.21355355465485815
22606	66	0.272243079386989
22606	67	-0.22527826704838816
22606	68	-0.025075298817846203
22606	69	-0.3546367942351907
22606	70	-0.6122477042231083
22606	71	-0.3500717349278446
22606	72	-0.5139782135953723
22606	73	-0.4368917075318066
22606	74	-0.32773806509857195
22606	75	0.043759555043692444
22607	1	-0.3776073511321698
22607	2	-0.24225151966781056
22607	3	-0.1409123349000474
22607	4	-0.08080180676603987
22607	5	0.057916547169309496
22607	6	-0.478399315216123
22607	7	0.0027119737690384227
22607	8	-0.08479420955593753
22607	9	-0.2205966274005391
22607	10	0.2614986124803309
22607	11	-0.11778529193680498
22607	12	-0.5106325417972144
22607	13	-0.08556787881495609
22607	14	0.19432061930749
22607	15	-0.024063355096124894
22607	16	-0.22466979878088011
22607	17	-0.19285557525598307
22607	18	-0.2204076201488121
22607	19	-0.16581293393728913
22607	20	-0.6735034287618333
22607	21	-0.10534778348976914
22607	22	-0.0022341793154652123
22607	23	-0.21913147851208237
22607	24	-0.41188801811713915
22607	25	-0.5744571894362664
22607	26	-0.13753381924965424
22607	27	-0.5036129490206491
22607	28	0.004641894524752388
22607	29	-0.5292313180206065
22607	30	-0.5267870262538139
22607	31	0.14771578582411138
22607	32	-0.35559729215037805
22607	33	0.1449695676760996
22607	34	-0.313918838379486
22607	35	-0.1760078354091661
22607	36	-0.2859488013846132
22607	37	-0.19794275942369666
22607	38	-0.33795803923978696
22607	39	-0.22475841703876398
22607	40	-0.24656105759987668
22607	41	0.11943251888214945
22607	42	-0.33625845038097424
22607	43	-0.2915120822846262
22607	44	-0.09847813004302708
22607	45	-0.29148536808413184
22607	46	-0.3433570791994498
22607	47	0.053160352116847776
22607	48	-0.006827384817682969
22607	49	-0.18221298910280126
22607	50	-0.24466841661663352
22607	51	-0.48845827493686755
22607	52	-0.5546466298602297
22607	53	0.08263771749609106
22607	54	-0.09018196345884633
22607	55	0.16247059051227808
22607	56	-0.2102736415027877
22607	57	-0.04305233997575186
22607	58	-0.2622572356218811
22607	59	-0.36492139624183295
22607	60	-0.12760783730637115
22607	61	-0.09588406410902195
22607	62	-0.1319731512528648
22607	63	0.0377736384640599
22607	64	-0.35552186662524576
22607	65	0.13937123643148652
22607	66	-0.40572747373676776
22607	67	0.6231419478342204
22607	68	-0.10692965615967154
22607	69	-0.5909439967819452
22607	70	0.09035476294760514
22607	71	-0.07795076397679424
22607	72	-0.6182997416494871
22607	73	-0.3336366339146153
22607	74	-0.685549445918312
22607	75	-0.08347482617397617
22608	1	-0.39993596086024397
22608	2	-0.4589424426858102
22608	3	-0.1290011897449368
22608	4	-0.10349043181391693
22608	5	-0.24700110890115923
22608	6	-0.257572045970619
22608	7	-0.23321295920683127
22608	8	-0.4021438840101723
22608	9	-0.21902634781417873
22608	10	-0.26469824696049216
22608	11	-0.08230463318537318
22608	12	-0.22115724497606948
22608	13	-0.22826416376324943
22608	14	0.11782119380001888
22608	15	0.08959424735504484
22608	16	-0.10386550923664828
22608	17	-0.36533355304227655
22608	18	0.18313125384582918
22608	19	-0.43480565703188745
22608	20	-0.39960070949718585
22608	21	-0.29009692175097257
22608	22	0.12729473680862213
22608	23	-0.40420999249140266
22608	24	-0.16763677338332172
22608	25	-0.09570575320493901
22608	26	-0.26200720109569176
22608	27	-0.37962980080157394
22608	28	-0.14617388487011596
22608	29	0.29853582100658826
22608	30	0.027874023152541838
22608	31	-0.2537625749572001
22608	32	0.08464016476268199
22608	33	-0.10478914546062867
22608	34	-0.032210680585535556
22608	35	-0.29668190664624206
22608	36	-0.1452364306454328
22608	37	-0.21141652426474877
22608	38	0.02396459576596044
22608	39	-0.28151827916055794
22608	40	0.1790383296080904
22608	41	-0.3290086913821142
22608	42	0.2350935220433854
22608	43	0.32097355540208383
22608	44	0.10845407983824629
22608	45	-0.022553924192898478
22608	46	0.31212357955198655
22608	47	-0.11837545791762238
22608	48	-0.22634481109114546
22608	49	-0.05138188990709125
22608	50	0.05032966840825992
22608	51	0.07225409580231457
22608	52	0.18952801586937795
22608	53	0.1170689698898073
22608	54	0.06869203117921785
22608	55	-0.25166192576501345
22608	56	-0.13755820680343334
22608	57	0.24623145933485802
22608	58	-0.11635145239706901
22608	59	-0.21895433381364882
22608	60	-0.02988282773149109
22608	61	0.13320823769105772
22608	62	-0.43607885787867673
22608	63	-0.11946879738427185
22608	64	-0.32227023889640094
22608	65	-0.31880570726823976
22608	66	-0.6038201585318603
22608	67	0.006994877746130612
22608	68	-0.25710200391915095
22608	69	-0.23610676966590205
22608	70	-0.27467013172876165
22608	71	-0.06243180572325002
22608	72	-0.11446213153841711
22608	73	-0.6808446002110529
22608	74	-0.19628862630896293
22608	75	-0.1279865075221167
22609	1	0.15021219774000727
22609	2	0.04541765326452207
22609	3	0.017358341791680942
22609	4	0.24987488496328325
22609	5	-0.11027894155249385
22609	6	-0.14727149566724762
22609	7	0.2000803948216685
22609	8	-0.13629796895443747
22609	9	-0.014581589806553552
22609	10	-0.07421567323395095
22609	11	0.17146282836394278
22609	12	0.19019452587195929
22609	13	-0.33474081114577814
22609	14	0.010335656901474977
22609	15	0.28255318625726034
22609	16	-0.2941434829914087
22609	17	0.06789630444326633
22609	18	-0.3277760412014388
22609	19	-0.005061054238041152
22609	20	-0.06538312800995527
22609	21	0.07893793079594502
22609	22	-0.06614395375155624
22609	23	-0.25837959881283723
22609	24	0.11044280895053049
22609	25	-0.1157353849249887
22609	26	0.05870678225410586
22609	27	0.09082314120491475
22609	28	-0.13250096261810285
22609	29	0.05460326844556107
22609	30	-0.2793434172312601
22609	31	0.04673834221508599
22609	32	-0.24973263049623995
22609	33	0.29339062030767593
22609	34	-0.34271583086068347
22609	35	0.17669893150812754
22609	36	0.18848728884095323
22609	37	-0.33658937596504757
22609	38	-0.12149187382625115
22609	39	0.27900098145747165
22609	40	-0.0712227117352171
22609	41	0.4488310151227495
22609	42	-0.06332611955390632
22609	43	0.08969092523416577
22609	44	-0.3661473029753566
22609	45	-0.004718450790896611
22609	46	0.10010156741709153
22609	47	0.02015283331985529
22609	48	-0.1589326479755826
22609	49	-0.12168667331332728
22609	50	0.38931654578938435
22609	51	0.4401883416044896
22609	52	-0.5202857276045876
22609	53	0.13564523629307956
22609	54	0.10087066812010193
22609	55	-0.046927905728324504
22609	56	-0.1577924384952638
22609	57	-0.19372903170507527
22609	58	0.22706607264879608
22609	59	-0.16522214812153635
22609	60	-0.09505144632892382
22609	61	0.01035653739474185
22609	62	0.0912599314539051
22609	63	-0.0737301209344352
22609	64	0.1438014416454365
22609	65	-0.20536560567377649
22609	66	0.22577628566173047
22609	67	0.3127660079845924
22609	68	-0.5377567238288421
22609	69	-0.4695906133233052
22609	70	0.08215927422580194
22609	71	-0.3041913654805555
22609	72	0.024256649327952573
22609	73	0.2683934412733535
22609	74	-0.09472237824913776
22609	75	0.046149233976400694
22610	1	-0.004713578238398242
22610	2	0.0605323631160708
22610	3	-0.11820171218942477
22610	4	-0.12299960896384476
22610	5	0.12487625412901693
22610	6	-0.053344370161177324
22610	7	-0.05369828264122134
22610	8	0.12949150472977777
22610	9	0.1658502590463442
22610	10	-0.3806259296442107
22610	11	-0.13089884505036053
22610	12	-0.16169481285948706
22610	13	0.0531134398663653
22610	14	-0.0541042891174186
22610	15	-0.014612805645576543
22610	16	0.2081507140396326
22610	17	0.05871951631910832
22610	18	0.10933596959478109
22610	19	0.19089036276600524
22610	20	0.3139690987106931
22610	21	0.39047639233440634
22610	22	0.02157534449406029
22610	23	0.2939820746014732
22610	24	0.25045630422718546
22610	25	0.23345489847582002
22610	26	0.18407790236206978
22610	27	-0.12793529334299336
22610	28	-0.2812189113360546
22610	29	-0.08527527406456414
22610	30	0.24339612392933674
22610	31	0.4020015001098258
22610	32	0.0879191913661046
22610	33	0.31984136254789064
22610	34	0.35208848762784584
22610	35	0.024944545543213792
22610	36	-0.0020660175018250015
22610	37	0.058687277206338706
22610	38	0.1501005688188215
22610	39	0.0023478100674623192
22610	40	0.08208363104481009
22610	41	0.050787830237460696
22610	42	0.18498697086445048
22610	43	0.43449524372270076
22610	44	0.10335337178847226
22610	45	0.261408404809643
22610	46	0.04045244461007513
22610	47	0.46839844735494296
22610	48	-0.05657097456127502
22610	49	0.4741972673074599
22610	50	-0.27316658511480085
22610	51	0.46157835509976763
22610	52	-0.2219726371862336
22610	53	0.06432269918106925
22610	54	0.029818036541151116
22610	55	-0.16683343879175538
22610	56	0.1083344171052758
22610	57	0.27914546222205416
22610	58	0.03327389990925411
22610	59	0.013320361999923591
22610	60	0.1052859355874034
22610	61	0.46521483698987964
22610	62	0.4802612809815656
22610	63	0.43308499377541665
22610	64	0.23334260223922598
22610	65	0.07526867232892442
22610	66	0.45998681197752234
22610	67	0.25581594050821366
22610	68	0.17951723028721744
22610	69	-0.025596011433961507
22610	70	0.009622162215009666
22610	71	0.4896682836422528
22610	72	-0.1023290456787933
22610	73	-0.20023004050802484
22610	74	0.5880036676348084
22610	75	0.019968397269245486
22611	1	-0.09793702146184202
22611	2	0.13763859022229852
22611	3	0.04425250026478622
22611	4	-0.08838422434845938
22611	5	0.03220226145502636
22611	6	-0.18466305147985906
22611	7	-0.3819034108463484
22611	8	-0.21776124252296825
22611	9	0.3327000758961631
22611	10	-0.9406991897174706
22611	11	-0.2156973798488906
22611	12	-0.17085232201699085
22611	13	-0.20622721947429312
22611	14	0.1015733665602383
22611	15	0.0672553262225577
22611	16	-0.28763683174791765
22611	17	-0.2070313994318056
22611	18	-0.2441438838850729
22611	19	-0.38053820866256416
22611	20	-0.30306386832227616
22611	21	-0.24029283843481863
22611	22	-0.10168472876601697
22611	23	-0.19374686312746547
22611	24	-0.09936054558966845
22611	25	0.11367467869560244
22611	26	-0.5990722807881141
22611	27	0.005398039990339498
22611	28	0.3076089274917848
22611	29	-0.16604450483379196
22611	30	0.06464154517475151
22611	31	0.2679355660438887
22611	32	-0.12746542401851002
22611	33	-0.06898647627994592
22611	34	0.08981742535677739
22611	35	-0.15930453870586803
22611	36	-0.19089385632966582
22611	37	-0.08343726491820291
22611	38	0.14149251021076736
22611	39	0.01754927526892658
22611	40	0.2747576237187985
22611	41	-0.03474330529367364
22611	42	0.13681847269594982
22611	43	0.04859780782526002
22611	44	-0.06221439377929272
22611	45	0.4181849615861992
22611	46	-0.25808235392472056
22611	47	-0.257608878652384
22611	48	0.10624953825923455
22611	49	2.0459331478406284E-4
22611	50	0.007419495471282289
22611	51	0.18593732945873853
22611	52	-0.28827300348660145
22611	53	-0.06406557920720957
22611	54	0.04080704753016562
22611	55	-0.24741951937783568
22611	56	-0.1151088063379504
22611	57	-0.3626127795361924
22611	58	-0.02313635650100565
22611	59	0.08529838397794265
22611	60	-0.3423331120316462
22611	61	-0.23368626191121677
22611	62	-0.11131381059352208
22611	63	0.09975166044208095
22611	64	0.19030230919893398
22611	65	-0.41887052181026974
22611	66	-0.2691340671433551
22611	67	-0.6275173928251192
22611	68	-0.9074791067091184
22611	69	-0.1362187220566753
22611	70	0.1729921255849689
22611	71	0.16787341184738125
22611	72	-0.034563477913224006
22611	73	-0.02990037017835334
22611	74	0.13873626836740272
22611	75	-0.010068232767380891
22612	1	0.11096407743925596
22612	2	-0.23082294823923988
22612	3	-0.018055192042904622
22612	4	0.2077696218053866
22612	5	0.21220226145502608
22612	6	-0.06125645807326663
22612	7	-0.01443088337381937
22612	8	0.06663436187263017
22612	9	-0.17773948454340172
22612	10	-0.13850138751966767
22612	11	0.3993575652060528
22612	12	-0.0734896846543549
22612	13	0.29443212118504647
22612	14	-0.11710795212108138
22612	15	0.330222359189591
22612	16	0.1524730583619771
22612	17	-0.012855575255983354
22612	18	0.29102095127976213
22612	19	0.5799013517769964
22612	20	0.1607822855238794
22612	21	-0.01963349777548018
22612	22	0.3834801063988209
22612	23	0.2237256643450607
22612	24	0.30239769616857615
22612	25	0.03125709627801854
22612	26	0.32532332360748484
22612	27	0.016387050979346895
22612	28	0.004641894524752388
22612	29	-0.046374175163464315
22612	30	0.5160701166033235
22612	31	0.0020015001098201424
22612	32	-0.25845443500752197
22612	33	0.09354099624752621
22612	34	0.06893830447766192
22612	35	0.16113502173369199
22612	36	0.18262262718681654
22612	37	-7.999022808391487E-4
22612	38	0.1677562464745037
22612	39	0.1038130115326652
22612	40	0.3877246566858332
22612	41	-0.18342462397499304
22612	42	-0.01340130752382862
22612	43	-0.3000835108560551
22612	44	0.0015218699569743421
22612	45	-0.09719965379841256
22612	46	0.17664292080055333
22612	47	-0.28683964788315564
22612	48	-0.0982559562462555
22612	49	0.12350129661148657
22612	50	0.5953315833833699
22612	51	-0.20274398922257575
22612	52	0.33678194156834707
22612	53	0.2912091460675157
22612	54	0.08696089368400806
22612	55	0.2738991619408466
22612	56	0.049726358497217404
22612	57	-0.11448091140432126
22612	58	0.23774276437811892
22612	59	-0.17063568195612078
22612	60	0.46096359126505604
22612	61	-0.09588406410902195
22612	62	0.29374113446142047
22612	63	-0.04794064725022906
22612	64	0.04733527623189815
22612	65	0.4936569507172024
22612	66	0.21998681197752035
22612	67	-0.15971519502292608
22612	68	0.15307034384033358
22612	69	0.5233417175037687
22612	70	0.3646404772333227
22612	71	0.7306206645946389
22612	72	0.3074145440647982
22612	73	0.16350622322823938
22612	74	0.19730769693883587
22612	75	-0.6263319690311207
23101	1	-0.10425865681573399
23101	2	0.12145047725999447
23101	3	-0.21679559142846472
23101	4	0.04271585836452729
23101	5	-0.13331233147892263
23101	6	0.26857457111260175
23101	7	0.14787326409162205
23101	8	0.22303989182655215
23101	9	0.18892718212326542
23101	10	0.02470905794884004
23101	11	0.3341962748834675
23101	12	0.2837146164209159
23101	13	0.29265024714511156
23101	14	-0.1963706249321433
23101	15	-0.3321893151575708
23101	16	0.22651299691804638
23101	17	-0.041073701216049585
23101	18	0.15131280995871776
23101	19	0.23059259601662774
23101	20	0.47290210119208353
23101	21	0.3649594361722919
23101	22	0.37211297890266337
23101	23	0.2638331912267802
23101	24	0.11397987742817861
23101	25	0.43601900103992364
23101	26	0.1589331546366708
23101	27	0.5866635486752045
23101	28	0.20782161802705446
23101	29	0.17245839012071684
23101	30	0.30158470953727345
23101	31	-0.07756839236329682
23101	32	0.2751400350385609
23101	33	0.2894856967083541
23101	34	0.06916871922420142
23101	35	0.04053594339267619
23101	36	0.434327696311243
23101	37	0.41092052782668986
23101	38	0.43190371191229104
23101	39	0.3190971897200683
23101	40	0.09267089324497135
23101	41	0.40310379384374784
23101	42	0.33163709493392446
23101	43	-0.0016503311325521963
23101	44	0.20190589453454777
23101	45	0.0624009606409075
23101	46	0.6237857779434108
23101	47	0.3560328559570891
23101	48	0.37672100227909056
23101	49	-0.1870516987802162
23101	50	-0.06903093581786379
23101	51	0.5819257496407104
23101	52	-0.17155907225654232
23101	53	0.08901252548379546
23101	54	0.11583954191749513
23101	55	-0.003888856492331172
23101	56	0.1184667578827785
23101	57	-0.2387205427407295
23101	58	-0.0673878039782565
23101	59	0.4640647788733716
23101	60	0.11326773873049945
23101	61	0.5939162431106411
23101	62	0.052635143678010365
23101	63	0.28937118070676604
23101	64	-0.15065243498161607
23101	65	0.4388336020228891
23101	66	-0.053991682646135075
23101	67	0.4132187527497351
23101	68	-0.3194488573885508
23101	69	0.5402848818662846
23101	70	0.21665276601980565
23101	71	0.05848548794332942
23101	72	-0.2921553484083219
23101	73	0.09422818943407663
23101	74	0.12030308864390094
23101	75	0.6906880002469151
23102	1	-0.19722639875121928
23102	2	0.02689133747504613
23102	3	-0.14415043013814355
23102	4	-0.02289704486127775
23102	5	0.01277369002645301
23102	6	0.0798863990695935
23102	7	-0.08262135956429262
23102	8	-0.07717516193689278
23102	9	0.19559384878993313
23102	10	0.15045099343271318
23102	11	0.11802423187271671
23102	12	0.11584364867897534
23102	13	0.3649083116612388
23102	14	0.00784442883129799
23102	15	-0.26292049795326733
23102	16	-0.09266979878088222
23102	17	0.1353349009344882
23102	18	0.008925713184524398
23102	19	0.0663775422531856
23102	20	-0.06397961923802598
23102	21	0.06093793079594434
23102	22	-0.3184246555059431
23102	23	0.13172566434506194
23102	24	-0.09703087525999621
23102	25	-0.267980998960077
23102	26	0.08684713313130032
23102	27	0.22057752716982293
23102	28	0.14083237071523058
23102	29	0.3673401105508205
23102	30	0.4021653546985675
23102	31	0.29266816677648677
23102	32	-0.015978244531332564
23102	33	0.2516362343427616
23102	34	-0.16134740980805162
23102	35	-0.36572212112345426
23102	36	0.3315750081391968
23102	37	0.17253343105249286
23102	38	0.30261338933163984
23102	39	-0.1664727027530546
23102	40	0.025057990019170973
23102	41	0.1571468045964366
23102	42	0.24621774009521857
23102	43	-0.3109406537132031
23102	44	0.05637901281411928
23102	45	-0.3297710823698452
23102	46	0.10711911127674512
23102	47	-0.12893488597839564
23102	48	-0.11082738481768217
23102	49	0.036453677563869746
23102	50	-0.07285889280711189
23102	51	0.07439886792028005
23102	52	-0.0034085346221317536
23102	53	-0.15793371107534426
23102	54	0.19648470320781541
23102	55	0.11008963813132056
23102	56	-0.16817840340754486
23102	57	0.30170956478615807
23102	58	0.15183800247335455
23102	59	-0.030064253384693984
23102	60	0.2114397817412481
23102	61	0.3764968882719302
23102	62	0.31697922969951975
23102	63	-0.0639406472502273
23102	64	0.7399067048033316
23102	65	0.1753712364314879
23102	66	0.26798681197752217
23102	67	0.5770467097389798
23102	68	0.28259415336413696
23102	69	-0.10980113963908877
23102	70	0.494545239138084
23102	71	0.007001616975585989
23102	72	0.35274787739813007
23102	73	0.1227443184663386
23102	74	0.10626007789121417
23102	75	0.8664299357307854
23103	1	-0.03355973208455154
23103	2	-0.27621977363606476
23103	3	0.1388495698618577
23103	4	0.024436288472053036
23103	5	-0.14200408775132445
23103	6	-0.3563358231526266
23103	7	-0.25284358178651445
23103	8	-0.44550849527022507
23103	9	0.283371626567714
23103	10	-0.06588233990061809
23103	11	-0.18175354590506032
23103	12	0.002621426456755671
23103	13	-0.261202799449876
23103	14	-0.11393334894648177
23103	15	-0.04025383128659854
23103	16	-0.16578090989199268
23103	17	0.08500156760116084
23103	18	-0.3804076201488087
23103	19	0.05648865336429765
23103	20	-0.18453517479358084
23103	21	-0.021062069204049294
23103	22	-0.09231354439483397
23103	23	-0.3273854467660513
23103	24	0.07096912474000305
23103	25	0.04435233437325792
23103	26	-0.11570842242425528
23103	27	-0.4074224728301772
23103	28	0.03694348182634144
23103	29	0.21600677721748696
23103	30	0.30749868803189884
23103	31	0.18255705566537728
23103	32	0.3159106443575581
23103	33	-0.047252654546127815
23103	34	-0.3314585209191634
23103	35	-0.3139443433456748
23103	36	0.32357500813920126
23103	37	-0.06802212450305944
23103	38	0.29839116710942193
23103	39	-0.14658381386416153
23103	40	0.09383576779694636
23103	41	0.019591249040878722
23103	42	0.1597732956507727
23103	43	0.4481704573979144
23103	44	-0.1361765427414383
23103	45	-0.23410441570317886
23103	46	-0.2706586665010349
23103	47	0.1045095584660487
23103	48	0.09983928184897906
23103	49	-0.10443521132502553
23103	50	0.074696662748444
23103	51	0.30773220125361433
23103	52	-0.15829742351102283
23103	53	0.1846218444802119
23103	54	-0.26740418568107316
23103	55	0.06286741590910339
23103	56	-0.15662284785199176
23103	57	0.7094873425639321
23103	58	0.07750466914001919
23103	59	0.1034913021708661
23103	60	-0.11244910714763989
23103	61	-1.6977839473497625E-4
23103	62	0.38175700747729735
23103	63	-0.26905175836133566
23103	64	-0.02798218408555897
23103	65	0.2727045697648194
23103	66	0.12943125642196662
23103	67	-0.11106440137213269
23103	68	-0.16962806885808135
23103	69	0.010087749249798605
23103	70	-0.2106769830841415
23103	71	-0.03810949413552578
23103	72	0.10408121073146503
23103	73	-0.08570012597810717
23103	74	-0.02118436655322853
23103	75	0.3000966023974527
23104	1	0.1463655097800043
23104	2	-0.17777357017666873
23104	3	0.31943444233327156
23104	4	-0.1808847317566169
23104	5	0.08874202775732343
23104	6	0.20586001384531727
23104	7	0.07131355688249386
23104	8	0.472763272539801
23104	9	-0.11230412834287051
23104	10	-0.1405745122840827
23104	11	0.09545255201344105
23104	12	0.10371348157255511
23104	13	0.23168051922500155
23104	14	-0.08461643308602618
23104	15	0.4231586577195543
23104	16	-0.32129249007375904
23104	17	0.33190130374891424
23104	18	-0.02790102384274462
23104	19	-0.02100328448383948
23104	20	0.1850265373143074
23104	21	-0.018555472897986647
23104	22	-0.2010279976343483
23104	23	-0.008622620615362564
23104	24	-0.029294727502744422
23104	25	0.0894930555693847
23104	26	-0.025962013746450907
23104	27	0.05106477431142764
23104	28	-0.43672259850200845
23104	29	-0.08034326675788606
23104	30	-0.1487018396725901
23104	31	0.08326799087499381
23104	32	-0.3327627651997531
23104	33	0.36217273390300875
23104	34	0.2810378144663517
23104	35	-0.07417594698097218
23104	36	-0.2444109197411919
23104	37	-0.13240940096157772
23104	38	-0.006431465549624704
23104	39	0.582403286692859
23104	40	0.3525795379523231
23104	41	0.30667714760435416
23104	42	0.02800841731597359
23104	43	0.11278493995434502
23104	44	0.11746608405422165
23104	45	-0.15875261271285268
23104	46	-0.05101633287453211
23104	47	-0.37663233540671115
23104	48	0.24319900040659093
23104	49	-0.24448211839040113
23104	50	-0.22562582332601977
23104	51	0.11555981778835189
23104	52	0.09967677760302251
23104	53	0.12398713325183763
23104	54	-0.23007642256175131
23104	55	0.27860327049720013
23104	56	0.42854279272262374
23104	57	-0.024446987544536114
23104	58	0.20215286614969585
23104	59	-0.09098245918944059
23104	60	-0.010125741565701674
23104	61	0.38043708176357427
23104	62	-0.24296448182202823
23104	63	-0.06018339131355077
23104	64	0.1182286045394747
23104	65	0.20084880899085533
23104	66	0.3349208489168376
23104	67	0.2637450386747773
23104	68	0.0625765632146198
23104	69	0.16783474426592448
23104	70	0.24872641767809966
23104	71	-0.09907402066733084
23104	72	-0.19200498100116192
23104	73	-0.17678778355653435
23104	74	0.40890211834855705
23104	75	-0.263293898921809
23105	1	0.02597436974061651
23105	2	0.3322976775326829
23105	3	0.3114960636178594
23105	4	-0.32508340413121317
23105	5	-0.3317335145844993
23105	6	-0.1599061081350186
23105	7	0.22173214667969887
23105	8	-0.18664682380047992
23105	9	0.1375342906727397
23105	10	0.3063318771983248
23105	11	0.12344978422622432
23105	12	0.14806651131106463
23105	13	-0.35136450294010757
23105	14	-0.24489716578926135
23105	15	-0.33833260169966195
23105	16	-0.2899723924408235
23105	17	-0.18884569464668033
23105	18	0.1319843106869243
23105	19	0.3771018458074593
23105	20	-0.3625771216395606
23105	21	0.03758346393716039
23105	22	0.12119109857667354
23105	23	-0.17852217427165584
23105	24	0.04215068093596841
23105	25	-0.14515294900810716
23105	26	0.2317539534963302
23105	27	-0.14623131048627158
23105	28	0.04357972902454321
23105	29	0.25409515377848635
23105	30	-0.06915837248683232
23105	31	0.2884568315219269
23105	32	0.11206018006041063
23105	33	-0.12373360235272202
23105	34	-0.26696124266108257
23105	35	0.2986237002021994
23105	36	-0.20995044815283137
23105	37	-0.055093850407637035
23105	38	-0.2510004435213844
23105	39	0.17713536641121408
23105	40	-0.026569291440964093
23105	41	-0.2195217832998182
23105	42	0.2776567410558357
23105	43	0.25348585925510037
23105	44	0.03313981973054325
23105	45	-0.2972408230038468
23105	46	0.19222958197799045
23105	47	-0.3994209570638887
23105	48	-0.03368617444304789
23105	49	-0.014489646163319492
23105	50	-0.25357743267262123
23105	51	-0.08179709749759212
23105	52	0.3640688909302199
23105	53	-0.20962247188225547
23105	54	-0.06672375020236387
23105	55	-0.3886615626371679
23105	56	-0.24916207295606085
23105	57	-0.3170416359823349
23105	58	-0.44322059502904665
23105	59	-0.1723812562665401
23105	60	-0.19832006456038442
23105	61	-0.23864240087311828
23105	62	0.11101573306167012
23105	63	0.048543502605681965
23105	64	0.6197683762730719
23105	65	-0.2874299163062659
23105	66	0.22886289266916293
23105	67	-0.13998691177879152
23105	68	0.39702258756202724
23105	69	0.25455620906407717
23105	70	0.1549410124329924
23105	71	0.25028307711007614
23105	72	-0.024112833456818805
23105	73	-0.16354194474212136
23105	74	0.09787583197383043
23105	75	0.3481513574406776
23106	1	0.1636624901376713
23106	2	0.1505608531445617
23106	3	0.19148489749718323
23106	4	-0.18453807050230608
23106	5	-0.03495280570004056
23106	6	0.23810862129181487
23106	7	-0.008684037626970564
23106	8	-0.021790546552274748
23106	9	0.17895567215175845
23106	10	-0.10655185557013169
23106	11	0.22437181022029762
23106	12	0.08331943215475945
23106	13	-0.048311061558138135
23106	14	-0.11963135464448271
23106	15	0.3492048581720866
23106	16	-0.09583788994897446
23106	17	-0.052676495076902086
23106	18	-0.2852509249921127
23106	19	0.42165959353523874
23106	20	0.4994391841807797
23106	21	0.0460319478899649
23106	22	0.02072064363935766
23106	23	-0.004593423974029065
23106	24	0.11370416747504919
23106	25	0.1881557531766731
23106	26	0.17097248925665554
23106	27	0.10511313970543767
23106	28	0.26151613139899155
23106	29	-0.07701316580245532
23106	30	0.2188946994279064
23106	31	0.10228640039472481
23106	32	0.11327531672223046
23106	33	0.3446276873342171
23106	34	-0.0017576662183103053
23106	35	0.1728077934064629
23106	36	0.009045093609280741
23106	37	0.23931405783311988
23106	38	-0.1225490038307484
23106	39	0.16132216904181718
23106	40	-0.14526679630562
23106	41	0.17130065075028256
23106	42	0.09581318169065867
23106	43	0.3712473804748342
23106	44	-0.10006543163032688
23106	45	0.2830608264620622
23106	46	0.2769196810773167
23106	47	0.407429786386281
23106	48	0.3220615040712005
23106	49	0.15852775163794064
23106	50	0.2900812781330586
23106	51	-0.08400569048428252
23106	52	0.14640343118983168
23106	53	0.2178839527423193
23106	54	0.05403456075767821
23106	55	-0.22381349577181453
23106	56	-0.19365988488902985
23106	57	0.5059260890026778
23106	58	0.2646129312482799
23106	59	0.05975910843866927
23106	60	-0.04257731227584571
23106	61	0.23985871163375805
23106	62	0.16117296189325003
23106	63	0.3476149083053315
23106	64	-0.15839528949866377
23106	65	0.36358776064801646
23106	66	0.45257940457011614
23106	67	0.49000397469624346
23106	68	0.454446005215992
23106	69	0.2766831908452403
23106	70	0.4688814214742649
23106	71	0.18710418107815485
23106	72	0.4518020084522618
23106	73	0.11458477430679181
23106	74	0.023046402677536548
23106	75	0.5929028702037158
23107	1	0.23310693458211418
23107	2	0.25433578191949024
23107	3	-0.022261541249253725
23107	4	-0.05611926708350268
23107	5	-0.09200408775132374
23107	6	-0.07578026759707512
23107	7	-0.08339913734207016
23107	8	-0.3149529397146651
23107	9	-0.29440615121006886
23107	10	-0.2325490065672824
23107	11	-0.0817535459050589
23107	12	-0.12237857354324433
23107	13	-0.23064724389431746
23107	14	0.25828887327574535
23107	15	0.1791906131578429
23107	16	0.08421909010800732
23107	17	0.28777934537893657
23107	18	-0.11651873125992296
23107	19	-0.3962891244134781
23107	20	0.19324260298419915
23107	21	0.06782681968483928
23107	22	-0.1256468777281654
23107	23	0.21705899767839298
23107	24	0.10152468029556161
23107	25	0.12213011215103364
23107	26	0.1398471331312976
23107	27	-0.18242247283017576
23107	28	-0.3963898515069957
23107	29	-0.4228821116713988
23107	30	-0.17583464530143544
23107	31	0.02144594455426585
23107	32	-0.17020046675354905
23107	33	0.3277473454538722
23107	34	0.010208145747498065
23107	35	0.013833434432100944
23107	36	0.1902416748058613
23107	37	0.10142231994138484
23107	38	-0.5349421662239138
23107	39	0.08119396391361278
23107	40	-0.38116423220305506
23107	41	-0.2692976398480056
23107	42	-0.4680044821270073
23107	43	0.1731704573979087
23107	44	-0.12784320940810545
23107	45	0.0464511398523797
23107	46	-0.028991999834367732
23107	47	0.046176225132718685
23107	48	-0.21682738481768382
23107	49	0.17612034423053302
23107	50	0.19414110719289113
23107	51	-0.11449002096860994
23107	52	-0.39440853462213
23107	53	-0.34593371107533955
23107	54	-0.27018196345884604
23107	55	-0.2760214729797852
23107	56	0.3517104854813411
23107	57	0.17893178700838064
23107	58	-0.2974953308599808
23107	59	-0.2270642533846896
23107	60	-0.2152268849254142
23107	61	-0.09183644506140354
23107	62	-0.012687436967148358
23107	63	0.2587260194164429
23107	64	-0.2113155174188961
23107	65	0.1865934586537108
23107	66	-0.10667985468914765
23107	67	-0.1277310680387984
23107	68	-0.4251836244136413
23107	69	0.007309971472018617
23107	70	-0.005121427528585798
23107	71	-0.3019983830244115
23107	72	-0.020918789268534965
23107	73	-0.41347790375589
23107	74	0.27881563344676863
23107	75	-0.10545895315810583
23108	1	0.16520999864896524
23108	2	-0.08098609985085758
23108	3	0.10711790783771491
23108	4	0.0035913488248873193
23108	5	0.20729179587603497
23108	6	-0.03982390733709451
23108	7	-0.28976713486606087
23108	8	-0.3019848183900038
23108	9	0.12532458230896992
23108	10	-0.016137678804980737
23108	11	-0.0819237718413035
23108	12	-0.04184623061535575
23108	13	0.04171425409391816
23108	14	-0.055747028921715014
23108	15	-0.18519347845465717
23108	16	-0.07430768178923586
23108	17	0.17991800214154807
23108	18	-0.2728867287839094
23108	19	0.04818627020119237
23108	20	-0.22691369537544404
23108	21	0.06514962996029539
23108	22	-0.3601331049024168
23108	23	-0.17532726044602498
23108	24	-0.2354375604967629
23108	25	0.07483051450324751
23108	26	-0.5370563023375965
23108	27	-0.45635469195737954
23108	28	-0.13055110189387165
23108	29	0.2661924782388425
23108	30	-0.569660086341365
23108	31	-0.1322603383302905
23108	32	-0.2186374831571456
23108	33	-0.18171566909270354
23108	34	-0.07960924824816829
23108	35	-0.11219565872790582
23108	36	-0.42832842732969567
23108	37	0.20120566874980028
23108	38	-0.0970746329524772
23108	39	-0.1645116999675338
23108	40	-0.08224748816095939
23108	41	-0.2570258973534223
23108	42	0.08968663517413944
23108	43	-0.09748104368534172
23108	44	-0.21829508189340174
23108	45	-0.06309698766232685
23108	46	-0.24738413849112817
23108	47	0.20117467762420915
23108	48	-0.12114493356420297
23108	49	-0.2089539361780055
23108	50	0.24913182214181973
23108	51	-0.16069862511593414
23108	52	0.14902229174741422
23108	53	-0.04481950494720621
23108	54	0.29026371899240644
23108	55	-0.17254731637192577
23108	56	0.15040284078929744
23108	57	-0.039646052669738197
23108	58	-0.3085445416306385
23108	59	0.09626443742310897
23108	60	0.07465240941070306
23108	61	0.13423133581139268
23108	62	-0.3435370191398519
23108	63	0.24888386528458994
23108	64	0.17852508920444166
23108	65	0.014858701612546099
23108	66	0.04104530779925142
23108	67	3.4847389868275513E-4
23108	68	0.07520325271418926
23108	69	0.16625457066731286
23108	70	-0.17213628361029265
23108	71	0.17081962997465894
23108	72	-0.03208406317754253
23108	73	-0.3393986713201116
23108	74	-0.3138104884968982
23108	75	-0.5217000549841657
23109	1	-0.021161358100812322
23109	2	0.04464743503602264
23109	3	0.02076013896754958
23109	4	0.10289157302489826
23109	5	0.1607736900264527
23109	6	0.14027664297203302
23109	7	0.07100465669586953
23109	8	-0.03392312941656428
23109	9	0.19055319838343365
23109	10	-0.13641079518517074
23109	11	-0.06942292259882521
23109	12	0.17382738851637924
23109	13	0.2988920514986333
23109	14	0.28498264021341413
23109	15	-0.009359522343508786
23109	16	0.4367936158532686
23109	17	0.12219668955237495
23109	18	0.14154359936338778
23109	19	-0.19466310815332122
23109	20	-0.09503652980713184
23109	21	-0.12715963017966203
23109	22	0.1622257509981253
23109	23	-0.05285970150859498
23109	24	-0.07781136306487468
23109	25	0.27341737502366215
23109	26	-0.02011221646220207
23109	27	0.07387834017795569
23109	28	0.4065234276257996
23109	29	0.24812059835569755
23109	30	0.009937712422143363
23109	31	-0.0248277681828597
23109	32	0.008932324574359995
23109	33	0.31277444572487667
23109	34	-0.13803033663732123
23109	35	-0.13684407234296714
23109	36	0.24471321952130864
23109	37	-0.20860478032961538
23109	38	0.22427192591700873
23109	39	-0.1812044100701229
23109	40	0.019919778637053298
23109	41	-0.09192636613526872
23109	42	0.09649416285944312
23109	43	0.017547151164848174
23109	44	0.12486681769216545
23109	45	-0.11601498480887074
23109	46	0.544517485260485
23109	47	-0.47631699979952913
23109	48	-0.23512006774451777
23109	49	0.13973823040939237
23109	50	-0.11094019362011664
23109	51	-0.35974747354313763
23109	52	-0.2519288598253837
23109	53	-0.22398249156314876
23109	54	-0.0189624512637252
23109	55	-0.4037315000800632
23109	56	-0.20323531397665562
23109	57	-0.17357498805937155
23109	58	-0.08448720077867478
23109	59	-0.08011303387250024
23109	60	0.17420400938352287
23109	61	0.21080583136136255
23109	62	0.05499548986211522
23109	63	0.31157154787172203
23109	64	0.6115164609008872
23109	65	-0.09233608064167953
23109	66	-0.09611074899808614
23109	67	-0.13999394066752302
23109	68	0.065195779380403
23109	69	0.2413208115804224
23109	70	-0.034592972244027465
23109	71	0.38560324299184856
23109	72	0.016682836747726526
23109	73	0.3603703347264968
23109	74	0.19744706976113235
23109	75	0.6250966023974485
23110	1	0.036259427250737275
23110	2	-0.02200015812612577
23110	3	-0.06479168136003821
23110	4	0.22624469511917056
23110	5	-0.07295065014950097
23110	6	0.23289519672355397
23110	7	0.3076973110124399
23110	8	0.4429812408001581
23110	9	0.07504643921026855
23110	10	0.2898605731003556
23110	11	0.419240263153263
23110	12	0.1248680866066394
23110	13	0.3522787906446183
23110	14	0.1819284953024649
23110	15	0.15436982462738058
23110	16	0.2768551279053355
23110	17	0.1947523007389904
23110	18	-0.08597946765614495
23110	19	-0.03920212539100021
23110	20	0.219969549872431
23110	21	0.14917253490151694
23110	22	0.5123866836924975
23110	23	0.18049985789344447
23110	24	0.1677433182883874
23110	25	0.3842105943928047
23110	26	0.6613769474030491
23110	27	0.4261063639244682
23110	28	0.14110607550506415
23110	29	0.2257330724276514
23110	30	0.42450748568585794
23110	31	0.2137317053884189
23110	32	0.4239670145107013
23110	33	0.0636792450954502
23110	34	0.20186666643827778
23110	35	0.10285265893519835
23110	36	0.09268546757223817
23110	37	0.12084232645816684
23110	38	0.07706500223486756
23110	39	0.27779709196835256
23110	40	0.20508536049815262
23110	41	0.4805720245377856
23110	42	0.3267495094011821
23110	43	0.29013852517243066
23110	44	0.34144646149447055
23110	45	0.2715896214424731
23110	46	0.2066303527234723
23110	47	0.18765553435396498
23110	48	0.2425567794051915
23110	49	0.09227381441625937
23110	50	0.3938234141332586
23110	51	0.42454549548626375
23110	52	0.5813734790631102
23110	53	0.46315719801556554
23110	54	0.2922813796496584
23110	55	0.3480173018654398
23110	56	0.7267267774331216
23110	57	0.4342999851185141
23110	58	0.5489367317011187
23110	59	0.2551204973484431
23110	60	0.4600419322788838
23110	61	0.5856073477049719
23110	62	0.3928110967571925
23110	63	0.305255833688193
23110	64	0.09103866961271478
23110	65	0.23233311326433181
23110	66	0.2470835861710725
23110	67	-0.3516883831251434
23110	68	0.43739376235729566
23110	69	0.13681469613803188
23110	70	0.23473683249096666
23110	71	0.19973670983971203
23110	72	0.5563295000765294
23110	73	0.5756553644096414
23110	74	0.2544673115178071
23110	75	0.4687916170602051
23111	1	0.03276446882868811
23111	2	-0.19524564882632234
23111	3	-0.3489358182659963
23111	4	-0.29497010422200987
23111	5	-0.3036098716173825
23111	6	-0.6306889433961587
23111	7	-0.47947980705288273
23111	8	-0.7595495911606349
23111	9	-0.09280797769408622
23111	10	0.07852405279344765
23111	11	-0.2507794210953165
23111	12	-0.5019828353392839
23111	13	-0.19198666550771293
23111	14	-0.2959729227668717
23111	15	-0.6863725527477911
23111	16	-0.207409524808277
23111	17	-0.28862856938514625
23111	18	-0.007804880422781935
23111	19	-0.4287092157376833
23111	20	-0.28845450508277537
23111	21	-0.16558261714925493
23111	22	-0.24372145915891252
23111	23	-0.26421954113439483
23111	24	-0.48793498484904063
23111	25	-0.1438896747591656
23111	26	-0.17784693079564562
23111	27	-0.1695229294511762
23111	28	-0.4790763050838578
23111	29	-0.3650434510930154
23111	30	-0.24181638046125187
23111	31	-0.3432039793422348
23111	32	-0.24980472854959146
23111	33	-0.16133180218691479
23111	34	0.01903615183577756
23111	35	-0.12254403893167165
23111	36	-0.4252834393493856
23111	37	-0.7153204502260451
23111	38	-0.33760578875055103
23111	39	-0.7269110589174375
23111	40	-0.22652191865662985
23111	41	-0.1707436063624712
23111	42	-0.6955539494025018
23111	43	-0.32869407837073084
23111	44	0.174515999115485
23111	45	-0.6011135481232728
23111	46	-0.5001868247963159
23111	47	-0.2421038357500862
23111	48	-0.38600546700946836
23111	49	-0.20961024937677308
23111	50	-0.4817721348162394
23111	51	-0.410532638929034
23111	52	-0.14086972183674362
23111	53	-0.5582624781986283
23111	54	-0.07840114154104327
23111	55	0.05620835959251025
23111	56	-0.1240505495262667
23111	57	-0.7488840425197836
23111	58	-0.15000674638509537
23111	59	0.13903163702626387
23111	60	-0.007920948852358833
23111	61	-0.4008547099015871
23111	62	-0.4815230534055033
23111	63	-0.7915022910858411
23111	64	-0.8901206924569465
23111	65	-0.4948753389109797
23111	66	-0.35371181815946784
23111	67	-0.549382514005309
23111	68	-0.6887300475491003
23111	69	-0.35517100265278856
23111	70	-0.33171960104456844
23111	71	-0.21352806338970964
23111	72	-0.6016265518256105
23111	73	-0.6298401564195117
23111	74	-0.025940835350795055
23111	75	-0.288602027739536
23112	1	-7.084924151321559E-4
23112	2	-0.20257422726324492
23112	3	0.18065397757535706
23112	4	0.29840323062081353
23112	5	0.022757161100834367
23112	6	0.04894425030926186
23112	7	0.2671747836863929
23112	8	-0.05315312336939826
23112	9	0.03327979920315727
23112	10	0.29066035982389593
23112	11	-0.07849367446336686
23112	12	0.16210260184702463
23112	13	0.06870996455379696
23112	14	-0.035880089075035926
23112	15	-0.3402538312866028
23112	16	-0.0432372918938313
23112	17	-0.06437859768809773
23112	18	-0.021729934198397416
23112	19	-0.12824504727849728
23112	20	-0.09185840711681692
23112	21	-0.06197116011314563
23112	22	0.08521170813042289
23112	23	-0.05677020342353245
23112	24	0.1508589319025404
23112	25	-0.21136391907027274
23112	26	0.23357991550044233
23112	27	0.10690259604034935
23112	28	0.5669480731945669
23112	29	0.2847395595866331
23112	30	0.174440836792229
23112	31	-0.054196846997612624
23112	32	0.10298594279649365
23112	33	-0.4554712036737669
23112	34	0.05630548275392755
23112	35	0.2692971626231042
23112	36	-0.002044826571548697
23112	37	0.08085299028114434
23112	38	0.03094396784403841
23112	39	0.10495429449212423
23112	40	-0.2542588143885425
23112	41	-0.3855969970564601
23112	42	0.15284032962689764
23112	43	-0.26349161790052733
23112	44	-0.3250424747891927
23112	45	0.060179330853294744
23112	46	-0.3121646352797285
23112	47	-0.3558439768874848
23112	48	-0.0489210487295324
23112	49	0.0018090494646898492
23112	50	-0.04339332806881657
23112	51	-0.3630666968180165
23112	52	0.3238421540831027
23112	53	0.12982386468223694
23112	54	0.17995577758798476
23112	55	-0.41222441145545474
23112	56	-0.059285841424078
23112	57	-0.21112790077858534
23112	58	0.14575535784525329
23112	59	-0.4012378071036977
23112	60	-0.2929128353386403
23112	61	0.24569799020030558
23112	62	0.20583873383174733
23112	63	0.3733265703806268
23112	64	0.028744170368064204
23112	65	0.39584506563259225
23112	66	-0.10144569490952904
23112	67	-0.40856210568802
23112	68	-0.10539482735211436
23112	69	0.16382971435540128
23112	70	-0.1432068269776181
23112	71	0.3557839861215939
23112	72	-0.07870115841453895
23112	73	-0.11811518566589285
23112	74	-0.18328262183329969
23112	75	0.4628376492294066
23201	1	0.13610693458211287
23201	2	-0.14910866252495225
23201	3	-0.0294837634714753
23201	4	-0.06289704486128045
23201	5	0.004773690026453892
23201	6	0.13321973240292806
23201	7	-0.0026213595642943233
23201	8	-0.42117516193688687
23201	9	0.14226051545659857
23201	10	0.0837843267660503
23201	11	0.1740242318727212
23201	12	-0.1641563513210258
23201	13	0.30090831166123877
23201	14	0.17584442883129725
23201	15	0.17974616871340032
23201	16	0.13399686788578435
23201	17	0.2846682342678264
23201	18	-0.16707428681547754
23201	19	0.19971087558651845
23201	20	0.2986870474286434
23201	21	0.20760459746261262
23201	22	-0.1210913221726102
23201	23	-0.2522743356549384
23201	24	0.08430245807333847
23201	25	0.06801900103992153
23201	26	-0.12915286686870076
23201	27	0.17257752716982822
23201	28	0.21016570404856338
23201	29	-0.12865988944918172
23201	30	-0.3098346453014358
23201	31	0.15400150010982117
23201	32	0.1626884221353393
23201	33	0.02230290100943222
23201	34	-0.5720140764747228
23201	35	-0.4990554544567871
23201	36	-0.22575832519413552
23201	37	-0.24613323561417388
23201	38	0.1026133893316441
23201	39	-0.26780603608638387
23201	40	0.12372465668583743
23201	41	0.13848013792976843
23201	42	-0.17244892657144817
23201	43	-0.1482739870465366
23201	44	0.08571234614744583
23201	45	0.28356225096349164
23201	46	-0.35954755538992345
23201	47	-0.24626821931173026
23201	48	-0.4014940514843488
23201	49	0.1911203442305336
23201	50	-0.1901922261404394
23201	51	-0.02693446541305633
23201	52	0.12192479871119843
23201	53	0.11406628892466131
23201	54	0.22315136987448625
23201	55	-0.10057702853534067
23201	56	0.17848826325911915
23201	57	-0.09029043521384494
23201	58	-0.3948286641933123
23201	59	-0.019397586718028492
23201	60	-0.18856021825875047
23201	61	0.10449688827193171
23201	62	-0.09635410363381425
23201	63	-0.04260731391688921
23201	64	-0.16942662853000456
23201	65	-0.14196209690184247
23201	66	0.027986811977520176
23201	67	0.06238004307231648
23201	68	-0.2640725133025299
23201	69	0.0368655270275724
23201	70	-0.09212142752858199
23201	71	-0.008998383024412249
23201	72	-0.11125212260186856
23201	73	-0.17058901486699796
23201	74	-0.6564065887754538
23201	75	-0.20023673093588457
23202	1	0.20390745951649691
23202	2	-0.3598593186929335
23202	3	-0.08890633564995554
23202	4	0.163937600808012
23202	5	-0.24263838346436017
23202	6	0.16286802636618347
23202	7	-0.18363973226770725
23202	8	0.24471460184263805
23202	9	0.04588256270069735
23202	10	-0.32316580446754983
23202	11	0.013478300114186936
23202	12	-0.5374266925283706
23202	13	-0.01892370933613563
23202	14	-0.023819613163453823
23202	15	-0.37437456619473863
23202	16	-0.11228134733730855
23202	17	-0.2157202171757433
23202	18	0.1324532722396441
23202	19	-0.41439936063395066
23202	20	0.16321198181184116
23202	21	0.24678569982481946
23202	22	-0.278424655505944
23202	23	-0.2784790600643916
23202	24	0.1208378911442054
23202	25	0.02657018214228657
23202	26	-0.08016599022828075
23202	27	-0.10059832584854433
23202	28	-0.04247471589894758
23202	29	0.06285717091827792
23202	30	-0.1442073487135076
23202	31	0.02089913790509712
23202	32	-0.18551105293028058
23202	33	-0.05062098350500577
23202	34	-0.13117418146159565
23202	35	-0.24040978516544698
23202	36	0.10992671417594124
23202	37	-0.4609573825958009
23202	38	-0.08896666316179846
23202	39	0.15566902953041506
23202	40	0.011136730176652065
23202	41	-0.3913886284744308
23202	42	-0.5190106063614763
23202	43	-0.3453553518759307
23202	44	0.05304043013695292
23202	45	0.14325778902123432
23202	46	0.13231596167044302
23202	47	0.10514385417909011
23202	48	-0.1757512693321175
23202	49	-0.4037352988140839
23202	50	0.04565029354459682
23202	51	-0.08990559402197817
23202	52	0.12022401130962379
23202	53	-0.031235548345684094
23202	54	0.010132997171069746
23202	55	-0.25264002066133173
23202	56	-0.4838319467146306
23202	57	-0.5589728499120099
23202	58	0.08124482662033472
23202	59	-0.6144002113899418
23202	60	-0.27139486392804457
23202	61	-0.008699962121767157
23202	62	-0.4555352059960214
23202	63	-0.005840909717420573
23202	64	-0.9383715104197705
23202	65	0.27244210257322266
23202	66	-0.037650983298071594
23202	67	0.28541416380722495
23202	68	-0.26617225083533214
23202	69	-0.05117646772308149
23202	70	-0.5664731335653315
23202	71	-0.5161059945729676
23202	72	-0.5637665582974094
23202	73	-0.608972216966734
23202	74	-0.5642071137098341
23202	75	-0.3546934238492696
23203	1	0.02080534728052541
23203	2	0.1375368401205499
23203	3	0.0807807867930741
23203	4	-0.037203923168156905
23203	5	-0.05509932584656241
23203	6	0.10847899166218866
23203	7	-0.07400760295053743
23203	8	-0.1080746328363631
23203	9	-0.12324213004604445
23203	10	-0.07500932402760441
23203	11	-0.08942550357701862
23203	12	-0.46470661587128603
23203	13	-0.3444038576509314
23203	14	-0.14303387804700662
23203	15	0.04598955495678325
23203	16	-0.26922006333114723
23203	17	0.26396982156941107
23203	18	-0.0174446571858482
23203	19	-0.38094520906956575
23203	20	0.20924789398948462
23203	21	-0.19857529671728003
23203	22	0.07871820163691723
23203	23	-0.3289727483533511
23203	24	-0.18035362658275034
23203	25	-0.34175877673785493
23203	26	-0.06610524782108484
23203	27	-0.4148298802375834
23203	28	0.18337205325491368
23203	29	-0.3773794661687546
23203	30	-0.10731612678291924
23203	31	-0.4091096110012913
23203	32	-0.7971845937376827
23203	33	0.16941401212054075
23203	34	-0.8591040235646688
23203	35	-0.33431471371604715
23203	36	0.13786072242491088
23203	37	-0.1969903784713125
23203	38	-0.18176756304930564
23203	39	-0.08613407841442466
23203	40	-0.1287832798221018
23203	41	-0.01083203138239952
23203	42	-0.1526605667830907
23203	43	-0.06241155318409852
23203	44	-0.11858395014884593
23203	45	0.014440557841794543
23203	46	-0.03362162946399394
23203	47	0.2456471246036145
23203	48	-0.2043935223838247
23203	49	0.211437804547991
23203	50	0.06623105428283793
23203	51	-0.4118445183231074
23203	52	0.10916289394929635
23203	53	-0.5729178380594675
23203	54	-0.49663698991387406
23203	55	0.0661742942159762
23203	56	-0.10635829758744109
23203	57	-0.48918990611331736
23203	58	-0.6112519446165905
23203	59	-0.17508012640056592
23203	60	-0.2686660383645716
23203	61	-0.25281528104023465
23203	62	-0.3064705057502195
23203	63	-0.48042741973699776
23203	64	-0.14028377138714632
23203	65	-0.12623722917697933
23203	66	-0.14794969595898522
23203	67	-0.1929427082504347
23203	68	-0.09581854504855869
23203	69	0.044082458244503187
23203	70	-0.18435423176138954
23203	71	-0.21033171635774295
23203	72	-0.2030616464113919
23203	73	-0.3095096497876355
23203	74	-0.349358969727831
23203	75	-0.4950092177083718
23204	1	-0.12726202216088822
23204	2	-0.16663538008220513
23204	3	-0.03945831817885548
23204	4	-0.034215111019040734
23204	5	-0.31021867638575884
23204	6	0.15838003774643994
23204	7	-0.16777148679075538
23204	8	-0.5506611670259502
23204	9	0.20546662232683133
23204	10	0.08341791455230663
23204	11	-0.2776398902646875
23204	12	0.25658665122350754
23204	13	0.12134597069431408
23204	14	0.1345823423173016
23204	15	0.092316143268107
23204	16	-0.14716343745772775
23204	17	0.0787038576774961
23204	18	0.1493633722176
23204	19	0.09302385268575364
23204	20	0.04970994819200314
23204	21	0.16125345242444666
23204	22	-0.22753407026421257
23204	23	-0.2699639030849639
23204	24	0.058246478429573756
23204	25	0.30624800867350643
23204	26	0.23978351989974556
23204	27	0.2941042447270803
23204	28	0.3405270272037768
23204	29	0.19679558128873254
23204	30	0.2838345658944945
23204	31	0.07477503700549448
23204	32	0.3001133585221041
23204	33	0.2631375066073929
23204	34	0.1884948293776958
23204	35	-0.021620339952967527
23204	36	-0.07133593333662702
23204	37	0.1468845760906632
23204	38	-0.12124411702968274
23204	39	-0.11505285542480692
23204	40	-0.31822954178744567
23204	41	0.11395087584325836
23204	42	0.4379327528178649
23204	43	-0.2685386180897922
23204	44	0.07720344029502968
23204	45	-0.23391357600851848
23204	46	-0.08168495997007597
23204	47	-0.08172877910816823
23204	48	0.34411409100928836
23204	49	-0.03768372701628664
23204	50	0.2158332191521808
23204	51	0.018928130006791832
23204	52	-0.030604463375311752
23204	53	0.03752684872110024
23204	54	-0.5007163146038849
23204	55	-0.13571188858623628
23204	56	-0.1193030853413859
23204	57	-0.13788331053191172
23204	58	0.15772095412729925
23204	59	-0.03743321012769485
23204	60	-0.04525233021804098
23204	61	0.3630617737681163
23204	62	-0.21478667360837278
23204	63	-0.45221545641052785
23204	64	-0.03177777356817302
23204	65	0.037844518874237565
23204	66	-0.09166713204283639
23204	67	-0.2126123233398971
23204	68	-0.038627220681661356
23204	69	-0.1733940149571609
23204	70	-0.3597651934318904
23204	71	-0.26503909549260385
23204	72	-0.1805243872329143
23204	73	0.06332447113808826
23204	74	-0.12107834450064558
23204	75	-0.3746489446763377
23205	1	-0.13435881884254286
23205	2	0.08146667994079948
23205	3	0.12229705844633187
23205	4	0.12968743002456407
23205	5	-0.08443178942560081
23205	6	-0.19233277901259527
23205	7	0.26298594637177786
23205	8	0.15003944993525664
23205	9	-0.1640408544064158
23205	10	-0.036544440357239694
23205	11	-0.13845065397202916
23205	12	0.28431853452372735
23205	13	-0.08239762441181853
23205	14	-0.008301689890160446
23205	15	0.08896991300563428
23205	16	-0.023847880972660107
23205	17	0.04013855390252985
23205	18	-0.06807885302552563
23205	19	0.05074283905683785
23205	20	-0.06379697083620073
23205	21	-0.07243193221775357
23205	22	0.11518265043012832
23205	23	-0.2998359794905596
23205	24	-0.082455532794242
23205	25	-0.40690337338930505
23205	26	-0.20524419106961744
23205	27	0.08801131712416321
23205	28	-0.2955146612482409
23205	29	-0.4910708483532886
23205	30	0.08695074282641713
23205	31	-0.8363546642737418
23205	32	0.14197609336821415
23205	33	-0.002427692597876785
23205	34	0.05191286416454943
23205	35	-0.6650097923563294
23205	36	-0.4225437133219927
23205	37	-0.2769642858424817
23205	38	-0.14582496683274115
23205	39	-0.06663708631469234
23205	40	-0.26487808304019467
23205	41	-0.3543052501980881
23205	42	-0.20788271652578771
23205	43	-0.12321462631594216
23205	44	0.174515999115485
23205	45	-0.07508615086299386
23205	46	-0.21251559191960467
23205	47	-0.33525452068158756
23205	48	-0.16408765879028664
23205	49	-0.41234997540416884
23205	50	-0.2762926827614507
23205	51	-0.1283408581071157
23205	52	-0.17922588622030844
23205	53	-0.16100220422602263
23205	54	-0.6427847031848728
23205	55	-0.8643395856129672
23205	56	-0.10487246733448785
23205	57	-0.10778815210882442
23205	58	-0.1280889381659165
23205	59	-0.4308313766723657
23205	60	0.192079051147644
23205	61	-0.7953752578467927
23205	62	-0.05960524518632582
23205	63	-0.12026941437351013
23205	64	-0.476422062319962
23205	65	-0.012683558089058522
23205	66	0.42437037362135754
23205	67	-0.2069167605806541
23205	68	0.15236584286185462
23205	69	0.009212558991045228
23205	70	-0.40569220378429094
23205	71	-0.13681573462258712
23205	72	0.06686659885932045
23205	73	-0.49559358107704554
23205	74	-0.2725161778165486
23205	75	-0.22010887705460647
23206	1	-0.09841480454831952
23206	2	0.3495652505185234
23206	3	0.1772553669633048
23206	4	0.143639187022778
23206	5	-0.12074804910398029
23206	6	0.1626255295043748
23206	7	0.3124945824646872
23206	8	0.5485132438602136
23206	9	0.25052138502181975
23206	10	0.097523457200829
23206	11	0.1396836521625744
23206	12	0.49096683708477684
23206	13	-0.046468499932963425
23206	14	0.0596777621646325
23206	15	0.2186229803076003
23206	16	-0.16499588573740454
23206	17	0.35239287194898594
23206	18	-0.08095109840967751
23206	19	0.17834855674593797
23206	20	0.44239719235617514
23206	21	-0.049866417030138166
23206	22	0.19893041695782898
23206	23	-0.03855694435058865
23206	24	0.1524908638704403
23206	25	0.3010552329239786
23206	26	-0.32464562049189283
23206	27	-0.001081893120030486
23206	28	0.05880338520798034
23206	29	0.27814445837690727
23206	30	0.10967260107537413
23206	31	0.2672188914141742
23206	32	-0.12098549090814004
23206	33	0.28475217637174666
23206	34	0.13508737280064054
23206	35	0.08164744409393876
23206	36	0.4498431240812266
23206	37	0.404200097719162
23206	38	0.13474382411425267
23206	39	-0.0039509636226142675
23206	40	0.30772465668583493
23206	41	0.3305815872051312
23206	42	-0.15194168019463916
23206	43	-0.08957108849580919
23206	44	0.04274857803150667
23206	45	0.06716370023885077
23206	46	0.09932925620427824
23206	47	0.10281873721001489
23206	48	0.2511073977910101
23206	49	0.0726783152450281
23206	50	0.22693096226535658
23206	51	-0.020166349471026024
23206	52	0.18783784218945954
23206	53	0.34482715848987766
23206	54	-0.331595006937107
23206	55	0.08219108740668446
23206	56	0.3983288429692635
23206	57	0.20815884014847086
23206	58	0.44634524885016447
23206	59	-0.14173816642816917
23206	60	0.4300629701470484
23206	61	-0.2528871696990862
23206	62	0.05307343259806885
23206	63	0.09097239622803244
23206	64	0.43373279175985147
23206	65	-0.35084615487286186
23206	66	0.20509550762969297
23206	67	0.030300332927389206
23206	68	0.10440574756703569
23206	69	0.05489451253482258
23206	70	0.06734234058735922
23206	71	0.388400167700226
23206	72	0.1368710658039305
23206	73	0.032838521364887185
23206	74	-0.14775441486240481
23206	75	0.07237921109310008
23207	1	0.18883610124878203
23207	2	0.22864133747504667
23207	3	0.0018704031951912725
23207	4	0.08329045513871947
23207	5	-0.010580476640214442
23207	6	0.20078223240292914
23207	7	-0.2759338595642973
23207	8	-0.12155016193688795
23207	9	-0.10534365121006317
23207	10	0.021096826766047627
23207	11	-0.2289757681272846
23207	12	-0.25484385132102005
23207	13	0.0071999783279039775
23207	14	-0.0366764045020318
23207	15	0.034746168713397196
23207	16	-0.09581563211421695
23207	17	0.3511474009344937
23207	18	0.2227173798511899
23207	19	-0.23378912441348376
23207	20	-0.017521285904692263
23207	21	-0.015332902537387838
23207	22	0.28667951116072743
23207	23	0.16445483101172442
23207	24	-0.39257254192666124
23207	25	0.24070650103992364
23207	26	0.08307629979796616
23207	27	0.2477858605031571
23207	28	0.2299990373818943
23207	29	-0.0063890561158430614
23207	30	0.24135285469856171
23207	31	-0.006331833223512717
23207	32	0.10931342213533668
23207	33	0.21194873434276218
23207	34	0.1999650901919452
23207	35	-0.09849295445678763
23207	36	-0.14934165852746872
23207	37	0.2375334310524977
23207	38	-0.07834494400169234
23207	39	0.15411063058028418
23207	40	0.008245490019170632
23207	41	0.18191763792977156
23207	42	-0.4134905932381159
23207	43	0.17039267962013582
23207	44	0.07354567948078028
23207	45	0.2570414176301554
23207	46	-0.17308922205658916
23207	47	0.4668359473549373
23207	48	-0.15536905148434954
23207	49	-0.21242132243613554
23207	50	-0.09440055947377601
23207	51	-0.20008029874638567
23207	52	0.38371646537786575
23207	53	0.35614962225799474
23207	54	0.17304720320781541
23207	55	0.11321463813132482
23207	56	0.1992799299257868
23207	57	0.11973039811948638
23207	58	0.07542133580668775
23207	59	0.17189407994864325
23207	60	-0.16210188492541988
23207	61	-0.023607278394734976
23207	62	0.18158339636618592
23207	63	0.06549685274977435
23207	64	-0.14586412853000752
23207	65	-0.014795430235174933
23207	66	0.07352847864418521
23207	67	-0.014536623594352704
23207	68	-0.12396834663586276
23207	69	-0.3376553063057557
23207	70	-0.1978297608619144
23207	71	-0.08793588302441435
23207	72	-0.2521687892685378
23207	73	0.14832765179966856
23207	74	-0.08559408877545138
23207	75	-0.6124033976025487
23208	1	0.3312707763900242
23208	2	-0.0826227868187388
23208	3	0.1124371404833262
23208	4	0.10946453705962611
23208	5	0.0398697352241939
23208	6	0.046959845397275046
23208	7	-0.02271175504451861
23208	8	-0.012881376626154406
23208	9	-0.008812930871080482
23208	10	-0.01178629470287973
23208	11	0.07540276294616177
23208	12	0.08797924189931905
23208	13	0.12716819866688667
23208	14	-0.1610143282308485
23208	15	0.25579136645351497
23208	16	-0.10918957279218233
23208	17	-0.19338826290731959
23208	18	-0.02560536026180671
23208	19	0.3449538134396235
23208	20	0.009579702795875278
23208	21	0.2831752189315395
23208	22	0.2724228021211772
23208	23	-0.009494674637991807
23208	24	-0.025076073000107613
23208	25	0.06313764510771591
23208	26	-0.3348703809929958
23208	27	-0.11476710559853842
23208	28	0.2861431051785033
23208	29	0.2953853082909319
23208	30	-0.13713408032968744
23208	31	0.08053257355614818
23208	32	0.04072232044042323
23208	33	0.1656475337777934
23208	34	0.40154524555917703
23208	35	0.1763569749217453
23208	36	0.3953264205685798
23208	37	0.01648823331237992
23208	38	0.2903874006310758
23208	39	0.04941430289666471
23208	40	-0.16685161450060804
23208	41	0.0935083865173425
23208	42	0.39998045195962106
23208	43	0.0856469169082672
23208	44	0.18053720490451042
23208	45	0.0013475616979548022
23208	46	0.3116388852880405
23208	47	0.22376567899335953
23208	48	0.5320426716794913
23208	49	0.008182491123186253
23208	50	0.4468247230120994
23208	51	-0.06232429592152755
23208	52	0.26533722808973437
23208	53	0.330902447116749
23208	54	0.038292612812334426
23208	55	0.37619133304657737
23208	56	-0.35907105877478074
23208	57	-0.10586105668276957
23208	58	-0.053992506001222296
23208	59	0.13861371271700307
23208	60	0.29720249360565276
23208	61	-0.131525710598126
23208	62	-0.017348453916305573
23208	63	0.16494070868197497
23208	64	0.030821959040615354
23208	65	-0.34424458277754866
23208	66	0.3373879419210226
23208	67	0.3380410600214674
23208	68	-0.05559793703134375
23208	69	0.559193210643393
23208	70	0.4136638832058779
23208	71	0.5128321254501671
23208	72	0.46764053276536544
23208	73	-0.5305212182568297
23208	74	-0.039028057702005015
23208	75	-0.2681237365856006
23209	1	0.1576277013552776
23209	2	0.11731945249102083
23209	3	-0.022199418423554107
23209	4	-0.05772558586234311
23209	5	0.21796218842900927
23209	6	0.34495988149770795
23209	7	0.3797087788808611
23209	8	-0.14942223328939264
23209	9	0.17881003622337488
23209	10	0.23552873571173194
23209	11	0.07520421057346027
23209	12	-0.10058233641154146
23209	13	-0.021204574387752473
23209	14	0.31027680369818
23209	15	-0.06442848517371402
23209	16	0.1518797219858925
23209	17	0.27837217462991504
23209	18	-0.1337622527366662
23209	19	0.014679991667456704
23209	20	0.28174988022949066
23209	21	0.3803756304764576
23209	22	0.0996371123321822
23209	23	0.03580234166135199
23209	24	0.010266249340645572
23209	25	0.3518869456618603
23209	26	0.2120782300429056
23209	27	0.29981927370869954
23209	28	0.49337763163109827
23209	29	0.14822189968820254
23209	30	0.20749868803189742
23209	31	0.19561172375199476
23209	32	0.3337043965762305
23209	33	0.18343602135021797
23209	34	0.4080072227798013
23209	35	0.18160056258261648
23209	36	0.31761121687188876
23209	37	-0.11377114828722767
23209	38	0.23546961936359168
23209	39	0.17131643462713697
23209	40	0.250216669465388
23209	41	0.13025862568269986
23209	42	0.30810485404622767
23209	43	0.4137366625807317
23209	44	0.20060904476299868
23209	45	0.2560180550103439
23209	46	0.09583050637791501
23209	47	-0.02638323528616837
23209	48	0.04659114553375332
23209	49	0.2292886083412924
23209	50	0.0019952072993874026
23209	51	0.5223221906039868
23209	52	0.09858933545241655
23209	53	-0.1296397813628829
23209	54	0.42438672663699606
23209	55	0.2476828223698746
23209	56	0.1547012558043832
23209	57	-0.0065758452244963905
23209	58	0.4263598342092436
23209	59	0.19633830252585227
23209	60	0.33471986693826494
23209	61	0.18752990211644516
23209	62	-0.11308679798951715
23209	63	0.6866280428456193
23209	64	0.037184660074892406
23209	65	-8.843546228263222E-4
23209	66	-0.2326649452109777
23209	67	0.33580283327465565
23209	68	0.6388028860584924
23209	69	-0.1720120022589029
23209	70	0.45800423807312285
23209	71	0.45473750621946607
23209	72	0.1727180584417951
23209	73	0.183770942534494
23209	74	0.5491652962085709
23209	75	0.05672599536869427
23210	1	-0.06897639875121797
23210	2	-0.10990032919162118
23210	3	0.05916206986185557
23210	4	-0.03910537819461268
23210	5	-0.02099714330687874
23210	6	0.16692806573625774
23210	7	-0.05978802623096158
23210	8	0.03209567139644065
23210	9	0.15767718212326542
23210	10	0.03411766009938333
23210	11	0.005399231872715404
23210	12	-0.25223968465435576
23210	13	-0.274050021672096
23210	14	0.012802762164632497
23210	15	0.0972461687133972
23210	16	0.013559367885783047
23210	17	0.0829182342678223
23210	18	0.3190715465178542
23210	19	-0.16868495774681236
23210	20	0.33143704742864344
23210	21	0.08883376412928357
23210	22	0.20855451116072743
23210	23	-0.13762850232160417
23210	24	0.41211495807333876
23210	25	-0.08741849896007636
23210	26	-0.015882033535369544
23210	27	-0.3069016394968429
23210	28	-0.06166762928476999
23210	29	0.09777761055082124
23210	30	0.18666535469856171
23210	31	0.2384598334431587
23210	32	0.338480088802001
23210	33	0.2952820676760979
23210	34	0.009860923525280896
23210	35	-0.28599295445678763
23210	36	0.18138750813919557
23210	37	-0.05152906894750231
23210	38	0.06228005599830766
23210	39	-0.15318103608638722
23210	40	0.10199549001917063
23210	41	-0.05245736207022844
23210	42	-0.23380309323811588
23210	43	0.3683093462868001
23210	44	0.09177484614745168
23210	45	0.10339558429681972
23210	46	-0.44392255538992487
23210	47	0.268919280688273
23210	48	0.21963094851565046
23210	49	0.12351617756386446
23210	50	-0.2298172261404403
23210	51	0.14627386792027863
23210	52	0.44882063204453715
23210	53	-0.15947537774200526
23210	54	0.16783886987448682
23210	55	0.3423813047979891
23210	56	0.1003215965924511
23210	57	0.0051470647861577845
23210	58	0.33323383580668775
23210	59	-0.13800175338469245
23210	60	-0.06314355159208418
23210	61	0.14566355493860073
23210	62	0.025333396366185923
23210	63	0.08112185274977435
23210	64	0.015594204803328182
23210	65	0.03728790309815366
23210	66	0.2766534786441852
23210	67	-0.204640790261017
23210	68	0.12603165336413724
23210	69	0.2352613603609086
23210	70	0.1381077391380856
23210	71	0.16206411697558565
23210	72	0.5316853773981336
23210	73	0.09103598513300426
23210	74	0.049822577891212916
23210	75	-0.372820064269213
23211	1	0.053730276757178785
23211	2	0.0035916027270346262
23211	3	-0.04773310034150313
23211	4	-0.08639483442803453
23211	5	-0.08564540811678256
23211	6	-0.10612951604976928
23211	7	0.2255236448565725
23211	8	0.23108301666611908
23211	9	-0.006917203376289649
23211	10	0.014776369206366269
23211	11	-0.11613315097432064
23211	12	0.0646535514199158
23211	13	-0.1543136158365499
23211	14	0.12980375685959444
23211	15	0.23711133228545833
23211	16	0.15448139485307166
23211	17	0.2699485172032823
23211	18	0.3697250058458863
23211	19	0.22802564128059544
23211	20	0.05057387324649909
23211	21	0.1986992040055
23211	22	-0.02997195877738079
23211	23	0.12616598264744994
23211	24	-0.008606472076969851
23211	25	0.07881298866149677
23211	26	0.30467914020468356
23211	27	0.3183953874704457
23211	28	0.30543007186465587
23211	29	-0.3072911891839283
23211	30	0.11996553153322509
23211	31	0.5362190067411206
23211	32	0.06749478818308319
23211	33	-0.3400171697244332
23211	34	0.039798478786110536
23211	35	0.043423767470713415
23211	36	0.312611259244413
23211	37	0.3269454558093443
23211	38	0.18838527262077065
23211	39	-0.039385169596549474
23211	40	-0.2519570409268965
23211	41	0.4259425605646072
23211	42	-0.16717925371556674
23211	43	0.06650231710908372
23211	44	-0.026973772331771784
23211	45	0.013486212059866887
23211	46	-0.005524566884176352
23211	47	-0.0067562829722049855
23211	48	0.23423362313987184
23211	49	-0.09149680873144916
23211	50	0.2667980479532801
23211	51	-0.17016346629722534
23211	52	0.1107417748385231
23211	53	0.03947742950821009
23211	54	0.10276233362338161
23211	55	-0.14472910634259506
23211	56	-0.10563552100259699
23211	57	0.28232848609473393
23211	58	-0.17432999045325914
23211	59	0.013585613989313572
23211	60	0.11333191259889475
23211	61	-0.605607444177231
23211	62	0.03286959221056662
23211	63	-0.20263560746242604
23211	64	0.19664941037361672
23211	65	0.2001139420017779
23211	66	-0.09757286972008927
23211	67	-0.21173489945642388
23211	68	0.6574128978380571
23211	69	-0.14398681603166352
23211	70	0.42536044691880903
23211	71	0.0518256664892931
23211	72	0.05372754141227887
23211	73	-0.5463838866618715
23211	74	-0.2442686577409674
23211	75	0.03862445385633606
23212	1	0.1369027461004393
23212	2	0.009236887213265987
23212	3	-0.0768136064034124
23212	4	0.24337171604622654
23212	5	0.023600915157341973
23212	6	-0.0102916114016125
23212	7	-0.12556027753986143
23212	8	0.12635014347323192
23212	9	-0.1478965526062268
23212	10	0.04175291315348062
23212	11	0.18616384792856167
23212	12	0.5031595300053269
23212	13	0.08843361707135955
23212	14	0.07047619148400486
23212	15	0.1946501826750051
23212	16	0.008419206454718164
23212	17	-0.2334539297810423
23212	18	-0.019674635855615463
23212	19	0.16008085813451345
23212	20	0.16286156749844594
23212	21	-0.3087584042825853
23212	22	0.0732332851572366
23212	23	0.1151392769105044
23212	24	0.26992200432115254
23212	25	0.11315687189507173
23212	26	-0.35443733458249227
23212	27	0.37652168074748715
23212	28	0.1334676237693273
23212	29	-0.031026381595772534
23212	30	0.029488216827708413
23212	31	0.055404641471078264
23212	32	0.10088737501492062
23212	33	0.31135700223106966
23212	34	0.4248096582547731
23212	35	0.03314698882419265
23212	36	-0.4394267370615026
23212	37	-0.09252765097193816
23212	38	0.28108459352012716
23212	39	-0.2863889331195466
23212	40	-0.024736076298459864
23212	41	0.36703162135036393
23212	42	0.1297849303220957
23212	43	-0.05561081078126051
23212	44	0.5250072850654277
23212	45	0.2747524778395771
23212	46	0.35284336956645035
23212	47	0.08497785398670032
23212	48	-0.11394780366585167
23212	49	-0.06912398386720042
23212	50	0.4289142311021408
23212	51	0.44298525535483435
23212	52	-0.025342216995603906
23212	53	0.2949039852597366
23212	54	0.14761908366156717
23212	55	-0.3263850564585553
23212	56	-0.1563319810689805
23212	57	0.2949730900915668
23212	58	0.22414515779621524
23212	59	-0.24709043139516496
23212	60	-0.014877844785800676
23212	61	-0.1533111396512794
23212	62	0.01885706565064993
23212	63	0.011954640707891429
23212	64	-0.1065016721600216
23212	65	0.1535073620859393
23212	66	0.19506534600893133
23212	67	0.37338876907580243
23212	68	0.27100602072888336
23212	69	0.13991613784781975
23212	70	0.2621124293649615
23212	71	-0.31068075649736215
23212	72	-0.15132891143258576
23212	73	-0.2906448612893371
23212	74	0.015886604941826477
23212	75	0.19420655004142873
23301	1	-0.0403080510086653
23301	2	0.10463197148080994
23301	3	0.13570355641325094
23301	4	0.017856077136798376
23301	5	-0.09542227539141379
23301	6	0.0648777535364502
23301	7	-0.3748096400638161
23301	8	0.33208516467213656
23301	9	0.03090604859781365
23301	10	-0.07695342539533812
23301	11	0.1609137611714715
23301	12	0.2546947533859907
23301	13	0.07514846535960373
23301	14	0.18161580251045706
23301	15	0.3043186951303056
23301	16	0.08178553263122268
23301	17	0.09357505463285776
23301	18	-0.2167188593418956
23301	19	-0.006183456786196473
23301	20	-0.16372985939172224
23301	21	0.49291487604090634
23301	22	-0.0546014086279385
23301	23	0.38631932428742033
23301	24	0.14877892301089446
23301	25	-0.26907225736545826
23301	26	-0.6183901387226882
23301	27	0.30045456847626184
23301	28	0.11850768291503755
23301	29	-0.14648121509759449
23301	30	0.1527436448042323
23301	31	0.11266432431731488
23301	32	0.32531666421026273
23301	33	0.049177060471485845
23301	34	-0.23814279885704792
23301	35	0.027730328444270924
23301	36	0.06094292360509712
23301	37	0.3454825184684438
23301	38	0.3109592106572947
23301	39	-0.31277817825737486
23301	40	0.30484281230543075
23301	41	0.22140040690191398
23301	42	-0.21802049237356158
23301	43	-0.017407512502828126
23301	44	-0.05907920044236903
23301	45	-0.08686618323439887
23301	46	-0.09883670044275306
23301	47	0.5400603109476378
23301	48	0.10464235581631698
23301	49	-0.03466255682614161
23301	50	0.2046358238115289
23301	51	0.024831144577341036
23301	52	0.30931384770255477
23301	53	-0.06841209724248642
23301	54	0.4779448376938902
23301	55	-0.08318605831440351
23301	56	-0.15117936402234022
23301	57	0.24491801819633707
23301	58	0.5106698948845008
23301	59	-0.019643504105154364
23301	60	0.5019681198776595
23301	61	0.43282733976088394
23301	62	0.4510733699492775
23301	63	0.4030103613953102
23301	64	0.1269729872240788
23301	65	0.1045009194286095
23301	66	0.5026381088074956
23301	67	0.32399003346616695
23301	68	0.22987561349862773
23301	69	0.462049004453128
23301	70	-0.04390624981484592
23301	71	0.6912052673118012
23301	72	0.20355287259505417
23301	73	0.3897721762953452
23301	74	0.6079622873052415
23301	75	-0.20516276359678187
23302	1	-0.04024471376953542
23302	2	0.18708913967284957
23302	3	-0.016187060174772228
23302	4	-0.2861864221506565
23302	5	0.09264182189458481
23302	6	-0.22587184268864746
23302	7	-0.02201330095623888
23302	8	-0.30842058318231125
23302	9	0.19808469128077633
23302	10	-0.09454534356362387
23302	11	-0.1250380391895547
23302	12	-0.08019298135765496
23302	13	0.054761791514714275
23302	14	-0.2280969631100902
23302	15	0.0095630185302511
23302	16	0.01181371770263695
23302	17	-0.0531852455856523
23302	18	0.011350621609430789
23302	19	0.10572552760117304
23302	20	0.40023283497443174
23302	21	0.020696172554188763
23302	22	0.09611746903618013
23302	23	-0.4409996103802172
23302	24	-0.22573417196329615
23302	25	0.03125709627801854
23302	26	-0.11555579727163234
23302	27	-0.044052509460208
23302	28	-0.486347116464259
23302	29	-0.33362692241621517
23302	30	0.174531655064861
23302	31	-0.05074575263743242
23302	32	-0.03405883061191872
23302	33	-0.04700845430192402
23302	34	-0.140951805412449
23302	35	-0.10985398925532053
23302	36	0.11130394586813708
23302	37	-0.5477229792039182
23302	38	-0.00960639088813764
23302	39	-0.3423408346211829
23302	40	-0.09337424441306297
23302	41	-0.19683121738158604
23302	42	-0.06373097785350268
23302	43	0.06782857705603362
23302	44	-0.2627638443287381
23302	45	-0.3318150384138008
23302	46	-0.46412630996867676
23302	47	-0.4306858017293109
23302	48	-0.23715705514735674
23302	49	-0.46133386822367584
23302	50	0.10357334162512188
23302	51	-0.14922750570609367
23302	52	0.18425446904087295
23302	53	-0.48988975503138477
23302	54	0.24959825632137012
23302	55	0.03280026084194532
23302	56	-0.0217022129313591
23302	57	0.08793667101326008
23302	58	-0.11929020265485235
23302	59	-0.23887744019788215
23302	60	-0.3890364087349383
23302	61	-0.041378569603523374
23302	62	0.08374113446141962
23302	63	-0.5046439439535249
23302	64	-0.20530208640546022
23302	65	-0.17436502730477343
23302	66	0.09350329549400271
23302	67	-0.3143305796383089
23302	68	-0.36352306275307456
23302	69	0.3308142449762954
23302	70	-0.2720628194699728
23302	71	-0.12882988485591085
23302	72	-0.3312667746165232
23302	73	-0.45572454600252854
23302	74	-0.03434065470951708
23302	75	-0.488090210789359
23303	1	0.3429554194305986
23303	2	-0.09490664232293256
23303	3	0.24768795370023966
23303	4	0.07847669251245648
23303	5	0.0946120738648375
23303	6	-0.049770166586974085
23303	7	-0.09829812724106546
23303	8	0.27949150472977635
23303	9	0.3808463740424628
23303	10	0.16669341767514112
23303	11	0.014711100559587464
23303	12	-0.22035837152304083
23303	13	-0.09428360753068432
23303	14	0.042632307619179244
23303	15	0.3390390980063316
23303	16	0.356441312330233
23303	17	0.2625268201264106
23303	18	0.20141056166936977
23303	19	-0.05386488198924155
23303	20	-0.12216143741984098
23303	21	-0.07964792778991381
23303	22	0.08773696065567549
23303	23	0.20493778555718478
23303	24	-0.07044501667413527
23303	25	0.09258465760557755
23303	26	-0.10181953353536954
23303	27	-0.05035176575946565
23303	28	-0.0774504575676005
23303	29	-0.29308413187342097
23303	30	-0.01977403924082921
23303	31	0.13129442940275027
23303	32	0.1277793312262432
23303	33	0.42951502222155113
23303	34	0.21172329726265104
23303	35	-0.13313626253759026
23303	36	-0.19511186054766938
23303	37	0.1807152492343107
23303	38	0.17465379337204467
23303	39	-0.07915957143992358
23303	40	0.3557044546656343
23303	41	-0.49303501358538426
23303	42	0.13906622494370424
23303	43	0.16281692204437803
23303	44	0.3267022451373478
23303	45	-0.024760981359740697
23303	46	0.416715070872705
23303	47	-0.014934885978391321
23303	48	0.21095039296009332
23303	49	0.15768600079618977
23303	50	-0.16621242816064807
23303	51	0.29510593862735135
23303	52	0.08210661689302157
23303	53	0.27376325862162787
23303	54	-0.013111256388143033
23303	55	-0.041930563888882944
23303	56	0.34590240467326083
23303	57	-0.02334094026434741
23303	58	0.5833127499480995
23303	59	0.2534913021708647
23303	60	0.45548018578165284
23303	61	0.32306254483759034
23303	62	-0.5710207703004855
23303	63	0.506705817396238
23303	64	0.2399471088437295
23303	65	0.2863409334011848
23303	66	0.10493630692701572
23303	67	0.15433963903191028
23303	68	-0.23073917996919135
23303	69	0.2012493654114138
23303	70	0.05927251186535898
23303	71	0.2416884856624577
23303	72	0.3788286854789362
23303	73	0.1334917932138069
23303	74	0.25381563344677005
23303	75	-0.4122771349762857
23304	1	0.036267854122343124
23304	2	0.17799478575090788
23304	3	-0.11316192439101513
23304	4	0.1543213459433197
23304	5	0.15904955209541782
23304	6	0.3061162841270644
23304	7	0.23259703124030295
23304	8	0.18179035530448573
23304	9	-0.2306130477617927
23304	10	0.021186625616621768
23304	11	-0.04075737732268436
23304	12	0.31133790155254104
23304	13	-0.2814135274192253
23304	14	0.04890190009566453
23304	15	0.15112547905822993
23304	16	-0.0822560056774364
23304	17	-0.13080303009999028
23304	18	0.04832801203509973
23304	19	0.05141202501180686
23304	20	0.19602038076197204
23304	21	0.14675402274997396
23304	22	-0.022677529069163427
23304	23	0.16705899767839583
23304	24	0.15142889485494493
23304	25	-0.058233872523295815
23304	26	-0.015612636983647121
23304	27	0.07878442372155092
23304	28	-0.21181130744569288
23304	29	0.07002976572323405
23304	30	-0.03675418553132204
23304	31	-0.1169640171315578
23304	32	-0.10602422154282465
23304	33	-0.1428465242779282
23304	34	-0.14189913394598364
23304	35	0.23241580991103206
23304	36	0.3201267322771315
23304	37	0.2447173390984716
23304	38	0.17291223990635274
23304	39	0.09412499839637434
23304	40	0.14680511645595118
23304	41	0.040664045975745466
23304	42	-0.11877076565190947
23304	43	0.2968294612293292
23304	44	-0.055046274542206675
23304	45	0.29664271073360027
23304	46	0.55482026070203
23304	47	0.24655936689516977
23304	48	0.19466686805587585
23304	49	0.5672122982535228
23304	50	0.3691411071928883
23304	51	0.18704254608120152
23304	52	0.1259937642284399
23304	53	0.20061801306258786
23304	54	0.22522033539172526
23304	55	0.18882527031522756
23304	56	0.1556376885464772
23304	57	0.30929577168270583
23304	58	-0.5549665952277962
23304	59	0.26977482707507505
23304	60	0.19511794266078653
23304	61	0.23258884229492338
23304	62	-0.1342391611050786
23304	63	0.3437834906808064
23304	64	-0.09225421473690432
23304	65	0.3077620410291928
23304	66	-0.2147258317006404
23304	67	0.10148349134817636
23304	68	0.26064013037563427
23304	69	0.22493449254481845
23304	70	0.5193038598277369
23304	71	0.04828897329742432
23304	72	-0.15913718007313093
23304	73	-0.24930165854515707
23304	74	0.10917961812110377
23304	75	0.49463683228250943
23305	1	0.10942619579583379
23305	2	-0.014185179675347825
23305	3	-0.14758402732372033
23305	4	0.05922080914048067
23305	5	0.04124862406339247
23305	6	-0.06854631860850446
23305	7	0.07922912416481864
23305	8	-0.06549530265808556
23305	9	-0.22048354786793567
23305	10	0.2314571499850473
23305	11	-0.08924401790740433
23305	12	0.050943033023742146
23305	13	0.18418711553106704
23305	14	0.018285941584160526
23305	15	0.05376551787787065
23305	16	-0.09965660616874317
23305	17	-0.09553932949646793
23305	18	-0.10705669666595696
23305	19	-0.4458053953017824
23305	20	-0.15534285582553764
23305	21	0.20044188857959
23305	22	0.09448651423900145
23305	23	-0.43870177628818396
23305	24	-0.10317335547107831
23305	25	-0.1532510077551521
23305	26	-0.015407924036686893
23305	27	-0.2708349618363286
23305	28	-0.16231626604818672
23305	29	-0.2439316572592034
23305	30	-0.2252189900683632
23305	31	-0.006441771657989648
23305	32	-0.12695801585938682
23305	33	0.07985083416686223
23305	34	-0.03558487682652611
23305	35	0.1395443696417189
23305	36	-0.21538717303933907
23305	37	0.07075682595134936
23305	38	0.019953758724781778
23305	39	-0.33844104048392154
23305	40	0.3261943136779166
23305	41	0.013801158158443627
23305	42	0.3103303170521201
23305	43	0.15500129879339397
23305	44	-0.061953441011738164
23305	45	0.1288463318781794
23305	46	0.16798102860304454
23305	47	0.013868983854500527
23305	48	0.3329087629395673
23305	49	0.39931735390511847
23305	50	-0.054121865542377634
23305	51	-0.048028572712965456
23305	52	0.2870118699513071
23305	53	0.10551747625974883
23305	54	-0.16939040673061356
23305	55	-0.04329646565056322
23305	56	0.08025783230045391
23305	57	0.4900648858063832
23305	58	0.2892241062552401
23305	59	0.07788297616675521
23305	60	0.15873969379050124
23305	61	0.493893546143525
23305	62	0.041995940341557514
23305	63	0.21949998599515652
23305	64	-0.2749112371491762
23305	65	0.08211529975602616
23305	66	0.1660554135606347
23305	67	0.13709596215762332
23305	68	0.3132361938214814
23305	69	0.44487959914718544
23305	70	0.09041507203166077
23305	71	0.22810276033530386
23305	72	-0.15506566701699853
23305	73	0.0897029816149697
23305	74	-0.042285216743792375
23305	75	-0.5508928435128411
23306	1	0.031076122257182703
23306	2	0.01864483887560553
23306	3	-0.15855939372357852
23306	4	-0.046852226934110064
23306	5	0.026600020558667836
23306	6	0.20636258954578324
23306	7	0.025120937354472517
23306	8	0.14993968400148816
23306	9	-0.019756291266091353
23306	10	-0.23514004298185398
23306	11	-0.17750517989198755
23306	12	-0.2771871636459551
23306	13	-0.08125415332475683
23306	14	0.0672057733691176
23306	15	0.2087657765565396
23306	16	0.0037335625636600867
23306	17	-0.34013848842125327
23306	18	-0.03362890866421964
23306	19	-0.3579137742734275
23306	20	-0.13591239234727226
23306	21	-0.13912929609480784
23306	22	-0.1691809580269492
23306	23	-0.15436957375018068
23306	24	-0.06908689766896003
23306	25	0.0074475724684930356
23306	26	-0.3420156119667439
23306	27	-0.3701675708693912
23306	28	-0.5075709906293113
23306	29	0.06488632903821667
23306	30	-0.176254813368665
23306	31	-0.4310517211786902
23306	32	-0.31352446301872305
23306	33	-0.027131272660035677
23306	34	-0.21033340420581226
23306	35	0.0734039292967168
23306	36	-0.12684515992803114
23306	37	-0.22220046250492942
23306	38	-0.11314011206891905
23306	39	-0.14184525177265783
23306	40	-0.04521651978475205
23306	41	-0.13423694890496307
23306	42	0.11920373449297728
23306	43	0.1633898784996859
23306	44	-0.28027084712986294
23306	45	-0.02072906556312404
23306	46	-0.5393794881630285
23306	47	-0.14448670670668662
23306	48	-0.10744363131628631
23306	49	-0.5429973028282902
23306	50	-0.07973844462783575
23306	51	0.2054913048950695
23306	52	-0.4440583945661061
23306	53	-0.0061578007111933175
23306	54	-0.1900699186409227
23306	55	-0.10951820500593357
23306	56	-0.3760439496260304
23306	57	-0.421651779751663
23306	58	0.2041853414089303
23306	59	-0.07797461753035151
23306	60	0.14947899742752213
23306	61	-0.20255073077568397
23306	62	-0.2600964005525839
23306	63	-0.21074176769840847
23306	64	-0.3209560402947105
23306	65	-0.11020859550128392
23306	66	-0.4481364373221979
23306	67	-0.18391687569519632
23306	68	-0.37499688305042866
23306	69	-0.7512801312357311
23306	70	-0.3801214275285858
23306	71	-0.6767182709795918
23306	72	-0.23107285089318452
23306	73	-0.030331311785765536
23306	74	-0.31574552434967984
23306	75	-0.4928305684708931
23307	1	0.1889288523903332
23307	2	-0.06099907348385614
23307	3	0.004488839268248057
23307	4	0.1899614026273042
23307	5	0.05529423797165833
23307	6	-0.058086203670129066
23307	7	-0.22468528650493624
23307	8	-0.008864659653788465
23307	9	0.15650709079906733
23307	10	0.0483870664920758
23307	11	0.19579592137043278
23307	12	0.1939075756196189
23307	13	0.18335580024571385
23307	14	-0.09871264879426889
23307	15	0.16842196780015684
23307	16	0.18711102313692862
23307	17	-0.04753267897418567
23307	18	-0.04616104480634675
23307	19	0.006907222618480091
23307	20	0.0074359058761288566
23307	21	-0.03681549386158878
23307	22	-0.23824200710411247
23307	23	0.105643472564239
23307	24	0.24905131652082702
23307	25	-0.39320474325231913
23307	26	-0.016203095179207594
23307	27	-0.5750023815059748
23307	28	0.22229355792983796
23307	29	0.10070997356451983
23307	30	0.029416496251073454
23307	31	0.3252891713426962
23307	32	0.32279801117643103
23307	33	0.18113395123774012
23307	34	-0.3289090536436703
23307	35	-0.15816047728783644
23307	36	-0.022543713321987013
23307	37	-0.27422455981508165
23307	38	-0.4197975695724665
23307	39	-0.05841790823250648
23307	40	-0.33885068577991717
23307	41	-0.25019566115698666
23307	42	0.03869262593996581
23307	43	0.18089496272515504
23307	44	-0.2884976995146502
23307	45	0.7084754929726245
23307	46	0.27789536698450945
23307	47	-0.03936410972268334
23307	48	0.12632330011382464
23307	49	0.5849102985684311
23307	50	-0.18588172385733515
23307	51	0.12645366244082368
23307	52	0.36597959323174933
23307	53	0.35954574097945624
23307	54	0.37365365297950603
23307	55	0.10004397603086801
23307	56	0.3060864367751037
23307	57	0.17714335474049392
23307	58	0.27739051388888214
23307	59	0.29519602058790895
23307	60	-0.4435373872085222
23307	61	0.15256994763266363
23307	62	0.14039475481366992
23307	63	-0.10931051026392424
23307	64	0.6276875267211395
23307	65	-0.14145068137673178
23307	66	0.5668361270460167
23307	67	-0.2069167605806541
23307	68	0.05921515793034615
23307	69	0.32976050419652836
23307	70	0.043622864708858344
23307	71	0.013869196884265023
23307	72	-0.16053066141465422
23307	73	0.6139954600188489
23307	74	0.13022354821085003
23307	75	-0.3132595619861078
23308	1	-0.031011522718159767
23308	2	0.04811447797091617
23308	3	0.0015906166938144395
23308	4	0.08903683943623975
23308	5	-0.13977727416087404
23308	6	0.20321422276105494
23308	7	-0.1350290730629169
23308	8	0.13417470032206325
23308	9	0.46578668625549824
23308	10	0.21903501547128457
23308	11	0.4091096313217548
23308	12	-0.04175414746427464
23308	13	0.4075529397604143
23308	14	0.2120537952224808
23308	15	0.3126387306968681
23308	16	0.3672310276653974
23308	17	0.18080046567278174
23308	18	0.47413783439664314
23308	19	-0.3017987662867583
23308	20	-0.1138969746099292
23308	21	0.07576988671880969
23308	22	0.046644215017472845
23308	23	-0.14767929433262594
23308	24	0.2335035600017079
23308	25	-0.11494518628790473
23308	26	0.02145870337923128
23308	27	0.02150314700453748
23308	28	-0.08318966785226678
23308	29	-0.3543788977136444
23308	30	0.14138298555256057
23308	31	8.99571735168081E-4
23308	32	0.337145722410817
23308	33	0.33240758420502203
23308	34	0.003963884957784103
23308	35	-0.12188741037964945
23308	36	0.08059980152762591
23308	37	-0.1808549986995729
23308	38	-0.079248869621523
23308	39	-0.09890245481916793
23308	40	0.461994629137628
23308	41	-0.3029523689572855
23308	42	0.24925906240926565
23308	43	0.045048327003051725
23308	44	0.38845614780034055
23308	45	0.3907578432499932
23308	46	0.062491012103187416
23308	47	0.26399073385631766
23308	48	-0.11228193027223199
23308	49	0.291065247811801
23308	50	0.3257526774408248
23308	51	0.2402390883059553
23308	52	-0.3731275428865928
23308	53	0.30888722556377957
23308	54	0.49951500623811995
23308	55	0.3756543764233342
23308	56	0.315369805958845
23308	57	0.3536103912324364
23308	58	0.12096196941550375
23308	59	0.4500018623177837
23308	60	-0.04497895104111649
23308	61	0.07489909212868184
23308	62	0.1948194500851912
23308	63	0.24935962823186486
23308	64	0.1472014706435516
23308	65	0.2884070491036681
23308	66	-0.057368559923304474
23308	67	0.5060384452761681
23308	68	0.007552831050091413
23308	69	0.3704412846033307
23308	70	-0.12392308042114308
23308	71	0.09407599714087667
23308	72	-0.12277829340076352
23308	73	0.1491024451880989
23308	74	-0.012483723761675947
23308	75	0.6501654729208681
23309	1	0.13246223544171443
23309	2	-0.08144104074844805
23309	3	-0.051145654588953704
23309	4	-0.16558281372469708
23309	5	0.09687684188891765
23309	6	-0.25058924562954843
23309	7	-0.034537309898581725
23309	8	-0.13956293653097163
23309	9	0.15120034353682854
23309	10	0.221916131923642
23309	11	0.16273865403126564
23309	12	0.27310057322529957
23309	13	0.08040019322761793
23309	14	-0.1031087707866547
23309	15	-0.29345344924266215
23309	16	-0.25968412542844277
23309	17	0.09023079396219202
23309	18	-0.09788613017746428
23309	19	0.05423618599721891
23309	20	-0.04514485323993256
23309	21	-0.22321106633872034
23309	22	-0.05970450268836913
23309	23	0.13530159557715393
23309	24	-0.13246927067547176
23309	25	0.08549369062922096
23309	26	0.23987101087723772
23309	27	0.3798745663293275
23309	28	-0.07891930072698727
23309	29	0.3139532910665821
23309	30	-0.15639816010563834
23309	31	0.010024422745928518
23309	32	-0.26555226554374656
23309	33	-0.3022510626963921
23309	34	-0.16368551869057768
23309	35	-0.27180808100883525
23309	36	-0.513865297495947
23309	37	-0.6463013349455977
23309	38	-0.2422805934763801
23309	39	-0.28926926435763534
23309	40	-0.29112921150900917
23309	41	-0.4599534819365161
23309	42	-0.1347029857882589
23309	43	-0.22741056775331714
23309	44	-0.2229562307388946
23309	45	-0.3764874147480697
23309	46	-0.133377545838826
23309	47	-0.2401020301999779
23309	48	-0.23731449083487632
23309	49	0.20861795645593872
23309	50	-0.16070607523308666
23309	51	0.1391553149116831
23309	52	-0.08492906948364265
23309	53	-0.42014574545929406
23309	54	0.09428795058126838
23309	55	0.08678495809311926
23309	56	0.0710116634501432
23309	57	-0.1711080092348567
23309	58	-0.5629203547377273
23309	59	0.17644577526860417
23309	60	0.2166737836514656
23309	61	-0.08971132567267404
23309	62	-0.1918421647608426
23309	63	-0.291035203124153
23309	64	-0.2357265330190188
23309	65	-0.06607288964301006
23309	66	0.06342520739299573
23309	67	-0.17705453190380638
23309	68	-0.0010352640188600049
23309	69	0.2184051640858371
23309	70	0.2053609029394181
23309	71	-0.31873668292890045
23309	72	-0.22175451037646354
23309	73	0.18978538818935675
23309	74	-0.002790542930178219
23309	75	-0.614731477831775
23310	1	0.18762175937995806
23310	2	0.04189942372841671
23310	3	0.13159440364442787
23310	4	-0.10139479867978807
23310	5	0.2343585956868317
23310	6	-0.0757578057821604
23310	7	0.3477254508579861
23310	8	0.051054847047836915
23310	9	0.4481365262382724
23310	10	0.19168729172561427
23310	11	0.17342764606858196
23310	12	0.15788497841842286
23310	13	-0.11893715105215108
23310	14	0.33949582146382085
23310	15	0.07394203573945646
23310	16	0.10853774838893315
23310	17	0.047737416657760434
23310	18	0.0034198731126480197
23310	19	0.2257234542028712
23310	20	0.3420221777071646
23310	21	0.3119567987204732
23310	22	0.04682242445812079
23310	23	0.013644801811366847
23310	24	-0.4195969129958428
23310	25	-0.03747605736079862
23310	26	-0.1698788327267451
23310	27	-0.3690576929559626
23310	28	0.1378494416945628
23310	29	0.2451622129766946
23310	30	0.14011324328796348
23310	31	0.20200150010982298
23310	32	-0.04007168568137587
23310	33	0.47294800433378015
23310	34	-0.08497005131749091
23310	35	0.2421053721380062
23310	36	0.21378165683641015
23310	37	0.24685508424207114
23310	38	0.13853791763352774
23310	39	0.23022810587228548
23310	40	-0.23944515463492166
23310	41	0.3763597426018279
23310	42	-0.13733661749687798
23310	43	-0.20202421166468554
23310	44	0.2554302257521215
23310	45	0.2125038502447083
23310	46	-0.08982608189486285
23310	47	0.16992585076913258
23310	48	0.4601267930798869
23310	49	0.11320480065461425
23310	50	0.20449600386854172
23310	51	0.12938539083133094
23310	52	0.13117547256565132
23310	53	0.3141741056362477
23310	54	0.130896203657052
23310	55	0.14818487622655852
23310	56	0.17102015903629564
23310	57	0.02034388643934193
23310	58	0.3025945163996795
23310	59	0.07259881939158674
23310	60	-0.01235177261634135
23310	61	-0.01836384847559458
23310	62	0.25287860076869606
23310	63	-0.2052452294604663
23310	64	0.06771263472246858
23310	65	0.311069349639034
23310	66	0.43411080119584966
23310	67	0.07500178610914787
23310	68	0.06530754060582922
23310	69	0.13757352343368723
23310	70	0.3278749785810291
23310	71	0.20161796917684427
23310	72	0.3459051101025352
23310	73	-0.2963320517043755
23310	74	0.2580085055641703
23310	75	0.848007653610388
23311	1	0.37038083639090047
23311	2	0.037992112668845834
23311	3	-0.06638298827767741
23311	4	0.11500476392425085
23311	5	0.2256315711634045
23311	6	0.4603308435140363
23311	7	-0.08255934406042087
23311	8	0.00881967010445095
23311	9	0.10236387462973084
23311	10	-0.07408647426754555
23311	11	0.028453172441196273
23311	12	0.13188499234822615
23311	13	0.1957093452529719
23311	14	-0.14235712155629443
23311	15	0.2643973315040995
23311	16	-0.14678866182998007
23311	17	0.056513195508131275
23311	18	0.37876550646617346
23311	19	-0.12833046808272996
23311	20	0.17922451512890092
23311	21	-0.10026103561231992
23311	22	0.03165286387390154
23311	23	-0.09198492997018803
23311	24	-0.10215749024708032
23311	25	-0.31591898345619995
23311	26	0.0758290452760022
23311	27	0.39438631269954527
23311	28	0.06155588492711672
23311	29	0.049469309517228055
23311	30	0.2333384813135524
23311	31	0.1994175207816582
23311	32	0.4667504376392131
23311	33	0.028587138735531425
23311	34	0.40710737055370316
23311	35	-0.4574843950252614
23311	36	-0.1616963096902566
23311	37	0.14741715198272942
23311	38	0.0949027950163952
23311	39	0.21459189673015544
23311	40	0.005399075290483779
23311	41	-0.1632252884268226
23311	42	0.01080688738203861
23311	43	-0.12547295345480336
23311	44	0.008461700152615492
23311	45	0.1675105713769227
23311	46	0.17998732833100917
23311	47	-0.27785478261922236
23311	48	0.18769457900660313
23311	49	-0.26438353173845996
23311	50	0.14239692114637847
23311	51	0.5157425371709223
23311	52	0.09015218889207688
23311	53	0.40161150856290107
23311	54	-0.038657415655229954
23311	55	0.2666787854181436
23311	56	-0.18246264113364674
23311	57	-0.2663524507177186
23311	58	0.2841584159100492
23311	59	-0.08500998981880059
23311	60	-0.1526945851838164
23311	61	-0.007275721547188141
23311	62	0.2067570074772931
23311	63	-0.27512410978252433
23311	64	0.2079997280591428
23311	65	0.32515935012658304
23311	66	-0.46042662471498375
23311	67	0.5247883118061623
23311	68	0.17106960556052542
23311	69	0.4914184986037995
23311	70	-0.28451419238646736
23311	71	-0.12893636752053794
23311	72	-0.3485027685967026
23311	73	0.6277365665283483
23311	74	0.3468388892607237
23311	75	0.3250966023974513
23312	1	-0.0829043013729418
23312	2	0.3006216745536996
23312	3	0.07265106798919874
23312	4	0.04990445326606263
23312	5	0.24729054395903916
23312	6	0.1647628035639741
23312	7	0.3594535468027473
23312	8	0.2738735272016868
23312	9	0.26945152669255634
23312	10	0.5364584840694206
23312	11	0.29115531801503636
23312	12	0.28954402321081574
23312	13	0.2219120569795905
23312	14	0.4438069756477816
23312	15	0.13071995148493443
23312	16	0.00937514503934267
23312	17	0.16168696085958345
23312	18	0.3931878854691675
23312	19	0.13816780442547127
23312	20	0.47598292757845684
23312	21	0.3575896161892089
23312	22	0.5324367677150335
23312	23	0.1061975744574184
23312	24	0.1889466528298911
23312	25	0.4481912856841177
23312	26	0.07233776983541418
23312	27	0.22104194664547805
23312	28	0.057948475584140624
23312	29	0.058890672348574924
23312	30	0.4069368902790913
23312	31	0.49132734280644996
23312	32	0.42093561314657535
23312	33	0.2783403541929488
23312	34	-0.06557212890918152
23312	35	-0.3316097615728921
23312	36	0.5462341841691583
23312	37	-0.09439540789881562
23312	38	0.07117518708444948
23312	39	0.545145274775038
23312	40	0.48188196005661865
23312	41	0.6341355686413763
23312	42	0.36582822698660067
23312	43	0.05335148111826271
23312	44	0.29381721506130987
23312	45	0.2365884681919539
23312	46	0.10693184535914213
23312	47	0.17420369080063125
23312	48	0.25620632304748625
23312	49	0.23801172999832687
23312	50	0.22775533940262704
23312	51	0.5642865083697188
23312	52	0.12066637174491035
23312	53	0.5456393226325247
23312	54	0.27420005901306155
23312	55	0.1160821474946161
23312	56	0.3936268400381451
23312	57	0.215791961789904
23312	58	0.10175560546960583
23312	59	-0.11105301742963292
23312	60	0.7237244259360054
23312	61	0.07286392947043652
23312	62	0.5123125630328502
23312	63	0.6066660943228115
23312	64	0.39208648008422387
23312	65	0.8646521353078924
23312	66	0.6043688344494313
23312	67	0.18946618539440863
23312	68	0.5454780484952266
23312	69	0.5697943659788862
23312	70	0.27062763614183183
23312	71	0.2147619166010557
23312	72	0.2711224092333353
23312	73	0.40499900011427314
23312	74	0.5737282426852204
23312	75	0.44588311925138413
23401	1	0.255489854692307
23401	2	0.028830731414441146
23401	3	0.1916732613219132
23401	4	-0.05972349114227171
23401	5	0.09989214732672735
23401	6	0.19770458088777332
23401	7	0.25064585806656225
23401	8	-0.011830809319810953
23401	9	0.11041478542905026
23401	10	-0.16113027378492006
23401	11	0.1529112842143121
23401	12	0.0877224365577689
23401	13	0.0053490830110973775
23401	14	0.28643396051173653
23401	15	0.07021448827262589
23401	16	0.09725857587476838
23401	17	0.22212277972236905
23401	18	-0.17324508571354613
23401	19	-0.4175012456256013
23401	20	0.24422974715315604
23401	21	0.21075611261412774
23401	22	0.26978471088524003
23401	23	0.26278902522660275
23401	24	0.029646810690415748
23401	25	0.1743110120592064
23401	26	0.451210769494935
23401	27	0.0132386841946186
23401	28	-0.003299860689729428
23401	29	0.215869036170659
23401	30	-0.07900268937856936
23401	31	0.18547257448998522
23401	32	0.1277793312262432
23401	33	-0.01194503287486981
23401	34	0.04804101994400867
23401	35	-0.44695628090306627
23401	36	0.157734787753526
23401	37	0.12768494620401327
23401	38	-0.07098440681160412
23401	39	-0.019012647656630577
23401	40	-0.2322202468954302
23401	41	0.00558757594630066
23401	42	-0.26313763180560557
23401	43	-0.18635663167463434
23401	44	0.06338727727692373
23401	45	0.16486252644558164
23401	46	-0.144120558144742
23401	47	0.07666291016485616
23401	48	-0.11503675120886925
23401	49	0.23045918720573866
23401	50	-0.13981206085118458
23401	51	0.16034928114341795
23401	52	-0.22161239137144406
23401	53	-0.16769679647479308
23401	54	-0.05420400202633857
23401	55	-0.28550264837005557
23401	56	0.21619625223983974
23401	57	-0.09818024237637957
23401	58	0.013523952886579593
23401	59	-0.23043890903207398
23401	60	0.3324315172784367
23401	61	0.39445832077881704
23401	62	0.21961283851494073
23401	63	-0.20243100537694403
23401	64	0.04251827505126471
23401	65	0.12587261384195614
23401	66	0.4164606411786238
23401	67	0.14515690257644565
23401	68	0.20039029661482743
23401	69	0.22168095402481924
23401	70	-0.14596164791425537
23401	71	0.4329189723474869
23401	72	-0.0043209931252832234
23401	73	0.08298674270876205
23401	74	-0.21909529400961247
23401	75	-0.15699706151439585
23402	1	-0.16645953940632552
23402	2	-0.30441502090645756
23402	3	0.13456247930308862
23402	4	-0.12806852848363093
23402	5	0.1341840946507311
23402	6	-0.09683036393618494
23402	7	0.020053014231464772
23402	8	-0.1959420212817875
23402	9	-0.04999381980351103
23402	10	-0.23924457496805474
23402	11	-0.11312798392689416
23402	12	0.13125019973870877
23402	13	0.086950700871256
23402	14	-0.07796674650588642
23402	15	0.20984250782707647
23402	16	0.06469436306883125
23402	17	0.2730073479479813
23402	18	-0.07000299587135572
23402	19	0.0399343823302587
23402	20	0.08426700889299354
23402	21	-0.15603316746994977
23402	22	-0.4566520158142282
23402	23	0.16465051983639256
23402	24	0.3455355987284392
23402	25	-0.09673629761132929
23402	26	-0.14083687457583238
23402	27	-0.037287598071024775
23402	28	0.11547591599460816
23402	29	0.17043837644677495
23402	30	0.1670362602862312
23402	31	0.043041962537571976
23402	32	-0.3737971269976086
23402	33	-0.29526164619673523
23402	34	-0.5343647508485176
23402	35	0.10220851471469672
23402	36	0.17020313916039242
23402	37	-0.02426811037332044
23402	38	-0.19181435633309718
23402	39	0.08721515851862449
23402	40	-0.1836048230829519
23402	41	-0.527454351472926
23402	42	0.1619248691896331
23402	43	0.07694373935038357
23402	44	-0.2827886172436891
23402	45	0.2441711141619507
23402	46	0.015404275053235494
23402	47	-0.037574577693227695
23402	48	-0.0350354773032322
23402	49	-0.14579680413169882
23402	50	-0.0012827849073033804
23402	51	-0.1354277216751001
23402	52	0.2191271108499322
23402	53	0.10897958372234484
23402	54	0.13675445272612308
23402	55	0.007392142948276614
23402	56	-0.19676414521872232
23402	57	-0.06549660091712184
23402	58	-0.49267837517597
23402	59	0.06787794314710283
23402	60	-0.4524137828059551
23402	61	-0.021846078972771465
23402	62	-0.373525587256168
23402	63	-0.05476145649878106
23402	64	-0.3606250871041894
23402	65	0.1428394445239718
23402	66	-0.4116894886005156
23402	67	-0.3799629241723892
23402	68	0.10066737109053747
23402	69	0.0646959701875005
23402	70	-0.061238961247269685
23402	71	-0.43961880691651345
23402	72	-0.3651866120045639
23402	73	0.03543025295573443
23402	74	0.13852982740952058
23402	75	-0.07374732823839025
23403	1	-0.019444085826048507
23403	2	-0.17888417272903467
23403	3	-0.1250960083694359
23403	4	-0.147842623092572
23403	5	-0.029022228340892298
23403	6	-0.10656258052224388
23403	7	-0.06106353643504292
23403	8	-0.30724318914777626
23403	9	0.2952196991300724
23403	10	0.46353942880686105
23403	11	-0.0742138633653795
23403	12	-0.005428460164559112
23403	13	-0.12577196044760797
23403	14	-0.3089446868149608
23403	15	-0.3513082530553078
23403	16	0.26318734407626465
23403	17	0.043164832907280015
23403	18	-0.18193823239370488
23403	19	-0.006323138018920815
23403	20	-0.5701360818230583
23403	21	-0.15983757940813348
23403	22	-0.0649892813562829
23403	23	-0.3193355601447365
23403	24	-0.4392349568926477
23403	25	0.0720734228086286
23403	26	-0.40794198251496283
23403	27	-0.039735398000239286
23403	28	-0.6743376973119837
23403	29	-0.11953744046958548
23403	30	0.0493354227257754
23403	31	0.15863415317105023
23403	32	-0.24049525133405325
23403	33	-0.23676512620145473
23403	34	-0.4213678179713227
23403	35	-0.21621191704181797
23403	36	-0.16911206669073664
23403	37	-0.6162080655461466
23403	38	-0.5074478351581533
23403	39	-0.24363596805917354
23403	40	-0.4907447310692703
23403	41	0.001167212759703773
23403	42	-0.0668706952789293
23403	43	-0.32875698024380995
23403	44	-0.34439649738996536
23403	45	-0.27373026604331585
23403	46	-0.25631626287291454
23403	47	-0.5778600560464184
23403	48	-0.026011058287075173
23403	49	0.14992986804005426
23403	50	0.029005052771118756
23403	51	-0.007743989222575465
23403	52	-0.011585405370432511
23403	53	-0.2265459559733003
23403	54	-0.07987584100987277
23403	55	-0.05079471561017357
23403	56	-0.21047772313544044
23403	57	0.028478272269147453
23403	58	0.3069264378475012
23403	59	0.20303778743163292
23403	60	-0.07015885771453156
23403	61	-0.0843534518641249
23403	62	-0.2657486614569464
23403	63	0.03950833234161166
23403	64	-0.021236152339525916
23403	65	-0.4514450900991207
23403	66	0.013048036467317559
23403	67	-0.2179805011453766
23403	68	-0.6303990439147711
23403	69	-0.357372568210522
23403	70	-0.25597176766464
23403	71	-0.38550178438495664
23403	72	-0.23197321103724278
23403	73	-0.05639173595543667
23403	74	-0.0729984255101428
23403	75	0.11846394933622406
23404	1	0.16163173875965953
23404	2	-0.1562313779296538
23404	3	-0.05695112639575939
23404	4	0.024740901178756047
23404	5	-0.3042393648038342
23404	6	-0.09377417534293642
23404	7	0.18809056384736778
23404	8	0.19920429846345655
23404	9	0.022260515456601127
23404	10	0.25071905261461325
23404	11	-0.19296619458506825
23404	12	0.037006398896558323
23404	13	-0.03453468224650891
23404	14	0.052008049370897425
23404	15	0.2698419041355038
23404	16	0.02405082785097079
23404	17	-0.1727660564197322
23404	18	0.13708585243604432
23404	19	0.1336499530451789
23404	20	-0.2004112989595228
23404	21	0.06810242165756364
23404	22	-0.21663179214650086
23404	23	0.09939146068970928
23404	24	0.12579941194626798
23404	25	0.04785538050032301
23404	26	-0.1808012567729662
23404	27	0.3655105123743496
23404	28	0.036950734509829886
23404	29	-0.12441968057189712
23404	30	0.09261618150448214
23404	31	0.011400977916608213
23404	32	0.04897562840165648
23404	33	0.08658836663170888
23404	34	-0.1735458432284176
23404	35	0.4071029441507008
23404	36	-0.330559021451748
23404	37	0.10426537187059637
23404	38	0.006905817530075353
23404	39	0.255584738500211
23404	40	0.04401708488426692
23404	41	-0.22054510140878847
23404	42	0.30521861041723497
23404	43	-0.35745762499256983
23404	44	0.05717274649558135
23404	45	0.045247194392558754
23404	46	0.04480405470581417
23404	47	-0.16745881983391797
23404	48	-0.11513025688034872
23404	49	-0.16706938596963994
23404	50	-0.14282582057037985
23404	51	-0.09218076654447316
23404	52	0.14316761855454274
23404	53	0.3974083254781817
23404	54	-0.041983530038486094
23404	55	0.012787636390676482
23404	56	-0.2143542084554113
23404	57	0.08440756304550945
23404	58	0.30363608776491446
23404	59	-0.09057600273195021
23404	60	-0.028629844020279904
23404	61	0.4678458874016087
23404	62	0.04429689723650654
23404	63	-0.37243150886902754
23404	64	0.17533229227068858
23404	65	0.4163947351260049
23404	66	0.32996070231694574
23404	67	-0.2910542476152429
23404	68	-0.39044327048268457
23404	69	0.37178632772383224
23404	70	-0.3496601568584339
23404	71	-0.7642916815448615
23404	72	-0.08569250554355534
23404	73	-0.14108161712983502
23404	74	-0.10417682376239412
23404	75	0.3825378556611554
23405	1	-0.07495317470750251
23405	2	-0.09734909968342365
23405	3	0.0660353622115828
23405	4	-0.09332327436947452
23405	5	0.20394308893355628
23405	6	0.3574164537144
23405	7	0.06828574426084089
23405	8	-0.08253035319371804
23405	9	0.14794357556588977
23405	10	-0.1373304273323157
23405	11	-0.20097030364640744
23405	12	-0.12092137864342334
23405	13	-0.08219551347537646
23405	14	-0.398997101223344
23405	15	0.0477243107899028
23405	16	-0.39538018129454144
23405	17	0.07284309765580588
23405	18	-0.08696499719798823
23405	19	-0.16240934299271714
23405	20	0.1523045337674418
23405	21	0.2119980400855681
23405	22	0.0631053991388697
23405	23	0.10558358784232524
23405	24	-0.01646256924906453
23405	25	0.06989878246068315
23405	26	-0.13050805812553534
23405	27	-0.24785963130011623
23405	28	-0.28878511562356834
23405	29	0.08731825262732684
23405	30	-0.5247417491265693
23405	31	-0.10400942885192421
23405	32	0.1859015368894319
23405	33	-0.11109600609439241
23405	34	-0.13059331144739872
23405	35	-0.15429042713438434
23405	36	-0.02451242355478911
23405	37	-0.048668754739857434
23405	38	0.07389207785623597
23405	39	-0.013751391277644132
23405	40	0.2640088096912976
23405	41	-0.275946091578426
23405	42	-0.12173854405779139
23405	43	-0.3241428395055479
23405	44	-0.15562098718588402
23405	45	-0.005552503134872211
23405	46	0.22078031346253368
23405	47	-0.02722996794560828
23405	48	0.0615879157287651
23405	49	-0.04669386341974047
23405	50	-0.24971135182349968
23405	51	-0.19500003918354736
23405	52	-0.4177691903598344
23405	53	0.14149798291372662
23405	54	-0.18329671755721222
23405	55	0.23522625015318255
23405	56	-0.44988332144033194
23405	57	-0.14124125488597628
23405	58	-0.04667565872883017
23405	59	0.16241662093224818
23405	60	-0.4430957373844322
23405	61	0.24983022160526502
23405	62	-0.07648525117480176
23405	63	-0.06313190408082647
23405	64	0.26486845343720944
23405	65	0.06068271184132357
23405	66	0.07856604695020053
23405	67	-0.09189318097140386
23405	68	0.015162459375069659
23405	69	0.18117153795653707
23405	70	-0.23258044392202493
23405	71	0.06016008692094488
23405	72	0.09123968067682142
23405	73	-0.040709233446236226
23405	74	0.04252237297318118
23405	75	0.10924960786193338
23406	1	0.045265404527469855
23406	2	-0.0700266953118387
23406	3	-0.09243458314360709
23406	4	0.013234102679703597
23406	5	0.20394308893355628
23406	6	-0.26826660639488864
23406	7	0.16391415956138644
23406	8	-0.2683227029205
23406	9	0.04138619851671166
23406	10	-0.1974397169498019
23406	11	-0.31572440200706353
23406	12	-0.014364001594245224
23406	13	-0.04121190691800081
23406	14	0.060019292219280374
23406	15	-0.21730301161446874
23406	16	-0.042921164901102316
23406	17	0.03185949109842312
23406	18	0.13707871864900056
23406	19	-0.09956781293806927
23406	20	0.004763550160880925
23406	21	-0.03117135882153832
23406	22	-0.13634815277369938
23406	23	-0.39714865259482934
23406	24	0.12014945260885668
23406	25	-0.37545640879614695
23406	26	-0.29171024391788336
23406	27	-0.12490881162798928
23406	28	0.04454821770976025
23406	29	-0.24328284026885427
23406	30	0.029903059616593453
23406	31	-0.05482910098307059
23406	32	0.13672120902058538
23406	33	-0.04278999516543536
23406	34	-0.007642491775264659
23406	35	-0.028607367025088593
23406	36	-0.2840752650848444
23406	37	-0.1934774979092566
23406	38	-0.39605327733502094
23406	39	0.1693087180119761
23406	40	-0.16495293894258367
23406	41	0.46449106689151876
23406	42	-0.03977133094303298
23406	43	0.055638581259479736
23406	44	-0.038134648388073344
23406	45	-0.049268350129409555
23406	46	-0.03058580675604361
23406	47	-0.019033246634130307
23406	48	0.12989392665772215
23406	49	0.39592908739993504
23406	50	-0.00927419335355495
23406	51	0.056366081035029936
23406	52	0.37184829597896396
23406	53	0.07045973154760787
23406	54	-0.04395245526212932
23406	55	0.3527125889509932
23406	56	-0.07010190067530431
23406	57	0.033622133092165996
23406	58	-0.2024133636468619
23406	59	-0.067091575789064
23406	60	0.13340699485600283
23406	61	0.0339832270697471
23406	62	-0.0655562894261692
23406	63	0.5161030685967702
23406	64	0.19929468294540698
23406	65	-0.5404101843335383
23406	66	0.2261070305567543
23406	67	0.3316040867881611
23406	68	0.09166519161550468
23406	69	0.036362794787137886
23406	70	0.06250152329108971
23406	71	0.19677210877886608
23406	72	0.339873560458237
23406	73	-0.1827857361784737
23406	74	-0.23343391117982293
23406	75	-0.21861924459708604
23407	1	0.04514397161915085
23407	2	0.35834812759850365
23407	3	-0.022570183224562612
23407	4	-8.723535032544305E-4
23407	5	-0.04786828528218834
23407	6	0.1467505966004552
23407	7	0.04715641821348271
23407	8	0.33319520843348016
23407	9	-0.041937015407597755
23407	10	0.2091176600993805
23407	11	0.16948102199617665
23407	12	0.4208313029999644
23407	13	-0.05533860191901141
23407	14	0.12310368809055916
23407	15	0.08690666254055657
23407	16	0.1903919296141794
23407	17	-0.23938114844822422
23407	18	0.3874936144190926
23407	19	0.019760258302568445
23407	20	0.1355265536014798
23407	21	0.2511601530181693
23407	22	0.26972349264220696
23407	23	0.2121207260734579
23407	24	0.38948764325851926
23407	25	0.58663628499054
23407	26	0.45435330597080537
23407	27	0.10245407037970011
23407	28	0.4489805188633724
23407	29	0.42403146857551377
23407	30	0.2791036263035025
23407	31	0.37731014208512903
23407	32	0.127330397443977
23407	33	0.1459572219970866
23407	34	0.09909703463638664
23407	35	0.29531491591358616
23407	36	0.1655503167811716
23407	37	0.2174717026574342
23407	38	0.031107216492138434
23407	39	0.14631742070373832
23407	40	0.0929098418710197
23407	41	0.1547764342260649
23407	42	0.28878564132978823
23407	43	0.4160716919658114
23407	44	0.12956419799930075
23407	45	0.4754634855313924
23407	46	-0.018806814649181547
23407	47	0.12765770661420106
23407	48	-0.06806195271892079
23407	49	-0.029126569349713805
23407	50	0.30185715657560763
23407	51	0.12871985557460164
23407	52	-0.002124584004846497
23407	53	0.13184406670243476
23407	54	0.011299518022632071
23407	55	0.13725013195848135
23407	56	0.23103147313566552
23407	57	-0.3442163611397717
23407	58	-0.06169286172417543
23407	59	0.29546661081283787
23407	60	0.09588422618569581
23407	61	0.046126517901562636
23407	62	-0.07966274560912723
23407	63	-0.11164435095393088
23407	64	-0.2826118137151923
23407	65	-0.029764566037648876
23407	66	0.025418910742949663
23407	67	-0.25890390754496906
23407	68	0.108766992870315
23407	69	0.13632231715103416
23407	70	-0.24678809419525294
23407	71	0.5563349503089228
23407	72	-0.0348076781574278
23407	73	0.557509750565103
23407	74	0.27850699147145974
23407	75	0.15225709622460926
23408	1	0.10273059049609401
23408	2	-0.16618393134215736
23408	3	0.09234419351777134
23408	4	-0.008359410452676741
23408	5	-0.015032761586450505
23408	6	0.0884670442308817
23408	7	0.295722726457214
23408	8	-0.021583764087431234
23408	9	0.2937658918006889
23408	10	-0.40539846893288
23408	11	-0.08515856382620512
23408	12	0.29984364867897995
23408	13	-0.12939276360757646
23408	14	-1.340657923591948E-4
23408	15	0.14092896441232483
23408	16	-0.06649775577012917
23408	17	-0.049138217345081614
23408	18	-0.3406226739122502
23408	19	-0.0032783717253082045
23408	20	-0.0082806945068441
23408	21	-0.0060083057631885595
23408	22	0.14899469933276777
23408	23	0.02458587939882051
23408	24	0.03602288818086663
23408	25	0.11075018383561996
23408	26	-0.27655071633106587
23408	27	-0.4240891394968429
23408	28	0.17287538146791803
23408	29	0.02460892775512491
23408	30	0.013950300935121618
23408	31	0.13748537107756675
23408	32	0.20793573396329634
23408	33	0.5260448364933055
23408	34	0.40787839664356085
23408	35	-0.3116145942417319
23408	36	0.2327147930854352
23408	37	-0.3229504399152461
23408	38	0.26523704524561964
23408	39	-0.5760641006025153
23408	40	0.06578917281486696
23408	41	-0.03238007712399593
23408	42	-0.2947069910875797
23408	43	0.11125289467389621
23408	44	-0.023900557078356144
23408	45	-0.004803340434364145
23408	46	0.01894706826599446
23408	47	0.09528016778504877
23408	48	0.056828529160810604
23408	49	0.09251819369289649
23408	50	-0.4668803981834557
23408	51	0.06579671738264636
23408	52	0.0838172718294814
23408	53	-0.30883693688178937
23408	54	-0.034698092491105115
23408	55	-0.15711466294394683
23408	56	-0.30626442491292494
23408	57	-0.07205387607405811
23408	58	-0.045882427634175826
23408	59	0.02051639177659581
23408	60	-0.0668397881512206
23408	61	0.28208828612139314
23408	62	0.44242008991457027
23408	63	0.0555002129648301
23408	64	-0.44635135971279993
23408	65	-0.16331693561151894
23408	66	-0.24754006974291087
23408	67	0.06913273124435904
23408	68	-0.09095423373263145
23408	69	-0.005414042864899216
23408	70	0.09837319612733353
23408	71	0.32192634815838517
23408	72	-0.3486069613115461
23408	73	0.07003464104698054
23408	74	0.15524932520304446
23408	75	0.36541918304261145
23409	1	0.16742896848041866
23409	2	0.013422410921375416
23409	3	-0.03163065612684335
23409	4	0.11793911333080942
23409	5	0.059643746523629915
23409	6	0.21645137082100518
23409	7	-0.41254226351910006
23409	8	0.054915233543333386
23409	9	0.27367294483513405
23409	10	0.01928715162480188
23409	11	-0.10538819750581041
23409	12	-0.25947838521932454
23409	13	-0.15249281828226202
23409	14	-0.028245966648924536
23409	15	0.015678372103231197
23409	16	0.2495674893547104
23409	17	-0.4222018222293471
23409	18	0.2088579165743525
23409	19	0.14438884168821176
23409	20	-0.30397961923802796
23409	21	0.24080233757560876
23409	22	0.17920246313812527
23409	23	0.024403630446755642
23409	24	-0.32168624249163713
23409	25	0.29195120442975053
23409	26	-0.03826021150147341
23409	27	-0.4678744502313066
23409	28	-0.10086254453901233
23409	29	0.3688316359745514
23409	30	0.04083202136523312
23409	31	0.1426794662115185
23409	32	0.17914039953646466
23409	33	0.1882464038342917
23409	34	0.3450480704179313
23409	35	0.06053776588219506
23409	36	-0.21201821219978711
23409	37	0.25377636890560495
23409	38	0.03332525373842543
23409	39	0.12851034809440876
23409	40	-0.1188290156305527
23409	41	-0.18897748918887203
23409	42	-0.00962406781438574
23409	43	-0.00757342207478473
23409	44	-0.2827396312536834
23409	45	-0.04949989592916637
23409	46	-0.0019204367458556248
23409	47	-0.024821891628114656
23409	48	0.18458504456084768
23409	49	-0.0793881303457411
23409	50	-0.40345776286361
23409	51	0.06761920690333056
23409	52	-0.20641418433964276
23409	53	-0.2990410557081091
23409	54	-0.5860011724983991
23409	55	-0.43454313023026003
23409	56	-0.16415580453749357
23409	57	-0.3516237685471779
23409	58	-0.43534843820461333
23409	59	-0.005454083893170036
23409	60	-0.15759976628135064
23409	61	-0.2812432247224166
23409	62	0.3809566308294592
23409	63	0.012398335800618554
23409	64	-0.08499724999893488
23409	65	0.06535993699645815
23409	66	-0.027018837739994694
23409	67	0.016007161716380836
23409	68	0.2127636448895629
23409	69	-1.2882325491148094E-4
23409	70	0.2554717928103969
23409	71	-0.29507747906961157
23409	72	-0.1707775463306831
23409	73	0.19546748230814615
23409	74	0.13328832647878386
23409	75	0.13865592443134744
23410	1	0.041930463993878675
23410	2	0.1397932982593595
23410	3	0.059928001234407446
23410	4	0.056789229648526174
23410	5	0.2916560429676309
23410	6	-0.2635253656362906
23410	7	0.20369236592590312
23410	8	0.10302091649447931
23410	9	0.1448095350644465
23410	10	-0.20607841833199103
23410	11	-0.1382894936174779
23410	12	0.05474560946328921
23410	13	0.15824164499456828
23410	14	-0.07390066920791583
23410	15	-0.004469517561112468
23410	16	-0.17868940662401656
23410	17	0.11539372446389962
23410	18	0.18135708573354492
23410	19	0.06400499323357423
23410	20	-0.31133256041449897
23410	21	0.06325165628614116
23410	22	0.05735965821954636
23410	23	-0.08539198271376591
23410	24	0.21802794826941607
23410	25	-0.09094178327380575
23410	26	0.10406281940580442
23410	27	-0.24026561008507485
23410	28	-0.01632449202987374
23410	29	-0.1781108698413334
23410	30	0.045733982149542385
23410	31	-0.07250830381174467
23410	32	-0.09748804845289527
23410	33	-0.0029716087944891
23410	34	0.16886827646645486
23410	35	-0.04319270935874897
23410	36	-0.3092681291157007
23410	37	0.15174911732700735
23410	38	0.15296633050811437
23410	39	-0.08302172236089689
23410	40	-0.07707926488279071
23410	41	0.016323275184667807
23410	42	-0.12764500500281883
23410	43	0.14343189530640643
23410	44	0.116437836343529
23410	45	-0.15763382746788324
23410	46	-0.41542990833109883
23410	47	0.2154572708843503
23410	48	-0.08643522795494363
23410	49	-0.057703185181232186
23410	50	-0.09409418692475668
23410	51	-0.37854230855030835
23410	52	-0.01793794638683721
23410	53	-0.1420121424478893
23410	54	-0.3476329438510035
23410	55	0.2703837557783828
23410	56	-0.12639408968205856
23410	57	0.5552389765508607
23410	58	-0.6200443504678219
23410	59	-0.2652995475023374
23410	60	0.029380958211838504
23410	61	-0.5271305627084573
23410	62	0.061332170875985526
23410	63	0.3508828821615424
23410	64	0.2329655283327412
23410	65	-0.40327582239203963
23410	66	-0.3336406390028728
23410	67	-0.09358074124141069
23410	68	-0.25769996428292075
23410	69	-0.13223251218811072
23410	70	0.36007465090278856
23410	71	-0.028959167338136638
23410	72	-0.024840357895989484
23410	73	-0.09125568153366714
23410	74	-0.061543843677412724
23410	75	0.261371112201374
23411	1	0.004228818238622978
23411	2	-0.16566267914545207
23411	3	0.040211527387249646
23411	4	0.07563665781646733
23411	5	-0.029531019114820367
23411	6	-0.15585875328497423
23411	7	-0.016678607948414026
23411	8	0.032261587832266514
23411	9	-0.2215067975627889
23411	10	0.40542421596272504
23411	11	0.22866504443042857
23411	12	0.05238289152293163
23411	13	-0.23557183607653087
23411	14	0.041499091804524824
23411	15	0.04848116409659298
23411	16	0.056272029473966256
23411	17	-0.47753305843762206
23411	18	-0.19370401904077994
23411	19	0.1783184471469994
23411	20	-0.12023077343931732
23411	21	-0.11510639053368976
23411	22	0.18233250054207417
23411	23	-0.13234081764939987
23411	24	-0.2780613461741268
23411	25	0.04728400565672786
23411	26	-0.012484353479969457
23411	27	-0.3643015125346949
23411	28	0.31708352491651937
23411	29	0.21319052606328626
23411	30	-0.044578874294970205
23411	31	-0.05007606221704464
23411	32	0.2103781728278591
23411	33	-0.049268659470719456
23411	34	0.3017440029343277
23411	35	0.04498147998457824
23411	36	-0.15583404079893626
23411	37	0.2708898484116844
23411	38	-0.26678273255201645
23411	39	0.3172281282718785
23411	40	-0.0025246507933900375
23411	41	0.34176730321139104
23411	42	0.2599425785070366
23411	43	0.16808427703472262
23411	44	0.1504731956395986
23411	45	0.014118114306057805
23411	46	0.25744228763870325
23411	47	0.26599770866611294
23411	48	0.2226462993928422
23411	49	0.31806401920744776
23411	50	0.18377637958439408
23411	51	0.21401105628592632
23411	52	-0.275548885499326
23411	53	-0.1052134894686958
23411	54	0.2472695600868562
23411	55	0.061520847734279016
23411	56	0.19456213214185425
23411	57	-0.3516237685471779
23411	58	-0.12030234840383969
23411	59	-0.03059610934037238
23411	60	0.180710326524256
23411	61	0.6694978116329651
23411	62	0.10303278463949539
23411	63	0.08291807851154687
23411	64	0.11568509815512584
23411	65	-0.4791883203552132
23411	66	0.02896188122959842
23411	67	0.17426185285994222
23411	68	-0.09731351053244452
23411	69	-0.10089255238147388
23411	70	0.38811495289616005
23411	71	0.08652885612609396
23411	72	0.28381343603155784
23411	73	0.13889205623180345
23411	74	0.347382884908761
23411	75	-0.10426627848897851
23412	1	-0.11380317777743798
23412	2	0.2079250453402146
23412	3	0.00242634888807558
23412	4	-0.12144386134067986
23412	5	-0.33978810772635626
23412	6	-0.00939449980680962
23412	7	0.165633322083643
23412	8	-0.11376692223651474
23412	9	-0.3850428553299139
23412	10	-0.011294324919347787
23412	11	-0.2341255808613667
23412	12	0.03392604568272617
23412	13	0.0955075625975681
23412	14	0.25560472845676685
23412	15	0.15880983912538227
23412	16	-0.07208552911796318
23412	17	-0.034942252623558545
23412	18	0.15442384052534663
23412	19	0.17468465835805347
23412	20	0.009690792746994248
23412	21	0.03174691955999265
23412	22	-0.10239469295912329
23412	23	-0.13537545925044725
23412	24	0.15523878766135368
23412	25	0.13358454411108056
23412	26	0.3054838372511455
23412	27	0.12834531743200017
23412	28	0.2433417340111106
23412	29	0.058890672348574924
23412	30	0.08390318241391981
23412	31	0.005372286626673883
23412	32	0.4321715682027545
23412	33	0.031149342956993564
23412	34	0.23218068007958692
23412	35	-0.09846369415716083
23412	36	-0.13635008549375982
23412	37	-0.31911450902241256
23412	38	0.17791676011815838
23412	39	0.4327857242132396
23412	40	-0.0799157927523666
23412	41	-0.2169880268642359
23412	42	-0.31113806514822784
23412	43	0.07020541370253142
23412	44	0.09999699034220555
23412	45	0.29838622100093914
23412	46	0.08165094648273907
23412	47	-0.5533243990870105
23412	48	0.16350969383400127
23412	49	-0.23670737112527007
23412	50	-0.027862638125462524
23412	51	0.3227134746618532
23412	52	0.04763266387973886
23412	53	0.07934718780106209
23412	54	0.03824500283328547
23412	55	-0.3474009985727946
23412	56	-0.2692945082764595
23412	57	0.019162748306754906
23412	58	-0.5021769788000512
23412	59	-0.06891818596896115
23412	60	0.05799408885735602
23412	61	-0.1041023626643991
23412	62	-0.3022941785401869
23412	63	0.2667784538733713
23412	64	-0.4534191378932988
23412	65	0.19892179822924305
23412	66	0.025717149056170285
23412	67	0.41699427528205035
23412	68	0.3404218687199432
23412	69	-0.14930675761662116
23412	70	-0.046788094195250096
23412	71	0.11925629862352594
23412	72	0.2374145440647979
23412	73	-0.2663493144924658
23412	74	-0.41784479102264527
23412	75	0.10318649003789915
23501	1	0.32071690525659946
23501	2	0.22726670404396287
23501	3	0.0437127174669385
23501	4	-0.043550026288453836
23501	5	0.01502588943994354
23501	6	-0.051562281282315325
23501	7	0.2255858740622969
23501	8	0.050019363967315655
23501	9	-0.2240737953938421
23501	10	0.18135617427338246
23501	11	-0.45466003010186995
23501	12	0.060351957574383164
23501	13	-0.03481798354892618
23501	14	-0.09666388006410642
23501	15	-0.10076214018200602
23501	16	0.3296410516590029
23501	17	-0.35070224471555633
23501	18	-0.1739560072455859
23501	19	0.007718695723369251
23501	20	-0.17299232696041145
23501	21	0.32219306276076054
23501	22	-0.22954880017847046
23501	23	-0.02477873448192014
23501	24	0.29677557635290697
23501	25	0.13494373222271605
23501	26	0.030878413678706806
23501	27	-0.3216942225857977
23501	28	-0.3632927514744111
23501	29	-0.5689883351969769
23501	30	0.04034326281195888
23501	31	0.011385664332699719
23501	32	0.15710484442272588
23501	33	0.30414845330659546
23501	34	-0.056197849690754254
23501	35	0.1175154155334397
23501	36	0.3331546757833834
23501	37	-0.3014450635711583
23501	38	-0.21325757841029258
23501	39	-0.1356926441020221
23501	40	-0.0031257831968645178
23501	41	-0.04435466167922186
23501	42	0.5290955504569013
23501	43	-0.46645971529677865
23501	44	0.2739977811425618
23501	45	-0.1184397040707239
23501	46	0.0746655433393073
23501	47	-0.08800428969296092
23501	48	-0.194393367222375
23501	49	-0.40919246124356334
23501	50	-0.06365459173184007
23501	51	-0.041730164337785425
23501	52	0.22653476938568673
23501	53	-0.26998063189645194
23501	54	-0.3470148080336273
23501	55	-0.030281818369168434
23501	56	0.07570038447124006
23501	57	-0.24018681840055223
23501	58	0.03574025076270004
23501	59	-0.4780173325635815
23501	60	-0.7598994166947222
23501	61	-0.45251581945045416
23501	62	-0.47815664517829504
23501	63	-0.20500809593058023
23501	64	-0.448550773202534
23501	65	-0.15476366092921268
23501	66	0.03593989115640994
23501	67	-0.2813071514535892
23501	68	0.2702383371373571
23501	69	-0.3206633097270668
23501	70	0.3432412313179469
23501	71	-0.07299056288756134
23501	72	0.24841161151347535
23501	73	0.1797609362571464
23501	74	-0.11796670607750315
23501	75	-0.7188916673972692
23502	1	0.1734402679154492
23502	2	0.18689133747504627
23502	3	-0.02148376347147618
23502	4	-0.1882303781946142
23502	5	-0.003226309973545227
23502	6	0.09855306573626166
23502	7	0.04004530710237475
23502	8	-0.16517516193689374
23502	9	0.17159384878993222
23502	10	0.0731176600993777
23502	11	-0.1939757681272809
23502	12	-0.09215635132102307
23502	13	0.18357497832790415
23502	14	0.3971777621646311
23502	15	-0.2682538312866001
23502	16	0.05666353455244888
23502	17	0.06066823426782264
23502	18	0.2729257131845202
23502	19	0.21837754225318662
23502	20	-0.0053129525713586645
23502	21	0.13293793079594707
23502	22	0.09490867782739087
23502	23	0.17972566434505666
23502	24	0.23896912474000231
23502	25	-0.35331433229341513
23502	26	0.11084713313129413
23502	27	0.13257752716982907
23502	28	0.0741657040485606
23502	29	-0.04332655611584357
23502	30	-0.17916797863476575
23502	31	0.2846681667764912
23502	32	-0.10397824453133353
23502	33	0.019636234342762293
23502	34	-0.24668074314138977
23502	35	-0.0377221211234513
23502	36	0.24090834147253304
23502	37	0.2712000977191593
23502	38	-0.22271994400168893
23502	39	0.12152729724694922
23502	40	-0.2949420099808293
23502	41	0.1358134712631056
23502	42	0.06221774009521397
23502	43	-0.14560732037986668
23502	44	0.2670456794807805
23502	45	-0.10843774903651138
23502	46	-0.3568808887232535
23502	47	-0.14493488597839388
23502	48	0.20650594851564819
23502	49	0.1004536775638698
23502	50	0.08714110719289181
23502	51	0.5383988679202787
23502	52	-0.05674186795546632
23502	53	-0.10193371107533977
23502	54	0.10581803654115163
23502	55	-0.31391036186867893
23502	56	-0.010845070074211094
23502	57	0.08837623145281981
23502	58	-0.034828664193312875
23502	59	0.08993574661531056
23502	60	0.11010644840791883
23502	61	-0.0021697783947374205
23502	62	0.020979229699520374
23502	63	-0.33327398058355584
23502	64	-0.20409329519667097
23502	65	-0.2859620969018408
23502	66	0.06798681197751932
23502	67	0.25438004307231665
23502	68	0.4265941533641424
23502	69	0.3115321936942408
23502	70	-0.3001214275285804
23502	71	-0.006331716357742323
23502	72	0.36341454406479556
23502	73	0.029410985133004885
23502	74	-0.09373992210878157
23502	75	-0.3069033976025466
23503	1	0.07744026791544911
23503	2	-0.0397753291916203
23503	3	0.12518290319518854
23503	4	0.05443628847205417
23503	5	-0.003226309973545227
23503	6	0.13588639906959088
23503	7	-0.12262135956429177
23503	8	0.18682483806311012
23503	9	0.24092718212326503
23503	10	0.13711766009937776
23503	11	0.27269089853938766
23503	12	0.009176982012313317
23503	13	0.16490831166123598
23503	14	0.2745110954979637
23503	15	0.05974616871340288
23503	16	-0.09533646544754504
23503	17	-0.17933176573217224
23503	18	-0.04707428681548009
23503	19	-0.03228912441348086
23503	20	0.03202038076197766
23503	21	-0.4243954025373853
23503	22	0.3989086778273929
23503	23	-0.21227433565493925
23503	24	0.0763024580733358
23503	25	-0.00931433229341394
23503	26	-0.06248620020203788
23503	27	0.02857752716982276
23503	28	0.031499037381891526
23503	29	0.03934011055082465
23503	30	0.2528320213652293
23503	31	-0.1633318332235092
23503	32	-0.10664491119799635
23503	33	-0.12169709899056613
23503	34	-0.022680743141386017
23503	35	0.05561121220988241
23503	36	0.1689083414725303
23503	37	0.24186676438582566
23503	38	-0.6360532773350229
23503	39	-0.42780603608638756
23503	40	0.21705799001917114
23503	41	0.14381347126310118
23503	42	-0.028448926571449817
23503	43	-0.5162739870465316
23503	44	-0.07962098718588351
23503	45	-0.13777108236984503
23503	46	0.021785777943414075
23503	47	0.2763984473549428
23503	48	-0.21482738481768848
23503	49	-0.1635463224361331
23503	50	0.05514110719288823
23503	51	-0.3256011320797185
23503	52	0.3032581320445331
23503	53	-0.003267044408673314
23503	54	0.07381803654114805
23503	55	-0.13524369520201418
23503	56	0.2078215965924528
23503	57	-0.02362376854717496
23503	58	0.13050466914002357
23503	59	-0.2860642533846942
23503	60	0.24877311507458444
23503	61	0.4111635549385966
23503	62	0.1623125630328488
23503	63	-0.157273980583561
23503	64	-0.11075996186333725
23503	65	0.07937123643149135
23503	66	0.315986811977524
23503	67	0.11838004307231387
23503	68	-0.22673917996919357
23503	69	-0.22980113963909332
23503	70	0.014545239138080035
23503	71	0.2870016169755871
23503	72	0.2647478773981291
23503	73	-0.12792234820032888
23503	74	0.21826007789121604
23503	75	-0.21357006426921288
23504	1	-0.3180469115717308
23504	2	0.34566056824427704
23504	3	-0.19256068654840064
23504	4	0.19700039103615552
23504	5	0.06077369002645483
23504	6	0.06204024522344298
23504	7	-0.04036494930788592
23504	8	0.2171838124220855
23504	9	7.22053918138954E-4
23504	10	-0.10883105784933633
23504	11	0.2932037190522081
23504	12	0.17881800765333367
23504	13	-0.43611732936440717
23504	14	-0.0828222378353658
23504	15	-0.09307434410711579
23504	16	-0.07543902955011106
23504	17	0.2438477214473096
23504	18	-0.05117685091803992
23504	19	-0.07064809877245892
23504	20	0.201661406402998
23504	21	0.3858610077190221
23504	22	0.21798560090431351
23504	23	0.28064874126813777
23504	24	-0.09518472141384393
23504	25	-0.525006639985719
23504	26	0.5758727741569416
23504	27	0.21155188614418563
23504	28	0.4136528835357396
23504	29	0.18703241824312755
23504	30	-0.18327054273733268
23504	31	-0.06261388450555927
23504	32	0.16945765290456904
23504	33	-0.18733812463159438
23504	34	-0.33303971750036254
23504	35	0.6582778788765467
23504	36	-0.27539935083515843
23504	37	-0.3423383638193016
23504	38	0.018305697023947687
23504	39	0.5049119126315631
23504	40	0.1692631182242934
23504	41	0.43899295844259
23504	42	0.24703825291572912
23504	43	0.2632131924406451
23504	44	-0.04639021795511411
23504	45	0.06653660993784882
23504	46	-0.06929114513351209
23504	47	0.2848087037651936
23504	48	0.048557230566927956
23504	49	0.2331716262818162
23504	50	0.2001667482185283
23504	51	0.12978348330489098
23504	52	-0.052229047442644116
23504	53	-0.08285678799841634
23504	54	-0.045566578843462935
23504	55	0.10291015095183553
23504	56	0.29192416069501803
23504	57	-0.23777761470102377
23504	58	-0.3677517411163862
23504	59	-0.20975656107700047
23504	60	0.004260294561760247
23504	61	-0.35478516301012064
23504	62	0.06692794764823162
23504	63	-0.3156329549425365
23504	64	-0.21947791058128985
23504	65	0.1316789287391842
23504	66	-0.3800131880224811
23504	67	-0.4005943159020475
23504	68	-0.22714943637944884
23504	69	-0.13687806271601488
23504	70	0.11628882888167169
23504	71	-0.13289581892184543
23504	72	0.138183774834026
23504	73	0.5643853441073574
23504	74	0.07774725737839816
23504	75	-0.3641341668333169
23505	1	-0.10696155856857104
23505	2	0.30886394021477415
23505	3	0.056543633788798786
23505	4	-0.1360659946329683
23505	5	-0.10360987161738322
23505	6	-0.24712729956054602
23505	7	0.2903832066457497
23505	8	0.13908054582566365
23505	9	-0.03253400509134252
23505	10	0.14975692950577013
23505	11	0.36291920904167085
23505	12	0.29527743863331324
23505	13	0.30390374545119414
23505	14	-0.12063045701344777
23505	15	-0.26719447055600654
23505	16	-0.018368428917867163
23505	17	0.19630293746417493
23505	18	0.11000333875529833
23505	19	0.23430448289245476
23505	20	-0.1596873817951021
23505	21	0.1193488897000563
23505	22	0.005593609334241023
23505	23	0.061807856125881244
23505	24	0.1723389877537045
23505	25	-0.020602003526285273
23505	26	0.20571471303997413
23505	27	0.20034008424745053
23505	28	0.05517027025860699
23505	29	0.05413463109876915
23505	30	0.27325211268943406
23505	31	-0.0774505546846953
23505	32	0.035126778299719774
23505	33	0.06606545808705988
23505	34	-0.10425151939709565
23505	35	0.28019568709572695
23505	36	-0.03076289140417998
23505	37	-0.3427177105000183
23505	38	-0.13212633669575524
23505	39	0.14158209176749637
23505	40	0.20361506764474058
23505	41	-0.2173189488282219
23505	42	0.20581591361119678
23505	43	0.1397990723141973
23505	44	0.023831067608639955
23505	45	-0.07234642483560094
23505	46	0.46145701082012636
23505	47	0.13871808205813352
23505	48	-0.10929313824234299
23505	49	-0.15755545485622235
23505	50	-0.0214981622135042
23505	51	0.3757687309339772
23505	52	0.24543164802626904
23505	53	0.31297039851369846
23505	54	0.12981803654115254
23505	55	0.49456452397607364
23505	56	0.2923878066381178
23505	57	0.4154995191240545
23505	58	0.35136311662860464
23505	59	0.15273026716324978
23505	60	0.2797502840243524
23505	61	0.029282276399783314
23505	62	-0.01850935477536808
23505	63	0.31534702398265324
23505	64	0.20850944452935494
23505	65	0.2475904145136809
23505	66	0.027110099648751884
23505	67	-0.34390306195052034
23505	68	0.03729734971117438
23505	69	0.18181529871707625
23505	70	0.08197902909242316
23505	71	-0.2601034058554603
23505	72	-0.06190052442835281
23505	73	-0.013401800255124385
23505	74	0.29186738382728805
23505	75	0.1305760544522485
23506	1	-0.02432549785031668
23506	2	0.06732376990747824
23506	3	-0.04515943914715237
23506	4	-0.130068216032452
23506	5	0.12023314948591235
23506	6	0.2348053179885099
23506	7	0.2513606224176854
23506	8	0.08895096418923742
23506	9	-0.06692867373259048
23506	10	0.24064919163091503
23506	11	-0.266588380739897
23506	12	0.06380761264293966
23506	13	0.18887227562520081
23506	14	0.3079885729754466
23506	15	-0.15016374119650777
23506	16	-0.004669798780881251
23506	17	-0.07918762158803361
23506	18	0.21688967714848673
23506	19	0.3532604251360709
23506	20	-0.3436192588776663
23506	21	0.44515414701216116
23506	22	-0.055902132983419506
23506	23	0.21075269137208608
23506	24	0.38988804365892094
23506	25	0.18917215419307354
23506	26	-0.3166843984002341
23506	27	-0.21643148183918015
23506	28	0.5134449833278367
23506	29	0.1669076781183918
23506	30	-0.4087175281843187
23506	31	0.16416366227198864
23506	32	-0.07050076705385067
23506	33	0.36551010821663965
23506	34	-0.16967173413237902
23506	35	0.42044004103870947
23506	36	-0.20795652339233328
23506	37	-0.1289080103889475
23506	38	0.013856632574885452
23506	39	0.27601378373343266
23506	40	0.09421114317232337
23506	41	0.12514680459643301
23506	42	-0.17911559323811588
23506	43	0.2532755625030134
23506	44	0.06600063443573845
23506	45	-0.08252783912659822
23506	46	-0.1667547625971295
23506	47	0.08011015906664909
23506	48	0.0493888313985309
23506	49	-0.24167244856226233
23506	50	-0.012390424338640571
23506	51	-0.3769524834310758
23506	52	0.09770858249498815
23506	53	-0.132420197561828
23506	54	-0.2323441256210117
23506	55	0.16054008858177582
23506	56	-0.23830452953367143
23506	57	-0.15432647124988108
23506	58	-0.02272055608520418
23506	59	-0.08314533446577599
23506	60	-0.3927043624028954
23506	61	0.09847887025391344
23506	62	-0.15390365318336308
23506	63	0.05151881220923116
23506	64	0.11158238047900682
23506	65	0.1285604256206767
23506	66	0.1870138390045497
23506	67	-0.027205542513272007
23506	68	-0.06136981059982105
23506	69	0.41106372522577317
23506	70	-0.10354485095200516
23506	71	-0.22204342806945476
23506	72	0.13065778730803856
23506	73	-0.27008451036249426
23506	74	0.12889070852184403
23506	75	0.02779930510015305
23507	1	-0.1433381521230892
23507	2	0.07130752244614413
23507	3	-0.07353000624604178
23507	4	-0.07604540709634833
23507	5	0.07349045303223534
23507	6	0.07947021409849242
23507	7	-0.1764787776760457
23507	8	-0.08900560509681554
23507	9	-0.26964699899426847
23507	10	-0.2825971761241277
23507	11	-0.25185630762631916
23507	12	-0.23002147656187333
23507	13	-0.15004351878192068
23507	14	-0.017273104887387092
23507	15	-0.018481191594887036
23507	16	-0.09715534791382652
23507	17	-0.16629901043352646
23507	18	-0.04977178199852261
23507	19	0.09484767712794451
23507	20	0.2201051591820118
23507	21	0.008706716923114755
23507	22	0.03467746395455862
23507	23	0.05193375683060708
23507	24	0.05940843109838312
23507	25	-0.0042507484783840255
23507	26	-0.013669244518027313
23507	27	0.22282800886539178
23507	28	0.020100193451256132
23507	29	0.4305539833831915
23507	30	-0.1942354160143438
23507	31	0.02859109548554528
23507	32	0.2100179019041235
23507	33	-0.18832523001176327
23507	34	-0.42164798784273927
23507	35	0.23226631818290855
23507	36	-0.03499917297833832
23507	37	-0.19767851499759814
23507	38	-0.11956002107297792
23507	39	-0.05440333859120017
23507	40	-0.362795574528036
23507	41	0.4349733941918146
23507	42	-0.3033930498855142
23507	43	0.3312789994659937
23507	44	-0.1498406403650776
23507	45	-0.270279752890076
23507	46	0.22638693401277266
23507	47	-0.17052255457183918
23507	48	-0.04948634435525889
23507	49	-0.1197852434380593
23507	50	0.19813918041061385
23507	51	-0.23369361762885177
23507	52	-0.25775150186683504
23507	53	0.04828594210385262
23507	54	-0.44417040276520936
23507	55	0.06230543774596953
23507	56	0.29167516113965775
23507	57	-0.2417971789517992
23507	58	-0.012909589048803127
23507	59	-0.03327812621706272
23507	60	0.11406020563335062
23507	61	-0.4640426107646789
23507	62	0.16115649366869178
23507	63	-0.37557070505369694
23507	64	-0.21033606976314445
23507	65	-0.27912587339510253
23507	66	-0.11689180073923922
23507	67	-0.18054095885446486
23507	68	-0.05540199307131388
23507	69	0.41440695284645557
23507	70	-0.23175919246114773
23507	71	-0.3269020439107351
23507	72	0.04521801227289046
23507	73	0.1972799639383993
23507	74	-0.748753409584701
23507	75	0.1863682786980263
23508	1	-0.1459037606050515
23508	2	-0.14853112241800304
23508	3	-0.22349445865864226
23508	4	-0.16870096642990617
23508	5	0.10248491997297648
23508	6	0.13353345789312243
23508	7	-0.15504203692614738
23508	8	-0.2672999391204911
23508	9	-0.15955766636157875
23508	10	-0.020472357725928703
23508	11	0.046202484992150517
23508	12	0.20447822978414365
23508	13	0.06911508527977617
23508	14	-0.19533560681932727
23508	15	-0.5791130113222493
23508	16	6.77794802008691E-4
23508	17	-0.13705725592825502
23508	18	0.16932500017204433
23508	19	-0.14210017610688652
23508	20	0.05609168200974324
23508	21	-0.39619575904362136
23508	22	-0.057390787413247324
23508	23	0.17463475525415362
23508	24	-0.5145923725862005
23508	25	-0.3090790381757671
23508	26	0.10807351459297365
23508	27	-0.06802853343623383
23508	28	0.017766417061039874
23508	29	-0.1589486595026557
23508	30	-0.20693981464189903
23508	31	-0.0199236335800137
23508	32	0.1411483151834645
23508	33	0.29983587783652865
23508	34	0.04342264366788129
23508	35	-0.29787185374377145
23508	36	-0.0425568991691776
23508	37	-0.06037209479420369
23508	38	0.20644226633699247
23508	39	0.30022248441272126
23508	40	0.0804519294131083
23508	41	-0.04918474620570379
23508	42	0.03746194686883797
23508	43	0.200695709923167
23508	44	-0.019257350822250885
23508	45	-0.1952897989473854
23508	46	0.0021280239327126083
23508	47	0.6290045079609996
23508	48	-0.41174717091394086
23508	49	-0.21590282867499155
23508	50	6.027827722121515E-4
23508	51	-0.28763321764122196
23508	52	-0.10906985369521749
23508	53	0.4551358076412342
23508	54	0.20896242156788958
23508	55	-0.3216394171271446
23508	56	0.1879998497118862
23508	57	-0.0869178861942359
23508	58	-0.05542759467459746
23508	59	0.34499457014472057
23508	60	0.030940673006845998
23508	61	-0.44535694417013616
23508	62	-0.40613663482811546
23508	63	0.0621128286856063
23508	64	-0.1614194984052304
23508	65	-0.28094961918348105
23508	66	-0.14803457839681045
23508	67	-0.028072719851039096
23508	68	-0.14428641704584066
23508	69	0.42213468923791453
23508	70	-0.4451838161203838
23508	71	0.13013174175276987
23508	72	-0.1569704826731666
23508	73	0.10972471062319755
23508	74	0.5128768336844445
23508	75	-0.3460263922549558
23509	1	0.0562082004048996
23509	2	-0.2056149916388783
23509	3	0.1558326922247275
23509	4	0.07738987496994554
23509	5	0.06330533559607332
23509	6	0.180443361094909
23509	7	-0.37450321610437953
23509	8	0.3206307452361088
23509	9	-0.2688787250497313
23509	10	0.3821134406900981
23509	11	0.24011705887694035
23509	12	0.15638373306716602
23509	13	-0.15019717357083096
23509	14	0.34148155963298876
23509	15	-0.10312302959883368
23509	16	-0.014796381059362318
23509	17	0.42519144101888173
23509	18	-0.025977240401971358
23509	19	0.2978037025907412
23509	20	0.2192271318168295
23509	21	-0.059669664140763246
23509	22	0.20427576643498924
23509	23	-0.05045155084481223
23509	24	0.043121023474178344
23509	25	0.42926794618760056
23509	26	0.12286401076843134
23509	27	0.14658596598839324
23509	28	0.04598005004012151
23509	29	-0.1804067248922152
23509	30	0.0885113462597431
23509	31	0.3792166899832381
23509	32	0.1503339917555877
23509	33	0.2477543778026785
23509	34	0.18629815981219622
23509	35	0.47093610672465047
23509	36	0.44931340476367154
23509	37	0.0640102243014411
23509	38	0.11365136401519038
23509	39	0.12497033522163292
23509	40	-0.30240192559264756
23509	41	0.2238809818116252
23509	42	0.12594769790112537
23509	43	-0.36673812206763046
23509	44	-0.09612731629980686
23509	45	0.18688714547825924
23509	46	-0.011024348638869697
23509	47	-0.048901130704130935
23509	48	0.2610207164481366
23509	49	0.30386296026428994
23509	50	0.37399342786799394
23509	51	0.31490519703420006
23509	52	-0.0784802645799374
23509	53	0.4198890737347867
23509	54	0.11715980869305298
23509	55	0.24257908960811392
23509	56	0.22368657549540671
23509	57	0.035718003604721105
23509	58	0.08689285479402997
23509	59	0.014391442817839106
23509	60	0.21430898005348809
23509	61	0.4789441456558947
23509	62	0.2914264870834842
23509	63	-0.14971279914895774
23509	64	-0.04510595342451751
23509	65	-0.1682237002773732
23509	66	-0.1653296437186782
23509	67	0.3220931232410891
23509	68	0.05491482846962725
23509	69	0.3487305059305257
23509	70	-0.21387670179018414
23509	71	0.062664064232969
23509	72	0.14690821495087647
23509	73	0.11612828471105985
23509	74	0.03159341122454862
23509	75	-0.20654896722280114
23510	1	0.09240012829939204
23510	2	-0.15044897666107815
23510	3	-0.30979789959713244
23510	4	0.0732146479833986
23510	5	0.04454332353430601
23510	6	0.008032995928232367
23510	7	0.07339260204128806
23510	8	0.1917951696512432
23510	9	0.3390144421581738
23510	10	-0.2592942072653628
23510	11	-0.15676808924420982
23510	12	0.08692916351318303
23510	13	-0.09219465517995218
23510	14	0.10450760509657187
23510	15	-0.0016848958590287566
23510	16	0.2885239184966082
23510	17	0.1644518293812638
23510	18	-0.354753169887033
23510	19	0.3564159366685402
23510	20	-0.10938974140207591
23510	21	0.036791333937308934
23510	22	-0.026243154633341703
23510	23	0.08372566434506012
23510	24	-0.20913558730187987
23510	25	0.0058270289631323635
23510	26	0.15865167065311425
23510	27	-0.04756208888601776
23510	28	-0.05239625057622277
23510	29	-0.37657611981567385
23510	30	-0.04119241144454122
23510	31	0.1574988823087793
23510	32	-0.18183513807408502
23510	33	0.06790150484886937
23510	34	-0.11707515849915495
23510	35	0.16927264327445357
23510	36	-0.26665186795155194
23510	37	0.20590166839978963
23510	38	-0.16132378344322262
23510	39	0.2240822710689372
23510	40	-0.2393957621623315
23510	41	-0.09108356189570799
23510	42	-0.23408941522764337
23510	43	0.11716405832868304
23510	44	-0.1870345997513283
23510	45	-0.15456689388816613
23510	46	0.27692713919995526
23510	47	-0.2501006800447101
23510	48	-0.1505970183255414
23510	49	-0.3204328843907547
23510	50	0.0650398855524017
23510	51	0.25188577891504593
23510	52	-0.2242950965767534
23510	53	-0.06635255924287975
23510	54	0.15547248680292824
23510	55	0.11340551945767174
23510	56	-0.2348660124825912
23510	57	0.033192985379521645
23510	58	-0.011456936444623977
23510	59	-0.0010171329658419381
23510	60	-0.45466842070203484
23510	61	-0.01718548520101848
23510	62	-0.08323717518704399
23510	63	-0.18699823887326517
23510	64	-0.10911947320714432
23510	65	-0.377906250479505
23510	66	-0.06933255975022945
23510	67	-0.173731649772364
23510	68	-0.49600968607739304
23510	69	0.21583236821431484
23510	70	-0.11746872246749973
23510	71	-0.6012566727277289
23510	72	-0.504732052793841
23510	73	-0.5314825576244147
23510	74	-0.4055793636445628
23510	75	0.016196078837239725
23511	1	-0.08662990752315025
23511	2	0.0796281795803111
23511	3	0.10946360494957474
23511	4	-0.15012511503671888
23511	5	0.013405268973823325
23511	6	0.16588639906959202
23511	7	0.1763961842953563
23511	8	0.20317571525609424
23511	9	-0.1066868529644509
23511	10	0.3021001162397283
23511	11	-0.2706424347939489
23511	12	-0.1387528425490956
23511	13	-0.17947765325104115
23511	14	-0.0028222378353675026
23511	15	-0.030604708479586407
23511	16	-0.40993295667561824
23511	17	-0.14789316924094464
23511	18	0.2564344851143474
23511	19	0.37651789313037654
23511	20	-0.32327786485205934
23511	21	-0.10000943762510417
23511	22	0.19701394098528624
23511	23	0.07846250645032171
23511	24	-0.07639929631262987
23511	25	0.031633036127637126
23511	26	0.12449625593831115
23511	27	0.03819156225754483
23511	28	0.2332885110661067
23511	29	0.057234847392926724
23511	30	0.2390776354003208
23511	31	-0.16115639462702092
23511	32	-0.18394315681203466
23511	33	-0.103977800744957
23511	34	0.0993894322972082
23511	35	0.16617261571865072
23511	36	-0.008881132211676857
23511	37	-0.02079990228083517
23511	38	0.34956075775269824
23511	39	0.06321150777326778
23511	40	-0.03964376436679373
23511	41	-0.18801109014040662
23511	42	0.10509493307767315
23511	43	0.15811197786575093
23511	44	-0.14246309244904154
23511	45	-0.10208687184352527
23511	46	0.1079963042592027
23511	47	0.05962651753037562
23511	48	0.32001472044547086
23511	49	0.2493659582656207
23511	50	-0.16331503315798557
23511	51	0.27703044686764855
23511	52	0.19813532502698905
23511	53	-0.22751265844376434
23511	54	-0.012287226616741975
23511	55	0.03991419953483444
23511	56	-0.32884507007421604
23511	57	-0.022676400126123042
23511	58	-0.32556550629857384
23511	59	0.2426725887205734
23511	60	0.24179065893423513
23511	61	0.21825127423684165
23511	62	-0.16663480538819897
23511	63	-0.05794064725022707
23511	64	-0.0640932951966704
23511	65	-0.2106287635685078
23511	66	0.054723654082785345
23511	67	-0.11881293938382953
23511	68	-0.34565146067095043
23511	69	-0.18274850806014342
23511	70	-0.2073144099847255
23511	71	0.16422968715102826
23511	72	-0.2441644033036212
23511	73	0.27365659916809193
23511	74	0.13685656911928845
23511	75	0.09614923397639785
23512	1	0.1147382343168637
23512	2	0.15478523667929167
23512	3	0.2334340084118125
23512	4	0.0754088790998182
23512	5	0.07615830541107016
23512	6	0.14851239376455538
23512	7	0.13799048835790018
23512	8	0.09580450207725733
23512	9	-0.12628059860175256
23512	10	0.38878167424615384
23512	11	0.37988806918482965
23512	12	-0.02818464486655614
23512	13	0.28865720644461135
23512	14	0.3128276295386385
23512	15	0.1867134543013762
23512	16	0.255277150821243
23512	17	0.06305196547913994
23512	18	0.22648893157532513
23512	19	0.16171264393311446
23512	20	0.5492476132995492
23512	21	0.16421644538480962
23512	22	0.28833042849052504
23512	23	0.20308905957052303
23512	24	0.05770652527050402
23512	25	0.14777850590287755
23512	26	0.23306110306940298
23512	27	-0.09539771597783187
23512	28	0.06670328141372295
23512	29	0.3425761848213753
23512	30	0.3613448418780507
23512	31	-0.16404624524826517
23512	32	0.0330120295623928
23512	33	0.28863004512967905
23512	34	0.12202659549698325
23512	35	0.3537685950569198
23512	36	0.010223991339906036
23512	37	0.4303937316714155
23512	38	0.30244362805843394
23512	39	0.4062381725785116
23512	40	0.2865044975346436
23512	41	0.0705048947821112
23512	42	0.29435920782289315
23512	43	-0.02898839907128803
23512	44	0.40538697037379734
23512	45	0.38483899720575465
23512	46	0.29421018112643793
23512	47	0.46539225814185414
23512	48	0.21301346398868048
23512	49	-0.1816824851240213
23512	50	-0.1178173366621067
23512	51	-0.13037566788874244
23512	52	0.190317371655496
23512	53	0.2808567398530428
23512	54	0.049711935745392566
23512	55	-0.24287234241686662
23512	56	0.1543114285995273
23512	57	0.2743709264130345
23512	58	-0.001916197349814297
23512	59	0.11172885006358513
23512	60	-0.178445275730013
23512	61	0.07874268844876298
23512	62	0.0991825895580476
23512	63	0.322563331529615
23512	64	0.3451905244319775
23512	65	0.33008741680284004
23512	66	-0.21163122515775967
23512	67	-0.09767654401875348
23512	68	0.4239911471749238
23512	69	0.23267100890202386
23512	70	-0.22185440719259475
23512	71	-0.39645019557967487
23512	72	-0.09216105275217501
23512	73	0.381998076202855
23512	74	0.026288371436749003
23512	75	-0.16296705807999956
23601	1	-0.26245144105240215
23601	2	-0.34734216506302573
23601	3	-0.13953452489279528
23601	4	0.012845763937367138
23601	5	0.13843866464574361
23601	6	-0.06533187504208371
23601	7	-0.32469919374365475
23601	8	-0.16086382521946518
23601	9	-0.17570902769060837
23601	10	-0.203403490492839
23601	11	-0.17546476981932813
23601	12	-0.005570902928468513
23601	13	-0.4246686764944343
23601	14	-0.27693391296227077
23601	15	-0.2784941020141787
23601	16	-0.16964441807022013
23601	17	-0.15751112275417256
23601	18	-0.1276157419762214
23601	19	-0.1507730499633979
23601	20	0.072500922217138
23601	21	-0.09542755143755244
23601	22	-0.07960908867006822
23601	23	-0.025411391492504265
23601	24	0.20294882017147842
23601	25	-0.016603672394936098
23601	26	-0.0726317162764829
23601	27	-0.18593347113812797
23601	28	0.0812046211382409
23601	29	0.02167513593153103
23601	30	-0.3458008043538925
23601	31	-0.09495281461099125
23601	32	0.05117573178000612
23601	33	-0.11513195516653951
23601	34	0.16835817394829178
23601	35	-0.11228049675796825
23601	36	0.18838042269080546
23601	37	-0.116738988575257
23601	38	-0.2014678289424694
23601	39	-0.16478742356523668
23601	40	-0.07806214534462441
23601	41	0.05103512946953259
23601	42	-0.024293258212736646
23601	43	-0.18324522224111917
23601	44	0.15148561179888986
23601	45	0.013822826259598742
23601	46	-0.34448833373171794
23601	47	-0.09573014824573534
23601	48	-0.02621824776184667
23601	49	0.090375843384507
23601	50	-0.41554586404230065
23601	51	-0.304788949338608
23601	52	-0.32617672413143595
23601	53	-0.1870504623443736
23601	54	-0.015867242646663726
23601	55	0.17320300530560218
23601	56	-0.1631090294650761
23601	57	-0.4303039715928634
23601	58	0.18186169113663908
23601	59	-0.4670388726740313
23601	60	0.06836025551451286
23601	61	-0.06489059057747681
23601	62	-0.161545304987456
23601	63	0.17277001264825032
23601	64	-0.029575528699211873
23601	65	-0.1301719107766317
23601	66	-0.29737359411385
23601	67	0.25719560990818735
23601	68	0.2303437303522955
23601	69	0.04264556086852167
23601	70	-0.3691231195759599
23601	71	-0.23909652177229646
23601	72	-0.2105549990824116
23601	73	0.0377629309874834
23601	74	-0.32881268014600806
23601	75	0.22864990188983825
23602	1	0.017197843673024238
23602	2	-0.052274437926023154
23602	3	0.049232814068631114
23602	4	-0.0670966883550399
23602	5	-0.03655251318210162
23602	6	-0.24881948328334857
23602	7	-0.30744845403845034
23602	8	-0.0828079605108627
23602	9	-0.3921779872171953
23602	10	0.07311052997460621
23602	11	-0.0607493866656057
23602	12	0.08683117096061466
23602	13	0.10120064677710161
23602	14	-0.021538815375471643
23602	15	-0.2154766476858896
23602	16	-0.4057393174974564
23602	17	-0.23064014362878993
23602	18	-0.09270708538944916
23602	19	-0.43354402637426404
23602	20	-0.27011152654640114
23602	21	-0.13148987669068646
23602	22	0.1832509238166935
23602	23	-0.009857223355474787
23602	24	-0.060046918040747244
23602	25	0.08129529337503527
23602	26	0.10005212421864229
23602	27	-0.21508735696564685
23602	28	-0.27635122999778616
23602	29	-0.5118898359732427
23602	30	-0.27378473442799844
23602	31	-0.07339956940889181
23602	32	0.21868842213533668
23602	33	-0.1413405927517104
23602	34	-0.5367912600754323
23602	35	-0.2631124954550046
23602	36	-0.19496331628148056
23602	37	-0.17534535682629127
23602	38	-0.1839320652138099
23602	39	0.03819039885122777
23602	40	-0.1842539529398337
23602	41	-0.3807355483447381
23602	42	-0.1817893900295573
23602	43	0.33973314307824154
23602	44	-0.09412366098267455
23602	45	-0.09903311445540908
23602	46	-0.7919896231261063
23602	47	-0.30147677546145957
23602	48	-0.4705707003257089
23602	49	-0.21590282867499155
23602	50	-0.13041326000853815
23602	51	-0.3437829502615415
23602	52	-0.45933723337436305
23602	53	0.12091120871075844
23602	54	-0.2723210008920063
23602	55	0.05803972725788498
23602	56	-0.30665255670523095
23602	57	-0.006703982450922297
23602	58	-0.08483935938048148
23602	59	-0.16570061702105932
23602	60	-0.04927323073646761
23602	61	-0.21541042010596811
23602	62	-0.41683182199388824
23602	63	0.3000807431241057
23602	64	0.10328638394771161
23602	65	0.37680439151170475
23602	66	-0.1426869848139205
23602	67	-0.3435807412414107
23602	68	-0.14428641704584066
23602	69	-0.3345498027406961
23602	70	0.3729980020614363
23602	71	-0.04099125289963723
23602	72	0.11575679005409967
23602	73	-0.15498117172974446
23602	74	-0.02990391497866085
23602	75	-0.49575901257581023
23603	1	-0.31067479130621223
23603	2	0.3227085963582965
23603	3	0.18787664261989434
23603	4	-0.03791565738243108
23603	5	-0.01638367037963917
23603	6	0.07426203358735961
23603	7	0.3428134966116758
23603	8	0.17416155549119594
23603	9	-0.16555674342664872
23603	10	0.08847468209599896
23603	11	0.07580426571366417
23603	12	-4.947607964851386E-4
23603	13	-0.27238441253503964
23603	14	-0.048507517023182345
23603	15	0.2951099588995234
23603	16	0.13238603878257038
23603	17	0.2917274559260292
23603	18	0.08050608543494775
23603	19	0.15887162008736766
23603	20	0.20448061764860626
23603	21	0.1659937683593995
23603	22	0.16150766259896443
23603	23	0.19032464911663283
23603	24	0.02528384555218821
23603	25	0.04938617532079803
23603	26	-0.33659110713943363
23603	27	-0.24684717672188583
23603	28	0.23095081403164386
23603	29	-0.10269034630196927
23603	30	-0.4498617180594735
23603	31	-0.11271931207291885
23603	32	0.06894222924193372
23603	33	0.24273606513802548
23603	34	0.17089624501428347
23603	35	0.21005452862274154
23603	36	0.15284742776695026
23603	37	-0.08120599365139469
23603	38	-0.17101097615059047
23603	39	0.028105977449996544
23603	40	0.22143024044218151
23603	41	-0.17231512433757246
23603	42	0.023930092041069884
23603	43	0.13908980313959063
23603	44	-0.21907276383563357
23603	45	-0.3516594072429413
23603	46	0.048912681496709354
23603	47	0.22660487713497446
23603	48	0.03977159995388746
23603	49	0.14621340683628858
23603	50	-0.1566626153113404
23603	51	-0.34793615746043116
23603	52	0.06722429109699135
23603	53	-0.18197432021239734
23603	54	-0.09708551675834087
23603	55	-0.19481729926292246
23603	56	-0.04889583149553545
23603	57	-0.34654762641520165
23603	58	0.1057195591569382
23603	59	-0.44165816201413577
23603	60	0.24856330119979475
23603	61	-0.09027130123737237
23603	62	-0.0041848988960850875
23603	63	0.07124717000866099
23603	64	-0.09810344748093769
23603	65	-0.29768460113196227
23603	66	-0.09432790883466424
23603	67	-0.0727536286704975
23603	68	-0.16813342700810807
23603	69	-0.13248134268477685
23603	70	-0.24983377947443586
23603	71	-0.6502640344626514
23603	72	-0.15217936456464543
23603	73	0.17481876855093503
23603	74	-0.5369345075571772
23603	75	0.03321842980862044
23604	1	-0.08340977492945356
23604	2	-0.023206348900274065
23604	3	-0.06331409766170637
23604	4	-0.17089361726916152
23604	5	-0.17161705547483308
23604	6	0.2138298437996724
23604	7	-0.16695383599959968
23604	8	0.21458147902283287
23604	9	0.1867849370504331
23604	10	0.09892057355268236
23604	11	-0.18773755047518392
23604	12	-0.32911950470577267
23604	13	0.39260325596286805
23604	14	-0.07480167228266765
23604	15	0.03935199561999525
23604	16	0.32437904440678267
23604	17	-0.07997272545797074
23604	18	0.04272862663782462
23604	19	-0.34598921010328354
23604	20	0.2941352050978807
23604	21	-0.3026816064791191
23604	22	-0.032494921144333944
23604	23	-0.29930775467807536
23604	24	-0.12183293181526977
23604	25	-0.08240430658646858
23604	26	-0.24770642299552037
23604	27	0.16181488792389587
23604	28	-0.05358065413481228
23604	29	-0.08343623906357323
23604	30	-0.029005168009234694
23604	31	0.2251377468964577
23604	32	-0.06922931565386392
23604	33	0.15041943914139466
23604	34	-0.15408776970522808
23604	35	-0.01678638847563718
23604	36	0.048682120392840034
23604	37	0.011847912629185942
23604	38	0.29632033020568116
23604	39	0.2972393795091577
23604	40	-0.2552573484555509
23604	41	-0.12986604887399977
23604	42	-0.2035371870684486
23604	43	-0.08710517813479157
23604	44	-0.13891147561776052
23604	45	0.1891389433370989
23604	46	0.2760994026220729
23604	47	-0.4131782450186705
23604	48	0.541141766853265
23604	49	0.4152163168097971
23604	50	0.17483947908663566
23604	51	-0.06801758452188267
23604	52	-0.22643509846103171
23604	53	-0.15801597328614037
23604	54	0.3190211213740568
23604	55	-0.09419485201434696
23604	56	0.17899554689236652
23604	57	-0.28221502818728084
23604	58	-0.19458187756092116
23604	59	0.3303264921165905
23604	60	0.3299316412099742
23604	61	0.0994446174921535
23604	62	-0.08601648581034027
23604	63	-0.02027997886976607
23604	64	0.13410721894214817
23604	65	0.3689342184366282
23604	66	-0.31224969187852025
23604	67	0.2310449959429235
23604	68	0.0670328851550579
23604	69	0.0233196829830149
23604	70	0.03547411660166233
23604	71	0.4164891919541631
23604	72	-0.1899633479660494
23604	73	0.14631929704388114
23604	74	-0.09179990497082713
23604	75	0.08345135818151306
23605	1	-0.026724526092042566
23605	2	-0.3875805726373116
23605	3	0.033325225292568206
23605	4	0.2437246779851634
23605	5	0.15459391474555417
23605	6	-0.05995629755962284
23605	7	0.02799287264544148
23605	8	-0.36095793347246996
23605	9	-0.03672824858833934
23605	10	-0.10960893166091523
23605	11	0.03834632925099157
23605	12	-0.16270316780042293
23605	13	-0.03932389807658865
23605	14	0.21627888576013987
23605	15	0.09701208631639702
23605	16	-0.021523731365149956
23605	17	-0.21190854475839416
23605	18	0.2639744023231003
23605	19	-0.15677601579925238
23605	20	-0.27963504994963273
23605	21	0.07388175102066441
23605	22	-0.23722615363328003
23605	23	-0.270206919924604
23605	24	0.2816432820433761
23605	25	0.27684297107737166
23605	26	0.1425624889365409
23605	27	0.12834531743200017
23605	28	-0.0796919738540609
23605	29	0.08698055998902277
23605	30	-0.3093552445523713
23605	31	0.30031610685139754
23605	32	-0.5678284317972455
23605	33	-0.37334503906547667
23605	34	-0.1947856120552487
23605	35	-0.21363223348300409
23605	36	-0.12511413043758068
23605	37	-0.12248529553926346
23605	38	-0.10298211628633425
23605	39	-0.1402479836519248
23605	40	0.1504212858993199
23605	41	0.24368613043913
23605	42	0.19167092361581695
23605	43	0.05896945864635228
23605	44	-0.0882052568488021
23605	45	-0.5049845655159118
23605	46	0.1462576880557691
23605	47	0.5506081851826536
23605	48	-0.13986109268285674
23605	49	-0.5681680452825759
23605	50	-0.19921095273220146
23605	51	-0.40200562646174376
23605	52	-0.008547111401156826
23605	53	-0.2408775313000575
23605	54	0.012964103956882411
23605	55	-0.7575133581233615
23605	56	-0.12322709254612363
23605	57	-0.11847770113144662
23605	58	-0.2128511361034242
23605	59	-0.46498560169929704
23605	60	0.10293790908207257
23605	61	0.1290437047513322
23605	62	-0.11690092011321696
23605	63	-0.07310918657606891
23605	64	0.03253591828647728
23605	65	-0.4527635950291824
23605	66	-0.2607997048764119
23605	67	-0.25997201685277815
23605	68	-0.02474667060590008
23605	69	-0.09593597109976315
23605	70	-0.15072067846491422
23605	71	-0.19254145418545932
23605	72	-0.15022590537340363
23605	73	-0.06691111224527191
23605	74	-0.18469872360691397
23605	75	-0.6299595773778321
23606	1	-0.31476540584341706
23606	2	-0.2480873859292103
23606	3	0.0012609173795858908
23606	4	-0.20765591010950502
23606	5	0.008646030451984643
23606	6	0.17014171821853097
23606	7	-0.002607175167135267
23606	8	0.2661936323893528
23606	9	0.04087753673319838
23606	10	0.1741885820851934
23606	11	0.04052777797200946
23606	12	0.18193584726054013
23606	13	0.05008561662577904
23606	14	0.08228414514335469
23606	15	0.16861141694035098
23606	16	-0.1509463945255618
23606	17	-0.06978566644139761
23606	18	0.05150727346821071
23606	19	0.14342718764325468
23606	20	-0.34298671143660897
23606	21	-0.10670036707639241
23606	22	0.00703633740185694
23606	23	-0.02265731437834262
23606	24	0.0922457204846836
23606	25	-0.1366760344210718
23606	26	-0.17894719310983476
23606	27	-0.024266444461382264
23606	28	0.11962669695635952
23606	29	0.23657415310401575
23606	30	0.2500518795212585
23606	31	0.39083128734386463
23606	32	-0.13503498211998277
23606	33	-0.3202431982813465
23606	34	0.11103556891534794
23606	35	-0.0449136104851533
23606	36	0.006908341472531276
23606	37	-0.08516160440849774
23606	38	0.07912402762951842
23606	39	0.4491017653320526
23606	40	-0.09387108799501931
23606	41	0.3411042514049498
23606	42	-0.20039218898279643
23606	43	0.14822955905275847
23606	44	0.18480454472901187
23606	45	0.11625019422589844
23606	46	-0.1980227326948878
23606	47	0.05598709983721051
23606	48	-3.380231155603042E-4
23606	49	-0.3960427763368415
23606	50	0.05885741924962673
23606	51	0.16854780409049397
23606	52	-0.12171349916113883
23606	53	0.2801301187118952
23606	54	-0.10847983579927245
23606	55	0.21505417713841268
23606	56	-0.03575996369123402
23606	57	-0.027155683440795997
23606	58	-0.6100839833422498
23606	59	0.24048893810466865
23606	60	-0.07710631754952857
23606	61	-0.21559531030963086
23606	62	-0.07811296888204566
23606	63	-0.16006830682469086
23606	64	0.038034364377793395
23606	65	-0.39467131675999667
23606	66	-0.02565148589481936
23606	67	-0.2412653469986097
23606	68	-0.005561875004651995
23606	69	-0.12560965027739002
23606	70	0.17927573559198606
23606	71	0.028143460947219978
23606	72	0.2400741185328812
23606	73	0.0585670135017935
23606	74	-0.2476619079243889
23606	75	-0.2999033976025487
23607	1	-0.043954921087987486
23607	2	0.22509752304205577
23607	3	0.056289432404813766
23607	4	0.05673869397033471
23607	5	-0.023762392447771674
23607	6	-0.022773394744838527
23607	7	-0.09007153138560398
23607	8	-0.2411270519712545
23607	9	-0.03444051547123195
23607	10	0.18918638862172088
23607	11	-0.14177645541250428
23607	12	-0.1056546331079673
23607	13	0.12817291647223072
23607	14	0.21109528793783028
23607	15	-0.1460957556852236
23607	16	-0.11549454104892476
23607	17	-0.04927678291430482
23607	18	-0.29741792942716216
23607	19	0.01384833263119134
23607	20	0.24327123986850552
23607	21	0.35368019883718205
23607	22	0.17346537885831737
23607	23	0.1172308189842326
23607	24	0.08127840309052203
23607	25	-0.20401536322124514
23607	26	0.17653098192855055
23607	27	-0.1423021979160879
23607	28	-0.1649751894222291
23607	29	-0.022309373985258674
23607	30	-0.05796522949387395
23607	31	0.18911490217168136
23607	32	0.32693584481575044
23607	33	0.02909327901630121
23607	34	-0.054625760323517625
23607	35	-0.4736808840100508
23607	36	-0.49566897811509847
23607	37	-0.1099751600127945
23607	38	-0.350520631286912
23607	39	0.04983657559746746
23607	40	0.0912298113250074
23607	41	-0.3655748448881013
23607	42	0.10696688098868634
23607	43	-0.06757982897093484
23607	44	0.14334808497906693
23607	45	-0.12061644319458509
23607	46	-0.19064721174731147
23607	47	0.2805977600697176
23607	48	-0.012703673477481914
23607	49	0.056962268629156654
23607	50	-0.24340184813357268
23607	51	0.30171845554914256
23607	52	0.11186294304109623
23607	53	0.01540649511022707
23607	54	0.04528195406692248
23607	55	-0.10365606633602908
23607	56	0.273216785595892
23607	57	-0.12481964483583852
23607	58	0.1305115419922558
23607	59	-0.036600335858921085
23607	60	-0.11694509798383734
23607	61	0.3812735205743394
23607	62	-0.06758434418364345
23607	63	-0.17959013178630556
23607	64	0.24312319964868578
23607	65	-0.03949474294995525
23607	66	-0.5781575179193865
23607	67	0.21903296403451122
23607	68	-0.21355704938500253
23607	69	0.12918855108255656
23607	70	-0.2839014962571085
23607	71	-0.2498506167013872
23607	72	-0.13114215696612774
23607	73	0.07970651777905147
23607	74	-0.4580973104249324
23607	75	0.1034471178613714
23608	1	-0.159569833094654
23608	2	-0.07470462212091178
23608	3	-0.13615043013814443
23608	4	0.0229211369569029
23608	5	-0.12508489583213134
23608	6	0.17245205563524735
23608	7	-0.004863783806719368
23608	8	0.034542009780281546
23608	9	0.1384221316182206
23608	10	0.0959863469680684
23608	11	-0.15953132368283462
23608	12	-0.18753008869475707
23608	13	0.27440326115618774
23608	14	0.29010705509392665
23608	15	0.16984717881440758
23608	16	0.17462313051204603
23608	17	-0.017776210176620566
23608	18	-0.20768034742153674
23608	19	0.17340784528348507
23608	20	-0.07923214449055394
23608	21	0.11984702170504136
23608	22	-0.028424655505943974
23608	23	-0.024860194240801547
23608	24	-0.15377835000747098
23608	25	-0.14226382724290687
23608	26	-0.16495084666668447
23608	27	0.08096136555366229
23608	28	-0.02947065958780115
23608	29	0.2952997065104199
23608	30	-0.23442050388729285
23608	31	0.32068836879669504
23608	32	-0.061614608167694485
23608	33	-0.2017981090915768
23608	34	-0.020599935060580776
23608	35	0.5512071718058422
23608	36	-0.20773812317393237
23608	37	-0.18544636692730165
23608	38	0.1494012681195187
23608	39	0.12538588310553678
23608	40	0.3254014243626031
23608	41	0.0397932692428995
23608	42	0.14159147746895684
23608	43	0.17291793214538842
23608	44	-0.18339876496366259
23608	45	-0.21162966822843288
23608	46	-0.015103110945474896
23608	47	0.12395400291049441
23608	48	-0.1021809201712216
23608	49	-0.2943342012240109
23608	50	0.21762595567773957
23608	51	0.1688433123647215
23608	52	-0.044156009369608284
23608	53	-0.2615902767319085
23608	54	0.22173722846034138
23608	55	0.10200883005051509
23608	56	0.1236801824510394
23608	57	0.4589822920588844
23608	58	0.23735315398850787
23608	59	0.006016554696117282
23608	60	0.3216418019432723
23608	61	0.5957898175648637
23608	62	-0.09627329555301145
23608	63	0.3274128881033107
23608	64	-0.1893458204491978
23608	65	0.2888661859264374
23608	66	-0.19809399610328882
23608	67	-0.1890947044024358
23608	68	0.036937587707576824
23608	69	0.2037746179366664
23608	70	-0.1376971851043436
23608	71	0.6255268695008382
23608	72	-0.11612080947055858
23608	73	0.2117746214966374
23608	74	-0.04921466958353449
23608	75	-0.03601450871366296
23609	1	-0.006418205082688644
23609	2	0.10137178440242067
23609	3	0.005376571724053036
23609	4	0.0329092866098577
23609	5	-0.03363971779477737
23609	6	0.22538360577350147
23609	7	-0.022427691035431963
23609	8	-0.01799452878977803
23609	9	-0.09226462420820525
23609	10	0.22382901950347645
23609	11	0.17209499537364792
23609	12	0.083828751099837
23609	13	0.17872581631672801
23609	14	0.2346079297623973
23609	15	0.3813476584713129
23609	16	0.13220170959900912
23609	17	0.4513423497240652
23609	18	0.0391454524768875
23609	19	0.19346878992543992
23609	20	0.11315259677687095
23609	21	0.28871446710879667
23609	22	0.14150085659834133
23609	23	-0.1257715423588479
23609	24	0.031862979488607834
23609	25	0.07195941072334477
23609	26	0.17890672344787362
23609	27	0.25700955696498795
23609	28	0.2624711044210031
23609	29	0.17978703792512363
23609	30	0.30805734724977185
23609	31	0.08747636044501661
23609	32	-0.14164677339538656
23609	33	-0.1493321083015573
23609	34	0.08146823265004599
23609	35	-0.1579232384418887
23609	36	-0.2458849546168551
23609	37	0.06970289101525395
23609	38	-0.17631398497002948
23609	39	-0.15740007705472436
23609	40	-0.007917801414720316
23609	41	-0.10222749707953938
23609	42	-0.01989771614314151
23609	43	-0.14059428499811588
23609	44	0.025943258624174348
23609	45	-0.030799015330735813
23609	46	-0.4446499762465308
23609	47	0.013463624263692964
23609	48	0.03373127440018919
23609	49	-0.05148673211955668
23609	50	-0.114564665619028
23609	51	-0.1485061600126798
23609	52	-0.15646626274131137
23609	53	-0.5632521468295337
23609	54	-0.11543336010689131
23609	55	-0.4008973264869269
23609	56	-0.24197356169432283
23609	57	-0.008048349552765899
23609	58	0.21945066541562852
23609	59	0.13648323264882833
23609	60	0.092408124385571
23609	61	-0.08257201303160855
23609	62	-0.11757570512357773
23609	63	-0.31687919473625925
23609	64	-0.08308770860449499
23609	65	-0.5433103278143179
23609	66	-0.23219195897220146
23609	67	0.0034452199810672823
23609	68	-0.20373731777180382
23609	69	-0.10966706142679783
23609	70	-0.2814249657036285
23609	71	0.2691841123200973
23609	72	-0.19694299783464686
23609	73	0.07587653448123177
23609	74	0.02042022686701017
23609	75	0.1519122448555521
23610	1	0.13832671480189518
23610	2	0.07719902978274007
23610	3	0.2585382145505015
23610	4	-0.11036224632648128
23610	5	0.02396050321326726
23610	6	-0.09675096356777146
23610	7	-0.2720133009562389
23610	8	0.17234864758692225
23610	9	0.09094183413792223
23610	10	0.15545465643637613
23610	11	0.2266103124587957
23610	12	0.12310372193905295
23610	13	0.08772882448175068
23610	14	-0.1456793806925134
23610	15	0.3886838976511271
23610	16	-0.17774672185780105
23610	17	0.2187927763923696
23610	18	-0.04908893883013121
23610	19	0.33374750562315114
23610	20	0.18594712068871644
23610	21	-0.009523607665592237
23610	22	0.15106252398123843
23610	23	0.3639454445648411
23610	24	0.26052956430044105
23610	25	0.35543292045384334
23610	26	0.016312334596499056
23610	27	0.1235299081222081
23610	28	0.060356180239040214
23610	29	0.37791153912225184
23610	30	0.3833228638560726
23610	31	0.012441060549384986
23610	32	0.4714356748825921
23610	33	0.18101352372005408
23610	34	0.3865207220600766
23610	35	0.29399216459083277
23610	36	-0.015069680505490624
23610	37	0.400079218598286
23610	38	0.17720679592505206
23610	39	-0.2956375379178837
23610	40	0.45332905229022913
23610	41	0.19602592547555986
23610	42	0.09835693423440972
23610	43	0.3837626429900993
23610	44	0.12734604578115238
23610	45	0.2863168297180678
23610	46	0.16774182189945464
23610	47	0.20667683563333128
23610	48	-0.03660760459790424
23610	49	0.12108371419390096
23610	50	0.16401290206468389
23610	51	-0.09428245076104247
23610	52	0.20348523827163945
23610	53	0.13923112408949123
23610	54	0.20014770687082262
23610	55	0.10148157952326642
23610	56	-0.1370868283159723
23610	57	-0.10162376854717792
23610	58	0.23235814899349805
23610	59	-0.44766864898908665
23610	60	0.3692053495068137
23610	61	0.060269782044827025
23610	62	0.15516970588999612
23610	63	0.26458682527724875
23610	64	0.5172253861220071
23610	65	-0.13865074159048874
23610	66	0.03306373505444071
23610	67	0.0757793104715816
23610	68	0.20241100318099114
23610	69	-0.17193300777096
23610	70	0.2636514662443119
23610	71	0.15138989536386305
23610	72	0.3610409176911702
23610	73	0.10196776168977806
23610	74	0.14972527935641722
23610	75	-0.3067715294706801
23611	1	-0.12237165483854184
23611	2	-0.2517585365803683
23611	3	-0.06142331007097113
23611	4	0.06948246815299441
23611	5	0.10560996206675455
23611	6	-0.09494483518733432
23611	7	-0.28696057031156386
23611	8	-0.03096189577399855
23611	9	-0.47396114701191294
23611	10	-0.16854816693672348
23611	11	-0.15918147761510681
23611	12	-0.05112192646795677
23611	13	-0.12429403930433836
23611	14	-0.4108826912358694
23611	15	-0.15805399921271146
23611	16	-0.11550103303780901
23611	17	-0.36783218554745645
23611	18	-0.14917336322185548
23611	19	0.052157559045795665
23611	20	-0.26283772167295183
23611	21	0.09191022298738716
23611	22	0.13047542845711746
23611	23	0.2751614326070282
23611	24	0.13394141693144235
23611	25	0.16062017652270555
23611	26	-0.2850689038124443
23611	27	-0.13546613361942406
23611	28	0.1876501708831526
23611	29	-0.21375812622499524
23611	30	-0.0343149139832164
23611	31	0.16169923310730638
23611	32	-0.19692870632813708
23611	33	0.3685463938725704
23611	34	-0.027463278825685222
23611	35	-0.32610499265997817
23611	36	-0.022688635857441852
23611	37	-0.012991338049097578
23611	38	-0.4573463084013554
23611	39	0.17113938792704886
23611	40	0.20696898917953632
23611	41	-0.08291364880406604
23611	42	-0.09725161338924693
23611	43	0.11035909439763003
23611	44	-0.12413484109016792
23611	45	0.22057652468305378
23611	46	-0.14510590971401882
23611	47	-0.40935134273741625
23611	48	0.11075447916216064
23611	49	-0.3429182787753433
23611	50	-0.5626389095997197
23611	51	-0.5407144822056651
23611	52	0.042892053119260254
23611	53	-0.36281028538264337
23611	54	-0.6263532480936078
23611	55	0.02763791688867201
23611	56	-0.6357720222152707
23611	57	-0.4196338441139318
23611	58	-0.2602996969389011
23611	59	-0.2945075783217206
23611	60	0.030449017677433687
23611	61	-0.1645274610143801
23611	62	0.13007074943083552
23611	63	-0.6361522341519859
23611	64	-0.1288288115694698
23611	65	0.35322514071360445
23611	66	-0.15260764646076552
23611	67	0.14612143685904755
23611	68	-0.298329440254669
23611	69	-0.24271801621340217
23611	70	-0.20547827051766632
23611	71	0.15784628532151856
23611	72	-0.115860015129158
23611	73	-0.2799626504673327
23611	74	-0.24044689104245265
23611	75	-0.31218299457987797
23612	1	-0.14393666214813194
23612	2	-0.008160433642117937
23612	3	-0.2269769514823743
23612	4	0.05272874987078069
23612	5	-0.34031622822967833
23612	6	-0.5481462984780876
23612	7	-0.3378874812718351
23612	8	-0.0549771601203588
23612	9	0.2811161012876653
23612	10	-0.3819813408088848
23612	11	-0.0724135519601603
23612	12	-0.46128260018569023
23612	13	0.05969486933607726
23612	14	0.06529765317280578
23612	15	0.09662173637915572
23612	16	0.0797988660692539
23612	17	0.02362554580279408
23612	18	-0.35642941851393317
23612	19	-0.11009475565780491
23612	20	-0.26492421506000596
23612	21	0.14610414333000676
23612	22	-0.09223028675026512
23612	23	-0.041614935109983264
23612	24	-0.11976657008288782
23612	25	-0.022654931748455454
23612	26	0.08551016673710876
23612	27	0.19194174152041654
23612	28	-0.14312766561538126
23612	29	0.12577062826199636
23612	30	-0.3647083964367681
23612	31	-0.30481048899099505
23612	32	-0.0864886895812873
23612	33	-0.04206040507594366
23612	34	-0.0995708430505644
23612	35	-0.15589105845315032
23612	36	-0.3425466993994064
23612	37	-0.061399357321711534
23612	38	-0.01821494854301875
23612	39	-0.6505271986658556
23612	40	-0.316253544949042
23612	41	0.05539203620406852
23612	42	-0.39846164228443826
23612	43	0.023707847649198754
23612	44	-0.4349125403194023
23612	45	-0.5167792567567631
23612	46	-0.2474676280511403
23612	47	-0.9225189005106387
23612	48	-0.5205058589321254
23612	49	-0.34515576839435624
23612	50	-0.5339015812721399
23612	51	-0.04876189502250128
23612	52	0.14880218290738867
23612	53	-0.33149229418160786
23612	54	-0.23584953839073108
23612	55	-0.1807368832129086
23612	56	-0.3870194569951906
23612	57	-0.8148390274027619
23612	58	-0.6223817977083002
23612	59	-0.1004293760004984
23612	60	-0.29551752979372026
23612	61	-0.5008509773048146
23612	62	-0.25403621080911165
23612	63	0.06998850806312618
23612	64	-0.3630033769405401
23612	65	-0.08978407692001156
23612	66	0.14881514985218303
23612	67	-0.6968424819049801
23612	68	-0.6199308239292307
23612	69	-0.2281880606200204
23612	70	-0.18030308057127087
23612	71	-0.11450973633957773
23612	72	-0.2959642025292055
23612	73	-0.48203678961722574
23612	74	-0.4179978694293993
23612	75	-0.7893448144962818
>>END_MODULE
>>Per sequence quality scores	pass
#Quality	Count
19	2.0
20	11.0
21	58.0
22	264.0
23	1002.0
24	2697.0
25	5860.0
26	10884.0
27	17645.0
28	25630.0
29	34378.0
30	44374.0
31	57229.0
32	75330.0
33	112491.0
34	234204.0
35	986345.0
>>END_MODULE
>>Per base sequence content	fail
#Base	G	A	T	C
1	36.778915816247206	17.58798032375018	9.810948800706454	35.82215505929616
2	15.092427423752271	16.948872224394922	48.077555596038906	19.881144755813903
3	17.72415782660759	28.471062510647236	31.287343058123675	22.517436604621494
4	22.663442742813942	32.0031435122781	26.154880153594394	19.17853359131356
5	21.86036592796337	34.693957488292746	28.138390603355873	15.307285980388011
6	19.14326251364707	31.825337415226524	28.77709829122534	20.25430177990107
7	13.256743952390071	23.847366706374768	47.77388019427954	15.122009146955614
8	17.4894491682438	18.993362364182133	35.75420105893793	27.762987408636135
9	17.70369168346909	19.262384520258966	36.40359139740823	26.630332398863715
10	18.783402677436765	37.392781913001954	26.099164140352798	17.724651269208483
11	23.269847842481873	27.931066855923188	24.07474762170332	24.72433767989162
12	19.042603723940005	24.043275197027615	32.838764390041305	24.07535668899107
13	18.763728697010258	26.642547474168442	34.356792864466016	20.23693096435528
14	19.3564672535428	26.186658443188676	33.23713024658621	21.21974405668231
15	19.54276185715458	26.316964230202018	31.694184765443335	22.44608914720007
16	20.186420940522993	27.00616698675643	31.194172107363638	21.613239965356943
17	20.27115078052529	27.258139124249876	30.824282953785243	21.646427141439588
18	20.303754907044382	26.638365284300814	30.498842950953804	22.559036857701
19	20.18279091889741	27.39277354132536	30.374690296848723	22.04974524292851
20	20.047152508272205	27.33160573440156	30.567061137852697	22.054180619473538
21	20.399304152330455	26.529751964376974	30.29374570224534	22.77719818104723
22	20.61536854592322	27.370458380429767	29.984792359124153	22.029380714522862
23	20.335229431152	27.128229391982423	30.662631163690918	21.873910013174658
24	20.15906510701953	26.963599805520772	30.327008613539686	22.550326473920013
25	20.324780659894913	27.91785603479846	29.847166065531876	21.91019723977475
26	20.225683919398957	26.942416899681458	30.500719097015605	22.33118008390398
27	20.337052312563383	26.769872848342622	30.46037368870384	22.432701150390148
28	20.497866075070384	27.228931843731036	30.03300371074125	22.240198370457325
29	20.087201565947115	26.96626349000266	30.633032132259853	22.313502811790368
30	20.802486254836147	26.888413271467144	30.033789287664113	22.2753111860326
31	20.27738397254141	27.349524946525396	29.90579764214296	22.467293438790232
32	20.064429720493653	26.893097153203705	30.753533002044442	22.288940124258204
33	19.99941552902085	26.62538892191219	30.678819517848748	22.696376031218215
34	20.146475958566878	26.965915549359465	30.467322728397654	22.420285763676002
35	20.248320065263606	27.54937518925886	30.303927195262915	21.89837755021461
36	20.462112484013147	27.028830113787212	29.852215278611098	22.656842123588543
37	20.233605288388006	27.370156072605905	29.886641871130358	22.509596767875728
38	20.15821090600678	26.67940528517945	30.660171753719766	22.502212055094006
39	20.222294900125224	26.781088767491916	30.09971933341375	22.89689699896911
40	20.33344297216148	27.14394168789494	30.022365077401076	22.500250262542508
41	20.32015339906513	27.374757049753974	30.101706465118998	22.203383086061898
42	20.351241082498007	27.120459799273043	29.903926623119037	22.624372495109906
43	20.48677001285817	27.745169481619286	29.511551212572652	22.256509292949893
44	20.610537979543857	27.69706402291725	29.942153472688144	21.75024452485075
45	20.115064738682545	27.434602241356153	29.86522515531812	22.585107864643177
46	20.2376674198045	28.058073268663787	29.589052849385283	22.115206462146432
47	20.148471914373737	26.824609779374963	30.740711956403473	22.286206349847827
48	20.35395038800369	27.217894490105145	29.851693742884837	22.57646137900633
49	20.67261749698303	27.248394836368746	29.787435114209558	22.291552552438663
50	20.527805997784125	27.19010391732374	30.28163497252539	22.000455112366744
51	20.344672995288665	26.942594088353232	29.776794513784864	22.935938402573232
52	20.550245824221534	27.27029099096354	30.123990914421334	22.055472270393587
53	20.628856050521374	26.980276047051976	30.177902930271976	22.212964972154676
54	20.352230899323516	26.859393653004375	30.17365947075209	22.614715976920017
55	20.30188646397899	27.53325917879968	30.43044654998001	21.734407807241322
56	20.288957611343434	26.816865435382446	30.407385715760114	22.486791237514005
57	20.364913807843564	26.787371955295104	30.52548458800305	22.322229648858286
58	20.23135439626202	27.476210165044407	29.847888059539095	22.44454737915448
59	20.11593413528468	26.95316313162684	30.298627082676592	22.632275650411888
60	20.010222240461417	27.44410411762292	29.743237714346826	22.802435927568833
61	20.329236477765313	27.378717075730485	29.4810083139143	22.811038132589896
62	20.30317218411688	27.281890190709095	29.828616126362572	22.586321498811447
63	20.588425476883284	26.804508940784398	29.963316670397173	22.643748911935138
64	20.58406777026502	27.247687883733583	29.695810989352605	22.472433356648793
65	20.217583773110036	26.93752518042865	30.587879074255532	22.25701197220578
66	20.304428084429613	26.500177506368157	30.445544092768372	22.749850316433857
67	20.753601345969834	26.81444480298839	30.143369911033435	22.288583940008344
68	20.245575378049796	26.905854689110697	30.076051395622695	22.77251853721681
69	20.409514595944273	27.06069167217942	29.661736691055413	22.868057040820894
70	20.96173993602079	27.171826764946356	29.45916118221639	22.40727211681646
71	20.477537922805787	26.900399357595724	30.03451399679047	22.587548722808027
72	20.867218276232542	26.800316342366003	29.959760853129602	22.372704528271857
73	20.987497730590643	27.206674177479	29.422052938791854	22.3837751531385
74	20.83058975827316	26.905067017844274	29.740104942911877	22.52423828097069
75	20.680006988715462	27.26736872997506	29.40626385385377	22.646360427455704
>>END_MODULE
>>Per sequence GC content	pass
#GC Content	Count
0	297.0
1	239.5
2	207.0
3	257.5
4	283.0
5	254.5
6	243.5
7	252.0
8	243.0
9	236.0
10	249.5
11	255.0
12	240.0
13	267.0
14	368.5
15	545.5
16	648.0
17	768.5
18	1233.5
19	2275.0
20	2972.0
21	4112.0
22	7372.5
23	11054.0
24	12615.0
25	14625.5
26	19498.0
27	25105.0
28	27850.0
29	31871.5
30	39624.0
31	47122.0
32	50889.0
33	54614.0
34	64018.0
35	73806.0
36	77915.0
37	80236.0
38	84087.5
39	88860.5
40	92103.0
41	92036.5
42	90898.5
43	90183.0
44	90539.0
45	85119.5
46	77207.0
47	74116.5
48	73519.0
49	68163.5
50	59656.5
51	51898.0
52	47291.0
53	43795.5
54	38050.0
55	33210.0
56	30620.0
57	28890.5
58	27402.5
59	22948.5
60	18253.0
61	16725.5
62	13898.0
63	11106.5
64	9615.0
65	8331.0
66	6244.0
67	4684.5
68	3928.0
69	3222.5
70	2084.0
71	1392.0
72	1133.0
73	1010.0
74	725.0
75	495.5
76	428.0
77	359.5
78	249.5
79	188.0
80	168.0
81	118.5
82	68.5
83	60.0
84	52.0
85	31.0
86	11.5
87	8.5
88	4.0
89	3.0
90	1.0
91	1.0
92	2.0
93	1.5
94	0.5
95	0.0
96	0.0
97	0.0
98	0.0
99	0.0
100	0.0
>>END_MODULE
>>Per base N content	pass
#Base	N-Count
1	0.023252864330106118
2	0.0037925794763007305
3	3.7304060422630136E-4
4	7.460812084526027E-4
5	0.0
6	0.0
7	0.0
8	0.0
9	3.1086717018858446E-4
10	0.0
11	3.1086717018858446E-4
12	0.0
13	1.8652030211315068E-4
14	6.217343403771689E-5
15	4.973874723017351E-4
16	6.217343403771689E-5
17	0.0
18	1.2434686807543378E-4
19	5.59560906339452E-4
20	3.7304060422630136E-4
21	3.7304060422630136E-4
22	1.2434686807543378E-4
23	8.082546424903195E-4
24	3.7304060422630136E-4
25	0.003543885740149863
26	0.008517760463167214
27	0.010382963484298721
28	0.006217343403771689
29	0.010942524390638173
30	0.012559033675618812
31	0.01019644318218557
32	0.008704280765280365
33	0.006963424612224292
34	0.013802502356373151
35	0.009761229143921551
36	0.0031708451359235613
37	0.0031086717018858445
38	0.010631657220449588
39	0.00559560906339452
40	0.0057821293655076714
41	0.0031086717018858445
42	0.0031086717018858445
43	0.005471262195319087
44	0.011377738428902192
45	0.005719955931469954
46	0.0013678155488297716
47	0.001181295246716621
48	0.002673457663621826
49	6.217343403771689E-5
50	6.217343403771689E-4
51	0.009636882275846118
52	0.008766454199318081
53	0.0034195388720744293
54	0.0052225684591682186
55	0.0031708451359235613
56	1.2434686807543378E-4
57	0.004911701288979635
58	0.0030464982678481277
59	0.004787354420904201
60	0.009077321369506666
61	9.947749446034702E-4
62	0.008890801067393516
63	0.0027356310976595433
64	0.00180302958709379
65	7.460812084526027E-4
66	6.839077744148858E-4
67	0.002922151399772694
68	0.001119121812678904
69	7.460812084526027E-4
70	0.004289966948602465
71	0.004414313816677899
72	0.0012434686807543378
73	0.003481712306112146
74	0.006279516837809406
75	0.006030823101658539
>>END_MODULE
>>Sequence Length Distribution	pass
#Length	Count
75	1608404.0
>>END_MODULE
>>Sequence Duplication Levels	warn
#Total Deduplicated Percentage	56.1821855906637
#Duplication Level	Percentage of deduplicated	Percentage of total
1	74.49080391086945	41.85056170118205
2	13.564987920801268	15.242213378031364
3	5.356635942369166	9.028425439674127
4	2.4637812140541295	5.536824536911194
5	1.2729035739232013	3.575725241458621
6	0.7093690801048208	2.3912343186436456
7	0.4530130042942572	1.7815882477570866
8	0.32265158623060086	1.4501817038983722
9	0.2180216863120663	1.1024041358856576
>10	1.0628358021322912	10.286207150954093
>50	0.05120893822453867	2.0337933194264837
>100	0.028772032301416055	3.2820387889913594
>500	0.0031675631891467217	1.130791458409431
>1k	0.001847745193668921	1.3080105787765484
>5k	0.0	0.0
>10k+	0.0	0.0
>>END_MODULE
>>Overrepresented sequences	pass
>>END_MODULE
>>Adapter Content	pass
#Position	Illumina Universal Adapter	Illumina Small RNA 3' Adapter	Illumina Small RNA 5' Adapter	Nextera Transposase Sequence	SOLID Small RNA Adapter
1	0.0	0.0	0.0	0.0	0.0
2	0.0	0.0	0.0	0.0	0.0
3	0.0	0.0	0.0	0.0	0.0
4	1.8652030211315068E-4	0.0	0.0	0.0	0.0
5	1.8652030211315068E-4	0.0	0.0	0.0	0.0
6	1.8652030211315068E-4	0.0	0.0	0.0	0.0
7	1.8652030211315068E-4	0.0	0.0	0.0	0.0
8	1.8652030211315068E-4	0.0	0.0	0.0	0.0
9	1.8652030211315068E-4	0.0	0.0	0.0	0.0
10	1.8652030211315068E-4	0.0	0.0	0.0	0.0
11	1.8652030211315068E-4	0.0	0.0	0.0	0.0
12	1.8652030211315068E-4	0.0	0.0	0.0	0.0
13	1.8652030211315068E-4	0.0	0.0	0.0	0.0
14	1.8652030211315068E-4	0.0	0.0	0.0	0.0
15	1.8652030211315068E-4	0.0	0.0	4.3521403826401827E-4	0.0
16	1.8652030211315068E-4	0.0	0.0	4.3521403826401827E-4	0.0
17	1.8652030211315068E-4	0.0	0.0	4.3521403826401827E-4	0.0
18	1.8652030211315068E-4	0.0	0.0	4.3521403826401827E-4	0.0
19	1.8652030211315068E-4	0.0	0.0	4.3521403826401827E-4	0.0
20	1.8652030211315068E-4	0.0	0.0	4.3521403826401827E-4	0.0
21	1.8652030211315068E-4	0.0	0.0	4.3521403826401827E-4	0.0
22	1.8652030211315068E-4	0.0	0.0	4.3521403826401827E-4	0.0
23	1.8652030211315068E-4	0.0	0.0	4.3521403826401827E-4	0.0
24	1.8652030211315068E-4	0.0	0.0	4.3521403826401827E-4	0.0
25	1.8652030211315068E-4	0.0	0.0	4.3521403826401827E-4	0.0
26	1.8652030211315068E-4	0.0	0.0	4.3521403826401827E-4	0.0
27	1.8652030211315068E-4	0.0	0.0	4.3521403826401827E-4	0.0
28	1.8652030211315068E-4	0.0	0.0	4.3521403826401827E-4	0.0
29	1.8652030211315068E-4	0.0	0.0	4.3521403826401827E-4	0.0
30	1.8652030211315068E-4	0.0	0.0	4.3521403826401827E-4	0.0
31	1.8652030211315068E-4	0.0	0.0	4.3521403826401827E-4	0.0
32	1.8652030211315068E-4	0.0	0.0	4.3521403826401827E-4	0.0
33	1.8652030211315068E-4	0.0	0.0	4.3521403826401827E-4	0.0
34	1.8652030211315068E-4	0.0	0.0	4.3521403826401827E-4	0.0
35	1.8652030211315068E-4	0.0	0.0	4.3521403826401827E-4	0.0
36	1.8652030211315068E-4	0.0	0.0	4.3521403826401827E-4	0.0
37	1.8652030211315068E-4	0.0	0.0	4.3521403826401827E-4	0.0
38	1.8652030211315068E-4	0.0	0.0	4.3521403826401827E-4	0.0
39	1.8652030211315068E-4	0.0	0.0	4.3521403826401827E-4	0.0
40	1.8652030211315068E-4	0.0	0.0	4.3521403826401827E-4	0.0
41	1.8652030211315068E-4	0.0	0.0	4.3521403826401827E-4	0.0
42	1.8652030211315068E-4	0.0	0.0	4.3521403826401827E-4	0.0
43	1.8652030211315068E-4	0.0	0.0	4.3521403826401827E-4	0.0
44	1.8652030211315068E-4	0.0	0.0	4.3521403826401827E-4	0.0
45	1.8652030211315068E-4	0.0	0.0	4.3521403826401827E-4	0.0
46	1.8652030211315068E-4	0.0	0.0	4.3521403826401827E-4	0.0
47	1.8652030211315068E-4	0.0	0.0	4.3521403826401827E-4	0.0
48	1.8652030211315068E-4	0.0	0.0	4.3521403826401827E-4	0.0
49	1.8652030211315068E-4	0.0	0.0	4.3521403826401827E-4	0.0
50	3.1086717018858446E-4	0.0	0.0	4.3521403826401827E-4	0.0
51	3.7304060422630136E-4	0.0	0.0	4.3521403826401827E-4	0.0
52	3.7304060422630136E-4	0.0	0.0	4.3521403826401827E-4	0.0
53	4.3521403826401827E-4	0.0	0.0	4.3521403826401827E-4	0.0
54	4.3521403826401827E-4	0.0	0.0	4.3521403826401827E-4	0.0
55	5.59560906339452E-4	0.0	0.0	4.3521403826401827E-4	0.0
56	5.59560906339452E-4	0.0	0.0	4.3521403826401827E-4	0.0
57	5.59560906339452E-4	0.0	0.0	4.3521403826401827E-4	0.0
58	5.59560906339452E-4	0.0	0.0	4.973874723017351E-4	0.0
59	6.839077744148858E-4	0.0	0.0	4.973874723017351E-4	0.0
60	8.704280765280365E-4	0.0	0.0	4.973874723017351E-4	0.0
61	9.947749446034702E-4	0.0	0.0	4.973874723017351E-4	0.0
62	0.0010569483786411872	0.0	0.0	4.973874723017351E-4	0.0
63	0.001181295246716621	0.0	0.0	4.973874723017351E-4	0.0
64	0.0014299889828674884	0.0	0.0	5.59560906339452E-4	0.0
>>END_MODULE
