"ID","Description","setSize","enrichmentScore","NES","pvalue","p.adjust","qvalue","rank","leading_edge","core_enrichment"
"GOMF_PEPTIDE_BINDING","GOMF_PEPTIDE_BINDING",199,0.802180354112221,2.17185530460382,1.78814864613669e-10,1.52707894380074e-07,1.5039271244876e-07,554,"tags=12%, list=3%, signal=12%","HLA-DRA/HLA-DPB1/HLA-DPA1/PTGES/HLA-DQB1/HLA-DRB1/HLA-DQA1/HLA-DRB5/CD74/HLA-E/HLA-B/HLA-F/HLA-C/IGF1R/ACVR1/CALR/HLA-A/CAT/SLC7A5/CLSTN1/INSR/GRIN2A/PPIB/GIPR"
"GOMF_AMIDE_BINDING","GOMF_AMIDE_BINDING",266,0.74177573554305,2.06560579376278,1.49291018989375e-09,4.24981767389755e-07,4.18538681307056e-07,821,"tags=12%, list=5%, signal=12%","HLA-DRA/HLA-DPB1/HLA-DPA1/PTGES/HLA-DQB1/HLA-DRB1/HLA-DQA1/HLA-DRB5/CD74/HLA-E/HLA-B/HLA-F/HLA-C/IGF1R/ACVR1/CALR/CLN8/HLA-A/CAT/SLC7A5/CLSTN1/INSR/GRIN2A/PPIB/GIPR/FKBP10/NLGN1/ACBD4/TAPBP/LNPEP/NGFR/AGER"
"GOMF_MHC_PROTEIN_COMPLEX_BINDING","GOMF_MHC_PROTEIN_COMPLEX_BINDING",24,0.973657603578721,2.04576730758832,1.45776332637729e-09,4.24981767389755e-07,4.18538681307056e-07,107,"tags=50%, list=1%, signal=50%","HLA-DRA/HLA-DPB1/HLA-DPA1/HLA-DQB1/HLA-DRB1/HLA-DQA1/HLA-DRB5/CD74/HLA-DMB/HLA-DMA/HLA-DQB2/HLA-DOA"
"GOMF_MHC_CLASS_II_PROTEIN_COMPLEX_BINDING","GOMF_MHC_CLASS_II_PROTEIN_COMPLEX_BINDING",22,0.974346048124324,2.02571074763565,3.86631186745411e-08,8.25457583701454e-06,8.12942942656799e-06,107,"tags=55%, list=1%, signal=54%","HLA-DRA/HLA-DPB1/HLA-DPA1/HLA-DQB1/HLA-DRB1/HLA-DQA1/HLA-DRB5/CD74/HLA-DMB/HLA-DMA/HLA-DQB2/HLA-DOA"
"GOMF_IMMUNE_RECEPTOR_ACTIVITY","GOMF_IMMUNE_RECEPTOR_ACTIVITY",52,0.887104904632509,2.0433857106283,5.61113558973888e-07,9.58381958727401e-05,9.43852070779235e-05,158,"tags=17%, list=1%, signal=17%","HLA-DRA/HLA-DPA1/HLA-DQB1/HLA-DRB1/HLA-DQA1/CD74/HLA-DQB2/HLA-DOA/IL1RAP"
"GOMF_ANTIGEN_BINDING","GOMF_ANTIGEN_BINDING",33,0.935580623060057,2.07012717508679,1.53761797696007e-06,0.000193373854167957,0.000190442141600145,92,"tags=36%, list=1%, signal=36%","HLA-DRA/HLA-DPB1/HLA-DPA1/HLA-DQB1/HLA-DRB1/HLA-DQA1/HLA-DRB5/HLA-E/HLA-B/HLA-F/TGFB1/HLA-C"
"GOMF_PEPTIDE_ANTIGEN_BINDING","GOMF_PEPTIDE_ANTIGEN_BINDING",21,0.955008639831101,1.96087900158154,1.58503159154063e-06,0.000193373854167957,0.000190442141600145,360,"tags=62%, list=2%, signal=61%","HLA-DRA/HLA-DPB1/HLA-DPA1/HLA-DQB1/HLA-DRB1/HLA-DQA1/HLA-DRB5/HLA-E/HLA-B/HLA-F/HLA-C/HLA-A/SLC7A5"
"GOMF_LRR_DOMAIN_BINDING","GOMF_LRR_DOMAIN_BINDING",15,-0.888046173699679,-1.72623134726578,0.000695294930842271,0.0742227338674124,0.0730974539135493,311,"tags=20%, list=2%, signal=20%","PAWR/JDP2/ATF4"
"GOMF_LEUCINE_ZIPPER_DOMAIN_BINDING","GOMF_LEUCINE_ZIPPER_DOMAIN_BINDING",10,-0.922886748807095,-1.7156094928538,0.000968335640965073,0.0918842930426858,0.0904912487872624,311,"tags=30%, list=2%, signal=29%","PAWR/JDP2/ATF4"
"GOMF_POLYSACCHARIDE_BINDING","GOMF_POLYSACCHARIDE_BINDING",15,0.908421220294872,1.76204579055905,0.00151545392164096,0.123456455112674,0.121584749950729,6,"tags=13%, list=0%, signal=13%","HLA-DRA/HLA-DRB1"
"GOMF_CYTIDYLYLTRANSFERASE_ACTIVITY","GOMF_CYTIDYLYLTRANSFERASE_ACTIVITY",10,-0.911560192027898,-1.6945538775718,0.00159018853189627,0.123456455112674,0.121584749950729,15,"tags=20%, list=0%, signal=20%","CRPPA/PCYT1B"
"GOMF_LIGASE_ACTIVITY","GOMF_LIGASE_ACTIVITY",148,-0.588292615272769,-1.65085217653926,0.00185496782662199,0.132011876994598,0.130010464339559,2267,"tags=26%, list=13%, signal=23%","ACACB/TRIM25/ACACA/XRCC4/LIG3/SLC27A6/MOCS3/UBA6/RTCA/ACSL4/FARSB/ATP5F1C/CTPS2/TTLL4/RTCB/AARS1/ASNS/ATP5F1B/MARS1/GCLC/NARS1/TTLL5/EPRS1/GCLM/TARS1/IARS1/GARS1/TTL/MARS2/RIMKLA/CTPS1/SARS1/ADSS2/WARS1/ACSS3/AACS/GLUL/RIMKLB/UCHL1"
"GOMF_MRNA_5_UTR_BINDING","GOMF_MRNA_5_UTR_BINDING",26,-0.789664302193701,-1.72217812516408,0.00430065168764932,0.250378636525514,0.246582682834816,1318,"tags=31%, list=8%, signal=28%","NCL/DDX3X/SYNCRIP/CCT5/FMR1/LARP1/MYH10/SHMT2"
"GOMF_HISTONE_H3_METHYL_LYSINE_9_DEMETHYLASE_ACTIVITY","GOMF_HISTONE_H3_METHYL_LYSINE_9_DEMETHYLASE_ACTIVITY",12,-0.875216264828925,-1.67033847273397,0.00498411805729947,0.250378636525514,0.246582682834816,210,"tags=25%, list=1%, signal=25%","JMJD1C/KDM1A/KDM7A"
"GOMF_CARBOHYDRATE_BINDING","GOMF_CARBOHYDRATE_BINDING",138,0.621284791500712,1.63134744787375,0.00475262639224703,0.250378636525514,0.246582682834816,1226,"tags=19%, list=7%, signal=18%","HLA-DRA/HLA-DRB1/GALNT10/CHODL/LOXL2/CALR/SLC2A3/MAN2B1/GAA/PKD1L2/G6PD/PFKL/PAM/CLN5/ADGRL1/MAN2A2/GALNT2/P4HTM/H6PD/KLRG1/GALNT16/MAN2B2/GALNT12/AGL/PPP1R3B/P4HA2"
"GOMF_NUCLEOTIDYLTRANSFERASE_ACTIVITY","GOMF_NUCLEOTIDYLTRANSFERASE_ACTIVITY",124,-0.576087272694171,-1.57107846284194,0.00468852130922707,0.250378636525514,0.246582682834816,2477,"tags=25%, list=15%, signal=22%","TENT4B/MTPAP/PNPT1/DKC1/POLD3/PAPSS1/UAP1L1/POLR3K/MOCS3/POLR3C/TENT5D/FICD/POLR3F/POLR1F/FLAD1/NUDT5/PAPOLA/TENT4A/OAS1/PTGES3/TERT/POLR3B/POLQ/NMNAT2/CGAS/POLR1E/NMNAT3/POLE3/PAPSS2/UAP1/PCYT1B"
"GOMF_MRNA_BINDING","GOMF_MRNA_BINDING",272,-0.496720422324624,-1.4884589413175,0.00489690003408161,0.250378636525514,0.246582682834816,2808,"tags=28%, list=17%, signal=24%","ANGEL2/PUM1/ETF1/G3BP2/PCF11/TARDBP/HNRNPC/YTHDC1/TDRD7/RBM38/G3BP1/TSN/EIF2S2/CRYZ/NCL/DDX3X/NCBP3/DHX33/SSB/HNRNPK/CLUH/CSTF2T/ZC3H12A/PTBP1/ZC3H11A/EIF3A/KHDRBS2/ELAVL1/TPR/CSTF3/YTHDF2/SAMD4A/SYNCRIP/FUBP1/CSTF2/EIF4G2/HNRNPA0/RBMS2/EIF4ENIF1/RBM8A/YTHDF1/DDX5/CCT5/FMR1/NCBP1/PUM3/LARP1/SECISBP2/DAZAP1/YBX1/SERBP1/EXOSC9/ACO1/RBM25/DHX9/CPSF6/GRSF1/RBM24/RBMX/CELF1/PABPC4/EIF3D/THOC5/THOC2/PCBP2/LARP4B/XPO5/HNRNPAB/LARP4/HNRNPU/MEX3D/MYH10/RBPMS2/GEMIN5/CHTOP/CPEB1/SHMT2"
"GOMF_GENERAL_TRANSCRIPTION_INITIATION_FACTOR_BINDING","GOMF_GENERAL_TRANSCRIPTION_INITIATION_FACTOR_BINDING",49,-0.700725708510124,-1.67661080313137,0.00600473045222609,0.26989683190532,0.265804965724579,1733,"tags=20%, list=10%, signal=18%","ZNHIT6/NOP58/JUN/CAND1/ZBTB43/POLR1E/YEATS2/HNRNPU/AR/ATF4"
"GOMF_ATP_HYDROLYSIS_ACTIVITY","GOMF_ATP_HYDROLYSIS_ACTIVITY",283,-0.504909349881902,-1.51993231383779,0.00570720778184258,0.26989683190532,0.265804965724579,3111,"tags=32%, list=18%, signal=26%","CCT4/RUVBL1/PEX1/PSMC6/TOR3A/YME1L1/SMC5/FANCM/DDX54/HSPA4L/KIF1B/HSPD1/MCM5/ABCB10/HSP90AB2P/BTAF1/MORC2/LONP1/DDX20/DHX57/RAD50/MKKS/DDX18/G3BP1/FIGN/DDX55/KIF20B/TOR1A/DDX3X/DDX23/SMC2/DHX33/SUPV3L1/CHD1L/HSPA8/ATAD2/DDX58/NLRP1/MDN1/DDX52/DHX15/DDX21/BRIP1/KIF15/DDX1/SMC4/KIF23/ATP5F1C/ATAD5/DHX35/SMCHD1/TRIP13/TRAP1/TCP1/CLU/ATP2B1/OLA1/CHD6/HSPA2/KIF21B/RHOBTB3/KIF1C/NLRP10/DDX5/CCT5/ATP6V1G1/KIF14/NAV3/CCT3/HSPA14/EIF4A2/CHD1/DHX9/KIF21A/ORC1/RFC5/PMS1/DDX24/HSPA1L/CCT2/HSP90AB1/ERCC6L/DDX31/DNAH14/SMARCA2/FIGNL1/NVL/SLFN11/KIF5C/HSPA1A"
"GOMF_TRANSFORMING_GROWTH_FACTOR_BETA_BINDING","GOMF_TRANSFORMING_GROWTH_FACTOR_BETA_BINDING",17,0.852487861960131,1.68427581168889,0.00723102975182953,0.282498373402772,0.278215457104418,1436,"tags=65%, list=8%, signal=59%","LTBP4/LTBP3/ACVR1/TGFBR1/THBS1/CD109/LTBP1/TGFB3/TSKU/TGFBR2/TWSG1"
"GOMF_MRNA_3_UTR_BINDING","GOMF_MRNA_3_UTR_BINDING",82,-0.645437540909233,-1.64376718405088,0.00677192118100708,0.282498373402772,0.278215457104418,1168,"tags=23%, list=7%, signal=22%","HNRNPA0/RBMS2/DDX5/CCT5/FMR1/LARP1/SECISBP2/DAZAP1/SERBP1/EXOSC9/RBM24/CELF1/PABPC4/LARP4B/LARP4/HNRNPU/MEX3D/GEMIN5/CPEB1"
"GOMF_CHLORIDE_TRANSMEMBRANE_TRANSPORTER_ACTIVITY","GOMF_CHLORIDE_TRANSMEMBRANE_TRANSPORTER_ACTIVITY",10,0.889823325610969,1.62069632078134,0.00727747566142972,0.282498373402772,0.278215457104418,33,"tags=10%, list=0%, signal=10%","SLC26A2"
"GOMF_CHEMOATTRACTANT_ACTIVITY","GOMF_CHEMOATTRACTANT_ACTIVITY",18,0.861920252767914,1.72030755251282,0.00821214569936806,0.292215517802513,0.287785281306802,698,"tags=22%, list=4%, signal=21%","WNT5A/SCG2/VEGFA/VEGFB"
"GOMF_TRANSLATION_REPRESSOR_ACTIVITY_MRNA_REGULATORY_ELEMENT_BINDING","GOMF_TRANSLATION_REPRESSOR_ACTIVITY_MRNA_REGULATORY_ELEMENT_BINDING",14,-0.862596095524111,-1.66174784144593,0.0080062686103569,0.292215517802513,0.287785281306802,579,"tags=21%, list=3%, signal=21%","CELF1/CPEB1/SHMT2"
"GOMF_CALMODULIN_DEPENDENT_PROTEIN_KINASE_ACTIVITY","GOMF_CALMODULIN_DEPENDENT_PROTEIN_KINASE_ACTIVITY",21,-0.793405036875509,-1.65774002038312,0.00985186765004569,0.300481963326394,0.295926400465658,511,"tags=14%, list=3%, signal=14%","MAPKAPK5/MAPKAPK2/DAPK1"
"GOMF_SERINE_HYDROLASE_ACTIVITY","GOMF_SERINE_HYDROLASE_ACTIVITY",75,0.67960063774345,1.64446020606939,0.00984341213028269,0.300481963326394,0.295926400465658,1489,"tags=27%, list=9%, signal=24%","MMP2/PLAT/C1R/C1RL/PRSS12/PRSS33/BMP1/PLA2G6/NAALAD2/MMP14/CORIN/C1S/SCPEP1/RHBDF2/RHBDL1/CTSV/PRCP/PRSS27/F12/PRSS21"
"GOMF_DEATH_RECEPTOR_ACTIVITY","GOMF_DEATH_RECEPTOR_ACTIVITY",10,0.875712224802306,1.59499480396949,0.00972574647097428,0.300481963326394,0.295926400465658,1165,"tags=50%, list=7%, signal=47%","TNFRSF11A/TNFRSF25/TNFRSF19/NGFR/TNFRSF1A"
"GOMF_PLUS_END_DIRECTED_MICROTUBULE_MOTOR_ACTIVITY","GOMF_PLUS_END_DIRECTED_MICROTUBULE_MOTOR_ACTIVITY",15,-0.817306330672135,-1.58872348095059,0.0091780830774631,0.300481963326394,0.295926400465658,1191,"tags=27%, list=7%, signal=25%","KIF1C/KIF14/CENPE/KIF5C"
"GOMF_ADENYLYLTRANSFERASE_ACTIVITY","GOMF_ADENYLYLTRANSFERASE_ACTIVITY",29,-0.72138032676649,-1.58700441251292,0.0119940994884543,0.353205550453103,0.347850653040835,2477,"tags=45%, list=15%, signal=38%","TENT4B/MTPAP/PAPSS1/MOCS3/TENT5D/FICD/FLAD1/PAPOLA/TENT4A/OAS1/NMNAT2/NMNAT3/PAPSS2"
"GOMF_CYTOSKELETAL_MOTOR_ACTIVITY","GOMF_CYTOSKELETAL_MOTOR_ACTIVITY",78,-0.593132035503252,-1.50121189524592,0.0155778336122345,0.443448996828276,0.436725931795627,2396,"tags=29%, list=14%, signal=25%","DYNLRB1/KIFC3/KIF20B/KIF15/MYO7B/KIF23/DNAH2/MYO5B/STARD9/MYH15/KIF21B/KIF1C/MYO1D/KIF14/DYNC2H1/DNAH5/KIF21A/CENPE/MYO1B/DNAH14/MYO5C/MYH10/KIF5C"
"GOMF_TRANSMEMBRANE_RECEPTOR_PROTEIN_SERINE_THREONINE_KINASE_ACTIVITY","GOMF_TRANSMEMBRANE_RECEPTOR_PROTEIN_SERINE_THREONINE_KINASE_ACTIVITY",15,0.842770896187274,1.63470521918283,0.0195074084655217,0.450841279820154,0.444006141472086,1309,"tags=53%, list=8%, signal=49%","LTBP4/ACVR1/TGFBR1/LTBP1/ACVR1C/ACVR2A/ACVR2B/TGFBR2"
"GOMF_TRANSLATION_REPRESSOR_ACTIVITY","GOMF_TRANSLATION_REPRESSOR_ACTIVITY",22,-0.776552945203546,-1.6340411095045,0.017523009271138,0.450841279820154,0.444006141472086,1338,"tags=27%, list=8%, signal=25%","EIF4EBP3/SAMD4A/FMR1/CELF1/CPEB1/SHMT2"
"GOMF_LIGASE_ACTIVITY_FORMING_CARBON_OXYGEN_BONDS","GOMF_LIGASE_ACTIVITY_FORMING_CARBON_OXYGEN_BONDS",41,-0.666278136547851,-1.55390707146115,0.0188086714613989,0.450841279820154,0.444006141472086,1432,"tags=32%, list=8%, signal=29%","TARS2/DARS2/FARSB/AARS1/MARS1/NARS1/EPRS1/TARS1/IARS1/GARS1/MARS2/SARS1/WARS1"
"GOMF_P53_BINDING","GOMF_P53_BINDING",61,-0.634137335992032,-1.5499838746077,0.0165074959200606,0.450841279820154,0.444006141472086,755,"tags=18%, list=4%, signal=17%","NUAK1/NTRK3/TP53RK/ZNF385B/MAPKAPK5/KMT5A/TP53BP2/KDM1A/RNF125/SETD7/ANKRD1"
"GOMF_SNRNA_BINDING","GOMF_SNRNA_BINDING",44,-0.659999573847896,-1.54784570655249,0.0195329360109434,0.450841279820154,0.444006141472086,2982,"tags=39%, list=18%, signal=32%","SNRPC/SNRPA1/RBM41/SART3/EFTUD2/PRPF8/DDX21/PRPF4/SNRPD3/SF3B3/TOE1/RO60/CCNT1/CCNT2/HNRNPU/LSM11/GEMIN5"
"GOMF_FAD_BINDING","GOMF_FAD_BINDING",30,-0.701416064629732,-1.54313171648372,0.0194695163470175,0.450841279820154,0.444006141472086,1041,"tags=20%, list=6%, signal=19%","MTRR/AOX1/QSOX1/DDO/DHCR24/SQLE"
"GOMF_TRNA_BINDING","GOMF_TRNA_BINDING",70,-0.594723957911886,-1.48137038966398,0.0185128736598422,0.450841279820154,0.444006141472086,2115,"tags=27%, list=12%, signal=24%","TRMT1/SEPSECS/DARS2/SSB/TRMT10C/PUS1/METTL1/AARS1/MARS1/SLFN13/NSUN2/ELP1/TERT/TARS1/IARS1/XPO5/SARS1/XPOT/SLFN11"
"GOMF_GLYCEROPHOSPHOLIPID_FLIPPASE_ACTIVITY","GOMF_GLYCEROPHOSPHOLIPID_FLIPPASE_ACTIVITY",11,-0.82950318817464,-1.57016746840102,0.0209333631376919,0.451935112592572,0.445083390806687,806,"tags=36%, list=5%, signal=35%","MFSD2A/ATP11C/ATP8B1/ATP10B"
"GOMF_TRANSLATION_REGULATOR_ACTIVITY","GOMF_TRANSLATION_REGULATOR_ACTIVITY",124,-0.524603291834553,-1.4306737405997,0.0211679209645233,0.451935112592572,0.445083390806687,2863,"tags=23%, list=17%, signal=19%","EIF2B1/MTRF1L/ETF1/HBS1L/TSFM/EIF2S1/EIF2S2/EIF1AX/EIF2B3/GTPBP1/EIF4EBP3/EIF4B/EIF5B/EIF3A/EIF3J/EIF3M/AARS1/SAMD4A/EFL1/EIF4G2/FMR1/GSPT1/LARP1/EIF4A2/CELF1/EIF3D/CPEB1/SHMT2"
"GOMF_ATP_DEPENDENT_ACTIVITY","GOMF_ATP_DEPENDENT_ACTIVITY",446,-0.429518734055921,-1.33271515403432,0.020911132293049,0.451935112592572,0.445083390806687,3119,"tags=30%, list=18%, signal=25%","ATP6V1D/DICER1/CCT4/RUVBL1/PEX1/PSMC6/DYNC1H1/TOR3A/YME1L1/SMC5/FANCM/DDX54/HSPA4L/RAD17/HLTF/ZNFX1/KIF1B/HSPD1/MCM5/ABCB10/HSP90AB2P/BTAF1/ABCB5/MORC2/LONP1/ATP6V1E1/DDX20/DHX57/CDK7/TAP2/RALBP1/MYL6/RAD50/MKKS/DDX18/G3BP1/DYNLRB1/ABCA1/KIFC3/FIGN/DDX55/KIF20B/TOR1A/DDX3X/DDX23/SMC2/DHX33/SUPV3L1/CHD1L/HSPA8/ATAD2/DDX58/NLRP1/SLC27A6/MDN1/ACSL4/DDX52/DHX15/DDX21/BRIP1/KIF15/MYO7B/DDX1/SMC4/KIF23/ATP5F1C/DNAH2/ATAD5/DHX35/SMCHD1/TOMM20/TRIP13/MYO5B/STARD9/TRAP1/TCP1/CLU/ATP2B1/OLA1/CHD6/HSPA2/ATP5F1B/ABCC1/EP400/KIF21B/RHOBTB3/KIF1C/NLRP10/ATP1B1/ATP6V0E2/DDX5/CCT5/ATP6V1G1/MYO1D/KIF14/NAV3/CCT3/HSPA14/DYNC2H1/ZGRF1/EIF4A2/CHD1/MFSD2A/XRCC2/DNAH5/DHX9/KIF21A/ORC1/RFC5/CENPE/PMS1/DDX24/MYO1B/HSPA1L/CCT2/POLQ/HSP90AB1/ATP11C/ERCC6L/DDX31/DNAH14/KCNJ8/ATP8B1/MYO5C/SMARCA2/ATP10B/FIGNL1/NVL/MYH10/SLFN11/ABCC9/KIF5C/HSPA1A"
"GOMF_TRANSLATION_REGULATOR_ACTIVITY_NUCLEIC_ACID_BINDING","GOMF_TRANSLATION_REGULATOR_ACTIVITY_NUCLEIC_ACID_BINDING",98,-0.567021624299682,-1.49262634830225,0.0224254686862905,0.467106103855904,0.460024376902338,2863,"tags=24%, list=17%, signal=20%","EIF2B1/MTRF1L/ETF1/HBS1L/TSFM/EIF2S1/EIF2S2/EIF1AX/EIF2B3/GTPBP1/EIF4B/EIF5B/EIF3A/EIF3J/EIF3M/EFL1/EIF4G2/GSPT1/LARP1/EIF4A2/CELF1/EIF3D/CPEB1/SHMT2"
"GOMF_POLY_PURINE_TRACT_BINDING","GOMF_POLY_PURINE_TRACT_BINDING",27,-0.722423645236639,-1.58644996526657,0.0245988935182869,0.488545466619,0.481138700639197,2386,"tags=44%, list=14%, signal=38%","PNPT1/DDX3X/DDX1/KHDRBS2/HNRNPDL/RBMS2/FMR1/DAZAP1/PABPC4/ZC3H14/LARP4/HNRNPU"
"GOMF_PHOSPHATASE_INHIBITOR_ACTIVITY","GOMF_PHOSPHATASE_INHIBITOR_ACTIVITY",28,-0.703905456038567,-1.54202351812609,0.0244466017023005,0.488545466619,0.481138700639197,797,"tags=25%, list=5%, signal=24%","ELFN2/ENSA/ANP32E/PHACTR1/SET/MGAT5/SH3RF2"
"GOMF_PRE_MRNA_BINDING","GOMF_PRE_MRNA_BINDING",35,-0.69118688013662,-1.55623547386613,0.0282526170278345,0.524515976995015,0.516563867396792,3553,"tags=49%, list=21%, signal=38%","ERI1/RBM7/HNRNPA2B1/U2AF1/SNRPC/RBM41/TARDBP/ZRSR2P1/PRPF8/SRSF2/PTBP1/DDX5/HNRNPA1/RBM24/CELF1/HNRNPU/SOX9"
"GOMF_AMINO_ACID_BINDING","GOMF_AMINO_ACID_BINDING",32,-0.678705990019211,-1.5123782898427,0.0270286411774156,0.524515976995015,0.516563867396792,1717,"tags=28%, list=10%, signal=25%","SESN2/AARS1/GCLC/GLRB/SCLY/GRIN2B/DDAH1/GLUL/SHMT2"
"GOMF_CATALYTIC_ACTIVITY_ACTING_ON_A_TRNA","GOMF_CATALYTIC_ACTIVITY_ACTING_ON_A_TRNA",121,-0.515803693553529,-1.40634218494897,0.0279329989808686,0.524515976995015,0.516563867396792,2931,"tags=26%, list=17%, signal=21%","NT5C3A/GATB/RPP14/POP7/TRMT2B/DTWD1/TRMT1/RPP40/SEPSECS/METTL8/TARS2/DARS2/RPP30/TRMT10C/FARSB/PUS1/METTL1/AARS1/MARS1/NSUN2/NARS1/LCMT2/EPRS1/TARS1/TRDMT1/IARS1/GARS1/MARS2/SARS1/POP1/WARS1"
"GOMF_SUGAR_TRANSMEMBRANE_TRANSPORTER_ACTIVITY","GOMF_SUGAR_TRANSMEMBRANE_TRANSPORTER_ACTIVITY",14,0.833714406587358,1.60553648705603,0.0300137717934754,0.528091998512193,0.520085673377594,1307,"tags=43%, list=8%, signal=40%","SLC2A12/SLC2A1/SLC2A11/SLC2A3/MFSD4B/SLC23A2"
"GOMF_LIGASE_ACTIVITY_FORMING_CARBON_NITROGEN_BONDS","GOMF_LIGASE_ACTIVITY_FORMING_CARBON_NITROGEN_BONDS",41,-0.642469366539325,-1.49837978630854,0.0303003605703717,0.528091998512193,0.520085673377594,1742,"tags=29%, list=10%, signal=26%","CTPS2/TTLL4/ASNS/GCLC/TTLL5/GCLM/TTL/RIMKLA/CTPS1/ADSS2/GLUL/RIMKLB"
"GOMF_CARBOXYLIC_ACID_BINDING","GOMF_CARBOXYLIC_ACID_BINDING",94,-0.555092672574694,-1.44805017769739,0.030142366085847,0.528091998512193,0.520085673377594,1103,"tags=13%, list=7%, signal=12%","GCLC/RTN4R/GLRB/IGF2R/SLC46A1/CD33/NR2F2/GRIN2B/FABP6/GLUL/ST8SIA2/SHMT2"
"GOMF_RIBONUCLEOPROTEIN_COMPLEX_BINDING","GOMF_RIBONUCLEOPROTEIN_COMPLEX_BINDING",145,-0.51761804524919,-1.45505262220051,0.0322620875598918,0.551036455522951,0.542682272849548,3269,"tags=29%, list=19%, signal=24%","PHF6/DERL3/SEC61A2/SRP19/SRP9/NMD3/SND1/ETF1/EZH2/SMG6/TMCO1/EIF2S1/NPM1/DDX3X/DHX33/EIF4B/PES1/ZC3H12A/UNG/GUF1/PPIH/RICTOR/UHMK1/OLA1/SBDS/EFL1/ABCE1/CKAP5/YTHDF1/DDX5/FMR1/LARP1/SECISBP2/SERBP1/DHX9/CPSF6/DNAJC2/XPO5/HNRNPU/NVL/GEMIN5/CPEB1"
"GOMF_MHC_PROTEIN_BINDING","GOMF_MHC_PROTEIN_BINDING",19,0.816460641533804,1.64268494742078,0.0332441162230982,0.55667598538286,0.548236302626532,20,"tags=11%, list=0%, signal=11%","CD74/HLA-E"
"GOMF_CALMODULIN_BINDING","GOMF_CALMODULIN_BINDING",137,-0.504885742680062,-1.39944686120665,0.0362472105159889,0.595290726551048,0.586265611382087,1731,"tags=24%, list=10%, signal=22%","MYLK/MARCKS/PPP3CB/MYO5B/SNTA1/CACNA1C/CALD1/ATP2B1/UBR4/MYH15/KCNQ3/CAMSAP2/MYO1D/ASPM/TTN/MBP/TJP1/SLC8A1/RYR2/ADCY1/MAP6/MYO1B/SYT1/SPTAN1/MAPKAPK5/SCN5A/CAMSAP1/MYO5C/MYH10/RGS2/MAPKAPK2/TRPV4/DAPK1"
"GOMF_HEAT_SHOCK_PROTEIN_BINDING","GOMF_HEAT_SHOCK_PROTEIN_BINDING",110,-0.540306059227228,-1.45170767043064,0.0382989052577606,0.605690094261621,0.596507315808006,1569,"tags=18%, list=9%, signal=17%","DNAJA1/TPR/TTC4/HSPA2/CHORDC1/HSPA14/PTGES3/FKBP4/HSPA1L/DNAJC2/HSP90AB1/HDAC2/FKBP5/RNF207/ADORA1/GBP1/TOMM34/FGF1/DNAJA4/HSPA1A"
"GOMF_SIGNALING_RECEPTOR_REGULATOR_ACTIVITY","GOMF_SIGNALING_RECEPTOR_REGULATOR_ACTIVITY",205,0.502860217578113,1.35964663358813,0.0378671487956785,0.605690094261621,0.596507315808006,747,"tags=14%, list=4%, signal=14%","TGFA/LYPD1/WNT5A/TGFB1/IL11/MIA/FGF12/SCG2/METRN/NRG2/SEMA3A/VEGFA/APP/SEMA3B/CMTM7/CXCL5/CMTM3/FLRT3/BMP1/TIMP1/CD70/TGFB3/CSF1/FAM3C/MANF/TNFSF9/VEGFB/IL6/SEMA6B"
"GOMF_SULFUR_COMPOUND_TRANSMEMBRANE_TRANSPORTER_ACTIVITY","GOMF_SULFUR_COMPOUND_TRANSMEMBRANE_TRANSPORTER_ACTIVITY",37,0.715418897425199,1.60584217124111,0.0552147239263804,0.62504488082415,0.615568667297542,692,"tags=14%, list=4%, signal=13%","MFSD12/SLC26A2/SLC6A6/SLC7A11/SLC27A1"
"GOMF_ION_GATED_CHANNEL_ACTIVITY","GOMF_ION_GATED_CHANNEL_ACTIVITY",25,0.750108132175307,1.57746460756878,0.0515463917525773,0.62504488082415,0.615568667297542,1405,"tags=32%, list=8%, signal=29%","TTYH2/TTYH3/TRPM4/TMEM63B/KCNN4/ASIC1/ASIC2/KCNMA1"
"GOMF_SULFATE_TRANSMEMBRANE_TRANSPORTER_ACTIVITY","GOMF_SULFATE_TRANSMEMBRANE_TRANSPORTER_ACTIVITY",10,0.860834531088062,1.5678970388622,0.0555555555555556,0.62504488082415,0.615568667297542,33,"tags=10%, list=0%, signal=10%","SLC26A2"
"GOMF_SOLUTE_ANION_ANTIPORTER_ACTIVITY","GOMF_SOLUTE_ANION_ANTIPORTER_ACTIVITY",22,0.749386548770417,1.55800948636282,0.0566801619433198,0.62504488082415,0.615568667297542,411,"tags=14%, list=2%, signal=13%","SLC26A2/SLC37A1/SLC7A11"
"GOMF_ACETYLGLUCOSAMINYLTRANSFERASE_ACTIVITY","GOMF_ACETYLGLUCOSAMINYLTRANSFERASE_ACTIVITY",31,0.710003210864966,1.55359945831236,0.0653061224489796,0.62504488082415,0.615568667297542,1175,"tags=29%, list=7%, signal=27%","POMGNT2/B4GAT1/MFNG/LFNG/EXTL2/EXTL3/MGAT1/MGAT5B/EXT1"
"GOMF_CARBOHYDRATE_TRANSMEMBRANE_TRANSPORTER_ACTIVITY","GOMF_CARBOHYDRATE_TRANSMEMBRANE_TRANSPORTER_ACTIVITY",21,0.756091626191582,1.55245107869696,0.0569105691056911,0.62504488082415,0.615568667297542,1307,"tags=29%, list=8%, signal=26%","SLC2A12/SLC2A1/SLC2A11/SLC2A3/MFSD4B/SLC23A2"
"GOMF_TRANSFORMING_GROWTH_FACTOR_BETA_ACTIVATED_RECEPTOR_ACTIVITY","GOMF_TRANSFORMING_GROWTH_FACTOR_BETA_ACTIVATED_RECEPTOR_ACTIVITY",11,0.839906353325228,1.55237599378331,0.0590631364562118,0.62504488082415,0.615568667297542,1309,"tags=45%, list=8%, signal=42%","LTBP4/ACVR1/TGFBR1/LTBP1/TGFBR2"
"GOMF_ALDO_KETO_REDUCTASE_NADP_ACTIVITY","GOMF_ALDO_KETO_REDUCTASE_NADP_ACTIVITY",17,0.780333016164773,1.54171816730223,0.0702479338842975,0.62504488082415,0.615568667297542,785,"tags=24%, list=5%, signal=22%","DHRS3/SPR/DHRS13/KCNAB3"
"GOMF_STEROID_HORMONE_RECEPTOR_ACTIVITY","GOMF_STEROID_HORMONE_RECEPTOR_ACTIVITY",18,0.772325046091432,1.54148438387334,0.0587044534412955,0.62504488082415,0.615568667297542,1076,"tags=28%, list=6%, signal=26%","PPARA/NR3C1/NR1D1/ABHD2/GPER1"
"GOMF_WW_DOMAIN_BINDING","GOMF_WW_DOMAIN_BINDING",23,0.733924601501129,1.53173269729639,0.0641821946169772,0.62504488082415,0.615568667297542,1208,"tags=22%, list=7%, signal=20%","PMEPA1/LITAF/TRAF4/WBP1/TNK2"
"GOMF_POLY_A_BINDING","GOMF_POLY_A_BINDING",21,-0.724972648910209,-1.51475742896019,0.0588235294117647,0.62504488082415,0.615568667297542,2244,"tags=43%, list=13%, signal=37%","DDX3X/DDX1/KHDRBS2/HNRNPDL/RBMS2/PABPC4/ZC3H14/LARP4/HNRNPU"
"GOMF_MISFOLDED_PROTEIN_BINDING","GOMF_MISFOLDED_PROTEIN_BINDING",27,-0.688105302474081,-1.51108652161041,0.0538461538461538,0.62504488082415,0.615568667297542,1411,"tags=19%, list=8%, signal=17%","CLU/HSPA2/HSPA14/HSPA1L/HSPA1A"
"GOMF_SOLUTE_PROTON_ANTIPORTER_ACTIVITY","GOMF_SOLUTE_PROTON_ANTIPORTER_ACTIVITY",15,0.778910881306451,1.51083727346348,0.0780287474332649,0.62504488082415,0.615568667297542,783,"tags=27%, list=5%, signal=25%","SLC9A7/SLC9A5/CLCN3/SLC22A18"
"GOMF_CYCLIN_DEPENDENT_PROTEIN_SERINE_THREONINE_KINASE_INHIBITOR_ACTIVITY","GOMF_CYCLIN_DEPENDENT_PROTEIN_SERINE_THREONINE_KINASE_INHIBITOR_ACTIVITY",10,0.828523097639867,1.50904600652643,0.0802469135802469,0.62504488082415,0.615568667297542,1350,"tags=50%, list=8%, signal=46%","CDKN2C/CDKN1C/CDKN1B/KAT2B/CDKN1A"
"GOMF_INTRAMOLECULAR_OXIDOREDUCTASE_ACTIVITY","GOMF_INTRAMOLECULAR_OXIDOREDUCTASE_ACTIVITY",40,0.664561051197494,1.50881895866482,0.0823045267489712,0.62504488082415,0.615568667297542,1010,"tags=15%, list=6%, signal=14%","PTGES/PDIA4/CRELD1/ECH1/ENOX1/CRELD2"
"GOMF_OXIDOREDUCTASE_ACTIVITY_ACTING_ON_PAIRED_DONORS_WITH_INCORPORATION_OR_REDUCTION_OF_MOLECULAR_OXYGEN_NAD_P_H_AS_ONE_DONOR_AND_INCORPORATION_OF_ONE_ATOM_OF_OXYGEN","GOMF_OXIDOREDUCTASE_ACTIVITY_ACTING_ON_PAIRED_DONORS_WITH_INCORPORATION_OR_REDUCTION_OF_MOLECULAR_OXYGEN_NAD_P_H_AS_ONE_DONOR_AND_INCORPORATION_OF_ONE_ATOM_OF_OXYGEN",19,-0.741815833548549,-1.50858191164926,0.062,0.62504488082415,0.615568667297542,1593,"tags=26%, list=9%, signal=24%","CYP2C19/CYP2C9/MSMO1/CYP51A1/SQLE"
"GOMF_NUCLEAR_EXPORT_SIGNAL_RECEPTOR_ACTIVITY","GOMF_NUCLEAR_EXPORT_SIGNAL_RECEPTOR_ACTIVITY",11,-0.794931741517545,-1.5047271402017,0.0684931506849315,0.62504488082415,0.615568667297542,3333,"tags=82%, list=20%, signal=66%","RANBP17/NUP42/XPO1/XPO6/NUP214/EIF4ENIF1/CSE1L/RAN/XPO5"
"GOMF_MICROTUBULE_MOTOR_ACTIVITY","GOMF_MICROTUBULE_MOTOR_ACTIVITY",55,-0.625502439938931,-1.50422525890314,0.0510805500982318,0.62504488082415,0.615568667297542,2396,"tags=29%, list=14%, signal=25%","DYNLRB1/KIFC3/KIF20B/KIF15/KIF23/DNAH2/STARD9/KIF21B/KIF1C/KIF14/DYNC2H1/DNAH5/KIF21A/CENPE/DNAH14/KIF5C"
"GOMF_PROTEIN_KINASE_A_CATALYTIC_SUBUNIT_BINDING","GOMF_PROTEIN_KINASE_A_CATALYTIC_SUBUNIT_BINDING",12,-0.783239264447829,-1.49480160428553,0.068762278978389,0.62504488082415,0.615568667297542,1234,"tags=33%, list=7%, signal=31%","PRKAR2A/EZR/RYR2/SOX9"
"GOMF_CYTOKINE_BINDING","GOMF_CYTOKINE_BINDING",70,0.623848728153133,1.49345586040656,0.0574257425742574,0.62504488082415,0.615568667297542,1766,"tags=31%, list=10%, signal=28%","CD74/LTBP4/LTBP3/ACVR1/TNFRSF11A/NRP1/TGFBR1/THBS1/CD109/LTBP1/TGFB3/TSKU/IL11RA/GHR/IL22RA1/TNFRSF1A/TGFBR2/TWSG1/LIFR/TRIM16/TNFRSF9/COPS5"
"GOMF_LIGAND_GATED_ANION_CHANNEL_ACTIVITY","GOMF_LIGAND_GATED_ANION_CHANNEL_ACTIVITY",10,-0.803222948866267,-1.49315928279845,0.0658914728682171,0.62504488082415,0.615568667297542,777,"tags=30%, list=5%, signal=29%","GLRB/GABRA6/GABRB2"
"GOMF_MRNA_3_UTR_AU_RICH_REGION_BINDING","GOMF_MRNA_3_UTR_AU_RICH_REGION_BINDING",23,-0.696139064366076,-1.49054522839269,0.0674373795761079,0.62504488082415,0.615568667297542,1835,"tags=30%, list=11%, signal=27%","ZC3H12A/ELAVL1/HNRNPA0/EXOSC9/RBM24/MEX3D/CPEB1"
"GOMF_GROWTH_FACTOR_BINDING","GOMF_GROWTH_FACTOR_BINDING",97,0.593744688104047,1.49039708210476,0.0576923076923077,0.62504488082415,0.615568667297542,1166,"tags=31%, list=7%, signal=29%","COL1A1/ERBB3/IGF1R/LTBP4/LTBP3/COL5A1/ACVR1/NRP1/SRPX2/TGFBR1/THBS1/COL6A1/CD109/INSR/COL4A1/LTBP1/TGFB3/CCN5/S100A13/ACVR1C/TSKU/NGFR/IL11RA/CCN4/FIBP/GHR/ACVR2A/RHBDF2/GPC1/ACVR2B"
"GOMF_MAP_KINASE_PHOSPHATASE_ACTIVITY","GOMF_MAP_KINASE_PHOSPHATASE_ACTIVITY",11,0.805428375304381,1.48865128783025,0.0855397148676171,0.62504488082415,0.615568667297542,576,"tags=18%, list=3%, signal=18%","DUSP4/DUSP16"
"GOMF_ALCOHOL_DEHYDROGENASE_NADPPLUS_ACTIVITY","GOMF_ALCOHOL_DEHYDROGENASE_NADPPLUS_ACTIVITY",11,0.803127454238587,1.48439855821106,0.0855397148676171,0.62504488082415,0.615568667297542,1777,"tags=36%, list=10%, signal=33%","DHRS3/DHRS13/DHRS4/DHRS7"
"GOMF_TRANSFORMING_GROWTH_FACTOR_BETA_RECEPTOR_BINDING","GOMF_TRANSFORMING_GROWTH_FACTOR_BETA_RECEPTOR_BINDING",20,0.730310289155676,1.4841376752754,0.0802469135802469,0.62504488082415,0.615568667297542,1309,"tags=30%, list=8%, signal=28%","TGFB1/SMAD3/TGFBR1/TGFB3/SMAD2/TGFBR2"
"GOMF_AMINO_ACID_CATION_SYMPORTER_ACTIVITY","GOMF_AMINO_ACID_CATION_SYMPORTER_ACTIVITY",10,-0.79824242588281,-1.48390069010455,0.0697674418604651,0.62504488082415,0.615568667297542,914,"tags=40%, list=5%, signal=38%","SLC38A2/SLC6A9/SLC6A15/SLC38A1"
"GOMF_PHOSPHATIDYLINOSITOL_3_4_5_TRISPHOSPHATE_BINDING","GOMF_PHOSPHATIDYLINOSITOL_3_4_5_TRISPHOSPHATE_BINDING",29,-0.673198970779513,-1.48100758710054,0.056640625,0.62504488082415,0.615568667297542,2342,"tags=41%, list=14%, signal=36%","OGT/MAPKAP1/FUNDC2/GAB2/HIP1R/IQGAP1/CYTH3/RACGAP1/FERMT2/JPH2/PLEKHB2/MYO1B"
"GOMF_MAP_KINASE_TYROSINE_SERINE_THREONINE_PHOSPHATASE_ACTIVITY","GOMF_MAP_KINASE_TYROSINE_SERINE_THREONINE_PHOSPHATASE_ACTIVITY",10,0.812209411927038,1.47933277059275,0.0925925925925926,0.62504488082415,0.615568667297542,576,"tags=20%, list=3%, signal=19%","DUSP4/DUSP16"
"GOMF_INTRACELLULAR_CALCIUM_ACTIVATED_CHLORIDE_CHANNEL_ACTIVITY","GOMF_INTRACELLULAR_CALCIUM_ACTIVATED_CHLORIDE_CHANNEL_ACTIVITY",11,0.797105547914395,1.47326843307571,0.0896130346232179,0.62504488082415,0.615568667297542,142,"tags=18%, list=1%, signal=18%","TTYH2/TTYH3"
"GOMF_FATTY_ACID_SYNTHASE_ACTIVITY","GOMF_FATTY_ACID_SYNTHASE_ACTIVITY",12,-0.769750498081324,-1.46905847505324,0.0726915520628684,0.62504488082415,0.615568667297542,1858,"tags=42%, list=11%, signal=37%","ELOVL1/ELOVL4/FASN/ELOVL6/ELOVL5"
"GOMF_TELOMERASE_RNA_BINDING","GOMF_TELOMERASE_RNA_BINDING",22,-0.697400295859705,-1.46748622905121,0.0708661417322835,0.62504488082415,0.615568667297542,3200,"tags=55%, list=19%, signal=44%","GAR1/SMG5/SMG6/HNRNPC/TENT4B/DKC1/NAF1/EXOSC10/SNRPD3/TERT/SMG7/HNRNPU"
"GOMF_PHOSPHATIDYLCHOLINE_BINDING","GOMF_PHOSPHATIDYLCHOLINE_BINDING",20,-0.708500021755005,-1.46503648500034,0.0717054263565891,0.62504488082415,0.615568667297542,1218,"tags=25%, list=7%, signal=23%","ESYT1/PITPNB/VDAC1/PLTP/PCYT1B"
"GOMF_DEAMINASE_ACTIVITY","GOMF_DEAMINASE_ACTIVITY",21,0.712444260780668,1.46283178234824,0.0934959349593496,0.62504488082415,0.615568667297542,926,"tags=19%, list=5%, signal=18%","ADARB1/ADA/LACC1/AMPD2"
"GOMF_GLUTATHIONE_TRANSFERASE_ACTIVITY","GOMF_GLUTATHIONE_TRANSFERASE_ACTIVITY",17,0.739896396377798,1.46182680033652,0.0950413223140496,0.62504488082415,0.615568667297542,433,"tags=12%, list=3%, signal=11%","PTGES/ALOX5AP"
"GOMF_PEPTIDE_HORMONE_BINDING","GOMF_PEPTIDE_HORMONE_BINDING",19,0.725677387277134,1.460032805163,0.0956175298804781,0.62504488082415,0.615568667297542,994,"tags=26%, list=6%, signal=25%","IGF1R/ACVR1/INSR/GIPR/GHR"
"GOMF_HISTONE_H3_METHYL_LYSINE_36_DEMETHYLASE_ACTIVITY","GOMF_HISTONE_H3_METHYL_LYSINE_36_DEMETHYLASE_ACTIVITY",10,-0.785269708068194,-1.45978492740709,0.0794573643410853,0.62504488082415,0.615568667297542,33,"tags=50%, list=0%, signal=50%","KDM4C/RIOX1/RIOX2/KDM2B/KDM7A"
"GOMF_GROWTH_FACTOR_ACTIVITY","GOMF_GROWTH_FACTOR_ACTIVITY",82,0.595866921085843,1.45731729148842,0.0656370656370656,0.62504488082415,0.615568667297542,848,"tags=18%, list=5%, signal=17%","TGFA/TGFB1/IL11/MIA/FGF12/NRG2/VEGFA/BMP1/TIMP1/TGFB3/CSF1/MANF/VEGFB/IL6/CLCF1"
"GOMF_MDM2_MDM4_FAMILY_PROTEIN_BINDING","GOMF_MDM2_MDM4_FAMILY_PROTEIN_BINDING",10,0.798614467405286,1.45457136466703,0.0967078189300412,0.62504488082415,0.615568667297542,1444,"tags=20%, list=9%, signal=18%","PPARA/CDK5RAP3"
"GOMF_SPHINGOLIPID_TRANSPORTER_ACTIVITY","GOMF_SPHINGOLIPID_TRANSPORTER_ACTIVITY",16,-0.73940473743242,-1.45232470244694,0.0719844357976654,0.62504488082415,0.615568667297542,2394,"tags=44%, list=14%, signal=38%","ABCA1/PLEKHA8P1/GLTP/PITPNB/ATP10B/SPNS2/PLTP"
"GOMF_FIBRONECTIN_BINDING","GOMF_FIBRONECTIN_BINDING",24,0.690003613103877,1.44977744601118,0.0977130977130977,0.62504488082415,0.615568667297542,434,"tags=17%, list=3%, signal=16%","MMP2/VEGFA/SSC5D/THBS1"
"GOMF_FLIPPASE_ACTIVITY","GOMF_FLIPPASE_ACTIVITY",13,-0.753105526950026,-1.44481448282925,0.0815533980582524,0.62504488082415,0.615568667297542,806,"tags=31%, list=5%, signal=29%","MFSD2A/ATP11C/ATP8B1/ATP10B"
"GOMF_BICARBONATE_TRANSMEMBRANE_TRANSPORTER_ACTIVITY","GOMF_BICARBONATE_TRANSMEMBRANE_TRANSPORTER_ACTIVITY",14,0.749016814170403,1.44242898415483,0.0946502057613169,0.62504488082415,0.615568667297542,937,"tags=14%, list=6%, signal=14%","SLC26A2/SLC4A4"
"GOMF_MODIFIED_AMINO_ACID_BINDING","GOMF_MODIFIED_AMINO_ACID_BINDING",59,0.620172838451231,1.43937694941493,0.0828282828282828,0.62504488082415,0.615568667297542,828,"tags=7%, list=5%, signal=6%","PTGES/THBS1/SYTL2/SYT5"
"GOMF_IONOTROPIC_GLUTAMATE_RECEPTOR_BINDING","GOMF_IONOTROPIC_GLUTAMATE_RECEPTOR_BINDING",15,0.741269251956419,1.43782458610631,0.0965092402464066,0.62504488082415,0.615568667297542,1452,"tags=33%, list=9%, signal=31%","DRD2/SHANK3/SHANK1/NSF/NETO2"
"GOMF_PRE_MRNA_INTRONIC_BINDING","GOMF_PRE_MRNA_INTRONIC_BINDING",11,-0.759299892297321,-1.43727957486119,0.0919765166340509,0.62504488082415,0.615568667297542,626,"tags=64%, list=4%, signal=61%","RBM7/HNRNPA2B1/RBM41/TARDBP/PRPF8/RBM24/SOX9"
"GOMF_DNA_REPLICATION_ORIGIN_BINDING","GOMF_DNA_REPLICATION_ORIGIN_BINDING",16,-0.731267410372663,-1.43634151962097,0.0778210116731518,0.62504488082415,0.615568667297542,3476,"tags=62%, list=21%, signal=50%","ORC5/KAT7/HSPD1/MCM5/CDC6/ORC4/DHX9/ORC1/CDC45/MCM10"
"GOMF_NITRIC_OXIDE_SYNTHASE_BINDING","GOMF_NITRIC_OXIDE_SYNTHASE_BINDING",11,0.777101031351623,1.43629463098892,0.103869653767821,0.62504488082415,0.615568667297542,11,"tags=9%, list=0%, signal=9%","CD74"
"GOMF_LIPID_PHOSPHATASE_ACTIVITY","GOMF_LIPID_PHOSPHATASE_ACTIVITY",11,0.775264328274195,1.43289990281021,0.103869653767821,0.62504488082415,0.615568667297542,1290,"tags=27%, list=8%, signal=25%","PLPP4/PLPP2/INPP5K"
"GOMF_GDP_BINDING","GOMF_GDP_BINDING",59,-0.586835428924265,-1.42831824322908,0.0710059171597633,0.62504488082415,0.615568667297542,2524,"tags=34%, list=15%, signal=29%","RAB18/RAP2B/RALB/RAB27B/RALA/RAB29/RHOA/MIEF1/RAP1A/RHEB/RAB35/MRAS/RAB21/RRAS2/RAB9B/RAN/RAP1B/RHEBL1/GBP1/RRAGD"
"GOMF_S_ACYLTRANSFERASE_ACTIVITY","GOMF_S_ACYLTRANSFERASE_ACTIVITY",27,-0.650087323868294,-1.42759863851531,0.0884615384615385,0.62504488082415,0.615568667297542,2029,"tags=30%, list=12%, signal=26%","ZDHHC3/ZDHHC17/DLAT/ZDHHC15/FASN/DLST/ZDHHC6/GLUL"
"GOMF_PROTEIN_TYROSINE_KINASE_ACTIVATOR_ACTIVITY","GOMF_PROTEIN_TYROSINE_KINASE_ACTIVATOR_ACTIVITY",14,0.740570190041894,1.42616278661329,0.10082304526749,0.62504488082415,0.615568667297542,201,"tags=14%, list=1%, signal=14%","ERBB3/ERCC6"
"GOMF_STRUCTURAL_CONSTITUENT_OF_NUCLEAR_PORE","GOMF_STRUCTURAL_CONSTITUENT_OF_NUCLEAR_PORE",24,-0.662265191062281,-1.42593248795151,0.0863723608445297,0.62504488082415,0.615568667297542,2907,"tags=46%, list=17%, signal=38%","NUP153/NUP93/NUP88/NUP133/NDC1/NUP54/TPR/NUP214/NUP205/NUP107/NUP188"
"GOMF_ALPHA_TUBULIN_BINDING","GOMF_ALPHA_TUBULIN_BINDING",31,-0.643010385933095,-1.42567694182505,0.072265625,0.62504488082415,0.615568667297542,1769,"tags=26%, list=10%, signal=23%","ARL8A/NDEL1/NCALD/RACGAP1/SETD2/BEX4/TRPV4/TRIM36"
"GOMF_MONOOXYGENASE_ACTIVITY","GOMF_MONOOXYGENASE_ACTIVITY",42,-0.610294553878624,-1.42456454729716,0.0615384615384615,0.62504488082415,0.615568667297542,3043,"tags=36%, list=18%, signal=29%","CYP27A1/CYP20A1/CYP2C18/MICAL2/PCBD1/CYP2U1/CYP27C1/TYRP1/CYP2C19/CYP2J2/CYP2C9/HMOX1/MSMO1/CYP51A1/SQLE"
"GOMF_BETA_TUBULIN_BINDING","GOMF_BETA_TUBULIN_BINDING",35,-0.632676576681028,-1.42449713733077,0.060665362035225,0.62504488082415,0.615568667297542,1769,"tags=26%, list=10%, signal=23%","ARL8A/NDEL1/SYT11/RACGAP1/CCT5/FGF13/GJA1/RGS2/TRPV4"
"GOMF_RNA_POLYMERASE_II_GENERAL_TRANSCRIPTION_INITIATION_FACTOR_BINDING","GOMF_RNA_POLYMERASE_II_GENERAL_TRANSCRIPTION_INITIATION_FACTOR_BINDING",23,-0.665205541563286,-1.42431160184989,0.0867052023121387,0.62504488082415,0.615568667297542,1733,"tags=17%, list=10%, signal=16%","ZNHIT6/NOP58/HNRNPU/AR"
"GOMF_METAL_ION_PROTON_ANTIPORTER_ACTIVITY","GOMF_METAL_ION_PROTON_ANTIPORTER_ACTIVITY",10,0.781984268125548,1.4242816408412,0.109053497942387,0.62504488082415,0.615568667297542,562,"tags=20%, list=3%, signal=19%","SLC9A7/SLC9A5"
"GOMF_FRIZZLED_BINDING","GOMF_FRIZZLED_BINDING",22,0.684727327333963,1.42357995791169,0.105263157894737,0.62504488082415,0.615568667297542,1147,"tags=27%, list=7%, signal=25%","WNT5A/SFRP1/LRP6/FZD1/DVL3/WNT7B"
"GOMF_INOSITOL_PHOSPHATE_PHOSPHATASE_ACTIVITY","GOMF_INOSITOL_PHOSPHATE_PHOSPHATASE_ACTIVITY",16,0.721400694364166,1.41925751520088,0.108606557377049,0.62504488082415,0.615568667297542,1681,"tags=38%, list=10%, signal=34%","INPP5F/PTEN/INPP5K/INPP5J/SYNJ1/IMPA2"
"GOMF_NUCLEOCYTOPLASMIC_CARRIER_ACTIVITY","GOMF_NUCLEOCYTOPLASMIC_CARRIER_ACTIVITY",30,-0.644633183400347,-1.41820805220373,0.0841487279843444,0.62504488082415,0.615568667297542,3341,"tags=53%, list=20%, signal=43%","KPNA6/RANBP17/TNPO3/NUP42/XPO1/KPNA4/XPO6/IPO11/TNPO1/RANBP6/NUP214/EIF4ENIF1/CSE1L/RAN/XPO5/IPO9"
"GOMF_QUATERNARY_AMMONIUM_GROUP_BINDING","GOMF_QUATERNARY_AMMONIUM_GROUP_BINDING",25,-0.655894010829425,-1.41820648023224,0.0909090909090909,0.62504488082415,0.615568667297542,1218,"tags=28%, list=7%, signal=26%","ABCA1/OGDH/ESYT1/PITPNB/VDAC1/PLTP/PCYT1B"
"GOMF_CYTOKINE_ACTIVITY","GOMF_CYTOKINE_ACTIVITY",83,0.578180300137112,1.41747443124038,0.0737864077669903,0.62504488082415,0.615568667297542,1198,"tags=23%, list=7%, signal=21%","WNT5A/TGFB1/IL11/SCG2/VEGFA/CMTM7/CXCL5/CMTM3/BMP1/TIMP1/CD70/TGFB3/CSF1/FAM3C/TNFSF9/IL6/CLCF1/WNT7B/FLT3LG"
"GOMF_RECEPTOR_TYROSINE_KINASE_BINDING","GOMF_RECEPTOR_TYROSINE_KINASE_BINDING",57,0.611133624105019,1.41715616378995,0.107070707070707,0.62504488082415,0.615568667297542,800,"tags=11%, list=5%, signal=10%","SHC4/NCK2/PITPNM3/SH2B1/TOB1/PITPNM2"
"GOMF_ANTIPORTER_ACTIVITY","GOMF_ANTIPORTER_ACTIVITY",61,0.604823898653496,1.41080259516419,0.0961923847695391,0.62504488082415,0.615568667297542,783,"tags=15%, list=5%, signal=14%","SLC26A2/SLC9A7/SLC37A1/SLC7A11/SLC9A5/CLCN3/SLC35E2B/SLC3A2/SLC22A18"
"GOMF_SECONDARY_ACTIVE_TRANSMEMBRANE_TRANSPORTER_ACTIVITY","GOMF_SECONDARY_ACTIVE_TRANSMEMBRANE_TRANSPORTER_ACTIVITY",137,0.537462251234343,1.41026923846812,0.0590476190476191,0.62504488082415,0.615568667297542,1555,"tags=19%, list=9%, signal=17%","MFSD12/SLC26A2/SLC9A7/SLC37A1/SLC6A6/ANKH/SLC7A5/SLC7A11/SLC12A8/SLCO5A1/SLC9A5/CLCN3/SLC35E2B/SLC3A2/SLC22A18/SLC4A4/SLCO3A1/MFSD4B/SLC23A2/SLC25A10/SLC16A4/SLC25A22/SLC35E2A/SLC12A6/SLC1A3/SLC22A5"
"GOMF_CALCIUM_DEPENDENT_PROTEIN_BINDING","GOMF_CALCIUM_DEPENDENT_PROTEIN_BINDING",49,-0.588025464790687,-1.40695543892716,0.0796116504854369,0.62504488082415,0.615568667297542,1500,"tags=29%, list=9%, signal=26%","ANXA1/CALM1/S100A16/ALG2/MYO1D/STX2/A2M/ANXA6/SYT1/LRP8/S100A11/VLDLR/S100A10/ANXA3"
"GOMF_I_SMAD_BINDING","GOMF_I_SMAD_BINDING",14,0.728696518221208,1.4032969068914,0.106995884773663,0.62504488082415,0.615568667297542,1021,"tags=29%, list=6%, signal=27%","SMAD3/TGFBR1/CTNNB1/SMAD2"
"GOMF_ARYLSULFATASE_ACTIVITY","GOMF_ARYLSULFATASE_ACTIVITY",12,0.745448184312107,1.40260501909706,0.107505070993915,0.62504488082415,0.615568667297542,2389,"tags=58%, list=14%, signal=50%","ARSG/ARSD/ARSJ/ARSA/ARSB/GALNS/ARSK"
"GOMF_UDP_GLYCOSYLTRANSFERASE_ACTIVITY","GOMF_UDP_GLYCOSYLTRANSFERASE_ACTIVITY",92,0.56383440208791,1.40170076798757,0.0867052023121387,0.62504488082415,0.615568667297542,1235,"tags=24%, list=7%, signal=22%","POMGNT2/GALNT10/B4GAT1/GXYLT2/MFNG/LFNG/HAS3/EXTL2/EXTL3/XXYLT1/GALNT2/B4GALNT1/POGLUT1/B3GAT3/MGAT1/B4GALNT4/MGAT5B/GALNT16/GALNT12/EXT1/B3GALT1/POGLUT2"
"GOMF_HISTONE_LYSINE_N_METHYLTRANSFERASE_ACTIVITY","GOMF_HISTONE_LYSINE_N_METHYLTRANSFERASE_ACTIVITY",40,-0.605359778002557,-1.39862790405406,0.0736434108527132,0.62504488082415,0.615568667297542,1036,"tags=28%, list=6%, signal=26%","EZH2/SETD1B/SMYD2/WDR5/SETD2/ASH1L/RBBP5/SUV39H2/KMT5A/NSD2/SETD7"
"GOMF_KINASE_ACTIVATOR_ACTIVITY","GOMF_KINASE_ACTIVATOR_ACTIVITY",87,0.567184626967543,1.39687754069811,0.0930232558139535,0.62504488082415,0.615568667297542,1001,"tags=13%, list=6%, signal=12%","GPRC5A/ERBB3/ERCC6/SPRY2/MAP2K6/CDK5R2/DAXX/MADD/WNK1/CALM3/PARP16"
"GOMF_S100_PROTEIN_BINDING","GOMF_S100_PROTEIN_BINDING",11,-0.737357543827432,-1.39574488007171,0.107632093933464,0.62504488082415,0.615568667297542,2585,"tags=64%, list=15%, signal=54%","AHNAK/ANXA2/IQGAP1/EZR/CACYBP/S100A11/FGF1"
"GOMF_BASAL_TRANSCRIPTION_MACHINERY_BINDING","GOMF_BASAL_TRANSCRIPTION_MACHINERY_BINDING",59,-0.560370619256154,-1.36390466390269,0.0927021696252465,0.62504488082415,0.615568667297542,1733,"tags=15%, list=10%, signal=14%","ZNHIT6/WDR43/WAC/NOP58/CDC73/DHX9/HNRNPU/AR/RPRD2"
"GOMF_SIGNALING_ADAPTOR_ACTIVITY","GOMF_SIGNALING_ADAPTOR_ACTIVITY",68,0.569722050524773,1.35716097151916,0.0992063492063492,0.62504488082415,0.615568667297542,2714,"tags=32%, list=16%, signal=27%","NCK2/SORBS1/CARD10/STAT3/SHANK3/SH2B1/MAGI2/EPS8/ROPN1B/RGS14/SHANK1/SAV1/KSR1/MAPK8IP1/SH3RF1/MAP2K2/LDLRAP1/TRADD/DUSP19/HOMER2/MAPK8IP3/SPAG9"
"GOMF_CYSTEINE_TYPE_PEPTIDASE_ACTIVITY","GOMF_CYSTEINE_TYPE_PEPTIDASE_ACTIVITY",153,-0.478628106373301,-1.35106170613141,0.0635219253328935,0.62504488082415,0.615568667297542,2315,"tags=22%, list=14%, signal=19%","CTSZ/TNFAIP3/OTUD3/CYLD/CTSC/CASP10/USP40/CFLAR/PIGK/CASP6/ZC3H12A/MYSM1/MINDY3/CTSH/USP43/USP15/USP14/USP36/CAPN5/HINT1/STAMBPL1/CTSL/USP1/CASP2/USP3/OTULINL/CTSS/YOD1/CASP4/CAPN2/UCHL5/UCHL1/SCRN1"
"GOMF_ORGANIC_ANION_TRANSMEMBRANE_TRANSPORTER_ACTIVITY","GOMF_ORGANIC_ANION_TRANSMEMBRANE_TRANSPORTER_ACTIVITY",114,0.52674978690947,1.34070467731676,0.103250478011472,0.62504488082415,0.615568667297542,1521,"tags=18%, list=9%, signal=16%","MFSD12/SLC26A2/SLC2A1/SLC6A6/SLC2A3/SLC7A5/SERINC5/SLC7A11/SLCO5A1/SLC27A1/SLC3A2/SLC4A4/SLC25A42/SLC35B2/SLCO3A1/SLC23A2/SLC25A10/SLC25A22/SLC1A3/SFXN3"
"GOMF_ORGANIC_ACID_BINDING","GOMF_ORGANIC_ACID_BINDING",83,-0.523601096303867,-1.33840800165687,0.0841889117043121,0.62504488082415,0.615568667297542,1868,"tags=18%, list=11%, signal=16%","CYP27C1/SESN2/PPARD/AARS1/GCLC/GLRB/RYR2/IGF2R/SLC46A1/SCLY/NR2F2/GRIN2B/DDAH1/GLUL/SHMT2"
"GOMF_HISTONE_BINDING","GOMF_HISTONE_BINDING",221,-0.45558032940632,-1.33624517593451,0.0479412567739291,0.62504488082415,0.615568667297542,2970,"tags=26%, list=18%, signal=22%","IPO7/SPIN1/L3MBTL3/USP51/ZZZ3/CDYL/BAZ1B/TSPYL4/KDM5B/SART3/NAP1L4/HIRA/DEK/WDR5/L3MBTL1/NPM1/SMARCC1/ATAD2/HJURP/UHRF2/MYSM1/ANP32A/L3MBTL4/BRD1/UHRF1/SFMBT1/PYGO2/MLLT10/PWP1/DTX3L/USP15/ANP32B/NASP/FMR1/VPS72/CKS1B/SBNO1/PYGO1/NAP1L1/CHD1/RBBP5/PTMA/CTSL/SCML1/ZMYND11/ANP32E/DNAJC2/AASS/YEATS2/MTF2/USP3/SET/IPO9/CDYL2/SMARCA2/SFMBT2/KDM7A"
"GOMF_ACTIN_FILAMENT_BINDING","GOMF_ACTIN_FILAMENT_BINDING",161,-0.47116783964133,-1.3337500250553,0.069088096578018,0.62504488082415,0.615568667297542,2195,"tags=29%, list=13%, signal=25%","FSCN1/NEXN/MACF1/COTL1/ABL2/HIP1R/SHROOM1/PPP1R9A/BIN1/IQGAP1/MYO7B/AFDN/TMEM201/MARCKS/NEB/CAPG/SHROOM3/EGFR/MYO5B/FLNA/WDR1/ACTR3/CORO6/MYH15/EZR/CORO1C/MYO1D/TWF1/TTN/ABITRAM/ACTN2/TPM4/ZNF185/FERMT2/MYO1B/ANXA6/SPTAN1/LASP1/ABLIM1/MYO5C/CORO2B/ARPC5/MYH10/ARPC5L/TRPV4/TPM3"
"GOMF_RIBOSOME_BINDING","GOMF_RIBOSOME_BINDING",69,-0.530956183108167,-1.3244561967366,0.108216432865731,0.62504488082415,0.615568667297542,1835,"tags=17%, list=11%, signal=16%","ZC3H12A/GUF1/RICTOR/OLA1/SBDS/EFL1/YTHDF1/FMR1/SERBP1/DNAJC2/GEMIN5/CPEB1"
"GOMF_RNA_POLYMERASE_BINDING","GOMF_RNA_POLYMERASE_BINDING",57,-0.549337294609207,-1.32413400438285,0.106508875739645,0.62504488082415,0.615568667297542,1993,"tags=25%, list=12%, signal=22%","BIN1/ERBB2/WDR43/WAC/CDC73/TCERG1/NEDD4/CCNT1/ANP32B/STOM/CCNT2/DHX9/HNRNPU/RPRD2"
"GOMF_FLAVIN_ADENINE_DINUCLEOTIDE_BINDING","GOMF_FLAVIN_ADENINE_DINUCLEOTIDE_BINDING",68,-0.53197835071441,-1.32364610376241,0.108433734939759,0.62504488082415,0.615568667297542,1041,"tags=12%, list=6%, signal=11%","MTRR/AOX1/FOXRED2/QSOX1/DDO/KDM1A/DHCR24/SQLE"
"GOMF_HEXOSYLTRANSFERASE_ACTIVITY","GOMF_HEXOSYLTRANSFERASE_ACTIVITY",138,0.503869296732052,1.32304202924438,0.100760456273764,0.62504488082415,0.615568667297542,1235,"tags=18%, list=7%, signal=17%","POMGNT2/GALNT10/B4GAT1/TMTC2/MFNG/POFUT2/LFNG/HAS3/EXTL2/EXTL3/ALG12/GALNT2/B4GALNT1/POGLUT1/B3GAT3/MGAT1/PYGB/B4GALNT4/MGAT5B/GALNT16/GALNT12/AGL/EXT1/B3GALT1/POGLUT2"
"GOMF_TRANSMEMBRANE_TRANSPORTER_BINDING","GOMF_TRANSMEMBRANE_TRANSPORTER_BINDING",91,-0.503938340125332,-1.31208063646265,0.0910973084886128,0.62504488082415,0.615568667297542,1698,"tags=22%, list=10%, signal=20%","YES1/DIAPH1/FLNA/SNTA1/CALM1/KCNE4/KCNAB1/FMR1/VDAC1/SLC8A1/ACTN2/RYR2/FHL1/HSP90AB1/SCN5A/FGF13/YWHAH/RNF207/ABCC9/S100A10"
"GOMF_UNFOLDED_PROTEIN_BINDING","GOMF_UNFOLDED_PROTEIN_BINDING",102,-0.490876560305332,-1.30134004801183,0.0943396226415094,0.62504488082415,0.615568667297542,2503,"tags=32%, list=15%, signal=28%","NACA/HSPD1/PFDN1/HSP90AB2P/PDRG1/DNAJA3/CHAF1A/MKKS/NAP1L4/TOR1A/NPM1/HSPA8/SRSF10/TOMM20/DNAJA1/PFDN4/TRAP1/TCP1/HEATR3/CLU/HSPA2/GRPEL2/CCT5/CCT3/HSPA14/PTGES3/HSPA1L/CCT2/GRPEL1/HSP90AB1/TUBB4B/DNAJA4/HSPA1A"
"GOMF_MAGNESIUM_ION_BINDING","GOMF_MAGNESIUM_ION_BINDING",188,-0.441281800003268,-1.26440758620361,0.0879120879120879,0.62504488082415,0.615568667297542,1341,"tags=19%, list=8%, signal=17%","ABL2/MVK/FOXK2/FARSB/OXSR1/IRAK4/DYRK3/MAP3K20/GEN1/RHEB/PLK1/GTPBP10/NUDT5/PAPOLA/PRKACB/CDK2/GCLC/ADPRH/ARF1/MTHFD2/PGM5/SRPK1/PGM2/RAN/ATP11C/DYRK2/PSPH/IDH3A/ATP8B1/ATP10B/NUDT19/FIGNL1/ADSS2/GLUL/RPS6KA2"
"GOMF_ACTIVE_TRANSMEMBRANE_TRANSPORTER_ACTIVITY","GOMF_ACTIVE_TRANSMEMBRANE_TRANSPORTER_ACTIVITY",266,0.442454295119958,1.23209227760183,0.101785714285714,0.62504488082415,0.615568667297542,1555,"tags=14%, list=9%, signal=13%","MFSD12/SLC26A2/SLC9A7/ATP7A/SLC37A1/SLC6A6/ABCB6/ANKH/SLC7A5/SLC7A11/ABCA7/SLC12A8/SLCO5A1/ABCA5/SLC9A5/CLCN3/SLC35E2B/NDUFB10/TAPBP/SLC3A2/SLC22A18/SLC4A4/ATP6V1A/ATP13A1/ATP1A1/SLCO3A1/MFSD4B/SLC23A2/SLC25A10/SLC16A4/SLC25A22/NDUFA13/SLC35E2A/SLC12A6/SLC1A3/NDUFA1/SLC22A5"
"GOMF_GTPASE_ACTIVITY","GOMF_GTPASE_ACTIVITY",259,-0.413897847743059,-1.22964819917709,0.0767494356659142,0.62504488082415,0.615568667297542,2580,"tags=25%, list=15%, signal=22%","SEPTIN10/RND3/GCH1/RAC1/RAB18/EFTUD2/RAP2B/RALB/RAB27B/RAB13/DDX3X/TUBB6/RGS10/RALA/GTPBP1/RAB29/ARL5B/RHOA/GNG5/RGS20/TUBA8/ARL8A/GNA12/RGS5/EIF5B/RGS17/ARL1/GNG10/GUF1/RGS3/GNB1/DRG1/TUBE1/GPN3/ARHGDIB/EFL1/SEPTIN11/NKIRAS1/RAP1A/RHEB/GTPBP10/RHOBTB3/NLRP10/BMS1/RAB35/GSPT1/MRAS/ARF1/RAB21/RRAS2/ARL9/GTPBP4/RAB9B/RAN/TUBA1C/RAP1B/ARL10/RAC2/RHEBL1/TUBA1B/TUBB4B/GBP1/RGS2/RAB38/RAB15/RRAGD"
"GOMF_ION_TRANSMEMBRANE_TRANSPORTER_ACTIVITY","GOMF_ION_TRANSMEMBRANE_TRANSPORTER_ACTIVITY",481,0.410979465075417,1.21513827133983,0.0842105263157895,0.62504488082415,0.615568667297542,1573,"tags=14%, list=9%, signal=13%","MFSD12/KCND1/SLC26A2/ATP6V0A4/SLC9A7/CACNG7/SLC2A1/TTYH2/CNNM2/TTYH3/ATP7A/TRPM4/SLC44A2/SNAP25/ORAI3/SLC37A1/TMEM63B/SLC6A6/SLC2A3/ATP6V0A1/GRIK2/ANKH/TPCN2/SLC7A5/SERINC5/SLC7A11/SLC39A11/KCNIP3/SLC12A8/HCN1/SLCO5A1/SLC30A4/GRIN2A/SLC9A5/CLCN3/PKD1L2/SLC39A6/KCNN4/SLC27A1/SLC3A2/SLC22A18/KCNAB3/SHROOM2/CACNG8/GABRG3/SLC4A4/ATP6V1A/SLC25A42/ATP13A1/ASIC1/SLC35B2/ATP1A1/SLCO3A1/ASIC2/SLC39A9/SLC23A2/SLC25A10/TMEM150C/SLC25A22/KCNMA1/PKD2/P2RX6/SLC12A6/KCNH8/SLC1A3/SFXN3/SLC39A7/SLC22A5/ATP5PO"
"GOMF_UBIQUITIN_LIKE_PROTEIN_LIGASE_BINDING","GOMF_UBIQUITIN_LIKE_PROTEIN_LIGASE_BINDING",293,-0.402718660759855,-1.20773827359918,0.0859030837004405,0.62504488082415,0.615568667297542,1648,"tags=16%, list=10%, signal=15%","ARRDC1/TMBIM6/EGFR/CUL1/DNAJA1/UBE2L3/UBE2J1/CEBPB/SYT11/TCP1/BAG5/CLU/DTX3L/JUN/SLF1/PRKAR2A/PML/PPARGC1A/PRKACB/VCL/TRIB1/CACYBP/UBE2N/UBE2T/BOK/MOAP1/ATF6/FZD4/HSPA1L/CCT2/TRIB3/HSP90AB1/SNCAIP/PAX6/PCBP2/PA2G4/GPI/ACTG1/TRAF5/BAG1/SCN5A/RAD18/TUBA1B/YOD1/PRDX6/BID/UCHL1/HSPA1A"
"GOMF_CATALYTIC_ACTIVITY_ACTING_ON_RNA","GOMF_CATALYTIC_ACTIVITY_ACTING_ON_RNA",361,-0.394959982117448,-1.20508188855751,0.0783410138248848,0.62504488082415,0.615568667297542,3787,"tags=30%, list=22%, signal=24%","CRCP/REXO2/CDKAL1/FARS2/CNOT7/UPF1/DDX46/DDX60L/TYW3/ERI1/POLR2M/TFB2M/LACTB2/RNMT/METTL14/POLR1A/PRIM1/NSUN4/NT5C3A/POLR1G/PRIMPOL/EXOSC7/USB1/DICER1/GATB/FANCM/APEX1/DDX54/RPP14/SND1/POLR2B/POP7/TRMT2B/ANGEL2/CNOT2/DTWD1/TRMT1/SMG6/POLR2F/DDX20/RPP40/SEPSECS/METTL8/DHX57/MED20/TARS2/DARS2/DDX18/TFB1M/G3BP1/PNPT1/DDX55/DDX3X/ISG20L2/RPP30/DDX23/DHX33/SUPV3L1/POLR3K/DDX58/TRMT10C/RTCA/FARSB/PUS1/DDX52/XRN2/POLR3C/DHX15/DDX21/BRIP1/DDX1/ZC3H12A/EXOSC10/RCL1/DHX35/POLR3F/METTL1/EXO1/RTCB/TOE1/POLR1F/AARS1/ERI2/MARS1/SLFN13/DDX5/NSUN2/NARS1/LCMT2/EXOSC2/EXOSC9/EIF4A2/TERT/POLR3B/DHX9/EPRS1/EXOSC3/TARS1/TRDMT1/IARS1/DDX24/GARS1/MARS2/DDX31/POLR1E/SAMHD1/SARS1/POP1/WARS1"
"GOMF_CATION_TRANSMEMBRANE_TRANSPORTER_ACTIVITY","GOMF_CATION_TRANSMEMBRANE_TRANSPORTER_ACTIVITY",355,0.418761515723486,1.20403133994698,0.0989399293286219,0.62504488082415,0.615568667297542,1573,"tags=15%, list=9%, signal=14%","MFSD12/KCND1/ATP6V0A4/SLC9A7/CACNG7/CNNM2/ATP7A/TRPM4/SLC44A2/SNAP25/ORAI3/TMEM63B/SLC6A6/ATP6V0A1/GRIK2/TPCN2/SLC7A5/SERINC5/SLC39A11/KCNIP3/SLC12A8/HCN1/SLC30A4/GRIN2A/SLC9A5/CLCN3/PKD1L2/SLC39A6/KCNN4/SLC3A2/SLC22A18/KCNAB3/SHROOM2/CACNG8/SLC4A4/ATP6V1A/SLC25A42/ATP13A1/ASIC1/ATP1A1/ASIC2/SLC39A9/SLC23A2/SLC25A22/KCNMA1/PKD2/P2RX6/SLC12A6/KCNH8/SLC1A3/SFXN3/SLC39A7/SLC22A5/ATP5PO"
"GOMF_GUANYL_NUCLEOTIDE_BINDING","GOMF_GUANYL_NUCLEOTIDE_BINDING",312,-0.39454223158611,-1.19568656883255,0.0915032679738562,0.62504488082415,0.615568667297542,1990,"tags=21%, list=12%, signal=18%","TUBB6/DDX58/RALA/GTPBP1/RAB29/ARL5B/RHOA/RABL6/TUBA8/ARL8A/GNA12/EIF5B/ARL1/HHAT/GUF1/RTCB/DRG1/TUBE1/GPN3/OLA1/EFL1/SEPTIN11/MIEF1/NKIRAS1/RAP1A/RHEB/GTPBP10/RHOBTB3/NPR2/BMS1/RAB35/GSPT1/EHD1/MRAS/SEPHS1/ARF1/RAB21/FKBP4/RRAS2/ARL9/GTPBP4/GIMAP6/RAB9B/RAN/HSP90AB1/ANXA6/TUBA1C/PCK2/RAP1B/ARL10/CGAS/SAMHD1/RAC2/GIMAP2/RHEBL1/TUBA1B/ADSS2/TUBB4B/DAP3/GBP1/RAB38/RAB15/RRAGD/DAPK1"
"GOMF_TUBULIN_BINDING","GOMF_TUBULIN_BINDING",308,-0.394689080018412,-1.18954067022474,0.0993377483443709,0.62504488082415,0.615568667297542,1948,"tags=19%, list=11%, signal=17%","MAPRE1/ARHGEF2/RP1/KIF15/KIF23/RAE1/ARL8A/TTLL4/MAP7D3/CEP290/NDEL1/MAPRE2/STARD9/DRG1/SYT11/TPR/STRBP/SBDS/SKA1/HAUS8/NCALD/PLK1/KIF21B/KIF1C/HAUS6/CKAP5/RACGAP1/CCT5/EZR/CAMSAP2/TPX2/FMR1/SETD2/CEP295/BEX4/KIF14/NAV3/TTLL5/CACYBP/CCDC181/KIF21A/ALMS1/MAP6/VASH2/CENPE/AGTPBP1/MAP1B/CAMSAP1/FGF13/CCDC88C/CENPF/ABRAXAS1/GJA1/RGS2/TRPV4/KIF5C/TRIM36"
"GOMF_GABA_RECEPTOR_ACTIVITY","GOMF_GABA_RECEPTOR_ACTIVITY",13,-0.725737537543985,-1.39230966637955,0.110679611650485,0.630135922330097,0.620582524271845,1344,"tags=31%, list=8%, signal=28%","GABRQ/GPR156/GABRA6/GABRB2"
"GOMF_SULFURIC_ESTER_HYDROLASE_ACTIVITY","GOMF_SULFURIC_ESTER_HYDROLASE_ACTIVITY",15,0.724365590852452,1.40503690542706,0.112936344969199,0.635829542993286,0.626189824789394,2389,"tags=60%, list=14%, signal=52%","ARSG/ARSD/ARSJ/ARSA/SGSH/ARSB/IDS/GALNS/ARSK"
"GOMF_CALCIUM_ACTIVATED_CATION_CHANNEL_ACTIVITY","GOMF_CALCIUM_ACTIVATED_CATION_CHANNEL_ACTIVITY",14,0.725004594096164,1.39618713543565,0.113168724279835,0.635829542993286,0.626189824789394,1799,"tags=36%, list=11%, signal=32%","TRPM4/TMEM63B/KCNN4/KCNMA1/TMEM63A"
"GOMF_GLUTAMATE_RECEPTOR_BINDING","GOMF_GLUTAMATE_RECEPTOR_BINDING",28,0.655230178520468,1.41064124130578,0.118126272912424,0.636488447809203,0.626838740046287,1452,"tags=21%, list=9%, signal=20%","DRD2/SHANK3/CALM3/SHANK1/NSF/NETO2"
"GOMF_OXIDOREDUCTASE_ACTIVITY_ACTING_ON_PEROXIDE_AS_ACCEPTOR","GOMF_OXIDOREDUCTASE_ACTIVITY_ACTING_ON_PEROXIDE_AS_ACCEPTOR",29,0.65142888348677,1.406863005383,0.118367346938776,0.636488447809203,0.626838740046287,704,"tags=21%, list=4%, signal=20%","PTGES/SESN3/CAT/PTGS2/ALOX5AP/SESN1"
"GOMF_NEUTRAL_AMINO_ACID_TRANSMEMBRANE_TRANSPORTER_ACTIVITY","GOMF_NEUTRAL_AMINO_ACID_TRANSMEMBRANE_TRANSPORTER_ACTIVITY",25,0.667497510665226,1.40373587960059,0.117525773195876,0.636488447809203,0.626838740046287,1000,"tags=28%, list=6%, signal=26%","MFSD12/SLC6A6/SLC7A5/SERINC5/SLC7A11/SLC3A2/SLC43A2"
"GOMF_CARBOXY_LYASE_ACTIVITY","GOMF_CARBOXY_LYASE_ACTIVITY",26,-0.631322490457592,-1.37685061863602,0.117082533589251,0.636488447809203,0.626838740046287,2537,"tags=35%, list=15%, signal=29%","PAICS/ME3/MVD/ME2/AMD1/PISD/UROD/PCK2/ODC1"
"GOMF_SCAVENGER_RECEPTOR_ACTIVITY","GOMF_SCAVENGER_RECEPTOR_ACTIVITY",24,0.65043907163832,1.36664776554399,0.118503118503119,0.636488447809203,0.626838740046287,821,"tags=21%, list=5%, signal=20%","LOXL2/PRSS12/DMBT1/SSC5D/AGER"
"GOMF_GROWTH_FACTOR_RECEPTOR_BINDING","GOMF_GROWTH_FACTOR_RECEPTOR_BINDING",96,0.521652284222196,1.31402373465384,0.117424242424242,0.636488447809203,0.626838740046287,705,"tags=11%, list=4%, signal=11%","TGFA/IL11/IL1RAP/PTPRJ/VEGFA/APP/ERN1/SNX1/FLRT3/VEGFB/IL6"
"GOMF_OXIDOREDUCTASE_ACTIVITY_ACTING_ON_PAIRED_DONORS_WITH_INCORPORATION_OR_REDUCTION_OF_MOLECULAR_OXYGEN","GOMF_OXIDOREDUCTASE_ACTIVITY_ACTING_ON_PAIRED_DONORS_WITH_INCORPORATION_OR_REDUCTION_OF_MOLECULAR_OXYGEN",109,-0.472206971944405,-1.26524166292325,0.118143459915612,0.636488447809203,0.626838740046287,2680,"tags=23%, list=16%, signal=19%","KDM5B/OGFOD1/CYP2C18/DEGS1/FADS3/RIOX2/MICAL2/PCBD1/CYP2U1/CYP27C1/TYRP1/CYP2C19/CYP2J2/SC5D/FADS2/KDM2B/CYP2C9/HMOX1/FADS1/KDM1A/MSMO1/CYP51A1/SCD/SQLE/KDM7A"
"GOMF_SIGNALING_RECEPTOR_COMPLEX_ADAPTOR_ACTIVITY","GOMF_SIGNALING_RECEPTOR_COMPLEX_ADAPTOR_ACTIVITY",42,0.62587081866406,1.41239895557056,0.12448132780083,0.658950617283951,0.648960363872645,2714,"tags=36%, list=16%, signal=30%","NCK2/SORBS1/CARD10/SHANK3/SH2B1/MAGI2/ROPN1B/RGS14/SHANK1/SAV1/LDLRAP1/TRADD/HOMER2/MAPK8IP3/SPAG9"
"GOMF_EPIDERMAL_GROWTH_FACTOR_RECEPTOR_BINDING","GOMF_EPIDERMAL_GROWTH_FACTOR_RECEPTOR_BINDING",26,0.643575471022586,1.36353892878281,0.124740124740125,0.658950617283951,0.648960363872645,413,"tags=8%, list=2%, signal=8%","TGFA/SNX1"
"GOMF_ORGANIC_ACID_TRANSMEMBRANE_TRANSPORTER_ACTIVITY","GOMF_ORGANIC_ACID_TRANSMEMBRANE_TRANSPORTER_ACTIVITY",94,0.525761871222097,1.31743567728106,0.125,0.658950617283951,0.648960363872645,1521,"tags=17%, list=9%, signal=16%","MFSD12/SLC26A2/SLC6A6/SLC7A5/SERINC5/SLC7A11/SLC27A1/SLC3A2/SLC43A2/SLC38A10/SLC23A2/SLC25A10/SLC16A4/SLC25A22/SLC1A3/SFXN3"
"GOMF_GTPASE_INHIBITOR_ACTIVITY","GOMF_GTPASE_INHIBITOR_ACTIVITY",11,0.738722190203229,1.3653600661626,0.132382892057026,0.659532215357458,0.649533144423282,1359,"tags=45%, list=8%, signal=42%","SLIT2/RTKN/TNK2/GPS2/IPO5"
"GOMF_OXIDOREDUCTASE_ACTIVITY_ACTING_ON_SINGLE_DONORS_WITH_INCORPORATION_OF_MOLECULAR_OXYGEN","GOMF_OXIDOREDUCTASE_ACTIVITY_ACTING_ON_SINGLE_DONORS_WITH_INCORPORATION_OF_MOLECULAR_OXYGEN",11,0.737197934310997,1.36254282559034,0.134419551934827,0.659532215357458,0.649533144423282,818,"tags=45%, list=5%, signal=43%","PIR/ETHE1/PTGS2/ALOX5AP/ALOXE3"
"GOMF_MAP_KINASE_KINASE_ACTIVITY","GOMF_MAP_KINASE_KINASE_ACTIVITY",16,0.69154839148616,1.36052717915233,0.135245901639344,0.659532215357458,0.649533144423282,1404,"tags=31%, list=8%, signal=29%","PAK3/MAP3K9/MAP2K6/MAP2K5/BRAF"
"GOMF_OXIDOREDUCTASE_ACTIVITY_ACTING_ON_DIPHENOLS_AND_RELATED_SUBSTANCES_AS_DONORS","GOMF_OXIDOREDUCTASE_ACTIVITY_ACTING_ON_DIPHENOLS_AND_RELATED_SUBSTANCES_AS_DONORS",10,0.746878882531151,1.3603417916207,0.135802469135802,0.659532215357458,0.649533144423282,1253,"tags=30%, list=7%, signal=28%","LACC1/CYP1A1/NQO2"
"GOMF_PHOSPHATIDYLINOSITOL_5_PHOSPHATE_BINDING","GOMF_PHOSPHATIDYLINOSITOL_5_PHOSPHATE_BINDING",16,0.690985909978516,1.35942057347102,0.135245901639344,0.659532215357458,0.649533144423282,1440,"tags=25%, list=8%, signal=23%","SH3PXD2A/PLEKHF1/PLEKHA5/LANCL2"
"GOMF_EPHRIN_RECEPTOR_ACTIVITY","GOMF_EPHRIN_RECEPTOR_ACTIVITY",13,-0.707061910305883,-1.35648093356065,0.135922330097087,0.659532215357458,0.649533144423282,1310,"tags=31%, list=8%, signal=28%","EPHA7/EPHB1/NTRK3/EPHA5"
"GOMF_NUCLEOTIDE_DIPHOSPHATASE_ACTIVITY","GOMF_NUCLEOTIDE_DIPHOSPHATASE_ACTIVITY",18,-0.671396782521657,-1.35498416592381,0.12992125984252,0.659532215357458,0.649533144423282,1924,"tags=39%, list=11%, signal=35%","ENPP4/ENPP2/NUDT4B/NUDT4/NUDT10/GARS1/NUDT11"
"GOMF_TRANSMITTER_GATED_CHANNEL_ACTIVITY","GOMF_TRANSMITTER_GATED_CHANNEL_ACTIVITY",20,-0.655092704676561,-1.35460082419106,0.127906976744186,0.659532215357458,0.649533144423282,777,"tags=20%, list=5%, signal=19%","GLRB/GABRA6/GRIN2B/GABRB2"
"GOMF_BETA_CATENIN_BINDING","GOMF_BETA_CATENIN_BINDING",70,0.548002237757761,1.31188398174364,0.134653465346535,0.659532215357458,0.649533144423282,1114,"tags=23%, list=7%, signal=21%","DACT1/SMAD3/RORA/PTPRJ/PTPRU/KDM6B/CTNNA2/CTNNBIP1/FOXO1/CTNNB1/DVL3/SHROOM2/SUFU/CTNNA1/CXADR/FOXO4"
"GOMF_CALCIUM_DEPENDENT_PHOSPHOLIPID_BINDING","GOMF_CALCIUM_DEPENDENT_PHOSPHOLIPID_BINDING",32,-0.588509909449187,-1.3113920069912,0.134765625,0.659532215357458,0.649533144423282,1859,"tags=31%, list=11%, signal=28%","ESYT1/CPNE7/SYTL3/ANXA1/SYT11/ANXA5/DYSF/ANXA6/SYT1/ANXA3"
"GOMF_LYSINE_N_METHYLTRANSFERASE_ACTIVITY","GOMF_LYSINE_N_METHYLTRANSFERASE_ACTIVITY",55,-0.540538901560315,-1.29990263383491,0.12770137524558,0.659532215357458,0.649533144423282,1172,"tags=15%, list=7%, signal=14%","ATPSCKMT/SETD2/ASH1L/RBBP5/SUV39H2/KMT5A/NSD2/SETD7"
"GOMF_ISOMERASE_ACTIVITY","GOMF_ISOMERASE_ACTIVITY",130,0.494886317077266,1.29073536871438,0.135849056603774,0.659532215357458,0.649533144423282,1252,"tags=12%, list=7%, signal=11%","PTGES/PDIA4/L3HYPDH/PPIB/CRELD1/ECH1/FKBP14/FKBP10/PBLD/BPGM/ENOX1/ALOXE3/GFUS/CRELD2/HSD17B4/ITPK1"
"GOMF_UBIQUITIN_LIKE_PROTEIN_SPECIFIC_PROTEASE_ACTIVITY","GOMF_UBIQUITIN_LIKE_PROTEIN_SPECIFIC_PROTEASE_ACTIVITY",106,-0.47049295576051,-1.25363884166987,0.127659574468085,0.659532215357458,0.649533144423282,2549,"tags=20%, list=15%, signal=17%","DESI2/PRPF8/TNFAIP3/OTUD3/CYLD/USP40/ZC3H12A/MYSM1/MINDY3/USP43/USP15/USP14/USP36/HINT1/STAMBPL1/USP1/USP3/OTULINL/YOD1/UCHL5/UCHL1"
"GOMF_MODIFICATION_DEPENDENT_PROTEIN_BINDING","GOMF_MODIFICATION_DEPENDENT_PROTEIN_BINDING",154,-0.42844224835734,-1.21365277918595,0.134736842105263,0.659532215357458,0.649533144423282,2432,"tags=20%, list=14%, signal=17%","ZZZ3/CDYL/ANK2/UBQLN4/PRPF8/TNFAIP3/WDR5/LYN/L3MBTL1/IDE/EPS15/UHRF1/OPTN/PWP1/USP15/ANKRD13A/RAD23B/UBQLN1/PML/FMR1/PYGO1/CHD1/RBBP5/ZMYND11/DNAJC2/YEATS2/MTF2/CDYL2/RAD18/ABRAXAS1/KDM7A"
"GOMF_RIBONUCLEASE_P_ACTIVITY","GOMF_RIBONUCLEASE_P_ACTIVITY",10,-0.726089941674892,-1.34977211257314,0.147286821705426,0.665109034267913,0.655025414002295,2931,"tags=60%, list=17%, signal=50%","POP4/RPP14/POP7/RPP40/RPP30/POP1"
"GOMF_MHC_CLASS_I_PROTEIN_BINDING","GOMF_MHC_CLASS_I_PROTEIN_BINDING",14,0.699939487177372,1.34791767602351,0.1440329218107,0.665109034267913,0.655025414002295,750,"tags=14%, list=4%, signal=14%","HLA-E/TAPBP"
"GOMF_TRNA_SPECIFIC_RIBONUCLEASE_ACTIVITY","GOMF_TRNA_SPECIFIC_RIBONUCLEASE_ACTIVITY",13,-0.702426098086681,-1.34758724151578,0.139805825242718,0.665109034267913,0.655025414002295,2931,"tags=46%, list=17%, signal=38%","POP4/RPP14/POP7/RPP40/RPP30/POP1"
"GOMF_PROTEIN_TRANSMEMBRANE_TRANSPORTER_ACTIVITY","GOMF_PROTEIN_TRANSMEMBRANE_TRANSPORTER_ACTIVITY",21,-0.641042851346491,-1.33939455897899,0.147058823529412,0.665109034267913,0.655025414002295,2483,"tags=33%, list=15%, signal=28%","TOMM40L/ABCA1/SEC63/TOMM20/TOMM22/TIMM17A/MCL1"
"GOMF_MOLECULAR_FUNCTION_ACTIVATOR_ACTIVITY","GOMF_MOLECULAR_FUNCTION_ACTIVATOR_ACTIVITY",26,-0.613949532134976,-1.33896195036334,0.143953934740883,0.665109034267913,0.655025414002295,2761,"tags=27%, list=16%, signal=23%","TOR1AIP2/DNAJC7/TOR1AIP1/DNAJA1/ATP1B1/ATP1B3/DNAJC2"
"GOMF_14_3_3_PROTEIN_BINDING","GOMF_14_3_3_PROTEIN_BINDING",28,0.621024240698582,1.33699947666965,0.138492871690428,0.665109034267913,0.655025414002295,2839,"tags=29%, list=17%, signal=24%","HLA-F/DDIT4/KSR1/KIF13B/SIK1/BAD/KLHL22/RPTOR"
"GOMF_PHOSPHATIDYLINOSITOL_3_PHOSPHATE_BINDING","GOMF_PHOSPHATIDYLINOSITOL_3_PHOSPHATE_BINDING",37,0.594399770120587,1.33420045356778,0.159509202453988,0.665109034267913,0.655025414002295,1440,"tags=16%, list=8%, signal=15%","SH3PXD2A/ZFYVE28/PLEKHF1/WIPI1/PLEKHA5/LANCL2"
"GOMF_NUCLEAR_RECEPTOR_ACTIVITY","GOMF_NUCLEAR_RECEPTOR_ACTIVITY",41,0.588990646493731,1.33198237257834,0.155925155925156,0.665109034267913,0.655025414002295,552,"tags=17%, list=3%, signal=17%","AHRR/PPARA/RORA/RARB/NR3C1/NR1D1/STAT3"
"GOMF_CYTOKINE_RECEPTOR_ACTIVITY","GOMF_CYTOKINE_RECEPTOR_ACTIVITY",38,0.590517060745949,1.33109556753385,0.161554192229039,0.665109034267913,0.655025414002295,1056,"tags=16%, list=6%, signal=15%","CD74/IL1RAP/IL10RB/IL11RA/GHR/IL22RA1"
"GOMF_ATPASE_ACTIVATOR_ACTIVITY","GOMF_ATPASE_ACTIVATOR_ACTIVITY",22,-0.631356958942849,-1.32851627446207,0.141732283464567,0.665109034267913,0.655025414002295,2761,"tags=32%, list=16%, signal=27%","TOR1AIP2/DNAJC7/TOR1AIP1/DNAJA1/ATP1B1/ATP1B3/DNAJC2"
"GOMF_ACTIN_MONOMER_BINDING","GOMF_ACTIN_MONOMER_BINDING",19,-0.652742395080941,-1.32743913738703,0.16,0.665109034267913,0.655025414002295,3365,"tags=53%, list=20%, signal=42%","COBLL1/TMSB4X/MTSS1/TMSB15A/ABL2/TWF1/ABITRAM/COBL/TMSB15B/TMSB10"
"GOMF_PHOSPHATIDYLGLYCEROL_BINDING","GOMF_PHOSPHATIDYLGLYCEROL_BINDING",12,-0.694253429292148,-1.32497333444876,0.155206286836935,0.665109034267913,0.655025414002295,394,"tags=25%, list=2%, signal=24%","MME/ATP8B1/PLTP"
"GOMF_TYPE_I_TRANSFORMING_GROWTH_FACTOR_BETA_RECEPTOR_BINDING","GOMF_TYPE_I_TRANSFORMING_GROWTH_FACTOR_BETA_RECEPTOR_BINDING",10,0.727260399986832,1.32460930230092,0.160493827160494,0.665109034267913,0.655025414002295,1309,"tags=40%, list=8%, signal=37%","TGFB1/TGFB3/SMAD2/TGFBR2"
"GOMF_SYNTAXIN_1_BINDING","GOMF_SYNTAXIN_1_BINDING",16,-0.672109787456976,-1.32014524341528,0.163424124513619,0.665109034267913,0.655025414002295,633,"tags=25%, list=4%, signal=24%","VAMP3/SYT1/SYBU/DAPK1"
"GOMF_RETINOIC_ACID_BINDING","GOMF_RETINOIC_ACID_BINDING",10,-0.709838580422856,-1.31956148307626,0.166666666666667,0.665109034267913,0.655025414002295,2685,"tags=40%, list=16%, signal=34%","FABP5/CYP27C1/IGF2R/NR2F2"
"GOMF_ENDOPEPTIDASE_ACTIVATOR_ACTIVITY","GOMF_ENDOPEPTIDASE_ACTIVATOR_ACTIVITY",10,0.722525009401085,1.31598441028147,0.166666666666667,0.665109034267913,0.655025414002295,204,"tags=20%, list=1%, signal=20%","PSME2/PSME1"
"GOMF_PEPTIDASE_ACTIVATOR_ACTIVITY","GOMF_PEPTIDASE_ACTIVATOR_ACTIVITY",34,0.591362760439318,1.3154853654063,0.151639344262295,0.665109034267913,0.655025414002295,294,"tags=9%, list=2%, signal=9%","PSME2/PSME1/APP"
"GOMF_HYDROLASE_ACTIVITY_ACTING_ON_CARBON_NITROGEN_BUT_NOT_PEPTIDE_BONDS_IN_CYCLIC_AMIDINES","GOMF_HYDROLASE_ACTIVITY_ACTING_ON_CARBON_NITROGEN_BUT_NOT_PEPTIDE_BONDS_IN_CYCLIC_AMIDINES",23,0.629395895368701,1.31357672233433,0.161490683229814,0.665109034267913,0.655025414002295,926,"tags=17%, list=5%, signal=16%","ADARB1/ADA/LACC1/AMPD2"
"GOMF_TRANSCRIPTION_COREPRESSOR_BINDING","GOMF_TRANSCRIPTION_COREPRESSOR_BINDING",41,0.580830487975133,1.31352845082436,0.166320166320166,0.665109034267913,0.655025414002295,1599,"tags=22%, list=9%, signal=20%","HES1/RORA/RUNX3/PER1/NR1D1/ELOB/HDAC1/PER2/USP11"
"GOMF_INSULIN_RECEPTOR_BINDING","GOMF_INSULIN_RECEPTOR_BINDING",18,0.657633349771994,1.3125711047675,0.15587044534413,0.665109034267913,0.655025414002295,413,"tags=17%, list=2%, signal=16%","IGF1R/SORBS1/SNX1"
"GOMF_PHOSPHATIDYLINOSITOL_3_KINASE_BINDING","GOMF_PHOSPHATIDYLINOSITOL_3_KINASE_BINDING",23,0.626936553733483,1.30844396893053,0.165631469979296,0.665109034267913,0.655025414002295,2069,"tags=30%, list=12%, signal=27%","IGF1R/INSR/CALM3/BECN1/GSN/PIK3IP1/PDGFRB"
"GOMF_DISORDERED_DOMAIN_SPECIFIC_BINDING","GOMF_DISORDERED_DOMAIN_SPECIFIC_BINDING",32,-0.585655896415809,-1.30503233518326,0.140625,0.665109034267913,0.655025414002295,1491,"tags=16%, list=9%, signal=14%","CALM1/HSPA2/EZR/HSP90AB1/HSPA1A"
"GOMF_AMINO_ACID_TRANSMEMBRANE_TRANSPORTER_ACTIVITY","GOMF_AMINO_ACID_TRANSMEMBRANE_TRANSPORTER_ACTIVITY",47,0.57452195345081,1.30148572066042,0.15702479338843,0.665109034267913,0.655025414002295,1521,"tags=23%, list=9%, signal=21%","MFSD12/SLC6A6/SLC7A5/SERINC5/SLC7A11/SLC3A2/SLC43A2/SLC38A10/SLC25A22/SLC1A3/SFXN3"
"GOMF_PHOSPHATIDYLINOSITOL_4_PHOSPHATE_BINDING","GOMF_PHOSPHATIDYLINOSITOL_4_PHOSPHATE_BINDING",24,0.617807810466959,1.29808570937107,0.158004158004158,0.665109034267913,0.655025414002295,1440,"tags=21%, list=8%, signal=19%","SH3PXD2A/PLEKHF1/PLEKHA5/OSBPL5/LANCL2"
"GOMF_POTASSIUM_ION_TRANSMEMBRANE_TRANSPORTER_ACTIVITY","GOMF_POTASSIUM_ION_TRANSMEMBRANE_TRANSPORTER_ACTIVITY",61,0.5534148838759,1.29088674589876,0.150300601202405,0.665109034267913,0.655025414002295,1491,"tags=25%, list=9%, signal=23%","KCND1/SLC9A7/SNAP25/GRIK2/KCNIP3/SLC12A8/HCN1/SLC9A5/KCNN4/KCNAB3/ATP1A1/KCNMA1/PKD2/SLC12A6/KCNH8"
"GOMF_ANTIOXIDANT_ACTIVITY","GOMF_ANTIOXIDANT_ACTIVITY",52,0.558147376136034,1.28565445514419,0.165656565656566,0.665109034267913,0.655025414002295,433,"tags=12%, list=3%, signal=11%","PTGES/TP53INP1/NQO1/CAT/PTGS2/ALOX5AP"
"GOMF_PROTEIN_TYROSINE_KINASE_BINDING","GOMF_PROTEIN_TYROSINE_KINASE_BINDING",74,0.530588303630238,1.2832519976641,0.151162790697674,0.665109034267913,0.655025414002295,2430,"tags=24%, list=14%, signal=21%","SHC4/NCK2/ACVR1/PITPNM3/SH2B1/TOB1/PITPNM2/FLT3LG/LRP4/GAS6/NEDD9/NOX4/PLCG2/ITGB1/GDNF/SOCS5/NRG3/TRADD"
"GOMF_SNORNA_BINDING","GOMF_SNORNA_BINDING",32,-0.575578603414248,-1.28257683990243,0.16015625,0.665109034267913,0.655025414002295,2297,"tags=53%, list=14%, signal=46%","NOP56/RRP9/TSR1/DHX37/NOLC1/BYSL/GAR1/DKC1/NOP14/PRKDC/DDX21/NOP58/NUDT5/BMS1/HEATR1/NUDT4/UTP25"
"GOMF_HYDROLASE_ACTIVITY_HYDROLYZING_O_GLYCOSYL_COMPOUNDS","GOMF_HYDROLASE_ACTIVITY_HYDROLYZING_O_GLYCOSYL_COMPOUNDS",64,0.54553658543778,1.28231548261927,0.149105367793241,0.665109034267913,0.655025414002295,2287,"tags=28%, list=13%, signal=24%","FUCA1/CEMIP2/MAN2B1/GAA/MAN2A2/MAN2B2/AGL/HEXD/ENGASE/IDUA/MAN1A2/LCTL/MAN2C1/NAGLU/MOGS/GLB1L/PGGHG/GANAB"
"GOMF_SYNTAXIN_BINDING","GOMF_SYNTAXIN_BINDING",50,-0.531423930751674,-1.27225132824363,0.161165048543689,0.665109034267913,0.655025414002295,633,"tags=10%, list=4%, signal=10%","VAMP3/SYT1/TXLNG/SYBU/DAPK1"
"GOMF_HISTONE_METHYLTRANSFERASE_ACTIVITY","GOMF_HISTONE_METHYLTRANSFERASE_ACTIVITY",52,-0.530062241372824,-1.26712491801668,0.159763313609467,0.665109034267913,0.655025414002295,1036,"tags=31%, list=6%, signal=29%","CARM1/SUZ12/SMYD3/NTMT1/EZH2/SETD1B/SMYD2/WDR5/PRDM6/SETD2/ASH1L/RBBP5/SUV39H2/KMT5A/NSD2/SETD7"
"GOMF_LIGAND_GATED_ION_CHANNEL_ACTIVITY","GOMF_LIGAND_GATED_ION_CHANNEL_ACTIVITY",58,-0.522095894958718,-1.26519461001968,0.151574803149606,0.665109034267913,0.655025414002295,859,"tags=17%, list=5%, signal=16%","MCOLN2/GLRB/RYR2/ANXA6/KCNJ8/GABRA6/GRIN2B/MCOLN3/ABCC9/GABRB2"
"GOMF_TRANSLATION_FACTOR_ACTIVITY_RNA_BINDING","GOMF_TRANSLATION_FACTOR_ACTIVITY_RNA_BINDING",82,-0.494149298078788,-1.25847405631138,0.144628099173554,0.665109034267913,0.655025414002295,2863,"tags=26%, list=17%, signal=21%","EIF2B1/MTRF1L/ETF1/HBS1L/TSFM/EIF2S1/EIF2S2/EIF1AX/EIF2B3/GTPBP1/EIF4B/EIF5B/EIF3A/EIF3J/EIF3M/EFL1/EIF4G2/GSPT1/EIF4A2/EIF3D/CPEB1"
"GOMF_RNA_POLYMERASE_CORE_ENZYME_BINDING","GOMF_RNA_POLYMERASE_CORE_ENZYME_BINDING",42,-0.539109656477496,-1.25840301022272,0.163461538461538,0.665109034267913,0.655025414002295,1741,"tags=29%, list=10%, signal=26%","SMYD3/RPRD1A/URI1/PCF11/SMYD2/ERBB2/WDR43/WAC/CDC73/DHX9/HNRNPU/RPRD2"
"GOMF_PROTEIN_N_TERMINUS_BINDING","GOMF_PROTEIN_N_TERMINUS_BINDING",96,-0.476626757084642,-1.24528536517561,0.141350210970464,0.665109034267913,0.655025414002295,2505,"tags=21%, list=15%, signal=18%","TDRD7/PDCD10/BIRC2/ZWINT/SMARCC1/SLC9A3R1/HAX1/MAP2K1/ID1/PARP1/CALM1/ALG2/PPP1CC/APTX/TERT/GTF2H3/PEX19/LRP8/KLHL13/HSPA1A"
"GOMF_ANION_TRANSMEMBRANE_TRANSPORTER_ACTIVITY","GOMF_ANION_TRANSMEMBRANE_TRANSPORTER_ACTIVITY",191,0.449686794383465,1.21568723562899,0.160583941605839,0.665109034267913,0.655025414002295,1015,"tags=12%, list=6%, signal=11%","MFSD12/SLC26A2/SLC9A7/SLC2A1/TTYH2/TTYH3/SLC37A1/SLC6A6/SLC2A3/ANKH/SLC7A5/SERINC5/SLC7A11/SLC12A8/SLCO5A1/SLC9A5/CLCN3/SLC27A1/SLC3A2/GABRG3/SLC4A4/SLC25A42/SLC35B2"
"GOMF_TRANSFERASE_ACTIVITY_TRANSFERRING_ONE_CARBON_GROUPS","GOMF_TRANSFERASE_ACTIVITY_TRANSFERRING_ONE_CARBON_GROUPS",197,-0.412767050070109,-1.1936334420792,0.146288209606987,0.665109034267913,0.655025414002295,3605,"tags=23%, list=21%, signal=18%","CARM1/TYW3/PRDM1/TFB2M/SUZ12/RNMT/METTL14/CARNMT1/SMYD3/ATIC/NSUN4/NTMT1/FAM98A/CAD/TRMT2B/EZH2/TRMT1/METTL8/SETD1B/ARMT1/TFB1M/SMYD2/PCMT1/WDR5/PRDM4/PRDM6/TRMT10C/NDUFAF5/PRDM8/METTL1/ATPSCKMT/NSUN2/SETD2/ASH1L/LCMT2/RBBP5/TRDMT1/SUV39H2/DPH5/MGMT/KMT5A/ALDH1L2/NSD2/SETD7/SHMT2"
"GOMF_GTPASE_BINDING","GOMF_GTPASE_BINDING",275,-0.383131899534264,-1.15096256656976,0.161147902869757,0.665109034267913,0.655025414002295,1993,"tags=20%, list=12%, signal=18%","XPO6/BIN1/RAB29/IQGAP1/ATG14/ARHGEF2/DENND10/ECT2/RANGAP1/AFDN/SYTL3/IPO11/HPS4/TNPO1/DIAPH1/DAAM2/MYO5B/FLNA/GNB1/OPTN/ARHGDIB/DIAPH3/RABGGTB/CLTA/ANKRD27/RAP1A/RUSC2/RANBP1/GDI2/RHOBTB3/CORO1C/USP6NL/GCC2/EHD1/C9orf72/YBX1/CSE1L/RAB3GAP2/RAB3IP/EPRS1/IARS1/RNF41/BICD2/XPO5/SYTL4/IPO9/XPOT/RNF152/CYRIA/KNTC1/CHML/RRAGD/DOCK11/ERRFI1"
"GOMF_DOUBLE_STRANDED_RNA_BINDING","GOMF_DOUBLE_STRANDED_RNA_BINDING",64,-0.508911916550631,-1.24715377813139,0.168336673346693,0.665553328879982,0.655462972729084,2148,"tags=36%, list=13%, signal=32%","DHX33/SUPV3L1/DDX58/NLRP1/DHX15/DDX21/EIF4B/DDX1/MSN/ELAVL1/STRBP/OAS1/APTX/ADAR/DHX9/VIM/HSP90AB1/LRRFIP1/ILF2/HNRNPU/TUBA1B/RFTN1/TUBB4B"
"GOMF_CYSTEINE_TYPE_ENDOPEPTIDASE_ACTIVITY","GOMF_CYSTEINE_TYPE_ENDOPEPTIDASE_ACTIVITY",80,-0.486140513880452,-1.23041079814207,0.16804979253112,0.665553328879982,0.655462972729084,2092,"tags=22%, list=12%, signal=20%","CTSC/CASP10/USP40/CFLAR/PIGK/CASP6/CTSH/USP15/USP14/USP36/CAPN5/CTSL/USP1/CASP2/CTSS/CASP4/CAPN2/UCHL1"
"GOMF_HELICASE_ACTIVITY","GOMF_HELICASE_ACTIVITY",146,-0.419684396455723,-1.17589384970147,0.170526315789474,0.671103565365025,0.660929062894928,3113,"tags=27%, list=18%, signal=23%","DICER1/RUVBL1/FANCM/DDX54/HLTF/ZNFX1/MCM5/BTAF1/DDX20/DHX57/RAD50/DDX18/G3BP1/DDX55/DDX3X/DDX23/DHX33/SUPV3L1/CHD1L/DDX58/DDX52/DHX15/DDX21/BRIP1/DDX1/DHX35/CHD6/EP400/DDX5/ZGRF1/EIF4A2/CHD1/DHX9/RFC5/DDX24/POLQ/ERCC6L/DDX31/SMARCA2/SLFN11"
"GOMF_MODIFIED_AMINO_ACID_TRANSMEMBRANE_TRANSPORTER_ACTIVITY","GOMF_MODIFIED_AMINO_ACID_TRANSMEMBRANE_TRANSPORTER_ACTIVITY",17,-0.655421475972924,-1.3094274988223,0.17953667953668,0.672349667435863,0.662156272995506,1270,"tags=41%, list=7%, signal=38%","CTNS/ABCC1/SLC1A4/SLC19A2/SLC46A1/SLC25A32/GJA1"
"GOMF_GLUCURONOSYLTRANSFERASE_ACTIVITY","GOMF_GLUCURONOSYLTRANSFERASE_ACTIVITY",11,0.707258947894272,1.30720741396079,0.183299389002037,0.672349667435863,0.662156272995506,2424,"tags=45%, list=14%, signal=39%","B4GAT1/B3GAT3/EXT1/CHPF/LARGE1"
"GOMF_HISTONE_ACETYLTRANSFERASE_BINDING","GOMF_HISTONE_ACETYLTRANSFERASE_BINDING",21,0.635618457004131,1.30508859645237,0.180894308943089,0.672349667435863,0.662156272995506,895,"tags=10%, list=5%, signal=9%","EGR1/BCAS3"
"GOMF_PRENYLTRANSFERASE_ACTIVITY","GOMF_PRENYLTRANSFERASE_ACTIVITY",17,-0.652720510336841,-1.30403140057573,0.183397683397683,0.672349667435863,0.662156272995506,268,"tags=24%, list=2%, signal=23%","RABGGTB/PDSS1/FDFT1/FDPS"
"GOMF_VASCULAR_ENDOTHELIAL_GROWTH_FACTOR_RECEPTOR_BINDING","GOMF_VASCULAR_ENDOTHELIAL_GROWTH_FACTOR_RECEPTOR_BINDING",12,0.69036273719851,1.29895847970407,0.182555780933063,0.672349667435863,0.662156272995506,698,"tags=17%, list=4%, signal=16%","VEGFA/VEGFB"
"GOMF_EXTRACELLULAR_MATRIX_BINDING","GOMF_EXTRACELLULAR_MATRIX_BINDING",39,0.572822467597627,1.29845347902313,0.178137651821862,0.672349667435863,0.662156272995506,629,"tags=26%, list=4%, signal=25%","SMOC1/DAG1/VEGFA/DMBT1/SSC5D/THBS1/SLIT2/TINAGL1/OLFML2B/SPARC"
"GOMF_EXTRACELLULAR_LIGAND_GATED_ION_CHANNEL_ACTIVITY","GOMF_EXTRACELLULAR_LIGAND_GATED_ION_CHANNEL_ACTIVITY",26,-0.593956351443996,-1.29535884162104,0.18042226487524,0.672349667435863,0.662156272995506,777,"tags=19%, list=5%, signal=18%","GABRQ/GLRB/GABRA6/GRIN2B/GABRB2"
"GOMF_GLUTATHIONE_PEROXIDASE_ACTIVITY","GOMF_GLUTATHIONE_PEROXIDASE_ACTIVITY",15,0.667132107772244,1.29402230593567,0.188911704312115,0.672349667435863,0.662156272995506,433,"tags=13%, list=3%, signal=13%","PTGES/ALOX5AP"
"GOMF_ADENYL_NUCLEOTIDE_EXCHANGE_FACTOR_ACTIVITY","GOMF_ADENYL_NUCLEOTIDE_EXCHANGE_FACTOR_ACTIVITY",11,-0.683344433626868,-1.2935034062436,0.176125244618395,0.672349667435863,0.662156272995506,1433,"tags=45%, list=8%, signal=42%","BAG2/BAG5/GRPEL2/GRPEL1/BAG1"
"GOMF_ISOPRENOID_BINDING","GOMF_ISOPRENOID_BINDING",15,-0.664997477516055,-1.29265743779793,0.192233009708738,0.672349667435863,0.662156272995506,3130,"tags=33%, list=18%, signal=27%","RBP1/FABP5/CYP27C1/IGF2R/NR2F2"
"GOMF_GTPASE_ACTIVATING_PROTEIN_BINDING","GOMF_GTPASE_ACTIVATING_PROTEIN_BINDING",14,0.669897079214505,1.29006311364304,0.191358024691358,0.672349667435863,0.662156272995506,1488,"tags=43%, list=9%, signal=39%","NKIRAS2/ARL3/PLCD1/RGS14/PLXNB1/ARHGAP35"
"GOMF_MICROTUBULE_MINUS_END_BINDING","GOMF_MICROTUBULE_MINUS_END_BINDING",13,-0.672278724346152,-1.28975024438739,0.190291262135922,0.672349667435863,0.662156272995506,2648,"tags=38%, list=16%, signal=32%","NIN/MACF1/CEP290/CAMSAP2/CAMSAP1"
"GOMF_MUSCLE_ALPHA_ACTININ_BINDING","GOMF_MUSCLE_ALPHA_ACTININ_BINDING",11,-0.681288460061461,-1.28961165169182,0.176125244618395,0.672349667435863,0.662156272995506,878,"tags=18%, list=5%, signal=17%","TTN/PALLD"
"GOMF_SINGLE_STRANDED_DNA_HELICASE_ACTIVITY","GOMF_SINGLE_STRANDED_DNA_HELICASE_ACTIVITY",23,-0.600902992301696,-1.28662954537368,0.183044315992293,0.672349667435863,0.662156272995506,784,"tags=35%, list=5%, signal=33%","DNA2/RAD51/MCM8/RFC4/MCM5/DHX9/RFC5/POLQ"
"GOMF_POLYNUCLEOTIDE_ADENYLYLTRANSFERASE_ACTIVITY","GOMF_POLYNUCLEOTIDE_ADENYLYLTRANSFERASE_ACTIVITY",12,-0.673067191699175,-1.28453968488565,0.18467583497053,0.672349667435863,0.662156272995506,2477,"tags=50%, list=15%, signal=43%","TENT5A/TENT4B/MTPAP/TENT5D/PAPOLA/TENT4A"
"GOMF_SODIUM_CHANNEL_ACTIVITY","GOMF_SODIUM_CHANNEL_ACTIVITY",21,0.624300616783716,1.28185015199663,0.199186991869919,0.672349667435863,0.662156272995506,1407,"tags=38%, list=8%, signal=35%","TRPM4/GRIK2/TPCN2/HCN1/SHROOM2/ASIC1/ASIC2/PKD2"
"GOMF_WNT_PROTEIN_BINDING","GOMF_WNT_PROTEIN_BINDING",23,-0.598648260861865,-1.28180180424985,0.188824662813102,0.672349667435863,0.662156272995506,816,"tags=17%, list=5%, signal=17%","WLS/FZD4/FRZB/TRABD2A"
"GOMF_POLY_PYRIMIDINE_TRACT_BINDING","GOMF_POLY_PYRIMIDINE_TRACT_BINDING",26,-0.586952476974046,-1.28008409845482,0.190019193857965,0.672349667435863,0.662156272995506,2628,"tags=42%, list=16%, signal=36%","HNRNPC/PNPT1/SSB/PTBP1/KHDRBS2/RBMS2/FMR1/DAZAP1/HNRNPH1/PABPC4/HNRNPU"
"GOMF_HISTONE_KINASE_ACTIVITY","GOMF_HISTONE_KINASE_ACTIVITY",15,-0.657051261411078,-1.27721116063487,0.203883495145631,0.672349667435863,0.662156272995506,4379,"tags=73%, list=26%, signal=54%","CDK1/PKN1/HASPIN/AURKB/CHEK1/AURKA/BAZ1B/VRK1/DCAF1/CDK2/PRKAA2"
"GOMF_SIGNALING_RECEPTOR_INHIBITOR_ACTIVITY","GOMF_SIGNALING_RECEPTOR_INHIBITOR_ACTIVITY",13,0.668835163343693,1.27625992025785,0.207392197125257,0.672349667435863,0.662156272995506,30,"tags=8%, list=0%, signal=8%","LYPD1"
"GOMF_MYOSIN_V_BINDING","GOMF_MYOSIN_V_BINDING",13,0.668816249564301,1.27622382930465,0.207392197125257,0.672349667435863,0.662156272995506,1391,"tags=23%, list=8%, signal=21%","RAB3D/RAB6B/RAB11B"
"GOMF_RNA_STEM_LOOP_BINDING","GOMF_RNA_STEM_LOOP_BINDING",15,-0.655945711921942,-1.27506213478394,0.205825242718447,0.672349667435863,0.662156272995506,2751,"tags=53%, list=16%, signal=45%","CSDE1/DDX3X/ZC3H12A/FMR1/DAZAP1/DHX9/EPRS1/MYH10"
"GOMF_CALCIUM_DEPENDENT_PROTEIN_KINASE_ACTIVITY","GOMF_CALCIUM_DEPENDENT_PROTEIN_KINASE_ACTIVITY",20,-0.616554326477097,-1.27491115813417,0.193798449612403,0.672349667435863,0.662156272995506,913,"tags=15%, list=5%, signal=14%","PRKCD/MAPKAPK5/MAPKAPK2"
"GOMF_PROTEASOME_BINDING","GOMF_PROTEASOME_BINDING",17,-0.63797122032191,-1.27456467322294,0.196911196911197,0.672349667435863,0.662156272995506,1797,"tags=41%, list=11%, signal=37%","ZFAND1/SACS/ID1/RAD23B/USP14/ECPAS/UCHL5"
"GOMF_NEUROTRANSMITTER_RECEPTOR_ACTIVITY_INVOLVED_IN_REGULATION_OF_POSTSYNAPTIC_MEMBRANE_POTENTIAL","GOMF_NEUROTRANSMITTER_RECEPTOR_ACTIVITY_INVOLVED_IN_REGULATION_OF_POSTSYNAPTIC_MEMBRANE_POTENTIAL",18,-0.629249854218252,-1.26992504443242,0.206692913385827,0.672349667435863,0.662156272995506,777,"tags=17%, list=5%, signal=16%","GLRB/GABRA6/GABRB2"
"GOMF_JUN_KINASE_KINASE_KINASE_ACTIVITY","GOMF_JUN_KINASE_KINASE_KINASE_ACTIVITY",12,0.674901813501486,1.26986783378971,0.210953346855984,0.672349667435863,0.662156272995506,2261,"tags=42%, list=13%, signal=36%","MAP3K9/MAP3K10/RIPK1/MAP3K12/RIPK2"
"GOMF_CALCIUM_DEPENDENT_CYSTEINE_TYPE_ENDOPEPTIDASE_ACTIVITY","GOMF_CALCIUM_DEPENDENT_CYSTEINE_TYPE_ENDOPEPTIDASE_ACTIVITY",10,-0.682295525296015,-1.26836004703995,0.197674418604651,0.672349667435863,0.662156272995506,1152,"tags=30%, list=7%, signal=28%","CAPN7/CAPN5/CAPN2"
"GOMF_PHOSPHATIDYLINOSITOL_3_4_BISPHOSPHATE_BINDING","GOMF_PHOSPHATIDYLINOSITOL_3_4_BISPHOSPHATE_BINDING",18,0.635089520915176,1.26757585268891,0.196356275303644,0.672349667435863,0.662156272995506,1182,"tags=11%, list=7%, signal=10%","SH3PXD2A/PLEKHA1"
"GOMF_ACYL_COA_DEHYDROGENASE_ACTIVITY","GOMF_ACYL_COA_DEHYDROGENASE_ACTIVITY",12,0.673423913253328,1.26708707672381,0.212981744421907,0.672349667435863,0.662156272995506,2301,"tags=50%, list=14%, signal=43%","ACADSB/IVD/ACADVL/ACAD11/ACAD10/ACAD9"
"GOMF_TAU_PROTEIN_KINASE_ACTIVITY","GOMF_TAU_PROTEIN_KINASE_ACTIVITY",21,0.616572018462204,1.26598134670185,0.209349593495935,0.672349667435863,0.662156272995506,3406,"tags=43%, list=20%, signal=34%","BRSK1/DYRK1A/BRSK2/CSNK1D/TAOK2/ROCK2/TTBK2/MARK4/CDK5"
"GOMF_HORMONE_BINDING","GOMF_HORMONE_BINDING",41,0.559645245971665,1.26561874448962,0.189189189189189,0.672349667435863,0.662156272995506,1351,"tags=29%, list=8%, signal=27%","IGF1R/ALDH1A3/ACVR1/CALR/NR3C1/INSR/GIPR/ABHD2/GHR/GPER1/ATP1A1/UCN2"
"GOMF_LIPASE_INHIBITOR_ACTIVITY","GOMF_LIPASE_INHIBITOR_ACTIVITY",10,-0.679690588265669,-1.26351757346091,0.205426356589147,0.672349667435863,0.662156272995506,1500,"tags=30%, list=9%, signal=27%","ANXA1/ANXA5/ANXA3"
"GOMF_UDP_XYLOSYLTRANSFERASE_ACTIVITY","GOMF_UDP_XYLOSYLTRANSFERASE_ACTIVITY",10,0.69160122116398,1.25966079144839,0.211934156378601,0.672349667435863,0.662156272995506,1235,"tags=40%, list=7%, signal=37%","GXYLT2/XXYLT1/POGLUT1/POGLUT2"
"GOMF_WIDE_PORE_CHANNEL_ACTIVITY","GOMF_WIDE_PORE_CHANNEL_ACTIVITY",13,-0.653929039638788,-1.25454682431966,0.213592233009709,0.672349667435863,0.662156272995506,2483,"tags=46%, list=15%, signal=39%","VDAC2/TOMM40L/GJC1/VDAC1/GJA3/GJA1"
"GOMF_PHOSPHATIDYLINOSITOL_3_KINASE_REGULATOR_ACTIVITY","GOMF_PHOSPHATIDYLINOSITOL_3_KINASE_REGULATOR_ACTIVITY",14,0.651199996417007,1.25405696046192,0.218106995884774,0.672349667435863,0.662156272995506,3183,"tags=29%, list=19%, signal=23%","SOCS7/SOCS5/AGAP2/PIK3R3"
"GOMF_INTRONIC_TRANSCRIPTION_REGULATORY_REGION_SEQUENCE_SPECIFIC_DNA_BINDING","GOMF_INTRONIC_TRANSCRIPTION_REGULATORY_REGION_SEQUENCE_SPECIFIC_DNA_BINDING",10,-0.674238103875969,-1.25338162342078,0.215116279069767,0.672349667435863,0.662156272995506,3310,"tags=40%, list=20%, signal=32%","SMYD3/VAX1/NKX2-1/ZC3H8"
"GOMF_OXIDOREDUCTASE_ACTIVITY_ACTING_ON_THE_ALDEHYDE_OR_OXO_GROUP_OF_DONORS_NAD_OR_NADP_AS_ACCEPTOR","GOMF_OXIDOREDUCTASE_ACTIVITY_ACTING_ON_THE_ALDEHYDE_OR_OXO_GROUP_OF_DONORS_NAD_OR_NADP_AS_ACCEPTOR",30,-0.569486776919774,-1.25288420368144,0.193737769080235,0.672349667435863,0.662156272995506,2253,"tags=43%, list=13%, signal=38%","ADH5/ALDH1A1/ALDH2/OGDH/DLAT/AKR1B1/HSD17B12/FAR1/ALDH1B1/ALDH9A1/PDHA1/ALDH1L2/FAR2"
"GOMF_DEMETHYLASE_ACTIVITY","GOMF_DEMETHYLASE_ACTIVITY",36,-0.555496074447547,-1.25275845736461,0.172211350293542,0.672349667435863,0.662156272995506,210,"tags=11%, list=1%, signal=11%","KDM2B/KDM1A/CYP51A1/KDM7A"
"GOMF_RIBOSOMAL_LARGE_SUBUNIT_BINDING","GOMF_RIBOSOMAL_LARGE_SUBUNIT_BINDING",13,-0.650962083615301,-1.248854791956,0.21747572815534,0.672349667435863,0.662156272995506,3846,"tags=46%, list=23%, signal=36%","MTRES1/NMD3/NPM1/DHX33/OLA1/CPSF6"
"GOMF_COPPER_ION_BINDING","GOMF_COPPER_ION_BINDING",41,0.552133199765814,1.24863050675146,0.205821205821206,0.672349667435863,0.662156272995506,2972,"tags=41%, list=18%, signal=34%","ATP7A/LOXL2/LACC1/SNCA/S100A13/PAM/AOC3/GPC1/AOC2/CUTA/IL1A/SOD1/ATP7B/SNCB/ANG/P2RX4/MOXD1"
"GOMF_ACID_THIOL_LIGASE_ACTIVITY","GOMF_ACID_THIOL_LIGASE_ACTIVITY",21,-0.595527833087802,-1.24429550642819,0.211764705882353,0.672349667435863,0.662156272995506,97,"tags=19%, list=1%, signal=19%","SLC27A6/ACSL4/ACSS3/AACS"
"GOMF_AMINOPEPTIDASE_ACTIVITY","GOMF_AMINOPEPTIDASE_ACTIVITY",36,0.554022867320813,1.24039172755972,0.205702647657841,0.672349667435863,0.662156272995506,2186,"tags=31%, list=13%, signal=27%","MMP16/MMP17/MMP14/DNPEP/LNPEP/RNPEPL1/JMJD7/ENPEP/DPP3/AOPEP/NPEPPS"
"GOMF_OXIDOREDUCTASE_ACTIVITY_ACTING_ON_THE_ALDEHYDE_OR_OXO_GROUP_OF_DONORS","GOMF_OXIDOREDUCTASE_ACTIVITY_ACTING_ON_THE_ALDEHYDE_OR_OXO_GROUP_OF_DONORS",35,-0.548045934638965,-1.23394779227391,0.191780821917808,0.672349667435863,0.662156272995506,2253,"tags=37%, list=13%, signal=32%","ALDH1A1/ALDH2/OGDH/DLAT/AKR1B1/HSD17B12/FAR1/ALDH1B1/AOX1/ALDH9A1/PDHA1/ALDH1L2/FAR2"
"GOMF_MACROMOLECULE_TRANSMEMBRANE_TRANSPORTER_ACTIVITY","GOMF_MACROMOLECULE_TRANSMEMBRANE_TRANSPORTER_ACTIVITY",24,-0.571743278692023,-1.23102848656015,0.218809980806142,0.672349667435863,0.662156272995506,2483,"tags=33%, list=15%, signal=28%","TOMM40L/ABCA1/SLC15A4/SEC63/TOMM20/TOMM22/TIMM17A/MCL1"
"GOMF_TRANSFERASE_ACTIVITY_TRANSFERRING_ALKYL_OR_ARYL_OTHER_THAN_METHYL_GROUPS","GOMF_TRANSFERASE_ACTIVITY_TRANSFERRING_ALKYL_OR_ARYL_OTHER_THAN_METHYL_GROUPS",49,0.540805098436964,1.23069733195,0.213552361396304,0.672349667435863,0.662156272995506,433,"tags=6%, list=3%, signal=6%","PTGES/COQ2/ALOX5AP"
"GOMF_METALLOAMINOPEPTIDASE_ACTIVITY","GOMF_METALLOAMINOPEPTIDASE_ACTIVITY",26,0.580125767947467,1.2291084788075,0.203742203742204,0.672349667435863,0.662156272995506,2186,"tags=35%, list=13%, signal=30%","MMP16/MMP17/MMP14/LNPEP/RNPEPL1/ENPEP/DPP3/AOPEP/NPEPPS"
"GOMF_VITAMIN_B6_BINDING","GOMF_VITAMIN_B6_BINDING",40,-0.531872222869824,-1.22884168940252,0.191860465116279,0.672349667435863,0.662156272995506,953,"tags=25%, list=6%, signal=24%","CBS/SPTLC1/MTARC1/AADAT/GOT2/GPT2/SCLY/MTARC2/PSAT1/SHMT2"
"GOMF_METHYLATED_HISTONE_BINDING","GOMF_METHYLATED_HISTONE_BINDING",74,-0.481720403861388,-1.20944946301993,0.185185185185185,0.672349667435863,0.662156272995506,1637,"tags=14%, list=10%, signal=12%","UHRF1/PWP1/FMR1/PYGO1/CHD1/RBBP5/ZMYND11/MTF2/CDYL2/KDM7A"
"GOMF_HYDROLASE_ACTIVITY_ACTING_ON_GLYCOSYL_BONDS","GOMF_HYDROLASE_ACTIVITY_ACTING_ON_GLYCOSYL_BONDS",104,0.475158966612774,1.20683626554057,0.203389830508475,0.672349667435863,0.662156272995506,2287,"tags=24%, list=13%, signal=21%","FUCA1/IL1RAP/CEMIP2/MAN2B1/GAA/CLN5/MAN2A2/CD38/MAN2B2/AGL/HEXD/ENGASE/TLR1/IDUA/TIRAP/MAN1A2/LCTL/MAN2C1/TLR4/NAGLU/MOGS/GLB1L/PGGHG/IL18R1/GANAB"
"GOMF_STRUCTURAL_CONSTITUENT_OF_CYTOSKELETON","GOMF_STRUCTURAL_CONSTITUENT_OF_CYTOSKELETON",66,0.507379990044504,1.20088385140952,0.208,0.672349667435863,0.662156272995506,376,"tags=6%, list=2%, signal=6%","HLA-DRB1/SORBS2/CTNNA2/KRT14"
"GOMF_UBIQUITIN_LIKE_PROTEIN_CONJUGATING_ENZYME_ACTIVITY","GOMF_UBIQUITIN_LIKE_PROTEIN_CONJUGATING_ENZYME_ACTIVITY",36,-0.530801286323334,-1.19706660624541,0.215264187866928,0.672349667435863,0.662156272995506,3465,"tags=50%, list=20%, signal=40%","UBE2G1/UBE2D1/UBE2Q1/UBE2R2/UBE2E1/UBE2Q2/UBE2D2/UBE2B/UBE2A/UBE2E2/UBE2F/UBE2NL/UBE2L3/UBE2J1/UBE2D3/UBE2I/UBE2N/UBE2T"
"GOMF_SULFUR_COMPOUND_BINDING","GOMF_SULFUR_COMPOUND_BINDING",169,0.445013049531958,1.19290422260544,0.181318681318681,0.672349667435863,0.662156272995506,891,"tags=11%, list=5%, signal=10%","PTGES/SMOC1/COL5A1/VEGFA/APLP1/NRP1/APP/SFRP1/THBS1/PTPRS/SLIT2/KMT5C/CCN5/SULT1A3/VEGFB/ACBD4/CCN4/KMT5B"
"GOMF_ELECTRON_TRANSFER_ACTIVITY","GOMF_ELECTRON_TRANSFER_ACTIVITY",108,0.463661613494009,1.18288940884435,0.204502814258912,0.672349667435863,0.662156272995506,1967,"tags=12%, list=12%, signal=11%","DHRS3/LOXL2/ETFB/NDUFB10/GFUS/P4HA2/NQO2/AOC2/NDUFA13/NDUFA1/UQCR11/NDUFA2/NOX4"
"GOMF_CYTOKINE_RECEPTOR_BINDING","GOMF_CYTOKINE_RECEPTOR_BINDING",133,0.445925617364231,1.17033104298239,0.218867924528302,0.672349667435863,0.662156272995506,1849,"tags=20%, list=11%, signal=18%","TGFB1/SMAD3/IL11/IL1RAP/VEGFA/CXCL5/TGFBR1/CD70/TGFB3/CSF1/TNFSF9/TRAF4/VEGFB/IL6/TRAF1/MADD/CLCF1/SMAD2/TGFBR2/PIDD1/TNFSF12/CCL28/LIFR/RIPK1/IL1A/ADAM17"
"GOMF_GLYCOSYLTRANSFERASE_ACTIVITY","GOMF_GLYCOSYLTRANSFERASE_ACTIVITY",202,0.425072434687768,1.15417715090466,0.205936920222635,0.672349667435863,0.662156272995506,1235,"tags=17%, list=7%, signal=16%","POMGNT2/ST3GAL4/GALNT10/B4GAT1/GXYLT2/TMTC2/MFNG/POFUT2/LFNG/HAS3/EXTL2/GLT8D1/LACC1/EXTL3/XXYLT1/ST3GAL5/PARP8/ALG12/GALNT2/B4GALNT1/POGLUT1/PARP4/B3GAT3/PARP16/MGAT1/PYGB/B4GALNT4/MGAT5B/GALNT16/GALNT12/AGL/EXT1/B3GALT1/POGLUT2"
"GOMF_TRANSCRIPTION_COREPRESSOR_ACTIVITY","GOMF_TRANSCRIPTION_COREPRESSOR_ACTIVITY",165,-0.405631071198194,-1.14591217075406,0.203056768558952,0.672349667435863,0.662156272995506,898,"tags=10%, list=5%, signal=10%","HMGA2/JAZF1/SIAH2/ZMYND11/TRIB3/PA2G4/AASS/KMT5A/CDYL2/HNRNPU/PAWR/SFMBT2/TLE1/TRIM22/HDGF/ANKRD1/HSPA1A"
"GOMF_MICROTUBULE_BINDING","GOMF_MICROTUBULE_BINDING",229,-0.387596436111556,-1.14090816279532,0.193406593406593,0.672349667435863,0.662156272995506,2014,"tags=19%, list=12%, signal=17%","CETN2/MAPRE1/ARHGEF2/RP1/KIF15/KIF23/RAE1/MAP7D3/CEP290/NDEL1/MAPRE2/STARD9/DRG1/STRBP/SBDS/SKA1/HAUS8/PLK1/KIF21B/KIF1C/HAUS6/CKAP5/RACGAP1/EZR/CAMSAP2/TPX2/FMR1/CEP295/KIF14/NAV3/CCDC181/KIF21A/ALMS1/MAP6/VASH2/CENPE/MAP1B/CAMSAP1/FGF13/CCDC88C/CENPF/ABRAXAS1/TRPV4/KIF5C"
"GOMF_DNA_BINDING_TRANSCRIPTION_ACTIVATOR_ACTIVITY","GOMF_DNA_BINDING_TRANSCRIPTION_ACTIVATOR_ACTIVITY",338,0.39668975906368,1.13575818539333,0.192170818505338,0.672349667435863,0.662156272995506,1604,"tags=17%, list=9%, signal=16%","EGR1/TFAP2A/SMAD3/PPARA/HOXA5/TFAP2C/TEF/NFATC2/ETV6/NR3C1/MEF2C/PBX2/GATA4/LITAF/CREB3L2/ZNF521/FOXJ2/RFX5/ZNF227/ATF6B/NHLH2/FOS/MEIS3/FOXO1/STAT3/CARF/RUNX2/EGR2/DBP/MAF/ZNF580/CSRNP1/HOXB7/STAT5B/HOXA7/HOXA1/SOX4/ZNF395/HLF/ZNF226/FOXF1/NFAT5/SMAD2/ZNF384/GTF2I/FOXO4/SIX5/IRF2/IRF3/GLIS1/EGR3/MEIS2/ZNF658B/RFXANK/ATF3/GABPA/USF3/NFIB/CREBRF"
"GOMF_CALCIUM_ION_BINDING","GOMF_CALCIUM_ION_BINDING",411,0.384113487959117,1.11652269132394,0.216312056737589,0.672349667435863,0.662156272995506,1796,"tags=21%, list=11%, signal=19%","PCDH1/HEG1/C1R/DGKG/LTBP4/MEGF8/CLSTN3/SPOCK1/TRPM4/SMOC1/LTBP3/LPCAT2/LOXL2/PCDHB2/CEMIP2/DAG1/MATN2/CALR/NOTCH2/NUCB1/HMCN1/PROS1/THBS1/CLSTN1/KCNIP3/SLIT2/PLCB1/BMP1/FAM20C/FLG/PITPNM3/LTBP1/PCDHA7/SNCA/ANXA4/PKD1L2/RAB11FIP3/SPARC/CRELD1/FKBP14/S100A13/PAM/FKBP10/PLCD4/PCDHGB7/PITPNM2/CDH19/SYT5/S100Z/P4HTM/SELENON/PLA2G4C/PLCD1/C1S/CALM3/CRELD2/NECAB3/PRKCSH/FAT4/ARSA/AOC3/HPCAL1/RAB11FIP4/HSPG2/MCTP2/JAG1/F12/PLA2G12A/GSN/BRAF/PKD2/LRP4/PCDHB8/CCDC47/CAPNS2/EHD3/MAN1A2/PGS1/CDH24/EGFL8/GAS6/ADGRE1/PLSCR4/AGRN/FKBP9"
"GOMF_ACTIN_BINDING","GOMF_ACTIN_BINDING",322,-0.367543310866212,-1.10989921381847,0.2,0.672349667435863,0.662156272995506,2195,"tags=22%, list=13%, signal=20%","FSCN1/NEXN/MACF1/COTL1/ABL2/FKBP15/HIP1R/SHROOM1/PPP1R9A/BIN1/IQGAP1/MYO7B/AFDN/TMEM201/NF2/MSN/MYLK/MARCKS/DIAPH1/NEB/CAPG/SHROOM3/EGFR/DAAM2/MYO5B/FLNA/SNTA1/CALD1/WDR1/PLEKHG3/DIAPH3/EPB41L3/ACTR3/CORO6/MYH15/NCALD/EZR/CORO1C/EPB41L2/MYO1D/VCL/TWF1/TTN/ABITRAM/COBL/TMSB15B/ACTN2/TPM4/ZNF185/FERMT2/VASH2/MYO1B/ANXA6/SPTAN1/SPIRE1/MAP1B/PHACTR1/LASP1/ABLIM1/MYO5C/HNRNPU/PAWR/CORO2B/ARPC5/YWHAH/MYH10/GBP1/TMSB10/ARPC5L/TRPV4/PALLD/TPM3"
"GOMF_CHROMATIN_BINDING","GOMF_CHROMATIN_BINDING",493,-0.348142556500029,-1.08973415946935,0.206088992974239,0.672349667435863,0.662156272995506,1867,"tags=19%, list=11%, signal=18%","BAHCC1/NAP1L4/ZNF431/NR5A2/LEMD3/HIRA/VAX1/L3MBTL1/NPM1/SP3/SMARCC1/ZIC2/SMC2/MEF2A/ATAD2/SARNP/ZNF143/HOXD13/BRIP1/DDX1/SMC4/TTF1/CDCA5/ZC3H12A/ZNF445/L3MBTL4/EXO1/SFMBT1/PYGO2/EGFR/SMARCD1/MLLT10/WAC/CEBPB/NUCKS1/TPR/H2AZ1/IKZF5/JUN/KLF4/EP400/PPARGC1A/REPIN1/HMGN5/CCNT1/TICRR/DDX5/ACTR6/NKX6-1/FMR1/NFIA/SUPT16H/ASH1L/SBNO1/SFPQ/YBX1/APTX/HMGA2/NAP1L1/CCNT2/ACTB/DHX9/UBE2T/REST/H3-3A/SCML1/ORC1/GLI2/RBMX/CDC45/POLQ/DNAJC2/RAN/PAX6/HDAC2/CGAS/DLX1/MTF2/SET/FOXA1/POLE3/SIX1/SMARCA2/HNRNPU/NOTCH1/SFMBT2/CENPF/NSD2/KDM1A/JDP2/PRKAA2/TOX3/AR/ATF4/SOX9/SHMT2"
"GOMF_PALMITOYLTRANSFERASE_ACTIVITY","GOMF_PALMITOYLTRANSFERASE_ACTIVITY",33,-0.547163448516344,-1.22411015382954,0.220502901353965,0.674944364717872,0.664711632453568,2029,"tags=21%, list=12%, signal=19%","ZDHHC3/ZDHHC17/SPTLC1/HHAT/ZDHHC15/ZDHHC6/GLUL"
"GOMF_SOLUTE_SODIUM_SYMPORTER_ACTIVITY","GOMF_SOLUTE_SODIUM_SYMPORTER_ACTIVITY",27,-0.561891053110628,-1.23391869517084,0.225,0.683807829181495,0.673440719235812,914,"tags=19%, list=5%, signal=18%","SLC38A2/SLC6A9/MFSD2A/SLC6A15/SLC38A1"
"GOMF_TRANSCRIPTION_COREGULATOR_BINDING","GOMF_TRANSCRIPTION_COREGULATOR_BINDING",98,0.466827584322537,1.17696165436057,0.224761904761905,0.683807829181495,0.673440719235812,1599,"tags=17%, list=9%, signal=16%","SMAD3/HES1/PPARA/RORA/RUNX3/PER1/NR1D1/VGLL4/FOS/CTNNB1/BAIAP2/AHR/ELOB/HDAC1/GATA6/PER2/USP11"
"GOMF_PROTEIN_LIPID_COMPLEX_BINDING","GOMF_PROTEIN_LIPID_COMPLEX_BINDING",14,-0.642839444367873,-1.23839774445716,0.226744186046512,0.686665017318159,0.67625458996328,647,"tags=36%, list=4%, signal=34%","SCARB1/LDLR/LRP8/PLTP/VLDLR"
"GOMF_PHOSPHATIDYLINOSITOL_PHOSPHATE_4_PHOSPHATASE_ACTIVITY","GOMF_PHOSPHATIDYLINOSITOL_PHOSPHATE_4_PHOSPHATASE_ACTIVITY",10,0.681306750404428,1.24091076500584,0.228395061728395,0.689220433625616,0.678771263979869,1574,"tags=30%, list=9%, signal=27%","INPP5F/PIP4P2/SYNJ1"
"GOMF_1_PHOSPHATIDYLINOSITOL_3_KINASE_REGULATOR_ACTIVITY","GOMF_1_PHOSPHATIDYLINOSITOL_3_KINASE_REGULATOR_ACTIVITY",11,0.668899425828428,1.23630855606757,0.234215885947047,0.689599483204134,0.679144566843465,224,"tags=9%, list=1%, signal=9%","SOCS7"
"GOMF_PHOSPHATIDIC_ACID_BINDING","GOMF_PHOSPHATIDIC_ACID_BINDING",19,-0.607229896024007,-1.23488337121686,0.238,0.689599483204134,0.679144566843465,631,"tags=21%, list=4%, signal=20%","MARK1/MAPKAP1/JPH2/PLTP"
"GOMF_CAMP_BINDING","GOMF_CAMP_BINDING",17,0.624184023185099,1.23321175491703,0.233471074380165,0.689599483204134,0.679144566843465,456,"tags=12%, list=3%, signal=11%","PDE4D/HCN1"
"GOMF_FERROUS_IRON_BINDING","GOMF_FERROUS_IRON_BINDING",20,0.603287562683922,1.22600189823345,0.236625514403292,0.689599483204134,0.679144566843465,2032,"tags=25%, list=12%, signal=22%","FECH/SNCA/TET2/FTO/FTL"
"GOMF_DNA_BINDING_BENDING","GOMF_DNA_BINDING_BENDING",15,-0.630648968928669,-1.22588898136919,0.236893203883495,0.689599483204134,0.679144566843465,3220,"tags=60%, list=19%, signal=49%","HHEX/FOXL1/FOXC1/FOXD4/HMGB2/LEF1/FOXD1/HMGA2/HMGB3"
"GOMF_MINUS_END_DIRECTED_MICROTUBULE_MOTOR_ACTIVITY","GOMF_MINUS_END_DIRECTED_MICROTUBULE_MOTOR_ACTIVITY",12,-0.641725356080747,-1.22472421304933,0.233791748526523,0.689599483204134,0.679144566843465,3075,"tags=50%, list=18%, signal=41%","DYNC1H1/KIFC3/DNAH2/DYNC2H1/DNAH5/DNAH14"
"GOMF_DICARBOXYLIC_ACID_TRANSMEMBRANE_TRANSPORTER_ACTIVITY","GOMF_DICARBOXYLIC_ACID_TRANSMEMBRANE_TRANSPORTER_ACTIVITY",20,0.602023213344882,1.22343248559249,0.236625514403292,0.689599483204134,0.679144566843465,1393,"tags=15%, list=8%, signal=14%","SLC26A2/SLC25A10/SLC25A22"
"GOMF_RACEMASE_AND_EPIMERASE_ACTIVITY","GOMF_RACEMASE_AND_EPIMERASE_ACTIVITY",14,0.634098258092567,1.22112306288858,0.238683127572016,0.689599483204134,0.679144566843465,2071,"tags=29%, list=12%, signal=25%","L3HYPDH/GFUS/GALE/YJEFN3"
"GOMF_SOLUTE_CATION_ANTIPORTER_ACTIVITY","GOMF_SOLUTE_CATION_ANTIPORTER_ACTIVITY",21,0.587519482944168,1.20632899962979,0.241869918699187,0.689599483204134,0.679144566843465,783,"tags=24%, list=5%, signal=23%","SLC9A7/SLC9A5/CLCN3/SLC3A2/SLC22A18"
"GOMF_MICROTUBULE_PLUS_END_BINDING","GOMF_MICROTUBULE_PLUS_END_BINDING",21,0.587062827708312,1.20539136867484,0.241869918699187,0.689599483204134,0.679144566843465,559,"tags=10%, list=3%, signal=9%","MAPRE3/CLASP1"
"GOMF_PROTEIN_DEMETHYLASE_ACTIVITY","GOMF_PROTEIN_DEMETHYLASE_ACTIVITY",27,-0.545865941202964,-1.19872737994059,0.240384615384615,0.689599483204134,0.679144566843465,210,"tags=11%, list=1%, signal=11%","KDM2B/KDM1A/KDM7A"
"GOMF_MAP_KINASE_KINASE_KINASE_ACTIVITY","GOMF_MAP_KINASE_KINASE_KINASE_ACTIVITY",26,0.564474665138628,1.19594859481701,0.234927234927235,0.689599483204134,0.679144566843465,2580,"tags=38%, list=15%, signal=33%","MAP3K9/MAP3K14/MAP3K15/MAP3K10/BRAF/TAOK2/RIPK1/MAP3K12/RIPK2/MAP3K6"
"GOMF_GALACTOSYLTRANSFERASE_ACTIVITY","GOMF_GALACTOSYLTRANSFERASE_ACTIVITY",22,-0.566455839783763,-1.19194980154631,0.242125984251968,0.689599483204134,0.679144566843465,686,"tags=32%, list=4%, signal=31%","B3GNT2/B3GNT7/B3GALT6/C1GALT1/B4GALT5/B4GALT3/B3GALNT1"
"GOMF_CARBON_CARBON_LYASE_ACTIVITY","GOMF_CARBON_CARBON_LYASE_ACTIVITY",40,-0.507950827224827,-1.17357351224776,0.242248062015504,0.689599483204134,0.679144566843465,2973,"tags=28%, list=18%, signal=23%","PAICS/CRY1/ME3/ARMT1/MVD/ME2/AMD1/PISD/UROD/PCK2/ODC1"
"GOMF_VITAMIN_BINDING","GOMF_VITAMIN_BINDING",103,-0.432566286725168,-1.14667397976938,0.236786469344609,0.689599483204134,0.679144566843465,1874,"tags=16%, list=11%, signal=14%","CBS/CYP27C1/SPTLC1/MTARC1/TCN1/FASN/AADAT/GOT2/SLC46A1/PANK3/GPT2/SCLY/MMAB/MTARC2/PSAT1/SHMT2"
"GOMF_OMEGA_PEPTIDASE_ACTIVITY","GOMF_OMEGA_PEPTIDASE_ACTIVITY",93,-0.438011286442432,-1.14458700452464,0.23125,0.689599483204134,0.679144566843465,2283,"tags=18%, list=13%, signal=16%","TNFAIP3/OTUD3/CYLD/USP40/ZC3H12A/MYSM1/MINDY3/USP43/USP15/USP14/USP36/STAMBPL1/USP1/USP3/YOD1/UCHL5/UCHL1"
"GOMF_ENZYME_ACTIVATOR_ACTIVITY","GOMF_ENZYME_ACTIVATOR_ACTIVITY",437,0.379295439240771,1.10463953906065,0.233393177737882,0.689599483204134,0.679144566843465,1273,"tags=12%, list=8%, signal=11%","GPRC5A/SIPA1L2/SH3PXD2A/ERBB3/ARHGAP26/TBC1D8/PSME2/MMP16/ERCC6/PSME1/SPRY2/NRP1/ASAP3/APP/ALS2CL/MAP2K6/ALOX5AP/CDK5R2/DOCK1/MMP24/PLCB1/ASAP2/SIPA1L1/MMP17/SRGAP3/ELMOD1/DOCK5/DAXX/ARHGAP44/MADD/TBC1D7/AGAP1/WNK1/RGS9/BCAS3/DCP1B/RIN1/B3GAT3/ARRB1/CALM3/PARP16/VPS9D1/SGSM3/RALGAPA1/RGS14/RGS16/ARHGAP45/TBC1D17/EVI5L/PSAP/SMAP2/PLXNB1"
"GOMF_PEPTIDYL_PROLINE_DIOXYGENASE_ACTIVITY","GOMF_PEPTIDYL_PROLINE_DIOXYGENASE_ACTIVITY",11,0.663756866769492,1.22680370448727,0.244399185336049,0.692225441501104,0.681730713372836,1479,"tags=36%, list=9%, signal=33%","P4HTM/P4HA2/P3H3/P4HB"
"GOMF_PROTEIN_SERINE_THREONINE_KINASE_ACTIVITY","GOMF_PROTEIN_SERINE_THREONINE_KINASE_ACTIVITY",374,0.379881119617606,1.09757180863884,0.244791666666667,0.692225441501104,0.681730713372836,1738,"tags=16%, list=10%, signal=15%","CIITA/PAK6/PAK3/RIPK4/MAP3K9/LTBP4/MAPK11/ACVR1/KSR2/GRK3/MOK/ERN1/MAP2K6/TGFBR1/FAM20C/LTBP1/ITPKA/DMPK/MAP3K14/HIPK3/DCLK2/PRKCH/ACVR1C/NRBP2/VRK3/WNK1/STK32B/DAPK2/CDKL5/MAP3K15/BRSK1/DYRK1A/CAMKK1/ACVR2A/MAP3K10/ULK3/CDK15/STK19/MAP2K5/ACVR2B/IKBKB/EIF2AK4/TNK2/BRSK2/STK16/TGFBR2/CSNK1D/PASK/BRAF/ADCK2/MAPK12/MAST3/PRKD1/KSR1/TAOK2/PIM2/EIF2AK3/RIPK1/PDIK1L/SGK1"
"GOMF_3_5_CYCLIC_AMP_PHOSPHODIESTERASE_ACTIVITY","GOMF_3_5_CYCLIC_AMP_PHOSPHODIESTERASE_ACTIVITY",12,0.64927284072967,1.22164539982239,0.247464503042596,0.69290060851927,0.682395644283122,470,"tags=17%, list=3%, signal=16%","PDE4D/PDE8B"
"GOMF_PHOSPHATIDYLINOSITOL_MONOPHOSPHATE_PHOSPHATASE_ACTIVITY","GOMF_PHOSPHATIDYLINOSITOL_MONOPHOSPHATE_PHOSPHATASE_ACTIVITY",18,0.606270633816179,1.21005620516675,0.246963562753036,0.69290060851927,0.682395644283122,3099,"tags=44%, list=18%, signal=36%","INPP5F/MTMR4/PTEN/SYNJ1/MTMR9/SYNJ2/FIG4/MTMR14"
"GOMF_SINGLE_STRANDED_DNA_BINDING","GOMF_SINGLE_STRANDED_DNA_BINDING",113,-0.419272269768869,-1.13373956030261,0.246861924686192,0.69290060851927,0.682395644283122,3301,"tags=27%, list=19%, signal=22%","HNRNPA2B1/HMGB2/PCBP1/REXO4/FUBP3/HROB/HSPD1/MCM5/LONP1/RAD50/NABP1/TSN/SUB1/SMC2/POLR3C/SMC4/SSBP3/RNF138/NUCKS1/FUBP1/RAD23B/HNRNPA1/YBX1/APTX/DHX9/CDC45/PCBP2/SAMHD1/RAD18/HNRNPU/MCM10"
"GOMF_CHEMOKINE_ACTIVITY","GOMF_CHEMOKINE_ACTIVITY",11,0.661777028649698,1.22314442371558,0.25050916496945,0.696856113628373,0.686291180560914,2144,"tags=27%, list=13%, signal=24%","CXCL5/CCL28/C5"
"GOMF_TRANSCRIPTION_COACTIVATOR_BINDING","GOMF_TRANSCRIPTION_COACTIVATOR_BINDING",36,0.523789693620888,1.17270322449014,0.25050916496945,0.696856113628373,0.686291180560914,448,"tags=11%, list=3%, signal=11%","SMAD3/PPARA/RORA/VGLL4"
"GOMF_NUCLEAR_RECEPTOR_COACTIVATOR_ACTIVITY","GOMF_NUCLEAR_RECEPTOR_COACTIVATOR_ACTIVITY",55,-0.477300409390154,-1.14782499003453,0.25147347740668,0.696988760988217,0.686421816873642,2028,"tags=27%, list=12%, signal=24%","PPRC1/RNF4/CCDC62/CCAR1/WDR77/CNOT9/THRAP3/PSMC3IP/PPARGC1A/MED17/SFR1/ETS1/ACTN2/DCAF6/KDM1A"
"GOMF_INORGANIC_MOLECULAR_ENTITY_TRANSMEMBRANE_TRANSPORTER_ACTIVITY","GOMF_INORGANIC_MOLECULAR_ENTITY_TRANSMEMBRANE_TRANSPORTER_ACTIVITY",397,0.37632235137055,1.09341126323633,0.252189141856392,0.696988760988217,0.686421816873642,1573,"tags=14%, list=9%, signal=13%","KCND1/SLC26A2/ATP6V0A4/SLC9A7/CACNG7/TTYH2/CNNM2/TTYH3/ATP7A/TRPM4/SNAP25/ORAI3/SLC37A1/TMEM63B/SLC6A6/ATP6V0A1/GRIK2/ANKH/TPCN2/SLC39A11/KCNIP3/SLC12A8/HCN1/SLC30A4/GRIN2A/SLC9A5/CLCN3/PKD1L2/SLC39A6/KCNN4/SLC3A2/SLC22A18/KCNAB3/SHROOM2/CACNG8/GABRG3/SLC4A4/ATP6V1A/ATP13A1/ASIC1/ATP1A1/ASIC2/SLC39A9/SLC23A2/SLC25A10/TMEM150C/SLC25A22/KCNMA1/PKD2/P2RX6/SLC12A6/KCNH8/SLC1A3/SLC39A7/ATP5PO"
"GOMF_CYCLIC_NUCLEOTIDE_PHOSPHODIESTERASE_ACTIVITY","GOMF_CYCLIC_NUCLEOTIDE_PHOSPHODIESTERASE_ACTIVITY",16,0.611300422913417,1.20265024145843,0.254098360655738,0.697749196141479,0.687170723181366,2030,"tags=25%, list=12%, signal=22%","PDE4D/PDE8B/PDE6A/PDE8A"
"GOMF_XENOBIOTIC_TRANSMEMBRANE_TRANSPORTER_ACTIVITY","GOMF_XENOBIOTIC_TRANSMEMBRANE_TRANSPORTER_ACTIVITY",21,0.578724256760372,1.18827013228696,0.254065040650407,0.697749196141479,0.687170723181366,262,"tags=10%, list=2%, signal=9%","SLC2A1/SLC6A6"
"GOMF_VITAMIN_D_RECEPTOR_BINDING","GOMF_VITAMIN_D_RECEPTOR_BINDING",15,-0.610806704786068,-1.18731853382029,0.258252427184466,0.70608770210681,0.695382810283917,1899,"tags=27%, list=11%, signal=24%","TOB2/SNW1/THRAP3/MED17"
"GOMF_CYTOSKELETAL_ANCHOR_ACTIVITY","GOMF_CYTOSKELETAL_ANCHOR_ACTIVITY",20,0.581349101562504,1.18141852432877,0.259259259259259,0.70608770210681,0.695382810283917,1196,"tags=30%, list=7%, signal=28%","NCK2/SORBS2/OBSL1/BICD1/BAIAP2/BIN3"
"GOMF_RNA_POLYMERASE_ACTIVITY","GOMF_RNA_POLYMERASE_ACTIVITY",43,-0.492003670109399,-1.15116593172406,0.259615384615385,0.70608770210681,0.695382810283917,3995,"tags=40%, list=24%, signal=30%","POLR3A/CRCP/POLR2M/POLR1A/PRIM1/POLR1G/PRIMPOL/POLR2B/POLR2F/MED20/POLR3K/POLR3C/POLR3F/POLR1F/TERT/POLR3B/POLR1E"
"GOMF_ORGANIC_ACID_SODIUM_SYMPORTER_ACTIVITY","GOMF_ORGANIC_ACID_SODIUM_SYMPORTER_ACTIVITY",13,-0.626637812258153,-1.20218927393304,0.264077669902913,0.706505862126911,0.695794630641443,914,"tags=31%, list=5%, signal=29%","SLC38A2/SLC6A9/SLC6A15/SLC38A1"
"GOMF_EPHRIN_RECEPTOR_BINDING","GOMF_EPHRIN_RECEPTOR_BINDING",25,0.556810912169157,1.17096385091537,0.261855670103093,0.706505862126911,0.695794630641443,500,"tags=8%, list=3%, signal=8%","EFNB2/SIPA1L1"
"GOMF_CARGO_RECEPTOR_ACTIVITY","GOMF_CARGO_RECEPTOR_ACTIVITY",43,0.516563941574289,1.17036272031246,0.265560165975104,0.706505862126911,0.695794630641443,821,"tags=21%, list=5%, signal=20%","LOXL2/PRSS12/DMBT1/SSC5D/LRP10/ABCA7/LRP6/INSR/AGER"
"GOMF_E_BOX_BINDING","GOMF_E_BOX_BINDING",32,0.526950112813261,1.16776302870002,0.26530612244898,0.706505862126911,0.695794630641443,1260,"tags=25%, list=7%, signal=23%","HES1/PER1/NR1D1/BHLHE41/ARNTL/AHR/BHLHE40/HDAC1"
"GOMF_POTASSIUM_CHANNEL_REGULATOR_ACTIVITY","GOMF_POTASSIUM_CHANNEL_REGULATOR_ACTIVITY",38,-0.510055952816528,-1.16683270806613,0.265107212475634,0.706505862126911,0.695794630641443,1932,"tags=21%, list=11%, signal=19%","KCNV1/FLNA/KCNE4/KCNAB1/AMIGO1/ENSA/ADRB2/ABCC9"
"GOMF_HORMONE_ACTIVITY","GOMF_HORMONE_ACTIVITY",25,-0.539207416873963,-1.16590095377287,0.264990328820116,0.706505862126911,0.695794630641443,472,"tags=20%, list=3%, signal=19%","STC1/CALCB/APLN/COPA/EDN1"
"GOMF_METALLOENDOPEPTIDASE_ACTIVITY","GOMF_METALLOENDOPEPTIDASE_ACTIVITY",71,-0.457437918491316,-1.13671108018142,0.261663286004057,0.706505862126911,0.695794630641443,347,"tags=7%, list=2%, signal=7%","CLCA3P/ADAMTS6/ADAMTS9/TRABD2A/PAPPA2"
"GOMF_LYS63_SPECIFIC_DEUBIQUITINASE_ACTIVITY","GOMF_LYS63_SPECIFIC_DEUBIQUITINASE_ACTIVITY",12,-0.62690047508798,-1.19643112701903,0.275049115913556,0.711487676056338,0.700700916022451,2549,"tags=42%, list=15%, signal=35%","DESI2/TNFAIP3/CYLD/STAMBPL1/YOD1"
"GOMF_C_ACYLTRANSFERASE_ACTIVITY","GOMF_C_ACYLTRANSFERASE_ACTIVITY",12,-0.625086091963003,-1.19296840122231,0.277013752455796,0.711487676056338,0.700700916022451,5454,"tags=58%, list=32%, signal=40%","GCAT/SPTLC2/SPTLC3/SCP2/HADHA/SPTLC1/ACAT2"
"GOMF_DEATH_RECEPTOR_BINDING","GOMF_DEATH_RECEPTOR_BINDING",17,-0.596404897009974,-1.1915217935419,0.274131274131274,0.711487676056338,0.700700916022451,1944,"tags=18%, list=11%, signal=16%","CFLAR/EDA/BID"
"GOMF_HMG_BOX_DOMAIN_BINDING","GOMF_HMG_BOX_DOMAIN_BINDING",12,0.630431723929383,1.18619471988833,0.269776876267748,0.711487676056338,0.700700916022451,1069,"tags=25%, list=6%, signal=23%","HOXA3/EGR2/POU3F3"
"GOMF_RIBOSOMAL_SMALL_SUBUNIT_BINDING","GOMF_RIBOSOMAL_SMALL_SUBUNIT_BINDING",17,-0.590170903118344,-1.17906726873849,0.277992277992278,0.711487676056338,0.700700916022451,2256,"tags=35%, list=13%, signal=31%","NPM1/DDX3X/EIF4B/UNG/ABCE1/LARP1"
"GOMF_GTP_DEPENDENT_PROTEIN_BINDING","GOMF_GTP_DEPENDENT_PROTEIN_BINDING",19,-0.576687518162986,-1.17277135271291,0.278,0.711487676056338,0.700700916022451,980,"tags=32%, list=6%, signal=30%","DNM1L/GCH1/EEA1/MRAS/RAPGEF5/RAB38"
"GOMF_TRANSLATION_INITIATION_FACTOR_BINDING","GOMF_TRANSLATION_INITIATION_FACTOR_BINDING",30,-0.528610337682882,-1.16295508311494,0.279843444227006,0.711487676056338,0.700700916022451,3003,"tags=33%, list=18%, signal=27%","TRIM32/GCH1/EIF2S2/DDX3X/EIF4EBP3/SYT11/EIF3M/GLE1/FMR1/LARP1"
"GOMF_CALCIUM_CHANNEL_REGULATOR_ACTIVITY","GOMF_CALCIUM_CHANNEL_REGULATOR_ACTIVITY",25,0.551872806852991,1.16057909966343,0.270103092783505,0.711487676056338,0.700700916022451,817,"tags=8%, list=5%, signal=8%","CACNG7/CACNG8"
"GOMF_CYCLIC_NUCLEOTIDE_BINDING","GOMF_CYCLIC_NUCLEOTIDE_BINDING",25,0.547439439064584,1.15125580282319,0.272164948453608,0.711487676056338,0.700700916022451,1194,"tags=12%, list=7%, signal=11%","PDE4D/HCN1/STING1"
"GOMF_POTASSIUM_CHANNEL_ACTIVITY","GOMF_POTASSIUM_CHANNEL_ACTIVITY",43,0.50425322537806,1.14247071675428,0.273858921161826,0.711487676056338,0.700700916022451,1491,"tags=23%, list=9%, signal=21%","KCND1/SNAP25/GRIK2/KCNIP3/HCN1/KCNN4/KCNAB3/KCNMA1/PKD2/KCNH8"
"GOMF_PROTEIN_METHYLTRANSFERASE_ACTIVITY","GOMF_PROTEIN_METHYLTRANSFERASE_ACTIVITY",82,-0.436378339708759,-1.11134594624507,0.276859504132231,0.711487676056338,0.700700916022451,3009,"tags=21%, list=18%, signal=17%","NTMT1/FAM98A/EZH2/SETD1B/ARMT1/SMYD2/PCMT1/WDR5/PRDM6/ATPSCKMT/SETD2/ASH1L/RBBP5/SUV39H2/KMT5A/NSD2/SETD7"
"GOMF_KINASE_REGULATOR_ACTIVITY","GOMF_KINASE_REGULATOR_ACTIVITY",195,0.40756532340482,1.10364997395476,0.272727272727273,0.711487676056338,0.700700916022451,1001,"tags=10%, list=6%, signal=9%","GPRC5A/ERBB3/CDKN2C/ERCC6/SOCS7/SPRY2/MAP2K6/LRP6/CDK5R2/CDKN1C/SNCA/CDKN1B/DAXX/CAMK2N2/KAT2B/MADD/WNK1/CALM3/PARP16"
"GOMF_G_PROTEIN_COUPLED_RECEPTOR_ACTIVITY","GOMF_G_PROTEIN_COUPLED_RECEPTOR_ACTIVITY",148,0.414008323355943,1.10332033984262,0.279245283018868,0.711487676056338,0.700700916022451,1442,"tags=15%, list=9%, signal=14%","GPRC5A/DRD2/HTR7/S1PR2/TBXA2R/ADGRB2/FPR1/GPR19/FZD1/NPY1R/GIPR/ZNF219/ADGRL1/GABBR1/GPER1/INPP5K/C3AR1/ADRA1B/VN1R1/BDKRB2/GPR27/ADORA2B"
"GOMF_ENZYME_INHIBITOR_ACTIVITY","GOMF_ENZYME_INHIBITOR_ACTIVITY",228,-0.365102772953004,-1.07343374206538,0.274122807017544,0.711487676056338,0.700700916022451,1625,"tags=17%, list=10%, signal=16%","TMBIM6/APLP2/OAZ1/ANXA1/DTX3L/PRKAG2/INKA2/PRKAR2A/USP14/ANXA5/ABCE1/HSPB1/CAMK2N1/PPP1R12A/PKIB/A2M/BIRC3/TRIB1/PEBP1/CIT/ENSA/SPRY4/ANP32E/YWHAG/TRIB3/SPINK1/PHACTR1/SET/MGAT5/CEP43/CRIM1/NOTCH1/SH3RF2/SIMC1/WARS1/RGS2/UCHL5/ANOS1/ANXA3"
"GOMF_PROTEIN_KINASE_ACTIVITY","GOMF_PROTEIN_KINASE_ACTIVITY",473,0.360041902265113,1.06339530895685,0.279929577464789,0.711487676056338,0.700700916022451,1741,"tags=16%, list=10%, signal=14%","CIITA/PAK6/PAK3/RIPK4/ERBB3/MAP3K9/IGF1R/DDR1/LTBP4/MAPK11/ACVR1/KSR2/NRP1/GRK3/PXK/PDK2/MOK/ERN1/MAP2K6/TGFBR1/INSR/FAM20C/LTBP1/ITPKA/DMPK/MAP3K14/HIPK3/DCLK2/PRKCH/ACVR1C/NRBP2/VRK3/WNK1/STK32B/DAPK2/CDKL5/ROR1/MAP3K15/BRSK1/DYRK1A/CAMKK1/ACVR2A/MAP3K10/ULK3/CDK15/STK19/MAP2K5/ACVR2B/IKBKB/EIF2AK4/TNK2/BRSK2/STK16/TGFBR2/PRAG1/CSNK1D/CDKN1A/PASK/BRAF/ADCK2/MAPK12/MAST3/MERTK/PRKD1/KSR1/TAOK2/TRIM24/PIM2/EIF2AK3/EPHB4/RIPK1/PDIK1L/SGK1/COQ8B"
"GOMF_LONG_CHAIN_FATTY_ACID_TRANSPORTER_ACTIVITY","GOMF_LONG_CHAIN_FATTY_ACID_TRANSPORTER_ACTIVITY",11,0.639253767445737,1.18151529463909,0.287169042769857,0.712904347826087,0.702096109839817,692,"tags=18%, list=4%, signal=17%","SLC2A1/SLC27A1"
"GOMF_STEROL_TRANSFER_ACTIVITY","GOMF_STEROL_TRANSFER_ACTIVITY",13,-0.611419339721341,-1.17299300761858,0.285436893203883,0.712904347826087,0.702096109839817,2523,"tags=38%, list=15%, signal=33%","TSPO/GRAMD1A/ABCA1/STARD4/PLTP"
"GOMF_QUINONE_BINDING","GOMF_QUINONE_BINDING",16,0.595676586711884,1.17191247378156,0.286885245901639,0.712904347826087,0.702096109839817,2975,"tags=31%, list=18%, signal=26%","AOC3/AOC2/TP53I3/COQ10A/SQOR"
"GOMF_PHOSPHATIDYLCHOLINE_TRANSPORTER_ACTIVITY","GOMF_PHOSPHATIDYLCHOLINE_TRANSPORTER_ACTIVITY",14,-0.603471850878688,-1.1625580625446,0.282945736434109,0.712904347826087,0.702096109839817,1218,"tags=29%, list=7%, signal=27%","PITPNB/ATP8B1/ATP10B/PLTP"
"GOMF_SPECTRIN_BINDING","GOMF_SPECTRIN_BINDING",19,-0.569525023929868,-1.1582054608113,0.288,0.712904347826087,0.702096109839817,1080,"tags=21%, list=6%, signal=20%","EPB41L2/CAMSAP2/CAMSAP1/GBP1"
"GOMF_LAMININ_BINDING","GOMF_LAMININ_BINDING",23,0.551888965072767,1.15181637371196,0.283643892339545,0.712904347826087,0.702096109839817,2614,"tags=48%, list=15%, signal=41%","DAG1/SSC5D/THBS1/SLIT2/TINAGL1/GPC1/AGRN/ITGA2/ITGB1/ITGA3/NTN4"
"GOMF_AMIDE_TRANSMEMBRANE_TRANSPORTER_ACTIVITY","GOMF_AMIDE_TRANSMEMBRANE_TRANSPORTER_ACTIVITY",24,-0.530966906321788,-1.14323230628641,0.287907869481766,0.712904347826087,0.702096109839817,1375,"tags=29%, list=8%, signal=27%","SLC15A4/AQP7/ABCC1/SLC19A2/SLC46A1/SLC25A32/GJA1"
"GOMF_SYMPORTER_ACTIVITY","GOMF_SYMPORTER_ACTIVITY",74,0.47072879840735,1.13847905576,0.286821705426357,0.712904347826087,0.702096109839817,1555,"tags=16%, list=9%, signal=15%","MFSD12/SLC6A6/SLC12A8/SLC22A18/SLC4A4/MFSD4B/SLC23A2/SLC16A4/SLC25A22/SLC12A6/SLC1A3/SLC22A5"
"GOMF_SINGLE_STRANDED_RNA_BINDING","GOMF_SINGLE_STRANDED_RNA_BINDING",72,-0.447289706539784,-1.1129563825676,0.285714285714286,0.712904347826087,0.702096109839817,2386,"tags=33%, list=14%, signal=29%","LONP1/HNRNPC/PNPT1/DDX3X/SSB/DDX58/PUS1/EIF4B/DDX1/EXOSC10/PTBP1/KHDRBS2/STRBP/HNRNPDL/RBMS2/FMR1/HNRNPA1/DAZAP1/DHX9/HNRNPH1/PABPC4/ZC3H14/LARP4/HNRNPU"
"GOMF_OXIDOREDUCTASE_ACTIVITY_ACTING_ON_THE_CH_NH_GROUP_OF_DONORS","GOMF_OXIDOREDUCTASE_ACTIVITY_ACTING_ON_THE_CH_NH_GROUP_OF_DONORS",20,-0.558932437995649,-1.15576060574486,0.290697674418605,0.713378775728415,0.702563345010481,943,"tags=20%, list=6%, signal=19%","QDPR/MTHFD2/AASS/ALDH1L2"
"GOMF_LIGASE_ACTIVITY_FORMING_CARBON_SULFUR_BONDS","GOMF_LIGASE_ACTIVITY_FORMING_CARBON_SULFUR_BONDS",31,-0.515634091816774,-1.14325934884443,0.2890625,0.713378775728415,0.702563345010481,97,"tags=39%, list=1%, signal=39%","ACSS2/UBA3/NAE1/SLC27A4/UBA5/SUCLG1/SLC27A6/MOCS3/UBA6/ACSL4/ACSS3/AACS"
"GOMF_EXOGENOUS_PROTEIN_BINDING","GOMF_EXOGENOUS_PROTEIN_BINDING",54,-0.462408449495701,-1.10886378553333,0.290258449304175,0.713378775728415,0.702563345010481,2199,"tags=28%, list=13%, signal=24%","IDE/AXL/SLC1A5/SCARB1/EGFR/NPC1/CD81/ITGA5/PVR/CLDN1/NECTIN4/LDLR/CD55/CD46/HSPA1A"
"GOMF_PROTEIN_HETERODIMERIZATION_ACTIVITY","GOMF_PROTEIN_HETERODIMERIZATION_ACTIVITY",247,-0.363406814626243,-1.07644725245495,0.294642857142857,0.720988538681948,0.710057737466877,1330,"tags=15%, list=8%, signal=14%","PPP2CA/TCOF1/ATF1/LSM5/ADRB1/BCL2/MEF2A/ARNT2/TLR6/HIP1R/BCL2L1/USF1/ERBB2/CEBPB/H2AZ1/NFYB/ZHX2/ALG2/ATP1B1/FMR1/TPM4/BOK/H3-3A/ATF6/FZD4/AGTR1/RAN/SYT1/POLE3/TCF3/PDSS1/YWHAH/JDP2/ADORA1/XBP1/MCL1/RRAGD/ATF4"
"GOMF_NUCLEOSOME_BINDING","GOMF_NUCLEOSOME_BINDING",63,-0.45599009422766,-1.12116760590626,0.296222664015905,0.722783300198807,0.711825288868294,3265,"tags=30%, list=19%, signal=24%","PARP2/RNF4/H3-3B/RNF169/HNRNPC/NAP1L4/HIRA/L3MBTL1/SMARCC1/MLLT10/H2AZ1/HMGN5/ACTR6/SUPT16H/HMGA2/ACTB/H3-3A/HDAC2/CGAS"
"GOMF_MICROFILAMENT_MOTOR_ACTIVITY","GOMF_MICROFILAMENT_MOTOR_ACTIVITY",17,-0.574883605916149,-1.14852568889553,0.299227799227799,0.728035728035728,0.716998085419138,1869,"tags=41%, list=11%, signal=37%","MYL6/MYO7B/MYO5B/MYO1D/MYO1B/MYO5C/MYH10"
"GOMF_ATPASE_REGULATOR_ACTIVITY","GOMF_ATPASE_REGULATOR_ACTIVITY",13,-0.605227933901952,-1.16111494740416,0.306796116504854,0.734206815915265,0.72307561434278,1433,"tags=38%, list=8%, signal=35%","BAG2/BAG5/GRPEL2/GRPEL1/BAG1"
"GOMF_PALMITOYL_COA_HYDROLASE_ACTIVITY","GOMF_PALMITOYL_COA_HYDROLASE_ACTIVITY",14,0.59428748950055,1.14445695151135,0.308641975308642,0.734206815915265,0.72307561434278,565,"tags=14%, list=3%, signal=14%","PLA2G6/ACOT13"
"GOMF_L_ASCORBIC_ACID_BINDING","GOMF_L_ASCORBIC_ACID_BINDING",18,0.571711475601055,1.14107954439675,0.303643724696356,0.734206815915265,0.72307561434278,2019,"tags=28%, list=12%, signal=24%","PAM/P4HTM/P4HA2/P3H3/PLOD1"
"GOMF_UBIQUITIN_PROTEIN_TRANSFERASE_REGULATOR_ACTIVITY","GOMF_UBIQUITIN_PROTEIN_TRANSFERASE_REGULATOR_ACTIVITY",20,-0.549501462659005,-1.13625923307998,0.306201550387597,0.734206815915265,0.72307561434278,2226,"tags=25%, list=13%, signal=22%","FBXW7/UBE2L3/TRIB1/CDC20/TRIB3"
"GOMF_PROTEIN_PHOSPHATASE_1_BINDING","GOMF_PROTEIN_PHOSPHATASE_1_BINDING",19,-0.558410750864818,-1.13560309705902,0.308,0.734206815915265,0.72307561434278,990,"tags=16%, list=6%, signal=15%","PPP1CC/PHACTR1/SH3RF2"
"GOMF_TRANSITION_METAL_ION_TRANSMEMBRANE_TRANSPORTER_ACTIVITY","GOMF_TRANSITION_METAL_ION_TRANSMEMBRANE_TRANSPORTER_ACTIVITY",28,0.523790007551475,1.12766446152463,0.303462321792261,0.734206815915265,0.72307561434278,1550,"tags=21%, list=9%, signal=20%","ATP7A/SLC39A11/SLC30A4/SLC39A6/ATP13A1/SLC39A7"
"GOMF_PROTEIN_SELF_ASSOCIATION","GOMF_PROTEIN_SELF_ASSOCIATION",47,0.49377033640538,1.11855611131545,0.307851239669421,0.734206815915265,0.72307561434278,1060,"tags=19%, list=6%, signal=18%","SLC2A1/FHOD1/GPSM2/SHANK3/LDB1/VAMP2/DYRK1A/SYP/ACVR2A"
"GOMF_PROTEIN_TYROSINE_SERINE_THREONINE_PHOSPHATASE_ACTIVITY","GOMF_PROTEIN_TYROSINE_SERINE_THREONINE_PHOSPHATASE_ACTIVITY",36,0.496601399276382,1.11183184646477,0.305498981670061,0.734206815915265,0.72307561434278,1030,"tags=11%, list=6%, signal=10%","DUSP4/DUSP16/SSH2/PTEN"
"GOMF_PLATELET_DERIVED_GROWTH_FACTOR_RECEPTOR_BINDING","GOMF_PLATELET_DERIVED_GROWTH_FACTOR_RECEPTOR_BINDING",13,0.605721514952836,1.15582752633315,0.31211498973306,0.735926662155304,0.724769386246873,1238,"tags=31%, list=7%, signal=29%","PTPRJ/VEGFA/ERN1/PDGFD"
"GOMF_ABC_TYPE_XENOBIOTIC_TRANSPORTER_ACTIVITY","GOMF_ABC_TYPE_XENOBIOTIC_TRANSPORTER_ACTIVITY",10,-0.612626185679914,-1.13884753582367,0.315891472868217,0.735926662155304,0.724769386246873,4424,"tags=60%, list=26%, signal=44%","ABCC2/ABCC3/ABCC5/ABCB5/RALBP1/ABCC1"
"GOMF_MANNOSIDASE_ACTIVITY","GOMF_MANNOSIDASE_ACTIVITY",14,0.5908820136637,1.13789881161518,0.316872427983539,0.735926662155304,0.724769386246873,1922,"tags=36%, list=11%, signal=32%","MAN2B1/MAN2A2/MAN2B2/MAN1A2/MAN2C1"
"GOMF_OXIDOREDUCTASE_ACTIVITY_ACTING_ON_THE_CH_NH_GROUP_OF_DONORS_NAD_OR_NADP_AS_ACCEPTOR","GOMF_OXIDOREDUCTASE_ACTIVITY_ACTING_ON_THE_CH_NH_GROUP_OF_DONORS_NAD_OR_NADP_AS_ACCEPTOR",17,-0.566904151979054,-1.13258401350976,0.314671814671815,0.735926662155304,0.724769386246873,943,"tags=24%, list=6%, signal=22%","QDPR/MTHFD2/AASS/ALDH1L2"
"GOMF_SIALYLTRANSFERASE_ACTIVITY","GOMF_SIALYLTRANSFERASE_ACTIVITY",16,-0.575632665322589,-1.13064671763721,0.317120622568093,0.735926662155304,0.724769386246873,58,"tags=19%, list=0%, signal=19%","ST6GALNAC5/ST8SIA2/ST6GAL1"
"GOMF_DYNEIN_LIGHT_INTERMEDIATE_CHAIN_BINDING","GOMF_DYNEIN_LIGHT_INTERMEDIATE_CHAIN_BINDING",22,-0.531578428325329,-1.11855992585503,0.312992125984252,0.735926662155304,0.724769386246873,950,"tags=27%, list=6%, signal=26%","DNAH2/DYNC2H1/DNAH5/DNAH14/BICD2/CCDC88C"
"GOMF_CYSTEINE_TYPE_ENDOPEPTIDASE_INHIBITOR_ACTIVITY","GOMF_CYSTEINE_TYPE_ENDOPEPTIDASE_INHIBITOR_ACTIVITY",23,0.534570039141763,1.11567101889443,0.316770186335404,0.735926662155304,0.724769386246873,1750,"tags=17%, list=10%, signal=16%","SPOCK1/SNCA/NAIP/GAS6"
"GOMF_R_SMAD_BINDING","GOMF_R_SMAD_BINDING",22,0.532876995802625,1.10787605660555,0.313765182186235,0.735926662155304,0.724769386246873,1021,"tags=18%, list=6%, signal=17%","SMAD3/PMEPA1/FOS/SMAD2"
"GOMF_EXONUCLEASE_ACTIVITY_ACTIVE_WITH_EITHER_RIBO_OR_DEOXYRIBONUCLEIC_ACIDS_AND_PRODUCING_5_PHOSPHOMONOESTERS","GOMF_EXONUCLEASE_ACTIVITY_ACTIVE_WITH_EITHER_RIBO_OR_DEOXYRIBONUCLEIC_ACIDS_AND_PRODUCING_5_PHOSPHOMONOESTERS",56,-0.451912023315977,-1.08910087804465,0.316306483300589,0.735926662155304,0.724769386246873,4228,"tags=46%, list=25%, signal=35%","POLE/NOCT/APEX2/REXO2/CNOT7/TATDN1/DCLRE1C/ERI1/MRE11/EXOSC7/USB1/APEX1/ANGEL2/CNOT2/PNPT1/ISG20L2/XRN2/EXOSC10/EXO1/TOE1/ERI2/EXO5/EXOSC2/APTX/EXOSC9/EXOSC3"
"GOMF_INTRAMOLECULAR_OXIDOREDUCTASE_ACTIVITY_TRANSPOSING_C_C_BONDS","GOMF_INTRAMOLECULAR_OXIDOREDUCTASE_ACTIVITY_TRANSPOSING_C_C_BONDS",10,-0.61088048444401,-1.13560234716333,0.323643410852713,0.73929574485876,0.728087390782879,1701,"tags=40%, list=10%, signal=36%","EBP/EHHADH/IDI1/SREBF2"
"GOMF_NADPLUS_KINASE_ACTIVITY","GOMF_NADPLUS_KINASE_ACTIVITY",15,0.583952399615572,1.13268035206782,0.340862422997947,0.73929574485876,0.728087390782879,988,"tags=20%, list=6%, signal=19%","DGKG/AGK/DGKI"
"GOMF_U3_SNORNA_BINDING","GOMF_U3_SNORNA_BINDING",11,-0.598256739833414,-1.13244082003493,0.332681017612524,0.73929574485876,0.728087390782879,1959,"tags=64%, list=12%, signal=56%","SNU13/RRP9/TSR1/DHX37/PRKDC/BMS1/UTP25"
"GOMF_NUCLEOTIDASE_ACTIVITY","GOMF_NUCLEOTIDASE_ACTIVITY",11,-0.595595403575674,-1.12740317379806,0.344422700587084,0.73929574485876,0.728087390782879,1678,"tags=36%, list=10%, signal=33%","NT5C3A/BPNT1/NT5C2/NT5E"
"GOMF_SOLUTE_PROTON_SYMPORTER_ACTIVITY","GOMF_SOLUTE_PROTON_SYMPORTER_ACTIVITY",16,-0.573353659276718,-1.12617033736821,0.324902723735409,0.73929574485876,0.728087390782879,2579,"tags=50%, list=15%, signal=42%","SLC11A2/CTNS/SLC15A4/SLC2A13/SLC45A3/SLC39A8/SLC25A3/SLC46A1"
"GOMF_SUMO_BINDING","GOMF_SUMO_BINDING",17,0.569284714731242,1.1247461902641,0.324380165289256,0.73929574485876,0.728087390782879,34,"tags=6%, list=0%, signal=6%","SOBP"
"GOMF_C2H2_ZINC_FINGER_DOMAIN_BINDING","GOMF_C2H2_ZINC_FINGER_DOMAIN_BINDING",14,-0.583652630818104,-1.12437733540508,0.341085271317829,0.73929574485876,0.728087390782879,6110,"tags=64%, list=36%, signal=41%","THAP7/GATA2/WT1/TAF9/MBD2/EHMT1/LEF1/ZXDA/HMGA2"
"GOMF_POLYPEPTIDE_N_ACETYLGALACTOSAMINYLTRANSFERASE_ACTIVITY","GOMF_POLYPEPTIDE_N_ACETYLGALACTOSAMINYLTRANSFERASE_ACTIVITY",14,0.583523261888241,1.12372759856988,0.327160493827161,0.73929574485876,0.728087390782879,1782,"tags=36%, list=11%, signal=32%","GALNT10/GALNT2/GALNT16/GALNT12/GALNT11"
"GOMF_NUCLEAR_LOCALIZATION_SEQUENCE_BINDING","GOMF_NUCLEAR_LOCALIZATION_SEQUENCE_BINDING",23,-0.521351334086495,-1.11629670437535,0.329479768786127,0.73929574485876,0.728087390782879,3859,"tags=52%, list=23%, signal=40%","POM121/NUP98/KPNA2/NOLC1/KPNA6/NUP153/NFKBIA/KPNA4/BRAP/TNPO1/RANBP6/NUP214"
"GOMF_TRNA_METHYLTRANSFERASE_ACTIVITY","GOMF_TRNA_METHYLTRANSFERASE_ACTIVITY",32,-0.499126899531646,-1.11221751071741,0.3203125,0.73929574485876,0.728087390782879,2818,"tags=25%, list=17%, signal=21%","TRMT2B/TRMT1/METTL8/TRMT10C/METTL1/NSUN2/LCMT2/TRDMT1"
"GOMF_HISTONE_METHYLTRANSFERASE_ACTIVITY_H3_K4_SPECIFIC","GOMF_HISTONE_METHYLTRANSFERASE_ACTIVITY_H3_K4_SPECIFIC",15,-0.571798719222704,-1.11149273841977,0.345631067961165,0.73929574485876,0.728087390782879,2633,"tags=40%, list=16%, signal=34%","KMT2D/KMT2A/SETD1B/WDR5/ASH1L/RBBP5"
"GOMF_STEROL_TRANSPORTER_ACTIVITY","GOMF_STEROL_TRANSPORTER_ACTIVITY",25,-0.510024221510272,-1.10279960493401,0.334622823984526,0.73929574485876,0.728087390782879,2523,"tags=28%, list=15%, signal=24%","GRAMD1A/ABCA1/STARD4/NPC1/OSBPL8/PLTP/OSBPL6"
"GOMF_EXTRACELLULAR_MATRIX_STRUCTURAL_CONSTITUENT_CONFERRING_TENSILE_STRENGTH","GOMF_EXTRACELLULAR_MATRIX_STRUCTURAL_CONSTITUENT_CONFERRING_TENSILE_STRENGTH",26,0.514310940756348,1.08966705661717,0.343035343035343,0.73929574485876,0.728087390782879,539,"tags=31%, list=3%, signal=30%","COL1A1/COL18A1/COL5A1/COL8A1/COL9A3/COL6A1/COL4A1/COL16A1"
"GOMF_RNA_POLYMERASE_II_GENERAL_TRANSCRIPTION_INITIATION_FACTOR_ACTIVITY","GOMF_RNA_POLYMERASE_II_GENERAL_TRANSCRIPTION_INITIATION_FACTOR_ACTIVITY",36,-0.483056718954554,-1.08939273901973,0.334637964774951,0.73929574485876,0.728087390782879,4234,"tags=31%, list=25%, signal=23%","GTF2B/DR1/GTF2H2/TAF6/SNAPC4/TAF3/TAF5/GTF2E1/GTF2H3/SNAPC1/CCNH"
"GOMF_EXORIBONUCLEASE_ACTIVITY_PRODUCING_5_PHOSPHOMONOESTERS","GOMF_EXORIBONUCLEASE_ACTIVITY_PRODUCING_5_PHOSPHOMONOESTERS",37,-0.477617156209591,-1.08871143089377,0.34307992202729,0.73929574485876,0.728087390782879,3785,"tags=43%, list=22%, signal=34%","REXO2/CNOT7/ERI1/EXOSC7/USB1/ANGEL2/CNOT2/PNPT1/ISG20L2/XRN2/EXOSC10/TOE1/ERI2/EXOSC2/EXOSC9/EXOSC3"
"GOMF_VOLTAGE_GATED_CALCIUM_CHANNEL_ACTIVITY","GOMF_VOLTAGE_GATED_CALCIUM_CHANNEL_ACTIVITY",22,0.523570034043524,1.08852645027262,0.340080971659919,0.73929574485876,0.728087390782879,1407,"tags=18%, list=8%, signal=17%","CACNG7/TPCN2/CACNG8/PKD2"
"GOMF_VOLTAGE_GATED_CATION_CHANNEL_ACTIVITY","GOMF_VOLTAGE_GATED_CATION_CHANNEL_ACTIVITY",55,0.471272595598937,1.08505476254197,0.334685598377282,0.73929574485876,0.728087390782879,817,"tags=15%, list=5%, signal=14%","KCND1/CACNG7/SNAP25/TPCN2/HCN1/GRIN2A/KCNAB3/CACNG8"
"GOMF_HSP70_PROTEIN_BINDING","GOMF_HSP70_PROTEIN_BINDING",36,-0.480727766694209,-1.08414047032665,0.342465753424658,0.73929574485876,0.728087390782879,578,"tags=25%, list=3%, signal=24%","DNAJA3/PPID/MVD/FICD/DNAJA1/DNAJC2/RNF207/FGF1/DNAJA4"
"GOMF_TRANSMEMBRANE_RECEPTOR_PROTEIN_KINASE_ACTIVITY","GOMF_TRANSMEMBRANE_RECEPTOR_PROTEIN_KINASE_ACTIVITY",60,0.467847748041764,1.08290488297078,0.331975560081466,0.73929574485876,0.728087390782879,1309,"tags=23%, list=8%, signal=22%","ERBB3/IGF1R/DDR1/LTBP4/ACVR1/NRP1/TGFBR1/INSR/LTBP1/ACVR1C/ROR1/ACVR2A/ACVR2B/TGFBR2"
"GOMF_NUCLEOSOMAL_DNA_BINDING","GOMF_NUCLEOSOMAL_DNA_BINDING",36,-0.479829163854782,-1.08211393520123,0.346379647749511,0.73929574485876,0.728087390782879,2628,"tags=42%, list=16%, signal=35%","H1-10/MBD2/H3-5/RCC1/GATAD2B/SMARCB1/H3-3B/HNRNPC/SMARCC1/H2AZ1/HMGN5/HMGA2/ACTB/H3-3A/HDAC2"
"GOMF_TRANSLATION_INITIATION_FACTOR_ACTIVITY","GOMF_TRANSLATION_INITIATION_FACTOR_ACTIVITY",49,-0.451330930294739,-1.07988946934513,0.322330097087379,0.73929574485876,0.728087390782879,2863,"tags=27%, list=17%, signal=22%","EIF2B1/EIF2S1/EIF2S2/EIF1AX/EIF2B3/EIF4B/EIF5B/EIF3A/EIF3J/EIF3M/EIF4G2/EIF4A2/EIF3D"
"GOMF_ANION_CHANNEL_ACTIVITY","GOMF_ANION_CHANNEL_ACTIVITY",52,-0.451484700536618,-1.07928365671092,0.343195266272189,0.73929574485876,0.728087390782879,1458,"tags=33%, list=9%, signal=30%","LRRC8C/CLCA2/PACC1/GABRA2/ANO10/ANO5/GPR89B/GPR89A/BEST3/GABRQ/SLC1A4/VDAC1/GLRB/CLIC4/CLCA3P/GABRA6/GABRB2"
"GOMF_ALCOHOL_BINDING","GOMF_ALCOHOL_BINDING",57,-0.446466367577873,-1.07617178903485,0.329388560157791,0.73929574485876,0.728087390782879,2523,"tags=33%, list=15%, signal=28%","SCP2/TSPO/VDAC2/RBP1/STARD3NL/GRAMD1A/ABCA1/STARD4/CYP27C1/ADAP1/NPC1/CD81/TRPC3/GLE1/OSBPL8/VDAC1/SOAT1/ANXA6/OSBPL6"
"GOMF_3_5_EXONUCLEASE_ACTIVITY","GOMF_3_5_EXONUCLEASE_ACTIVITY",52,-0.449278747985764,-1.07401028081848,0.347140039447732,0.73929574485876,0.728087390782879,4281,"tags=50%, list=25%, signal=37%","POLG/POLE/NOCT/APEX2/REXO2/CNOT7/TATDN1/ERI1/MRE11/REXO4/EXOSC7/USB1/APEX1/ANGEL2/CNOT2/RAD50/PNPT1/ISG20L2/XRN2/EXOSC10/TOE1/ERI2/EXO5/EXOSC2/EXOSC9/EXOSC3"
"GOMF_PROTEIN_TYROSINE_PHOSPHATASE_ACTIVITY","GOMF_PROTEIN_TYROSINE_PHOSPHATASE_ACTIVITY",82,0.438825537731231,1.07323971419165,0.333976833976834,0.73929574485876,0.728087390782879,1030,"tags=16%, list=6%, signal=15%","DUSP4/EYA1/PTPRJ/PTPRU/PTPRE/UBASH3B/PTPRS/PTPRH/DUSP16/SSH2/MTMR4/PTPRN/PTEN"
"GOMF_PROTEIN_SERINE_THREONINE_PHOSPHATASE_ACTIVITY","GOMF_PROTEIN_SERINE_THREONINE_PHOSPHATASE_ACTIVITY",82,0.437860008246865,1.07087830971824,0.33976833976834,0.73929574485876,0.728087390782879,1696,"tags=13%, list=10%, signal=12%","DUSP4/EYA1/DUSP16/PPM1H/SSH2/MTMR4/PTEN/PPM1N/PPM1L/PDP2/SSH3"
"GOMF_PROTON_TRANSMEMBRANE_TRANSPORTER_ACTIVITY","GOMF_PROTON_TRANSMEMBRANE_TRANSPORTER_ACTIVITY",94,0.427284376300129,1.07067422058223,0.325757575757576,0.73929574485876,0.728087390782879,1859,"tags=14%, list=11%, signal=12%","ATP6V0A4/SLC9A7/ATP6V0A1/SLC9A5/CLCN3/SLC22A18/ATP6V1A/SLC25A22/ATP5PO/TCIRG1/ATP5PD/SLC17A5/MFSD3"
"GOMF_PROTEASE_BINDING","GOMF_PROTEASE_BINDING",98,0.424609058862086,1.07052067435142,0.331428571428571,0.73929574485876,0.728087390782879,2690,"tags=20%, list=16%, signal=17%","COL1A1/SH3PXD2A/TIMP1/CD70/DVL3/PTEN/SERPINB6/PSAP/BDKRB2/OS9/ITGB1/TYSND1/TIMP3/FN1/TWNK/RIPK2/ATP5F1A/ITGA3/SYVN1/CHMP3"
"GOMF_NAD_BINDING","GOMF_NAD_BINDING",50,-0.447027913661016,-1.07020369992138,0.345631067961165,0.73929574485876,0.728087390782879,2758,"tags=38%, list=16%, signal=32%","HADHA/CTBP2/ME3/PHGDH/CRYZ/ALDH1A1/QDPR/ALDH2/ME2/HPGD/PARP1/HADH/EHHADH/SORD/RNLS/ALDH1B1/AOX1/HIBADH/IDH3A"
"GOMF_DIOXYGENASE_ACTIVITY","GOMF_DIOXYGENASE_ACTIVITY",75,0.442191718702217,1.06999117492549,0.337837837837838,0.73929574485876,0.728087390782879,1479,"tags=21%, list=9%, signal=20%","KDM6B/PIR/ETHE1/PTGS2/ALOX5AP/ASPHD1/TET2/ALOXE3/P4HTM/TET1/JMJD7/P4HA2/KDM5A/P3H3/FTO/P4HB"
"GOMF_G_PROTEIN_COUPLED_RECEPTOR_BINDING","GOMF_G_PROTEIN_COUPLED_RECEPTOR_BINDING",137,-0.384765878992385,-1.06649753822921,0.329140461215933,0.73929574485876,0.728087390782879,1025,"tags=10%, list=6%, signal=10%","NARS1/GPRC5B/CNRIP1/AGTR1/CCRL2/S1PR1/CALCB/CCDC88C/APLN/GPRASP2/ADORA1/EDN1/UCHL1/HSPA1A"
"GOMF_METAL_ION_TRANSMEMBRANE_TRANSPORTER_ACTIVITY","GOMF_METAL_ION_TRANSMEMBRANE_TRANSPORTER_ACTIVITY",216,0.390841119017204,1.05880452928463,0.340740740740741,0.73929574485876,0.728087390782879,1550,"tags=18%, list=9%, signal=16%","KCND1/SLC9A7/CACNG7/CNNM2/ATP7A/TRPM4/SNAP25/ORAI3/SLC6A6/GRIK2/TPCN2/SLC39A11/KCNIP3/SLC12A8/HCN1/SLC30A4/GRIN2A/SLC9A5/PKD1L2/SLC39A6/KCNN4/SLC3A2/KCNAB3/SHROOM2/CACNG8/SLC4A4/ATP13A1/ASIC1/ATP1A1/ASIC2/SLC39A9/SLC23A2/KCNMA1/PKD2/SLC12A6/KCNH8/SLC1A3/SLC39A7"
"GOMF_PEPTIDASE_ACTIVITY","GOMF_PEPTIDASE_ACTIVITY",381,-0.338338658172722,-1.0371376592405,0.34331797235023,0.73929574485876,0.728087390782879,2332,"tags=18%, list=14%, signal=16%","NLN/CTSZ/PSEN2/LPAL2/XPNPEP3/TNFAIP3/OTUD3/IDE/CYLD/MME/PSMB7/THOP1/CTSC/CASP10/USP40/NLRP1/CFAP44/ERAP2/PRSS23/CFLAR/PIGK/CASP6/PLAU/ZC3H12A/MYSM1/MINDY3/CTSH/MMP1/NRDC/QPCT/NDEL1/ADAMTSL1/ADAMTS19/ADAMTS3/USP43/LTA4H/CNDP2/USP15/USP14/USP36/CAPN5/PITRM1/HINT1/STAMBPL1/RNPEP/NRIP3/ADAMTS1/CTSL/VASH2/USP1/CASP2/AGTPBP1/USP3/OTULINL/CLCA3P/CTSS/YOD1/CASP4/CAPN2/UCHL5/ADAMTS6/CPVL/ADAMTS9/UCHL1/TRABD2A/SCRN1/PAPPA2"
"GOMF_TELOMERIC_DNA_BINDING","GOMF_TELOMERIC_DNA_BINDING",38,-0.46825282961109,-1.07120153037655,0.348927875243665,0.741254739945497,0.730016685833171,3716,"tags=39%, list=22%, signal=31%","UPF1/XRCC6/SMG1/HNRNPD/HNRNPA2B1/SMG5/APEX1/UPF2/SMG6/RAD50/NCL/HNRNPA1/TERT/SMG7/KDM1A"
"GOMF_ACYLGLYCEROL_O_ACYLTRANSFERASE_ACTIVITY","GOMF_ACYLGLYCEROL_O_ACYLTRANSFERASE_ACTIVITY",22,0.51942997095649,1.07991906657415,0.350202429149798,0.742116313880712,0.730865197572648,1724,"tags=27%, list=10%, signal=25%","LPCAT2/GPAT3/PNPLA2/LPCAT3/DGAT1/AGPAT1"
"GOMF_TRANSFERASE_ACTIVITY_TRANSFERRING_NITROGENOUS_GROUPS","GOMF_TRANSFERASE_ACTIVITY_TRANSFERRING_NITROGENOUS_GROUPS",17,-0.543368749191684,-1.08556403516698,0.355212355212355,0.750869681562751,0.739485856734424,953,"tags=24%, list=6%, signal=22%","AADAT/GOT2/GPT2/PSAT1"
"GOMF_STRUCTURAL_MOLECULE_ACTIVITY","GOMF_STRUCTURAL_MOLECULE_ACTIVITY",446,-0.330779816477875,-1.02634702311112,0.356818181818182,0.752401795735129,0.740994742749129,1696,"tags=16%, list=10%, signal=15%","NDC1/COL12A1/NUP54/NEB/MRPL37/MRPL22/EIF3A/FBLN5/COL19A1/KRT222/SNTA1/TUBE1/TPR/NUP214/EPB41L4B/LAMB1/CCDC6/VCAN/MATR3/KRT18/MRPS5/CLTA/COL17A1/EPB41L3/ECM1/ACTR3/CLDN1/MRPL30/ABI3BP/EPB41L2/VCL/FRAS1/MYL9/STX2/RPLP0/NEFL/TTN/ACTB/MRPL35/PGM5/JUP/MBP/ACTN2/TPM4/HMOX1/KRT34/NUP205/VIM/NUP107/TUBA1C/SPTAN1/MRPS2/MAP1B/ACTG1/JPH1/ARPC5/NUP188/TUBA1B/PNN/TUBB4B/COPA/EFEMP1/DAP3/CSRP1/MRPL9/MRPL24/CCN1/TUFT1/COL27A1/ANOS1/MPZL1/FBN2/COL5A2"
"GOMF_AMYLOID_BETA_BINDING","GOMF_AMYLOID_BETA_BINDING",56,0.460213037442926,1.06226523019144,0.359026369168357,0.753751103265666,0.742323593626609,2108,"tags=27%, list=12%, signal=24%","CD74/CLSTN1/INSR/GRIN2A/NLGN1/NGFR/AGER/APBB2/HSPG2/ITGA2/GSAP/LDLRAP1/TLR4/APBB3/ITGAM"
"GOMF_SOLUTE_CATION_SYMPORTER_ACTIVITY","GOMF_SOLUTE_CATION_SYMPORTER_ACTIVITY",50,-0.441154303088255,-1.05614202821192,0.359223300970874,0.753751103265666,0.742323593626609,2111,"tags=24%, list=12%, signal=21%","CTNS/SLC15A4/SLC2A13/SLC45A3/SLC39A8/SLC25A3/SLC38A2/SLC6A9/MFSD2A/SLC46A1/SLC6A15/SLC38A1"
"GOMF_N_METHYLTRANSFERASE_ACTIVITY","GOMF_N_METHYLTRANSFERASE_ACTIVITY",89,-0.40865255318946,-1.06149526008172,0.360248447204969,0.754049445865303,0.742617413097962,1172,"tags=16%, list=7%, signal=15%","EZH2/TRMT1/SETD1B/TFB1M/SMYD2/WDR5/ATPSCKMT/SETD2/ASH1L/RBBP5/SUV39H2/KMT5A/NSD2/SETD7"
"GOMF_GDP_DISSOCIATION_INHIBITOR_ACTIVITY","GOMF_GDP_DISSOCIATION_INHIBITOR_ACTIVITY",15,-0.561508192463262,-1.09148946561919,0.361165048543689,0.754119685712251,0.74268658804892,2801,"tags=47%, list=17%, signal=39%","ITGB1BP1/ARHGDIA/SESN2/ARHGDIB/RANBP1/GDI2/CHML"
"GOMF_ATPASE_COUPLED_CATION_TRANSMEMBRANE_TRANSPORTER_ACTIVITY","GOMF_ATPASE_COUPLED_CATION_TRANSMEMBRANE_TRANSPORTER_ACTIVITY",29,-0.495704637791882,-1.09052800345286,0.36328125,0.756111957349581,0.744648655148916,1407,"tags=24%, list=8%, signal=22%","ATP2B1/ATP5F1B/ATP1B1/ATP6V0E2/ATP6V1G1/KCNJ8/ABCC9"
"GOMF_PHOSPHATIDYLINOSITOL_KINASE_ACTIVITY","GOMF_PHOSPHATIDYLINOSITOL_KINASE_ACTIVITY",16,-0.55148293754312,-1.08321228229225,0.367704280155642,0.756111957349581,0.744648655148916,1183,"tags=19%, list=7%, signal=17%","PIK3C3/PI4K2B/PIP5K1A"
"GOMF_RETINOID_X_RECEPTOR_BINDING","GOMF_RETINOID_X_RECEPTOR_BINDING",13,0.565848720033993,1.07974293501296,0.365503080082136,0.756111957349581,0.744648655148916,3846,"tags=46%, list=23%, signal=36%","TACC1/ARID5A/NR4A2/RARG/NR1H2/NRIP1"
"GOMF_PHOSPHOLIPASE_C_ACTIVITY","GOMF_PHOSPHOLIPASE_C_ACTIVITY",20,0.519042418410646,1.05479878849836,0.364197530864198,0.756111957349581,0.744648655148916,2017,"tags=35%, list=12%, signal=31%","PLCB1/PLCE1/PLCD4/PLCD1/BDKRB2/PLCG2/PLCB3"
"GOMF_ATP_DEPENDENT_ACTIVITY_ACTING_ON_RNA","GOMF_ATP_DEPENDENT_ACTIVITY_ACTING_ON_RNA",70,-0.42273948906412,-1.05298223370724,0.366197183098592,0.756111957349581,0.744648655148916,3063,"tags=47%, list=18%, signal=39%","DDX19B/DDX17/DDX51/DHX37/DDX10/DDX28/EIF4A3/UPF1/DDX46/DDX60L/FANCM/DDX54/DDX20/DHX57/DDX18/G3BP1/DDX55/DDX3X/DDX23/DHX33/SUPV3L1/DDX58/DDX52/DHX15/DDX21/BRIP1/DDX1/DHX35/DDX5/EIF4A2/DHX9/DDX24/DDX31"
"GOMF_ATPASE_COUPLED_TRANSMEMBRANE_TRANSPORTER_ACTIVITY","GOMF_ATPASE_COUPLED_TRANSMEMBRANE_TRANSPORTER_ACTIVITY",70,0.438637945409222,1.05007252656816,0.368316831683168,0.756111957349581,0.744648655148916,1193,"tags=13%, list=7%, signal=12%","SLC26A2/ATP7A/ABCB6/ABCA7/ABCA5/TAPBP/ATP6V1A/ATP13A1/ATP1A1"
"GOMF_ENDOPEPTIDASE_REGULATOR_ACTIVITY","GOMF_ENDOPEPTIDASE_REGULATOR_ACTIVITY",81,0.423073517441688,1.03347957508314,0.366602687140115,0.756111957349581,0.744648655148916,1750,"tags=21%, list=10%, signal=19%","SERPINB2/SPOCK1/PSME2/PSME1/APP/PROS1/CD109/TIMP1/SNCA/SERPINH1/SERPINB6/SERPINI1/SERPINF1/NAIP/CARD8/GAPDH/GAS6"
"GOMF_FOUR_WAY_JUNCTION_DNA_BINDING","GOMF_FOUR_WAY_JUNCTION_DNA_BINDING",17,-0.535069699359983,-1.06898385819369,0.370656370656371,0.759090025277076,0.74758157302648,4694,"tags=53%, list=28%, signal=38%","MSH6/BLM/RAD51C/MSH2/HMGB2/FANCM/GEN1/XRCC2/HMGB3"
"GOMF_PATTERN_RECOGNITION_RECEPTOR_ACTIVITY","GOMF_PATTERN_RECOGNITION_RECEPTOR_ACTIVITY",11,0.594726607354573,1.09921695968399,0.372708757637475,0.759649830602394,0.74813289122558,1993,"tags=27%, list=12%, signal=24%","DMBT1/CARD8/TLR4"
"GOMF_WNT_ACTIVATED_RECEPTOR_ACTIVITY","GOMF_WNT_ACTIVATED_RECEPTOR_ACTIVITY",14,0.553400425653853,1.06571815038739,0.372427983539095,0.759649830602394,0.74813289122558,880,"tags=21%, list=5%, signal=20%","LRP6/FZD1/ROR1"
"GOMF_PROTEIN_BINDING_INVOLVED_IN_HETEROTYPIC_CELL_CELL_ADHESION","GOMF_PROTEIN_BINDING_INVOLVED_IN_HETEROTYPIC_CELL_CELL_ADHESION",10,-0.584444413934888,-1.08645875118276,0.375968992248062,0.762163571457222,0.750608521624948,2056,"tags=70%, list=12%, signal=62%","DSP/CD200/DSG2/SIRPA/CD47/NRCAM/JUP"
"GOMF_ACYL_COA_BINDING","GOMF_ACYL_COA_BINDING",23,-0.500933158935537,-1.07257812126227,0.377649325626204,0.762163571457222,0.750608521624948,2157,"tags=43%, list=13%, signal=38%","PANK1/ACBD5/SCP2/HADHA/ACBD7/PNPLA3/ACADL/SOAT1/PANK3/DBI"
"GOMF_HEXOSAMINIDASE_ACTIVITY","GOMF_HEXOSAMINIDASE_ACTIVITY",13,0.560457479293151,1.06945546082634,0.379876796714579,0.762163571457222,0.750608521624948,2814,"tags=31%, list=17%, signal=26%","CEMIP2/HEXD/NAGLU/HEXA"
"GOMF_DYNEIN_INTERMEDIATE_CHAIN_BINDING","GOMF_DYNEIN_INTERMEDIATE_CHAIN_BINDING",26,-0.489450637680644,-1.06744242992822,0.380038387715931,0.762163571457222,0.750608521624948,3075,"tags=38%, list=18%, signal=32%","DYNC1H1/DYNLL2/DYNLRB1/DNAAF5/DNAH2/DYNC2H1/DNAH5/TRIM58/RAN/DNAH14"
"GOMF_CHOLESTEROL_BINDING","GOMF_CHOLESTEROL_BINDING",34,-0.475556955980412,-1.06368106984697,0.377431906614786,0.762163571457222,0.750608521624948,2523,"tags=41%, list=15%, signal=35%","SCP2/TSPO/VDAC2/STARD3NL/GRAMD1A/ABCA1/STARD4/NPC1/CD81/OSBPL8/VDAC1/SOAT1/ANXA6/OSBPL6"
"GOMF_SPHINGOLIPID_BINDING","GOMF_SPHINGOLIPID_BINDING",24,-0.488316496039619,-1.05140110865355,0.381957773512476,0.762163571457222,0.750608521624948,2275,"tags=42%, list=13%, signal=36%","LAMA1/VDAC2/TRAF2/LYN/PLEKHA8P1/GLTP/VDAC1/RTN4R/S1PR1/PLTP"
"GOMF_METALLOPEPTIDASE_ACTIVITY","GOMF_METALLOPEPTIDASE_ACTIVITY",127,-0.37688339844889,-1.03124601730331,0.381974248927039,0.762163571457222,0.750608521624948,1715,"tags=15%, list=10%, signal=14%","MMP1/NRDC/QPCT/ADAMTSL1/ADAMTS19/ADAMTS3/LTA4H/CNDP2/PITRM1/STAMBPL1/RNPEP/ADAMTS1/VASH2/AGTPBP1/CLCA3P/ADAMTS6/ADAMTS9/TRABD2A/PAPPA2"
"GOMF_PHOSPHATASE_BINDING","GOMF_PHOSPHATASE_BINDING",158,0.386675949325045,1.03042972285148,0.381040892193309,0.762163571457222,0.750608521624948,2164,"tags=21%, list=13%, signal=18%","SMAD3/PPARA/NFATC2/ITGA1/MAPT/FOXO1/STAT3/CTNNB1/CDKN1B/KCNN4/SYTL2/VRK3/WNK1/MTMR4/MAGI2/GHR/SMAD2/KAT2A/PPP1R3B/TSC2/DLG1/PPP6R2/EIF2AK3/MTMR9/SPHK1/PPP1R35/PTK2/STYXL1/PHACTR4/PPP1R3E/PPP1R32/RCAN3/ANK1"
"GOMF_EXTRACELLULAR_MATRIX_STRUCTURAL_CONSTITUENT","GOMF_EXTRACELLULAR_MATRIX_STRUCTURAL_CONSTITUENT",92,0.411469500541861,1.02291934081572,0.375722543352601,0.762163571457222,0.750608521624948,647,"tags=22%, list=4%, signal=21%","COL1A1/COL18A1/LTBP4/COL5A1/LAMA4/MATN2/SRPX2/COL8A1/HMCN1/COL9A3/THBS1/COL6A1/COL4A1/TINAGL1/COL16A1/LTBP1/LAMB2/COL22A1/SPARC/CRELD1"
"GOMF_CADHERIN_BINDING_INVOLVED_IN_CELL_CELL_ADHESION","GOMF_CADHERIN_BINDING_INVOLVED_IN_CELL_CELL_ADHESION",16,-0.544943410061486,-1.07036746696569,0.383268482490272,0.762963366076207,0.751396190675322,1500,"tags=31%, list=9%, signal=29%","ANXA2/ANXA1/KRT18/STXBP6/S100A11"
"GOMF_GTPASE_ACTIVATOR_ACTIVITY","GOMF_GTPASE_ACTIVATOR_ACTIVITY",229,-0.346868217065513,-1.02102275303275,0.384615384615385,0.76386404293381,0.752283212503531,2253,"tags=20%, list=13%, signal=18%","ALDH1A1/TBC1D15/RANBP2/DOCK2/RGS10/ARHGAP28/RGPD6/IQGAP1/ECT2/HACD3/RGS20/RANGAP1/SIPA1L3/RGS5/RASAL2/RGS17/RASA2/RGS3/ADAP1/ARHGDIB/JUN/ANKRD27/RANBP1/GDI2/TBC1D16/THY1/RACGAP1/USP6NL/RAP1GAP2/RABEP1/PGAM5/ADPRH/ARHGAP22/ARHGAP31/RAP1GDS1/RAB3GAP2/TBC1D9/ARHGAP18/ARHGAP6/ARHGAP29/SYDE2/SRGAP1/CHML/RGS2/ERRFI1/ARHGAP30"
"GOMF_BASIC_AMINO_ACID_TRANSMEMBRANE_TRANSPORTER_ACTIVITY","GOMF_BASIC_AMINO_ACID_TRANSMEMBRANE_TRANSPORTER_ACTIVITY",10,-0.577980043239242,-1.0744417450386,0.385658914728682,0.76415942732783,0.752574118618188,2926,"tags=40%, list=17%, signal=33%","SLC7A2/SLC25A29/SLC66A1L/SLC15A4"
"GOMF_PHOSPHATIDATE_PHOSPHATASE_ACTIVITY","GOMF_PHOSPHATIDATE_PHOSPHATASE_ACTIVITY",11,0.586911122520406,1.08477181233119,0.386965376782077,0.764212724224113,0.752626607488064,1179,"tags=18%, list=7%, signal=17%","PLPP4/PLPP2"
"GOMF_CHEMOKINE_BINDING","GOMF_CHEMOKINE_BINDING",11,-0.570219589254459,-1.07936926784161,0.38747553816047,0.764212724224113,0.752626607488064,945,"tags=36%, list=6%, signal=34%","CCR1/ITGAV/A2M/CCRL2"
"GOMF_CATION_CATION_ANTIPORTER_ACTIVITY","GOMF_CATION_CATION_ANTIPORTER_ACTIVITY",16,0.547177649433316,1.07649742670772,0.389344262295082,0.766129032258065,0.754513862657702,758,"tags=19%, list=4%, signal=18%","SLC9A7/SLC9A5/SLC3A2"
"GOMF_K48_LINKED_POLYUBIQUITIN_MODIFICATION_DEPENDENT_PROTEIN_BINDING","GOMF_K48_LINKED_POLYUBIQUITIN_MODIFICATION_DEPENDENT_PROTEIN_BINDING",10,0.598119864189984,1.089396777291,0.390946502057613,0.767331883098458,0.755698477253381,1403,"tags=20%, list=8%, signal=18%","MINDY2/MINDY1"
"GOMF_ACETYLGALACTOSAMINYLTRANSFERASE_ACTIVITY","GOMF_ACETYLGALACTOSAMINYLTRANSFERASE_ACTIVITY",25,0.489504799914742,1.02942024486688,0.391752577319588,0.767331883098458,0.755698477253381,1782,"tags=36%, list=11%, signal=32%","GALNT10/EXTL2/GALNT2/B4GALNT1/B4GALNT4/GALNT16/GALNT12/CHPF/GALNT11"
"GOMF_OXIDOREDUCTASE_ACTIVITY_ACTING_ON_NAD_P_H_QUINONE_OR_SIMILAR_COMPOUND_AS_ACCEPTOR","GOMF_OXIDOREDUCTASE_ACTIVITY_ACTING_ON_NAD_P_H_QUINONE_OR_SIMILAR_COMPOUND_AS_ACCEPTOR",53,0.445511299151214,1.03133545131538,0.393145161290323,0.767722602739726,0.756083273251622,3180,"tags=26%, list=19%, signal=22%","NQO1/NDUFB10/NQO2/NDUFA13/NDUFA1/TP53I3/DHRS4/NDUFA2/DCXR/CRYZL1/NDUFA3/NDUFV3/NDUFB1/NDUFC2"
"GOMF_METALLOEXOPEPTIDASE_ACTIVITY","GOMF_METALLOEXOPEPTIDASE_ACTIVITY",48,0.454865556334015,1.02894727152615,0.39375,0.767722602739726,0.756083273251622,1325,"tags=23%, list=8%, signal=21%","MMP16/AGBL5/MMP17/NAALAD2/MMP14/LNPEP/RNPEPL1/CPQ/VASH1/ENPEP/QPCTL"
"GOMF_PHOSPHOLIPASE_BINDING","GOMF_PHOSPHOLIPASE_BINDING",14,-0.554041909479267,-1.06733377524547,0.412790697674419,0.768371275527285,0.756722111606435,972,"tags=43%, list=6%, signal=40%","SRC/FYN/PRKCZ/TESPA1/NEFL/ARHGAP6"
"GOMF_OXIDOREDUCTASE_ACTIVITY_ACTING_ON_THE_CH_NH2_GROUP_OF_DONORS_OXYGEN_AS_ACCEPTOR","GOMF_OXIDOREDUCTASE_ACTIVITY_ACTING_ON_THE_CH_NH2_GROUP_OF_DONORS_OXYGEN_AS_ACCEPTOR",11,-0.563158045817061,-1.0660024647477,0.403131115459883,0.768371275527285,0.756722111606435,761,"tags=27%, list=4%, signal=26%","RNLS/DDO/LOX"
"GOMF_PSEUDOURIDINE_SYNTHASE_ACTIVITY","GOMF_PSEUDOURIDINE_SYNTHASE_ACTIVITY",13,-0.555076476163825,-1.06490060574544,0.41747572815534,0.768371275527285,0.756722111606435,3437,"tags=46%, list=20%, signal=37%","TRUB1/PUS7/RPUSD2/DKC1/PUS1/PUS7L"
"GOMF_M7G_5_PPPN_DIPHOSPHATASE_ACTIVITY","GOMF_M7G_5_PPPN_DIPHOSPHATASE_ACTIVITY",12,-0.555456851003564,-1.06008193112849,0.414538310412574,0.768371275527285,0.756722111606435,1661,"tags=42%, list=10%, signal=38%","NUDT4B/NUDT5/NUDT4/NUDT10/NUDT11"
"GOMF_AMINOACYL_TRNA_EDITING_ACTIVITY","GOMF_AMINOACYL_TRNA_EDITING_ACTIVITY",12,-0.555025253892728,-1.05925823384598,0.414538310412574,0.768371275527285,0.756722111606435,2581,"tags=25%, list=15%, signal=21%","TARS2/AARS1/IARS1"
"GOMF_FIBROBLAST_GROWTH_FACTOR_RECEPTOR_BINDING","GOMF_FIBROBLAST_GROWTH_FACTOR_RECEPTOR_BINDING",12,-0.554334812316429,-1.05794053538171,0.416502946954813,0.768371275527285,0.756722111606435,1526,"tags=25%, list=9%, signal=23%","FGF9/FLRT2/FGF1"
"GOMF_UBIQUITIN_LIKE_MODIFIER_ACTIVATING_ENZYME_ACTIVITY","GOMF_UBIQUITIN_LIKE_MODIFIER_ACTIVATING_ENZYME_ACTIVITY",10,-0.568483068461017,-1.05678724939872,0.408914728682171,0.768371275527285,0.756722111606435,4094,"tags=60%, list=24%, signal=46%","ATG7/UBA3/NAE1/UBA5/MOCS3/UBA6"
"GOMF_MEMBRANE_INSERTASE_ACTIVITY","GOMF_MEMBRANE_INSERTASE_ACTIVITY",14,0.547210633819956,1.0537980773287,0.403292181069959,0.768371275527285,0.756722111606435,903,"tags=14%, list=5%, signal=14%","EMC10/EMC3"
"GOMF_METHYL_CPG_BINDING","GOMF_METHYL_CPG_BINDING",23,-0.49155297195848,-1.05249363864124,0.400770712909441,0.768371275527285,0.756722111606435,2028,"tags=22%, list=12%, signal=19%","WDR77/UHRF1/ZBTB38/ZBTB33/CHTOP"
"GOMF_RNA_CAP_BINDING","GOMF_RNA_CAP_BINDING",18,-0.521122097534406,-1.05170624741466,0.399606299212598,0.768371275527285,0.756722111606435,1037,"tags=28%, list=6%, signal=26%","NCBP3/NCBP1/LARP1/EIF3D/GEMIN5"
"GOMF_OXIDOREDUCTASE_ACTIVITY_ACTING_ON_PAIRED_DONORS_WITH_INCORPORATION_OR_REDUCTION_OF_MOLECULAR_OXYGEN_REDUCED_FLAVIN_OR_FLAVOPROTEIN_AS_ONE_DONOR_AND_INCORPORATION_OF_ONE_ATOM_OF_OXYGEN","GOMF_OXIDOREDUCTASE_ACTIVITY_ACTING_ON_PAIRED_DONORS_WITH_INCORPORATION_OR_REDUCTION_OF_MOLECULAR_OXYGEN_REDUCED_FLAVIN_OR_FLAVOPROTEIN_AS_ONE_DONOR_AND_INCORPORATION_OF_ONE_ATOM_OF_OXYGEN",15,-0.539340917582538,-1.04839953863584,0.409708737864078,0.768371275527285,0.756722111606435,2638,"tags=47%, list=16%, signal=39%","CYP2R1/CYP2C18/CYP2U1/CYP2C19/CYP2J2/CYP2C9/HMOX1"
"GOMF_STEROID_DEHYDROGENASE_ACTIVITY","GOMF_STEROID_DEHYDROGENASE_ACTIVITY",19,-0.513530615157709,-1.04433332650662,0.396,0.768371275527285,0.756722111606435,1265,"tags=21%, list=7%, signal=20%","HSD17B7/HSD17B12/SRD5A1/NSDHL"
"GOMF_VITAMIN_TRANSMEMBRANE_TRANSPORTER_ACTIVITY","GOMF_VITAMIN_TRANSMEMBRANE_TRANSPORTER_ACTIVITY",18,0.522483483038123,1.04282534149446,0.408906882591093,0.768371275527285,0.756722111606435,1307,"tags=22%, list=8%, signal=21%","SLC2A1/SLC2A3/SLC27A1/SLC23A2"
"GOMF_SERINE_TYPE_ENDOPEPTIDASE_INHIBITOR_ACTIVITY","GOMF_SERINE_TYPE_ENDOPEPTIDASE_INHIBITOR_ACTIVITY",32,0.470218115350491,1.04204044591578,0.406122448979592,0.768371275527285,0.756722111606435,1244,"tags=25%, list=7%, signal=23%","SERPINB2/SPOCK1/APP/CD109/SERPINH1/SERPINB6/SERPINI1/SERPINF1"
"GOMF_VOLTAGE_GATED_POTASSIUM_CHANNEL_ACTIVITY","GOMF_VOLTAGE_GATED_POTASSIUM_CHANNEL_ACTIVITY",31,0.476027182685833,1.0416228572568,0.402040816326531,0.768371275527285,0.756722111606435,1491,"tags=23%, list=9%, signal=21%","KCND1/SNAP25/HCN1/KCNAB3/KCNMA1/PKD2/KCNH8"
"GOMF_PHOSPHOLIPID_TRANSFER_ACTIVITY","GOMF_PHOSPHOLIPID_TRANSFER_ACTIVITY",20,-0.50062962836895,-1.03520204447684,0.414728682170543,0.768371275527285,0.756722111606435,2493,"tags=35%, list=15%, signal=30%","C2CD2L/PRELID3B/PLEKHA8P1/GLTP/PRELID3A/PITPNB/PLTP"
"GOMF_PROTEIN_SERINE_THREONINE_KINASE_INHIBITOR_ACTIVITY","GOMF_PROTEIN_SERINE_THREONINE_KINASE_INHIBITOR_ACTIVITY",30,0.471097235601895,1.02630054198468,0.407331975560081,0.768371275527285,0.756722111606435,735,"tags=17%, list=4%, signal=16%","CDKN2C/SPRY2/CDKN1C/CDKN1B/KAT2B"
"GOMF_RRNA_BINDING","GOMF_RRNA_BINDING",64,-0.417790762145271,-1.02384972827814,0.398797595190381,0.768371275527285,0.756722111606435,2134,"tags=25%, list=13%, signal=22%","NOL12/FASTKD5/DDX28/FASTKD2/ERI1/NSUN4/RPLP0P6/MRPL16/BRIX1/DDX21/SBDS/KDM2B/TST/RPLP0/RPF1/UTP25"
"GOMF_SODIUM_ION_TRANSMEMBRANE_TRANSPORTER_ACTIVITY","GOMF_SODIUM_ION_TRANSMEMBRANE_TRANSPORTER_ACTIVITY",65,0.431363644968873,1.01729052747116,0.404382470119522,0.768371275527285,0.756722111606435,1503,"tags=25%, list=9%, signal=23%","SLC9A7/TRPM4/SLC6A6/GRIK2/TPCN2/HCN1/SLC9A5/SLC3A2/SHROOM2/SLC4A4/ASIC1/ATP1A1/ASIC2/SLC23A2/PKD2/SLC1A3"
"GOMF_MONOSACCHARIDE_BINDING","GOMF_MONOSACCHARIDE_BINDING",48,0.449397495269505,1.01657801992088,0.4125,0.768371275527285,0.756722111606435,2033,"tags=25%, list=12%, signal=22%","SLC2A3/G6PD/PFKL/PAM/CLN5/P4HTM/P4HA2/P3H3/LGALS9/LMAN2/PLOD1/GALK1"
"GOMF_PHOSPHATASE_ACTIVATOR_ACTIVITY","GOMF_PHOSPHATASE_ACTIVATOR_ACTIVITY",22,0.487676535815776,1.01390219817024,0.412955465587045,0.768371275527285,0.756722111606435,1930,"tags=18%, list=11%, signal=16%","MAP2K6/B3GAT3/CALM3/PHACTR4"
"GOMF_PHOSPHORIC_ESTER_HYDROLASE_ACTIVITY","GOMF_PHOSPHORIC_ESTER_HYDROLASE_ACTIVITY",290,0.361526976862216,1.01144530855976,0.416058394160584,0.768371275527285,0.756722111606435,2030,"tags=19%, list=12%, signal=17%","DUSP4/PLPP4/INPP5F/EYA1/PTPRJ/PTPRU/PDE4D/PTPRE/UBASH3B/PTPRS/PTPRH/PDE8B/PLCB1/DUSP16/PLCE1/PIP4P2/PLCD4/PPM1H/PLD3/SSH2/MTMR4/PTPRN/PLCD1/PTEN/PXYLP1/PPP1R3B/PLPP2/ATP1A1/MPPE1/INPP5K/INPP5J/NUDT16L1/BDKRB2/PPM1N/NT5DC1/PPM1L/PDP2/SYNJ1/DLG1/PFKFB4/IMPA2/SSH3/DNAJC6/MTMR9/PDE6A/PTPRG/ENPP1/STYXL1/TNS3/PLCG2/PPP1R3E/PLCB3/PPM1B/PDE8A"
"GOMF_PHOSPHORIC_DIESTER_HYDROLASE_ACTIVITY","GOMF_PHOSPHORIC_DIESTER_HYDROLASE_ACTIVITY",65,0.428757317297655,1.01114399082548,0.412350597609562,0.768371275527285,0.756722111606435,2030,"tags=22%, list=12%, signal=19%","PDE4D/PDE8B/PLCB1/PLCE1/PLCD4/PLD3/PLCD1/MPPE1/BDKRB2/PDE6A/ENPP1/PLCG2/PLCB3/PDE8A"
"GOMF_DNA_BINDING_TRANSCRIPTION_FACTOR_BINDING","GOMF_DNA_BINDING_TRANSCRIPTION_FACTOR_BINDING",407,0.347526826448644,1.00997124028718,0.416666666666667,0.768371275527285,0.756722111606435,1260,"tags=12%, list=7%, signal=11%","CIITA/DACT1/SMAD3/HES1/PPARA/CALR/PER1/NOTCH2/MEF2C/PBX2/GATA4/CXXC5/FHL2/BHLHE41/NHLH2/FOS/STAT3/CTNNB1/RUNX2/GABARAPL1/EGR2/ANXA4/SMARCA1/BBS2/LDB1/DAXX/PBXIP1/KAT2B/WFS1/STAT5B/HOXA7/BCAS3/CRTC1/ARNTL/SMAD2/KAT2A/WIPI1/GTF2I/MAP3K10/FOXO4/YWHAZ/AHR/STING1/BHLHE40/NCOA1/PRMT2/BEX1/HDAC1"
"GOMF_TRANSCRIPTION_COREGULATOR_ACTIVITY","GOMF_TRANSCRIPTION_COREGULATOR_ACTIVITY",442,-0.325362043719457,-1.00731052226325,0.409610983981693,0.768371275527285,0.756722111606435,2809,"tags=23%, list=17%, signal=20%","BTAF1/CNOT2/WWC1/EZH2/CDYL/JMJD1C/CTBP2/KDM5B/HDAC7/SS18L1/MED20/EWSR1/NAB1/SERTAD2/MTDH/CCAR1/RIOX2/TOX2/MED13L/HDGFL3/NCOA5/ZXDB/CBFB/PCBD1/BIRC2/HIRA/BASP1/MED31/PXN/SRSF2/NPM1/SMARCC1/SUB1/TRIM25/WDR77/TRIM8/CNOT9/TADA1/CEBPZ/TOB2/MED15/DDX1/MYSM1/ZNF451/SNW1/NIBAN2/ZXDA/SFMBT1/TRIP13/SMARCD1/LPXN/MED10/UBE2L3/NUCKS1/NPAT/THRAP3/HDAC9/PSMC3IP/PSIP1/TCERG1/KDM2B/RRP1B/PPARGC1A/MED17/SFR1/GON4L/CITED4/TAF5L/HMGA2/ETS1/JUP/JAZF1/SIAH2/DHX9/ACTN2/MED22/YY1AP1/NMI/ZMYND11/TRIB3/JADE1/DCAF6/TGFB1I1/PA2G4/AASS/KMT5A/CDYL2/LPIN2/SMARCA2/HNRNPU/NOTCH1/PAWR/SFMBT2/TLE1/KDM1A/TRIM22/HDGF/ANKRD1/TOX3/KDM7A/HSPA1A"
"GOMF_VOLTAGE_GATED_CHANNEL_ACTIVITY","GOMF_VOLTAGE_GATED_CHANNEL_ACTIVITY",85,0.406101429855291,0.997301268304711,0.41747572815534,0.768371275527285,0.756722111606435,817,"tags=12%, list=5%, signal=11%","KCND1/CACNG7/SNAP25/TPCN2/KCNIP3/HCN1/GRIN2A/CLCN3/KCNAB3/CACNG8"
"GOMF_U6_SNRNA_BINDING","GOMF_U6_SNRNA_BINDING",14,-0.544552519942697,-1.04905294524768,0.420542635658915,0.771544420237231,0.759847148736038,2598,"tags=43%, list=15%, signal=36%","LSM4/LSM8/EIF5A/SART3/PRPF8/PRPF4"
"GOMF_RNA_POLYMERASE_II_CTD_HEPTAPEPTIDE_REPEAT_KINASE_ACTIVITY","GOMF_RNA_POLYMERASE_II_CTD_HEPTAPEPTIDE_REPEAT_KINASE_ACTIVITY",12,-0.549351781803842,-1.04843048865331,0.426326129666012,0.771544420237231,0.759847148736038,4379,"tags=58%, list=26%, signal=43%","CDK1/CDK8/CDK12/CDK7/CCNK/MAPK1/CDK4"
"GOMF_OXIDOREDUCTASE_ACTIVITY_ACTING_ON_THE_CH_NH2_GROUP_OF_DONORS","GOMF_OXIDOREDUCTASE_ACTIVITY_ACTING_ON_THE_CH_NH2_GROUP_OF_DONORS",14,-0.541508468063825,-1.04318873294112,0.424418604651163,0.771544420237231,0.759847148736038,761,"tags=21%, list=4%, signal=20%","RNLS/DDO/LOX"
"GOMF_INSULIN_LIKE_GROWTH_FACTOR_RECEPTOR_BINDING","GOMF_INSULIN_LIKE_GROWTH_FACTOR_RECEPTOR_BINDING",11,-0.550656657202536,-1.04233857292401,0.426614481409002,0.771544420237231,0.759847148736038,604,"tags=18%, list=4%, signal=18%","YWHAG/YWHAH"
"GOMF_ZINC_ION_TRANSMEMBRANE_TRANSPORTER_ACTIVITY","GOMF_ZINC_ION_TRANSMEMBRANE_TRANSPORTER_ACTIVITY",15,0.532756958292071,1.03337761687785,0.429158110882957,0.771544420237231,0.759847148736038,1550,"tags=27%, list=9%, signal=24%","SLC39A11/SLC30A4/SLC39A6/SLC39A7"
"GOMF_ATPASE_COUPLED_INORGANIC_ANION_TRANSMEMBRANE_TRANSPORTER_ACTIVITY","GOMF_ATPASE_COUPLED_INORGANIC_ANION_TRANSMEMBRANE_TRANSPORTER_ACTIVITY",17,0.522137122142295,1.03159583197707,0.429752066115702,0.771544420237231,0.759847148736038,33,"tags=6%, list=0%, signal=6%","SLC26A2"
"GOMF_INTRAMOLECULAR_TRANSFERASE_ACTIVITY","GOMF_INTRAMOLECULAR_TRANSFERASE_ACTIVITY",26,-0.471609097750468,-1.02853183247354,0.424184261036468,0.771544420237231,0.759847148736038,2297,"tags=42%, list=14%, signal=37%","PGM2L1/PGM3/PUS7/RPUSD2/DKC1/PUS1/CYP2J2/LSS/PGM5/PGM2/PUS7L"
"GOMF_GENERAL_TRANSCRIPTION_INITIATION_FACTOR_ACTIVITY","GOMF_GENERAL_TRANSCRIPTION_INITIATION_FACTOR_ACTIVITY",42,-0.433245145907602,-1.01129146774477,0.426923076923077,0.771544420237231,0.759847148736038,4234,"tags=26%, list=25%, signal=20%","GTF2B/DR1/GTF2H2/TAF6/SNAPC4/TAF3/TAF5/GTF2E1/GTF2H3/SNAPC1/CCNH"
"GOMF_STRUCTURAL_CONSTITUENT_OF_RIBOSOME","GOMF_STRUCTURAL_CONSTITUENT_OF_RIBOSOME",156,-0.356512508911173,-1.00688924830002,0.427966101694915,0.771544420237231,0.759847148736038,1906,"tags=9%, list=11%, signal=8%","MRPL16/MRPS21/MRPS9/MRPL1/MRPL37/MRPL22/MRPS5/MRPL30/RPLP0/MRPL35/MRPS2/DAP3/MRPL9/MRPL24"
"GOMF_UBIQUITIN_LIKE_PROTEIN_TRANSFERASE_ACTIVITY","GOMF_UBIQUITIN_LIKE_PROTEIN_TRANSFERASE_ACTIVITY",377,-0.329183710124675,-1.00615148469007,0.424593967517401,0.771544420237231,0.759847148736038,3044,"tags=24%, list=18%, signal=20%","RABGEF1/RNF169/RNF114/TRIM32/HLTF/TOPORS/KCTD10/MARCHF6/KLHL20/UBE2R2/PDZRN3/UBE2E1/TRAF2/BARD1/ATG3/MKRN2/HDAC7/RBBP6/TRIM33/UBE2Q2/UBE2D2/UBE2B/RNF24/UBE2A/HERC5/RNF25/BIRC2/CDC23/MED31/UBE2E2/TNFAIP3/BRAP/PELI1/CCNB1IP1/TRIM25/RANBP2/XIAP/UBE2F/CNOT4/ZNRF3/MSL2/RNF38/UHRF2/PJA1/RNF220/ZNF451/FBXO30/KCMF1/RNF138/UBE2NL/UHRF1/RNF115/MED10/UBE2L3/UBE2J1/PELI2/KIAA1586/COP1/UBE2D3/CBLL1/ZNF738/DTX3L/RNF149/UBR4/NEDD4/UBE2I/PML/KLHL21/LONRF3/BIRC3/NFX1/UBE2N/SIAH2/UBE2T/MARCHF3/DTL/TRIM58/LONRF1/RNF41/SMURF2/TRIM11/RAD18/SH3RF2/KLHL13/RNF152/TRIM22/RNF125/RNF180/TRIM36"
"GOMF_NADP_BINDING","GOMF_NADP_BINDING",40,0.43884377343789,0.996350604751773,0.430041152263374,0.771544420237231,0.759847148736038,1670,"tags=25%, list=10%, signal=23%","TM7SF2/SPR/CAT/G6PD/DECR1/CBR3/H6PD/DPYD/GAPDH/TP53I3"
"GOMF_OXIDOREDUCTASE_ACTIVITY_ACTING_ON_CH_OH_GROUP_OF_DONORS","GOMF_OXIDOREDUCTASE_ACTIVITY_ACTING_ON_CH_OH_GROUP_OF_DONORS",96,0.392325790182362,0.988254850230582,0.429924242424242,0.771544420237231,0.759847148736038,1189,"tags=12%, list=7%, signal=12%","DHRS3/DHRS2/SPR/DHRS1/G6PD/IDH2/DHRS13/KCNAB3/GFUS/CBR3/H6PD/HSD17B4"
"GOMF_APOLIPOPROTEIN_BINDING","GOMF_APOLIPOPROTEIN_BINDING",10,-0.557473034267317,-1.03632003692246,0.436046511627907,0.775799418604651,0.764037637698898,303,"tags=50%, list=2%, signal=49%","HSPD1/ABCA1/SCARB1/LRP8/VLDLR"
"GOMF_PEPTIDE_ALPHA_N_ACETYLTRANSFERASE_ACTIVITY","GOMF_PEPTIDE_ALPHA_N_ACETYLTRANSFERASE_ACTIVITY",10,-0.556631840158288,-1.03475629077414,0.436046511627907,0.775799418604651,0.764037637698898,4068,"tags=40%, list=24%, signal=30%","NAA20/NAA30/NAA50/NAA25"
"GOMF_LIPID_TRANSFER_ACTIVITY","GOMF_LIPID_TRANSFER_ACTIVITY",36,-0.447070649600401,-1.00823671505401,0.434442270058708,0.775799418604651,0.764037637698898,2523,"tags=31%, list=15%, signal=26%","GRAMD1A/C2CD2L/ABCA1/PRELID3B/STARD4/PLEKHA8P1/GLTP/PRELID3A/PITPNB/OSBPL8/PLTP"
"GOMF_PDZ_DOMAIN_BINDING","GOMF_PDZ_DOMAIN_BINDING",63,0.426451374515657,0.999366505843431,0.434869739478958,0.775799418604651,0.764037637698898,2328,"tags=30%, list=14%, signal=26%","SNTB1/GRIK2/FZD1/CLCN3/NLGN1/BAIAP2/PTEN/ERC1/ACVR2A/CXADR/PLEKHA1/NSF/SLC22A5/ADAM17/MAP2K2/PSEN1/CADM1/TGFBR3/CXXC4"
"GOMF_CHLORIDE_CHANNEL_REGULATOR_ACTIVITY","GOMF_CHLORIDE_CHANNEL_REGULATOR_ACTIVITY",13,0.532675651813894,1.01644264860213,0.437371663244353,0.775810847307815,0.764048893133174,3069,"tags=31%, list=18%, signal=25%","WNK1/SGK1/STX8/STX1A"
"GOMF_CARBON_OXYGEN_LYASE_ACTIVITY","GOMF_CARBON_OXYGEN_LYASE_ACTIVITY",59,-0.413264574744676,-1.00585837578035,0.437869822485207,0.775810847307815,0.764048893133174,1874,"tags=24%, list=11%, signal=21%","HADHA/CDYL/CA2/PCBD1/CBS/HACD3/FH/EHHADH/FASN/HMGA2/ACO1/HACD1/POLQ/CA12"
"GOMF_STRUCTURAL_CONSTITUENT_OF_MUSCLE","GOMF_STRUCTURAL_CONSTITUENT_OF_MUSCLE",24,-0.46657043805486,-1.00457936566626,0.439539347408829,0.777156527302568,0.765374171471406,1018,"tags=46%, list=6%, signal=43%","DMD/TPM2/MYL6/NEXN/NEB/MYL9/TTN/ACTN2/TPM4/JPH1/CSRP1"
"GOMF_INSULIN_LIKE_GROWTH_FACTOR_I_BINDING","GOMF_INSULIN_LIKE_GROWTH_FACTOR_I_BINDING",11,0.555831334343356,1.02732788793783,0.441955193482688,0.778205639658177,0.766407378388862,459,"tags=18%, list=3%, signal=18%","IGF1R/INSR"
"GOMF_NADPLUS_NUCLEOSIDASE_ACTIVITY","GOMF_NADPLUS_NUCLEOSIDASE_ACTIVITY",18,0.506941515196831,1.01180511129053,0.441295546558704,0.778205639658177,0.766407378388862,2426,"tags=39%, list=14%, signal=33%","IL1RAP/CD38/TLR1/TIRAP/TLR4/IL18R1/IL1RAPL1"
"GOMF_LYASE_ACTIVITY","GOMF_LYASE_ACTIVITY",144,-0.357606967600353,-1.00214836442856,0.447916666666667,0.783770076077768,0.771887453206135,2537,"tags=21%, list=15%, signal=18%","ME3/ARMT1/CA2/MGST3/PTGES2/PCBD1/MVD/CBS/HACD3/BST1/ME2/CHAC2/FH/EHHADH/NPR2/FASN/HMGA2/ACO1/CHAC1/AMD1/PISD/ADCY1/HACD1/POLQ/ADSL/UROD/PCK2/SCLY/ODC1/CA12"
"GOMF_PHOSPHATIDYLINOSITOL_PHOSPHATE_PHOSPHATASE_ACTIVITY","GOMF_PHOSPHATIDYLINOSITOL_PHOSPHATE_PHOSPHATASE_ACTIVITY",32,0.448407201699792,0.993705740287815,0.446938775510204,0.783770076077768,0.771887453206135,1800,"tags=25%, list=11%, signal=22%","INPP5F/PIP4P2/MTMR4/PTEN/INPP5K/INPP5J/SYNJ1/MTMR9"
"GOMF_NADH_DEHYDROGENASE_ACTIVITY","GOMF_NADH_DEHYDROGENASE_ACTIVITY",45,0.435498429636832,0.993380190597819,0.447638603696099,0.783770076077768,0.771887453206135,4783,"tags=42%, list=28%, signal=30%","NQO1/NDUFB10/ENOX1/NDUFA13/NDUFA1/NDUFA2/NDUFA3/NDUFV3/NDUFB1/NDUFC2/AIFM1/NDUFB9/NDUFS8/NDUFC1/NDUFV1/NDUFA4/NDUFB5/NDUFB8/MT-ND4L"
"GOMF_STEROID_BINDING","GOMF_STEROID_BINDING",59,-0.406456347551718,-0.98928760546818,0.449704142011834,0.783770076077768,0.771887453206135,1546,"tags=17%, list=9%, signal=15%","NPC1/CD81/INSIG1/OSBPL8/VDAC1/SOAT1/ANXA6/PGRMC1/OSBPL6/AR"
"GOMF_NADPLUS_ADP_RIBOSYLTRANSFERASE_ACTIVITY","GOMF_NADPLUS_ADP_RIBOSYLTRANSFERASE_ACTIVITY",22,0.47449292890176,0.986492866270413,0.449392712550607,0.783770076077768,0.771887453206135,3124,"tags=32%, list=18%, signal=26%","PARP8/PARP4/PARP16/SIRT2/TNKS/SIRT3/PARP9"
"GOMF_ARMADILLO_REPEAT_DOMAIN_BINDING","GOMF_ARMADILLO_REPEAT_DOMAIN_BINDING",10,0.571364707874769,1.04066577400759,0.452674897119342,0.786411149825784,0.774488486023421,416,"tags=10%, list=2%, signal=10%","CTNNBIP1"
"GOMF_GAMMA_TUBULIN_BINDING","GOMF_GAMMA_TUBULIN_BINDING",31,0.453786542100969,0.992956813728532,0.453061224489796,0.786411149825784,0.774488486023421,2964,"tags=29%, list=17%, signal=24%","DIXDC1/BRSK1/B9D2/TUBGCP6/CEP70/RAD51D/NDRG1/PAK1/TUBGCP2"
"GOMF_ADENYLATE_CYCLASE_BINDING","GOMF_ADENYLATE_CYCLASE_BINDING",10,-0.549261606424586,-1.02105532153341,0.455426356589147,0.788194444444444,0.776244744374598,1491,"tags=50%, list=9%, signal=46%","AKAP5/CAP1/AKAP12/CALM1/ADRB2"
"GOMF_1_PHOSPHATIDYLINOSITOL_BINDING","GOMF_1_PHOSPHATIDYLINOSITOL_BINDING",13,-0.527715055753358,-1.01240839175263,0.464077669902913,0.788194444444444,0.776244744374598,5327,"tags=62%, list=31%, signal=42%","EPB41/SESTD1/ZFYVE9/PICALM/ZFYVE16/EEA1/SCARB1/SNAP91"
"GOMF_PHOSPHATIDYLINOSITOL_PHOSPHATE_5_PHOSPHATASE_ACTIVITY","GOMF_PHOSPHATIDYLINOSITOL_PHOSPHATE_5_PHOSPHATASE_ACTIVITY",13,0.525506482695899,1.00276256162658,0.459958932238193,0.788194444444444,0.776244744374598,2896,"tags=54%, list=17%, signal=45%","INPP5F/INPP5K/INPP5J/SYNJ1/INPP5B/SYNJ2/FIG4"
"GOMF_PROTEIN_SERINE_THREONINE_TYROSINE_KINASE_ACTIVITY","GOMF_PROTEIN_SERINE_THREONINE_TYROSINE_KINASE_ACTIVITY",367,0.34728760227097,1.0010916879486,0.456293706293706,0.788194444444444,0.776244744374598,1738,"tags=15%, list=10%, signal=13%","CIITA/PAK6/PAK3/RIPK4/ERBB3/MAP3K9/IGF1R/DDR1/MAPK11/KSR2/MOK/ERN1/MAP2K6/INSR/FAM20C/DMPK/MAP3K14/HIPK3/DCLK2/PRKCH/WNK1/STK32B/DAPK2/CDKL5/MAP3K15/BRSK1/DYRK1A/CAMKK1/MAP3K10/ULK3/CDK15/STK19/MAP2K5/ACVR2B/IKBKB/EIF2AK4/TNK2/BRSK2/STK16/CSNK1D/PASK/BRAF/MAPK12/MAST3/MERTK/PRKD1/KSR1/TAOK2/PIM2/EIF2AK3/EPHB4/RIPK1/PDIK1L/SGK1"
"GOMF_DNA_POLYMERASE_BINDING","GOMF_DNA_POLYMERASE_BINDING",21,-0.478554115292381,-0.99989068882568,0.458823529411765,0.788194444444444,0.776244744374598,4258,"tags=38%, list=25%, signal=29%","PCNA/RAD51/HSP90AA1/LONP1/SMG6/FANCI/PTGES3/HSP90AB1"
"GOMF_TRANSFERASE_ACTIVITY_TRANSFERRING_SULPHUR_CONTAINING_GROUPS","GOMF_TRANSFERASE_ACTIVITY_TRANSFERRING_SULPHUR_CONTAINING_GROUPS",43,-0.424783886296654,-0.993888395469337,0.461538461538462,0.788194444444444,0.776244744374598,2044,"tags=23%, list=12%, signal=21%","MOCS3/DSEL/HS2ST1/HS6ST1/CHST9/SULT1B1/TST/OXCT1/HS3ST3B1/CHST6"
"GOMF_NUCLEAR_IMPORT_SIGNAL_RECEPTOR_ACTIVITY","GOMF_NUCLEAR_IMPORT_SIGNAL_RECEPTOR_ACTIVITY",19,-0.487020611055121,-0.990421680437268,0.464,0.788194444444444,0.776244744374598,3341,"tags=42%, list=20%, signal=34%","KPNA2/KPNA6/TNPO3/KPNA4/IPO11/TNPO1/RANBP6/IPO9"
"GOMF_PROTEIN_SERINE_KINASE_ACTIVITY","GOMF_PROTEIN_SERINE_KINASE_ACTIVITY",313,0.349737154251251,0.9881426577612,0.457720588235294,0.788194444444444,0.776244744374598,1738,"tags=15%, list=10%, signal=14%","CIITA/PAK6/PAK3/RIPK4/MAP3K9/MAPK11/KSR2/MOK/ERN1/MAP2K6/FAM20C/DMPK/MAP3K14/HIPK3/DCLK2/PRKCH/WNK1/STK32B/DAPK2/CDKL5/MAP3K15/BRSK1/DYRK1A/CAMKK1/MAP3K10/ULK3/CDK15/STK19/MAP2K5/IKBKB/EIF2AK4/TNK2/BRSK2/STK16/CSNK1D/PASK/BRAF/MAPK12/MAST3/PRKD1/KSR1/TAOK2/PIM2/EIF2AK3/RIPK1/PDIK1L/SGK1"
"GOMF_NON_MEMBRANE_SPANNING_PROTEIN_TYROSINE_KINASE_ACTIVITY","GOMF_NON_MEMBRANE_SPANNING_PROTEIN_TYROSINE_KINASE_ACTIVITY",30,-0.448118859402787,-0.985871951854973,0.457925636007828,0.788194444444444,0.776244744374598,2968,"tags=37%, list=18%, signal=30%","WEE1/BAZ1B/ITK/JAK1/LYN/ABL2/YES1/STYK1/PRKCD/MELK/PEAK1"
"GOMF_CATION_CHANNEL_ACTIVITY","GOMF_CATION_CHANNEL_ACTIVITY",155,0.371976388899936,0.982131395849342,0.464895635673624,0.788194444444444,0.776244744374598,1887,"tags=19%, list=11%, signal=17%","KCND1/CACNG7/TRPM4/SNAP25/ORAI3/TMEM63B/GRIK2/TPCN2/KCNIP3/HCN1/GRIN2A/PKD1L2/KCNN4/KCNAB3/SHROOM2/CACNG8/ATP6V1A/ASIC1/ASIC2/KCNMA1/PKD2/P2RX6/KCNH8/ATP5PO/ATP5PD/RASA3/TMEM63A/TMEM38A/PSEN1"
"GOMF_INTEGRIN_BINDING","GOMF_INTEGRIN_BINDING",108,0.383838113242954,0.97924440076978,0.461538461538462,0.788194444444444,0.776244744374598,2170,"tags=30%, list=13%, signal=26%","ITGB5/S1PR2/LTBP4/COL5A1/ITGB8/CALR/ITGA1/THBS1/COL16A1/ADAM22/LAMB2/CCN5/MMP14/JAM3/CCN4/CXADR/NISCH/P4HB/TSPAN4/ICAM3/ITGA2/ADAM17/ADAM11/PTK2/LAMA5/ITGA4/FRMD5/ITGB1/FBLN1/ITGAM/FBN1/FN1"
"GOMF_SNAP_RECEPTOR_ACTIVITY","GOMF_SNAP_RECEPTOR_ACTIVITY",34,0.437771503715005,0.973821899270731,0.465163934426229,0.788194444444444,0.776244744374598,2055,"tags=24%, list=12%, signal=21%","SNAP25/VAMP2/VAMP1/STX5/STX10/TSNARE1/STX4/STX8"
"GOMF_G_PROTEIN_BETA_GAMMA_SUBUNIT_COMPLEX_BINDING","GOMF_G_PROTEIN_BETA_GAMMA_SUBUNIT_COMPLEX_BINDING",15,-0.514849647429519,-1.00079210613448,0.469902912621359,0.794647697779487,0.782600160884765,2014,"tags=27%, list=12%, signal=24%","GNA13/CETN2/GNA12/ADORA1"
"GOMF_MAP_KINASE_ACTIVITY","GOMF_MAP_KINASE_ACTIVITY",12,0.537025248834713,1.01044489107247,0.472616632860041,0.795277013752456,0.783219935890808,1483,"tags=17%, list=9%, signal=15%","MAPK11/MAPK12"
"GOMF_NUCLEOTIDE_TRANSMEMBRANE_TRANSPORTER_ACTIVITY","GOMF_NUCLEOTIDE_TRANSMEMBRANE_TRANSPORTER_ACTIVITY",22,-0.470352232720307,-0.989726314167484,0.47244094488189,0.795277013752456,0.783219935890808,758,"tags=36%, list=4%, signal=35%","ABCC5/SLC25A51/SLC25A5/SLC25A25/SLC25A24/SLC25A36/SLC25A4/SLC25A32"
"GOMF_ORGANIC_HYDROXY_COMPOUND_TRANSMEMBRANE_TRANSPORTER_ACTIVITY","GOMF_ORGANIC_HYDROXY_COMPOUND_TRANSMEMBRANE_TRANSPORTER_ACTIVITY",19,-0.486010974816365,-0.988368449839794,0.474,0.795277013752456,0.783219935890808,1955,"tags=21%, list=12%, signal=19%","ABCC3/SLC2A13/SLC16A1/AQP7"
"GOMF_MOLECULAR_CARRIER_ACTIVITY","GOMF_MOLECULAR_CARRIER_ACTIVITY",59,-0.399239234234891,-0.97172163363725,0.473372781065089,0.795277013752456,0.783219935890808,3341,"tags=37%, list=20%, signal=30%","KPNA6/RANBP17/TIMM9/TNPO3/NUP42/XPO1/KPNA4/HSPA8/MMGT1/XPO6/FXN/IPO11/TNPO1/RANBP6/CLU/NUP214/EIF4ENIF1/CSE1L/RAN/PEX19/XPO5/IPO9"
"GOMF_OXIDOREDUCTASE_ACTIVITY_ACTING_ON_NAD_P_H_HEME_PROTEIN_AS_ACCEPTOR","GOMF_OXIDOREDUCTASE_ACTIVITY_ACTING_ON_NAD_P_H_HEME_PROTEIN_AS_ACCEPTOR",10,0.561375575009401,1.02247188043711,0.477366255144033,0.799354474300008,0.787235578658581,344,"tags=10%, list=2%, signal=10%","NQO1"
"GOMF_RNA_POLYMERASE_II_CORE_PROMOTER_SEQUENCE_SPECIFIC_DNA_BINDING","GOMF_RNA_POLYMERASE_II_CORE_PROMOTER_SEQUENCE_SPECIFIC_DNA_BINDING",20,-0.476583150025156,-0.985478731805431,0.478682170542636,0.799989380906871,0.787860859539738,1562,"tags=35%, list=9%, signal=32%","H3-3B/EZH2/CEBPB/H2AZ1/REST/H3-3A/PAX6"
"GOMF_STEROID_DEHYDROGENASE_ACTIVITY_ACTING_ON_THE_CH_OH_GROUP_OF_DONORS_NAD_OR_NADP_AS_ACCEPTOR","GOMF_STEROID_DEHYDROGENASE_ACTIVITY_ACTING_ON_THE_CH_OH_GROUP_OF_DONORS_NAD_OR_NADP_AS_ACCEPTOR",14,-0.510601591956166,-0.98364819603835,0.482558139534884,0.804891896802326,0.792689049112607,1265,"tags=21%, list=7%, signal=20%","HSD17B7/HSD17B12/NSDHL"
"GOMF_MAP_KINASE_SCAFFOLD_ACTIVITY","GOMF_MAP_KINASE_SCAFFOLD_ACTIVITY",10,0.557334829295728,1.01511219281949,0.483539094650206,0.804955919749076,0.792752101416876,2714,"tags=70%, list=16%, signal=59%","KSR1/MAPK8IP1/SH3RF1/MAP2K2/DUSP19/MAPK8IP3/SPAG9"
"GOMF_MRNA_METHYLTRANSFERASE_ACTIVITY","GOMF_MRNA_METHYLTRANSFERASE_ACTIVITY",12,-0.528936892277188,-1.00946894650275,0.485265225933202,0.805698541021916,0.7934834639178,3415,"tags=42%, list=20%, signal=33%","RNMT/METTL14/METTL8/TRMT10C/NSUN2"
"GOMF_DYNACTIN_BINDING","GOMF_DYNACTIN_BINDING",12,0.522320307436778,0.982776670739614,0.503042596348884,0.805698541021916,0.7934834639178,1797,"tags=33%, list=11%, signal=30%","MAPT/BICD1/BBS4/SPTBN5"
"GOMF_S_ADENOSYLMETHIONINE_DEPENDENT_METHYLTRANSFERASE_ACTIVITY","GOMF_S_ADENOSYLMETHIONINE_DEPENDENT_METHYLTRANSFERASE_ACTIVITY",146,-0.349941007276919,-0.980483148028308,0.498947368421053,0.805698541021916,0.7934834639178,2818,"tags=16%, list=17%, signal=13%","TRMT2B/EZH2/TRMT1/METTL8/SETD1B/ARMT1/TFB1M/SMYD2/PCMT1/WDR5/TRMT10C/METTL1/ATPSCKMT/NSUN2/SETD2/ASH1L/RBBP5/TRDMT1/SUV39H2/DPH5/KMT5A/NSD2/SETD7"
"GOMF_NUCLEOBASE_CONTAINING_COMPOUND_KINASE_ACTIVITY","GOMF_NUCLEOBASE_CONTAINING_COMPOUND_KINASE_ACTIVITY",35,-0.434651633491207,-0.978635894650047,0.495107632093933,0.805698541021916,0.7934834639178,3533,"tags=29%, list=21%, signal=23%","NME6/NME7/CASK/AK3/UCK1/CMPK1/NOL9/ADK/TJP2/UCK2"
"GOMF_OXIDOREDUCTASE_ACTIVITY_ACTING_ON_A_SULFUR_GROUP_OF_DONORS_NAD_P_AS_ACCEPTOR","GOMF_OXIDOREDUCTASE_ACTIVITY_ACTING_ON_A_SULFUR_GROUP_OF_DONORS_NAD_P_AS_ACCEPTOR",13,-0.509986015398127,-0.978395662652583,0.504854368932039,0.805698541021916,0.7934834639178,3542,"tags=38%, list=21%, signal=30%","SELENOT/DLD/TXNRD2/TXN/PGK1"
"GOMF_RNA_7_METHYLGUANOSINE_CAP_BINDING","GOMF_RNA_7_METHYLGUANOSINE_CAP_BINDING",12,-0.512334371181672,-0.977783258239592,0.508840864440079,0.805698541021916,0.7934834639178,1037,"tags=33%, list=6%, signal=31%","NCBP3/NCBP1/LARP1/GEMIN5"
"GOMF_CELL_CELL_ADHESION_MEDIATOR_ACTIVITY","GOMF_CELL_CELL_ADHESION_MEDIATOR_ACTIVITY",43,-0.417765475051664,-0.97746706284337,0.488461538461538,0.805698541021916,0.7934834639178,1500,"tags=33%, list=9%, signal=30%","NEXN/CD200/DSG2/ANXA1/SIRPA/KRT18/CD47/CNTN1/NRCAM/STXBP6/JUP/S100A11/ROBO4/PALLD"
"GOMF_CALCIUM_RELEASE_CHANNEL_ACTIVITY","GOMF_CALCIUM_RELEASE_CHANNEL_ACTIVITY",14,-0.50648980604366,-0.975727048006208,0.494186046511628,0.805698541021916,0.7934834639178,859,"tags=21%, list=5%, signal=20%","MCOLN2/RYR2/MCOLN3"
"GOMF_BETA_1_3_GALACTOSYLTRANSFERASE_ACTIVITY","GOMF_BETA_1_3_GALACTOSYLTRANSFERASE_ACTIVITY",10,-0.523845734604715,-0.973808234044409,0.503875968992248,0.805698541021916,0.7934834639178,279,"tags=50%, list=2%, signal=49%","B3GNT2/B3GNT7/B3GALT6/C1GALT1/B3GALNT1"
"GOMF_D_THREO_ALDOSE_1_DEHYDROGENASE_ACTIVITY","GOMF_D_THREO_ALDOSE_1_DEHYDROGENASE_ACTIVITY",10,-0.523728939768978,-0.97359111712387,0.505813953488372,0.805698541021916,0.7934834639178,1700,"tags=30%, list=10%, signal=27%","AKR1B1/KCNAB1/GCLM"
"GOMF_ACTIVIN_BINDING","GOMF_ACTIVIN_BINDING",13,0.509947554494661,0.973073278595854,0.51129363449692,0.805698541021916,0.7934834639178,2313,"tags=54%, list=14%, signal=47%","ACVR1/TGFBR1/ACVR2A/ACVR2B/TGFBR2/TGFBR3/SMAD7"
"GOMF_CERAMIDE_BINDING","GOMF_CERAMIDE_BINDING",17,-0.48660600021691,-0.972161122474834,0.496138996138996,0.805698541021916,0.7934834639178,2040,"tags=29%, list=12%, signal=26%","PLEKHA8P1/GLTP/VDAC1/RTN4R/PLTP"
"GOMF_SEMAPHORIN_RECEPTOR_ACTIVITY","GOMF_SEMAPHORIN_RECEPTOR_ACTIVITY",12,-0.508206333708339,-0.969904954229848,0.518664047151277,0.805698541021916,0.7934834639178,14,"tags=17%, list=0%, signal=17%","PLXNC1/PLXNA2"
"GOMF_ACTIVE_ION_TRANSMEMBRANE_TRANSPORTER_ACTIVITY","GOMF_ACTIVE_ION_TRANSMEMBRANE_TRANSPORTER_ACTIVITY",155,0.366533752786195,0.967761172461517,0.493358633776091,0.805698541021916,0.7934834639178,1503,"tags=14%, list=9%, signal=12%","SLC26A2/SLC9A7/ATP7A/SLC37A1/SLC6A6/SLC7A11/SLC12A8/SLCO5A1/SLC9A5/CLCN3/SLC3A2/SLC22A18/SLC4A4/ATP6V1A/ATP13A1/ATP1A1/SLCO3A1/SLC23A2/SLC25A22/SLC12A6/SLC1A3"
"GOMF_PROTEIN_DISULFIDE_REDUCTASE_NAD_P_ACTIVITY","GOMF_PROTEIN_DISULFIDE_REDUCTASE_NAD_P_ACTIVITY",11,-0.510905580815873,-0.967093718092758,0.516634050880626,0.805698541021916,0.7934834639178,2200,"tags=36%, list=13%, signal=32%","SELENOT/TXNRD2/TXN/PGK1"
"GOMF_BIOACTIVE_LIPID_RECEPTOR_ACTIVITY","GOMF_BIOACTIVE_LIPID_RECEPTOR_ACTIVITY",12,-0.506134330502426,-0.965950563972783,0.526522593320236,0.805698541021916,0.7934834639178,1105,"tags=42%, list=7%, signal=39%","S1PR3/GPR174/S1PR1/LPAR4/LPAR3"
"GOMF_RNA_POLYMERASE_II_SPECIFIC_DNA_BINDING_TRANSCRIPTION_FACTOR_BINDING","GOMF_RNA_POLYMERASE_II_SPECIFIC_DNA_BINDING_TRANSCRIPTION_FACTOR_BINDING",296,0.343090048474424,0.965707484752414,0.528028933092224,0.805698541021916,0.7934834639178,1675,"tags=14%, list=10%, signal=13%","DACT1/SMAD3/HES1/PPARA/CALR/NOTCH2/MEF2C/GATA4/BHLHE41/NHLH2/FOS/STAT3/CTNNB1/GABARAPL1/EGR2/ANXA4/SMARCA1/BBS2/LDB1/DAXX/STAT5B/BCAS3/ARNTL/SMAD2/WIPI1/GTF2I/AHR/STING1/BHLHE40/NCOA1/PRMT2/BEX1/HDAC1/GATA6/HDAC4/DNMT3A/CDK5RAP3/BBS1/KEAP1/BBS4/PROX1/TRIM24"
"GOMF_PHOSPHATASE_ACTIVITY","GOMF_PHOSPHATASE_ACTIVITY",223,0.35531544753199,0.964236281515956,0.530612244897959,0.805698541021916,0.7934834639178,2018,"tags=18%, list=12%, signal=16%","DUSP4/PLPP4/INPP5F/EYA1/PTPRJ/PTPRU/PTPRE/UBASH3B/PTPRS/PTPRH/DUSP16/PIP4P2/PPM1H/SSH2/MTMR4/PTPRN/PTEN/PXYLP1/PPP1R3B/PLPP2/ATP1A1/INPP5K/INPP5J/NUDT16L1/PPM1N/NT5DC1/PPM1L/PDP2/SYNJ1/DLG1/PFKFB4/IMPA2/SSH3/DNAJC6/MTMR9/PTPRG/STYXL1/TNS3/PPP1R3E/PPM1B"
"GOMF_CADHERIN_BINDING","GOMF_CADHERIN_BINDING",300,-0.321164784655235,-0.963166002121283,0.535874439461883,0.805698541021916,0.7934834639178,2248,"tags=23%, list=13%, signal=21%","PRDX1/PCMT1/CHMP5/DDX3X/TRIM25/FSCN1/MACF1/HSPA8/KTN1/HNRNPK/NUMB/CDH2/CIP2A/ZC3H15/MAPRE1/IQGAP1/KLC2/EPS15/PKP4/RANGAP1/AFDN/PLIN3/CAPG/NIBAN2/EGFR/FLNA/ABI1/ANXA1/CALD1/OLA1/CTNND2/CDH6/KRT18/DIAPH3/RANBP1/EIF4G2/PFKP/CKAP5/EZR/FASN/PTPN11/VCL/EHD1/TMPO/LRRC59/TJP2/LARP1/TWF1/BZW2/TAGLN2/SERBP1/SWAP70/DCHS1/UBAP2/STXBP6/JUP/TJP1/CDH4/MYO1B/RAN/HSP90AB1/ARHGAP18/SPTAN1/LRRFIP1/LASP1/S100A11/PRDX6/CD46/PTPRB/HSPA1A"
"GOMF_PROLINE_RICH_REGION_BINDING","GOMF_PROLINE_RICH_REGION_BINDING",17,0.487370065838333,0.962905924953941,0.5,0.805698541021916,0.7934834639178,3331,"tags=41%, list=20%, signal=33%","RABAC1/BAIAP2/GHR/BAIAP2L1/ABL1/CCND1/APBB1"
"GOMF_CHANNEL_INHIBITOR_ACTIVITY","GOMF_CHANNEL_INHIBITOR_ACTIVITY",26,-0.441220979716824,-0.962258414773053,0.502879078694818,0.805698541021916,0.7934834639178,2304,"tags=38%, list=14%, signal=33%","MCUB/RSC1A1/FKBP1A/SLC30A1/BCL2/KCNV1/CALM1/NEDD4/ANKRD36C/ENSA"
"GOMF_NAD_P_PLUS_NUCLEOSIDASE_ACTIVITY","GOMF_NAD_P_PLUS_NUCLEOSIDASE_ACTIVITY",12,0.51106326221658,0.961595871780901,0.531440162271805,0.805698541021916,0.7934834639178,2426,"tags=50%, list=14%, signal=43%","IL1RAP/CD38/TLR1/TLR4/IL18R1/IL1RAPL1"
"GOMF_SNARE_BINDING","GOMF_SNARE_BINDING",82,-0.377499033656265,-0.961395153218008,0.508264462809917,0.805698541021916,0.7934834639178,2640,"tags=21%, list=16%, signal=18%","TPCN1/STX6/VPS50/ABCA1/SNAP23/VTI1A/NBAS/VAMP7/SNAP91/SYT11/ANKRD27/STX2/VAMP3/SYT1/TXLNG/SYBU/DAPK1"
"GOMF_GLUCOCORTICOID_RECEPTOR_BINDING","GOMF_GLUCOCORTICOID_RECEPTOR_BINDING",12,0.510719964979992,0.960949937647297,0.531440162271805,0.805698541021916,0.7934834639178,772,"tags=17%, list=5%, signal=16%","SMAD3/STAT5B"
"GOMF_SULFURTRANSFERASE_ACTIVITY","GOMF_SULFURTRANSFERASE_ACTIVITY",10,-0.516811110803539,-0.960731150222853,0.525193798449612,0.805698541021916,0.7934834639178,3448,"tags=30%, list=20%, signal=24%","MPST/MOCS3/TST"
"GOMF_LIGAND_GATED_CATION_CHANNEL_ACTIVITY","GOMF_LIGAND_GATED_CATION_CHANNEL_ACTIVITY",43,-0.410048576617747,-0.959411444327915,0.501923076923077,0.805698541021916,0.7934834639178,859,"tags=14%, list=5%, signal=13%","MCOLN2/RYR2/KCNJ8/GRIN2B/MCOLN3/ABCC9"
"GOMF_CALCIUM_ION_TRANSMEMBRANE_TRANSPORTER_ACTIVITY","GOMF_CALCIUM_ION_TRANSMEMBRANE_TRANSPORTER_ACTIVITY",77,-0.378359454794152,-0.95887367948223,0.517382413087935,0.805698541021916,0.7934834639178,1505,"tags=21%, list=9%, signal=19%","CACNB4/CACNA1C/CACHD1/ATP2B1/TRPC3/CACNA1E/MCOLN2/SLC8A1/RYR2/TMEM165/NCS1/ANXA6/CLCA3P/GRIN2B/MCOLN3/TRPV4"
"GOMF_HSP90_PROTEIN_BINDING","GOMF_HSP90_PROTEIN_BINDING",36,0.428255691584326,0.958813883784992,0.488798370672098,0.805698541021916,0.7934834639178,2075,"tags=28%, list=12%, signal=24%","NR3C1/MAPT/ERN1/CYP1A1/ARNTL/AHR/TSC2/EIF2AK3/STUB1/USP19"
"GOMF_IRON_ION_BINDING","GOMF_IRON_ION_BINDING",83,-0.37460642999481,-0.95755384569745,0.509240246406571,0.805698541021916,0.7934834639178,1953,"tags=16%, list=12%, signal=14%","FXN/CYP2U1/CYP27C1/CYP2C19/CYP2J2/SC5D/ABCE1/CYP2C9/AOX1/MSMO1/CYP51A1/SCD/KDM7A"
"GOMF_PHOSPHOTRANSFERASE_ACTIVITY_FOR_OTHER_SUBSTITUTED_PHOSPHATE_GROUPS","GOMF_PHOSPHOTRANSFERASE_ACTIVITY_FOR_OTHER_SUBSTITUTED_PHOSPHATE_GROUPS",22,-0.454756794303912,-0.956910023081942,0.509842519685039,0.805698541021916,0.7934834639178,2024,"tags=23%, list=12%, signal=20%","FKTN/CHPT1/SGMS1/SGMS2/SELENOI"
"GOMF_DOPAMINE_RECEPTOR_BINDING","GOMF_DOPAMINE_RECEPTOR_BINDING",10,-0.514654314048698,-0.956721751462339,0.529069767441861,0.805698541021916,0.7934834639178,3158,"tags=50%, list=19%, signal=41%","SNX5/GNA13/VPS35/SLC9A3R1/GNA12"
"GOMF_PEPTIDASE_REGULATOR_ACTIVITY","GOMF_PEPTIDASE_REGULATOR_ACTIVITY",106,0.377088532880259,0.95626332573754,0.490601503759398,0.805698541021916,0.7934834639178,1750,"tags=17%, list=10%, signal=15%","SERPINB2/SPOCK1/PSME2/PSME1/APP/PROS1/CD109/TIMP1/SNCA/SERPINH1/SERPINB6/SERPINI1/SERPINF1/NAIP/PI15/CARD8/GAPDH/GAS6"
"GOMF_ACTININ_BINDING","GOMF_ACTININ_BINDING",23,-0.446475151950912,-0.955974806473977,0.516377649325626,0.805698541021916,0.7934834639178,878,"tags=17%, list=5%, signal=17%","CACNA1C/TTN/CSRP1/PALLD"
"GOMF_PROTEIN_KINASE_A_REGULATORY_SUBUNIT_BINDING","GOMF_PROTEIN_KINASE_A_REGULATORY_SUBUNIT_BINDING",21,-0.457103184532151,-0.955071126631143,0.509803921568627,0.805698541021916,0.7934834639178,3145,"tags=33%, list=19%, signal=27%","GSKIP/PRRC1/WASF1/WASF2/EZR/RYR2/ARFGEF2"
"GOMF_FATTY_ACID_LIGASE_ACTIVITY","GOMF_FATTY_ACID_LIGASE_ACTIVITY",12,0.506602128172254,0.95320198320069,0.535496957403651,0.805698541021916,0.7934834639178,1654,"tags=25%, list=10%, signal=23%","SLC27A1/ACSL1/ACSF2"
"GOMF_HYDRO_LYASE_ACTIVITY","GOMF_HYDRO_LYASE_ACTIVITY",45,-0.404213824835552,-0.952609101477227,0.502912621359223,0.805698541021916,0.7934834639178,2758,"tags=27%, list=16%, signal=22%","HADHA/CDYL/CA2/PCBD1/CBS/HACD3/FH/EHHADH/FASN/ACO1/HACD1/CA12"
"GOMF_GUANYL_NUCLEOTIDE_EXCHANGE_FACTOR_ACTIVITY","GOMF_GUANYL_NUCLEOTIDE_EXCHANGE_FACTOR_ACTIVITY",185,0.352711884481534,0.951464102124873,0.531365313653137,0.805698541021916,0.7934834639178,1019,"tags=15%, list=6%, signal=14%","ARHGEF17/PLEKHG1/TBXA2R/PLEKHG4/DOCK6/NUCB1/PSD3/DOCK1/WDR41/RGL2/PLCE1/DOCK5/RGL3/LAMTOR4/MADD/PLCD4/PLEKHG5/DENND5B/RAPGEFL1/IQSEC2/RALGPS1/RIN1/FGD6/DENND4A/CYTH2/RANGRF/VPS9D1"
"GOMF_ADP_BINDING","GOMF_ADP_BINDING",30,-0.432468939458905,-0.951441762636846,0.522504892367906,0.805698541021916,0.7934834639178,1281,"tags=20%, list=8%, signal=19%","MIEF1/PRKAG2/GCLC/CHORDC1/PGK1/MYH10"
"GOMF_NEUREXIN_FAMILY_PROTEIN_BINDING","GOMF_NEUREXIN_FAMILY_PROTEIN_BINDING",14,0.49346889981791,0.950304226033585,0.534979423868313,0.805698541021916,0.7934834639178,1699,"tags=36%, list=10%, signal=32%","NLGN2/SYTL2/NLGN1/SYTL5/LRRTM2"
"GOMF_TETRAPYRROLE_BINDING","GOMF_TETRAPYRROLE_BINDING",74,-0.378329077591867,-0.949866138262999,0.518518518518518,0.805698541021916,0.7934834639178,1904,"tags=20%, list=11%, signal=18%","CYP2U1/CBS/CYP27C1/CYP2C19/DUOX1/CYP2J2/TCN1/CYB5B/SDHC/FLVCR2/CYP2C9/HMOX1/MMAB/PGRMC1/CYP51A1"
"GOMF_STEROID_HYDROXYLASE_ACTIVITY","GOMF_STEROID_HYDROXYLASE_ACTIVITY",11,-0.501624114857568,-0.949524821294578,0.530332681017613,0.805698541021916,0.7934834639178,3544,"tags=64%, list=21%, signal=50%","CYP2R1/CYP27A1/CYP2C18/CYP2U1/CYP2C19/CYP2J2/CYP2C9"
"GOMF_FATTY_ACID_DERIVATIVE_BINDING","GOMF_FATTY_ACID_DERIVATIVE_BINDING",19,-0.465501339814188,-0.946659358472997,0.514,0.805698541021916,0.7934834639178,2758,"tags=32%, list=16%, signal=26%","HADHA/ACBD7/PNPLA3/ACADL/SOAT1/DBI"
"GOMF_CORE_PROMOTER_SEQUENCE_SPECIFIC_DNA_BINDING","GOMF_CORE_PROMOTER_SEQUENCE_SPECIFIC_DNA_BINDING",42,-0.405523423567462,-0.946582742122367,0.517307692307692,0.805698541021916,0.7934834639178,1562,"tags=17%, list=9%, signal=15%","CEBPB/H2AZ1/FOXP1/REST/H3-3A/PAX6/MYC"
"GOMF_DEACETYLASE_ACTIVITY","GOMF_DEACETYLASE_ACTIVITY",35,0.422658833456453,0.941403904749424,0.492871690427699,0.805698541021916,0.7934834639178,3246,"tags=40%, list=19%, signal=32%","HDAC10/HDAC1/HDAC4/NDST2/SIRT2/NDST1/SIRT7/CES2/ESD/NDST3/HDAC3/SIRT3/HDAC6/MACROD2"
"GOMF_LYSOPHOSPHOLIPID_ACYLTRANSFERASE_ACTIVITY","GOMF_LYSOPHOSPHOLIPID_ACYLTRANSFERASE_ACTIVITY",21,0.458162150253175,0.940725038791045,0.514227642276423,0.805698541021916,0.7934834639178,1012,"tags=14%, list=6%, signal=13%","LPCAT2/GPAT3/LPCAT3"
"GOMF_CAMP_RESPONSE_ELEMENT_BINDING","GOMF_CAMP_RESPONSE_ELEMENT_BINDING",16,-0.47884571825955,-0.940539639635261,0.531128404669261,0.805698541021916,0.7934834639178,1457,"tags=31%, list=9%, signal=29%","CREB5/JUN/HMGA2/ATF6/JDP2"
"GOMF_PHOSPHOPROTEIN_BINDING","GOMF_PHOSPHOPROTEIN_BINDING",70,0.392642783804138,0.939962910968211,0.520792079207921,0.805698541021916,0.7934834639178,1981,"tags=16%, list=12%, signal=14%","PLAT/NCK2/MID2/UBASH3B/SNCA/PRKCSH/PKD2/LRP11/RASA1/LDLRAP1/PLCG2"
"GOMF_PHOSPHOLIPID_TRANSPORTER_ACTIVITY","GOMF_PHOSPHOLIPID_TRANSPORTER_ACTIVITY",48,-0.392518930200132,-0.939781166066577,0.53448275862069,0.805698541021916,0.7934834639178,2493,"tags=27%, list=15%, signal=23%","C2CD2L/ABCA1/PRELID3B/PLEKHA8P1/GLTP/PRELID3A/PITPNB/OSBPL8/MFSD2A/ATP11C/ATP8B1/ATP10B/PLTP"
"GOMF_MITOGEN_ACTIVATED_PROTEIN_KINASE_BINDING","GOMF_MITOGEN_ACTIVATED_PROTEIN_KINASE_BINDING",24,-0.436270585965193,-0.939340328407665,0.529750479846449,0.805698541021916,0.7934834639178,2569,"tags=29%, list=15%, signal=25%","GCH1/MICAL2/DUSP10/TPR/MAPK14/MAPKAPK5/MAPKAPK2"
"GOMF_POSTSYNAPTIC_NEUROTRANSMITTER_RECEPTOR_ACTIVITY","GOMF_POSTSYNAPTIC_NEUROTRANSMITTER_RECEPTOR_ACTIVITY",23,-0.438574034762292,-0.939057249153452,0.526011560693642,0.805698541021916,0.7934834639178,777,"tags=13%, list=5%, signal=12%","GLRB/GABRA6/GABRB2"
"GOMF_PROMOTER_SPECIFIC_CHROMATIN_BINDING","GOMF_PROMOTER_SPECIFIC_CHROMATIN_BINDING",55,0.407141775870253,0.937400407032727,0.527383367139959,0.805698541021916,0.7934834639178,1353,"tags=13%, list=8%, signal=12%","EGR1/SMAD3/FOXO1/FOXO4/IRF3/HDAC1/PCGF2"
"GOMF_LYSOPHOSPHOLIPASE_ACTIVITY","GOMF_LYSOPHOSPHOLIPASE_ACTIVITY",20,0.457929550691796,0.930605126198293,0.532921810699588,0.805698541021916,0.7934834639178,1379,"tags=20%, list=8%, signal=18%","PLA2G6/PNPLA7/PLA2G4C/LYPLA2"
"GOMF_PENTOSYLTRANSFERASE_ACTIVITY","GOMF_PENTOSYLTRANSFERASE_ACTIVITY",46,0.409449946493983,0.930239788779989,0.505175983436853,0.805698541021916,0.7934834639178,3124,"tags=39%, list=18%, signal=32%","GXYLT2/LACC1/XXYLT1/PARP8/POGLUT1/PARP4/PARP16/POGLUT2/SIRT2/UPP1/APRT/LARGE1/TNKS/XYLT2/SIRT3/QTRT1/POGLUT3/PARP9"
"GOMF_PROTEIN_FOLDING_CHAPERONE","GOMF_PROTEIN_FOLDING_CHAPERONE",35,0.416722026690607,0.928180631913968,0.511201629327902,0.805698541021916,0.7934834639178,252,"tags=6%, list=1%, signal=6%","CD74/CALR"
"GOMF_COLLAGEN_BINDING","GOMF_COLLAGEN_BINDING",48,0.409729303644091,0.926844961501801,0.533333333333333,0.805698541021916,0.7934834639178,771,"tags=19%, list=5%, signal=18%","SMAD3/DDR1/ITGA1/THBS1/COL6A1/PPIB/CTSB/SPARC/SERPINH1"
"GOMF_CHROMATIN_DNA_BINDING","GOMF_CHROMATIN_DNA_BINDING",90,-0.366111192145322,-0.952529557210001,0.54149377593361,0.808453994138641,0.796197142015006,1202,"tags=16%, list=7%, signal=15%","H2AZ1/PPARGC1A/REPIN1/HMGN5/SBNO1/HMGA2/ACTB/DHX9/H3-3A/HDAC2/POLE3/HNRNPU/NOTCH1/TOX3"
"GOMF_GATED_CHANNEL_ACTIVITY","GOMF_GATED_CHANNEL_ACTIVITY",150,0.349913789773126,0.931402273293595,0.541044776119403,0.808453994138641,0.796197142015006,1491,"tags=17%, list=9%, signal=15%","KCND1/CACNG7/TTYH2/TTYH3/TRPM4/SNAP25/TMEM63B/GRIK2/TPCN2/KCNIP3/HCN1/GRIN2A/CLCN3/KCNN4/KCNAB3/SHROOM2/CACNG8/GABRG3/ASIC1/ASIC2/TMEM150C/KCNMA1/PKD2/P2RX6/KCNH8"
"GOMF_CARBOHYDRATE_KINASE_ACTIVITY","GOMF_CARBOHYDRATE_KINASE_ACTIVITY",17,-0.464149183480155,-0.927295986910776,0.540540540540541,0.808453994138641,0.796197142015006,2623,"tags=35%, list=15%, signal=30%","GNE/HK1/PFKM/PFKP/PFKFB3/PFKFB2"
"GOMF_ALPHA_ACTININ_BINDING","GOMF_ALPHA_ACTININ_BINDING",18,-0.457952449073742,-0.924219974528903,0.541338582677165,0.808453994138641,0.796197142015006,1505,"tags=17%, list=9%, signal=15%","CACNA1C/TTN/PALLD"
"GOMF_INOSITOL_TRISPHOSPHATE_PHOSPHATASE_ACTIVITY","GOMF_INOSITOL_TRISPHOSPHATE_PHOSPHATASE_ACTIVITY",10,0.529405950530747,0.964243408247149,0.54320987654321,0.808824208824209,0.796561743930165,2681,"tags=40%, list=16%, signal=34%","INPP5K/INPP5J/SYNJ1/INPP5B"
"GOMF_ATP_DEPENDENT_ACTIVITY_ACTING_ON_DNA","GOMF_ATP_DEPENDENT_ACTIVITY_ACTING_ON_DNA",98,-0.357689870095513,-0.941581946340722,0.551362683438155,0.808824208824209,0.796561743930165,4694,"tags=45%, list=28%, signal=33%","MSH6/SMARCA5/RFC1/ASCC3/BLM/DNA2/FBH1/SMARCAL1/CHD7/RAD51/MCM8/ERCC2/INO80/RAD51C/MSH2/RAD54L/TOP2B/UPF1/XRCC6/RFC4/MRE11/RUVBL1/FANCM/RAD17/HLTF/MCM5/BTAF1/CDK7/RAD50/G3BP1/DDX3X/SUPV3L1/CHD1L/BRIP1/DDX1/ATAD5/CHD6/CHD1/XRCC2/DHX9/RFC5/POLQ/ERCC6L/SMARCA2"
"GOMF_HORMONE_RECEPTOR_BINDING","GOMF_HORMONE_RECEPTOR_BINDING",12,0.498931770797109,0.9387697503788,0.551724137931034,0.808824208824209,0.796561743930165,3142,"tags=42%, list=19%, signal=34%","GNAO1/UCN2/PTHLH/PSMC5/GNRH2"
"GOMF_LONG_CHAIN_FATTY_ACID_COA_LIGASE_ACTIVITY","GOMF_LONG_CHAIN_FATTY_ACID_COA_LIGASE_ACTIVITY",11,0.506724905371899,0.936565815268759,0.54989816700611,0.808824208824209,0.796561743930165,1654,"tags=27%, list=10%, signal=25%","SLC27A1/ACSL1/ACSF2"
"GOMF_NADPH_BINDING","GOMF_NADPH_BINDING",15,-0.481381098511915,-0.935734162076942,0.547572815533981,0.808824208824209,0.796561743930165,2261,"tags=40%, list=13%, signal=35%","CRYZ/QDPR/KCNAB1/MTRR/SRD5A1/HMGCR"
"GOMF_NEUROTRANSMITTER_RECEPTOR_ACTIVITY","GOMF_NEUROTRANSMITTER_RECEPTOR_ACTIVITY",33,-0.417420857440744,-0.933850956965349,0.547388781431335,0.808824208824209,0.796561743930165,228,"tags=15%, list=1%, signal=15%","GLRB/GABRA6/GRIN2B/ADORA1/GABRB2"
"GOMF_PHOSPHOPROTEIN_PHOSPHATASE_ACTIVITY","GOMF_PHOSPHOPROTEIN_PHOSPHATASE_ACTIVITY",145,0.350761407325256,0.928042808329908,0.547892720306513,0.808824208824209,0.796561743930165,2018,"tags=17%, list=12%, signal=15%","DUSP4/EYA1/PTPRJ/PTPRU/PTPRE/UBASH3B/PTPRS/PTPRH/DUSP16/PPM1H/SSH2/MTMR4/PTPRN/PTEN/PPP1R3B/PPM1N/PPM1L/PDP2/DLG1/SSH3/DNAJC6/PTPRG/STYXL1/PPP1R3E/PPM1B"
"GOMF_BHLH_TRANSCRIPTION_FACTOR_BINDING","GOMF_BHLH_TRANSCRIPTION_FACTOR_BINDING",22,-0.440071383842237,-0.926008634383925,0.547244094488189,0.808824208824209,0.796561743930165,309,"tags=14%, list=2%, signal=13%","TCF3/KDM1A/SOX9"
"GOMF_5_3_EXONUCLEASE_ACTIVITY","GOMF_5_3_EXONUCLEASE_ACTIVITY",17,-0.459939807489623,-0.918886325529597,0.552123552123552,0.808824208824209,0.796561743930165,3850,"tags=41%, list=23%, signal=32%","FAN1/DCLRE1C/MRE11/XRN2/EXO1/EXO5/APTX"
"GOMF_COA_HYDROLASE_ACTIVITY","GOMF_COA_HYDROLASE_ACTIVITY",18,0.459874154164548,0.917863315166515,0.552631578947368,0.808824208824209,0.796561743930165,565,"tags=11%, list=3%, signal=11%","PLA2G6/ACOT13"
"GOMF_DYNEIN_COMPLEX_BINDING","GOMF_DYNEIN_COMPLEX_BINDING",17,-0.459018602481709,-0.917045904954996,0.552123552123552,0.808824208824209,0.796561743930165,1975,"tags=29%, list=12%, signal=26%","RAB29/TPR/FMR1/BICD2/CENPF"
"GOMF_PHOSPHATIDYLINOSITOL_BISPHOSPHATE_BINDING","GOMF_PHOSPHATIDYLINOSITOL_BISPHOSPHATE_BINDING",79,0.372994487424957,0.91022070478079,0.553191489361702,0.808824208824209,0.796561743930165,1883,"tags=16%, list=11%, signal=15%","SH3PXD2A/TPCN2/MAPT/PLCB1/SYTL2/SYT5/PLCD1/WIPI1/PLEKHA5/GSN/TIRAP/PFN2/LDLRAP1"
"GOMF_CHAPERONE_BINDING","GOMF_CHAPERONE_BINDING",88,0.367698085111239,0.909810453502655,0.554054054054054,0.808824208824209,0.796561743930165,618,"tags=8%, list=4%, signal=8%","HLA-B/HES1/ATP7A/CALR/MAPT/HYOU1/CDKN1B"
"GOMF_CELL_ADHESION_MOLECULE_BINDING","GOMF_CELL_ADHESION_MOLECULE_BINDING",452,0.325332977205846,0.955076858552895,0.564373897707231,0.810291284143715,0.798006577136483,913,"tags=10%, list=5%, signal=10%","GPRC5A/PAK6/ITGB5/NTNG1/S1PR2/LTBP4/CGN/KIRREL3/PLXNB3/COL5A1/PTPRJ/CEMIP2/CTNND1/ACVR1/ITGB8/CALR/NLGN2/CTNNA2/FMNL2/ITGA1/SNX1/PPFIBP1/THBS1/PTPRH/MMP24/COL16A1/CTNNB1/ADAM22/LAMB2/EXOC3/CTTN/RDX/NFASC/CCN5/MYPN/MMP14/JAM3/NLGN1/SLC3A2/TENM4/ADGRL1/CDH19/CCN4/UBFD1/BAIAP2"
"GOMF_DNA_BINDING_TRANSCRIPTION_REPRESSOR_ACTIVITY","GOMF_DNA_BINDING_TRANSCRIPTION_REPRESSOR_ACTIVITY",253,0.341207208804149,0.945421889188612,0.562724014336918,0.810291284143715,0.798006577136483,814,"tags=8%, list=5%, signal=8%","TFAP2A/SMAD3/HES1/PPARA/TFAP2C/NFATC2/ETV6/NR3C1/NR1D1/BHLHE41/KCNIP3/ZNF558/KLF12/FOXO1/ZFP90/ZNF219/ZBTB46/MAFK/MXI1/ZNF404"
"GOMF_ANION_CATION_SYMPORTER_ACTIVITY","GOMF_ANION_CATION_SYMPORTER_ACTIVITY",10,0.513505607513766,0.935283021746729,0.559670781893004,0.810291284143715,0.798006577136483,1461,"tags=20%, list=9%, signal=18%","SLC12A8/SLC12A6"
"GOMF_DNA_HELICASE_ACTIVITY","GOMF_DNA_HELICASE_ACTIVITY",71,-0.374298171576089,-0.930112834382929,0.557809330628803,0.810291284143715,0.798006577136483,4554,"tags=39%, list=27%, signal=29%","ASCC3/BLM/DNA2/FBH1/CHD7/RAD51/MCM8/ERCC2/RAD54L/UPF1/XRCC6/RFC4/MRE11/RUVBL1/FANCM/MCM5/RAD50/G3BP1/DDX3X/SUPV3L1/CHD1L/BRIP1/CHD6/CHD1/DHX9/RFC5/POLQ/ERCC6L"
"GOMF_PROTEIN_ADP_RIBOSYLASE_ACTIVITY","GOMF_PROTEIN_ADP_RIBOSYLASE_ACTIVITY",16,0.47090703965135,0.926445400188088,0.559426229508197,0.810291284143715,0.798006577136483,1001,"tags=19%, list=6%, signal=18%","PARP8/PARP4/PARP16"
"GOMF_LAMIN_BINDING","GOMF_LAMIN_BINDING",14,0.480310634540901,0.924964523562717,0.559670781893004,0.810291284143715,0.798006577136483,2036,"tags=36%, list=12%, signal=31%","PLCB1/AKAP8L/BNIP3L/NARF/SYNE1"
"GOMF_3_5_DNA_HELICASE_ACTIVITY","GOMF_3_5_DNA_HELICASE_ACTIVITY",15,-0.474371194557361,-0.922107938231778,0.563106796116505,0.810291284143715,0.798006577136483,5134,"tags=47%, list=30%, signal=33%","NAV2/ASCC3/BLM/FBH1/FANCM/MCM5/DHX9"
"GOMF_UBIQUITIN_CONJUGATING_ENZYME_BINDING","GOMF_UBIQUITIN_CONJUGATING_ENZYME_BINDING",28,0.423489382002795,0.91172782800873,0.560081466395112,0.810291284143715,0.798006577136483,641,"tags=11%, list=4%, signal=10%","PPARA/GRIK2/ZMYM2"
"GOMF_PROTEOGLYCAN_BINDING","GOMF_PROTEOGLYCAN_BINDING",23,0.431715036572683,0.90100813636763,0.561076604554865,0.810291284143715,0.798006577136483,622,"tags=22%, list=4%, signal=21%","COL5A1/THBS1/PTPRS/SLIT2/CTSB"
"GOMF_HEPARIN_BINDING","GOMF_HEPARIN_BINDING",89,0.362088325836375,0.898395112071566,0.564547206165703,0.810291284143715,0.798006577136483,829,"tags=15%, list=5%, signal=14%","SMOC1/COL5A1/VEGFA/APLP1/NRP1/APP/SFRP1/THBS1/PTPRS/SLIT2/CCN5/VEGFB/CCN4"
"GOMF_ENDONUCLEASE_ACTIVITY_ACTIVE_WITH_EITHER_RIBO_OR_DEOXYRIBONUCLEIC_ACIDS_AND_PRODUCING_3_PHOSPHOMONOESTERS","GOMF_ENDONUCLEASE_ACTIVITY_ACTIVE_WITH_EITHER_RIBO_OR_DEOXYRIBONUCLEIC_ACIDS_AND_PRODUCING_3_PHOSPHOMONOESTERS",12,0.488505569847932,0.919152234246645,0.567951318458418,0.813799970983527,0.801462069291061,410,"tags=8%, list=2%, signal=8%","DNASE2"
"GOMF_ORGANIC_CATION_TRANSMEMBRANE_TRANSPORTER_ACTIVITY","GOMF_ORGANIC_CATION_TRANSMEMBRANE_TRANSPORTER_ACTIVITY",18,-0.451761556656366,-0.91172578120409,0.568897637795276,0.813799970983527,0.801462069291061,846,"tags=11%, list=5%, signal=11%","SLC19A2/SLC44A5"
"GOMF_POLYUBIQUITIN_MODIFICATION_DEPENDENT_PROTEIN_BINDING","GOMF_POLYUBIQUITIN_MODIFICATION_DEPENDENT_PROTEIN_BINDING",50,-0.383276020926746,-0.917578976953981,0.570873786407767,0.813900189636449,0.801560768543723,2432,"tags=18%, list=14%, signal=15%","UBQLN4/PRPF8/TNFAIP3/EPS15/OPTN/RAD23B/UBQLN1/RAD18/ABRAXAS1"
"GOMF_RNA_METHYLTRANSFERASE_ACTIVITY","GOMF_RNA_METHYLTRANSFERASE_ACTIVITY",61,-0.37174483030877,-0.908633603075862,0.570576540755467,0.813900189636449,0.801560768543723,3584,"tags=41%, list=21%, signal=32%","PCIF1/TRMT2A/FBL/NSUN6/METTL4/TRMT61B/TRMT10A/TRMO/MRM2/TRMT1L/MRM3/TYW3/TFB2M/RNMT/METTL14/NSUN4/TRMT2B/TRMT1/METTL8/TFB1M/TRMT10C/METTL1/NSUN2/LCMT2/TRDMT1"
"GOMF_EXONUCLEASE_ACTIVITY","GOMF_EXONUCLEASE_ACTIVITY",78,-0.365488698923044,-0.925048639356825,0.575257731958763,0.81470995537775,0.802358257545695,4281,"tags=44%, list=25%, signal=33%","POLG/POLE/NOCT/APEX2/REXO1/FAN1/REXO2/CNOT7/TATDN1/DCLRE1C/ERI1/MRE11/REXO4/EXOSC7/USB1/APEX1/ANGEL2/CNOT2/RAD50/PNPT1/ISG20L2/XRN2/DDX1/ENPP2/ZC3H12A/EXOSC10/EXO1/TOE1/ERI2/EXO5/EXOSC2/APTX/EXOSC9/EXOSC3"
"GOMF_CYCLASE_ACTIVITY","GOMF_CYCLASE_ACTIVITY",13,-0.47785362048054,-0.916750451080529,0.572815533980582,0.81470995537775,0.802358257545695,2017,"tags=46%, list=12%, signal=41%","GUCY1A1/ADCY6/RTCA/BST1/NPR2/ADCY1"
"GOMF_HYALURONIC_ACID_BINDING","GOMF_HYALURONIC_ACID_BINDING",12,-0.479722890911566,-0.915544686657962,0.573673870333988,0.81470995537775,0.802358257545695,1484,"tags=33%, list=9%, signal=30%","CEMIP/VCAN/SUSD5/HAPLN3"
"GOMF_PEPTIDE_RECEPTOR_ACTIVITY","GOMF_PEPTIDE_RECEPTOR_ACTIVITY",38,0.396133356317762,0.892931618403705,0.574642126789366,0.81470995537775,0.802358257545695,1431,"tags=16%, list=8%, signal=14%","S1PR2/FPR1/NPY1R/GIPR/INPP5K/BDKRB2"
"GOMF_PEPTIDE_TRANSMEMBRANE_TRANSPORTER_ACTIVITY","GOMF_PEPTIDE_TRANSMEMBRANE_TRANSPORTER_ACTIVITY",11,-0.48708183577426,-0.92199772572878,0.577299412915851,0.814898675421714,0.802544116432823,2621,"tags=36%, list=15%, signal=31%","TAP2/SLC15A4/ABCC1/GJA1"
"GOMF_LIPASE_ACTIVITY","GOMF_LIPASE_ACTIVITY",83,0.365226525430741,0.895394155224709,0.576699029126214,0.814898675421714,0.802544116432823,2017,"tags=23%, list=12%, signal=20%","PLCB1/PITPNM3/PLA2G6/PLCE1/PNPLA2/PLCD4/PLD3/PNPLA7/ABHD2/PLA2G4C/PLCD1/LYPLA2/PLA2G12A/DDHD2/LIPA/BDKRB2/SEC23IP/PLCG2/PLCB3"
"GOMF_ACYLTRANSFERASE_ACTIVITY","GOMF_ACYLTRANSFERASE_ACTIVITY",190,0.343808827446287,0.930977078444918,0.58,0.817359735973597,0.804967865207573,1325,"tags=11%, list=8%, signal=10%","CIITA/LPCAT2/HGSNAT/GPAT3/NAT14/SAT1/PNPLA2/KAT2B/PLA2G4C/ARRB1/ZDHHC7/CPT1B/MCM3AP/LPCAT3/KAT2A/CERS4/PORCN/DGAT1/NCOA1/TGM5/QPCTL"
"GOMF_NOTCH_BINDING","GOMF_NOTCH_BINDING",19,-0.443110926532764,-0.901125452423663,0.584,0.821640856672158,0.809184080464753,3648,"tags=37%, list=22%, signal=29%","NOTCH4/CUL3/KCTD10/SNED1/SNW1/CHAC1/NOTCH1"
"GOMF_CARBON_NITROGEN_LYASE_ACTIVITY","GOMF_CARBON_NITROGEN_LYASE_ACTIVITY",10,0.497276225840307,0.905723334548519,0.58641975308642,0.823688271604938,0.811200454840806,707,"tags=20%, list=4%, signal=19%","GGACT/PAM"
"GOMF_CYCLOSPORIN_A_BINDING","GOMF_CYCLOSPORIN_A_BINDING",16,-0.458268547046934,-0.900122351855448,0.587548638132296,0.823918779909656,0.811427468443012,3375,"tags=50%, list=20%, signal=40%","NKTR/PPWD1/PPP3R1/PPID/PPP3CA/RANBP2/PPIH/PPIF"
"GOMF_SMALL_MOLECULE_SENSOR_ACTIVITY","GOMF_SMALL_MOLECULE_SENSOR_ACTIVITY",11,-0.482931432000932,-0.914141422005644,0.590998043052838,0.826074325683256,0.813550334304106,1262,"tags=27%, list=7%, signal=25%","RAD23B/SYT1/TRPV4"
"GOMF_TUMOR_NECROSIS_FACTOR_RECEPTOR_SUPERFAMILY_BINDING","GOMF_TUMOR_NECROSIS_FACTOR_RECEPTOR_SUPERFAMILY_BINDING",35,-0.401482995348218,-0.903955351975761,0.592954990215264,0.826074325683256,0.813550334304106,1488,"tags=17%, list=9%, signal=16%","CFLAR/TRAP1/TNFSF15/EDA/TRAF5/BID"
"GOMF_TRANSMEMBRANE_RECEPTOR_PROTEIN_TYROSINE_KINASE_ADAPTOR_ACTIVITY","GOMF_TRANSMEMBRANE_RECEPTOR_PROTEIN_TYROSINE_KINASE_ADAPTOR_ACTIVITY",10,0.495270497414165,0.902070163646864,0.592592592592593,0.826074325683256,0.813550334304106,2430,"tags=20%, list=14%, signal=17%","SH2B1/TRADD"
"GOMF_ATPASE_COUPLED_INTRAMEMBRANE_LIPID_TRANSPORTER_ACTIVITY","GOMF_ATPASE_COUPLED_INTRAMEMBRANE_LIPID_TRANSPORTER_ACTIVITY",21,-0.426182822268225,-0.890466139786705,0.592156862745098,0.826074325683256,0.813550334304106,806,"tags=19%, list=5%, signal=18%","MFSD2A/ATP11C/ATP8B1/ATP10B"
"GOMF_SH2_DOMAIN_BINDING","GOMF_SH2_DOMAIN_BINDING",30,-0.403368637221084,-0.88742041837786,0.596868884540117,0.827477317203345,0.814932055276066,59,"tags=7%, list=0%, signal=7%","KHDRBS2/TRPV4"
"GOMF_UBIQUITIN_LIKE_PROTEIN_CONJUGATING_ENZYME_BINDING","GOMF_UBIQUITIN_LIKE_PROTEIN_CONJUGATING_ENZYME_BINDING",34,0.397908116184116,0.885145867534394,0.596311475409836,0.827477317203345,0.814932055276066,641,"tags=9%, list=4%, signal=9%","PPARA/GRIK2/ZMYM2"
"GOMF_NADPLUS_BINDING","GOMF_NADPLUS_BINDING",17,0.44637913754527,0.881919400566444,0.59504132231405,0.827477317203345,0.814932055276066,3124,"tags=35%, list=18%, signal=29%","ALDH1A3/SIRT2/SIRT7/SIRT3/UXS1/PARP9"
"GOMF_CELL_ADHESION_MEDIATOR_ACTIVITY","GOMF_CELL_ADHESION_MEDIATOR_ACTIVITY",51,-0.37830200410983,-0.901398410627172,0.598425196850394,0.828290304878827,0.815732717364949,1500,"tags=22%, list=9%, signal=20%","ANXA1/SIRPA/KRT18/CD47/CNTN1/NRCAM/STXBP6/JUP/S100A11/ROBO4/PALLD"
"GOMF_SULFOTRANSFERASE_ACTIVITY","GOMF_SULFOTRANSFERASE_ACTIVITY",27,-0.4038189956353,-0.886790785190527,0.6,0.829126213592233,0.816555952989269,2033,"tags=26%, list=12%, signal=23%","DSEL/HS2ST1/HS6ST1/CHST9/SULT1B1/HS3ST3B1/CHST6"
"GOMF_ALKALI_METAL_ION_BINDING","GOMF_ALKALI_METAL_ION_BINDING",11,-0.475277503657012,-0.899653292891226,0.602739726027397,0.829498544698545,0.816922639238429,1524,"tags=27%, list=9%, signal=25%","DRG1/ADPRH/SCN9A"
"GOMF_ATPASE_COUPLED_ION_TRANSMEMBRANE_TRANSPORTER_ACTIVITY","GOMF_ATPASE_COUPLED_ION_TRANSMEMBRANE_TRANSPORTER_ACTIVITY",14,-0.463678547614487,-0.893253319393934,0.606589147286822,0.829498544698545,0.816922639238429,4224,"tags=57%, list=25%, signal=43%","ATP6V1B2/ATP6V1F/ATP6V0E1/ATP6V1D/ATP6V1E1/ATP5F1B/ATP6V0E2/ATP6V1G1"
"GOMF_PYROPHOSPHATE_HYDROLYSIS_DRIVEN_PROTON_TRANSMEMBRANE_TRANSPORTER_ACTIVITY","GOMF_PYROPHOSPHATE_HYDROLYSIS_DRIVEN_PROTON_TRANSMEMBRANE_TRANSPORTER_ACTIVITY",14,-0.463678547614487,-0.893253319393934,0.606589147286822,0.829498544698545,0.816922639238429,4224,"tags=57%, list=25%, signal=43%","ATP6V1B2/ATP6V1F/ATP6V0E1/ATP6V1D/ATP6V1E1/ATP5F1B/ATP6V0E2/ATP6V1G1"
"GOMF_INORGANIC_ANION_TRANSMEMBRANE_TRANSPORTER_ACTIVITY","GOMF_INORGANIC_ANION_TRANSMEMBRANE_TRANSPORTER_ACTIVITY",93,0.353297287775326,0.882843653657901,0.601532567049808,0.829498544698545,0.816922639238429,937,"tags=10%, list=6%, signal=9%","SLC26A2/TTYH2/TTYH3/SLC37A1/ANKH/SLC12A8/CLCN3/GABRG3/SLC4A4"
"GOMF_SEMAPHORIN_RECEPTOR_BINDING","GOMF_SEMAPHORIN_RECEPTOR_BINDING",19,0.43672974694838,0.878682137151476,0.605577689243028,0.829498544698545,0.816922639238429,1273,"tags=32%, list=8%, signal=29%","SEMA3A/SEMA3B/SEMA6B/SEMA4G/SEMA3C/PLXNB1"
"GOMF_CHEMOREPELLENT_ACTIVITY","GOMF_CHEMOREPELLENT_ACTIVITY",24,0.416822597897598,0.875792517522298,0.607068607068607,0.829498544698545,0.816922639238429,1091,"tags=25%, list=6%, signal=23%","SEMA3A/SEMA3B/FLRT3/SEMA6B/SEMA4G/SEMA3C"
"GOMF_PHOSPHOTYROSINE_RESIDUE_BINDING","GOMF_PHOSPHOTYROSINE_RESIDUE_BINDING",29,0.401239258137002,0.866539207716496,0.604081632653061,0.829498544698545,0.816922639238429,3468,"tags=28%, list=20%, signal=22%","NCK2/RASA1/LDLRAP1/PLCG2/SHF/ABL1/PIK3R3/MAPK3"
"GOMF_PROTEIN_PHOSPHATASE_2A_BINDING","GOMF_PROTEIN_PHOSPHATASE_2A_BINDING",26,-0.404089063251872,-0.881277453491516,0.610364683301344,0.831342008834685,0.818738154885879,2190,"tags=23%, list=13%, signal=20%","BCL2/GNA12/ANKLE2/ENSA/SMG7/MASTL"
"GOMF_TRANSMEMBRANE_RECEPTOR_PROTEIN_PHOSPHATASE_ACTIVITY","GOMF_TRANSMEMBRANE_RECEPTOR_PROTEIN_PHOSPHATASE_ACTIVITY",13,-0.457203713618527,-0.877134111224226,0.609708737864078,0.831342008834685,0.818738154885879,649,"tags=23%, list=4%, signal=22%","PTPRR/PTPRZ1/PTPRB"
"GOMF_GLYCOSAMINOGLYCAN_BINDING","GOMF_GLYCOSAMINOGLYCAN_BINDING",122,0.346659998089899,0.895020668621029,0.616257088846881,0.833368221445107,0.820733648384864,829,"tags=13%, list=5%, signal=13%","CHODL/LTBP4/SMOC1/COL5A1/VEGFA/APLP1/NRP1/APP/SFRP1/THBS1/PTPRS/SLIT2/EXTL2/CCN5/VEGFB/CCN4"
"GOMF_EXORIBONUCLEASE_ACTIVITY","GOMF_EXORIBONUCLEASE_ACTIVITY",42,-0.382608595851336,-0.893094388073731,0.615384615384615,0.833368221445107,0.820733648384864,3785,"tags=40%, list=22%, signal=32%","REXO2/CNOT7/ERI1/EXOSC7/USB1/ANGEL2/CNOT2/PNPT1/ISG20L2/XRN2/ZC3H12A/EXOSC10/TOE1/ERI2/EXOSC2/EXOSC9/EXOSC3"
"GOMF_MAGNESIUM_ION_TRANSMEMBRANE_TRANSPORTER_ACTIVITY","GOMF_MAGNESIUM_ION_TRANSMEMBRANE_TRANSPORTER_ACTIVITY",16,-0.451314061226789,-0.886462483263741,0.616731517509728,0.833368221445107,0.820733648384864,2102,"tags=31%, list=12%, signal=27%","MMGT1/ZDHHC17/NIPA2/NIPAL4/SLC41A1"
"GOMF_OXIDOREDUCTASE_ACTIVITY_ACTING_ON_NAD_P_H","GOMF_OXIDOREDUCTASE_ACTIVITY_ACTING_ON_NAD_P_H",74,0.36391027753851,0.880133594025156,0.616279069767442,0.833368221445107,0.820733648384864,3230,"tags=24%, list=19%, signal=20%","NQO1/NDUFB10/ENOX1/GMPR2/NQO2/NDUFA13/NDUFA1/TP53I3/DHRS4/NDUFA2/NOX4/DCXR/CRYZL1/NDUFA3/NDUFV3/NDUFB1/NDUFC2/AIFM1"
"GOMF_MANNOSYLTRANSFERASE_ACTIVITY","GOMF_MANNOSYLTRANSFERASE_ACTIVITY",22,0.41692809806737,0.866812905817418,0.61336032388664,0.833368221445107,0.820733648384864,1586,"tags=14%, list=9%, signal=12%","TMTC2/ALG12/DPY19L4"
"GOMF_PRIMARY_ACTIVE_TRANSMEMBRANE_TRANSPORTER_ACTIVITY","GOMF_PRIMARY_ACTIVE_TRANSMEMBRANE_TRANSPORTER_ACTIVITY",138,0.340781336106802,0.894811478642478,0.619771863117871,0.83351995449238,0.82088308102972,1193,"tags=7%, list=7%, signal=7%","SLC26A2/ATP7A/ABCB6/ABCA7/ABCA5/NDUFB10/TAPBP/ATP6V1A/ATP13A1/ATP1A1"
"GOMF_THIOLESTER_HYDROLASE_ACTIVITY","GOMF_THIOLESTER_HYDROLASE_ACTIVITY",35,0.389329804274139,0.867168905430593,0.619144602851324,0.83351995449238,0.82088308102972,1379,"tags=17%, list=8%, signal=16%","PLA2G6/ACOT13/PPT2/HAGHL/PNKD/LYPLA2"
"GOMF_EXCITATORY_EXTRACELLULAR_LIGAND_GATED_ION_CHANNEL_ACTIVITY","GOMF_EXCITATORY_EXTRACELLULAR_LIGAND_GATED_ION_CHANNEL_ACTIVITY",11,0.46776581882402,0.864558798704099,0.619144602851324,0.83351995449238,0.82088308102972,2873,"tags=36%, list=17%, signal=30%","GRIK2/P2RX6/CHRNE/P2RX4"
"GOMF_TBP_CLASS_PROTEIN_BINDING","GOMF_TBP_CLASS_PROTEIN_BINDING",22,-0.417477032671482,-0.878465065225332,0.624015748031496,0.834607645875252,0.821954282083479,4234,"tags=32%, list=25%, signal=24%","GTF2B/THRA/DR1/RUVBL1/BTAF1/CAND1/YEATS2"
"GOMF_ESTROGEN_RECEPTOR_BINDING","GOMF_ESTROGEN_RECEPTOR_BINDING",33,0.394381420096409,0.872634249756673,0.622680412371134,0.834607645875252,0.821954282083479,2844,"tags=30%, list=17%, signal=25%","CTNNB1/WIPI1/NCOA1/PRMT2/TACC1/ARID5A/PAGR1/LATS1/TAF10/PHB2"
"GOMF_FLOPPASE_ACTIVITY","GOMF_FLOPPASE_ACTIVITY",14,0.452678050983369,0.871750712235117,0.623456790123457,0.834607645875252,0.821954282083479,419,"tags=14%, list=2%, signal=14%","ATP8B3/ABCA7"
"GOMF_PHOSPHOTRANSFERASE_ACTIVITY_PHOSPHATE_GROUP_AS_ACCEPTOR","GOMF_PHOSPHOTRANSFERASE_ACTIVITY_PHOSPHATE_GROUP_AS_ACCEPTOR",31,0.388736413332486,0.850616830935011,0.624489795918367,0.834607645875252,0.821954282083479,1974,"tags=19%, list=12%, signal=17%","ITPKA/ITPKC/DLG1/IP6K2/NME4/MPP1"
"GOMF_GLUCOSYLTRANSFERASE_ACTIVITY","GOMF_GLUCOSYLTRANSFERASE_ACTIVITY",18,0.432375770613414,0.862979262085042,0.625506072874494,0.834659665991903,0.822005513530791,3821,"tags=33%, list=23%, signal=26%","POGLUT1/POGLUT2/PLOD1/POGLUT3/PLOD2/ALG5"
"GOMF_CYCLIN_DEPENDENT_PROTEIN_SERINE_THREONINE_KINASE_REGULATOR_ACTIVITY","GOMF_CYCLIN_DEPENDENT_PROTEIN_SERINE_THREONINE_KINASE_REGULATOR_ACTIVITY",44,0.380224808590267,0.864064115887956,0.62680412371134,0.835086929250366,0.82242629911382,735,"tags=11%, list=4%, signal=11%","CDKN2C/CDK5R2/CDKN1C/CDKN1B/KAT2B"
"GOMF_PROTEIN_TYROSINE_KINASE_ACTIVITY","GOMF_PROTEIN_TYROSINE_KINASE_ACTIVITY",103,-0.343956534437535,-0.911781662868608,0.630021141649049,0.836370196644416,0.823690111079611,1860,"tags=20%, list=11%, signal=18%","MAP2K1/ERBB2/YES1/DYRK3/EGFR/STYK1/DSTYK/EPHB1/NTRK3/TIE1/TWF1/PRKCD/TTN/MELK/IGF2R/DYRK2/PEAK1/CRIM1/EFEMP1/EPHA5/DDR2"
"GOMF_TRANSMEMBRANE_RECEPTOR_PROTEIN_TYROSINE_KINASE_ACTIVITY","GOMF_TRANSMEMBRANE_RECEPTOR_PROTEIN_TYROSINE_KINASE_ACTIVITY",45,0.378879706379199,0.864231807335049,0.630390143737166,0.836370196644416,0.823690111079611,459,"tags=11%, list=3%, signal=11%","ERBB3/IGF1R/DDR1/NRP1/INSR"
"GOMF_PROTEIN_KINASE_A_BINDING","GOMF_PROTEIN_KINASE_A_BINDING",42,0.380039699518554,0.857633330502773,0.630705394190871,0.836370196644416,0.823690111079611,990,"tags=10%, list=6%, signal=9%","DACT1/RDX/AKAP8L/PJA2"
"GOMF_ADRENERGIC_RECEPTOR_BINDING","GOMF_ADRENERGIC_RECEPTOR_BINDING",16,-0.443671631812467,-0.87145136896703,0.634241245136187,0.838455144498922,0.825743449346282,38,"tags=25%, list=0%, signal=25%","ADRB1/SLC9A3R1/NEDD4/UCHL1"
"GOMF_HYDROLASE_ACTIVITY_ACTING_ON_CARBON_NITROGEN_BUT_NOT_PEPTIDE_BONDS","GOMF_HYDROLASE_ACTIVITY_ACTING_ON_CARBON_NITROGEN_BUT_NOT_PEPTIDE_BONDS",93,0.346881723291443,0.866811998207347,0.634099616858238,0.838455144498922,0.825743449346282,1761,"tags=15%, list=10%, signal=14%","ADARB1/ADA/BTD/CAT/LACC1/HDAC10/AMPD2/HDAC1/NADSYN1/HDAC4/NDST2/SIRT2/NDST1/AMDHD1"
"GOMF_4_IRON_4_SULFUR_CLUSTER_BINDING","GOMF_4_IRON_4_SULFUR_CLUSTER_BINDING",41,-0.377118353044523,-0.879522895062879,0.637236084452975,0.838520209742436,0.825807528145207,4421,"tags=37%, list=26%, signal=27%","DNA2/POLE/ERCC2/MOCS1/MUTYH/CDKAL1/PRIM2/NDUFS2/CDK5RAP1/NDUFS1/PPAT/BRIP1/EXO5/ABCE1/ACO1"
"GOMF_SCAFFOLD_PROTEIN_BINDING","GOMF_SCAFFOLD_PROTEIN_BINDING",50,0.376809722653601,0.859277579694028,0.636550308008214,0.838520209742436,0.825807528145207,2636,"tags=32%, list=16%, signal=27%","NCK2/PDE4D/SHANK3/NLGN1/BAIAP2/IKBKB/PSAP/SHANK1/BRAF/LRP4/MAP2K2/PLCG2/CAV2/ITPR2/KRT8/UBTF"
"GOMF_PROTEIN_TAG","GOMF_PROTEIN_TAG",11,0.459781169239463,0.849800988759258,0.635437881873727,0.838520209742436,0.825807528145207,3822,"tags=45%, list=23%, signal=35%","UBL5/SUMO3/ISG15/UBA52/NEDD8"
"GOMF_TRANSCRIPTION_COACTIVATOR_ACTIVITY","GOMF_TRANSCRIPTION_COACTIVATOR_ACTIVITY",244,0.330501001973438,0.911193752701508,0.641441441441441,0.838554041604034,0.825840847086927,1389,"tags=10%, list=8%, signal=9%","CIITA/MAML3/WWTR1/XPC/MID2/WWOX/ING4/CTNNB1/DAXX/TRIM62/PBXIP1/KAT2B/ARRB1/SRA1/DYRK1A/KAT2A/TDRD3/ZMIZ1/MAGED1/NCOA1/PRMT2/KDM5A/GPS2/MAML2"
"GOMF_CYCLIN_DEPENDENT_PROTEIN_SERINE_THREONINE_KINASE_ACTIVATOR_ACTIVITY","GOMF_CYCLIN_DEPENDENT_PROTEIN_SERINE_THREONINE_KINASE_ACTIVATOR_ACTIVITY",11,-0.458814907605698,-0.868491227291355,0.643835616438356,0.838554041604034,0.825840847086927,2677,"tags=64%, list=16%, signal=54%","CDK5R1/CKS2/CCNYL1/CCNK/CCNT1/CKS1B/CCNT2"
"GOMF_H4_HISTONE_ACETYLTRANSFERASE_ACTIVITY","GOMF_H4_HISTONE_ACETYLTRANSFERASE_ACTIVITY",12,0.454732297848536,0.855605817722207,0.63894523326572,0.838554041604034,0.825840847086927,3487,"tags=33%, list=21%, signal=26%","KAT2A/KAT8/NAA60/USP22"
"GOMF_SMAD_BINDING","GOMF_SMAD_BINDING",69,0.357188197722202,0.854907680036477,0.644135188866799,0.838554041604034,0.825840847086927,1426,"tags=19%, list=8%, signal=17%","SMAD3/PMEPA1/ACVR1/GATA4/TGFBR1/FOS/CTNNB1/TOB1/MAGI2/SMAD2/ZMIZ1/TGFBR2/SAV1"
"GOMF_O_ACYLTRANSFERASE_ACTIVITY","GOMF_O_ACYLTRANSFERASE_ACTIVITY",40,0.375350754057137,0.852196096731887,0.639917695473251,0.838554041604034,0.825840847086927,1157,"tags=18%, list=7%, signal=16%","LPCAT2/GPAT3/PNPLA2/PLA2G4C/CPT1B/LPCAT3/DGAT1"
"GOMF_G_PROTEIN_ALPHA_SUBUNIT_BINDING","GOMF_G_PROTEIN_ALPHA_SUBUNIT_BINDING",18,0.426515700320671,0.85128314153272,0.6417004048583,0.838554041604034,0.825840847086927,1518,"tags=33%, list=9%, signal=30%","IGF1R/NUCB1/GPSM2/RGS14/SASH1/RGS19"
"GOMF_FIBROBLAST_GROWTH_FACTOR_BINDING","GOMF_FIBROBLAST_GROWTH_FACTOR_BINDING",17,0.425940870177208,0.841539143090746,0.642561983471074,0.838554041604034,0.825840847086927,2362,"tags=41%, list=14%, signal=35%","THBS1/S100A13/FIBP/GPC1/TGFBR3/RPS19/FGFRL1"
"GOMF_PROTEIN_C_TERMINUS_BINDING","GOMF_PROTEIN_C_TERMINUS_BINDING",160,0.330876330575492,0.880956030443401,0.647940074906367,0.840943501474221,0.828194080707387,1911,"tags=12%, list=11%, signal=11%","CIITA/MAPRE3/ERCC6/EML2/GPSM2/CTNNB1/SHANK3/RABAC1/BAIAP2/SHANK1/HSPG2/SASH1/HESX1/KSR1/SYNJ1/DLG1/SNX17/SPTBN5/PEX6/TRIM3"
"GOMF_PROTEIN_MEMBRANE_ADAPTOR_ACTIVITY","GOMF_PROTEIN_MEMBRANE_ADAPTOR_ACTIVITY",20,-0.409050333472074,-0.845834360390984,0.647286821705426,0.840943501474221,0.828194080707387,2907,"tags=25%, list=17%, signal=21%","NUP153/SLC9A3R1/TPR/EPB41L3/JUP"
"GOMF_PHOSPHATASE_REGULATOR_ACTIVITY","GOMF_PHOSPHATASE_REGULATOR_ACTIVITY",86,-0.347101485192598,-0.896579482204078,0.650924024640657,0.84307535882339,0.83029361728077,3049,"tags=24%, list=18%, signal=20%","PPP2R1B/URI1/PPP3R1/PPP2R3A/SBF2/PPP1R12B/IGFBP3/ELFN2/GNA12/PPP2R3B/CALM1/BMP2K/ANKLE2/PPP1R12A/ENSA/ANP32E/PHACTR1/SET/MGAT5/PPP1R15B/SH3RF2"
"GOMF_INSULIN_LIKE_GROWTH_FACTOR_BINDING","GOMF_INSULIN_LIKE_GROWTH_FACTOR_BINDING",22,-0.412142875386318,-0.867240805060769,0.65748031496063,0.84307535882339,0.83029361728077,685,"tags=32%, list=4%, signal=31%","IGFBP3/IGFBP4/CCN2/IGF2R/CRIM1/IGFBP1/CCN1"
"GOMF_INTRACELLULAR_LIGAND_GATED_ION_CHANNEL_ACTIVITY","GOMF_INTRACELLULAR_LIGAND_GATED_ION_CHANNEL_ACTIVITY",17,-0.422939922856876,-0.844966461491799,0.654440154440154,0.84307535882339,0.83029361728077,859,"tags=18%, list=5%, signal=17%","MCOLN2/RYR2/MCOLN3"
"GOMF_TUMOR_NECROSIS_FACTOR_RECEPTOR_BINDING","GOMF_TUMOR_NECROSIS_FACTOR_RECEPTOR_BINDING",21,0.410493671427772,0.842849359694992,0.65650406504065,0.84307535882339,0.83029361728077,2430,"tags=33%, list=14%, signal=29%","CD70/TNFSF9/TRAF4/TRAF1/TNFSF12/TNFSF13B/TRADD"
"GOMF_ENDODEOXYRIBONUCLEASE_ACTIVITY_PRODUCING_5_PHOSPHOMONOESTERS","GOMF_ENDODEOXYRIBONUCLEASE_ACTIVITY_PRODUCING_5_PHOSPHOMONOESTERS",14,0.4373389057461,0.842211151488535,0.656378600823045,0.84307535882339,0.83029361728077,2011,"tags=29%, list=12%, signal=25%","DNASE1L1/ENDOV/DNASE1/DNASE1L2"
"GOMF_CORECEPTOR_ACTIVITY","GOMF_CORECEPTOR_ACTIVITY",24,0.397236159619494,0.834639143939875,0.656964656964657,0.84307535882339,0.83029361728077,1060,"tags=25%, list=6%, signal=23%","GPC6/NRP1/LRP6/NGFR/ROR1/ACVR2A"
"GOMF_ENDODEOXYRIBONUCLEASE_ACTIVITY","GOMF_ENDODEOXYRIBONUCLEASE_ACTIVITY",36,0.370402792577592,0.829288079750361,0.653767820773931,0.84307535882339,0.83029361728077,2244,"tags=17%, list=13%, signal=14%","DNASE1L1/DNASE2/ENDOV/DNASE1/DNASE1L2/ERCC5"
"GOMF_PROTON_TRANSPORTING_ATP_SYNTHASE_ACTIVITY_ROTATIONAL_MECHANISM","GOMF_PROTON_TRANSPORTING_ATP_SYNTHASE_ACTIVITY_ROTATIONAL_MECHANISM",16,0.420169317676657,0.826625849445594,0.655737704918033,0.84307535882339,0.83029361728077,2796,"tags=38%, list=16%, signal=31%","ATP6V1A/ATP5PO/ATP5PD/ATP5F1A/ATP5ME/ATP5PF"
"GOMF_UBIQUITIN_LIKE_PROTEIN_BINDING","GOMF_UBIQUITIN_LIKE_PROTEIN_BINDING",115,0.341444897775428,0.870299291364743,0.659655831739962,0.843823287818002,0.831030207033876,777,"tags=5%, list=5%, signal=5%","SOBP/SMAD3/CUEDC1/USP5/OTUB2/TOM1L2"
"GOMF_PHOSPHOLIPASE_ACTIVITY","GOMF_PHOSPHOLIPASE_ACTIVITY",69,0.356290861478131,0.852759961686532,0.660039761431412,0.843823287818002,0.831030207033876,2017,"tags=23%, list=12%, signal=21%","PLCB1/PITPNM3/PLA2G6/PLCE1/PLCD4/PLD3/PNPLA7/PLA2G4C/PLCD1/LYPLA2/PLA2G12A/DDHD2/BDKRB2/SEC23IP/PLCG2/PLCB3"
"GOMF_ACETYLTRANSFERASE_ACTIVITY","GOMF_ACETYLTRANSFERASE_ACTIVITY",77,0.356052784183614,0.861952208320785,0.664717348927875,0.844744964262508,0.831937910077338,1243,"tags=12%, list=7%, signal=11%","LPCAT2/HGSNAT/NAT14/SAT1/KAT2B/ARRB1/MCM3AP/KAT2A/NCOA1"
"GOMF_G_PROTEIN_ACTIVITY","GOMF_G_PROTEIN_ACTIVITY",32,-0.386311415655586,-0.860827820510866,0.662109375,0.844744964262508,0.831937910077338,2553,"tags=28%, list=15%, signal=24%","RAC1/RAP2B/RALB/RAB27B/RALA/RHOA/RAP1A/MRAS/RAP1B"
"GOMF_TRIGLYCERIDE_LIPASE_ACTIVITY","GOMF_TRIGLYCERIDE_LIPASE_ACTIVITY",12,0.444395607227906,0.836156720587806,0.663286004056795,0.844744964262508,0.831937910077338,1400,"tags=25%, list=8%, signal=23%","PNPLA2/ABHD2/DDHD2"
"GOMF_PHOSPHATIDYLINOSITOL_3_5_BISPHOSPHATE_BINDING","GOMF_PHOSPHATIDYLINOSITOL_3_5_BISPHOSPHATE_BINDING",23,0.400416701434961,0.835687143988665,0.664596273291925,0.844744964262508,0.831937910077338,1119,"tags=13%, list=7%, signal=12%","TPCN2/WIPI1/PLEKHA5"
"GOMF_CHANNEL_REGULATOR_ACTIVITY","GOMF_CHANNEL_REGULATOR_ACTIVITY",87,-0.341426101927347,-0.883193401883454,0.668724279835391,0.844808483697372,0.832000466503391,1542,"tags=15%, list=9%, signal=14%","FLNA/SNTA1/CALM1/KCNE4/KCNAB1/NEDD4/ANKRD36C/AMIGO1/ENSA/FGF13/ADRB2/YWHAH/ABCC9"
"GOMF_MOLECULAR_FUNCTION_INHIBITOR_ACTIVITY","GOMF_MOLECULAR_FUNCTION_INHIBITOR_ACTIVITY",46,-0.367661340223026,-0.872870259748516,0.666666666666667,0.844808483697372,0.832000466503391,3054,"tags=37%, list=18%, signal=30%","MCUB/RSC1A1/FKBP1A/LEF1/TSC1/ATP5IF1/ID4/LYAR/TAF3/SLC30A1/BCL2/KCNV1/ID1/CALM1/NEDD4/ANKRD36C/ENSA"
"GOMF_ENDORIBONUCLEASE_ACTIVITY_PRODUCING_5_PHOSPHOMONOESTERS","GOMF_ENDORIBONUCLEASE_ACTIVITY_PRODUCING_5_PHOSPHOMONOESTERS",29,-0.385711583504763,-0.848548209961855,0.66796875,0.844808483697372,0.832000466503391,3975,"tags=38%, list=23%, signal=29%","POP4/DBR1/EDC3/DICER1/APEX1/RPP14/POP7/RPP40/RPP30/EXO1/POP1"
"GOMF_ALDEHYDE_DEHYDROGENASE_NAD_P_PLUS_ACTIVITY","GOMF_ALDEHYDE_DEHYDROGENASE_NAD_P_PLUS_ACTIVITY",12,-0.431199648890894,-0.822938731734634,0.667976424361493,0.844808483697372,0.832000466503391,2556,"tags=50%, list=15%, signal=42%","ADH5/ALDH1A1/ALDH2/ALDH1B1/ALDH9A1/ALDH1L2"
"GOMF_N_ACETYLTRANSFERASE_ACTIVITY","GOMF_N_ACETYLTRANSFERASE_ACTIVITY",57,0.364959063390227,0.846302618305271,0.670707070707071,0.846061799680707,0.833234781147399,1243,"tags=14%, list=7%, signal=13%","HGSNAT/NAT14/SAT1/KAT2B/ARRB1/MCM3AP/KAT2A/NCOA1"
"GOMF_TAU_PROTEIN_BINDING","GOMF_TAU_PROTEIN_BINDING",41,0.364177150249265,0.823574274932049,0.673596673596674,0.848453627214689,0.835590346535852,2408,"tags=24%, list=14%, signal=21%","LGMN/SNCA/BRSK1/DYRK1A/SMAD2/BRSK2/TAOK2/STUB1/ROCK2/TTBK2"
"GOMF_ENDOPEPTIDASE_ACTIVITY","GOMF_ENDOPEPTIDASE_ACTIVITY",235,0.327759655581153,0.898450271298578,0.682971014492754,0.849106841927873,0.836233657956823,1527,"tags=15%, list=9%, signal=14%","MMP2/PLAT/C1R/MMP16/C1RL/PRSS12/LGMN/PRSS33/SFRP1/ADAM19/MMP24/BMP1/ADAMTS12/MMP17/ADAM22/USP5/ADAMTS14/CTSB/YBEY/MMP14/PAPPA/TMEM59/ADAMTS7/CORIN/BACE2/C1S/RHBDF2/RHBDL1/JMJD7/CTSV/PRSS27/SENP7/F12/PRSS21/PIDD1/CAPNS2"
"GOMF_EXOPEPTIDASE_ACTIVITY","GOMF_EXOPEPTIDASE_ACTIVITY",75,-0.342639843177089,-0.861799445288764,0.683884297520661,0.849106841927873,0.836233657956823,2456,"tags=21%, list=14%, signal=18%","ERMP1/METAP2/CTSZ/XPNPEP3/MME/CTSC/ERAP2/CTSH/QPCT/LTA4H/CNDP2/RNPEP/VASH2/AGTPBP1/CPVL/SCRN1"
"GOMF_PHOSPHATIDYLSERINE_BINDING","GOMF_PHOSPHATIDYLSERINE_BINDING",35,-0.376994563436197,-0.848818647943836,0.679060665362035,0.849106841927873,0.836233657956823,2920,"tags=37%, list=17%, signal=31%","MFGE8/MARK1/ANXA2/APPL2/AXL/HSPA8/MME/SCARB1/SYT11/OSBPL8/JPH2/ANXA6/SYT1"
"GOMF_KINESIN_BINDING","GOMF_KINESIN_BINDING",35,-0.37629071122884,-0.847233895968754,0.682974559686888,0.849106841927873,0.836233657956823,3078,"tags=29%, list=18%, signal=23%","FAM83D/KIF1B/KIFAP3/TOR1A/KTN1/RAB29/KLC2/ACTB/SYBU/LRP8"
"GOMF_L_AMINO_ACID_TRANSMEMBRANE_TRANSPORTER_ACTIVITY","GOMF_L_AMINO_ACID_TRANSMEMBRANE_TRANSPORTER_ACTIVITY",34,-0.375753607688132,-0.840450327554528,0.680933852140078,0.849106841927873,0.836233657956823,2111,"tags=29%, list=12%, signal=26%","SFXN1/CTNS/SLC66A1L/SLC1A5/SLC15A4/SLC1A4/SLC43A1/SLC38A2/SLC6A9/SLC38A1"
"GOMF_UBIQUITINATION_LIKE_MODIFICATION_DEPENDENT_PROTEIN_BINDING","GOMF_UBIQUITINATION_LIKE_MODIFICATION_DEPENDENT_PROTEIN_BINDING",14,-0.433952195749913,-0.835987002862553,0.676356589147287,0.849106841927873,0.836233657956823,2199,"tags=36%, list=13%, signal=31%","IDE/USP15/ANKRD13A/PML/DNAJC2"
"GOMF_LIGAND_GATED_CALCIUM_CHANNEL_ACTIVITY","GOMF_LIGAND_GATED_CALCIUM_CHANNEL_ACTIVITY",19,-0.408113483885362,-0.829953462633023,0.686,0.849106841927873,0.836233657956823,859,"tags=21%, list=5%, signal=20%","MCOLN2/RYR2/GRIN2B/MCOLN3"
"GOMF_PROTEIN_SERINE_THREONINE_KINASE_ACTIVATOR_ACTIVITY","GOMF_PROTEIN_SERINE_THREONINE_KINASE_ACTIVATOR_ACTIVITY",44,0.364327909201563,0.827938276633574,0.682474226804124,0.849106841927873,0.836233657956823,2179,"tags=18%, list=13%, signal=16%","SPRY2/MAP2K6/CDK5R2/CALM3/PARP16/TAOK2/MAP2K2/MAP3K12"
"GOMF_TRANSLATION_ELONGATION_FACTOR_ACTIVITY","GOMF_TRANSLATION_ELONGATION_FACTOR_ACTIVITY",20,-0.400071106032707,-0.827267112117365,0.686046511627907,0.849106841927873,0.836233657956823,3657,"tags=35%, list=22%, signal=27%","EIF5A/EIF5A2/EIF5AL1/HBS1L/TSFM/GTPBP1/EFL1"
"GOMF_STRUCTURAL_CONSTITUENT_OF_SYNAPSE","GOMF_STRUCTURAL_CONSTITUENT_OF_SYNAPSE",13,0.430266837240154,0.821027884718937,0.683778234086242,0.849106841927873,0.836233657956823,1633,"tags=31%, list=10%, signal=28%","BSN/ERC1/ERC2/DLG1"
"GOMF_AMP_BINDING","GOMF_AMP_BINDING",12,-0.425917285379538,-0.812857412003096,0.683693516699411,0.849106841927873,0.836233657956823,1730,"tags=58%, list=10%, signal=52%","PYGL/ACSS2/PRPS2/PFKM/PRKAG2/PFKP/CFAP45"
"GOMF_PROTEIN_DISULFIDE_ISOMERASE_ACTIVITY","GOMF_PROTEIN_DISULFIDE_ISOMERASE_ACTIVITY",17,0.408692932677982,0.807462078503958,0.685950413223141,0.849106841927873,0.836233657956823,1479,"tags=29%, list=9%, signal=27%","PDIA4/CRELD1/ENOX1/CRELD2/P4HB"
"GOMF_NUCLEOBASE_CONTAINING_COMPOUND_TRANSMEMBRANE_TRANSPORTER_ACTIVITY","GOMF_NUCLEOBASE_CONTAINING_COMPOUND_TRANSMEMBRANE_TRANSPORTER_ACTIVITY",38,-0.367692702847,-0.841154523988951,0.688109161793372,0.849353961237674,0.836477030727107,1085,"tags=29%, list=6%, signal=27%","ABCC5/SLC25A51/SLC25A5/HNRNPA3/SLC35A3/SLC25A25/SLC25A24/SLC35D2/SLC25A36/SLC25A4/SLC25A32"
"GOMF_SUMO_TRANSFERASE_ACTIVITY","GOMF_SUMO_TRANSFERASE_ACTIVITY",21,-0.392556257987331,-0.820206816029513,0.688235294117647,0.849353961237674,0.836477030727107,3762,"tags=48%, list=22%, signal=37%","TRIM27/PIAS2/TOPORS/HDAC7/RANBP2/UHRF2/ZNF451/KIAA1586/UBE2I/PML"
"GOMF_PHOSPHOLIPID_BINDING","GOMF_PHOSPHOLIPID_BINDING",343,-0.302922331217254,-0.919952604974379,0.691609977324263,0.849834418179742,0.836950203532126,2411,"tags=20%, list=14%, signal=17%","SNX27/ABCA1/NR5A2/APPL2/OGT/EEA1/MAPKAP1/AMPH/CPNE8/SNX25/FUNDC2/AXL/GAB2/HSPA8/MME/HIP1R/PNPLA3/PLEKHA8P1/STAM/BIN1/IQGAP1/PIGK/CYTH3/ESYT1/BBS5/SCARB1/CPNE7/SYTL3/GLTP/RPS6KC1/CAPG/SNAP91/RASA2/ADAP1/ANXA1/SYT11/FRMPD4/PXDC1/DENND1A/PITPNB/GLE1/ANXA5/THY1/OSBPL8/RACGAP1/RAB35/VDAC1/TWF1/PEBP1/MCF2L/DYSF/STXBP6/ACTN2/FERMT2/JPH2/PLEKHB2/MYO1B/ANXA6/SYT1/CGAS/SYTL4/MAP1B/LPAR4/ATP8B1/AIDA/PLTP/PCYT1B/ANXA3"
"GOMF_ANDROGEN_RECEPTOR_BINDING","GOMF_ANDROGEN_RECEPTOR_BINDING",23,-0.386960893696868,-0.828545247923521,0.689788053949904,0.849834418179742,0.836950203532126,1673,"tags=22%, list=10%, signal=20%","SNW1/DDX5/FOXP1/TGFB1I1/KDM1A"
"GOMF_DNA_POLYMERASE_ACTIVITY","GOMF_DNA_POLYMERASE_ACTIVITY",29,-0.375097059894142,-0.825196733380446,0.69140625,0.849834418179742,0.836950203532126,2477,"tags=24%, list=15%, signal=21%","TENT4B/DKC1/POLD3/PTGES3/TERT/POLQ/POLE3"
"GOMF_NUCLEOSIDE_TRIPHOSPHATASE_REGULATOR_ACTIVITY","GOMF_NUCLEOSIDE_TRIPHOSPHATASE_REGULATOR_ACTIVITY",406,0.312288130023037,0.907346188561675,0.696269982238011,0.853599575480042,0.840658277836254,1359,"tags=15%, list=8%, signal=14%","SIPA1L2/ARHGEF17/ARHGAP26/TBC1D8/PLEKHG1/TBXA2R/NRP1/PLEKHG4/DOCK6/ASAP3/NUCB1/PSD3/ALS2CL/SLIT2/DOCK1/PLCB1/ASAP2/SIPA1L1/WDR41/RTKN/GPSM2/RGL2/PLCE1/SRGAP3/ELMOD1/DOCK5/RGL3/LAMTOR4/ARHGAP44/MADD/PLCD4/TBC1D7/PLEKHG5/AGAP1/DENND5B/RAPGEFL1/IQSEC2/RGS9/RALGPS1/RIN1/ARRB1/FGD6/DENND4A/CYTH2/RANGRF/VPS9D1/SGSM3/RALGAPA1/RGS14/RGS16/ARHGAP45/PLEKHG2/TNK2/TBC1D17/EVI5L/SMAP2/PLXNB1/GPS2/IPO5"
"GOMF_INTRAMEMBRANE_LIPID_TRANSPORTER_ACTIVITY","GOMF_INTRAMEMBRANE_LIPID_TRANSPORTER_ACTIVITY",30,-0.371813816654652,-0.817999076496107,0.696673189823875,0.853599575480042,0.840658277836254,806,"tags=13%, list=5%, signal=13%","MFSD2A/ATP11C/ATP8B1/ATP10B"
"GOMF_ATPASE_BINDING","GOMF_ATPASE_BINDING",68,0.352089401180016,0.838728276932457,0.698412698412698,0.854504934734161,0.841549911071854,2239,"tags=22%, list=13%, signal=19%","ATP6V0A4/PDE4D/ATP6V0A1/BBC3/RDX/WFS1/BRSK2/PKD2/TCIRG1/GABARAPL2/PSEN1/SDF2L1/ANK1/CHMP4A/TRPC1"
"GOMF_GLYCOLIPID_BINDING","GOMF_GLYCOLIPID_BINDING",20,-0.395583026930509,-0.817986661262897,0.701550387596899,0.856574675324675,0.843588272629626,2275,"tags=30%, list=13%, signal=26%","LYN/PIGK/GLTP/HSPA2/THY1/RTN4R"
"GOMF_PROTEIN_KINASE_C_BINDING","GOMF_PROTEIN_KINASE_C_BINDING",44,0.356185195896888,0.809433891297384,0.705154639175258,0.856574675324675,0.843588272629626,26,"tags=2%, list=0%, signal=2%","DACT1"
"GOMF_MYRISTOYLTRANSFERASE_ACTIVITY","GOMF_MYRISTOYLTRANSFERASE_ACTIVITY",11,-0.426473697630717,-0.807272516483037,0.704500978473581,0.856574675324675,0.843588272629626,2029,"tags=36%, list=12%, signal=32%","SCP2/ZDHHC3/ZDHHC17/ZDHHC15"
"GOMF_ORGANOPHOSPHATE_ESTER_TRANSMEMBRANE_TRANSPORTER_ACTIVITY","GOMF_ORGANOPHOSPHATE_ESTER_TRANSMEMBRANE_TRANSPORTER_ACTIVITY",27,-0.367206095162587,-0.80638846853571,0.703846153846154,0.856574675324675,0.843588272629626,806,"tags=22%, list=5%, signal=21%","SLC25A25/SLC25A24/MFSD2A/SLC25A36/SLC25A4/SLC25A32"
"GOMF_PROTON_CHANNEL_ACTIVITY","GOMF_PROTON_CHANNEL_ACTIVITY",17,0.40295431082619,0.796124178683099,0.704545454545455,0.856574675324675,0.843588272629626,2796,"tags=35%, list=16%, signal=30%","ATP6V1A/ATP5PO/ATP5PD/ATP5F1A/ATP5ME/ATP5PF"
"GOMF_CYCLIN_BINDING","GOMF_CYCLIN_BINDING",31,0.363260173672305,0.79487078425492,0.706122448979592,0.856574675324675,0.843588272629626,1444,"tags=19%, list=9%, signal=18%","CDKN1B/CDK15/RBM4/GPS2/CDKN1A/CDK5RAP3"
"GOMF_PROTEIN_PHOSPHATASE_REGULATOR_ACTIVITY","GOMF_PROTEIN_PHOSPHATASE_REGULATOR_ACTIVITY",69,-0.340941682182668,-0.850470035115197,0.709418837675351,0.858764918490596,0.845745309840979,2221,"tags=17%, list=13%, signal=15%","IGFBP3/ELFN2/GNA12/PPP2R3B/CALM1/ANKLE2/ENSA/PHACTR1/SET/MGAT5/PPP1R15B/SH3RF2"
"GOMF_CARBON_SULFUR_LYASE_ACTIVITY","GOMF_CARBON_SULFUR_LYASE_ACTIVITY",12,0.419838017754662,0.789950157909164,0.709939148073022,0.858764918490596,0.845745309840979,1343,"tags=25%, list=8%, signal=23%","ALOX5AP/KYAT3/ACCS"
"GOMF_PROTEIN_MACROMOLECULE_ADAPTOR_ACTIVITY","GOMF_PROTEIN_MACROMOLECULE_ADAPTOR_ACTIVITY",263,0.316665675647911,0.880133637328377,0.71301247771836,0.859032811799565,0.846009141658884,2658,"tags=22%, list=16%, signal=19%","NCK2/SNAP25/SORBS2/SORBS1/OBSL1/MAPT/FLRT3/CARD10/STAT3/SHANK3/SH2B1/VAMP2/STON1/ARRDC4/BICD1/ZSWIM8/BAIAP2/ARPC4/MAGI2/EPS8/ROPN1B/RGS14/BIN3/KLHDC3/SHANK1/VAMP1/STX5/SAV1/STX10/LMBRD1/KSR1/SPSB2/MAPK8IP1/BBS4/SH3RF1/TIRAP/GAS6/STUB1/MAP2K2/LDLRAP1/TSNARE1/STX4/SYNE1/STX8/AP2S1/DAB2/ANK1/CAV2/AP2M1/DVL2/AP2B1/TRADD/DUSP19/CUL4B/COL11A2/HOMER2/SERINC1/PDCD6/MAPK8IP3"
"GOMF_CALCIUM_CHANNEL_INHIBITOR_ACTIVITY","GOMF_CALCIUM_CHANNEL_INHIBITOR_ACTIVITY",10,-0.429522018751376,-0.7984642251198,0.713178294573643,0.859032811799565,0.846009141658884,3914,"tags=40%, list=23%, signal=31%","MCUB/FKBP1A/SLC30A1/CALM1"
"GOMF_MISMATCHED_DNA_BINDING","GOMF_MISMATCHED_DNA_BINDING",14,0.406562413217807,0.782942916098382,0.711934156378601,0.859032811799565,0.846009141658884,975,"tags=14%, list=6%, signal=13%","XPC/PMS2"
"GOMF_PROTEIN_PHOSPHATASE_ACTIVATOR_ACTIVITY","GOMF_PROTEIN_PHOSPHATASE_ACTIVATOR_ACTIVITY",15,0.397572587908688,0.771163298826041,0.718685831622177,0.864447465077942,0.851341704175121,1930,"tags=20%, list=11%, signal=18%","B3GAT3/CALM3/PHACTR4"
"GOMF_MYOSIN_BINDING","GOMF_MYOSIN_BINDING",51,-0.351204325706372,-0.836831466811903,0.720472440944882,0.864482153981035,0.851375867164855,3909,"tags=35%, list=23%, signal=27%","MYO19/LLGL2/MYL12A/RAB14/MYL12B/DMD/KIRREL1/IQGAP3/TRIM32/RAB27B/AXL/RALA/SLC9A3R1/SHROOM1/RHOA/CALD1/MYL9/ARFGEF2"
"GOMF_RECEPTOR_SERINE_THREONINE_KINASE_BINDING","GOMF_RECEPTOR_SERINE_THREONINE_KINASE_BINDING",15,0.3954929960568,0.767129557664082,0.720739219712526,0.864482153981035,0.851375867164855,1426,"tags=13%, list=8%, signal=12%","MAGI2/SAV1"
"GOMF_EFFLUX_TRANSMEMBRANE_TRANSPORTER_ACTIVITY","GOMF_EFFLUX_TRANSMEMBRANE_TRANSPORTER_ACTIVITY",12,-0.414952395288221,-0.791931066704421,0.722986247544204,0.865961087521389,0.852832378811278,1270,"tags=17%, list=7%, signal=15%","ABCC1/GJA1"
"GOMF_DYNEIN_HEAVY_CHAIN_BINDING","GOMF_DYNEIN_HEAVY_CHAIN_BINDING",11,-0.419485801772811,-0.794045120970786,0.724070450097847,0.866045048156249,0.852915066531299,621,"tags=45%, list=4%, signal=44%","DYNC2I2/DYNC1I2/DYNC1LI2/DYNC1LI1/TRIM58"
"GOMF_OXIDOREDUCTASE_ACTIVITY_ACTING_ON_A_HEME_GROUP_OF_DONORS","GOMF_OXIDOREDUCTASE_ACTIVITY_ACTING_ON_A_HEME_GROUP_OF_DONORS",16,0.389079809499183,0.765461480642665,0.725409836065574,0.866433566433566,0.853297694540145,3851,"tags=31%, list=23%, signal=24%","SURF1/COX4I1/COX5B/COX8A/COX6B1"
"GOMF_DNA_SECONDARY_STRUCTURE_BINDING","GOMF_DNA_SECONDARY_STRUCTURE_BINDING",35,0.356886146505111,0.794905927135916,0.727087576374745,0.867224567352001,0.85407670320997,394,"tags=9%, list=2%, signal=8%","XPC/MEF2C/MAPT"
"GOMF_SODIUM_CHANNEL_REGULATOR_ACTIVITY","GOMF_SODIUM_CHANNEL_REGULATOR_ACTIVITY",22,0.376541671931105,0.782847647642133,0.728744939271255,0.867989090847492,0.854829635877168,1738,"tags=23%, list=10%, signal=20%","FGF12/RANGRF/PKP2/FXYD5/SGK1"
"GOMF_PHOSPHATIDYLINOSITOL_PHOSPHATE_KINASE_ACTIVITY","GOMF_PHOSPHATIDYLINOSITOL_PHOSPHATE_KINASE_ACTIVITY",12,-0.412268007653268,-0.786807948999027,0.730844793713163,0.869277790851032,0.856098798089455,229,"tags=17%, list=1%, signal=16%","PIP4K2A/PIP5K1A"
"GOMF_LIPID_TRANSPORTER_ACTIVITY","GOMF_LIPID_TRANSPORTER_ACTIVITY",102,-0.321456482596154,-0.852198349489715,0.737945492662474,0.873365328866843,0.860124365542472,2523,"tags=21%, list=15%, signal=18%","GRAMD1A/C2CD2L/ABCA1/PRELID3B/STARD4/SLC27A6/PLEKHA8P1/GLTP/SLC43A3/PRELID3A/NPC1/ABCC1/PITPNB/OSBPL8/MFSD2A/ATP11C/ATP8B1/ATP10B/SPNS2/PLTP/OSBPL6"
"GOMF_CARBON_NITROGEN_LIGASE_ACTIVITY_WITH_GLUTAMINE_AS_AMIDO_N_DONOR","GOMF_CARBON_NITROGEN_LIGASE_ACTIVITY_WITH_GLUTAMINE_AS_AMIDO_N_DONOR",10,-0.417304470715893,-0.77575229278773,0.736434108527132,0.873365328866843,0.860124365542472,4347,"tags=80%, list=26%, signal=60%","GMPS/GATC/PFAS/CPS1/QRSL1/GATB/CAD/ASNS"
"GOMF_PHOSPHATIDYLINOSITOL_4_5_BISPHOSPHATE_5_PHOSPHATASE_ACTIVITY","GOMF_PHOSPHATIDYLINOSITOL_4_5_BISPHOSPHATE_5_PHOSPHATASE_ACTIVITY",10,-0.417005126152643,-0.775195823237148,0.738372093023256,0.873365328866843,0.860124365542472,281,"tags=20%, list=2%, signal=20%","OCRL/PTPMT1"
"GOMF_ASPARTIC_TYPE_PEPTIDASE_ACTIVITY","GOMF_ASPARTIC_TYPE_PEPTIDASE_ACTIVITY",16,0.384420251838745,0.756294436198775,0.735655737704918,0.873365328866843,0.860124365542472,3186,"tags=44%, list=19%, signal=36%","BACE2/PSEN1/CASP7/CTSD/ASPRV1/SPPL2A/SPPL2B"
"GOMF_CARBOXYPEPTIDASE_ACTIVITY","GOMF_CARBOXYPEPTIDASE_ACTIVITY",25,-0.365805969958262,-0.790963766304866,0.740812379110251,0.875039794965636,0.861773445306968,643,"tags=16%, list=4%, signal=15%","CNDP2/VASH2/AGTPBP1/CPVL"
"GOMF_STEROL_BINDING","GOMF_STEROL_BINDING",41,-0.350270490982775,-0.81690777920823,0.742802303262956,0.876178407440006,0.862894795445045,1546,"tags=20%, list=9%, signal=18%","NPC1/CD81/INSIG1/OSBPL8/VDAC1/SOAT1/ANXA6/OSBPL6"
"GOMF_PASSIVE_TRANSMEMBRANE_TRANSPORTER_ACTIVITY","GOMF_PASSIVE_TRANSMEMBRANE_TRANSPORTER_ACTIVITY",230,0.317460215969752,0.866892909506038,0.744525547445255,0.876999748301032,0.863703684078053,1014,"tags=10%, list=6%, signal=10%","KCND1/CACNG7/TTYH2/TTYH3/TRPM4/SNAP25/ORAI3/TMEM63B/GRIK2/TPCN2/KCNIP3/HCN1/GRIN2A/CLCN3/PKD1L2/KCNN4/KCNAB3/SHROOM2/CACNG8/GABRG3/PANX2/ATP6V1A/ASIC1"
"GOMF_ACID_AMINO_ACID_LIGASE_ACTIVITY","GOMF_ACID_AMINO_ACID_LIGASE_ACTIVITY",16,-0.396113767265888,-0.778039117219136,0.747081712062257,0.877589796562816,0.864284786704906,1695,"tags=31%, list=10%, signal=28%","TTLL4/GCLC/TTLL5/GCLM/TTL"
"GOMF_LIPOPOLYSACCHARIDE_BINDING","GOMF_LIPOPOLYSACCHARIDE_BINDING",14,-0.398193293233904,-0.767099281973497,0.746124031007752,0.877589796562816,0.864284786704906,2925,"tags=50%, list=17%, signal=41%","DROSHA/PSMA1/LY96/HSPD1/TLR2/ZRANB2/SCARB1"
"GOMF_HYDROLASE_ACTIVITY_HYDROLYZING_N_GLYCOSYL_COMPOUNDS","GOMF_HYDROLASE_ACTIVITY_HYDROLYZING_N_GLYCOSYL_COMPOUNDS",41,0.344163640716854,0.778314401843584,0.750519750519751,0.878027561935267,0.864715915180918,3304,"tags=32%, list=19%, signal=26%","IL1RAP/MAN2A2/CD38/TLR1/TIRAP/TLR4/IL18R1/IL1RAPL1/MPG/DNPH1/MACROD2/NEIL1/IL18RAP"
"GOMF_VINCULIN_BINDING","GOMF_VINCULIN_BINDING",11,0.417498537455714,0.771651154226867,0.75152749490835,0.878027561935267,0.864715915180918,1067,"tags=18%, list=6%, signal=17%","DAG1/CTNNA1"
"GOMF_OXIDOREDUCTASE_ACTIVITY_ACTING_ON_THE_CH_CH_GROUP_OF_DONORS_NAD_OR_NADP_AS_ACCEPTOR","GOMF_OXIDOREDUCTASE_ACTIVITY_ACTING_ON_THE_CH_CH_GROUP_OF_DONORS_NAD_OR_NADP_AS_ACCEPTOR",23,0.368905310696817,0.769921495266475,0.753623188405797,0.878027561935267,0.864715915180918,1112,"tags=22%, list=7%, signal=20%","TM7SF2/ACADSB/BLVRB/DECR1/DPYD"
"GOMF_VOLTAGE_GATED_SODIUM_CHANNEL_ACTIVITY","GOMF_VOLTAGE_GATED_SODIUM_CHANNEL_ACTIVITY",12,0.407432971067067,0.766609326027992,0.750507099391481,0.878027561935267,0.864715915180918,1407,"tags=25%, list=8%, signal=23%","TPCN2/HCN1/PKD2"
"GOMF_PROTEIN_TRANSPORTER_ACTIVITY","GOMF_PROTEIN_TRANSPORTER_ACTIVITY",28,0.354999897997709,0.764277216146676,0.753564154786151,0.878027561935267,0.864715915180918,1077,"tags=14%, list=6%, signal=13%","IGF1R/TOMM7/ATP13A1/RHBDF2"
"GOMF_MONOCARBOXYLIC_ACID_TRANSMEMBRANE_TRANSPORTER_ACTIVITY","GOMF_MONOCARBOXYLIC_ACID_TRANSMEMBRANE_TRANSPORTER_ACTIVITY",32,0.343643531375768,0.761541180530587,0.753061224489796,0.878027561935267,0.864715915180918,1337,"tags=9%, list=8%, signal=9%","SLC6A6/SLC27A1/SLC16A4"
"GOMF_OXIDOREDUCTASE_ACTIVITY_ACTING_ON_THE_CH_CH_GROUP_OF_DONORS","GOMF_OXIDOREDUCTASE_ACTIVITY_ACTING_ON_THE_CH_CH_GROUP_OF_DONORS",51,0.338677429936823,0.775088863473162,0.759109311740891,0.88014916449004,0.866805352431335,2301,"tags=24%, list=14%, signal=20%","TM7SF2/ACADSB/BLVRB/IVD/DECR1/DPYD/ACADVL/SRD5A3/ACAD11/CPOX/ACAD10/ACAD9"
"GOMF_LYS48_SPECIFIC_DEUBIQUITINASE_ACTIVITY","GOMF_LYS48_SPECIFIC_DEUBIQUITINASE_ACTIVITY",15,-0.397451001754133,-0.772586379570613,0.759223300970874,0.88014916449004,0.866805352431335,2549,"tags=27%, list=15%, signal=23%","DESI2/MINDY3/USP15/YOD1"
"GOMF_CARBOHYDRATE_DERIVATIVE_TRANSMEMBRANE_TRANSPORTER_ACTIVITY","GOMF_CARBOHYDRATE_DERIVATIVE_TRANSMEMBRANE_TRANSPORTER_ACTIVITY",38,0.34176908843573,0.770388103880036,0.758691206543967,0.88014916449004,0.866805352431335,1826,"tags=16%, list=11%, signal=14%","SLC37A1/SLC25A42/SLC35B2/SLC37A2/SLC17A5/SLC35A2"
"GOMF_OXIDOREDUCTASE_ACTIVITY_ACTING_ON_A_SULFUR_GROUP_OF_DONORS_OXYGEN_AS_ACCEPTOR","GOMF_OXIDOREDUCTASE_ACTIVITY_ACTING_ON_A_SULFUR_GROUP_OF_DONORS_OXYGEN_AS_ACCEPTOR",10,-0.411643271273607,-0.765228349826496,0.761627906976744,0.88014916449004,0.866805352431335,261,"tags=40%, list=2%, signal=39%","ERO1A/SUMF1/QSOX2/QSOX1"
"GOMF_PROTEIN_DEACETYLASE_ACTIVITY","GOMF_PROTEIN_DEACETYLASE_ACTIVITY",23,0.363321056272387,0.758266912391847,0.759834368530021,0.88014916449004,0.866805352431335,2889,"tags=35%, list=17%, signal=29%","HDAC10/HDAC1/HDAC4/SIRT2/SIRT7/HDAC3/SIRT3/HDAC6"
"GOMF_PROFILIN_BINDING","GOMF_PROFILIN_BINDING",10,0.402335178595852,0.732800686274981,0.761316872427984,0.88014916449004,0.866805352431335,837,"tags=20%, list=5%, signal=19%","CTTN/EVL"
"GOMF_KINASE_INHIBITOR_ACTIVITY","GOMF_KINASE_INHIBITOR_ACTIVITY",66,-0.329780294488133,-0.816425655419214,0.762948207171315,0.880483471519328,0.867134591080911,1268,"tags=20%, list=7%, signal=18%","PRKAG2/INKA2/PRKAR2A/HSPB1/CAMK2N1/PKIB/TRIB1/CIT/SPRY4/YWHAG/TRIB3/CEP43/WARS1"
"GOMF_PROTEIN_PHOSPHATASE_BINDING","GOMF_PROTEIN_PHOSPHATASE_BINDING",120,-0.311942700735288,-0.850479311588306,0.765199161425577,0.881889451899382,0.86851925559917,3142,"tags=24%, list=19%, signal=20%","SMG5/STAT6/PPP1R3D/MAP3K5/KIFAP3/TRAF2/JAK1/TBK1/PXN/BCL2/CDH2/CD22/IQGAP1/GNA12/ERBB2/PPP3CB/EGFR/SIRPA/ANKLE2/PPP1CC/MAPK14/JUP/ENSA/SMG7/PHACTR1/MASTL/CD33/SH3RF2/ANAPC7"
"GOMF_PROTEIN_KINASE_C_ACTIVITY","GOMF_PROTEIN_KINASE_C_ACTIVITY",14,0.389363183970749,0.749821274098186,0.767489711934156,0.883337215622331,0.869945069989206,2276,"tags=29%, list=13%, signal=25%","PRKCH/PRKD1/PRKD2/PRKCA"
"GOMF_SH3_DOMAIN_BINDING","GOMF_SH3_DOMAIN_BINDING",104,0.317449889765026,0.806277617344224,0.772128060263653,0.886286778851022,0.872849915323513,1966,"tags=17%, list=12%, signal=15%","PAK3/SOCS7/KHDRBS3/ADAM19/MAPT/DOCK1/SHANK3/MYPN/EVL/SHANK1/INPP5J/SYNJ1/DNAJC6/PLSCR4/ADAM17/ADAM12/CABYR/LANCL1"
"GOMF_3_5_EXODEOXYRIBONUCLEASE_ACTIVITY","GOMF_3_5_EXODEOXYRIBONUCLEASE_ACTIVITY",12,-0.389082222818864,-0.74255819041278,0.772102161100196,0.886286778851022,0.872849915323513,4228,"tags=58%, list=25%, signal=44%","POLE/APEX2/REXO2/TATDN1/MRE11/APEX1/EXO5"
"GOMF_MONOCARBOXYLIC_ACID_BINDING","GOMF_MONOCARBOXYLIC_ACID_BINDING",41,-0.34150547213514,-0.796465828584728,0.773512476007678,0.88668410001417,0.873241212758933,2685,"tags=20%, list=16%, signal=16%","FABP5/ADH5/ACACB/CYP27C1/PPARD/IGF2R/NR2F2/FABP6"
"GOMF_PROTEIN_PHOSPHORYLATED_AMINO_ACID_BINDING","GOMF_PROTEIN_PHOSPHORYLATED_AMINO_ACID_BINDING",40,0.332208660589277,0.754246317063784,0.775720164609053,0.888022815785699,0.874559632457505,117,"tags=2%, list=1%, signal=2%","NCK2"
"GOMF_UBIQUITIN_LIKE_PROTEIN_LIGASE_ACTIVITY","GOMF_UBIQUITIN_LIKE_PROTEIN_LIGASE_ACTIVITY",258,-0.293453460841518,-0.87239786133276,0.817155756207675,0.888566101101256,0.875094681104281,2459,"tags=19%, list=15%, signal=16%","RNF24/HERC5/RNF25/BIRC2/MED31/BRAP/PELI1/CCNB1IP1/TRIM25/RANBP2/XIAP/ZNRF3/MSL2/RNF38/UHRF2/PJA1/RNF220/ZNF451/FBXO30/KCMF1/RNF138/UHRF1/RNF115/MED10/PELI2/KIAA1586/COP1/UBE2D3/CBLL1/DTX3L/RNF149/UBR4/NEDD4/LONRF3/BIRC3/NFX1/SIAH2/TRIM58/LONRF1/RNF41/SMURF2/TRIM11/RAD18/SH3RF2/RNF152/TRIM22/RNF125/RNF180"
"GOMF_PHOSPHATIDYLINOSITOL_BINDING","GOMF_PHOSPHATIDYLINOSITOL_BINDING",219,0.312805950064267,0.84876622564949,0.78003696857671,0.888566101101256,0.875094681104281,1709,"tags=12%, list=10%, signal=11%","SH3PXD2A/ZFYVE28/PXK/TPCN2/MAPT/SNX1/MYO1E/PLCB1/SYTL2/TOM1L2/PITPNM2/SYT5/BCAS3/PLCD1/PLEKHF1/WIPI1/PLEKHA5/OSBPL5/HS1BP3/NISCH/MPPE1/PASK/GSN/LANCL2/TIRAP/PFN2/SNX17"
"GOMF_PHOSPHATIDYLINOSITOL_PHOSPHATE_BINDING","GOMF_PHOSPHATIDYLINOSITOL_PHOSPHATE_BINDING",138,0.306654418946804,0.805202236674262,0.809885931558935,0.888566101101256,0.875094681104281,1697,"tags=12%, list=10%, signal=11%","SH3PXD2A/ZFYVE28/TPCN2/MAPT/PLCB1/SYTL2/SYT5/PLCD1/PLEKHF1/WIPI1/PLEKHA5/OSBPL5/GSN/LANCL2/TIRAP/PFN2"
"GOMF_ENDONUCLEASE_ACTIVITY","GOMF_ENDONUCLEASE_ACTIVITY",104,0.314974409754179,0.799990249828025,0.792843691148776,0.888566101101256,0.875094681104281,1623,"tags=12%, list=10%, signal=10%","DNASE1L1/ERN1/DNASE2/KHNYN/YBEY/ENDOD1/ENDOV/PMS2/EME2/DNASE1/NUDT16L1/ZC3H12B"
"GOMF_HISTONE_DEACETYLASE_BINDING","GOMF_HISTONE_DEACETYLASE_BINDING",110,0.309988154596479,0.78839033285709,0.808349146110057,0.888566101101256,0.875094681104281,1663,"tags=14%, list=10%, signal=12%","DACT1/HES1/MEF2C/BHLHE41/AKAP8L/KAT2B/HDAC10/KAT2A/WDTC1/HDAC1/ANKRA2/HDAC4/RFXANK/MAGEA4/SIRT2"
"GOMF_MANGANESE_ION_BINDING","GOMF_MANGANESE_ION_BINDING",56,-0.326512961176831,-0.786891107922582,0.791748526522593,0.888566101101256,0.875094681104281,504,"tags=18%, list=3%, signal=17%","MTPAP/SOD2/GALNT4/XPNPEP3/ABL2/PAPOLA/DYRK2/PCK2/MGAT5/GLUL"
"GOMF_CLATHRIN_BINDING","GOMF_CLATHRIN_BINDING",53,-0.326490734599282,-0.780728614009839,0.816205533596838,0.888566101101256,0.875094681104281,2072,"tags=21%, list=12%, signal=18%","HIP1R/BIN1/STON2/SNAP91/CEMIP/SYT11/CLTA/NCALD/LDLR/AP1G2/SYT1"
"GOMF_PEPTIDE_N_ACETYLTRANSFERASE_ACTIVITY","GOMF_PEPTIDE_N_ACETYLTRANSFERASE_ACTIVITY",42,-0.333103724923813,-0.777538901639065,0.809615384615385,0.888566101101256,0.875094681104281,519,"tags=26%, list=3%, signal=25%","GTF2B/ATF2/KAT14/NAA20/HAT1/KAT7/NAA30/NAA50/GTF3C4/NAA25/BAZ1A"
"GOMF_CIS_TRANS_ISOMERASE_ACTIVITY","GOMF_CIS_TRANS_ISOMERASE_ACTIVITY",35,-0.337029435798637,-0.758835531749755,0.802348336594912,0.888566101101256,0.875094681104281,2617,"tags=31%, list=15%, signal=27%","FKBP1A/NKTR/PPWD1/DEGS1/PPID/RANBP2/FKBP15/PPIH/FKBP4/PPIF/FKBP5"
"GOMF_NUCLEOSIDE_MONOPHOSPHATE_KINASE_ACTIVITY","GOMF_NUCLEOSIDE_MONOPHOSPHATE_KINASE_ACTIVITY",17,-0.379147177800524,-0.757475546518988,0.783783783783784,0.888566101101256,0.875094681104281,3242,"tags=24%, list=19%, signal=19%","CASK/AK3/CMPK1/TJP2"
"GOMF_DEOXYRIBONUCLEASE_ACTIVITY","GOMF_DEOXYRIBONUCLEASE_ACTIVITY",55,0.327349850438059,0.753688030138493,0.809330628803245,0.888566101101256,0.875094681104281,2244,"tags=16%, list=13%, signal=14%","DNASE1L1/DNASE2/ENDOV/PLD3/DNASE1/DNASE1L2/ISG20/EXD2/ERCC5"
"GOMF_SEQUENCE_SPECIFIC_SINGLE_STRANDED_DNA_BINDING","GOMF_SEQUENCE_SPECIFIC_SINGLE_STRANDED_DNA_BINDING",14,-0.388560691172065,-0.748542560273937,0.779069767441861,0.888566101101256,0.875094681104281,3301,"tags=29%, list=19%, signal=23%","HNRNPA2B1/PCBP1/RAD50/HNRNPA1"
"GOMF_NF_KAPPAB_BINDING","GOMF_NF_KAPPAB_BINDING",29,-0.338858489106917,-0.745473500560563,0.8046875,0.888566101101256,0.875094681104281,3053,"tags=34%, list=18%, signal=28%","APEX1/BCL10/NFKBIA/MTDH/RNF25/NPM1/PPARD/COMMD7/HDAC2/TP53BP2"
"GOMF_2_IRON_2_SULFUR_CLUSTER_BINDING","GOMF_2_IRON_2_SULFUR_CLUSTER_BINDING",23,-0.34767856950612,-0.744435500489634,0.797687861271676,0.888566101101256,0.875094681104281,2755,"tags=17%, list=16%, signal=15%","NDUFS1/FXN/AOX1/GLRX2"
"GOMF_ESTRADIOL_17_BETA_DEHYDROGENASE_ACTIVITY","GOMF_ESTRADIOL_17_BETA_DEHYDROGENASE_ACTIVITY",10,-0.39874333495343,-0.74124788501138,0.784883720930233,0.888566101101256,0.875094681104281,1265,"tags=30%, list=7%, signal=28%","HSD17B3/HSD17B7/HSD17B12"
"GOMF_HISTONE_DEACETYLASE_ACTIVITY_H3_K14_SPECIFIC","GOMF_HISTONE_DEACETYLASE_ACTIVITY_H3_K14_SPECIFIC",10,-0.397934978176817,-0.739745182148474,0.784883720930233,0.888566101101256,0.875094681104281,2653,"tags=30%, list=16%, signal=25%","HDAC7/HDAC9/HDAC2"
"GOMF_PHOSPHATIDYLINOSITOL_BISPHOSPHATE_PHOSPHATASE_ACTIVITY","GOMF_PHOSPHATIDYLINOSITOL_BISPHOSPHATE_PHOSPHATASE_ACTIVITY",24,0.351421056259356,0.738376309547732,0.787941787941788,0.888566101101256,0.875094681104281,3099,"tags=42%, list=18%, signal=34%","PIP4P2/MTMR4/PTEN/INPP5K/INPP5J/SYNJ1/INPP5B/SYNJ2/FIG4/MTMR14"
"GOMF_EXODEOXYRIBONUCLEASE_ACTIVITY","GOMF_EXODEOXYRIBONUCLEASE_ACTIVITY",22,-0.350619844342712,-0.737782585209162,0.811023622047244,0.888566101101256,0.875094681104281,4228,"tags=45%, list=25%, signal=34%","POLE/APEX2/REXO2/TATDN1/DCLRE1C/MRE11/APEX1/EXO1/EXO5/APTX"
"GOMF_LOW_DENSITY_LIPOPROTEIN_PARTICLE_RECEPTOR_BINDING","GOMF_LOW_DENSITY_LIPOPROTEIN_PARTICLE_RECEPTOR_BINDING",20,0.360351752679924,0.732307377350665,0.798353909465021,0.888566101101256,0.875094681104281,2374,"tags=40%, list=14%, signal=34%","HSPG2/ANKRA2/SNX17/LDLRAP1/LANCL1/APBB3/DAB2/AP2M1"
"GOMF_ABC_TYPE_TRANSPORTER_ACTIVITY","GOMF_ABC_TYPE_TRANSPORTER_ACTIVITY",33,0.330521365373211,0.73133329564688,0.808247422680412,0.888566101101256,0.875094681104281,1011,"tags=15%, list=6%, signal=14%","ABCB6/ABCA7/ABCA5/TAPBP/ATP13A1"
"GOMF_METALLOCARBOXYPEPTIDASE_ACTIVITY","GOMF_METALLOCARBOXYPEPTIDASE_ACTIVITY",13,0.382219424435883,0.729344626130058,0.7782340862423,0.888566101101256,0.875094681104281,927,"tags=23%, list=5%, signal=22%","AGBL5/NAALAD2/VASH1"
"GOMF_LIPOPROTEIN_PARTICLE_RECEPTOR_BINDING","GOMF_LIPOPROTEIN_PARTICLE_RECEPTOR_BINDING",21,0.351686012050821,0.722102070513592,0.806910569105691,0.888566101101256,0.875094681104281,2374,"tags=38%, list=14%, signal=33%","HSPG2/ANKRA2/SNX17/LDLRAP1/LANCL1/APBB3/DAB2/AP2M1"
"GOMF_SEQUENCE_SPECIFIC_MRNA_BINDING","GOMF_SEQUENCE_SPECIFIC_MRNA_BINDING",12,0.382868955230782,0.720390671765728,0.793103448275862,0.888566101101256,0.875094681104281,824,"tags=17%, list=5%, signal=16%","NOVA1/SHFL"
"GOMF_CYSTEINE_TYPE_ENDOPEPTIDASE_INHIBITOR_ACTIVITY_INVOLVED_IN_APOPTOTIC_PROCESS","GOMF_CYSTEINE_TYPE_ENDOPEPTIDASE_INHIBITOR_ACTIVITY_INVOLVED_IN_APOPTOTIC_PROCESS",13,0.377362067264528,0.720075899520072,0.788501026694045,0.888566101101256,0.875094681104281,1750,"tags=23%, list=10%, signal=21%","SNCA/NAIP/GAS6"
"GOMF_POLY_A_SPECIFIC_RIBONUCLEASE_ACTIVITY","GOMF_POLY_A_SPECIFIC_RIBONUCLEASE_ACTIVITY",12,-0.377059569593246,-0.719613118395621,0.795677799607073,0.888566101101256,0.875094681104281,4155,"tags=33%, list=25%, signal=25%","NOCT/CNOT7/CNOT2/TOE1"
"GOMF_TRNA_GUANINE_METHYLTRANSFERASE_ACTIVITY","GOMF_TRNA_GUANINE_METHYLTRANSFERASE_ACTIVITY",13,-0.37481768195827,-0.719078530079266,0.798058252427184,0.888566101101256,0.875094681104281,2767,"tags=38%, list=16%, signal=32%","TRMT10A/TRMT1L/TRMT1/TRMT10C/METTL1"
"GOMF_DNA_N_GLYCOSYLASE_ACTIVITY","GOMF_DNA_N_GLYCOSYLASE_ACTIVITY",14,-0.372857918267329,-0.718291960816601,0.810077519379845,0.888566101101256,0.875094681104281,4769,"tags=50%, list=28%, signal=36%","SMUG1/PCNA/MUTYH/OGG1/APEX1/MBD4/UNG"
"GOMF_OXIDOREDUCTASE_ACTIVITY_ACTING_ON_METAL_IONS","GOMF_OXIDOREDUCTASE_ACTIVITY_ACTING_ON_METAL_IONS",12,0.381687110250987,0.718166960265263,0.795131845841785,0.888566101101256,0.875094681104281,832,"tags=17%, list=5%, signal=16%","STEAP3/FRRS1"
"GOMF_PHOSPHORUS_OXYGEN_LYASE_ACTIVITY","GOMF_PHOSPHORUS_OXYGEN_LYASE_ACTIVITY",14,-0.37236160109161,-0.717335830827488,0.810077519379845,0.888566101101256,0.875094681104281,1727,"tags=43%, list=10%, signal=39%","GUCY1A1/MOCS1/ADCY6/BST1/NPR2/ADCY1"
"GOMF_CATALYTIC_ACTIVITY_ACTING_ON_A_GLYCOPROTEIN","GOMF_CATALYTIC_ACTIVITY_ACTING_ON_A_GLYCOPROTEIN",13,0.37461859836634,0.714840858677233,0.794661190965092,0.888566101101256,0.875094681104281,1092,"tags=23%, list=6%, signal=22%","MGAT1/B4GALNT4/MGAT5B"
"GOMF_VOLTAGE_GATED_ANION_CHANNEL_ACTIVITY","GOMF_VOLTAGE_GATED_ANION_CHANNEL_ACTIVITY",13,-0.370862799847013,-0.711491185746038,0.803883495145631,0.888566101101256,0.875094681104281,1841,"tags=62%, list=11%, signal=55%","CLCN2/ANO1/CLCN6/ANO6/VDAC2/GPR89B/GPR89A/VDAC1"
"GOMF_SINGLE_STRANDED_DNA_ENDODEOXYRIBONUCLEASE_ACTIVITY","GOMF_SINGLE_STRANDED_DNA_ENDODEOXYRIBONUCLEASE_ACTIVITY",10,-0.382051517080514,-0.710218464302093,0.812015503875969,0.888566101101256,0.875094681104281,5066,"tags=50%, list=30%, signal=35%","ERCC4/RBBP8/DCLRE1C/MRE11/RAD50"
"GOMF_PHOSPHATIDYLINOSITOL_3_5_BISPHOSPHATE_PHOSPHATASE_ACTIVITY","GOMF_PHOSPHATIDYLINOSITOL_3_5_BISPHOSPHATE_PHOSPHATASE_ACTIVITY",13,0.371744747726265,0.709357025604823,0.802874743326489,0.888566101101256,0.875094681104281,3099,"tags=38%, list=18%, signal=31%","MTMR4/SYNJ1/SYNJ2/FIG4/MTMR14"
"GOMF_PROTEIN_CARRIER_CHAPERONE","GOMF_PROTEIN_CARRIER_CHAPERONE",18,0.35531920995857,0.709181990423897,0.817813765182186,0.888566101101256,0.875094681104281,1155,"tags=17%, list=7%, signal=16%","EMC10/EMC3/BAG3"
"GOMF_SINGLE_STRANDED_TELOMERIC_DNA_BINDING","GOMF_SINGLE_STRANDED_TELOMERIC_DNA_BINDING",12,-0.365328354921983,-0.697224252940587,0.817288801571709,0.888566101101256,0.875094681104281,3301,"tags=25%, list=19%, signal=20%","HNRNPA2B1/RAD50/HNRNPA1"
"GOMF_OXIDIZED_DNA_BINDING","GOMF_OXIDIZED_DNA_BINDING",11,-0.367882342491256,-0.6963648779338,0.810176125244618,0.888566101101256,0.875094681104281,4694,"tags=45%, list=28%, signal=33%","MSH6/BLM/MSH2/MUTYH/OGG1"
"GOMF_GABA_RECEPTOR_BINDING","GOMF_GABA_RECEPTOR_BINDING",11,0.374581981295211,0.692329654567225,0.816700610997963,0.888566101101256,0.875094681104281,1710,"tags=27%, list=10%, signal=25%","GABARAPL1/GABARAP/GABARAPL2"
"GOMF_PROTEIN_ARGININE_N_METHYLTRANSFERASE_ACTIVITY","GOMF_PROTEIN_ARGININE_N_METHYLTRANSFERASE_ACTIVITY",10,0.379449817095234,0.691118005998717,0.800411522633745,0.888566101101256,0.875094681104281,6291,"tags=60%, list=37%, signal=38%","PRMT2/PRMT9/PRMT7/PRMT3/PRMT1/PRMT5"
"GOMF_THIOESTERASE_BINDING","GOMF_THIOESTERASE_BINDING",10,0.37214569771181,0.677814511843701,0.814814814814815,0.888566101101256,0.875094681104281,760,"tags=20%, list=4%, signal=19%","TRAF4/TRAF1"
"GOMF_PHOSPHATIDYLINOSITOL_3_5_BISPHOSPHATE_3_PHOSPHATASE_ACTIVITY","GOMF_PHOSPHATIDYLINOSITOL_3_5_BISPHOSPHATE_3_PHOSPHATASE_ACTIVITY",10,0.370592197583226,0.674985015391694,0.816872427983539,0.888566101101256,0.875094681104281,3099,"tags=40%, list=18%, signal=33%","MTMR4/SYNJ1/SYNJ2/MTMR14"
"GOMF_DISULFIDE_OXIDOREDUCTASE_ACTIVITY","GOMF_DISULFIDE_OXIDOREDUCTASE_ACTIVITY",38,-0.332119115077868,-0.759774382216123,0.820662768031189,0.890153269922626,0.87665778709254,3672,"tags=34%, list=22%, signal=27%","ERO1A/SELENOT/TXN2/TXNL1/CHCHD4/ENOX2/QSOX2/TXNRD2/TXN/GLRX3/PGK1/GLRX2/QSOX1"
"GOMF_UBIQUITIN_UBIQUITIN_LIGASE_ACTIVITY","GOMF_UBIQUITIN_UBIQUITIN_LIGASE_ACTIVITY",13,-0.361328270961293,-0.693199425922111,0.821359223300971,0.890153269922626,0.87665778709254,2242,"tags=23%, list=13%, signal=20%","RBX1/PELI1/PELI2"
"GOMF_G_QUADRUPLEX_DNA_BINDING","GOMF_G_QUADRUPLEX_DNA_BINDING",11,-0.362685761265169,-0.686528263796053,0.823874755381605,0.891747834088581,0.878228176305653,4507,"tags=36%, list=27%, signal=27%","BLM/CNBP/LONP1/RAD50"
"GOMF_MOLECULAR_ADAPTOR_ACTIVITY","GOMF_MOLECULAR_ADAPTOR_ACTIVITY",323,0.299571069560106,0.850255810916809,0.827586206896552,0.894631165429943,0.881067793884537,2658,"tags=21%, list=16%, signal=18%","NCK2/SNAP25/SORBS2/SORBS1/OBSL1/LINC01145/MAPT/FLRT3/CARD10/STAT3/SHANK3/SH2B1/VAMP2/STON1/ARRDC4/LAMTOR4/BICD1/ZSWIM8/BAIAP2/SEPTIN5/ARPC4/MAGI2/EPS8/ROPN1B/RGS14/BIN3/KLHDC3/PKP2/SHANK1/VAMP1/STX5/SAV1/SASH1/STX10/LMBRD1/KSR1/SPSB2/MAPK8IP1/BBS4/SH3RF1/TIRAP/DLG1/GAS6/PSMG3/STUB1/MAP2K2/LDLRAP1/TSNARE1/STX4/SYNE1/STX8/AP2S1/DAB2/ITSN2/ANK1/CAV2/AP2M1/DVL2/AP2B1/TRADD/DUSP19/CUL4B/SEPTIN9/COL11A2/HOMER2/SERINC1/PDCD6/MAPK8IP3"
"GOMF_5S_RRNA_BINDING","GOMF_5S_RRNA_BINDING",10,-0.371132269427832,-0.68992002036845,0.831395348837209,0.89761267750566,0.884004103694099,1302,"tags=20%, list=8%, signal=18%","RRS1/TST"
"GOMF_PHOSPHOLIPASE_A2_ACTIVITY","GOMF_PHOSPHOLIPASE_A2_ACTIVITY",17,-0.351602966957867,-0.702446609517504,0.835907335907336,0.9002079002079,0.886559980606573,2052,"tags=47%, list=12%, signal=41%","PNPLA8/PLA2G15/PROCA1/PLB1/ABHD3/PNPLA3/PLAAT3/PRDX6"
"GOMF_PEPTIDASE_ACTIVATOR_ACTIVITY_INVOLVED_IN_APOPTOTIC_PROCESS","GOMF_PEPTIDASE_ACTIVATOR_ACTIVITY_INVOLVED_IN_APOPTOTIC_PROCESS",15,-0.360184096401236,-0.700144988412146,0.83495145631068,0.9002079002079,0.886559980606573,2092,"tags=27%, list=12%, signal=23%","CASP8AP2/CTSC/NLRP1/CTSH"
"GOMF_UBIQUITIN_LIGASE_SUBSTRATE_ADAPTOR_ACTIVITY","GOMF_UBIQUITIN_LIGASE_SUBSTRATE_ADAPTOR_ACTIVITY",26,-0.320803916465347,-0.69964095612374,0.838771593090211,0.902154836900554,0.888477400078323,1648,"tags=27%, list=10%, signal=24%","DCAF12/FBXO7/SPSB1/SPSB4/ARRDC1/PRAME/FEM1C"
"GOMF_5_3_DNA_HELICASE_ACTIVITY","GOMF_5_3_DNA_HELICASE_ACTIVITY",10,-0.366862126671066,-0.681981996056346,0.843023255813954,0.904614723311056,0.890899992512676,4421,"tags=40%, list=26%, signal=30%","DNA2/ERCC2/RUVBL1/BRIP1"
"GOMF_NUCLEOSIDE_DIPHOSPHATASE_ACTIVITY","GOMF_NUCLEOSIDE_DIPHOSPHATASE_ACTIVITY",11,0.360299311128027,0.665931385037673,0.843177189409369,0.904614723311056,0.890899992512676,4412,"tags=55%, list=26%, signal=40%","SLC25A42/ENTPD4/NUDT16/ENTPD6/NUDT18/ALPL"
"GOMF_PHOSPHATIDYLINOSITOL_4_5_BISPHOSPHATE_BINDING","GOMF_PHOSPHATIDYLINOSITOL_4_5_BISPHOSPHATE_BINDING",59,0.315004605261116,0.731103233906067,0.846464646464646,0.905418963787379,0.891692040017399,1883,"tags=15%, list=11%, signal=14%","SH3PXD2A/PLCB1/SYTL2/SYT5/PLCD1/GSN/TIRAP/PFN2/LDLRAP1"
"GOMF_S_ADENOSYL_L_METHIONINE_BINDING","GOMF_S_ADENOSYL_L_METHIONINE_BINDING",17,0.343283562786477,0.678231593846072,0.847107438016529,0.905418963787379,0.891692040017399,891,"tags=12%, list=5%, signal=11%","KMT5C/KMT5B"
"GOMF_NAD_DEPENDENT_PROTEIN_DEACETYLASE_ACTIVITY","GOMF_NAD_DEPENDENT_PROTEIN_DEACETYLASE_ACTIVITY",17,0.342445901777457,0.676576611718062,0.847107438016529,0.905418963787379,0.891692040017399,2889,"tags=41%, list=17%, signal=34%","HDAC1/HDAC4/SIRT2/SIRT7/HDAC3/SIRT3/HDAC6"
"GOMF_SIGNAL_SEQUENCE_BINDING","GOMF_SIGNAL_SEQUENCE_BINDING",45,-0.316232506536946,-0.745263881146591,0.848543689320388,0.905820388349515,0.892087378640777,3341,"tags=33%, list=20%, signal=27%","KPNA2/NOLC1/KPNA6/SEC61A2/NUP153/NFKBIA/KPNA4/TOMM40L/BRAP/TNPO1/TOMM20/CEMIP/RANBP6/NUP214/PEX19"
"GOMF_2_OXOGLUTARATE_DEPENDENT_DIOXYGENASE_ACTIVITY","GOMF_2_OXOGLUTARATE_DEPENDENT_DIOXYGENASE_ACTIVITY",54,-0.315736461418252,-0.757141717935661,0.850894632206759,0.907196024849654,0.893442159318222,33,"tags=4%, list=0%, signal=4%","KDM2B/KDM7A"
"GOMF_PHOSPHATIDYLINOSITOL_4_5_BISPHOSPHATE_PHOSPHATASE_ACTIVITY","GOMF_PHOSPHATIDYLINOSITOL_4_5_BISPHOSPHATE_PHOSPHATASE_ACTIVITY",14,0.353058982687025,0.679907980848242,0.8559670781893,0.911466190490851,0.897647585606052,2896,"tags=50%, list=17%, signal=41%","PIP4P2/INPP5K/INPP5J/SYNJ1/INPP5B/SYNJ2/FIG4"
"GOMF_MITOGEN_ACTIVATED_PROTEIN_KINASE_KINASE_KINASE_BINDING","GOMF_MITOGEN_ACTIVATED_PROTEIN_KINASE_KINASE_KINASE_BINDING",14,0.351304424347376,0.676529117042223,0.858024691358025,0.911626334347679,0.897805301545416,2926,"tags=36%, list=17%, signal=30%","DIXDC1/TGFBR2/SASH1/DUSP19/MAP4K2"
"GOMF_NUCLEOSIDE_DIPHOSPHATE_KINASE_ACTIVITY","GOMF_NUCLEOSIDE_DIPHOSPHATE_KINASE_ACTIVITY",13,-0.343288525367841,-0.658590616442874,0.858252427184466,0.911626334347679,0.897805301545416,3533,"tags=23%, list=21%, signal=18%","NME6/NME7/CMPK1"
"GOMF_RIBONUCLEASE_ACTIVITY","GOMF_RIBONUCLEASE_ACTIVITY",104,-0.296622684242192,-0.786242340397598,0.859872611464968,0.912212683467184,0.898382761112141,3136,"tags=26%, list=19%, signal=21%","EXOSC7/USB1/DICER1/APEX1/RPP14/SND1/POP7/ANGEL2/CNOT2/SMG6/RPP40/PNPT1/ISG20L2/RPP30/XRN2/ZC3H12A/EXOSC10/RCL1/EXO1/TOE1/ERI2/SLFN13/EXOSC2/EXOSC9/EXOSC3/SAMHD1/POP1"
"GOMF_OXIDOREDUCTASE_ACTIVITY_ACTING_ON_A_SULFUR_GROUP_OF_DONORS","GOMF_OXIDOREDUCTASE_ACTIVITY_ACTING_ON_A_SULFUR_GROUP_OF_DONORS",52,-0.309739814539897,-0.740439530438681,0.861932938856016,0.912347060309669,0.898515100687077,3672,"tags=33%, list=22%, signal=26%","ERO1A/SUMF1/SELENOT/TXN2/DLD/TXNL1/CHCHD4/ENOX2/QSOX2/TXNRD2/TXN/GLRX3/SESN2/SRXN1/PGK1/GLRX2/QSOX1"
"GOMF_ANNEALING_ACTIVITY","GOMF_ANNEALING_ACTIVITY",13,-0.342452840693945,-0.65698737589196,0.862135922330097,0.912347060309669,0.898515100687077,4870,"tags=54%, list=29%, signal=38%","FXR1/BLM/SMARCAL1/RAD54L/DDX3X/EIF4B/FMR1"
"GOMF_TFIID_CLASS_TRANSCRIPTION_FACTOR_COMPLEX_BINDING","GOMF_TFIID_CLASS_TRANSCRIPTION_FACTOR_COMPLEX_BINDING",10,-0.356754445423471,-0.663192221556356,0.864341085271318,0.912523890126062,0.898689249612626,4021,"tags=60%, list=24%, signal=46%","FBL/ERCC4/EDF1/RUVBL1/ZNHIT6/NOP58"
"GOMF_PALMITOYL_PROTEIN_HYDROLASE_ACTIVITY","GOMF_PALMITOYL_PROTEIN_HYDROLASE_ACTIVITY",12,-0.34430310581326,-0.657097847734922,0.864440078585462,0.912523890126062,0.898689249612626,1792,"tags=25%, list=11%, signal=22%","ABHD10/ABHD17C/ABHD17B"
"GOMF_METAL_CLUSTER_BINDING","GOMF_METAL_CLUSTER_BINDING",66,-0.298535425513401,-0.739073815247026,0.872509960159363,0.91877127740579,0.904841921172472,1953,"tags=29%, list=12%, signal=26%","POLE/ERCC2/XDH/MOCS1/MUTYH/CDKAL1/PRIM2/NDUFS2/CDK5RAP1/NDUFS1/FXN/PPAT/BRIP1/GLRX3/EXO5/ABCE1/ACO1/AOX1/GLRX2"
"GOMF_G_RICH_STRAND_TELOMERIC_DNA_BINDING","GOMF_G_RICH_STRAND_TELOMERIC_DNA_BINDING",10,-0.353417298173764,-0.656988598513715,0.872093023255814,0.91877127740579,0.904841921172472,928,"tags=20%, list=5%, signal=19%","HNRNPA2B1/HNRNPA1"
"GOMF_N_ACYLTRANSFERASE_ACTIVITY","GOMF_N_ACYLTRANSFERASE_ACTIVITY",74,0.29980852091541,0.725100573738872,0.87984496124031,0.92535418337343,0.911325024670739,1243,"tags=12%, list=7%, signal=11%","HGSNAT/NAT14/SAT1/KAT2B/ARRB1/MCM3AP/KAT2A/CERS4/NCOA1"
"GOMF_DNA_DIRECTED_DNA_POLYMERASE_ACTIVITY","GOMF_DNA_DIRECTED_DNA_POLYMERASE_ACTIVITY",23,-0.316520594892726,-0.67772128667279,0.882466281310212,0.926969500908882,0.912915852614565,582,"tags=39%, list=3%, signal=38%","REV1/POLG/POLE/POLA1/PRIMPOL/TENT4B/POLD3/POLQ/POLE3"
"GOMF_CULLIN_FAMILY_PROTEIN_BINDING","GOMF_CULLIN_FAMILY_PROTEIN_BINDING",23,0.322522564440178,0.673118678074649,0.890269151138716,0.934017020973543,0.919856526263849,190,"tags=4%, list=1%, signal=4%","KLHL36"
"GOMF_ISOPEPTIDASE_ACTIVITY","GOMF_ISOPEPTIDASE_ACTIVITY",19,-0.32597066169605,-0.662905025376247,0.892,0.934684662576687,0.920514045850824,4093,"tags=37%, list=24%, signal=28%","SENP1/COPS6/SENP3/PRPF8/MYSM1/HINT1/STAMBPL1"
"GOMF_REGULATORY_RNA_BINDING","GOMF_REGULATORY_RNA_BINDING",38,-0.303874617227944,-0.695160679087655,0.894736842105263,0.93640350877193,0.922206832871653,3634,"tags=37%, list=21%, signal=29%","ZC3H7B/PUM2/HNRNPA2B1/DICER1/PUM1/PNPT1/DDX21/ZC3H12A/ELAVL1/MATR3/FMR1/HNRNPA1/YBX1/DHX9"
"GOMF_NUCLEAR_RECEPTOR_BINDING","GOMF_NUCLEAR_RECEPTOR_BINDING",121,0.28862507769432,0.743478494636737,0.899621212121212,0.940362931642001,0.926106227513816,2882,"tags=22%, list=17%, signal=19%","SMAD3/CALR/CTNNB1/DAXX/STAT5B/BCAS3/WIPI1/NCOA1/PRMT2/PROX1/TRIM24/TACC1/SMARCD3/ARID5A/NR4A2/PAGR1/RNF6/LATS1/RARG/CRY2/TAF10/BRD8/TCF7L2/HIF1A/TADA3/PHB2/RXRA"
"GOMF_SUMO_LIGASE_ACTIVITY","GOMF_SUMO_LIGASE_ACTIVITY",11,0.321679255936361,0.594550990877333,0.906313645621181,0.946200309731649,0.931855105972621,588,"tags=9%, list=3%, signal=9%","EGR2"
"GOMF_PEPTIDE_LYSINE_N_ACETYLTRANSFERASE_ACTIVITY","GOMF_PEPTIDE_LYSINE_N_ACETYLTRANSFERASE_ACTIVITY",35,-0.304315445399223,-0.685178647028186,0.909980430528376,0.948868483115059,0.934482827571714,110,"tags=6%, list=1%, signal=6%","GTF3C4/BAZ1A"
"GOMF_CYCLIN_DEPENDENT_PROTEIN_KINASE_ACTIVITY","GOMF_CYCLIN_DEPENDENT_PROTEIN_KINASE_ACTIVITY",28,0.297089859829823,0.639603031710189,0.912423625254583,0.94909838729283,0.934709246206054,1135,"tags=11%, list=7%, signal=10%","MOK/CDKL5/CDK15"
"GOMF_CARGO_ADAPTOR_ACTIVITY","GOMF_CARGO_ADAPTOR_ACTIVITY",19,0.314179139294405,0.632115397434215,0.912350597609562,0.94909838729283,0.934709246206054,2410,"tags=32%, list=14%, signal=27%","STON1/LDLRAP1/AP2S1/DAB2/AP2M1/AP2B1"
"GOMF_HISTONE_METHYLTRANSFERASE_BINDING","GOMF_HISTONE_METHYLTRANSFERASE_BINDING",11,0.315165860121816,0.582512459128553,0.918533604887984,0.954291604105034,0.93982372942182,2355,"tags=27%, list=14%, signal=23%","CTNNB1/WIZ/PHF1"
"GOMF_K63_LINKED_POLYUBIQUITIN_MODIFICATION_DEPENDENT_PROTEIN_BINDING","GOMF_K63_LINKED_POLYUBIQUITIN_MODIFICATION_DEPENDENT_PROTEIN_BINDING",25,0.302681717617905,0.636534489388503,0.923711340206186,0.958504841477621,0.943973090522149,1116,"tags=8%, list=7%, signal=7%","MINDY2/FAAP20"
"GOMF_HYDROLASE_ACTIVITY_ACTING_ON_CARBON_NITROGEN_BUT_NOT_PEPTIDE_BONDS_IN_LINEAR_AMIDES","GOMF_HYDROLASE_ACTIVITY_ACTING_ON_CARBON_NITROGEN_BUT_NOT_PEPTIDE_BONDS_IN_LINEAR_AMIDES",56,0.285383689233494,0.658723559899353,0.924949290060852,0.958624628291223,0.944091061265484,1749,"tags=16%, list=10%, signal=14%","BTD/CAT/HDAC10/HDAC1/NADSYN1/HDAC4/NDST2/SIRT2/NDST1"
"GOMF_NUCLEOTIDE_SUGAR_TRANSMEMBRANE_TRANSPORTER_ACTIVITY","GOMF_NUCLEOTIDE_SUGAR_TRANSMEMBRANE_TRANSPORTER_ACTIVITY",11,-0.306308771386967,-0.579812199608377,0.927592954990215,0.959037770559306,0.944497939944392,1085,"tags=18%, list=6%, signal=17%","SLC35A3/SLC35D2"
"GOMF_MISMATCH_REPAIR_COMPLEX_BINDING","GOMF_MISMATCH_REPAIR_COMPLEX_BINDING",11,0.301065964500234,0.556452006804152,0.928716904276986,0.959037770559306,0.944497939944392,3957,"tags=36%, list=23%, signal=28%","PMS2/WRN/MCM9/TREX1"
"GOMF_C4_DICARBOXYLATE_TRANSMEMBRANE_TRANSPORTER_ACTIVITY","GOMF_C4_DICARBOXYLATE_TRANSMEMBRANE_TRANSPORTER_ACTIVITY",11,0.297416334181435,0.549706494675737,0.928716904276986,0.959037770559306,0.944497939944392,1393,"tags=18%, list=8%, signal=17%","SLC25A10/SLC25A22"
"GOMF_ARP2_3_COMPLEX_BINDING","GOMF_ARP2_3_COMPLEX_BINDING",14,0.298626268154074,0.575083464705014,0.930041152263374,0.95924534303493,0.944702365444236,3944,"tags=43%, list=23%, signal=33%","WHAMM/CORO1B/DNAI3/WASF3/JMY/SNX9"
"GOMF_CYSTEINE_TYPE_ENDOPEPTIDASE_REGULATOR_ACTIVITY_INVOLVED_IN_APOPTOTIC_PROCESS","GOMF_CYSTEINE_TYPE_ENDOPEPTIDASE_REGULATOR_ACTIVITY_INVOLVED_IN_APOPTOTIC_PROCESS",26,0.298110775947184,0.631605252835016,0.933471933471933,0.961622474288337,0.947043457360263,2349,"tags=19%, list=14%, signal=17%","SNCA/NAIP/CARD8/GAS6/BAD"
"GOMF_MIRNA_BINDING","GOMF_MIRNA_BINDING",31,-0.293085102201342,-0.649825696974618,0.939453125,0.966618034638554,0.951963280754597,3634,"tags=39%, list=21%, signal=30%","ZC3H7B/PUM2/HNRNPA2B1/PUM1/PNPT1/DDX21/ZC3H12A/ELAVL1/MATR3/FMR1/HNRNPA1/YBX1"
"GOMF_CATALYTIC_ACTIVITY_ACTING_ON_DNA","GOMF_CATALYTIC_ACTIVITY_ACTING_ON_DNA",208,-0.270371923955543,-0.788607269767051,0.942307692307692,0.967173766058147,0.952510586811857,4507,"tags=37%, list=27%, signal=28%","BLM/RBBP8/TOP1/REV1/DNA2/FBH1/SMARCAL1/POLG/CHD7/PCNA/POLE/RAD51/MCM8/POLA1/APEX2/ERCC2/INO80/RAD51C/MSH2/FAN1/RAD54L/TOP2B/MUTYH/REXO2/TEFM/UPF1/XRCC6/DFFB/TATDN1/DCLRE1C/RFC4/OGG1/MRE11/PRIMPOL/DICER1/RUVBL1/FANCM/APEX1/RAD17/HLTF/MCM5/CRY1/BTAF1/CDK7/MBD4/RAD50/TENT4B/G3BP1/DKC1/POLD3/DDX3X/SUPV3L1/CHD1L/LIG3/TOP3B/BRIP1/DDX1/UNG/ATAD5/EXO1/CHD6/GEN1/EXO5/PTGES3/APTX/HMGA2/ZGRF1/CHD1/TERT/XRCC2/DHX9/RFC5/POLQ/ERCC6L/MGMT/POLE3/SMARCA2"
"GOMF_UBIQUITIN_BINDING","GOMF_UBIQUITIN_BINDING",96,0.279024160943106,0.702852035945354,0.943181818181818,0.967173766058147,0.952510586811857,1265,"tags=7%, list=7%, signal=7%","SMAD3/CUEDC1/USP5/OTUB2/TOM1L2/FAAP20/TP53INP2"
"GOMF_ENDONUCLEASE_ACTIVITY_ACTIVE_WITH_EITHER_RIBO_OR_DEOXYRIBONUCLEIC_ACIDS_AND_PRODUCING_5_PHOSPHOMONOESTERS","GOMF_ENDONUCLEASE_ACTIVITY_ACTIVE_WITH_EITHER_RIBO_OR_DEOXYRIBONUCLEIC_ACIDS_AND_PRODUCING_5_PHOSPHOMONOESTERS",38,-0.276467454925895,-0.632462511891064,0.949317738791423,0.967173766058147,0.952510586811857,3975,"tags=37%, list=23%, signal=28%","POP4/DBR1/FAN1/EDC3/DICER1/APEX1/RPP14/POP7/RPP40/RPP30/EXO1/GEN1/ZGRF1/POP1"
"GOMF_CHEMOKINE_RECEPTOR_BINDING","GOMF_CHEMOKINE_RECEPTOR_BINDING",19,-0.294006948576343,-0.597902531144125,0.946,0.967173766058147,0.952510586811857,1025,"tags=26%, list=6%, signal=25%","CNIH4/CXCL3/JAK1/NARS1/CCRL2"
"GOMF_FATTY_ACID_BINDING","GOMF_FATTY_ACID_BINDING",22,0.285081548179515,0.592697796857249,0.945344129554656,0.967173766058147,0.952510586811857,592,"tags=9%, list=3%, signal=9%","ALOX5AP/SNCA"
"GOMF_PURINE_NUCLEOTIDE_TRANSMEMBRANE_TRANSPORTER_ACTIVITY","GOMF_PURINE_NUCLEOTIDE_TRANSMEMBRANE_TRANSPORTER_ACTIVITY",17,-0.288943096883451,-0.577262190092923,0.947876447876448,0.967173766058147,0.952510586811857,3873,"tags=29%, list=23%, signal=23%","ABCC5/SLC25A5/SLC25A25/SLC25A24/SLC25A4"
"GOMF_TRANSCRIPTION_REGULATOR_INHIBITOR_ACTIVITY","GOMF_TRANSCRIPTION_REGULATOR_INHIBITOR_ACTIVITY",16,0.27821916384743,0.547358274324089,0.950819672131147,0.967173766058147,0.952510586811857,3121,"tags=25%, list=18%, signal=20%","DAXX/SMAD7/SIN3A/TAF1"
"GOMF_DNA_APURINIC_OR_APYRIMIDINIC_SITE_ENDONUCLEASE_ACTIVITY","GOMF_DNA_APURINIC_OR_APYRIMIDINIC_SITE_ENDONUCLEASE_ACTIVITY",13,0.28349223094554,0.540955069185489,0.948665297741273,0.967173766058147,0.952510586811857,1455,"tags=15%, list=9%, signal=14%","POLB/HMCES"
"GOMF_THREONINE_TYPE_ENDOPEPTIDASE_ACTIVITY","GOMF_THREONINE_TYPE_ENDOPEPTIDASE_ACTIVITY",12,0.285752754925055,0.537660774703672,0.95131845841785,0.967173766058147,0.952510586811857,4610,"tags=33%, list=27%, signal=24%","PSMB6/PSMB10/PSMB9/PSMB1"
"GOMF_ACYLGLYCEROL_LIPASE_ACTIVITY","GOMF_ACYLGLYCEROL_LIPASE_ACTIVITY",11,0.279557794148321,0.516699042450061,0.94908350305499,0.967173766058147,0.952510586811857,4883,"tags=64%, list=29%, signal=45%","ABHD2/FAAH/ABHD16A/ABHD6/ABHD15/DAGLA/LIPE"
"GOMF_ENDORIBONUCLEASE_ACTIVITY","GOMF_ENDORIBONUCLEASE_ACTIVITY",58,0.26760075112016,0.621617163886464,0.959514170040486,0.973188956311847,0.958434581650642,1623,"tags=10%, list=10%, signal=9%","ERN1/KHNYN/YBEY/ENDOV/NUDT16L1/ZC3H12B"
"GOMF_PROTEIN_KINASE_B_BINDING","GOMF_PROTEIN_KINASE_B_BINDING",10,-0.292467327083621,-0.54368504406722,0.959302325581395,0.973188956311847,0.958434581650642,4640,"tags=40%, list=27%, signal=29%","APPL1/TRAF6/BCL10/PDE3B"
"GOMF_O_METHYLTRANSFERASE_ACTIVITY","GOMF_O_METHYLTRANSFERASE_ACTIVITY",22,0.272233977522643,0.56598709996395,0.961538461538462,0.974085226754266,0.959317263868678,4534,"tags=32%, list=27%, signal=23%","ASMTL/FTSJ3/ICMT/MRM1/CMTR1/COMT/BCDIN3D"
"GOMF_OXYGEN_BINDING","GOMF_OXYGEN_BINDING",10,-0.287167770760626,-0.533833381176408,0.965116279069767,0.976551306072964,0.961745955321457,3500,"tags=50%, list=21%, signal=40%","NDUFS2/CYP2C18/SOD2/CBS/CYP2C19"
"GOMF_RETINOIC_ACID_RECEPTOR_BINDING","GOMF_RETINOIC_ACID_RECEPTOR_BINDING",22,0.257119612063239,0.534563631255119,0.973684210526316,0.984054811585176,0.969135701289974,3058,"tags=27%, list=18%, signal=22%","PRMT2/TACC1/ARID5A/NR4A2/RARG/NR1H2"
"GOMF_CARBOXYLIC_ESTER_HYDROLASE_ACTIVITY","GOMF_CARBOXYLIC_ESTER_HYDROLASE_ACTIVITY",93,0.252027040160927,0.629782567416016,0.980842911877395,0.990118022155195,0.975106988416123,2514,"tags=19%, list=15%, signal=17%","PLA2G6/PNPLA2/PTRHD1/PNPLA7/ABHD2/PLA2G4C/H6PD/LYPLA2/PLA2G12A/DDHD2/LIPA/NDST1/VARS2/CES3/CES2/ESD/NDST3/SIAE"
"GOMF_THREONINE_TYPE_PEPTIDASE_ACTIVITY","GOMF_THREONINE_TYPE_PEPTIDASE_ACTIVITY",16,0.250671143970114,0.493161300928819,0.983606557377049,0.991735537190083,0.976699980543419,4610,"tags=38%, list=27%, signal=27%","PSMB6/GGT1/PSMB10/PSMB9/GGT7/PSMB1"
"GOMF_NUCLEASE_ACTIVITY","GOMF_NUCLEASE_ACTIVITY",184,-0.245247858075832,-0.703207432405965,0.989224137931034,0.993471007304536,0.978409139450665,3975,"tags=33%, list=23%, signal=25%","POP4/RAD51C/REXO1/TATDN3/DBR1/FAN1/EDC3/REXO2/TEFM/CNOT7/DFFB/TATDN1/DCLRE1C/ERI1/LACTB2/TATDN2/OGG1/MRE11/REXO4/PLSCR1/EXOSC7/USB1/DICER1/FANCM/APEX1/RPP14/SND1/POP7/EME1/ANGEL2/CNOT2/SMG6/RPP40/MBD4/RAD50/G3BP1/TSN/PNPT1/ISG20L2/RPP30/XRN2/DDX1/ENPP2/ZC3H12A/EXOSC10/RCL1/EXO1/TSEN15/TOE1/ERI2/GEN1/EXO5/SLFN13/EXOSC2/APTX/ZGRF1/EXOSC9/EXOSC3/SAMHD1/POP1"
"GOMF_OXIDOREDUCTION_DRIVEN_ACTIVE_TRANSMEMBRANE_TRANSPORTER_ACTIVITY","GOMF_OXIDOREDUCTION_DRIVEN_ACTIVE_TRANSMEMBRANE_TRANSPORTER_ACTIVITY",68,0.24762199412205,0.589871685329091,0.990079365079365,0.993471007304536,0.978409139450665,5161,"tags=43%, list=30%, signal=30%","NDUFB10/NDUFA13/NDUFA1/NDUFA2/CYB561A3/CYB561D1/SURF1/NDUFA3/NDUFV3/NDUFB1/NDUFC2/COX4I1/COX5B/NDUFB9/COX8A/CYB561D2/CYC1/COX6B1/NDUFS8/NDUFC1/NDUFV1/NDUFA4/NDUFB5/NDUFB8/MT-ND4L/COX7B/UQCRFS1P1/MT-ND5/NDUFB4"
"GOMF_DAMAGED_DNA_BINDING","GOMF_DAMAGED_DNA_BINDING",67,0.246604305111312,0.586865168069234,0.992110453648915,0.993471007304536,0.978409139450665,1025,"tags=6%, list=6%, signal=6%","XPC/DDB2/POLH/POLB"
"GOMF_CATALYTIC_ACTIVITY_ACTING_ON_A_RRNA","GOMF_CATALYTIC_ACTIVITY_ACTING_ON_A_RRNA",21,-0.236782331409121,-0.494732864871022,0.990196078431373,0.993471007304536,0.978409139450665,5907,"tags=43%, list=35%, signal=28%","ZCCHC4/FDXACB1/FBL/TRMT61B/MRM2/MRM3/TFB2M/NSUN4/TFB1M"
"GOMF_UBIQUITIN_SPECIFIC_PROTEASE_BINDING","GOMF_UBIQUITIN_SPECIFIC_PROTEASE_BINDING",19,0.238278183545206,0.479405822518474,0.99203187250996,0.993471007304536,0.978409139450665,4183,"tags=32%, list=25%, signal=24%","PTEN/SYVN1/CHMP3/CLTC/PARK7/DERL2"
"GOMF_THYROID_HORMONE_RECEPTOR_BINDING","GOMF_THYROID_HORMONE_RECEPTOR_BINDING",27,-0.213551501611442,-0.468961356051851,0.992307692307692,0.993471007304536,0.978409139450665,4690,"tags=30%, list=28%, signal=21%","MED16/GAS2L1/NCOA6/GTF2B/ZNHIT3/JMJD1C/THRAP3/MED17"
"GOMF_LYSINE_ACETYLATED_HISTONE_BINDING","GOMF_LYSINE_ACETYLATED_HISTONE_BINDING",21,0.18316199374773,0.376078804366892,1,1,0.984839147047948,3121,"tags=19%, list=18%, signal=16%","TRIM24/BRD2/ATAD2B/TAF1"
