"ID","Description","setSize","enrichmentScore","NES","pvalue","p.adjust","qvalue","rank","leading_edge","core_enrichment"
"REACTOME_TCR_SIGNALING","REACTOME_TCR_SIGNALING",102,0.925603190318368,2.33251066044874,1.94844196105999e-16,2.16666746069871e-13,2.07765442795134e-13,204,"tags=13%, list=1%, signal=13%","HLA-DRA/HLA-DPB1/HLA-DPA1/HLA-DQB1/HLA-DRB1/HLA-DQA1/HLA-DRB5/FYB1/PAK3/HLA-DQB2/PSME2/PTPRJ/PSME1"
"REACTOME_MHC_CLASS_II_ANTIGEN_PRESENTATION","REACTOME_MHC_CLASS_II_ANTIGEN_PRESENTATION",110,0.880028036328782,2.23081792496006,2.44774442270118e-11,9.40197917474886e-09,9.01571838699412e-09,260,"tags=13%, list=2%, signal=13%","HLA-DRA/HLA-DPB1/HLA-DPA1/HLA-DQB1/HLA-DRB1/HLA-DQA1/HLA-DRB5/CD74/HLA-DMB/HLA-DMA/HLA-DQB2/HLA-DOA/LGMN/SEC24C"
"REACTOME_GENERATION_OF_SECOND_MESSENGER_MOLECULES","REACTOME_GENERATION_OF_SECOND_MESSENGER_MOLECULES",23,0.985504995004894,2.04483447977557,2.53650517304376e-11,9.40197917474886e-09,9.01571838699412e-09,55,"tags=43%, list=0%, signal=43%","HLA-DRA/HLA-DPB1/HLA-DPA1/HLA-DQB1/HLA-DRB1/HLA-DQA1/HLA-DRB5/FYB1/PAK3/HLA-DQB2"
"REACTOME_INTERFERON_GAMMA_SIGNALING","REACTOME_INTERFERON_GAMMA_SIGNALING",68,0.921005957593134,2.20027672692837,3.50135626231372e-11,9.73377040923215e-09,9.33387866769421e-09,92,"tags=19%, list=1%, signal=19%","HLA-DRA/HLA-DPB1/HLA-DPA1/HLA-DQB1/HLA-DRB1/HLA-DQA1/HLA-DRB5/CIITA/HLA-E/HLA-B/HLA-F/HLA-DQB2/HLA-C"
"REACTOME_INTERFERON_SIGNALING","REACTOME_INTERFERON_SIGNALING",160,0.825352518691352,2.19575640025919,1.09760213752384e-10,2.44106715385301e-08,2.34078097960346e-08,373,"tags=11%, list=2%, signal=10%","HLA-DRA/HLA-DPB1/HLA-DPA1/HLA-DQB1/HLA-DRB1/HLA-DQA1/HLA-DRB5/CIITA/HLA-E/EGR1/HLA-B/HLA-F/HLA-DQB2/HLA-C/IFIT2/HLA-A/IFIT1"
"REACTOME_COSTIMULATION_BY_THE_CD28_FAMILY","REACTOME_COSTIMULATION_BY_THE_CD28_FAMILY",50,0.93643932261449,2.12657225756862,3.29004237767657e-09,6.09754520662724e-07,5.84704022559011e-07,55,"tags=18%, list=0%, signal=18%","HLA-DRA/HLA-DPB1/HLA-DPA1/HLA-DQB1/HLA-DRB1/HLA-DQA1/HLA-DRB5/PAK3/HLA-DQB2"
"REACTOME_PROCESSING_OF_CAPPED_INTRON_CONTAINING_PRE_MRNA","REACTOME_PROCESSING_OF_CAPPED_INTRON_CONTAINING_PRE_MRNA",238,-0.632158154938975,-1.86694199257541,5.78544827705876e-06,0.000919059783441335,0.000881302121001583,3910,"tags=43%, list=23%, signal=34%","NUP85/EIF4A3/ZCRB1/SRSF1/SF3A1/EIF4E/DDX46/SF3A2/HNRNPM/NUP50/HNRNPA3/SNRNP27/NUDT21/PRPF38A/HNRNPD/METTL14/FUS/HNRNPA2B1/TFIP11/U2AF1/PCBP1/PPWD1/SNRPE/PHF5A/NUP42/SNRPC/SNRPA1/POLR2B/NUP153/THOC6/POLR2F/NUP93/PCF11/HNRNPC/NUP88/CCAR1/NUP133/SNRNP48/EFTUD2/PRPF8/LSM5/FIP1L1/SRSF2/RANBP2/DDX23/SRRM1/HSPA8/SARNP/HNRNPK/SEH1L/CSTF2T/CSTF1/DHX15/SRSF10/RAE1/PRPF4/PTBP1/NDC1/NUP54/SNW1/ZC3H11A/PRPF40A/PPIH/SNRPD3/SRSF9/ELAVL1/SF3B3/TPR/PLRG1/CSTF3/NUP214/PRCC/SNRPF/GLE1/CSTF2/HNRNPA0/PAPOLA/RBM8A/DDX5/NCBP1/SF3A3/HNRNPA1/YBX1/RBM17/SRSF11/DHX9/NUP37/NUP210/HNRNPH1/MAGOH/NUP205/RBMX/U2SURP/NUP107/THOC1/THOC5/THOC2/PCBP2/HNRNPU/NUP188/PRPF3/SF3B4/CHTOP"
"REACTOME_PD_1_SIGNALING","REACTOME_PD_1_SIGNALING",12,0.973075048816212,1.81948779034734,9.78763108098719e-05,0.0136048072025722,0.013045881954,55,"tags=67%, list=0%, signal=66%","HLA-DRA/HLA-DPB1/HLA-DPA1/HLA-DQB1/HLA-DRB1/HLA-DQA1/HLA-DRB5/HLA-DQB2"
"REACTOME_MRNA_SPLICING","REACTOME_MRNA_SPLICING",187,-0.602873686114991,-1.72272358255781,0.000233986694802639,0.0289103560689483,0.0277226341327571,3908,"tags=40%, list=23%, signal=31%","EIF4A3/ZCRB1/SRSF1/SF3A1/DDX46/SF3A2/HNRNPM/HNRNPA3/SNRNP27/NUDT21/PRPF38A/HNRNPD/FUS/HNRNPA2B1/TFIP11/U2AF1/PCBP1/PPWD1/SNRPE/PHF5A/SNRPC/SNRPA1/POLR2B/POLR2F/PCF11/HNRNPC/CCAR1/SNRNP48/EFTUD2/PRPF8/LSM5/FIP1L1/SRSF2/DDX23/SRRM1/HSPA8/HNRNPK/CSTF2T/CSTF1/DHX15/SRSF10/PRPF4/PTBP1/SNW1/PRPF40A/PPIH/SNRPD3/SRSF9/ELAVL1/SF3B3/PLRG1/CSTF3/PRCC/SNRPF/CSTF2/HNRNPA0/PAPOLA/RBM8A/DDX5/NCBP1/SF3A3/HNRNPA1/YBX1/RBM17/SRSF11/DHX9/HNRNPH1/MAGOH/RBMX/U2SURP/PCBP2/HNRNPU/PRPF3/SF3B4"
"REACTOME_GLUTAMATE_AND_GLUTAMINE_METABOLISM","REACTOME_GLUTAMATE_AND_GLUTAMINE_METABOLISM",13,-0.901314401898039,-1.72326414104703,0.000975532436046622,0.108479206888384,0.104022563970024,655,"tags=31%, list=4%, signal=30%","GOT2/RIMKLA/GLUL/RIMKLB"
"REACTOME_ANTIGEN_PRESENTATION_FOLDING_ASSEMBLY_AND_PEPTIDE_LOADING_OF_CLASS_I_MHC","REACTOME_ANTIGEN_PRESENTATION_FOLDING_ASSEMBLY_AND_PEPTIDE_LOADING_OF_CLASS_I_MHC",24,0.899780131773617,1.88284099178897,0.00151890831207182,0.153547822093079,0.147239628720455,282,"tags=29%, list=2%, signal=29%","HLA-E/HLA-B/HLA-F/HLA-C/CALR/SEC24C/HLA-A"
"REACTOME_DAP12_INTERACTIONS","REACTOME_DAP12_INTERACTIONS",23,0.883386926953004,1.83294864701067,0.0017877613308027,0.16566588332105,0.15885984457045,92,"tags=13%, list=1%, signal=13%","HLA-E/HLA-B/HLA-C"
"REACTOME_ACTIVATION_OF_MATRIX_METALLOPROTEINASES","REACTOME_ACTIVATION_OF_MATRIX_METALLOPROTEINASES",17,0.883111604769748,1.75963206750365,0.00231243772495858,0.169115954701748,0.162168176933804,693,"tags=41%, list=4%, signal=40%","MMP2/COL18A1/MMP16/MMP24/MMP17/TIMP1/MMP14"
"REACTOME_METABOLISM_OF_FOLATE_AND_PTERINES","REACTOME_METABOLISM_OF_FOLATE_AND_PTERINES",15,-0.870824937348799,-1.71615853146823,0.00227049827323371,0.169115954701748,0.162168176933804,943,"tags=33%, list=6%, signal=32%","MTHFD2/SLC46A1/SLC25A32/ALDH1L2/SHMT2"
"REACTOME_CELLULAR_RESPONSE_TO_HEAT_STRESS","REACTOME_CELLULAR_RESPONSE_TO_HEAT_STRESS",93,-0.65643670468676,-1.7121616752611,0.00227418170576068,0.169115954701748,0.162168176933804,2761,"tags=38%, list=16%, signal=32%","DNAJC7/NUP93/ATR/BAG2/NUP88/NUP133/ST13/RANBP2/HSPA8/SEH1L/MAPK1/HSPB8/RAE1/NDC1/NUP54/TPR/BAG5/HSPA12A/NUP214/HSPA2/HSPB1/HSPA14/PTGES3/FKBP4/NUP37/NUP210/NUP205/NUP107/HSPA1L/DNAJC2/HSP90AB1/BAG1/NUP188/MAPKAPK2/HSPA1A"
"REACTOME_M_PHASE","REACTOME_M_PHASE",380,-0.491066452541502,-1.49566774363925,0.00243332308923378,0.169115954701748,0.162168176933804,3263,"tags=29%, list=19%, signal=24%","CEP72/UBE2D1/CDCA8/H3-3B/DCTN2/MAD2L1/CEP152/NUP42/PSMC6/DYNC1H1/PPP2R1B/MIS12/DYNC1LI1/ODF2/CEP250/LPIN1/PDS5A/NUP153/GORASP2/SUMO1/XPO1/BLZF1/UBE2E1/NUP93/DYNLL2/CENPU/CENPC/NUP88/NUP133/PPP2CA/PSMD5/LEMD3/CDC23/ZWINT/KNL1/RANBP2/BUB3/SMC2/ANAPC1/CEP78/PSMD12/PSMB7/TUBB6/SEH1L/CETN2/MAPK1/MAPRE1/SMC4/CDCA5/KIF23/RAE1/RANGAP1/TUBA8/NDC1/TNPO1/NUP54/CEP290/NDEL1/CENPQ/CEP41/PLK4/TPR/H2AZ1/ITGB3BP/NEK7/NUP214/CENPO/CENPL/VRK1/SKA1/UBE2I/HAUS8/PLK1/HAUS6/CKAP5/SDCCAG8/ANKLE2/TMPO/PPP1CC/NSL1/ENSA/NUP37/NUP210/H3-3A/ALMS1/CENPE/PSMD2/NUP205/CDC20/YWHAG/NUP107/RAN/NUF2/NCAPG/TUBA1C/ERCC6L/AHCTF1/HAUS2/KMT5A/MASTL/SET/CEP43/LPIN2/NUP188/CENPF/SPDL1/TUBA1B/TUBB4B/ANAPC7/KNTC1"
"REACTOME_TRNA_PROCESSING","REACTOME_TRNA_PROCESSING",108,-0.636042554101705,-1.70007950093907,0.00293957809345964,0.192282990583948,0.184383443261586,2967,"tags=35%, list=18%, signal=29%","NUP42/TPRKB/RPP14/NUP153/POP7/TRMT1/NUP93/RPP40/NUP88/NUP133/RPP30/RANBP2/SEH1L/TRMT10C/PUS1/DDX1/RAE1/NDC1/NUP54/METTL1/TSEN15/RTCB/TPR/NUP214/CSTF2/NSUN2/LCMT2/NUP37/EPRS1/NUP210/TP53RK/TRDMT1/NUP205/NUP107/RAN/XPOT/POP1/NUP188"
"REACTOME_REGULATION_OF_HSF1_MEDIATED_HEAT_SHOCK_RESPONSE","REACTOME_REGULATION_OF_HSF1_MEDIATED_HEAT_SHOCK_RESPONSE",77,-0.690431002191561,-1.75916133548555,0.00347417668172305,0.20653338022626,0.198048385241576,2761,"tags=42%, list=16%, signal=35%","DNAJC7/NUP93/ATR/BAG2/NUP88/NUP133/ST13/RANBP2/HSPA8/SEH1L/MAPK1/RAE1/NDC1/NUP54/TPR/BAG5/HSPA12A/NUP214/HSPA2/HSPB1/HSPA14/FKBP4/NUP37/NUP210/NUP205/NUP107/HSPA1L/DNAJC2/BAG1/NUP188/MAPKAPK2/HSPA1A"
"REACTOME_TRANSPORT_OF_MATURE_TRANSCRIPT_TO_CYTOPLASM","REACTOME_TRANSPORT_OF_MATURE_TRANSCRIPT_TO_CYTOPLASM",81,-0.681268412540727,-1.7531315797205,0.00352889768372206,0.20653338022626,0.198048385241576,2907,"tags=40%, list=17%, signal=33%","NUP153/THOC6/NUP93/NUP88/NUP133/FIP1L1/SRSF2/RANBP2/SRRM1/SARNP/SEH1L/RAE1/NDC1/NUP54/ZC3H11A/SRSF9/TPR/NUP214/GLE1/RBM8A/NCBP1/SRSF11/NUP37/NUP210/MAGOH/NUP205/NUP107/THOC1/THOC5/THOC2/NUP188/CHTOP"
"REACTOME_MITOTIC_PROMETAPHASE","REACTOME_MITOTIC_PROMETAPHASE",194,-0.573957441331573,-1.6442629043286,0.00379481301286879,0.210991603515505,0.20232345168611,3466,"tags=37%, list=20%, signal=29%","NME7/DCTN3/CENPN/BUB1B/CEP72/CDCA8/DCTN2/MAD2L1/CEP152/DYNC1H1/PPP2R1B/MIS12/DYNC1LI1/ODF2/CEP250/PDS5A/XPO1/DYNLL2/CENPU/CENPC/NUP133/PPP2CA/ZWINT/KNL1/RANBP2/BUB3/SMC2/CEP78/TUBB6/SEH1L/CETN2/MAPRE1/SMC4/CDCA5/RANGAP1/TUBA8/CEP290/NDEL1/CENPQ/CEP41/PLK4/ITGB3BP/NEK7/CENPO/CENPL/SKA1/HAUS8/PLK1/HAUS6/CKAP5/SDCCAG8/PPP1CC/NSL1/NUP37/ALMS1/CENPE/CDC20/YWHAG/NUP107/NUF2/NCAPG/TUBA1C/ERCC6L/AHCTF1/HAUS2/CEP43/CENPF/SPDL1/TUBA1B/TUBB4B/KNTC1"
"REACTOME_TRNA_PROCESSING_IN_THE_NUCLEUS","REACTOME_TRNA_PROCESSING_IN_THE_NUCLEUS",57,-0.712607173497981,-1.7597007320324,0.00468474731482149,0.23679268245825,0.227064546885845,3105,"tags=49%, list=18%, signal=40%","NUP42/RPP14/NUP153/POP7/NUP93/RPP40/NUP88/NUP133/RPP30/RANBP2/SEH1L/DDX1/RAE1/NDC1/NUP54/TSEN15/RTCB/TPR/NUP214/CSTF2/NUP37/NUP210/NUP205/NUP107/RAN/XPOT/POP1/NUP188"
"REACTOME_RNA_POLYMERASE_II_TRANSCRIPTION_TERMINATION","REACTOME_RNA_POLYMERASE_II_TRANSCRIPTION_TERMINATION",65,-0.689705212525146,-1.72120596593623,0.00450832903272695,0.23679268245825,0.227064546885845,2313,"tags=35%, list=14%, signal=31%","FIP1L1/SRSF2/SRRM1/SARNP/CSTF2T/CSTF1/ZC3H11A/SNRPD3/SRSF9/CSTF3/SNRPF/CSTF2/ZNF473/PAPOLA/RBM8A/NCBP1/SRSF11/MAGOH/THOC1/THOC5/THOC2/LSM11/CHTOP"
"REACTOME_ACTIVATION_OF_RAC1","REACTOME_ACTIVATION_OF_RAC1",12,0.938174813547311,1.75423018043404,0.00513973491584669,0.238141051100897,0.228357520603189,450,"tags=33%, list=3%, signal=32%","PAK6/PAK3/NCK2/SLIT2"
"REACTOME_BINDING_AND_UPTAKE_OF_LIGANDS_BY_SCAVENGER_RECEPTORS","REACTOME_BINDING_AND_UPTAKE_OF_LIGANDS_BY_SCAVENGER_RECEPTORS",21,0.838347669976215,1.73138879331227,0.00509958073681664,0.238141051100897,0.228357520603189,629,"tags=29%, list=4%, signal=28%","COL1A1/CALR/SSC5D/COL4A1/HYOU1/SPARC"
"REACTOME_RESOLUTION_OF_SISTER_CHROMATID_COHESION","REACTOME_RESOLUTION_OF_SISTER_CHROMATID_COHESION",117,-0.613567310246443,-1.65991568907523,0.00542076087855861,0.241115443878287,0.231209716630731,3374,"tags=41%, list=20%, signal=33%","CENPN/BUB1B/CDCA8/MAD2L1/DYNC1H1/PPP2R1B/MIS12/DYNC1LI1/PDS5A/XPO1/DYNLL2/CENPU/CENPC/NUP133/PPP2CA/ZWINT/KNL1/RANBP2/BUB3/TUBB6/SEH1L/MAPRE1/CDCA5/RANGAP1/TUBA8/NDEL1/CENPQ/ITGB3BP/CENPO/CENPL/SKA1/PLK1/CKAP5/PPP1CC/NSL1/NUP37/CENPE/CDC20/NUP107/NUF2/TUBA1C/ERCC6L/AHCTF1/CENPF/SPDL1/TUBA1B/TUBB4B/KNTC1"
"REACTOME_HSP90_CHAPERONE_CYCLE_FOR_STEROID_HORMONE_RECEPTORS_SHR_IN_THE_PRESENCE_OF_LIGAND","REACTOME_HSP90_CHAPERONE_CYCLE_FOR_STEROID_HORMONE_RECEPTORS_SHR_IN_THE_PRESENCE_OF_LIGAND",47,-0.733959924774355,-1.76054888467439,0.00659779399880207,0.282182574102612,0.270589689100668,948,"tags=36%, list=6%, signal=34%","HSPA8/TUBB6/STIP1/TUBA8/DNAJA1/HSPA2/PTGES3/FKBP4/HSPA1L/HSP90AB1/TUBA1C/TUBA1B/TUBB4B/FKBP5/DNAJA4/AR/HSPA1A"
"REACTOME_CHOLESTEROL_BIOSYNTHESIS","REACTOME_CHOLESTEROL_BIOSYNTHESIS",24,-0.798238404376604,-1.70713943668961,0.00784725067815907,0.323190472374552,0.309912863039967,1425,"tags=67%, list=8%, signal=61%","EBP/SC5D/LSS/DHCR7/ACAT2/HSD17B7/HMGCR/NSDHL/IDI1/HMGCS1/MSMO1/DHCR24/CYP51A1/FDFT1/SQLE/FDPS"
"REACTOME_EXPORT_OF_VIRAL_RIBONUCLEOPROTEINS_FROM_NUCLEUS","REACTOME_EXPORT_OF_VIRAL_RIBONUCLEOPROTEINS_FROM_NUCLEUS",33,-0.768549054226363,-1.74555774488073,0.00893533382644283,0.341838229500622,0.327794515793384,2907,"tags=58%, list=17%, signal=48%","NUP153/XPO1/NUP93/NUP88/NUP133/RANBP2/SEH1L/RAE1/NDC1/NUP54/TPR/NUP214/NUP37/NUP210/NUP205/NUP107/RAN/NUP188/HSPA1A"
"REACTOME_EXTRA_NUCLEAR_ESTROGEN_SIGNALING","REACTOME_EXTRA_NUCLEAR_ESTROGEN_SIGNALING",60,0.724660998060838,1.69850618302829,0.00890001630143713,0.341838229500622,0.327794515793384,618,"tags=10%, list=4%, signal=10%","MMP2/TGFA/IGF1R/GNG2/FOS/CDKN1B"
"REACTOME_ANTIGEN_PROCESSING_CROSS_PRESENTATION","REACTOME_ANTIGEN_PROCESSING_CROSS_PRESENTATION",88,0.682637690650542,1.68347676120402,0.00933965573533904,0.341838229500622,0.327794515793384,757,"tags=12%, list=4%, signal=12%","HLA-E/HLA-B/ITGB5/HLA-F/HLA-C/PSME2/PSME1/CALR/HLA-A/TAPBP/LNPEP"
"REACTOME_GAP_JUNCTION_ASSEMBLY","REACTOME_GAP_JUNCTION_ASSEMBLY",17,-0.811311294609448,-1.63857727835549,0.00952966287276915,0.341838229500622,0.327794515793384,2274,"tags=47%, list=13%, signal=41%","GJC1/TUBB6/TUBA8/GJA3/TUBA1C/TUBA1B/TUBB4B/GJA1"
"REACTOME_INTERFERON_ALPHA_BETA_SIGNALING","REACTOME_INTERFERON_ALPHA_BETA_SIGNALING",47,0.776204166923636,1.75487356247706,0.0104723127221631,0.363912867095168,0.348962262748396,550,"tags=21%, list=3%, signal=21%","HLA-E/EGR1/HLA-B/HLA-F/HLA-C/IFIT2/HLA-A/IFIT1/IFITM3/IFI6"
"REACTOME_CYTOSOLIC_TRNA_AMINOACYLATION","REACTOME_CYTOSOLIC_TRNA_AMINOACYLATION",24,-0.784356233289486,-1.67745055978297,0.0112850057322532,0.380270496189866,0.364647872624322,1432,"tags=42%, list=8%, signal=38%","FARSB/AARS1/MARS1/NARS1/EPRS1/TARS1/IARS1/GARS1/SARS1/WARS1"
"REACTOME_SNRNP_ASSEMBLY","REACTOME_SNRNP_ASSEMBLY",54,-0.674321252463315,-1.65448362949919,0.0119067875223637,0.389421991907894,0.373423398147195,3132,"tags=44%, list=18%, signal=36%","SNRPE/NUP42/NUP153/NUP93/DDX20/NUP88/NUP133/RANBP2/SEH1L/WDR77/RAE1/NDC1/NUP54/SNRPD3/TPR/NUP214/SNRPF/NCBP1/NUP37/NUP210/NUP205/NUP107/NUP188/GEMIN5"
"REACTOME_HSF1_ACTIVATION","REACTOME_HSF1_ACTIVATION",27,-0.75960374849566,-1.67056960648898,0.012579698707384,0.398042098337042,0.381689365406497,1140,"tags=22%, list=7%, signal=21%","HSPB1/PTGES3/FKBP4/HSPA1L/HSP90AB1/HSPA1A"
"REACTOME_MITOTIC_PROPHASE","REACTOME_MITOTIC_PROPHASE",118,-0.56675706835799,-1.53245862305616,0.0128862549821344,0.398042098337042,0.381689365406497,3164,"tags=32%, list=19%, signal=26%","H3-3B/NUP42/PPP2R1B/LPIN1/NUP153/GORASP2/BLZF1/NUP93/NUP88/NUP133/PPP2CA/LEMD3/RANBP2/SMC2/SEH1L/MAPK1/SMC4/RAE1/NDC1/NUP54/TPR/H2AZ1/NEK7/NUP214/VRK1/PLK1/TMPO/ENSA/NUP37/NUP210/H3-3A/NUP205/NUP107/KMT5A/MASTL/SET/LPIN2/NUP188"
"REACTOME_MITOTIC_SPINDLE_CHECKPOINT","REACTOME_MITOTIC_SPINDLE_CHECKPOINT",110,-0.604495229682423,-1.62636618349091,0.0138978698428974,0.411391428936193,0.394490266482737,3374,"tags=42%, list=20%, signal=34%","CENPN/BUB1B/UBE2D1/CDCA8/MAD2L1/DYNC1H1/PPP2R1B/MIS12/DYNC1LI1/XPO1/UBE2E1/DYNLL2/CENPU/CENPC/NUP133/PPP2CA/CDC23/ZWINT/KNL1/RANBP2/BUB3/ANAPC1/SEH1L/MAPRE1/RANGAP1/NDEL1/CENPQ/ITGB3BP/CENPO/CENPL/SKA1/PLK1/CKAP5/PPP1CC/NSL1/NUP37/CENPE/CDC20/NUP107/NUF2/ERCC6L/AHCTF1/CENPF/SPDL1/ANAPC7/KNTC1"
"REACTOME_CELL_CYCLE_CHECKPOINTS","REACTOME_CELL_CYCLE_CHECKPOINTS",278,-0.484055780336918,-1.44438537181658,0.0140583401974598,0.411391428936193,0.394490266482737,3076,"tags=27%, list=18%, signal=22%","PSMC6/DYNC1H1/PPP2R1B/TOPBP1/MIS12/DYNC1LI1/RAD17/WEE1/MCM5/SUMO1/XPO1/UBE2E1/BARD1/DYNLL2/CENPU/ATR/CENPC/CDC6/NUP133/RAD50/PPP2CA/PSMD5/CDC23/ZWINT/KNL1/RANBP2/BUB3/ORC4/ANAPC1/PSMD12/PSMB7/SEH1L/MAPRE1/BRIP1/ORC6/RANGAP1/NDEL1/EXO1/PHF20/CENPQ/COP1/DBF4/ITGB3BP/CENPO/CENPL/SKA1/PLK1/CKAP5/CDK2/PPP1CC/NSL1/MDC1/UBE2N/NUP37/ORC1/RFC5/CENPE/PSMD2/CDC20/YWHAG/CDC45/NUP107/NUF2/ERCC6L/AHCTF1/CENPF/SPDL1/ABRAXAS1/MCM10/YWHAH/NSD2/ANAPC7/KNTC1/CDC25A"
"REACTOME_MAPK6_MAPK4_SIGNALING","REACTOME_MAPK6_MAPK4_SIGNALING",84,0.667290861290915,1.64153555538934,0.0146202151013614,0.416863569043945,0.399737595079057,533,"tags=10%, list=3%, signal=9%","MMP2/PAK3/PSME2/PSME1/MOV10/AGO4/CDC42EP3/FOXO1"
"REACTOME_CELL_SURFACE_INTERACTIONS_AT_THE_VASCULAR_WALL","REACTOME_CELL_SURFACE_INTERACTIONS_AT_THE_VASCULAR_WALL",79,0.682555740986153,1.66627883315984,0.0156635259101715,0.424825385661236,0.407372316996244,1161,"tags=18%, list=7%, signal=17%","CD74/COL1A1/TGFB1/SDC3/PROS1/SLC7A5/L1CAM/CD99L2/SLC7A11/JAM3/SLC3A2/PSG5/CXADR/GPC1"
"REACTOME_ATF4_ACTIVATES_GENES_IN_RESPONSE_TO_ENDOPLASMIC_RETICULUM_STRESS","REACTOME_ATF4_ACTIVATES_GENES_IN_RESPONSE_TO_ENDOPLASMIC_RETICULUM_STRESS",27,-0.748931547905843,-1.64709861391553,0.0154097067168349,0.424825385661236,0.407372316996244,1562,"tags=37%, list=9%, signal=34%","CEBPB/ASNS/NFYB/EXOSC2/EXOSC9/EXOSC3/ATF6/CEBPG/IGFBP1/ATF4"
"REACTOME_GAP_JUNCTION_TRAFFICKING_AND_REGULATION","REACTOME_GAP_JUNCTION_TRAFFICKING_AND_REGULATION",30,-0.761383163437214,-1.71466461018365,0.020308082355833,0.461210720858564,0.442262836264412,2274,"tags=40%, list=13%, signal=35%","GJC1/TUBB6/TUBA8/CLTA/GJA3/ACTB/TJP1/TUBA1C/ACTG1/TUBA1B/TUBB4B/GJA1"
"REACTOME_RA_BIOSYNTHESIS_PATHWAY","REACTOME_RA_BIOSYNTHESIS_PATHWAY",12,0.89668646828186,1.67665390536251,0.0248854705499225,0.461210720858564,0.442262836264412,167,"tags=17%, list=1%, signal=17%","DHRS3/ALDH1A3"
"REACTOME_INTERACTIONS_OF_REV_WITH_HOST_CELLULAR_PROTEINS","REACTOME_INTERACTIONS_OF_REV_WITH_HOST_CELLULAR_PROTEINS",37,-0.722721595349196,-1.67479796308982,0.019818571420968,0.461210720858564,0.442262836264412,3105,"tags=59%, list=18%, signal=49%","NUP42/NUP153/XPO1/NUP93/NUP88/NUP133/NPM1/RANBP2/SEH1L/RAE1/RANGAP1/NDC1/NUP54/TPR/NUP214/RANBP1/NUP37/NUP210/NUP205/NUP107/RAN/NUP188"
"REACTOME_COPII_MEDIATED_VESICLE_TRANSPORT","REACTOME_COPII_MEDIATED_VESICLE_TRANSPORT",63,0.703040327945395,1.65663562775265,0.0210946866939669,0.461210720858564,0.442262836264412,2002,"tags=19%, list=12%, signal=17%","TGFA/CNIH2/SEC24C/TRAPPC9/ANKRD28/CSNK1D/STX5/NSF/CD59/SEC23IP/LMAN2/TRAPPC6A"
"REACTOME_POST_TRANSLATIONAL_MODIFICATION_SYNTHESIS_OF_GPI_ANCHORED_PROTEINS","REACTOME_POST_TRANSLATIONAL_MODIFICATION_SYNTHESIS_OF_GPI_ANCHORED_PROTEINS",55,0.713051899829492,1.65100402581803,0.0246881689127976,0.461210720858564,0.442262836264412,2006,"tags=25%, list=12%, signal=23%","LYPD1/LSAMP/NTNG1/MELTF/MDGA1/NTNG2/CD109/PIGS/LY6K/PRSS21/PIGG/RTN4RL2/PIGP/NRN1"
"REACTOME_NUCLEAR_ENVELOPE_BREAKDOWN","REACTOME_NUCLEAR_ENVELOPE_BREAKDOWN",52,-0.675721820011891,-1.64898495257245,0.024281042123188,0.461210720858564,0.442262836264412,3105,"tags=46%, list=18%, signal=38%","NUP42/LPIN1/NUP153/NUP93/NUP88/NUP133/LEMD3/RANBP2/SEH1L/RAE1/NDC1/NUP54/TPR/NEK7/NUP214/VRK1/PLK1/TMPO/NUP37/NUP210/NUP205/NUP107/LPIN2/NUP188"
"REACTOME_SIGNALING_BY_EGFR_IN_CANCER","REACTOME_SIGNALING_BY_EGFR_IN_CANCER",23,0.792965575347019,1.64533245185287,0.0216931076276915,0.461210720858564,0.442262836264412,13,"tags=4%, list=0%, signal=4%","TGFA"
"REACTOME_SYNTHESIS_OF_PROSTAGLANDINS_PG_AND_THROMBOXANES_TX","REACTOME_SYNTHESIS_OF_PROSTAGLANDINS_PG_AND_THROMBOXANES_TX",10,0.905502413432172,1.63458690107439,0.0245426590763764,0.461210720858564,0.442262836264412,377,"tags=20%, list=2%, signal=20%","PTGES/PTGS2"
"REACTOME_NUCLEAR_IMPORT_OF_REV_PROTEIN","REACTOME_NUCLEAR_IMPORT_OF_REV_PROTEIN",34,-0.713306909991802,-1.63182831498412,0.0192994257076359,0.461210720858564,0.442262836264412,3105,"tags=56%, list=18%, signal=46%","NUP42/NUP153/NUP93/NUP88/NUP133/NPM1/RANBP2/SEH1L/RAE1/NDC1/NUP54/TPR/NUP214/NUP37/NUP210/NUP205/NUP107/RAN/NUP188"
"REACTOME_FORMATION_OF_TUBULIN_FOLDING_INTERMEDIATES_BY_CCT_TRIC","REACTOME_FORMATION_OF_TUBULIN_FOLDING_INTERMEDIATES_BY_CCT_TRIC",19,-0.780878533136456,-1.62057449912846,0.0238483106794084,0.461210720858564,0.442262836264412,2126,"tags=47%, list=13%, signal=41%","TUBB6/TUBA8/TCP1/CCT5/CCT3/CCT2/TUBA1C/TUBA1B/TUBB4B"
"REACTOME_POSTMITOTIC_NUCLEAR_PORE_COMPLEX_NPC_REFORMATION","REACTOME_POSTMITOTIC_NUCLEAR_PORE_COMPLEX_NPC_REFORMATION",27,-0.735653105327674,-1.61789580569279,0.0213938971267211,0.461210720858564,0.442262836264412,2883,"tags=56%, list=17%, signal=46%","SUMO1/NUP93/NUP133/SEH1L/RANGAP1/NDC1/TNPO1/NUP54/UBE2I/NUP37/NUP205/NUP107/RAN/AHCTF1/NUP188"
"REACTOME_COOPERATION_OF_PREFOLDIN_AND_TRIC_CCT_IN_ACTIN_AND_TUBULIN_FOLDING","REACTOME_COOPERATION_OF_PREFOLDIN_AND_TRIC_CCT_IN_ACTIN_AND_TUBULIN_FOLDING",26,-0.742293480078007,-1.61481640706704,0.0221250686057284,0.461210720858564,0.442262836264412,2126,"tags=42%, list=13%, signal=37%","TUBB6/TUBA8/PFDN4/TCP1/CCT5/CCT3/ACTB/CCT2/TUBA1C/TUBA1B/TUBB4B"
"REACTOME_NOTCH4_INTRACELLULAR_DOMAIN_REGULATES_TRANSCRIPTION","REACTOME_NOTCH4_INTRACELLULAR_DOMAIN_REGULATES_TRANSCRIPTION",19,0.794660600134778,1.60396171745981,0.024533204015972,0.461210720858564,0.442262836264412,1042,"tags=37%, list=6%, signal=35%","MAML3/SMAD3/HES1/ACTA2/NOTCH2/KAT2B/KAT2A"
"REACTOME_BUTYRATE_RESPONSE_FACTOR_1_BRF1_BINDS_AND_DESTABILIZES_MRNA","REACTOME_BUTYRATE_RESPONSE_FACTOR_1_BRF1_BINDS_AND_DESTABILIZES_MRNA",17,-0.786323563792078,-1.58811042521656,0.0185501980018983,0.461210720858564,0.442262836264412,918,"tags=24%, list=5%, signal=22%","EXOSC2/EXOSC9/EXOSC3/MAPKAPK2"
"REACTOME_TRNA_AMINOACYLATION","REACTOME_TRNA_AMINOACYLATION",42,-0.671990777463997,-1.57924342664349,0.0234764071990278,0.461210720858564,0.442262836264412,1432,"tags=31%, list=8%, signal=28%","TARS2/DARS2/FARSB/AARS1/MARS1/NARS1/EPRS1/TARS1/IARS1/GARS1/MARS2/SARS1/WARS1"
"REACTOME_NUCLEAR_ENVELOPE_NE_REASSEMBLY","REACTOME_NUCLEAR_ENVELOPE_NE_REASSEMBLY",67,-0.629327458586427,-1.57875498752504,0.0200583122042862,0.461210720858564,0.442262836264412,2883,"tags=37%, list=17%, signal=31%","SUMO1/NUP93/NUP133/PPP2CA/LEMD3/TUBB6/SEH1L/RANGAP1/TUBA8/NDC1/TNPO1/NUP54/VRK1/UBE2I/ANKLE2/TMPO/NUP37/NUP205/NUP107/RAN/TUBA1C/AHCTF1/NUP188/TUBA1B/TUBB4B"
"REACTOME_MITOTIC_METAPHASE_AND_ANAPHASE","REACTOME_MITOTIC_METAPHASE_AND_ANAPHASE",224,-0.498648527258963,-1.46560829927621,0.0190382924302787,0.461210720858564,0.442262836264412,3374,"tags=32%, list=20%, signal=26%","CENPN/CHMP4B/BUB1B/UBE2D1/CDCA8/MAD2L1/PSMC6/DYNC1H1/PPP2R1B/MIS12/DYNC1LI1/PDS5A/SUMO1/XPO1/UBE2E1/NUP93/DYNLL2/CENPU/CENPC/NUP133/PPP2CA/PSMD5/LEMD3/CDC23/ZWINT/KNL1/RANBP2/BUB3/ANAPC1/PSMD12/PSMB7/TUBB6/SEH1L/MAPRE1/CDCA5/RANGAP1/TUBA8/NDC1/TNPO1/NUP54/NDEL1/CENPQ/ITGB3BP/CENPO/CENPL/VRK1/SKA1/UBE2I/PLK1/CKAP5/ANKLE2/TMPO/PPP1CC/NSL1/NUP37/CENPE/PSMD2/NUP205/CDC20/NUP107/RAN/NUF2/TUBA1C/ERCC6L/AHCTF1/NUP188/CENPF/SPDL1/TUBA1B/TUBB4B/ANAPC7/KNTC1"
"REACTOME_EXTRACELLULAR_MATRIX_ORGANIZATION","REACTOME_EXTRACELLULAR_MATRIX_ORGANIZATION",202,0.536219608513692,1.46527727489321,0.0186276625935472,0.461210720858564,0.442262836264412,771,"tags=20%, list=5%, signal=20%","MMP2/COL1A1/ITGB5/TGFB1/SH3PXD2A/SDC3/COL18A1/DDR1/LTBP4/LTBP3/MMP16/LOXL2/COL5A1/LAMA4/DAG1/ITGB8/APP/COL8A1/ADAM19/ITGA1/COL9A3/THBS1/PTPRS/COL6A1/MMP24/COL4A1/BMP1/PPIB/COL16A1/MMP17/LTBP1/TIMP1/TGFB3/LAMB2/ADAMTS14/CTSB/COL22A1/SPARC/MMP14/JAM3/SERPINH1"
"REACTOME_TRANSMISSION_ACROSS_CHEMICAL_SYNAPSES","REACTOME_TRANSMISSION_ACROSS_CHEMICAL_SYNAPSES",169,-0.495832972687895,-1.40594616370881,0.0235639839569707,0.461210720858564,0.442262836264412,1827,"tags=21%, list=11%, signal=19%","HSPA8/TUBB6/ALDH2/MAPK1/GNG5/TUBA8/CACNB4/GNG10/GNB1/CALM1/GABRQ/PRKAG2/CACNA1E/LIN7A/NCALD/PRKAR2A/APBA1/PRKACB/NEFL/SLC38A2/GLRB/ACTN2/ADCY1/PPFIA2/SYT1/TUBA1C/TUBA1B/GABRA6/TUBB4B/GRIN2B/NAAA/PRKAA2/GLUL/SLC38A1/GABRB2/RPS6KA2"
"REACTOME_CARGO_CONCENTRATION_IN_THE_ER","REACTOME_CARGO_CONCENTRATION_IN_THE_ER",29,0.780047572763265,1.64754852948675,0.0272151365505827,0.48811664264916,0.468063384138204,260,"tags=10%, list=2%, signal=10%","TGFA/CNIH2/SEC24C"
"REACTOME_SUMOYLATION_OF_UBIQUITINYLATION_PROTEINS","REACTOME_SUMOYLATION_OF_UBIQUITINYLATION_PROTEINS",39,-0.683358595765621,-1.59700203051447,0.0271331720766169,0.48811664264916,0.468063384138204,3910,"tags=62%, list=23%, signal=47%","NUP85/TRIM27/NUP50/PIAS2/NUP42/NUP153/SUMO1/NUP93/NUP88/NUP133/RANBP2/SEH1L/RAE1/NDC1/NUP54/TPR/NUP214/UBE2I/PML/NUP37/NUP210/NUP205/NUP107/NUP188"
"REACTOME_DAP12_SIGNALING","REACTOME_DAP12_SIGNALING",20,0.812472930582237,1.65891459582137,0.029355177082641,0.488595473307227,0.468522543033151,20,"tags=5%, list=0%, signal=5%","HLA-E"
"REACTOME_SUMOYLATION_OF_SUMOYLATION_PROTEINS","REACTOME_SUMOYLATION_OF_SUMOYLATION_PROTEINS",35,-0.712409987387137,-1.63706677073033,0.0298916710575479,0.488595473307227,0.468522543033151,3105,"tags=57%, list=18%, signal=47%","NUP42/TOPORS/NUP153/SUMO1/NUP93/NUP88/NUP133/RANBP2/SEH1L/RAE1/NDC1/NUP54/TPR/NUP214/UBE2I/NUP37/NUP210/NUP205/NUP107/NUP188"
"REACTOME_ATTENUATION_PHASE","REACTOME_ATTENUATION_PHASE",24,-0.750999970149689,-1.60611373615443,0.0277884824956562,0.488595473307227,0.468522543033151,1340,"tags=29%, list=8%, signal=27%","HSPA2/HSPB1/PTGES3/FKBP4/HSPA1L/HSP90AB1/HSPA1A"
"REACTOME_HSF1_DEPENDENT_TRANSACTIVATION","REACTOME_HSF1_DEPENDENT_TRANSACTIVATION",31,-0.707733527304376,-1.59492912327014,0.0291231203468098,0.488595473307227,0.468522543033151,1340,"tags=29%, list=8%, signal=27%","HSPA8/HSPB8/HSPA2/HSPB1/PTGES3/FKBP4/HSPA1L/HSP90AB1/HSPA1A"
"REACTOME_TRANSPORT_OF_MATURE_MRNAS_DERIVED_FROM_INTRONLESS_TRANSCRIPTS","REACTOME_TRANSPORT_OF_MATURE_MRNAS_DERIVED_FROM_INTRONLESS_TRANSCRIPTS",43,-0.672137989077918,-1.58896999310022,0.0299509198891267,0.488595473307227,0.468522543033151,3105,"tags=44%, list=18%, signal=36%","NUP42/NUP153/NUP93/NUP88/NUP133/FIP1L1/RANBP2/SEH1L/RAE1/NDC1/NUP54/TPR/NUP214/NCBP1/NUP37/NUP210/NUP205/NUP107/NUP188"
"REACTOME_GASTRIN_CREB_SIGNALLING_PATHWAY_VIA_PKC_AND_MAPK","REACTOME_GASTRIN_CREB_SIGNALLING_PATHWAY_VIA_PKC_AND_MAPK",15,-0.791651356368416,-1.56012898908966,0.0303175248724808,0.488595473307227,0.468522543033151,421,"tags=27%, list=2%, signal=26%","MAPK1/EGFR/HBEGF/RPS6KA2"
"REACTOME_ACTIVATION_OF_NMDA_RECEPTORS_AND_POSTSYNAPTIC_EVENTS","REACTOME_ACTIVATION_OF_NMDA_RECEPTORS_AND_POSTSYNAPTIC_EVENTS",72,-0.61157738235987,-1.55388464275078,0.0297703007989611,0.488595473307227,0.468522543033151,1491,"tags=25%, list=9%, signal=23%","TUBB6/MAPK1/TUBA8/CALM1/PRKAG2/LIN7A/PRKAR2A/APBA1/PRKACB/NEFL/ACTN2/ADCY1/TUBA1C/TUBA1B/TUBB4B/GRIN2B/PRKAA2/RPS6KA2"
"REACTOME_TRANSCRIPTIONAL_REGULATION_BY_RUNX3","REACTOME_TRANSCRIPTIONAL_REGULATION_BY_RUNX3",92,0.630911898000268,1.5688721083884,0.0314878232905572,0.500206564272851,0.479656616441119,1399,"tags=16%, list=8%, signal=15%","MAML3/TGFB1/SMAD3/HES1/RUNX3/WWTR1/PSME2/PSME1/CTNNB1/KAT2B/KAT2A/JAG1/CDKN1A/MAML2/HDAC4"
"REACTOME_SCAVENGING_BY_CLASS_A_RECEPTORS","REACTOME_SCAVENGING_BY_CLASS_A_RECEPTORS",10,0.882918063392533,1.59381828224305,0.0333776676043121,0.501567113189122,0.480961270030841,471,"tags=30%, list=3%, signal=29%","COL1A1/CALR/COL4A1"
"REACTOME_CYCLIN_A_B1_B2_ASSOCIATED_EVENTS_DURING_G2_M_TRANSITION","REACTOME_CYCLIN_A_B1_B2_ASSOCIATED_EVENTS_DURING_G2_M_TRANSITION",25,-0.729129486976093,-1.57485189138996,0.0323231953135586,0.501567113189122,0.480961270030841,3049,"tags=40%, list=18%, signal=33%","PPP2R1B/WEE1/XPO1/CDK7/PPP2CA/PPP2R3B/PLK1/CDK2/CCNH/CDC25A"
"REACTOME_SUMOYLATION_OF_DNA_REPLICATION_PROTEINS","REACTOME_SUMOYLATION_OF_DNA_REPLICATION_PROTEINS",46,-0.65440936752421,-1.56537701663803,0.0329813168853662,0.501567113189122,0.480961270030841,4585,"tags=67%, list=27%, signal=49%","NUP43/NUP155/TOP1/NUP98/PCNA/NUP85/AURKB/TOP2B/NUP50/CDCA8/NUP42/AURKA/NUP153/SUMO1/NUP93/NUP88/NUP133/RANBP2/SEH1L/RAE1/RANGAP1/NDC1/NUP54/TPR/NUP214/UBE2I/NUP37/NUP210/NUP205/NUP107/NUP188"
"REACTOME_SEPARATION_OF_SISTER_CHROMATIDS","REACTOME_SEPARATION_OF_SISTER_CHROMATIDS",180,-0.494599739872895,-1.41003399231013,0.0325494594993065,0.501567113189122,0.480961270030841,3303,"tags=32%, list=19%, signal=26%","BUB1B/UBE2D1/CDCA8/MAD2L1/PSMC6/DYNC1H1/PPP2R1B/MIS12/DYNC1LI1/PDS5A/XPO1/UBE2E1/DYNLL2/CENPU/CENPC/NUP133/PPP2CA/PSMD5/CDC23/ZWINT/KNL1/RANBP2/BUB3/ANAPC1/PSMD12/PSMB7/TUBB6/SEH1L/MAPRE1/CDCA5/RANGAP1/TUBA8/NDEL1/CENPQ/ITGB3BP/CENPO/CENPL/SKA1/PLK1/CKAP5/PPP1CC/NSL1/NUP37/CENPE/PSMD2/CDC20/NUP107/NUF2/TUBA1C/ERCC6L/AHCTF1/CENPF/SPDL1/TUBA1B/TUBB4B/ANAPC7/KNTC1"
"REACTOME_PERK_REGULATES_GENE_EXPRESSION","REACTOME_PERK_REGULATES_GENE_EXPRESSION",32,-0.692373650977418,-1.56834683574858,0.0343735972487608,0.503414076003689,0.482732354214063,1562,"tags=31%, list=9%, signal=28%","CEBPB/ASNS/NFYB/EXOSC2/EXOSC9/EXOSC3/ATF6/CEBPG/IGFBP1/ATF4"
"REACTOME_STRIATED_MUSCLE_CONTRACTION","REACTOME_STRIATED_MUSCLE_CONTRACTION",15,-0.783657191317162,-1.54437466928752,0.0346012888199488,0.503414076003689,0.482732354214063,878,"tags=40%, list=5%, signal=38%","NEB/TTN/ACTN2/TPM4/VIM/TPM3"
"REACTOME_TRISTETRAPROLIN_TTP_ZFP36_BINDS_AND_DESTABILIZES_MRNA","REACTOME_TRISTETRAPROLIN_TTP_ZFP36_BINDS_AND_DESTABILIZES_MRNA",17,-0.756881136426884,-1.52864657598781,0.0348587085002554,0.503414076003689,0.482732354214063,1684,"tags=29%, list=10%, signal=27%","TNPO1/EXOSC2/EXOSC9/EXOSC3/MAPKAPK2"
"REACTOME_CREB1_PHOSPHORYLATION_THROUGH_NMDA_RECEPTOR_MEDIATED_ACTIVATION_OF_RAS_SIGNALING","REACTOME_CREB1_PHOSPHORYLATION_THROUGH_NMDA_RECEPTOR_MEDIATED_ACTIVATION_OF_RAS_SIGNALING",24,-0.74260041984214,-1.58815017601769,0.0359262911967318,0.512179946291869,0.491138096926981,1491,"tags=25%, list=9%, signal=23%","MAPK1/CALM1/NEFL/ACTN2/GRIN2B/RPS6KA2"
"REACTOME_INTERACTIONS_OF_VPR_WITH_HOST_CELLULAR_PROTEINS","REACTOME_INTERACTIONS_OF_VPR_WITH_HOST_CELLULAR_PROTEINS",37,-0.700037445635715,-1.62223087781239,0.0374369607458249,0.513949387029102,0.492834843866415,3105,"tags=51%, list=18%, signal=42%","NUP42/NUP153/NUP93/NUP88/NUP133/RANBP2/SEH1L/RAE1/NDC1/NUP54/TPR/NUP214/PSIP1/NUP37/NUP210/NUP205/NUP107/SLC25A4/NUP188"
"REACTOME_IMMUNOREGULATORY_INTERACTIONS_BETWEEN_A_LYMPHOID_AND_A_NON_LYMPHOID_CELL","REACTOME_IMMUNOREGULATORY_INTERACTIONS_BETWEEN_A_LYMPHOID_AND_A_NON_LYMPHOID_CELL",43,0.709565722343709,1.5794653176305,0.037358923418297,0.513949387029102,0.492834843866415,282,"tags=14%, list=2%, signal=14%","HLA-E/HLA-B/COL1A1/HLA-F/HLA-C/HLA-A"
"REACTOME_METABOLISM_OF_STEROIDS","REACTOME_METABOLISM_OF_STEROIDS",108,-0.549852485575846,-1.46970188274292,0.0370233820473805,0.513949387029102,0.492834843866415,1425,"tags=25%, list=8%, signal=23%","SC5D/INSIG1/LSS/DHCR7/NFYB/UBE2I/ACAT2/HSD17B7/HSD17B12/FASN/SRD5A1/ELOVL6/HMGCR/NSDHL/IDI1/SREBF2/RAN/HMGCS1/FABP6/MSMO1/DHCR24/CYP51A1/FDFT1/SCD/OSBPL6/SQLE/FDPS"
"REACTOME_RORA_ACTIVATES_GENE_EXPRESSION","REACTOME_RORA_ACTIVATES_GENE_EXPRESSION",18,0.7985656405557,1.60233785481496,0.0393908329969402,0.524817760248623,0.503256712544354,89,"tags=11%, list=1%, signal=11%","PPARA/RORA"
"REACTOME_TGF_BETA_RECEPTOR_SIGNALING_IN_EMT_EPITHELIAL_TO_MESENCHYMAL_TRANSITION","REACTOME_TGF_BETA_RECEPTOR_SIGNALING_IN_EMT_EPITHELIAL_TO_MESENCHYMAL_TRANSITION",16,0.810164149873508,1.60206313858446,0.0420042991565895,0.524817760248623,0.503256712544354,432,"tags=19%, list=3%, signal=18%","TGFB1/CGN/TGFBR1"
"REACTOME_NUCLEAR_PORE_COMPLEX_NPC_DISASSEMBLY","REACTOME_NUCLEAR_PORE_COMPLEX_NPC_DISASSEMBLY",36,-0.689659769595716,-1.59445660701365,0.0401122366689401,0.524817760248623,0.503256712544354,3105,"tags=50%, list=18%, signal=41%","NUP42/NUP153/NUP93/NUP88/NUP133/RANBP2/SEH1L/RAE1/NDC1/NUP54/TPR/NEK7/NUP214/NUP37/NUP210/NUP205/NUP107/NUP188"
"REACTOME_ACTIVATION_OF_ATR_IN_RESPONSE_TO_REPLICATION_STRESS","REACTOME_ACTIVATION_OF_ATR_IN_RESPONSE_TO_REPLICATION_STRESS",36,-0.689573651657259,-1.5942575069327,0.0407064812382834,0.524817760248623,0.503256712544354,2997,"tags=44%, list=18%, signal=37%","CHEK1/ORC5/RFC4/RAD17/MCM5/ATR/CDC6/ORC4/ORC6/DBF4/CDK2/ORC1/RFC5/CDC45/MCM10/CDC25A"
"REACTOME_TRANSPORT_OF_THE_SLBP_DEPENDANT_MATURE_MRNA","REACTOME_TRANSPORT_OF_THE_SLBP_DEPENDANT_MATURE_MRNA",36,-0.688092516987894,-1.59083320256762,0.0407064812382834,0.524817760248623,0.503256712544354,3105,"tags=50%, list=18%, signal=41%","NUP42/NUP153/NUP93/NUP88/NUP133/RANBP2/SEH1L/RAE1/NDC1/NUP54/TPR/NUP214/NCBP1/NUP37/NUP210/NUP205/NUP107/NUP188"
"REACTOME_EGFR_DOWNREGULATION","REACTOME_EGFR_DOWNREGULATION",29,0.752010829935152,1.58833176370101,0.0418647957450638,0.524817760248623,0.503256712544354,234,"tags=7%, list=1%, signal=7%","TGFA/SPRY2"
"REACTOME_NS1_MEDIATED_EFFECTS_ON_HOST_PATHWAYS","REACTOME_NS1_MEDIATED_EFFECTS_ON_HOST_PATHWAYS",41,-0.66776394970936,-1.5706120021348,0.0412429090297874,0.524817760248623,0.503256712544354,3105,"tags=44%, list=18%, signal=36%","NUP42/NUP153/NUP93/KPNA4/NUP88/NUP133/RANBP2/SEH1L/RAE1/NDC1/NUP54/TPR/NUP214/NUP37/NUP210/NUP205/NUP107/NUP188"
"REACTOME_CELLULAR_HEXOSE_TRANSPORT","REACTOME_CELLULAR_HEXOSE_TRANSPORT",10,0.864533733225343,1.56063141843072,0.0410573032153623,0.524817760248623,0.503256712544354,292,"tags=40%, list=2%, signal=39%","SLC2A12/SLC2A1/SLC2A11/SLC2A3"
"REACTOME_REGULATION_OF_GLUCOKINASE_BY_GLUCOKINASE_REGULATORY_PROTEIN","REACTOME_REGULATION_OF_GLUCOKINASE_BY_GLUCOKINASE_REGULATORY_PROTEIN",30,-0.71058136122996,-1.6002569681955,0.0455149851981988,0.536065475455365,0.514042338731811,3105,"tags=57%, list=18%, signal=46%","NUP42/NUP153/NUP93/NUP88/NUP133/RANBP2/SEH1L/RAE1/NDC1/NUP54/TPR/NUP214/NUP37/NUP210/NUP205/NUP107/NUP188"
"REACTOME_SUMOYLATION_OF_TRANSCRIPTION_FACTORS","REACTOME_SUMOYLATION_OF_TRANSCRIPTION_FACTORS",18,0.787240553869156,1.57961384293,0.0472087216474476,0.536065475455365,0.514042338731811,130,"tags=11%, list=1%, signal=11%","TFAP2A/TFAP2C"
"REACTOME_POLO_LIKE_KINASE_MEDIATED_EVENTS","REACTOME_POLO_LIKE_KINASE_MEDIATED_EVENTS",16,-0.780646283889457,-1.55571880611658,0.0463801398476199,0.536065475455365,0.514042338731811,1240,"tags=25%, list=7%, signal=23%","PLK1/LIN9/CENPF/CDC25A"
"REACTOME_SIGNALING_BY_NOTCH4","REACTOME_SIGNALING_BY_NOTCH4",80,0.631424590429188,1.54575269778649,0.0461022672338355,0.536065475455365,0.514042338731811,1389,"tags=15%, list=8%, signal=14%","MAML3/SMAD3/HES1/ACTA2/PSME2/PSME1/NOTCH2/KAT2B/KAT2A/YWHAZ/JAG1/MAML2"
"REACTOME_VIRAL_MESSENGER_RNA_SYNTHESIS","REACTOME_VIRAL_MESSENGER_RNA_SYNTHESIS",44,-0.634456868764203,-1.51296057799175,0.045693475336231,0.536065475455365,0.514042338731811,3105,"tags=43%, list=18%, signal=35%","NUP42/POLR2B/NUP153/POLR2F/NUP93/NUP88/NUP133/RANBP2/SEH1L/RAE1/NDC1/NUP54/TPR/NUP214/NUP37/NUP210/NUP205/NUP107/NUP188"
"REACTOME_RESPONSE_OF_EIF2AK1_HRI_TO_HEME_DEFICIENCY","REACTOME_RESPONSE_OF_EIF2AK1_HRI_TO_HEME_DEFICIENCY",15,-0.767021577323756,-1.51159040960851,0.0450120557490454,0.536065475455365,0.514042338731811,2482,"tags=53%, list=15%, signal=46%","EIF2S1/EIF2S2/CEBPB/ASNS/CHAC1/TRIB3/CEBPG/ATF4"
"REACTOME_KINESINS","REACTOME_KINESINS",46,-0.626697883159646,-1.49908988373019,0.0472431803908505,0.536065475455365,0.514042338731811,2331,"tags=35%, list=14%, signal=30%","KIF1B/KIFAP3/KIF20B/TUBB6/KLC2/KIF15/KIF23/TUBA8/KIF21B/KIF1C/RACGAP1/KIF21A/CENPE/TUBA1C/TUBA1B/TUBB4B"
"REACTOME_GLYCOLYSIS","REACTOME_GLYCOLYSIS",62,-0.602903976866738,-1.49441564992515,0.0471734259544085,0.536065475455365,0.514042338731811,3105,"tags=44%, list=18%, signal=36%","NUP42/PPP2R1B/NUP153/NUP93/NUP88/NUP133/PPP2CA/HK1/RANBP2/SEH1L/RAE1/PFKM/NDC1/NUP54/TPR/NUP214/PFKP/PRKACB/PFKFB3/NUP37/NUP210/PGK1/NUP205/NUP107/GPI/PFKFB2/NUP188"
"REACTOME_SIGNALING_BY_INTERLEUKINS","REACTOME_SIGNALING_BY_INTERLEUKINS",325,0.475206178177507,1.34629748031385,0.043390369161257,0.536065475455365,0.514042338731811,848,"tags=10%, list=5%, signal=10%","MMP2/DUSP4/SERPINB2/TGFB1/SMAD3/IL11/RORA/MAPK11/PSME2/IL1RAP/SNAP25/PSME1/VEGFA/MEF2C/APP/NKIRAS2/PTGS2/FPR1/MAP2K6/FOS/FOXO1/STAT3/TIMP1/IL10RB/CSF1/VAMP2/IL6/VRK3/STAT5B/IL11RA/AGER/CLCF1"
"REACTOME_TRANSPORT_OF_CONNEXONS_TO_THE_PLASMA_MEMBRANE","REACTOME_TRANSPORT_OF_CONNEXONS_TO_THE_PLASMA_MEMBRANE",12,-0.828077882038839,-1.55518203439215,0.0483907880116809,0.543540972414032,0.521210720423528,532,"tags=50%, list=3%, signal=48%","TUBB6/TUBA8/TUBA1C/TUBA1B/TUBB4B/GJA1"
"REACTOME_EPHRIN_SIGNALING","REACTOME_EPHRIN_SIGNALING",17,0.792663891915762,1.57941170225125,0.0513833992094862,0.565726137831174,0.542484454395096,117,"tags=18%, list=1%, signal=18%","PAK3/EFNB2/NCK2"
"REACTOME_ACTIVATION_OF_GENE_EXPRESSION_BY_SREBF_SREBP","REACTOME_ACTIVATION_OF_GENE_EXPRESSION_BY_SREBF_SREBP",42,-0.630429165176162,-1.48156961145517,0.0512876385221454,0.565726137831174,0.542484454395096,1425,"tags=36%, list=8%, signal=33%","SC5D/LSS/DHCR7/NFYB/FASN/ELOVL6/HMGCR/IDI1/SREBF2/HMGCS1/CYP51A1/FDFT1/SCD/SQLE/FDPS"
"REACTOME_SHC1_EVENTS_IN_EGFR_SIGNALING","REACTOME_SHC1_EVENTS_IN_EGFR_SIGNALING",12,0.840716707316838,1.57199980203471,0.0531496062992126,0.567512394284048,0.544197326211416,13,"tags=8%, list=0%, signal=8%","TGFA"
"REACTOME_SIGNALING_BY_NODAL","REACTOME_SIGNALING_BY_NODAL",12,0.829756794096637,1.55150659515238,0.0551181102362205,0.567512394284048,0.544197326211416,1166,"tags=42%, list=7%, signal=39%","SMAD3/ACVR1C/SMAD2/ACVR2A/ACVR2B"
"REACTOME_PROCESSING_OF_CAPPED_INTRONLESS_PRE_MRNA","REACTOME_PROCESSING_OF_CAPPED_INTRONLESS_PRE_MRNA",28,-0.672770319970848,-1.49424405890154,0.0530451866404715,0.567512394284048,0.544197326211416,2703,"tags=50%, list=16%, signal=42%","NUDT21/SNRPE/PCF11/FIP1L1/CSTF2T/CSTF1/SNRPD3/CSTF3/SNRPF/CSTF2/ZNF473/PAPOLA/NCBP1/LSM11"
"REACTOME_GAP_JUNCTION_DEGRADATION","REACTOME_GAP_JUNCTION_DEGRADATION",12,-0.779928643048831,-1.46475475324976,0.0546558704453441,0.567512394284048,0.544197326211416,1305,"tags=33%, list=8%, signal=31%","CLTA/ACTB/ACTG1/GJA1"
"REACTOME_SUMOYLATION_OF_RNA_BINDING_PROTEINS","REACTOME_SUMOYLATION_OF_RNA_BINDING_PROTEINS",47,-0.597017417608314,-1.43206503955191,0.0551181102362205,0.567512394284048,0.544197326211416,3597,"tags=53%, list=21%, signal=42%","NUP50/CBX2/RNF2/NUP42/NUP153/SUMO1/NUP93/HNRNPC/NUP88/NUP133/RANBP2/HNRNPK/SEH1L/RAE1/NDC1/NUP54/NOP58/TPR/NUP214/UBE2I/NUP37/NUP210/NUP205/NUP107/NUP188"
"REACTOME_ANTIVIRAL_MECHANISM_BY_IFN_STIMULATED_GENES","REACTOME_ANTIVIRAL_MECHANISM_BY_IFN_STIMULATED_GENES",80,-0.550047079294427,-1.4171715078316,0.0530612244897959,0.567512394284048,0.544197326211416,3152,"tags=39%, list=19%, signal=32%","PLCG1/NUP42/NUP153/UBE2E1/NUP93/KPNA4/NUP88/JAK1/NUP133/HERC5/TRIM25/RANBP2/DDX58/SEH1L/RAE1/NDC1/NUP54/FLNA/TPR/NUP214/NEDD4/EIF4G2/ABCE1/OAS1/EIF4A2/UBE2N/NUP37/NUP210/NUP205/NUP107/NUP188"
"REACTOME_RHO_GTPASES_ACTIVATE_FORMINS","REACTOME_RHO_GTPASES_ACTIVATE_FORMINS",130,-0.516598145473615,-1.41712677571374,0.0536950539651058,0.567512394284048,0.544197326211416,3126,"tags=38%, list=18%, signal=32%","MAD2L1/DYNC1H1/PPP2R1B/MIS12/DYNC1LI1/XPO1/DYNLL2/CENPU/CENPC/RAC1/NUP133/DIAPH2/PPP2CA/ZWINT/KNL1/RANBP2/BUB3/TUBB6/SEH1L/RHOA/MAPRE1/RANGAP1/TUBA8/DIAPH1/NDEL1/CENPQ/ITGB3BP/CENPO/CENPL/DIAPH3/SKA1/PLK1/CKAP5/PPP1CC/NSL1/ACTB/NUP37/CENPE/CDC20/NUP107/NUF2/TUBA1C/ERCC6L/AHCTF1/ACTG1/CENPF/SPDL1/TUBA1B/TUBB4B/KNTC1"
"REACTOME_NEUROTRANSMITTER_RECEPTORS_AND_POSTSYNAPTIC_SIGNAL_TRANSMISSION","REACTOME_NEUROTRANSMITTER_RECEPTORS_AND_POSTSYNAPTIC_SIGNAL_TRANSMISSION",130,-0.509298368313873,-1.39710210129233,0.0562984193844503,0.569947453136722,0.546532345728416,1827,"tags=18%, list=11%, signal=17%","GNG5/TUBA8/GNG10/GNB1/CALM1/GABRQ/PRKAG2/LIN7A/NCALD/PRKAR2A/APBA1/PRKACB/NEFL/GLRB/ACTN2/ADCY1/TUBA1C/TUBA1B/GABRA6/TUBB4B/GRIN2B/PRKAA2/GABRB2/RPS6KA2"
"REACTOME_MAPK_FAMILY_SIGNALING_CASCADES","REACTOME_MAPK_FAMILY_SIGNALING_CASCADES",257,0.480736742250012,1.34083631276199,0.0563796941052512,0.569947453136722,0.546532345728416,705,"tags=7%, list=4%, signal=6%","MMP2/TGFA/DUSP4/PAK3/ERBB3/PSME2/NRG2/PSME1/KSR2/MOV10/AGO4/CDC42EP3/FOXO1/RGL2/DUSP16/RGL3/IL6"
"REACTOME_PROCESSING_OF_INTRONLESS_PRE_MRNAS","REACTOME_PROCESSING_OF_INTRONLESS_PRE_MRNAS",19,-0.716426344764505,-1.48681544639963,0.0574257425742574,0.57015558698727,0.546731928831981,2703,"tags=47%, list=16%, signal=40%","NUDT21/PCF11/FIP1L1/CSTF2T/CSTF1/CSTF3/CSTF2/PAPOLA/NCBP1"
"REACTOME_RECRUITMENT_OF_NUMA_TO_MITOTIC_CENTROSOMES","REACTOME_RECRUITMENT_OF_NUMA_TO_MITOTIC_CENTROSOMES",87,-0.536428438555642,-1.38227544002807,0.0572033898305085,0.57015558698727,0.546731928831981,2153,"tags=23%, list=13%, signal=20%","CEP78/TUBB6/CETN2/MAPRE1/TUBA8/CEP290/CEP41/PLK4/HAUS8/PLK1/HAUS6/CKAP5/SDCCAG8/ALMS1/YWHAG/TUBA1C/HAUS2/CEP43/TUBA1B/TUBB4B"
"REACTOME_ANCHORING_FIBRIL_FORMATION","REACTOME_ANCHORING_FIBRIL_FORMATION",12,0.819391435123738,1.53212510539299,0.0669291338582677,0.573635184530126,0.550068574336442,476,"tags=25%, list=3%, signal=24%","COL1A1/COL4A1/BMP1"
"REACTOME_ENDOSOMAL_VACUOLAR_PATHWAY","REACTOME_ENDOSOMAL_VACUOLAR_PATHWAY",10,0.848546456593877,1.53177164668633,0.0589390962671906,0.573635184530126,0.550068574336442,282,"tags=50%, list=2%, signal=49%","HLA-E/HLA-B/HLA-F/HLA-C/HLA-A"
"REACTOME_RUNX3_REGULATES_P14_ARF","REACTOME_RUNX3_REGULATES_P14_ARF",10,0.846496732401802,1.5280715435552,0.0628683693516699,0.573635184530126,0.550068574336442,99,"tags=20%, list=1%, signal=20%","TGFB1/RUNX3"
"REACTOME_TRANSCRIPTIONAL_REGULATION_BY_THE_AP_2_TFAP2_FAMILY_OF_TRANSCRIPTION_FACTORS","REACTOME_TRANSCRIPTIONAL_REGULATION_BY_THE_AP_2_TFAP2_FAMILY_OF_TRANSCRIPTION_FACTORS",30,0.714371033425248,1.51397144629607,0.0653061224489796,0.573635184530126,0.550068574336442,482,"tags=17%, list=3%, signal=16%","TGFA/TFAP2A/TFAP2C/VEGFA/WWOX"
"REACTOME_SIGNALING_BY_BMP","REACTOME_SIGNALING_BY_BMP",22,-0.71928075139535,-1.5016593628493,0.0678986103114006,0.573635184530126,0.550068574336442,436,"tags=18%, list=3%, signal=18%","UBE2D3/SMURF2/FSTL1/CHRDL1"
"REACTOME_COLLAGEN_DEGRADATION","REACTOME_COLLAGEN_DEGRADATION",40,0.674980340335983,1.49393153339237,0.066,0.573635184530126,0.550068574336442,897,"tags=30%, list=5%, signal=28%","MMP2/COL1A1/COL18A1/COL5A1/COL8A1/COL9A3/COL6A1/COL4A1/COL16A1/CTSB/MMP14/COL15A1"
"REACTOME_ECM_PROTEOGLYCANS","REACTOME_ECM_PROTEOGLYCANS",46,0.660957541828768,1.48546352868895,0.0665322580645161,0.573635184530126,0.550068574336442,629,"tags=30%, list=4%, signal=29%","COL1A1/ITGB5/TGFB1/COL5A1/LAMA4/DAG1/APP/COL9A3/PTPRS/COL6A1/COL4A1/TGFB3/LAMB2/SPARC"
"REACTOME_REGULATION_OF_RUNX3_EXPRESSION_AND_ACTIVITY","REACTOME_REGULATION_OF_RUNX3_EXPRESSION_AND_ACTIVITY",55,0.634483300559148,1.46908588812113,0.0671936758893281,0.573635184530126,0.550068574336442,204,"tags=7%, list=1%, signal=7%","TGFB1/RUNX3/PSME2/PSME1"
"REACTOME_ACTIVATION_OF_THE_PRE_REPLICATIVE_COMPLEX","REACTOME_ACTIVATION_OF_THE_PRE_REPLICATIVE_COMPLEX",32,-0.64583780185304,-1.46293503733588,0.0656063618290258,0.573635184530126,0.550068574336442,4276,"tags=56%, list=25%, signal=42%","ORC2/POLE/MCM8/POLA1/PRIM2/GMNN/ORC5/PRIM1/MCM5/CDC6/ORC4/ORC6/DBF4/CDK2/ORC1/CDC45/POLE3/MCM10"
"REACTOME_FRS_MEDIATED_FGFR4_SIGNALING","REACTOME_FRS_MEDIATED_FGFR4_SIGNALING",14,-0.754641530011466,-1.45837157994474,0.062111801242236,0.573635184530126,0.550068574336442,1526,"tags=21%, list=9%, signal=20%","FGF9/PTPN11/FGF1"
"REACTOME_REGULATION_OF_CHOLESTEROL_BIOSYNTHESIS_BY_SREBP_SREBF","REACTOME_REGULATION_OF_CHOLESTEROL_BIOSYNTHESIS_BY_SREBP_SREBF",55,-0.594213420684951,-1.45699796037683,0.0615326719228267,0.573635184530126,0.550068574336442,1425,"tags=31%, list=8%, signal=28%","SC5D/INSIG1/LSS/DHCR7/NFYB/FASN/ELOVL6/HMGCR/IDI1/SREBF2/RAN/HMGCS1/CYP51A1/FDFT1/SCD/SQLE/FDPS"
"REACTOME_INTERLEUKIN_4_AND_INTERLEUKIN_13_SIGNALING","REACTOME_INTERLEUKIN_4_AND_INTERLEUKIN_13_SIGNALING",68,0.608116334118327,1.4527856266231,0.0680933852140078,0.573635184530126,0.550068574336442,705,"tags=15%, list=4%, signal=14%","MMP2/TGFB1/RORA/VEGFA/PTGS2/FOS/FOXO1/STAT3/TIMP1/IL6"
"REACTOME_CREB1_PHOSPHORYLATION_THROUGH_THE_ACTIVATION_OF_ADENYLATE_CYCLASE","REACTOME_CREB1_PHOSPHORYLATION_THROUGH_THE_ACTIVATION_OF_ADENYLATE_CYCLASE",10,-0.791284841513305,-1.44267635545895,0.0649087221095335,0.573635184530126,0.550068574336442,2995,"tags=70%, list=18%, signal=58%","PRKX/PRKAR1B/CREB1/CALM1/PRKAR2A/PRKACB/ADCY1"
"REACTOME_HIV_LIFE_CYCLE","REACTOME_HIV_LIFE_CYCLE",143,-0.50431819311957,-1.39723061121556,0.0632512560785677,0.573635184530126,0.550068574336442,2908,"tags=26%, list=17%, signal=22%","POLR2B/NUP153/VPS37C/XPO1/POLR2F/NUP93/TAF3/CDK7/NUP88/NUP133/CCNK/CHMP5/TAF5/RANBP2/XRCC4/SEH1L/GTF2E1/RAE1/RANGAP1/NDC1/NUP54/TPR/NUP214/PSIP1/RANBP1/CCNT1/NCBP1/SUPT16H/CCNT2/NUP37/NUP210/NUP205/GTF2H3/NUP107/RAN/CCNH/NUP188"
"REACTOME_REGULATION_OF_PLK1_ACTIVITY_AT_G2_M_TRANSITION","REACTOME_REGULATION_OF_PLK1_ACTIVITY_AT_G2_M_TRANSITION",87,-0.531924151906989,-1.37066873844073,0.0593220338983051,0.573635184530126,0.550068574336442,3263,"tags=31%, list=19%, signal=25%","CEP72/DCTN2/CEP152/DYNC1H1/AURKA/ODF2/CEP250/PPP1R12B/CEP78/CETN2/MAPRE1/CEP290/CUL1/CEP41/OPTN/PLK4/HAUS8/PLK1/HAUS6/CKAP5/SDCCAG8/PPP1R12A/ALMS1/YWHAG/HAUS2/CEP43/TUBB4B"
"REACTOME_SIGNALING_BY_NOTCH","REACTOME_SIGNALING_BY_NOTCH",197,0.489984469084865,1.33452413816726,0.0658914728682171,0.573635184530126,0.550068574336442,1544,"tags=14%, list=9%, signal=13%","MAML3/SMAD3/HES1/ST3GAL4/ACTA2/PSME2/PSME1/MFNG/NOTCH2/MOV10/LFNG/AGO4/KAT2B/POGLUT1/HDAC10/ARRB1/KAT2A/YWHAZ/MIB2/H2BC14/HDAC1/JAG1/MAML2/HDAC4/H4C2/H4-16/NBEA"
"REACTOME_MITOTIC_G2_G2_M_PHASES","REACTOME_MITOTIC_G2_G2_M_PHASES",190,-0.461742630569707,-1.32318525004717,0.0630051542918109,0.573635184530126,0.550068574336442,3263,"tags=27%, list=19%, signal=22%","CEP72/HMMR/DCTN2/CEP152/PSMC6/DYNC1H1/AURKA/PPP2R1B/ODF2/E2F3/CEP250/WEE1/XPO1/CDK7/PPP1R12B/PPP2CA/PSMD5/CEP78/PSMD12/PSMB7/TUBB6/CETN2/MAPRE1/TUBA8/CEP290/CUL1/PPP2R3B/CEP41/OPTN/PLK4/HAUS8/PLK1/LIN9/HAUS6/CKAP5/CDK2/TPX2/SDCCAG8/PPP1R12A/ALMS1/PSMD2/YWHAG/HSP90AB1/TUBA1C/HAUS2/CCNH/CEP43/CENPF/TUBA1B/TUBB4B/CDC25A"
"REACTOME_TRANSLATION","REACTOME_TRANSLATION",291,-0.420434886337583,-1.25510287398342,0.0635964912280702,0.573635184530126,0.550068574336442,3210,"tags=19%, list=19%, signal=16%","MRPL45/SEC61A2/PPA2/MRPS18B/SRP19/SRP9/EIF2B1/MRPS30/MTRF1L/MRPL48/ETF1/TSFM/RPL6/TARS2/DARS2/EIF2S1/SSR2/EIF2S2/MRPL16/MRPL50/EIF1AX/FARSB/EIF2B3/SSR3/MRPS21/EIF4B/MRPS9/MRPL1/EIF5B/MRPL37/MRPL22/EIF3A/EIF3J/EIF3M/AARS1/MRPS5/MARS1/MRPL30/GSPT1/NARS1/RPLP0/EIF4A2/MRPL35/EPRS1/TARS1/IARS1/GARS1/MARS2/EIF3D/MRPS2/SARS1/DAP3/MRPL9/MRPL24/WARS1"
"REACTOME_RHO_GTPASE_EFFECTORS","REACTOME_RHO_GTPASE_EFFECTORS",271,-0.421423560495215,-1.25505064620535,0.0640176600441501,0.573635184530126,0.550068574336442,2717,"tags=29%, list=16%, signal=25%","DYNLL2/WASF1/PIK3C3/CENPU/WASF2/MYL6/CENPC/RAC1/NUP133/PPP1R12B/DIAPH2/PPP2CA/WIPF1/ARPC2/ZWINT/KNL1/RANBP2/BUB3/TUBB6/KTN1/SEH1L/MAPK1/RHOA/MAPRE1/IQGAP1/KLC2/RANGAP1/TUBA8/NF2/MYLK/DIAPH1/NDEL1/CENPQ/FLNA/ABI1/CALM1/RHPN2/H2AZ1/ITGB3BP/CENPO/CENPL/DIAPH3/SKA1/ACTR3/PLK1/CKAP5/LIMK2/PPP1R12A/MYL9/KIF14/PPP1CC/PRKCD/NSL1/MAPK14/CIT/ACTB/NUP37/H3-3A/CENPE/CDC20/YWHAG/NUP107/NUF2/TUBA1C/ERCC6L/AHCTF1/ACTG1/RAC2/ARPC5/CENPF/SPDL1/TUBA1B/YWHAH/MYH10/TUBB4B/KDM1A/KNTC1/AR"
"REACTOME_SIGNALING_BY_RECEPTOR_TYROSINE_KINASES","REACTOME_SIGNALING_BY_RECEPTOR_TYROSINE_KINASES",424,0.427291897276054,1.24888920560503,0.0656028368794326,0.573635184530126,0.550068574336442,772,"tags=10%, list=5%, signal=10%","TGFA/DUSP4/EGR1/COL1A1/PLAT/PAK3/ATP6V0A4/ERBB3/IGF1R/NCK2/MAPK11/NRG2/COL5A1/PTPRJ/LAMA4/CTNND1/PTPRU/VEGFA/SPRY2/RAB4B/NRP1/MEF2C/ATP6V0A1/MXD4/COL9A3/FLRT3/THBS1/PTPRS/COL6A1/INSR/CDK5R2/DOCK1/FOS/COL4A1/WWOX/STAT3/CTNNB1/EGR2/LAMB2/SPARC/VEGFB/VRK3/STAT5B"
"REACTOME_ACTIVATION_OF_BAD_AND_TRANSLOCATION_TO_MITOCHONDRIA","REACTOME_ACTIVATION_OF_BAD_AND_TRANSLOCATION_TO_MITOCHONDRIA",15,-0.743113366069612,-1.46447384351561,0.0692464358452139,0.578962681653217,0.555177202304722,604,"tags=27%, list=4%, signal=26%","BCL2/YWHAG/YWHAH/BID"
"REACTOME_SELECTIVE_AUTOPHAGY","REACTOME_SELECTIVE_AUTOPHAGY",70,-0.570645173507502,-1.43896318061127,0.0706312987169065,0.585968081903041,0.561894800234552,2135,"tags=21%, list=13%, signal=19%","HSPA8/TUBB6/TUBA8/PLIN3/TOMM20/PRKAG2/TOMM22/VDAC1/PGAM5/UBE2N/VIM/TUBA1C/TUBA1B/TUBB4B/PRKAA2"
"REACTOME_RHOG_GTPASE_CYCLE","REACTOME_RHOG_GTPASE_CYCLE",70,-0.536938703070857,-1.35396750876747,0.0711382113821138,0.585968081903041,0.561894800234552,2626,"tags=29%, list=15%, signal=24%","NDUFA5/ARHGDIA/ARHGAP21/LEMD3/ERBIN/DOCK2/KTN1/DSG2/ESYT1/KALRN/PLEKHG3/ARHGDIB/DIAPH3/TRIO/ANKLE2/TMPO/MCF2L/VAMP3/ARHGEF26/SHMT2"
"REACTOME_GAB1_SIGNALOSOME","REACTOME_GAB1_SIGNALOSOME",15,0.783399945591776,1.52877305066041,0.0724070450097847,0.588865035065121,0.564672738092548,13,"tags=7%, list=0%, signal=7%","TGFA"
"REACTOME_ASSEMBLY_AND_CELL_SURFACE_PRESENTATION_OF_NMDA_RECEPTORS","REACTOME_ASSEMBLY_AND_CELL_SURFACE_PRESENTATION_OF_NMDA_RECEPTORS",29,-0.6501940987088,-1.45540506697249,0.0725490196078431,0.588865035065121,0.564672738092548,2126,"tags=34%, list=13%, signal=30%","TUBB6/TUBA8/LIN7A/APBA1/NEFL/ACTN2/TUBA1C/TUBA1B/TUBB4B/GRIN2B"
"REACTOME_RUNX3_REGULATES_NOTCH_SIGNALING","REACTOME_RUNX3_REGULATES_NOTCH_SIGNALING",14,0.779956645574762,1.51785765546731,0.0751445086705202,0.596334580165976,0.57183541244617,1389,"tags=50%, list=8%, signal=46%","MAML3/HES1/RUNX3/KAT2B/KAT2A/JAG1/MAML2"
"REACTOME_SIGNALING_BY_RETINOIC_ACID","REACTOME_SIGNALING_BY_RETINOIC_ACID",31,0.684621121267358,1.46634451106314,0.0745967741935484,0.596334580165976,0.57183541244617,380,"tags=13%, list=2%, signal=13%","DHRS3/ALDH1A3/RARB/PDK2"
"REACTOME_PRE_NOTCH_EXPRESSION_AND_PROCESSING","REACTOME_PRE_NOTCH_EXPRESSION_AND_PROCESSING",83,0.575138543958897,1.41557952379184,0.0756143667296786,0.596334580165976,0.57183541244617,1482,"tags=17%, list=9%, signal=15%","MAML3/ST3GAL4/MFNG/NOTCH2/MOV10/LFNG/AGO4/KAT2B/POGLUT1/KAT2A/H2BC14/MAML2/H4C2/H4-16"
"REACTOME_AURKA_ACTIVATION_BY_TPX2","REACTOME_AURKA_ACTIVATION_BY_TPX2",72,-0.537285656165234,-1.36512558176026,0.0747474747474747,0.596334580165976,0.57183541244617,4614,"tags=51%, list=27%, signal=38%","CEP63/CCP110/YWHAE/CEP57/TUBA1A/CDK1/CNTRL/CEP76/HAUS3/SSNA1/HSP90AA1/DCTN3/CEP72/HMMR/DCTN2/CEP152/DYNC1H1/AURKA/ODF2/CEP250/CEP78/CETN2/MAPRE1/CEP290/CEP41/PLK4/HAUS8/PLK1/HAUS6/CKAP5/TPX2/SDCCAG8/ALMS1/YWHAG/HAUS2/CEP43/TUBB4B"
"REACTOME_GLUTATHIONE_CONJUGATION","REACTOME_GLUTATHIONE_CONJUGATION",24,-0.699788998202958,-1.49659223315214,0.0770615689887829,0.596796389057081,0.572278248878099,1445,"tags=25%, list=9%, signal=23%","CHAC2/CNDP2/GCLC/CHAC1/GCLM/MGST1"
"REACTOME_SIGNALING_BY_NOTCH2","REACTOME_SIGNALING_BY_NOTCH2",26,0.705818882996024,1.49253077964171,0.0792079207920792,0.596796389057081,0.572278248878099,1950,"tags=31%, list=12%, signal=27%","MAML3/HES1/NOTCH2/MIB2/JAG1/MAML2/PSEN1/MIB1"
"REACTOME_RECYCLING_PATHWAY_OF_L1","REACTOME_RECYCLING_PATHWAY_OF_L1",41,-0.630561676671079,-1.48311051816572,0.079365837290783,0.596796389057081,0.572278248878099,2126,"tags=32%, list=13%, signal=28%","TUBB6/NUMB/MAPK1/TUBA8/MSN/CLTA/EZR/ACTB/TUBA1C/ACTG1/TUBA1B/TUBB4B/RPS6KA2"
"REACTOME_FRS_MEDIATED_FGFR3_SIGNALING","REACTOME_FRS_MEDIATED_FGFR3_SIGNALING",14,-0.740627804437493,-1.43128955716511,0.0786749482401656,0.596796389057081,0.572278248878099,1526,"tags=21%, list=9%, signal=20%","FGF9/PTPN11/FGF1"
"REACTOME_TRIGLYCERIDE_CATABOLISM","REACTOME_TRIGLYCERIDE_CATABOLISM",15,-0.725432505811998,-1.42962968842379,0.0794297352342159,0.596796389057081,0.572278248878099,2780,"tags=53%, list=16%, signal=45%","PNPLA4/FABP5/PLIN3/PRKACB/PPP1CC/ABHD5/MGLL/FABP6"
"REACTOME_AGGREPHAGY","REACTOME_AGGREPHAGY",33,-0.618762865823967,-1.40535767592721,0.0793650793650794,0.596796389057081,0.572278248878099,3075,"tags=30%, list=18%, signal=25%","DYNC1H1/DYNC1LI1/DYNLL2/TUBB6/TUBA8/UBE2N/VIM/TUBA1C/TUBA1B/TUBB4B"
"REACTOME_RNA_POLYMERASE_II_TRANSCRIBES_SNRNA_GENES","REACTOME_RNA_POLYMERASE_II_TRANSCRIBES_SNRNA_GENES",76,-0.526725603565764,-1.34023972461795,0.079002079002079,0.596796389057081,0.572278248878099,3125,"tags=28%, list=18%, signal=23%","RPRD1A/ICE1/SNAPC4/POLR2B/POU2F2/POLR2F/PCF11/SP1/CDK7/CCNK/NABP1/TAF5/INTS7/GTF2E1/ZNF143/CCNT1/NCBP1/CCNT2/ZC3H8/SNAPC1/RPRD2"
"REACTOME_SIGNALING_BY_ROBO_RECEPTORS","REACTOME_SIGNALING_BY_ROBO_RECEPTORS",203,0.481478144751769,1.31873639934025,0.0803921568627451,0.599973680747467,0.57532500813819,837,"tags=7%, list=5%, signal=7%","PAK6/PAK3/NCK2/PSME2/PSME1/DAG1/NRP1/FLRT3/SLIT2/CLASP1/SRGAP3/LDB1/ZSWIM8/EVL"
"REACTOME_ERKS_ARE_INACTIVATED","REACTOME_ERKS_ARE_INACTIVATED",13,0.779964700604717,1.50243913934748,0.083011583011583,0.607015098722416,0.582077144079712,751,"tags=15%, list=4%, signal=15%","DUSP4/VRK3"
"REACTOME_ESTROGEN_DEPENDENT_NUCLEAR_EVENTS_DOWNSTREAM_OF_ESR_MEMBRANE_SIGNALING","REACTOME_ESTROGEN_DEPENDENT_NUCLEAR_EVENTS_DOWNSTREAM_OF_ESR_MEMBRANE_SIGNALING",22,0.717242179216374,1.4932489036755,0.0846456692913386,0.607015098722416,0.582077144079712,618,"tags=14%, list=4%, signal=13%","TGFA/FOS/CDKN1B"
"REACTOME_IL_6_TYPE_CYTOKINE_RECEPTOR_LIGAND_INTERACTIONS","REACTOME_IL_6_TYPE_CYTOKINE_RECEPTOR_LIGAND_INTERACTIONS",12,0.784385584868388,1.46667001309787,0.094488188976378,0.607015098722416,0.582077144079712,1570,"tags=33%, list=9%, signal=30%","IL11/IL11RA/CLCF1/LIFR"
"REACTOME_LAMININ_INTERACTIONS","REACTOME_LAMININ_INTERACTIONS",28,0.696949982800415,1.46624937462214,0.0872210953346856,0.607015098722416,0.582077144079712,2589,"tags=46%, list=15%, signal=39%","COL18A1/LAMA4/ITGA1/COL4A1/LAMB2/HSPG2/COL4A5/ITGA2/COL4A2/LAMA5/ITGB1/ITGA3/COL7A1"
"REACTOME_REGULATION_OF_FOXO_TRANSCRIPTIONAL_ACTIVITY_BY_ACETYLATION","REACTOME_REGULATION_OF_FOXO_TRANSCRIPTIONAL_ACTIVITY_BY_ACETYLATION",10,0.810390158261707,1.46289299487705,0.0943025540275049,0.607015098722416,0.582077144079712,1114,"tags=40%, list=7%, signal=37%","TXNIP/FOXO1/KAT2B/FOXO4"
"REACTOME_INTERLEUKIN_6_FAMILY_SIGNALING","REACTOME_INTERLEUKIN_6_FAMILY_SIGNALING",19,0.718771222032727,1.45078480493026,0.0905432595573441,0.607015098722416,0.582077144079712,848,"tags=26%, list=5%, signal=25%","IL11/STAT3/IL6/IL11RA/CLCF1"
"REACTOME_ARACHIDONIC_ACID_METABOLISM","REACTOME_ARACHIDONIC_ACID_METABOLISM",29,0.678699803991598,1.43349060117986,0.0955284552845529,0.607015098722416,0.582077144079712,818,"tags=17%, list=5%, signal=16%","PTGES/PTGS2/ALOX5AP/CYP1A1/ALOXE3"
"REACTOME_FRS_MEDIATED_FGFR1_SIGNALING","REACTOME_FRS_MEDIATED_FGFR1_SIGNALING",15,-0.719235021591277,-1.417416136695,0.0896130346232179,0.607015098722416,0.582077144079712,1526,"tags=20%, list=9%, signal=18%","FGF9/PTPN11/FGF1"
"REACTOME_PURINE_CATABOLISM","REACTOME_PURINE_CATABOLISM",14,-0.732952375671798,-1.41645651825773,0.0890269151138716,0.607015098722416,0.582077144079712,1447,"tags=29%, list=9%, signal=26%","NT5C2/NUDT5/NT5E/PNP"
"REACTOME_FOXO_MEDIATED_TRANSCRIPTION","REACTOME_FOXO_MEDIATED_TRANSCRIPTION",54,0.612221657249546,1.41307527414961,0.0950495049504951,0.607015098722416,0.582077144079712,1350,"tags=26%, list=8%, signal=24%","FBXO32/SMAD3/TXNIP/NR3C1/CAT/BBC3/FOXO1/CDKN1B/KAT2B/SMAD2/FOXO4/YWHAZ/HDAC1/CDKN1A"
"REACTOME_G1_S_SPECIFIC_TRANSCRIPTION","REACTOME_G1_S_SPECIFIC_TRANSCRIPTION",29,-0.630867663615225,-1.41214445968989,0.092156862745098,0.607015098722416,0.582077144079712,1189,"tags=17%, list=7%, signal=16%","LIN9/E2F5/ORC1/CDC45/CDC25A"
"REACTOME_INTEGRIN_CELL_SURFACE_INTERACTIONS","REACTOME_INTEGRIN_CELL_SURFACE_INTERACTIONS",52,0.617134406124344,1.41169066464899,0.0889328063241107,0.607015098722416,0.582077144079712,2170,"tags=46%, list=13%, signal=40%","COL1A1/ITGB5/COL18A1/COL5A1/ITGB8/COL8A1/ITGA1/COL9A3/THBS1/COL6A1/COL4A1/COL16A1/JAM3/HSPG2/COL4A5/ICAM3/AGRN/ITGA2/COL4A2/ITGA4/ITGB1/ITGAM/FBN1/FN1"
"REACTOME_ION_HOMEOSTASIS","REACTOME_ION_HOMEOSTASIS",27,-0.641617169759631,-1.41108590488748,0.09,0.607015098722416,0.582077144079712,1491,"tags=26%, list=9%, signal=24%","CALM1/ATP2B1/ATP1B1/ATP1B3/SLC8A1/RYR2/ABCC9"
"REACTOME_FATTY_ACYL_COA_BIOSYNTHESIS","REACTOME_FATTY_ACYL_COA_BIOSYNTHESIS",32,-0.621343052220009,-1.40745016579985,0.0854870775347912,0.607015098722416,0.582077144079712,2191,"tags=38%, list=13%, signal=33%","ACACA/ACSL4/ELOVL1/HACD3/ELOVL4/HSD17B12/FASN/HACD1/ELOVL6/ELOVL5/ACLY/SCD"
"REACTOME_SYNTHESIS_OF_PC","REACTOME_SYNTHESIS_OF_PC",24,-0.655904027113194,-1.40273836140837,0.0823293172690763,0.607015098722416,0.582077144079712,806,"tags=21%, list=5%, signal=20%","CHPT1/MFSD2A/LPIN2/SLC44A5/PCYT1B"
"REACTOME_RECOGNITION_OF_DNA_DAMAGE_BY_PCNA_CONTAINING_REPLICATION_COMPLEX","REACTOME_RECOGNITION_OF_DNA_DAMAGE_BY_PCNA_CONTAINING_REPLICATION_COMPLEX",30,-0.622155433986946,-1.40111832769577,0.09375,0.607015098722416,0.582077144079712,689,"tags=23%, list=4%, signal=22%","UBE2B/POLD3/RFC5/DTL/USP1/POLE3/RAD18"
"REACTOME_ACTIVATION_OF_AMPK_DOWNSTREAM_OF_NMDARS","REACTOME_ACTIVATION_OF_AMPK_DOWNSTREAM_OF_NMDARS",20,-0.671776172625934,-1.39503127962632,0.094,0.607015098722416,0.582077144079712,2126,"tags=40%, list=13%, signal=35%","TUBB6/TUBA8/CALM1/PRKAG2/TUBA1C/TUBA1B/TUBB4B/PRKAA2"
"REACTOME_INHIBITION_OF_THE_PROTEOLYTIC_ACTIVITY_OF_APC_C_REQUIRED_FOR_THE_ONSET_OF_ANAPHASE_BY_MITOTIC_SPINDLE_CHECKPOINT_COMPONENTS","REACTOME_INHIBITION_OF_THE_PROTEOLYTIC_ACTIVITY_OF_APC_C_REQUIRED_FOR_THE_ONSET_OF_ANAPHASE_BY_MITOTIC_SPINDLE_CHECKPOINT_COMPONENTS",21,-0.669860120182082,-1.39081888820993,0.0918367346938776,0.607015098722416,0.582077144079712,3303,"tags=52%, list=19%, signal=42%","UBE2S/ANAPC5/BUB1B/UBE2D1/MAD2L1/UBE2E1/CDC23/BUB3/ANAPC1/CDC20/ANAPC7"
"REACTOME_DEACTIVATION_OF_THE_BETA_CATENIN_TRANSACTIVATING_COMPLEX","REACTOME_DEACTIVATION_OF_THE_BETA_CATENIN_TRANSACTIVATING_COMPLEX",36,-0.591434382092541,-1.36736474957107,0.0909090909090909,0.607015098722416,0.582077144079712,965,"tags=14%, list=6%, signal=13%","PYGO1/RBBP5/TLE1/SOX13/SOX9"
"REACTOME_RRNA_MODIFICATION_IN_THE_NUCLEUS_AND_CYTOSOL","REACTOME_RRNA_MODIFICATION_IN_THE_NUCLEUS_AND_CYTOSOL",60,-0.536270913465306,-1.33089934578427,0.0846774193548387,0.607015098722416,0.582077144079712,4478,"tags=45%, list=26%, signal=33%","NOP56/RRP9/DHX37/WDR75/PNO1/RPS6/RRP7A/KRR1/GAR1/UTP4/WDR36/NOL6/NOC4L/MPHOSPH10/DKC1/FCF1/NOP14/DDX52/NOL11/RCL1/WDR43/NOP58/UTP20/BMS1/UTP15/HEATR1/UTP25"
"REACTOME_TRANSLOCATION_OF_SLC2A4_GLUT4_TO_THE_PLASMA_MEMBRANE","REACTOME_TRANSLOCATION_OF_SLC2A4_GLUT4_TO_THE_PLASMA_MEMBRANE",62,-0.535915975988919,-1.32837276298108,0.0931174089068826,0.607015098722416,0.582077144079712,2765,"tags=29%, list=16%, signal=24%","KIFAP3/PRKAB2/RAC1/SNAP23/RAB13/TUBB6/RALA/TUBA8/CALM1/PRKAG2/ACTB/YWHAG/TUBA1C/ACTG1/TUBA1B/YWHAH/TUBB4B/PRKAA2"
"REACTOME_COPI_DEPENDENT_GOLGI_TO_ER_RETROGRADE_TRAFFIC","REACTOME_COPI_DEPENDENT_GOLGI_TO_ER_RETROGRADE_TRAFFIC",85,-0.513289562229229,-1.31594792870411,0.0826271186440678,0.607015098722416,0.582077144079712,2331,"tags=22%, list=14%, signal=19%","KIF20B/TUBB6/NBAS/KLC2/KIF15/KIF23/COPZ1/TUBA8/KIF21B/KIF1C/TMED2/RACGAP1/ARF1/KIF21A/CENPE/TUBA1C/TUBA1B/TUBB4B/COPA"
"REACTOME_MITOCHONDRIAL_TRANSLATION","REACTOME_MITOCHONDRIAL_TRANSLATION",96,-0.500236455271738,-1.31189356829722,0.0887949260042283,0.607015098722416,0.582077144079712,2836,"tags=19%, list=17%, signal=16%","MRPS30/MTRF1L/MRPL48/TSFM/MRPL16/MRPL50/MRPS21/MRPS9/MRPL1/MRPL37/MRPL22/MRPS5/MRPL30/MRPL35/MRPS2/DAP3/MRPL9/MRPL24"
"REACTOME_GLUCOSE_METABOLISM","REACTOME_GLUCOSE_METABOLISM",77,-0.514289984695836,-1.31036852840127,0.09375,0.607015098722416,0.582077144079712,3105,"tags=38%, list=18%, signal=31%","NUP42/PPP2R1B/NUP153/NUP93/NUP88/NUP133/PPP2CA/HK1/RANBP2/SEH1L/RAE1/PFKM/NDC1/NUP54/TPR/NUP214/PFKP/PRKACB/PFKFB3/NUP37/NUP210/GOT2/PGK1/NUP205/NUP107/PCK2/GPI/PFKFB2/NUP188"
"REACTOME_SIGNALING_BY_NUCLEAR_RECEPTORS","REACTOME_SIGNALING_BY_NUCLEAR_RECEPTORS",230,0.468278036121099,1.29330907048546,0.0875486381322957,0.607015098722416,0.582077144079712,465,"tags=6%, list=3%, signal=6%","MMP2/TGFA/DHRS3/IGF1R/ALDH1A3/RARB/ARL4C/GNG2/CXXC5/MOV10/PDK2/AGO4/FOS"
"REACTOME_HEMOSTASIS","REACTOME_HEMOSTASIS",411,0.422293830270458,1.22156528538288,0.0909090909090909,0.607015098722416,0.582077144079712,1583,"tags=15%, list=9%, signal=14%","CD74/HMG20B/COL1A1/PLAT/SERPINB2/TGFB1/SDC3/DGKG/TBXA2R/VEGFA/DOCK6/RHOB/GNG2/APP/GATA4/PROS1/SLC7A5/L1CAM/ITGA1/CD99L2/SLC7A11/THBS1/CD109/DOCK1/PHF21A/TIMP1/TGFB3/SH2B1/SPARC/ENDOD1/PCYOX1L/DOCK5/FAM3C/PRKCH/MANF/VEGFB/JAM3/CABLES1/SLC3A2/MAFK/ARRB1/DGKI/PSG5/CXADR/YWHAZ/IRF2/SERPINB6/GPC1/PRCP/ITPK1/HDAC1/PSAP/RBSN/F12/GATA6/KCNMA1/P2RX6/CD58/MERTK/EHD3/LHFPL2/LAMP2"
"REACTOME_PI_3K_CASCADE_FGFR4","REACTOME_PI_3K_CASCADE_FGFR4",12,-0.748809424473202,-1.40631091517262,0.097165991902834,0.613912403386088,0.588691087306046,1526,"tags=25%, list=9%, signal=23%","FGF9/PTPN11/FGF1"
"REACTOME_DOWNREGULATION_OF_ERBB2_ERBB3_SIGNALING","REACTOME_DOWNREGULATION_OF_ERBB2_ERBB3_SIGNALING",13,0.761815229997747,1.46747797382651,0.0984555984555985,0.617311364746636,0.591950409398279,157,"tags=15%, list=1%, signal=15%","ERBB3/NRG2"
"REACTOME_DEGRADATION_OF_DVL","REACTOME_DEGRADATION_OF_DVL",55,0.607718705164538,1.40711500667974,0.0988142292490119,0.617311364746636,0.591950409398279,998,"tags=9%, list=6%, signal=9%","DACT1/PSME2/PSME1/DVL3/HECW1"
"REACTOME_FOXO_MEDIATED_TRANSCRIPTION_OF_CELL_CYCLE_GENES","REACTOME_FOXO_MEDIATED_TRANSCRIPTION_OF_CELL_CYCLE_GENES",17,0.71303098894809,1.42074023996552,0.108695652173913,0.649776701865687,0.623081975567911,2085,"tags=47%, list=12%, signal=41%","SMAD3/FOXO1/CDKN1B/SMAD2/FOXO4/CDKN1A/MSTN/BTG1"
"REACTOME_RECEPTOR_TYPE_TYROSINE_PROTEIN_PHOSPHATASES","REACTOME_RECEPTOR_TYPE_TYROSINE_PROTEIN_PHOSPHATASES",17,0.711838690855255,1.41836454254874,0.108695652173913,0.649776701865687,0.623081975567911,444,"tags=29%, list=3%, signal=29%","SLITRK6/PPFIA3/IL1RAP/PPFIBP1/PTPRS"
"REACTOME_NOTCH3_INTRACELLULAR_DOMAIN_REGULATES_TRANSCRIPTION","REACTOME_NOTCH3_INTRACELLULAR_DOMAIN_REGULATES_TRANSCRIPTION",20,0.691711542342425,1.41234289844912,0.105577689243028,0.649776701865687,0.623081975567911,1389,"tags=25%, list=8%, signal=23%","MAML3/HES1/KAT2B/KAT2A/MAML2"
"REACTOME_FOXO_MEDIATED_TRANSCRIPTION_OF_OXIDATIVE_STRESS_METABOLIC_AND_NEURONAL_GENES","REACTOME_FOXO_MEDIATED_TRANSCRIPTION_OF_OXIDATIVE_STRESS_METABOLIC_AND_NEURONAL_GENES",19,0.698102265665728,1.40906609539956,0.108651911468813,0.649776701865687,0.623081975567911,1260,"tags=42%, list=7%, signal=39%","FBXO32/SMAD3/NR3C1/CAT/FOXO1/SMAD2/FOXO4/HDAC1"
"REACTOME_CELL_EXTRACELLULAR_MATRIX_INTERACTIONS","REACTOME_CELL_EXTRACELLULAR_MATRIX_INTERACTIONS",17,-0.693442912616528,-1.40052259595014,0.110887096774194,0.649776701865687,0.623081975567911,1542,"tags=41%, list=9%, signal=37%","PXN/FLNA/ACTB/RSU1/FERMT2/ACTG1/FBLIM1"
"REACTOME_FRS_MEDIATED_FGFR2_SIGNALING","REACTOME_FRS_MEDIATED_FGFR2_SIGNALING",15,-0.703950255824429,-1.38729403057787,0.112016293279022,0.649776701865687,0.623081975567911,1526,"tags=20%, list=9%, signal=18%","FGF9/PTPN11/FGF1"
"REACTOME_CIRCADIAN_CLOCK","REACTOME_CIRCADIAN_CLOCK",68,0.579904622292968,1.38538804635298,0.108949416342412,0.649776701865687,0.623081975567911,1528,"tags=22%, list=9%, signal=20%","PPARA/RORA/PER1/NR3C1/MEF2C/NR1D1/BHLHE41/DBP/CRTC1/ARNTL/BHLHE40/NCOA1/RBM4/CSNK1D/PER2"
"REACTOME_PI_3K_CASCADE_FGFR3","REACTOME_PI_3K_CASCADE_FGFR3",12,-0.734987347381606,-1.3803521902301,0.11336032388664,0.649776701865687,0.623081975567911,1526,"tags=25%, list=9%, signal=23%","FGF9/PTPN11/FGF1"
"REACTOME_SHC_MEDIATED_CASCADE_FGFR4","REACTOME_SHC_MEDIATED_CASCADE_FGFR4",12,-0.7343859477315,-1.37922272408733,0.11336032388664,0.649776701865687,0.623081975567911,1526,"tags=17%, list=9%, signal=15%","FGF9/FGF1"
"REACTOME_APC_CDC20_MEDIATED_DEGRADATION_OF_NEK2A","REACTOME_APC_CDC20_MEDIATED_DEGRADATION_OF_NEK2A",26,-0.6296816120315,-1.36983582050328,0.108651911468813,0.649776701865687,0.623081975567911,3303,"tags=42%, list=19%, signal=34%","UBE2S/ANAPC5/BUB1B/UBE2D1/MAD2L1/UBE2E1/CDC23/BUB3/ANAPC1/CDC20/ANAPC7"
"REACTOME_EPHA_MEDIATED_GROWTH_CONE_COLLAPSE","REACTOME_EPHA_MEDIATED_GROWTH_CONE_COLLAPSE",22,-0.655895874609558,-1.3693292629491,0.111336032388664,0.649776701865687,0.623081975567911,3154,"tags=45%, list=19%, signal=37%","MYL12B/EFNA5/EPHA7/MYL6/LYN/RHOA/YES1/MYL9/MYH10/EPHA5"
"REACTOME_SIGNALING_BY_ALK_IN_CANCER","REACTOME_SIGNALING_BY_ALK_IN_CANCER",54,-0.534024913229388,-1.31025898035271,0.110663983903421,0.649776701865687,0.623081975567911,2256,"tags=24%, list=13%, signal=21%","NPM1/RANBP2/MAPK1/MSN/CUL1/CEBPB/TPR/VCL/GCC2/BCL11A/TPM4/STAT5A/TPM3"
"REACTOME_MRNA_SPLICING_MINOR_PATHWAY","REACTOME_MRNA_SPLICING_MINOR_PATHWAY",52,-0.535187696407162,-1.30603516423636,0.112903225806452,0.649776701865687,0.623081975567911,3132,"tags=42%, list=18%, signal=35%","SRSF6/SNU13/SNRNP35/SNRPD1/SF3B1/SNRPB/ZCRB1/SRSF1/SNRPE/POLR2B/POLR2F/SNRNP48/EFTUD2/PRPF8/SRSF2/DDX23/SNRPD3/SF3B3/SNRPF/NCBP1/YBX1/SF3B4"
"REACTOME_L1CAM_INTERACTIONS","REACTOME_L1CAM_INTERACTIONS",94,-0.491273952535743,-1.28525009914917,0.110169491525424,0.649776701865687,0.623081975567911,2234,"tags=28%, list=13%, signal=24%","ALCAM/HSPA8/TUBB6/NUMB/MAPK1/MAP2K1/TUBA8/MSN/EGFR/ITGA5/LAMB1/CLTA/KCNQ3/EZR/CNTN1/NRCAM/ACTB/CNTNAP1/SCN9A/TUBA1C/SPTAN1/ACTG1/SCN5A/TUBA1B/TUBB4B/RPS6KA2"
"REACTOME_G_ALPHA_Q_SIGNALLING_EVENTS","REACTOME_G_ALPHA_Q_SIGNALLING_EVENTS",104,-0.481190076557559,-1.27616078321805,0.109913793103448,0.649776701865687,0.623081975567911,1827,"tags=21%, list=11%, signal=19%","GNG5/RGS5/KALRN/RGS17/GNG10/EGFR/RGS3/GNB1/ANXA1/TRPC3/TRIO/PRKCD/MGLL/AGTR1/HBEGF/LPAR4/DGKE/LPAR3/PLCB4/RGS2/EDN1/RPS6KA2"
"REACTOME_HCMV_EARLY_EVENTS","REACTOME_HCMV_EARLY_EVENTS",106,-0.471167350068408,-1.25930807902143,0.113006396588486,0.649776701865687,0.623081975567911,3105,"tags=27%, list=18%, signal=22%","NUP42/DYNC1H1/DYNC1LI1/NUP153/CREB1/EZH2/NUP93/DYNLL2/NUP88/NUP133/RANBP2/TUBB6/SEH1L/RAE1/TUBA8/NDC1/NUP54/EGFR/TPR/NUP214/PML/NUP37/NUP210/NUP205/NUP107/TUBA1C/NUP188/TUBA1B/TUBB4B"
"REACTOME_SYNDECAN_INTERACTIONS","REACTOME_SYNDECAN_INTERACTIONS",23,0.678773818359959,1.40839479737438,0.116,0.653308596165739,0.626468769325912,434,"tags=26%, list=3%, signal=25%","COL1A1/ITGB5/TGFB1/SDC3/COL5A1/THBS1"
"REACTOME_TRANSCRIPTION_OF_E2F_TARGETS_UNDER_NEGATIVE_CONTROL_BY_DREAM_COMPLEX","REACTOME_TRANSCRIPTION_OF_E2F_TARGETS_UNDER_NEGATIVE_CONTROL_BY_DREAM_COMPLEX",19,-0.668561126975503,-1.38747970075872,0.114851485148515,0.653308596165739,0.626468769325912,1189,"tags=21%, list=7%, signal=20%","LIN9/E2F5/MYC/CDC25A"
"REACTOME_TRIGLYCERIDE_METABOLISM","REACTOME_TRIGLYCERIDE_METABOLISM",21,-0.657695836302452,-1.36556239768062,0.116326530612245,0.653308596165739,0.626468769325912,2944,"tags=48%, list=17%, signal=39%","LPIN1/PNPLA4/FABP5/PLIN3/PRKACB/PPP1CC/ABHD5/MGLL/LPIN2/FABP6"
"REACTOME_REGULATION_OF_MRNA_STABILITY_BY_PROTEINS_THAT_BIND_AU_RICH_ELEMENTS","REACTOME_REGULATION_OF_MRNA_STABILITY_BY_PROTEINS_THAT_BIND_AU_RICH_ELEMENTS",84,-0.497385720479689,-1.27608043130596,0.115789473684211,0.653308596165739,0.626468769325912,2150,"tags=20%, list=13%, signal=18%","PSMD12/HSPA8/PSMB7/ANP32A/TNPO1/ELAVL1/NUP214/HSPB1/EXOSC2/PRKCD/EXOSC9/MAPK14/EXOSC3/PSMD2/SET/MAPKAPK2/HSPA1A"
"REACTOME_YAP1_AND_WWTR1_TAZ_STIMULATED_GENE_EXPRESSION","REACTOME_YAP1_AND_WWTR1_TAZ_STIMULATED_GENE_EXPRESSION",12,0.76551100276805,1.43137769754498,0.12007874015748,0.659524780368462,0.632429574510841,735,"tags=33%, list=4%, signal=32%","WWTR1/GATA4/RUNX2/KAT2B"
"REACTOME_THE_ACTIVATION_OF_ARYLSULFATASES","REACTOME_THE_ACTIVATION_OF_ARYLSULFATASES",11,0.76916973788961,1.42459701404759,0.124756335282651,0.659524780368462,0.632429574510841,1386,"tags=45%, list=8%, signal=42%","ARSG/ARSD/ARSJ/ARSA/ARSB"
"REACTOME_KILLING_MECHANISMS","REACTOME_KILLING_MECHANISMS",10,0.785914774175742,1.41871073579942,0.12573673870334,0.659524780368462,0.632429574510841,634,"tags=20%, list=4%, signal=19%","WNT5A/DVL3"
"REACTOME_DISEASES_OF_CARBOHYDRATE_METABOLISM","REACTOME_DISEASES_OF_CARBOHYDRATE_METABOLISM",26,0.663596909584721,1.40324782559819,0.124752475247525,0.659524780368462,0.632429574510841,2194,"tags=35%, list=13%, signal=30%","HGSNAT/GAA/SGSH/ARSB/IDUA/IDS/GALNS/NAGLU/DCXR"
"REACTOME_PRE_NOTCH_PROCESSING_IN_GOLGI","REACTOME_PRE_NOTCH_PROCESSING_IN_GOLGI",16,0.705027798676195,1.39416073657768,0.1252408477842,0.659524780368462,0.632429574510841,421,"tags=25%, list=2%, signal=24%","ST3GAL4/MFNG/NOTCH2/LFNG"
"REACTOME_RUNX2_REGULATES_OSTEOBLAST_DIFFERENTIATION","REACTOME_RUNX2_REGULATES_OSTEOBLAST_DIFFERENTIATION",21,0.670162279207564,1.38404566682163,0.12109375,0.659524780368462,0.632429574510841,659,"tags=29%, list=4%, signal=27%","COL1A1/HES1/WWTR1/ZNF521/RUNX2/MAF"
"REACTOME_SYNTHESIS_OF_PE","REACTOME_SYNTHESIS_OF_PE",11,-0.743498634902477,-1.38135585496308,0.124744376278119,0.659524780368462,0.632429574510841,788,"tags=36%, list=5%, signal=35%","LPIN1/PISD/LPIN2/SELENOI"
"REACTOME_NUCLEOTIDE_BIOSYNTHESIS","REACTOME_NUCLEOTIDE_BIOSYNTHESIS",14,-0.714536677541476,-1.38086752704797,0.122153209109731,0.659524780368462,0.632429574510841,3282,"tags=50%, list=19%, signal=40%","ATIC/PAICS/CAD/PPAT/ADSL/IMPDH1/ADSS2"
"REACTOME_DOWNSTREAM_SIGNALING_OF_ACTIVATED_FGFR4","REACTOME_DOWNSTREAM_SIGNALING_OF_ACTIVATED_FGFR4",19,-0.663517954644314,-1.3770134936243,0.120792079207921,0.659524780368462,0.632429574510841,1526,"tags=21%, list=9%, signal=19%","PLCG1/FGF9/PTPN11/FGF1"
"REACTOME_SHC_MEDIATED_CASCADE_FGFR3","REACTOME_SHC_MEDIATED_CASCADE_FGFR3",12,-0.718265407629004,-1.34894734190906,0.125506072874494,0.659524780368462,0.632429574510841,1526,"tags=17%, list=9%, signal=15%","FGF9/FGF1"
"REACTOME_NON_INTEGRIN_MEMBRANE_ECM_INTERACTIONS","REACTOME_NON_INTEGRIN_MEMBRANE_ECM_INTERACTIONS",48,0.594075861250577,1.34590541464734,0.123983739837398,0.659524780368462,0.632429574510841,589,"tags=23%, list=3%, signal=22%","COL1A1/ITGB5/TGFB1/SDC3/DDR1/COL5A1/LAMA4/DAG1/THBS1/COL4A1/LAMB2"
"REACTOME_G0_AND_EARLY_G1","REACTOME_G0_AND_EARLY_G1",27,-0.607176443509989,-1.33534163609996,0.12,0.659524780368462,0.632429574510841,1189,"tags=19%, list=7%, signal=17%","LIN9/CDK2/E2F5/MYC/CDC25A"
"REACTOME_RHO_GTPASES_ACTIVATE_PKNS","REACTOME_RHO_GTPASES_ACTIVATE_PKNS",66,-0.515060163448146,-1.29137995629694,0.119521912350598,0.659524780368462,0.632429574510841,1034,"tags=14%, list=6%, signal=13%","H2AZ1/PPP1R12A/MYL9/H3-3A/YWHAG/YWHAH/MYH10/KDM1A/AR"
"REACTOME_ESR_MEDIATED_SIGNALING","REACTOME_ESR_MEDIATED_SIGNALING",178,0.477344691614422,1.28297443351093,0.123574144486692,0.659524780368462,0.632429574510841,735,"tags=6%, list=4%, signal=5%","MMP2/TGFA/IGF1R/GNG2/CXXC5/MOV10/AGO4/FOS/CDKN1B/KAT2B"
"REACTOME_REGULATION_OF_GENE_EXPRESSION_IN_LATE_STAGE_BRANCHING_MORPHOGENESIS_PANCREATIC_BUD_PRECURSOR_CELLS","REACTOME_REGULATION_OF_GENE_EXPRESSION_IN_LATE_STAGE_BRANCHING_MORPHOGENESIS_PANCREATIC_BUD_PRECURSOR_CELLS",13,0.732915069334387,1.41180784865239,0.129343629343629,0.662390029325513,0.635177110665226,1389,"tags=38%, list=8%, signal=35%","MAML3/HES1/KAT2B/KAT2A/MAML2"
"REACTOME_PURINE_RIBONUCLEOSIDE_MONOPHOSPHATE_BIOSYNTHESIS","REACTOME_PURINE_RIBONUCLEOSIDE_MONOPHOSPHATE_BIOSYNTHESIS",11,-0.740037177724821,-1.37492476832136,0.128834355828221,0.662390029325513,0.635177110665226,566,"tags=55%, list=3%, signal=53%","ATIC/PAICS/PPAT/ADSL/IMPDH1/ADSS2"
"REACTOME_TRANSCRIPTIONAL_REGULATION_OF_PLURIPOTENT_STEM_CELLS","REACTOME_TRANSCRIPTIONAL_REGULATION_OF_PLURIPOTENT_STEM_CELLS",19,0.680314883275262,1.37316362281782,0.128772635814889,0.662390029325513,0.635177110665226,1378,"tags=21%, list=8%, signal=19%","TSC22D1/STAT3/SMAD2/GATA6"
"REACTOME_SIGNALING_BY_PDGFR_IN_DISEASE","REACTOME_SIGNALING_BY_PDGFR_IN_DISEASE",19,0.678620401724532,1.36974344124867,0.128772635814889,0.662390029325513,0.635177110665226,552,"tags=11%, list=3%, signal=10%","ETV6/STAT3"
"REACTOME_RAS_ACTIVATION_UPON_CA2_INFLUX_THROUGH_NMDA_RECEPTOR","REACTOME_RAS_ACTIVATION_UPON_CA2_INFLUX_THROUGH_NMDA_RECEPTOR",16,-0.685647232211491,-1.36639898956368,0.130434782608696,0.662390029325513,0.635177110665226,1491,"tags=25%, list=9%, signal=23%","CALM1/NEFL/ACTN2/GRIN2B"
"REACTOME_SIGNALING_BY_ALK","REACTOME_SIGNALING_BY_ALK",21,-0.647079416715537,-1.34351971079455,0.130612244897959,0.662390029325513,0.635177110665226,649,"tags=19%, list=4%, signal=18%","PTPRZ1/HDAC2/MYC/CD274"
"REACTOME_UPTAKE_AND_ACTIONS_OF_BACTERIAL_TOXINS","REACTOME_UPTAKE_AND_ACTIONS_OF_BACTERIAL_TOXINS",24,-0.618022941592538,-1.32172460080457,0.130522088353414,0.662390029325513,0.635177110665226,568,"tags=33%, list=3%, signal=32%","ANTXR2/MAP2K1/CD9/CALM1/HSP90AB1/SYT1/HBEGF/SV2A"
"REACTOME_SYNTHESIS_OF_SUBSTRATES_IN_N_GLYCAN_BIOSYTHESIS","REACTOME_SYNTHESIS_OF_SUBSTRATES_IN_N_GLYCAN_BIOSYTHESIS",55,-0.52092351594367,-1.27729276017928,0.131048387096774,0.662390029325513,0.635177110665226,58,"tags=11%, list=0%, signal=11%","GLB1/NANP/GNPNAT1/ST8SIA2/ST6GAL1/UAP1"
"REACTOME_CD209_DC_SIGN_SIGNALING","REACTOME_CD209_DC_SIGN_SIGNALING",18,0.68039462724945,1.36522536418653,0.134,0.672697490879309,0.645061111568288,45,"tags=6%, list=0%, signal=6%","PAK3"
"REACTOME_PI_3K_CASCADE_FGFR1","REACTOME_PI_3K_CASCADE_FGFR1",13,-0.713880936366285,-1.36490154381918,0.134297520661157,0.672697490879309,0.645061111568288,1526,"tags=23%, list=9%, signal=21%","FGF9/PTPN11/FGF1"
"REACTOME_GLYCOGEN_STORAGE_DISEASES","REACTOME_GLYCOGEN_STORAGE_DISEASES",11,0.74188192483383,1.37405662603673,0.148148148148148,0.679935902842203,0.65200214840889,365,"tags=9%, list=2%, signal=9%","GAA"
"REACTOME_ACYL_CHAIN_REMODELLING_OF_PC","REACTOME_ACYL_CHAIN_REMODELLING_OF_PC",15,0.700771963126606,1.36752791203869,0.136986301369863,0.679935902842203,0.65200214840889,1390,"tags=33%, list=8%, signal=31%","LPCAT2/PLA2G6/PLA2G4C/LPCAT3/PLA2G12A"
"REACTOME_TRANSFERRIN_ENDOCYTOSIS_AND_RECYCLING","REACTOME_TRANSFERRIN_ENDOCYTOSIS_AND_RECYCLING",27,0.644745023825649,1.36225872246793,0.143426294820717,0.679935902842203,0.65200214840889,1101,"tags=19%, list=6%, signal=17%","ATP6V0A4/STEAP3/ATP6V0A1/ATP6V1A/HFE"
"REACTOME_CALNEXIN_CALRETICULIN_CYCLE","REACTOME_CALNEXIN_CALRETICULIN_CYCLE",26,0.642578773312264,1.35880269091408,0.146534653465347,0.679935902842203,0.65200214840889,4183,"tags=54%, list=25%, signal=41%","CALR/PRKCSH/OS9/TRIM13/RNF103/GANAB/SYVN1/EDEM2/RNF139/UBA52/EDEM1/CANX/PDIA3/DERL2"
"REACTOME_DOWNSTREAM_SIGNALING_OF_ACTIVATED_FGFR3","REACTOME_DOWNSTREAM_SIGNALING_OF_ACTIVATED_FGFR3",19,-0.652344464957318,-1.35382490322946,0.142574257425743,0.679935902842203,0.65200214840889,1526,"tags=16%, list=9%, signal=14%","FGF9/PTPN11/FGF1"
"REACTOME_WNT5A_DEPENDENT_INTERNALIZATION_OF_FZD2_FZD5_AND_ROR2","REACTOME_WNT5A_DEPENDENT_INTERNALIZATION_OF_FZD2_FZD5_AND_ROR2",12,0.723638909257527,1.35308387735982,0.153543307086614,0.679935902842203,0.65200214840889,2410,"tags=42%, list=14%, signal=36%","WNT5A/ROR1/AP2S1/AP2M1/AP2B1"
"REACTOME_INTERLEUKIN_10_SIGNALING","REACTOME_INTERLEUKIN_10_SIGNALING",26,0.636172412895471,1.34525574517787,0.148514851485149,0.679935902842203,0.65200214840889,1165,"tags=31%, list=7%, signal=29%","PTGS2/FPR1/STAT3/TIMP1/IL10RB/CSF1/IL6/TNFRSF1A"
"REACTOME_BLOOD_GROUP_SYSTEMS_BIOSYNTHESIS","REACTOME_BLOOD_GROUP_SYSTEMS_BIOSYNTHESIS",12,0.718982130405498,1.34437647881546,0.155511811023622,0.679935902842203,0.65200214840889,2519,"tags=33%, list=15%, signal=28%","ST3GAL4/B3GALT1/ST3GAL6/FUT10"
"REACTOME_NGF_STIMULATED_TRANSCRIPTION","REACTOME_NGF_STIMULATED_TRANSCRIPTION",36,0.616778210321257,1.34257414022952,0.149193548387097,0.679935902842203,0.65200214840889,1738,"tags=22%, list=10%, signal=20%","EGR1/CDK5R2/FOS/EGR2/ARC/EGR3/VGF/SGK1"
"REACTOME_SLBP_DEPENDENT_PROCESSING_OF_REPLICATION_DEPENDENT_HISTONE_PRE_MRNAS","REACTOME_SLBP_DEPENDENT_PROCESSING_OF_REPLICATION_DEPENDENT_HISTONE_PRE_MRNAS",11,-0.721847642654699,-1.34113019279875,0.151329243353783,0.679935902842203,0.65200214840889,1605,"tags=55%, list=9%, signal=49%","SNRPE/SNRPD3/SNRPF/ZNF473/NCBP1/LSM11"
"REACTOME_XENOBIOTICS","REACTOME_XENOBIOTICS",11,0.723916653789006,1.34078273312821,0.161793372319688,0.679935902842203,0.65200214840889,1153,"tags=27%, list=7%, signal=25%","AHRR/CYP1A1/AHR"
"REACTOME_MITOCHONDRIAL_IRON_SULFUR_CLUSTER_BIOGENESIS","REACTOME_MITOCHONDRIAL_IRON_SULFUR_CLUSTER_BIOGENESIS",13,0.695371099404913,1.33948722975157,0.16023166023166,0.679935902842203,0.65200214840889,181,"tags=8%, list=1%, signal=8%","FDXR"
"REACTOME_PI3K_EVENTS_IN_ERBB2_SIGNALING","REACTOME_PI3K_EVENTS_IN_ERBB2_SIGNALING",14,0.688296472319435,1.33947966937485,0.154142581888247,0.679935902842203,0.65200214840889,157,"tags=14%, list=1%, signal=14%","ERBB3/NRG2"
"REACTOME_ROLE_OF_PHOSPHOLIPIDS_IN_PHAGOCYTOSIS","REACTOME_ROLE_OF_PHOSPHOLIPIDS_IN_PHAGOCYTOSIS",19,0.663453122705609,1.33912944717339,0.144869215291751,0.679935902842203,0.65200214840889,836,"tags=16%, list=5%, signal=15%","PLPP4/PLA2G6/PLD3"
"REACTOME_PI_3K_CASCADE_FGFR2","REACTOME_PI_3K_CASCADE_FGFR2",13,-0.698796295750799,-1.33606053096228,0.150826446280992,0.679935902842203,0.65200214840889,1526,"tags=23%, list=9%, signal=21%","FGF9/PTPN11/FGF1"
"REACTOME_INSULIN_RECEPTOR_RECYCLING","REACTOME_INSULIN_RECEPTOR_RECYCLING",22,0.639225399216739,1.33082333170198,0.151574803149606,0.679935902842203,0.65200214840889,965,"tags=18%, list=6%, signal=17%","ATP6V0A4/ATP6V0A1/INSR/ATP6V1A"
"REACTOME_POST_CHAPERONIN_TUBULIN_FOLDING_PATHWAY","REACTOME_POST_CHAPERONIN_TUBULIN_FOLDING_PATHWAY",17,-0.658090499555064,-1.3291225536206,0.157258064516129,0.679935902842203,0.65200214840889,2126,"tags=59%, list=13%, signal=51%","TUBA1A/TUBB2A/TBCD/TBCE/TBCA/TUBB6/TUBA8/TUBA1C/TUBA1B/TUBB4B"
"REACTOME_ATF6_ATF6_ALPHA_ACTIVATES_CHAPERONES","REACTOME_ATF6_ATF6_ALPHA_ACTIVATES_CHAPERONES",12,-0.706411312941279,-1.32668461096044,0.145748987854251,0.679935902842203,0.65200214840889,1330,"tags=33%, list=8%, signal=31%","NFYB/ATF6/XBP1/ATF4"
"REACTOME_SHC_MEDIATED_CASCADE_FGFR1","REACTOME_SHC_MEDIATED_CASCADE_FGFR1",13,-0.693843625189955,-1.32659129407674,0.15495867768595,0.679935902842203,0.65200214840889,1526,"tags=15%, list=9%, signal=14%","FGF9/FGF1"
"REACTOME_NEGATIVE_REGULATION_OF_FLT3","REACTOME_NEGATIVE_REGULATION_OF_FLT3",12,0.708577573966696,1.32492169634271,0.161417322834646,0.679935902842203,0.65200214840889,1198,"tags=17%, list=7%, signal=15%","PTPRJ/FLT3LG"
"REACTOME_HDR_THROUGH_MMEJ_ALT_NHEJ","REACTOME_HDR_THROUGH_MMEJ_ALT_NHEJ",10,-0.724926361750523,-1.32169108603956,0.164300202839757,0.679935902842203,0.65200214840889,3305,"tags=60%, list=19%, signal=48%","MRE11/PARP2/RAD50/LIG3/PARP1/POLQ"
"REACTOME_SYNTHESIS_OF_VERY_LONG_CHAIN_FATTY_ACYL_COAS","REACTOME_SYNTHESIS_OF_VERY_LONG_CHAIN_FATTY_ACYL_COAS",20,-0.636390530293047,-1.32154835493269,0.152,0.679935902842203,0.65200214840889,2015,"tags=40%, list=12%, signal=35%","ACSL4/ELOVL1/HACD3/ELOVL4/HSD17B12/HACD1/ELOVL6/ELOVL5"
"REACTOME_RESPONSE_TO_METAL_IONS","REACTOME_RESPONSE_TO_METAL_IONS",10,-0.722812487455032,-1.31783705484305,0.16632860040568,0.679935902842203,0.65200214840889,186,"tags=40%, list=1%, signal=40%","MT1M/MT1A/CSRP1/MT1G"
"REACTOME_HEME_SIGNALING","REACTOME_HEME_SIGNALING",42,0.591445225599823,1.31773853011552,0.147239263803681,0.679935902842203,0.65200214840889,1243,"tags=19%, list=7%, signal=18%","PPARA/RORA/MEF2C/NR1D1/MAFK/CRTC1/ARNTL/NCOA1"
"REACTOME_RHO_GTPASES_ACTIVATE_IQGAPS","REACTOME_RHO_GTPASES_ACTIVATE_IQGAPS",23,-0.619705845725168,-1.31699504616938,0.147410358565737,0.679935902842203,0.65200214840889,2126,"tags=43%, list=13%, signal=38%","RAC1/TUBB6/IQGAP1/TUBA8/CALM1/ACTB/TUBA1C/ACTG1/TUBA1B/TUBB4B"
"REACTOME_CASPASE_ACTIVATION_VIA_EXTRINSIC_APOPTOTIC_SIGNALLING_PATHWAY","REACTOME_CASPASE_ACTIVATION_VIA_EXTRINSIC_APOPTOTIC_SIGNALLING_PATHWAY",22,-0.63047607047471,-1.31625973925221,0.145748987854251,0.679935902842203,0.65200214840889,21,"tags=9%, list=0%, signal=9%","CFLAR/DAPK1"
"REACTOME_RUNX2_REGULATES_BONE_DEVELOPMENT","REACTOME_RUNX2_REGULATES_BONE_DEVELOPMENT",27,0.622956569187525,1.31622267521972,0.169322709163347,0.679935902842203,0.65200214840889,659,"tags=22%, list=4%, signal=21%","COL1A1/HES1/WWTR1/ZNF521/RUNX2/MAF"
"REACTOME_MOLECULES_ASSOCIATED_WITH_ELASTIC_FIBRES","REACTOME_MOLECULES_ASSOCIATED_WITH_ELASTIC_FIBRES",26,0.621507704398815,1.31424562440464,0.166336633663366,0.679935902842203,0.65200214840889,584,"tags=27%, list=3%, signal=26%","ITGB5/TGFB1/LTBP4/LTBP3/ITGB8/LTBP1/TGFB3"
"REACTOME_N_GLYCAN_ANTENNAE_ELONGATION","REACTOME_N_GLYCAN_ANTENNAE_ELONGATION",11,-0.705800667483918,-1.31131630738454,0.171779141104294,0.679935902842203,0.65200214840889,686,"tags=45%, list=4%, signal=44%","B4GALT5/B4GALT3/MGAT5/ST8SIA2/ST6GAL1"
"REACTOME_EPH_EPHRIN_MEDIATED_REPULSION_OF_CELLS","REACTOME_EPH_EPHRIN_MEDIATED_REPULSION_OF_CELLS",44,0.588859468207866,1.3110861963618,0.148373983739837,0.679935902842203,0.65200214840889,97,"tags=5%, list=1%, signal=5%","MMP2/EFNB2"
"REACTOME_CROSSLINKING_OF_COLLAGEN_FIBRILS","REACTOME_CROSSLINKING_OF_COLLAGEN_FIBRILS",15,0.670772843043972,1.30898585241267,0.168297455968689,0.679935902842203,0.65200214840889,476,"tags=27%, list=3%, signal=26%","COL1A1/LOXL2/COL4A1/BMP1"
"REACTOME_CONVERSION_FROM_APC_C_CDC20_TO_APC_C_CDH1_IN_LATE_ANAPHASE","REACTOME_CONVERSION_FROM_APC_C_CDC20_TO_APC_C_CDH1_IN_LATE_ANAPHASE",20,-0.630149761877145,-1.3085885812702,0.162,0.679935902842203,0.65200214840889,4176,"tags=45%, list=25%, signal=34%","UBE2S/ANAPC5/CDC14A/UBE2D1/UBE2E1/CDC23/ANAPC1/CDC20/ANAPC7"
"REACTOME_RHO_GTPASES_ACTIVATE_KTN1","REACTOME_RHO_GTPASES_ACTIVATE_KTN1",10,-0.717320777213612,-1.30782452825253,0.168356997971602,0.679935902842203,0.65200214840889,3676,"tags=60%, list=22%, signal=47%","CDC42/RHOG/RAC1/KTN1/RHOA/KLC2"
"REACTOME_ENDOGENOUS_STEROLS","REACTOME_ENDOGENOUS_STEROLS",15,0.669834614199281,1.30715493707857,0.170254403131115,0.679935902842203,0.65200214840889,1243,"tags=27%, list=7%, signal=25%","AHRR/FDXR/AHR/NCOA1"
"REACTOME_PLATELET_AGGREGATION_PLUG_FORMATION","REACTOME_PLATELET_AGGREGATION_PLUG_FORMATION",21,0.632502629136425,1.30626946676959,0.169921875,0.679935902842203,0.65200214840889,40,"tags=5%, list=0%, signal=5%","COL1A1"
"REACTOME_MET_ACTIVATES_RAP1_AND_RAC1","REACTOME_MET_ACTIVATES_RAP1_AND_RAC1",10,-0.716429691831218,-1.30619989481533,0.168356997971602,0.679935902842203,0.65200214840889,3912,"tags=70%, list=23%, signal=54%","RAPGEF1/MET/RAC1/CRKL/DOCK7/RAP1A/RAP1B"
"REACTOME_ATF6_ATF6_ALPHA_ACTIVATES_CHAPERONE_GENES","REACTOME_ATF6_ATF6_ALPHA_ACTIVATES_CHAPERONE_GENES",10,-0.716140615853483,-1.305672849362,0.168356997971602,0.679935902842203,0.65200214840889,1330,"tags=40%, list=8%, signal=37%","NFYB/ATF6/XBP1/ATF4"
"REACTOME_PHOSPHORYLATION_OF_THE_APC_C","REACTOME_PHOSPHORYLATION_OF_THE_APC_C",20,-0.62832092595331,-1.30479076374851,0.164,0.679935902842203,0.65200214840889,4379,"tags=45%, list=26%, signal=33%","CDK1/UBE2S/ANAPC5/UBE2D1/UBE2E1/CDC23/ANAPC1/PLK1/ANAPC7"
"REACTOME_RHOBTB1_GTPASE_CYCLE","REACTOME_RHOBTB1_GTPASE_CYCLE",23,-0.611668969567221,-1.29991512646278,0.157370517928287,0.679935902842203,0.65200214840889,4523,"tags=48%, list=27%, signal=35%","COPS4/COPS2/DBN1/CUL3/TXNL1/RBBP6/HNRNPC/SRRM1/RBMX/VIM/CCT2"
"REACTOME_CONSTITUTIVE_SIGNALING_BY_ABERRANT_PI3K_IN_CANCER","REACTOME_CONSTITUTIVE_SIGNALING_BY_ABERRANT_PI3K_IN_CANCER",47,0.574943840415282,1.29985613121949,0.157894736842105,0.679935902842203,0.65200214840889,157,"tags=6%, list=1%, signal=6%","TGFA/ERBB3/NRG2"
"REACTOME_APC_C_CDC20_MEDIATED_DEGRADATION_OF_CYCLIN_B","REACTOME_APC_C_CDC20_MEDIATED_DEGRADATION_OF_CYCLIN_B",24,-0.605654707440317,-1.29527348022743,0.146586345381526,0.679935902842203,0.65200214840889,4379,"tags=38%, list=26%, signal=28%","CDK1/UBE2S/ANAPC5/UBE2D1/UBE2E1/CDC23/ANAPC1/CDC20/ANAPC7"
"REACTOME_DOWNSTREAM_SIGNALING_OF_ACTIVATED_FGFR2","REACTOME_DOWNSTREAM_SIGNALING_OF_ACTIVATED_FGFR2",20,-0.622908936929445,-1.29355205913091,0.168,0.679935902842203,0.65200214840889,1526,"tags=15%, list=9%, signal=14%","FGF9/PTPN11/FGF1"
"REACTOME_ENERGY_DEPENDENT_REGULATION_OF_MTOR_BY_LKB1_AMPK","REACTOME_ENERGY_DEPENDENT_REGULATION_OF_MTOR_BY_LKB1_AMPK",28,-0.580078768345719,-1.28837320488971,0.151277013752456,0.679935902842203,0.65200214840889,1268,"tags=14%, list=7%, signal=13%","PRKAG2/RHEB/PRKAA2/RRAGD"
"REACTOME_CA2_PATHWAY","REACTOME_CA2_PATHWAY",47,0.56715173104464,1.28223941732749,0.172064777327935,0.679935902842203,0.65200214840889,558,"tags=15%, list=3%, signal=14%","WNT5A/GNG2/MOV10/AGO4/PLCB1/GNAO1/CTNNB1"
"REACTOME_RHOD_GTPASE_CYCLE","REACTOME_RHOD_GTPASE_CYCLE",49,0.563409121626197,1.27901059393848,0.165656565656566,0.679935902842203,0.65200214840889,239,"tags=6%, list=1%, signal=6%","PAK6/ARHGAP26/STEAP3"
"REACTOME_DEFECTIVE_INTRINSIC_PATHWAY_FOR_APOPTOSIS","REACTOME_DEFECTIVE_INTRINSIC_PATHWAY_FOR_APOPTOSIS",23,-0.600675783910122,-1.2765524760184,0.173306772908367,0.679935902842203,0.65200214840889,135,"tags=22%, list=1%, signal=22%","PRDX1/SOD2/JUN/CAPN2/CDC25A"
"REACTOME_SIGNALING_BY_PTK6","REACTOME_SIGNALING_BY_PTK6",50,0.560514339801181,1.27287931658257,0.173652694610778,0.679935902842203,0.65200214840889,618,"tags=14%, list=4%, signal=14%","ERBB3/NRG2/NR3C1/KHDRBS3/DOCK1/STAT3/CDKN1B"
"REACTOME_GABA_RECEPTOR_ACTIVATION","REACTOME_GABA_RECEPTOR_ACTIVATION",35,-0.553822681259664,-1.27264457885019,0.15506958250497,0.679935902842203,0.65200214840889,1827,"tags=20%, list=11%, signal=18%","GNG5/GNG10/GNB1/GABRQ/ADCY1/GABRA6/GABRB2"
"REACTOME_ACTIVATED_PKN1_STIMULATES_TRANSCRIPTION_OF_AR_ANDROGEN_RECEPTOR_REGULATED_GENES_KLK2_AND_KLK3","REACTOME_ACTIVATED_PKN1_STIMULATES_TRANSCRIPTION_OF_AR_ANDROGEN_RECEPTOR_REGULATED_GENES_KLK2_AND_KLK3",42,-0.537182115932616,-1.26243001235605,0.159844054580897,0.679935902842203,0.65200214840889,736,"tags=10%, list=4%, signal=9%","H2AZ1/H3-3A/KDM1A/AR"
"REACTOME_IRS_MEDIATED_SIGNALLING","REACTOME_IRS_MEDIATED_SIGNALLING",32,-0.553766496631485,-1.25437750484801,0.166998011928429,0.679935902842203,0.65200214840889,2684,"tags=22%, list=16%, signal=18%","PIK3C3/GAB2/PDE3B/FGF9/PTPN11/TRIB3/FGF1"
"REACTOME_FORMATION_OF_RNA_POL_II_ELONGATION_COMPLEX","REACTOME_FORMATION_OF_RNA_POL_II_ELONGATION_COMPLEX",57,-0.507844335384988,-1.25406266168888,0.159362549800797,0.679935902842203,0.65200214840889,2908,"tags=21%, list=17%, signal=17%","POLR2B/POLR2F/CDK7/CCNK/AFF4/CDC73/CCNT1/NCBP1/SUPT16H/CCNT2/GTF2H3/CCNH"
"REACTOME_SLC_MEDIATED_TRANSMEMBRANE_TRANSPORT","REACTOME_SLC_MEDIATED_TRANSMEMBRANE_TRANSPORT",140,0.476430674020521,1.24926010851329,0.153985507246377,0.679935902842203,0.65200214840889,1555,"tags=20%, list=9%, signal=18%","SLC26A2/SLC9A7/SLC2A12/SLC2A1/SLC44A2/SLC2A11/SLC6A6/SLC2A3/SLC7A5/SLC7A11/SLC9A5/SLC39A6/SLC27A1/SLC3A2/SLC22A18/SLC4A4/SLC43A2/AHCYL2/SLC35B2/ARL2/SLCO3A1/MFSD4B/SLC25A10/SLC25A22/SLC12A6/SLC1A3/SLC39A7/SLC22A5"
"REACTOME_PI3K_AKT_SIGNALING_IN_CANCER","REACTOME_PI3K_AKT_SIGNALING_IN_CANCER",72,0.516540244779356,1.24863891830457,0.173570019723866,0.679935902842203,0.65200214840889,1460,"tags=14%, list=9%, signal=13%","TGFA/ERBB3/NRG2/FOXO1/CDKN1B/PTEN/FOXO4/FLT3LG/CDKN1A/TSC2"
"REACTOME_RECRUITMENT_OF_MITOTIC_CENTROSOME_PROTEINS_AND_COMPLEXES","REACTOME_RECRUITMENT_OF_MITOTIC_CENTROSOME_PROTEINS_AND_COMPLEXES",81,-0.483456658711398,-1.24409574876985,0.140786749482402,0.679935902842203,0.65200214840889,4614,"tags=43%, list=27%, signal=32%","CEP63/CCP110/YWHAE/CEP57/TUBA1A/CDK1/CNTRL/CEP76/HAUS3/SSNA1/HSP90AA1/NME7/DCTN3/CEP72/DCTN2/CEP152/DYNC1H1/ODF2/CEP250/CEP78/CETN2/MAPRE1/CEP290/CEP41/PLK4/HAUS8/PLK1/HAUS6/CKAP5/SDCCAG8/ALMS1/YWHAG/HAUS2/CEP43/TUBB4B"
"REACTOME_RAB_GERANYLGERANYLATION","REACTOME_RAB_GERANYLGERANYLATION",54,-0.506227008910666,-1.24205532006216,0.17102615694165,0.679935902842203,0.65200214840889,1523,"tags=22%, list=9%, signal=20%","RAB18/RAB27B/RAB13/RAB29/PTP4A2/RABGGTB/RAB35/RAB21/RAB9B/CHML/RAB38/RAB15"
"REACTOME_TRANSCRIPTIONAL_REGULATION_BY_SMALL_RNAS","REACTOME_TRANSCRIPTIONAL_REGULATION_BY_SMALL_RNAS",84,-0.482094700017366,-1.23685016959308,0.153684210526316,0.679935902842203,0.65200214840889,3164,"tags=29%, list=19%, signal=23%","H3-3B/NUP42/POLR2B/NUP153/POLR2F/NUP93/NUP88/TNRC6A/NUP133/RANBP2/SEH1L/RAE1/NDC1/NUP54/TPR/H2AZ1/NUP214/NUP37/NUP210/H3-3A/NUP205/NUP107/RAN/NUP188"
"REACTOME_SUMOYLATION_OF_DNA_DAMAGE_RESPONSE_AND_REPAIR_PROTEINS","REACTOME_SUMOYLATION_OF_DNA_DAMAGE_RESPONSE_AND_REPAIR_PROTEINS",77,-0.48490021592124,-1.23548581785811,0.147916666666667,0.679935902842203,0.65200214840889,3597,"tags=40%, list=21%, signal=32%","NUP50/CBX2/RNF2/PIAS2/NUP42/SMC5/NUP153/SUMO1/NUP93/HDAC7/NUP88/NUP133/NSMCE3/RANBP2/XRCC4/SEH1L/CETN2/RAE1/NDC1/NUP54/PARP1/TPR/NUP214/UBE2I/PML/MDC1/NUP37/NUP210/NUP205/NUP107/NUP188"
"REACTOME_BIOSYNTHESIS_OF_THE_N_GLYCAN_PRECURSOR_DOLICHOL_LIPID_LINKED_OLIGOSACCHARIDE_LLO_AND_TRANSFER_TO_A_NASCENT_PROTEIN","REACTOME_BIOSYNTHESIS_OF_THE_N_GLYCAN_PRECURSOR_DOLICHOL_LIPID_LINKED_OLIGOSACCHARIDE_LLO_AND_TRANSFER_TO_A_NASCENT_PROTEIN",70,-0.484973167251713,-1.22292899976744,0.170731707317073,0.679935902842203,0.65200214840889,58,"tags=10%, list=0%, signal=10%","GLB1/NANP/GNPNAT1/ALG2/ST8SIA2/ST6GAL1/UAP1"
"REACTOME_GENE_SILENCING_BY_RNA","REACTOME_GENE_SILENCING_BY_RNA",104,-0.451475244974768,-1.19735428949903,0.168103448275862,0.679935902842203,0.65200214840889,3164,"tags=27%, list=19%, signal=22%","H3-3B/DICER1/NUP42/POLR2B/NUP153/POLR2F/NUP93/NUP88/TNRC6A/NUP133/TSN/RANBP2/SEH1L/RAE1/NDC1/NUP54/TPR/H2AZ1/NUP214/NUP37/NUP210/H3-3A/NUP205/NUP107/RAN/TDRKH/XPO5/NUP188"
"REACTOME_METABOLISM_OF_WATER_SOLUBLE_VITAMINS_AND_COFACTORS","REACTOME_METABOLISM_OF_WATER_SOLUBLE_VITAMINS_AND_COFACTORS",104,-0.449279291738882,-1.19153041752422,0.172413793103448,0.679935902842203,0.65200214840889,1421,"tags=19%, list=8%, signal=18%","TCN1/ABCC1/FLAD1/FASN/MTRR/MTHFD2/RFK/SLC19A2/RNLS/AOX1/SLC46A1/NMNAT2/PANK3/SLC25A32/NMNAT3/NAMPT/NT5E/MMAB/ALDH1L2/SHMT2"
"REACTOME_RHOA_GTPASE_CYCLE","REACTOME_RHOA_GTPASE_CYCLE",136,-0.431597268926316,-1.19019983212773,0.172566371681416,0.679935902842203,0.65200214840889,2478,"tags=26%, list=15%, signal=23%","ARHGAP24/ARHGDIA/ARHGAP21/SNAP23/ERBIN/DOCK2/KTN1/ARHGAP28/RHOA/IQGAP1/ARHGEF2/ECT2/KALRN/DIAPH1/RHPN2/PLEKHG3/ARHGDIB/DIAPH3/TRIO/RACGAP1/TMPO/TJP2/ARHGAP22/ARHGAP31/STOM/MCF2L/CIT/JUP/VAMP3/ARHGAP18/ARHGAP6/ARHGAP29/NET1/SRGAP1/ARHGEF28/ARHGAP30"
"REACTOME_CLASS_I_MHC_MEDIATED_ANTIGEN_PROCESSING_PRESENTATION","REACTOME_CLASS_I_MHC_MEDIATED_ANTIGEN_PROCESSING_PRESENTATION",334,0.411673823626769,1.17146438060777,0.146739130434783,0.679935902842203,0.65200214840889,1207,"tags=9%, list=7%, signal=8%","HLA-E/HLA-B/ITGB5/HLA-F/FBXO32/HLA-C/PSME2/TRIM69/PSME1/TRIM9/CALR/SEC24C/HLA-A/RNF182/FBXL20/UBE2H/FBXL8/TAPBP/LNPEP/CUL7/PJA2/FBXL19/FBXL5/MIB2/RNF123/FBXW9/IKBKB/ELOB/CTSV"
"REACTOME_G2_M_CHECKPOINTS","REACTOME_G2_M_CHECKPOINTS",155,-0.416284581684969,-1.16568983176073,0.175704989154013,0.685557712067588,0.657392997277988,3076,"tags=20%, list=18%, signal=17%","PSMC6/TOPBP1/RAD17/WEE1/MCM5/SUMO1/BARD1/ATR/CDC6/RAD50/PSMD5/ORC4/PSMD12/PSMB7/BRIP1/ORC6/EXO1/DBF4/CDK2/MDC1/UBE2N/ORC1/RFC5/PSMD2/YWHAG/CDC45/ABRAXAS1/MCM10/YWHAH/NSD2/CDC25A"
"REACTOME_CDC6_ASSOCIATION_WITH_THE_ORC_ORIGIN_COMPLEX","REACTOME_CDC6_ASSOCIATION_WITH_THE_ORC_ORIGIN_COMPLEX",11,-0.701727106062741,-1.30374798424911,0.177914110429448,0.68988104255488,0.661538712711183,4276,"tags=82%, list=25%, signal=61%","ORC2/MCM8/E2F1/ORC5/E2F3/CDC6/ORC4/ORC6/ORC1"
"REACTOME_COBALAMIN_CBL_VITAMIN_B12_TRANSPORT_AND_METABOLISM","REACTOME_COBALAMIN_CBL_VITAMIN_B12_TRANSPORT_AND_METABOLISM",14,-0.67026227940935,-1.29530567895557,0.178053830227743,0.68988104255488,0.661538712711183,1421,"tags=29%, list=8%, signal=26%","TCN1/ABCC1/MTRR/MMAB"
"REACTOME_NCAM_SIGNALING_FOR_NEURITE_OUT_GROWTH","REACTOME_NCAM_SIGNALING_FOR_NEURITE_OUT_GROWTH",42,-0.525478064582948,-1.2349243578457,0.179337231968811,0.692440978990687,0.663993479475166,521,"tags=10%, list=3%, signal=9%","SPTAN1/GFRA1/ST8SIA2/COL5A2"
"REACTOME_PKMTS_METHYLATE_HISTONE_LYSINES","REACTOME_PKMTS_METHYLATE_HISTONE_LYSINES",56,-0.501039082274021,-1.231728726132,0.180161943319838,0.693218273258339,0.664738840222167,1036,"tags=12%, list=6%, signal=12%","SETD2/ASH1L/RBBP5/SUV39H2/KMT5A/NSD2/SETD7"
"REACTOME_VOLTAGE_GATED_POTASSIUM_CHANNELS","REACTOME_VOLTAGE_GATED_POTASSIUM_CHANNELS",14,0.670417874765879,1.30468649680602,0.18111753371869,0.694492060328217,0.665960296395763,785,"tags=14%, list=5%, signal=14%","KCND1/KCNAB3"
"REACTOME_SIGNALING_BY_ERBB2_IN_CANCER","REACTOME_SIGNALING_BY_ERBB2_IN_CANCER",24,0.620183895864648,1.2977699999661,0.18452380952381,0.702707110241357,0.67383784804477,157,"tags=8%, list=1%, signal=8%","ERBB3/NRG2"
"REACTOME_DOWNREGULATION_OF_TGF_BETA_RECEPTOR_SIGNALING","REACTOME_DOWNREGULATION_OF_TGF_BETA_RECEPTOR_SIGNALING",26,0.608007129078158,1.28569718982122,0.184158415841584,0.702707110241357,0.67383784804477,1309,"tags=27%, list=8%, signal=25%","TGFB1/SMAD3/PMEPA1/TGFBR1/MTMR4/SMAD2/TGFBR2"
"REACTOME_SHC1_EVENTS_IN_ERBB2_SIGNALING","REACTOME_SHC1_EVENTS_IN_ERBB2_SIGNALING",20,0.617645258016622,1.26111368760232,0.185258964143426,0.703098867329318,0.674213510606398,157,"tags=10%, list=1%, signal=10%","ERBB3/NRG2"
"REACTOME_TRAF6_MEDIATED_NF_KB_ACTIVATION","REACTOME_TRAF6_MEDIATED_NF_KB_ACTIVATION",22,0.613568337507172,1.27740709325487,0.187007874015748,0.704924596289871,0.675964233284399,1191,"tags=23%, list=7%, signal=21%","APP/IFIH1/NKIRAS2/AGER/IKBKB"
"REACTOME_ASYMMETRIC_LOCALIZATION_OF_PCP_PROTEINS","REACTOME_ASYMMETRIC_LOCALIZATION_OF_PCP_PROTEINS",62,0.528838309302317,1.25083204566561,0.187007874015748,0.704924596289871,0.675964233284399,516,"tags=6%, list=3%, signal=6%","WNT5A/PSME2/PSME1/FZD1"
"REACTOME_MUCOPOLYSACCHARIDOSES","REACTOME_MUCOPOLYSACCHARIDOSES",11,0.701880573734274,1.29996920095075,0.189083820662768,0.705574525426168,0.676587461431946,2057,"tags=64%, list=12%, signal=56%","HGSNAT/SGSH/ARSB/IDUA/IDS/GALNS/NAGLU"
"REACTOME_REGULATION_OF_TP53_ACTIVITY_THROUGH_ASSOCIATION_WITH_CO_FACTORS","REACTOME_REGULATION_OF_TP53_ACTIVITY_THROUGH_ASSOCIATION_WITH_CO_FACTORS",12,-0.673563320426827,-1.26499402734221,0.188259109311741,0.705574525426168,0.676587461431946,1571,"tags=17%, list=9%, signal=15%","PHF20/TP53BP2"
"REACTOME_RHO_GTPASE_CYCLE","REACTOME_RHO_GTPASE_CYCLE",402,-0.357239846762062,-1.10400384033873,0.188841201716738,0.705574525426168,0.676587461431946,2695,"tags=25%, list=16%, signal=22%","ANLN/WASF1/RBBP6/WASF2/HNRNPC/NDUFA5/AMIGO2/RALBP1/RND3/RAC1/ADD3/DIAPH2/ARHGAP24/ARHGDIA/SLITRK3/ARHGAP21/WIPF1/FNBP1L/SNAP23/LEMD3/TOR1AIP1/BASP1/TAOK3/CPNE8/ERBIN/DOCK7/SRRM1/DOCK2/ABL2/CDC42SE2/KTN1/VANGL2/ARHGAP28/SLC1A5/PTPN13/STAM/STIP1/DSG2/RHOA/IQGAP1/ARHGEF2/ECT2/ESYT1/PKP4/RASAL2/KALRN/DIAPH1/ABI1/RHPN2/PLEKHG3/ARHGDIB/DIAPH3/MOSPD2/KCTD3/TRIO/RACGAP1/ANKLE2/CKAP4/KIF14/TMPO/TJP2/TWF1/ARHGAP22/ARHGAP31/STOM/RRAS2/SWAP70/MCF2L/CIT/ACTB/JUP/TPM4/MTX1/MTMR1/FERMT2/VAMP3/RBMX/VIM/CCT2/HSP90AB1/ARHGAP18/ARHGAP6/ARHGAP29/SPTAN1/SLITRK5/SYDE2/ACTG1/UACA/PEAK1/GFOD1/RAC2/ARHGEF26/NET1/SRGAP1/TUBA1B/GJA1/ARHGEF28/TPM3/DOCK11/SHMT2/ARHGAP30"
"REACTOME_NOREPINEPHRINE_NEUROTRANSMITTER_RELEASE_CYCLE","REACTOME_NOREPINEPHRINE_NEUROTRANSMITTER_RELEASE_CYCLE",14,0.663969334304086,1.29213712427095,0.192678227360308,0.706760943830937,0.677725138300586,666,"tags=21%, list=4%, signal=21%","PPFIA3/SNAP25/VAMP2"
"REACTOME_PLATELET_SENSITIZATION_BY_LDL","REACTOME_PLATELET_SENSITIZATION_BY_LDL",13,-0.67075409337724,-1.28244536439602,0.194214876033058,0.706760943830937,0.677725138300586,3049,"tags=38%, list=18%, signal=32%","PPP2R1B/PPP2CA/PTPN11/MAPK14/LRP8"
"REACTOME_VEGFR2_MEDIATED_VASCULAR_PERMEABILITY","REACTOME_VEGFR2_MEDIATED_VASCULAR_PERMEABILITY",23,0.61740087971751,1.2810514539136,0.192,0.706760943830937,0.677725138300586,1067,"tags=17%, list=6%, signal=16%","PAK3/CTNND1/CTNNB1/CTNNA1"
"REACTOME_REPRESSION_OF_WNT_TARGET_GENES","REACTOME_REPRESSION_OF_WNT_TARGET_GENES",11,-0.688288813923111,-1.27878080521694,0.190184049079755,0.706760943830937,0.677725138300586,291,"tags=36%, list=2%, signal=36%","LEF1/CTBP2/TLE1/MYC"
"REACTOME_TGF_BETA_RECEPTOR_SIGNALING_ACTIVATES_SMADS","REACTOME_TGF_BETA_RECEPTOR_SIGNALING_ACTIVATES_SMADS",32,0.588025060309518,1.26851599399769,0.19438877755511,0.706760943830937,0.677725138300586,1309,"tags=22%, list=8%, signal=20%","TGFB1/SMAD3/PMEPA1/TGFBR1/MTMR4/SMAD2/TGFBR2"
"REACTOME_GPVI_MEDIATED_ACTIVATION_CASCADE","REACTOME_GPVI_MEDIATED_ACTIVATION_CASCADE",22,0.607524595384501,1.26482443768847,0.190944881889764,0.706760943830937,0.677725138300586,278,"tags=9%, list=2%, signal=9%","COL1A1/RHOB"
"REACTOME_SIGNALING_BY_EGFR","REACTOME_SIGNALING_BY_EGFR",48,0.548872715326196,1.24349566729513,0.195121951219512,0.706760943830937,0.677725138300586,234,"tags=4%, list=1%, signal=4%","TGFA/SPRY2"
"REACTOME_DEGRADATION_OF_THE_EXTRACELLULAR_MATRIX","REACTOME_DEGRADATION_OF_THE_EXTRACELLULAR_MATRIX",90,0.484431881949003,1.20121737259353,0.194029850746269,0.706760943830937,0.677725138300586,693,"tags=18%, list=4%, signal=17%","MMP2/COL1A1/COL18A1/MMP16/COL5A1/COL8A1/COL9A3/COL6A1/MMP24/COL4A1/BMP1/COL16A1/MMP17/TIMP1/CTSB/MMP14"
"REACTOME_NEUTROPHIL_DEGRANULATION","REACTOME_NEUTROPHIL_DEGRANULATION",346,-0.365489492133564,-1.10780891705807,0.194860813704497,0.706760943830937,0.677725138300586,2159,"tags=21%, list=13%, signal=18%","COTL1/DOCK2/PSMD12/HSPA8/MME/PSMB7/CTSC/MAPK1/SLC15A4/RHOA/IQGAP1/ENPP4/PLAU/C3/ARL8A/CTSH/KCMF1/BST1/B2M/DIAPH1/QPCT/CEP290/GLB1/TCN1/SIRPA/LTA4H/SVIP/UBR4/RAP1A/MOSPD2/CD47/GDI2/GLIPR1/CYSTM1/VCL/CKAP4/CAND1/STOM/PRKCD/MAPK14/JUP/OSTF1/MGAM/IGF2R/RAB9B/PSMD2/PGM2/CCT2/HSP90AB1/SPTAN1/AGPAT2/ACLY/PA2G4/GPI/RAP1B/IMPDH1/ILF2/CD33/CTSS/ARPC5/QSOX1/PNP/PGRMC1/TUBB4B/S100A11/PRDX6/PTX3/CD55/PTPRB/MGST1/HSPA1A"
"REACTOME_CYTOSOLIC_SULFONATION_OF_SMALL_MOLECULES","REACTOME_CYTOSOLIC_SULFONATION_OF_SMALL_MOLECULES",14,0.653289890228593,1.27135407685659,0.204238921001927,0.714148549918292,0.684809239934901,1015,"tags=21%, list=6%, signal=20%","SLC26A2/SULT1A3/SLC35B2"
"REACTOME_MASTL_FACILITATES_MITOTIC_PROGRESSION","REACTOME_MASTL_FACILITATES_MITOTIC_PROGRESSION",10,-0.694713993998589,-1.26660767446455,0.204868154158215,0.714148549918292,0.684809239934901,3049,"tags=40%, list=18%, signal=33%","PPP2R1B/PPP2CA/ENSA/MASTL"
"REACTOME_DISASSEMBLY_OF_THE_DESTRUCTION_COMPLEX_AND_RECRUITMENT_OF_AXIN_TO_THE_MEMBRANE","REACTOME_DISASSEMBLY_OF_THE_DESTRUCTION_COMPLEX_AND_RECRUITMENT_OF_AXIN_TO_THE_MEMBRANE",27,0.598844033566724,1.26527616030852,0.203187250996016,0.714148549918292,0.684809239934901,634,"tags=15%, list=4%, signal=14%","LRP6/FZD1/CTNNB1/DVL3"
"REACTOME_RAF_INDEPENDENT_MAPK1_3_ACTIVATION","REACTOME_RAF_INDEPENDENT_MAPK1_3_ACTIVATION",21,0.607837638052381,1.25533035084019,0.201171875,0.714148549918292,0.684809239934901,705,"tags=14%, list=4%, signal=14%","DUSP4/DUSP16/IL6"
"REACTOME_SEALING_OF_THE_NUCLEAR_ENVELOPE_NE_BY_ESCRT_III","REACTOME_SEALING_OF_THE_NUCLEAR_ENVELOPE_NE_BY_ESCRT_III",23,-0.584759525555771,-1.24272734180217,0.201195219123506,0.714148549918292,0.684809239934901,532,"tags=22%, list=3%, signal=21%","TUBB6/TUBA8/TUBA1C/TUBA1B/TUBB4B"
"REACTOME_REGULATION_OF_BETA_CELL_DEVELOPMENT","REACTOME_REGULATION_OF_BETA_CELL_DEVELOPMENT",23,0.597252177588599,1.23924470402927,0.204,0.714148549918292,0.684809239934901,1389,"tags=26%, list=8%, signal=24%","MAML3/HES1/FOXO1/KAT2B/KAT2A/MAML2"
"REACTOME_GLYOXYLATE_METABOLISM_AND_GLYCINE_DEGRADATION","REACTOME_GLYOXYLATE_METABOLISM_AND_GLYCINE_DEGRADATION",24,-0.576982154404299,-1.2339533961899,0.200803212851406,0.714148549918292,0.684809239934901,2080,"tags=25%, list=12%, signal=22%","OGDH/DLAT/DLST/GOT2/PDHA1/DDO"
"REACTOME_NUCLEOTIDE_CATABOLISM","REACTOME_NUCLEOTIDE_CATABOLISM",24,-0.57650689404154,-1.23293698843062,0.20281124497992,0.714148549918292,0.684809239934901,1447,"tags=21%, list=9%, signal=19%","NT5C2/NUDT5/SAMHD1/NT5E/PNP"
"REACTOME_SIGNALING_BY_NOTCH3","REACTOME_SIGNALING_BY_NOTCH3",40,0.555877946054956,1.23032263712379,0.202,0.714148549918292,0.684809239934901,1389,"tags=18%, list=8%, signal=16%","MAML3/HES1/KAT2B/KAT2A/MIB2/JAG1/MAML2"
"REACTOME_TRNA_MODIFICATION_IN_THE_NUCLEUS_AND_CYTOSOL","REACTOME_TRNA_MODIFICATION_IN_THE_NUCLEUS_AND_CYTOSOL",42,-0.513876477117659,-1.20765950338992,0.198830409356725,0.714148549918292,0.684809239934901,3779,"tags=29%, list=22%, signal=22%","CDKAL1/TYW3/PUS7/TPRKB/TRMT1/PUS1/METTL1/NSUN2/LCMT2/EPRS1/TP53RK/TRDMT1"
"REACTOME_EPH_EPHRIN_SIGNALING","REACTOME_EPH_EPHRIN_SIGNALING",81,0.489876277317113,1.19840971869689,0.204238921001927,0.714148549918292,0.684809239934901,117,"tags=5%, list=1%, signal=5%","MMP2/PAK3/EFNB2/NCK2"
"REACTOME_SENSORY_PERCEPTION","REACTOME_SENSORY_PERCEPTION",110,0.465361472667481,1.17966322884806,0.204545454545455,0.714148549918292,0.684809239934901,1405,"tags=15%, list=8%, signal=14%","DHRS3/SDC3/GPC6/TRPM4/SNAP25/BSN/LRP10/RDX/VAMP2/RGS9/EPS8/CAMKMT/SYP/GPC1/HSPG2/GSN/KCNMA1"
"REACTOME_E2F_MEDIATED_REGULATION_OF_DNA_REPLICATION","REACTOME_E2F_MEDIATED_REGULATION_OF_DNA_REPLICATION",22,-0.595597877761383,-1.24344371498683,0.206477732793522,0.71751012145749,0.688032708288941,4525,"tags=68%, list=27%, signal=50%","POLA2/CDK1/ORC2/MCM8/POLA1/PRIM2/E2F1/ORC5/PRIM1/PPP2R1B/PPP2CA/ORC4/ORC6/PPP2R3B/ORC1"
"REACTOME_NOTCH_HLH_TRANSCRIPTION_PATHWAY","REACTOME_NOTCH_HLH_TRANSCRIPTION_PATHWAY",27,0.589405955822318,1.2453347830888,0.209163346613546,0.724578322225118,0.694810526707729,1399,"tags=30%, list=8%, signal=27%","MAML3/NOTCH2/KAT2B/HDAC10/KAT2A/HDAC1/MAML2/HDAC4"
"REACTOME_ERBB2_ACTIVATES_PTK6_SIGNALING","REACTOME_ERBB2_ACTIVATES_PTK6_SIGNALING",10,0.707010673301558,1.27627532335128,0.210216110019646,0.724584601903136,0.694816548398217,157,"tags=20%, list=1%, signal=20%","ERBB3/NRG2"
"REACTOME_OTHER_SEMAPHORIN_INTERACTIONS","REACTOME_OTHER_SEMAPHORIN_INTERACTIONS",14,-0.654137647906395,-1.26414425543753,0.211180124223602,0.724584601903136,0.694816548398217,115,"tags=21%, list=1%, signal=21%","PLXNC1/SEMA7A/PLXNA2"
"REACTOME_CARNITINE_METABOLISM","REACTOME_CARNITINE_METABOLISM",13,-0.657282772413048,-1.25668893101246,0.216942148760331,0.724584601903136,0.694816548398217,2637,"tags=54%, list=16%, signal=46%","PRKAB2/ACACB/ACACA/PPARD/PRKAG2/PRKAA2/MID1IP1"
"REACTOME_INTERLEUKIN_37_SIGNALING","REACTOME_INTERLEUKIN_37_SIGNALING",15,0.638377130742348,1.24576694079243,0.215264187866928,0.724584601903136,0.694816548398217,552,"tags=13%, list=3%, signal=13%","SMAD3/STAT3"
"REACTOME_ACTIVATION_OF_SMO","REACTOME_ACTIVATION_OF_SMO",16,0.625867934080728,1.23762566755057,0.211946050096339,0.724584601903136,0.694816548398217,1603,"tags=31%, list=9%, signal=28%","ARRB1/GAS8/IQCE/EVC/CDON"
"REACTOME_ELASTIC_FIBRE_FORMATION","REACTOME_ELASTIC_FIBRE_FORMATION",33,0.56714038825625,1.23115411969178,0.216867469879518,0.724584601903136,0.694816548398217,584,"tags=24%, list=3%, signal=23%","ITGB5/TGFB1/LTBP4/LTBP3/LOXL2/ITGB8/LTBP1/TGFB3"
"REACTOME_N_GLYCAN_TRIMMING_IN_THE_ER_AND_CALNEXIN_CALRETICULIN_CYCLE","REACTOME_N_GLYCAN_TRIMMING_IN_THE_ER_AND_CALNEXIN_CALRETICULIN_CYCLE",35,0.565778220197134,1.23018611770499,0.214428857715431,0.724584601903136,0.694816548398217,3601,"tags=40%, list=21%, signal=32%","CALR/PRKCSH/ENGASE/OS9/TRIM13/MOGS/RNF103/GANAB/SYVN1/EDEM2/RNF139/UBA52/EDEM1/CANX"
"REACTOME_DOWNREGULATION_OF_SMAD2_3_SMAD4_TRANSCRIPTIONAL_ACTIVITY","REACTOME_DOWNREGULATION_OF_SMAD2_3_SMAD4_TRANSCRIPTIONAL_ACTIVITY",27,0.579925268329848,1.22530337725495,0.217131474103586,0.724584601903136,0.694816548398217,1260,"tags=15%, list=7%, signal=14%","SMAD3/WWTR1/SMAD2/HDAC1"
"REACTOME_TRANSPORT_OF_INORGANIC_CATIONS_ANIONS_AND_AMINO_ACIDS_OLIGOPEPTIDES","REACTOME_TRANSPORT_OF_INORGANIC_CATIONS_ANIONS_AND_AMINO_ACIDS_OLIGOPEPTIDES",63,0.516011124649226,1.21592230122682,0.214,0.724584601903136,0.694816548398217,1503,"tags=22%, list=9%, signal=20%","SLC26A2/SLC9A7/SLC6A6/SLC7A5/SLC7A11/SLC9A5/SLC3A2/SLC4A4/SLC43A2/AHCYL2/SLC25A10/SLC25A22/SLC12A6/SLC1A3"
"REACTOME_COLLAGEN_BIOSYNTHESIS_AND_MODIFYING_ENZYMES","REACTOME_COLLAGEN_BIOSYNTHESIS_AND_MODIFYING_ENZYMES",49,0.534500839967864,1.21338510603931,0.214141414141414,0.724584601903136,0.694816548398217,1479,"tags=37%, list=9%, signal=34%","COL1A1/COL18A1/COL5A1/COL8A1/COL9A3/COL6A1/COL4A1/BMP1/PPIB/COL16A1/ADAMTS14/COL22A1/SERPINH1/COL15A1/P4HA2/P3H3/COL4A5/P4HB"
"REACTOME_METABOLISM_OF_NUCLEOTIDES","REACTOME_METABOLISM_OF_NUCLEOTIDES",82,-0.456894939624135,-1.1734369245495,0.213836477987421,0.724584601903136,0.694816548398217,2127,"tags=18%, list=13%, signal=16%","RRM1/TXN/PPAT/CTPS2/NT5C2/ADK/NUDT5/ADSL/IMPDH1/SAMHD1/CTPS1/NT5E/PNP/ADSS2/UCK2"
"REACTOME_TRANSCRIPTIONAL_REGULATION_BY_RUNX2","REACTOME_TRANSCRIPTIONAL_REGULATION_BY_RUNX2",112,0.457517870050617,1.16507206632474,0.212927756653992,0.724584601903136,0.694816548398217,659,"tags=9%, list=4%, signal=9%","COL1A1/HES1/WWTR1/PSME2/PSME1/NR3C1/ZNF521/HIVEP3/RUNX2/MAF"
"REACTOME_BETA_CATENIN_INDEPENDENT_WNT_SIGNALING","REACTOME_BETA_CATENIN_INDEPENDENT_WNT_SIGNALING",124,0.447974379386731,1.15900097683978,0.217636022514071,0.724584601903136,0.694816548398217,2608,"tags=23%, list=15%, signal=20%","WNT5A/PSME2/PSME1/GNG2/MOV10/AGO4/PLCB1/GNAO1/FZD1/CTNNB1/DVL3/ROR1/PRICKLE1/DAAM1/SCRIB/PDE6A/RAC3/PLCB3/AP2S1/PRKCA/PSMC5/AP2M1/DVL2/AP2B1/PSMB6/ITPR2/PSMC4/PSMD8/TCF7L2"
"REACTOME_WNT5A_DEPENDENT_INTERNALIZATION_OF_FZD4","REACTOME_WNT5A_DEPENDENT_INTERNALIZATION_OF_FZD4",13,0.65011636375989,1.25231343070504,0.237451737451737,0.729658792650919,0.699682276557536,2410,"tags=46%, list=14%, signal=40%","WNT5A/AP2S1/PRKCA/AP2M1/DVL2/AP2B1"
"REACTOME_ACETYLCHOLINE_NEUROTRANSMITTER_RELEASE_CYCLE","REACTOME_ACETYLCHOLINE_NEUROTRANSMITTER_RELEASE_CYCLE",12,0.665910102595846,1.24514065242559,0.238188976377953,0.729658792650919,0.699682276557536,666,"tags=25%, list=4%, signal=24%","PPFIA3/SNAP25/VAMP2"
"REACTOME_SEROTONIN_NEUROTRANSMITTER_RELEASE_CYCLE","REACTOME_SEROTONIN_NEUROTRANSMITTER_RELEASE_CYCLE",12,0.665910102595846,1.24514065242559,0.238188976377953,0.729658792650919,0.699682276557536,666,"tags=25%, list=4%, signal=24%","PPFIA3/SNAP25/VAMP2"
"REACTOME_FORMATION_OF_APOPTOSOME","REACTOME_FORMATION_OF_APOPTOSOME",11,-0.666750018332261,-1.23876359469149,0.231083844580777,0.729658792650919,0.699682276557536,2175,"tags=36%, list=13%, signal=32%","XIAP/MAPK1/AVEN/UACA"
"REACTOME_SIGNALING_BY_FGFR2_IIIA_TM","REACTOME_SIGNALING_BY_FGFR2_IIIA_TM",18,-0.603395427193626,-1.23440292471063,0.231075697211155,0.729658792650919,0.699682276557536,1037,"tags=22%, list=6%, signal=21%","POLR2B/POLR2F/NCBP1/FGF1"
"REACTOME_OTHER_INTERLEUKIN_SIGNALING","REACTOME_OTHER_INTERLEUKIN_SIGNALING",15,0.629681003157984,1.22879680239647,0.23091976516634,0.729658792650919,0.699682276557536,666,"tags=27%, list=4%, signal=26%","SNAP25/IL10RB/CSF1/VAMP2"
"REACTOME_REGULATION_OF_KIT_SIGNALING","REACTOME_REGULATION_OF_KIT_SIGNALING",13,-0.639898403750727,-1.22345096314305,0.237603305785124,0.729658792650919,0.699682276557536,2275,"tags=23%, list=13%, signal=20%","LYN/YES1/KITLG"
"REACTOME_THROMBOXANE_SIGNALLING_THROUGH_TP_RECEPTOR","REACTOME_THROMBOXANE_SIGNALLING_THROUGH_TP_RECEPTOR",16,0.613055882864824,1.21229041297795,0.23121387283237,0.729658792650919,0.699682276557536,279,"tags=12%, list=2%, signal=12%","TBXA2R/GNG2"
"REACTOME_CYTOCHROME_P450_ARRANGED_BY_SUBSTRATE_TYPE","REACTOME_CYTOCHROME_P450_ARRANGED_BY_SUBSTRATE_TYPE",29,0.573926009684964,1.21219652019561,0.223577235772358,0.729658792650919,0.699682276557536,1243,"tags=17%, list=7%, signal=16%","AHRR/FDXR/CYP1A1/AHR/NCOA1"
"REACTOME_TRAFFICKING_OF_AMPA_RECEPTORS","REACTOME_TRAFFICKING_OF_AMPA_RECEPTORS",19,0.600410523597782,1.21188277668165,0.235412474849095,0.729658792650919,0.699682276557536,3485,"tags=47%, list=21%, signal=38%","CACNG8/NSF/DLG1/AP2S1/PRKCA/AP2M1/AP2B1/DLG4/CAMK2D"
"REACTOME_NCAM1_INTERACTIONS","REACTOME_NCAM1_INTERACTIONS",24,-0.566653108635092,-1.21186335231415,0.226907630522088,0.729658792650919,0.699682276557536,365,"tags=21%, list=2%, signal=20%","CACNB4/CACNA1C/GFRA1/ST8SIA2/COL5A2"
"REACTOME_BMAL1_CLOCK_NPAS2_ACTIVATES_CIRCADIAN_GENE_EXPRESSION","REACTOME_BMAL1_CLOCK_NPAS2_ACTIVATES_CIRCADIAN_GENE_EXPRESSION",25,0.579263787225835,1.21124844941692,0.22020202020202,0.729658792650919,0.699682276557536,1243,"tags=24%, list=7%, signal=22%","PPARA/BHLHE41/DBP/ARNTL/BHLHE40/NCOA1"
"REACTOME_CARDIAC_CONDUCTION","REACTOME_CARDIAC_CONDUCTION",60,0.515235689123933,1.20764192641202,0.221343873517787,0.729658792650919,0.699682276557536,1193,"tags=20%, list=7%, signal=19%","KCND1/CACNG7/FGF12/WWTR1/GATA4/KCNIP3/DMPK/KAT2B/CACNG8/CORIN/RANGRF/ATP1A1"
"REACTOME_SYNTHESIS_OF_IP3_AND_IP4_IN_THE_CYTOSOL","REACTOME_SYNTHESIS_OF_IP3_AND_IP4_IN_THE_CYTOSOL",23,0.581650771372136,1.20687318533976,0.23,0.729658792650919,0.699682276557536,2017,"tags=52%, list=12%, signal=46%","PLCB1/PLCE1/ITPKA/PLCD4/PLCD1/PTEN/ITPK1/INPP5J/SYNJ1/ITPKC/PLCG2/PLCB3"
"REACTOME_NUCLEAR_EVENTS_KINASE_AND_TRANSCRIPTION_FACTOR_ACTIVATION","REACTOME_NUCLEAR_EVENTS_KINASE_AND_TRANSCRIPTION_FACTOR_ACTIVATION",58,0.515744912517369,1.20319917049212,0.224652087475149,0.729658792650919,0.699682276557536,751,"tags=14%, list=4%, signal=13%","DUSP4/EGR1/MAPK11/MEF2C/CDK5R2/FOS/EGR2/VRK3"
"REACTOME_INTERCONVERSION_OF_NUCLEOTIDE_DI_AND_TRIPHOSPHATES","REACTOME_INTERCONVERSION_OF_NUCLEOTIDE_DI_AND_TRIPHOSPHATES",26,-0.552918162080042,-1.20284138801593,0.237424547283702,0.729658792650919,0.699682276557536,2480,"tags=19%, list=15%, signal=16%","CMPK1/RRM1/TXN/CTPS2/CTPS1"
"REACTOME_REGULATION_OF_INSULIN_SECRETION","REACTOME_REGULATION_OF_INSULIN_SECRETION",51,0.523083379961164,1.19250457162276,0.225296442687747,0.729658792650919,0.699682276557536,828,"tags=12%, list=5%, signal=11%","SLC2A1/SNAP25/GNG2/PLCB1/VAMP2/SYT5"
"REACTOME_HDMS_DEMETHYLATE_HISTONES","REACTOME_HDMS_DEMETHYLATE_HISTONES",35,-0.515251552667128,-1.18401090716348,0.230616302186879,0.729658792650919,0.699682276557536,210,"tags=9%, list=1%, signal=8%","KDM2B/KDM1A/KDM7A"
"REACTOME_NR1H2_AND_NR1H3_MEDIATED_SIGNALING","REACTOME_NR1H2_AND_NR1H3_MEDIATED_SIGNALING",35,-0.515017837332743,-1.18347384618103,0.234592445328032,0.729658792650919,0.699682276557536,215,"tags=14%, list=1%, signal=14%","FASN/FABP6/KDM1A/PLTP/SCD"
"REACTOME_VISUAL_PHOTOTRANSDUCTION","REACTOME_VISUAL_PHOTOTRANSDUCTION",50,0.51890122343545,1.17837954849587,0.235528942115768,0.729658792650919,0.699682276557536,1301,"tags=16%, list=8%, signal=15%","DHRS3/SDC3/GPC6/LRP10/RGS9/CAMKMT/GPC1/HSPG2"
"REACTOME_NEGATIVE_REGULATION_OF_THE_PI3K_AKT_NETWORK","REACTOME_NEGATIVE_REGULATION_OF_THE_PI3K_AKT_NETWORK",78,0.481607165247994,1.17731209361152,0.233009708737864,0.729658792650919,0.699682276557536,640,"tags=8%, list=4%, signal=7%","TGFA/ERBB3/NRG2/IL1RAP/INSR/PIP5K1C"
"REACTOME_AUF1_HNRNP_D0_BINDS_AND_DESTABILIZES_MRNA","REACTOME_AUF1_HNRNP_D0_BINDS_AND_DESTABILIZES_MRNA",53,-0.478811302681235,-1.17319370590248,0.224899598393574,0.729658792650919,0.699682276557536,636,"tags=13%, list=4%, signal=13%","PSMD5/PSMD12/HSPA8/PSMB7/HSPB1/PSMD2/HSPA1A"
"REACTOME_ONCOGENIC_MAPK_SIGNALING","REACTOME_ONCOGENIC_MAPK_SIGNALING",72,-0.461321603020159,-1.17211750299881,0.23030303030303,0.729658792650919,0.699682276557536,2265,"tags=25%, list=13%, signal=22%","PAPSS1/BRAP/MAPK1/IQGAP1/MAP2K1/CALM1/RAP1A/TENT4A/VCL/PPP1CC/MRAS/PEBP1/ACTB/DUSP7/CNKSR2/RAP1B/ACTG1/KDM7A"
"REACTOME_PLATELET_ACTIVATION_SIGNALING_AND_AGGREGATION","REACTOME_PLATELET_ACTIVATION_SIGNALING_AND_AGGREGATION",176,0.434321481752186,1.16735469346416,0.222857142857143,0.729658792650919,0.699682276557536,1118,"tags=13%, list=7%, signal=12%","COL1A1/TGFB1/DGKG/TBXA2R/VEGFA/RHOB/GNG2/APP/PROS1/THBS1/CD109/TIMP1/TGFB3/SPARC/ENDOD1/PCYOX1L/FAM3C/PRKCH/MANF/VEGFB/ARRB1/DGKI/YWHAZ"
"REACTOME_SIGNALING_BY_FGFR","REACTOME_SIGNALING_BY_FGFR",69,-0.461880340522992,-1.15790799639566,0.236625514403292,0.729658792650919,0.699682276557536,1996,"tags=16%, list=12%, signal=14%","MAPK1/PTBP1/FGF9/FGFBP3/PTPN11/NCBP1/HNRNPA1/FLRT2/HNRNPH1/FGF1/ANOS1"
"REACTOME_ANCHORING_OF_THE_BASAL_BODY_TO_THE_PLASMA_MEMBRANE","REACTOME_ANCHORING_OF_THE_BASAL_BODY_TO_THE_PLASMA_MEMBRANE",97,-0.439186026908843,-1.1535370436374,0.225738396624473,0.729658792650919,0.699682276557536,3959,"tags=36%, list=23%, signal=28%","CEP76/KIF24/HAUS3/CC2D2A/SSNA1/HSP90AA1/DCTN3/CEP72/RPGRIP1L/DCTN2/CEP162/CEP152/DYNC1H1/ODF2/CEP250/CEP83/TCTN1/IQCB1/CEP78/CETN2/MAPRE1/CEP290/CEP41/PLK4/HAUS8/PLK1/HAUS6/CKAP5/SDCCAG8/RAB3IP/ALMS1/YWHAG/HAUS2/CEP43/TUBB4B"
"REACTOME_HCMV_INFECTION","REACTOME_HCMV_INFECTION",129,-0.419015619778462,-1.14838220342247,0.232104121475054,0.729658792650919,0.699682276557536,3105,"tags=24%, list=18%, signal=20%","NUP42/DYNC1H1/DYNC1LI1/NUP153/CREB1/VPS37C/EZH2/NUP93/DYNLL2/NUP88/NUP133/RANBP2/TUBB6/HNRNPK/SEH1L/RAE1/TUBA8/NDC1/NUP54/EGFR/TPR/NUP214/PML/NUP37/NUP210/NUP205/NUP107/TUBA1C/NUP188/TUBA1B/TUBB4B"
"REACTOME_INTRA_GOLGI_AND_RETROGRADE_GOLGI_TO_ER_TRAFFIC","REACTOME_INTRA_GOLGI_AND_RETROGRADE_GOLGI_TO_ER_TRAFFIC",184,-0.392522009348568,-1.11978173112557,0.228215767634855,0.729658792650919,0.699682276557536,3150,"tags=25%, list=19%, signal=21%","RAB9A/DCTN2/CAPZA1/DYNC1H1/NAA30/DYNC1LI1/KIF1B/KIFAP3/DYNLL2/STX6/RAB18/KIF20B/VTI1A/NAA35/VPS45/TUBB6/NBAS/KLC2/CYTH3/KIF15/KIF23/COPZ1/TUBA8/PLIN3/ARL1/MAN2A1/MAN1A1/KIF21B/RHOBTB3/KIF1C/TMED2/RACGAP1/USP6NL/GCC2/ARF1/RAB3GAP2/KIF21A/IGF2R/RAB9B/CENPE/VAMP3/TUBA1C/BICD2/TUBA1B/TUBB4B/COPA"
"REACTOME_NEURONAL_SYSTEM","REACTOME_NEURONAL_SYSTEM",244,-0.37253525037432,-1.10322814994719,0.236514522821577,0.729658792650919,0.699682276557536,1530,"tags=17%, list=9%, signal=16%","GNB1/DLGAP1/CALM1/KCNAB1/RTN3/GABRQ/EPB41L3/NTRK3/PRKAG2/CACNA1E/LIN7A/NCALD/PRKAR2A/APBA1/PRKACB/KCNQ3/EPB41L2/NEFL/SLC38A2/GLRB/ACTN2/ADCY1/PPFIA2/SYT1/TUBA1C/SLITRK5/DLGAP4/KCNG1/KCNJ8/NRXN3/TUBA1B/GABRA6/TUBB4B/GRIN2B/NAAA/PRKAA2/GLUL/SLC38A1/ABCC9/GABRB2/RPS6KA2"
"REACTOME_CARGO_RECOGNITION_FOR_CLATHRIN_MEDIATED_ENDOCYTOSIS","REACTOME_CARGO_RECOGNITION_FOR_CLATHRIN_MEDIATED_ENDOCYTOSIS",86,0.472477656071316,1.16485537629742,0.24015009380863,0.733645341525266,0.703505046350904,945,"tags=8%, list=6%, signal=8%","TGFA/WNT5A/GRK3/VAMP2/STON1/COPS7A/ARRB1"
"REACTOME_ERBB2_REGULATES_CELL_MOTILITY","REACTOME_ERBB2_REGULATES_CELL_MOTILITY",13,0.6476352834713,1.2475341475778,0.241312741312741,0.735177447506215,0.704974208939602,157,"tags=15%, list=1%, signal=15%","ERBB3/NRG2"
"REACTOME_NEGATIVE_REGULATION_OF_MAPK_PATHWAY","REACTOME_NEGATIVE_REGULATION_OF_MAPK_PATHWAY",40,0.533288740736589,1.18032603111511,0.242,0.735256830601093,0.705050330744895,1563,"tags=12%, list=9%, signal=11%","DUSP4/DUSP16/BRAF/MAPK12/KSR1"
"REACTOME_METALLOPROTEASE_DUBS","REACTOME_METALLOPROTEASE_DUBS",29,-0.533426544838107,-1.19403067138988,0.243137254901961,0.73669925735962,0.706433498395773,2013,"tags=17%, list=12%, signal=15%","STAM/MYSM1/STAMBPL1/ABRAXAS1/NLRP3"
"REACTOME_G2_M_DNA_DAMAGE_CHECKPOINT","REACTOME_G2_M_DNA_DAMAGE_CHECKPOINT",84,-0.44239275496924,-1.13499184701832,0.244210526315789,0.737940503432494,0.707623750451644,3041,"tags=19%, list=18%, signal=16%","TOPBP1/RAD17/WEE1/SUMO1/BARD1/ATR/RAD50/BRIP1/EXO1/MDC1/UBE2N/RFC5/YWHAG/ABRAXAS1/YWHAH/NSD2"
"REACTOME_AKT_PHOSPHORYLATES_TARGETS_IN_THE_CYTOSOL","REACTOME_AKT_PHOSPHORYLATES_TARGETS_IN_THE_CYTOSOL",14,0.629720646354537,1.22548645402039,0.250481695568401,0.738821340774699,0.708468400421025,3363,"tags=50%, list=20%, signal=40%","CDKN1B/CDKN1A/TSC2/BAD/MKRN1/CASP9/AKT2"
"REACTOME_ABERRANT_REGULATION_OF_MITOTIC_EXIT_IN_CANCER_DUE_TO_RB1_DEFECTS","REACTOME_ABERRANT_REGULATION_OF_MITOTIC_EXIT_IN_CANCER_DUE_TO_RB1_DEFECTS",20,-0.585059416066303,-1.21495256770126,0.25,0.738821340774699,0.708468400421025,4176,"tags=35%, list=25%, signal=26%","UBE2S/ANAPC5/UBE2D1/UBE2E1/CDC23/ANAPC1/ANAPC7"
"REACTOME_SIGNALING_BY_FLT3_FUSION_PROTEINS","REACTOME_SIGNALING_BY_FLT3_FUSION_PROTEINS",19,0.589053450048699,1.18895939128666,0.249496981891348,0.738821340774699,0.708468400421025,1967,"tags=32%, list=12%, signal=28%","ETV6/MYO18A/ZMYM2/STAT5B/CDKN1A/NOX4"
"REACTOME_MTOR_SIGNALLING","REACTOME_MTOR_SIGNALLING",40,-0.505950171168804,-1.18670458352068,0.247011952191235,0.738821340774699,0.708468400421025,1268,"tags=12%, list=7%, signal=12%","EIF4B/PRKAG2/RHEB/PRKAA2/RRAGD"
"REACTOME_NEPHRIN_FAMILY_INTERACTIONS","REACTOME_NEPHRIN_FAMILY_INTERACTIONS",19,0.587670915279583,1.18616885046666,0.249496981891348,0.738821340774699,0.708468400421025,952,"tags=16%, list=6%, signal=15%","NCK2/KIRREL3/MAGI2"
"REACTOME_PROTEIN_PROTEIN_INTERACTIONS_AT_SYNAPSES","REACTOME_PROTEIN_PROTEIN_INTERACTIONS_AT_SYNAPSES",64,0.495263193239886,1.1715132670361,0.24901185770751,0.738821340774699,0.708468400421025,730,"tags=19%, list=4%, signal=18%","SLITRK6/PPFIA3/IL1RAP/NLGN2/PPFIBP1/PTPRS/LRRTM4/SIPA1L1/LRFN3/GRIN2A/FLOT2/NLGN1"
"REACTOME_SIGNALING_BY_BRAF_AND_RAF1_FUSIONS","REACTOME_SIGNALING_BY_BRAF_AND_RAF1_FUSIONS",56,-0.472848076215679,-1.16242540587398,0.248987854251012,0.738821340774699,0.708468400421025,1996,"tags=23%, list=12%, signal=21%","MAPK1/IQGAP1/MAP2K1/CALM1/RAP1A/TENT4A/VCL/PEBP1/ACTB/CNKSR2/RAP1B/ACTG1/KDM7A"
"REACTOME_MUSCLE_CONTRACTION","REACTOME_MUSCLE_CONTRACTION",100,0.452173243066982,1.13579074370168,0.249534450651769,0.738821340774699,0.708468400421025,1051,"tags=16%, list=6%, signal=15%","KCND1/ITGB5/CACNG7/FGF12/ACTA2/WWTR1/SORBS1/GATA4/ITGA1/KCNIP3/DMPK/KAT2B/CACNG8/CORIN/RANGRF/TNNT1"
"REACTOME_AUTOPHAGY","REACTOME_AUTOPHAGY",133,-0.413111467007298,-1.13488558162018,0.246724890829694,0.738821340774699,0.708468400421025,2135,"tags=20%, list=13%, signal=18%","DYNC1H1/DYNC1LI1/TSC1/VPS37C/DYNLL2/ATG3/PIK3C3/PRKAB2/HSPA8/TUBB6/ATG14/TUBA8/PLIN3/TOMM20/PRKAG2/RHEB/TOMM22/VDAC1/PGAM5/UBE2N/VIM/HSP90AB1/TUBA1C/TUBA1B/TUBB4B/PRKAA2/RRAGD"
"REACTOME_GAMMA_CARBOXYLATION_HYPUSINE_FORMATION_AND_ARYLSULFATASE_ACTIVATION","REACTOME_GAMMA_CARBOXYLATION_HYPUSINE_FORMATION_AND_ARYLSULFATASE_ACTIVATION",33,0.543031228553276,1.17881771074392,0.253012048192771,0.741427482854966,0.710967474566528,2389,"tags=27%, list=14%, signal=23%","ARSG/PROS1/ARSD/ARSJ/ARSA/ARSB/GAS6/DPH1/ARSK"
"REACTOME_SIGNALING_BY_TGF_BETA_RECEPTOR_COMPLEX","REACTOME_SIGNALING_BY_TGF_BETA_RECEPTOR_COMPLEX",73,0.480501157606429,1.16370115728419,0.253438113948919,0.741427482854966,0.710967474566528,1309,"tags=14%, list=8%, signal=13%","TGFB1/SMAD3/PMEPA1/WWTR1/CGN/TGFBR1/MTMR4/SMAD2/HDAC1/TGFBR2"
"REACTOME_INTRINSIC_PATHWAY_FOR_APOPTOSIS","REACTOME_INTRINSIC_PATHWAY_FOR_APOPTOSIS",52,-0.470871180195464,-1.14908157136126,0.254032258064516,0.741427482854966,0.710967474566528,604,"tags=13%, list=4%, signal=13%","YWHAG/AVEN/UACA/TP53BP2/PMAIP1/YWHAH/BID"
"REACTOME_INTERLEUKIN_1_FAMILY_SIGNALING","REACTOME_INTERLEUKIN_1_FAMILY_SIGNALING",112,0.44626769608645,1.13642342922233,0.252851711026616,0.741427482854966,0.710967474566528,821,"tags=8%, list=5%, signal=8%","SMAD3/PSME2/IL1RAP/PSME1/APP/NKIRAS2/MAP2K6/STAT3/AGER"
"REACTOME_INTERACTION_BETWEEN_L1_AND_ANKYRINS","REACTOME_INTERACTION_BETWEEN_L1_AND_ANKYRINS",19,-0.582322759346649,-1.20850730813263,0.257425742574257,0.746074811208948,0.71542387708696,1127,"tags=37%, list=7%, signal=34%","KCNQ3/NRCAM/ACTB/SCN9A/SPTAN1/ACTG1/SCN5A"
"REACTOME_RAP1_SIGNALLING","REACTOME_RAP1_SIGNALLING",13,-0.629031978887119,-1.20267494950186,0.258264462809917,0.746074811208948,0.71542387708696,1279,"tags=31%, list=8%, signal=28%","RAP1A/PRKACB/RAP1GAP2/RAP1B"
"REACTOME_INSULIN_PROCESSING","REACTOME_INSULIN_PROCESSING",23,-0.564773027440483,-1.20025215911722,0.256972111553785,0.746074811208948,0.71542387708696,37,"tags=9%, list=0%, signal=9%","CPE/KIF5C"
"REACTOME_INTERLEUKIN_7_SIGNALING","REACTOME_INTERLEUKIN_7_SIGNALING",23,-0.561675546807044,-1.19366941235441,0.258964143426295,0.746074811208948,0.71542387708696,822,"tags=13%, list=5%, signal=12%","IL7R/STAT5A/TSLP"
"REACTOME_GLYCOSAMINOGLYCAN_METABOLISM","REACTOME_GLYCOSAMINOGLYCAN_METABOLISM",96,0.457158588820027,1.13851960498234,0.258979206049149,0.746074811208948,0.71542387708696,2094,"tags=29%, list=12%, signal=26%","SLC26A2/ST3GAL4/SDC3/GPC6/CHST1/B4GAT1/HGSNAT/HAS3/B3GAT3/SLC35B2/GPC1/SGSH/EXT1/HSPG2/ARSB/IDUA/NDST2/CHST11/ST3GAL2/CHPF/NDST1/AGRN/ST3GAL6/IDS/GALNS/B4GALT4/NAGLU/GLB1L"
"REACTOME_PLASMA_LIPOPROTEIN_CLEARANCE","REACTOME_PLASMA_LIPOPROTEIN_CLEARANCE",24,-0.555834685517686,-1.18872670962036,0.261044176706827,0.746223970431856,0.715566908412978,1821,"tags=25%, list=11%, signal=22%","SCARB1/NPC1/CLTA/LDLR/SOAT1/VLDLR"
"REACTOME_SIGNALING_BY_PDGF","REACTOME_SIGNALING_BY_PDGF",49,0.512681900672175,1.16385332986369,0.260606060606061,0.746223970431856,0.715566908412978,772,"tags=18%, list=5%, signal=18%","PLAT/NCK2/COL5A1/COL9A3/THBS1/COL6A1/COL4A1/STAT3/STAT5B"
"REACTOME_REGULATION_OF_RUNX2_EXPRESSION_AND_ACTIVITY","REACTOME_REGULATION_OF_RUNX2_EXPRESSION_AND_ACTIVITY",70,0.482026399726201,1.15770679364999,0.26078431372549,0.746223970431856,0.715566908412978,569,"tags=7%, list=3%, signal=7%","PSME2/PSME1/NR3C1/HIVEP3/RUNX2"
"REACTOME_HOMOLOGOUS_DNA_PAIRING_AND_STRAND_EXCHANGE","REACTOME_HOMOLOGOUS_DNA_PAIRING_AND_STRAND_EXCHANGE",41,-0.497942668837021,-1.17118441687493,0.264591439688716,0.754424822907313,0.723430845896543,4507,"tags=44%, list=27%, signal=32%","BLM/RBBP8/DNA2/RAD51/RAD51C/CHEK1/RFC4/MRE11/TOPBP1/RAD17/BARD1/ATR/RAD50/BRIP1/PALB2/EXO1/XRCC2/RFC5"
"REACTOME_NUCLEAR_RECEPTOR_TRANSCRIPTION_PATHWAY","REACTOME_NUCLEAR_RECEPTOR_TRANSCRIPTION_PATHWAY",40,0.52137530619606,1.15395806975754,0.266,0.756501278772379,0.725421994884911,368,"tags=12%, list=2%, signal=12%","PPARA/RORA/RARB/NR3C1/NR1D1"
"REACTOME_ADVANCED_GLYCOSYLATION_ENDPRODUCT_RECEPTOR_SIGNALING","REACTOME_ADVANCED_GLYCOSYLATION_ENDPRODUCT_RECEPTOR_SIGNALING",10,0.678234962714419,1.22433023861478,0.271119842829077,0.762404423710372,0.731082621373161,1034,"tags=30%, list=6%, signal=28%","APP/AGER/PRKCSH"
"REACTOME_NEGATIVE_REGULATION_OF_FGFR1_SIGNALING","REACTOME_NEGATIVE_REGULATION_OF_FGFR1_SIGNALING",25,-0.542171834552875,-1.1710407470216,0.272189349112426,0.762404423710372,0.731082621373161,1996,"tags=24%, list=12%, signal=21%","PPP2CA/MAPK1/FGF9/PTPN11/FGF1/ANOS1"
"REACTOME_ERK_MAPK_TARGETS","REACTOME_ERK_MAPK_TARGETS",22,0.560428771939441,1.1667741713142,0.271653543307087,0.762404423710372,0.731082621373161,751,"tags=18%, list=4%, signal=17%","DUSP4/MAPK11/MEF2C/VRK3"
"REACTOME_TNFR2_NON_CANONICAL_NF_KB_PATHWAY","REACTOME_TNFR2_NON_CANONICAL_NF_KB_PATHWAY",80,0.465787202689527,1.14026573571101,0.271484375,0.762404423710372,0.731082621373161,2708,"tags=22%, list=16%, signal=19%","PSME2/PSME1/TNFRSF11A/TNFRSF25/CD70/MAP3K14/LTBR/TNFSF9/TNFRSF1A/TNFSF12/TNFRSF9/TNFSF13B/PSMC5/PSMB6/PSMC4/PSMD8/TNFRSF13C/UBE2M"
"REACTOME_SIGNALING_BY_VEGF","REACTOME_SIGNALING_BY_VEGF",93,0.454135064622278,1.12781070874536,0.270833333333333,0.762404423710372,0.731082621373161,1067,"tags=13%, list=6%, signal=12%","PAK3/NCK2/MAPK11/CTNND1/VEGFA/NRP1/DOCK1/CTNNB1/VEGFB/BAIAP2/CYFIP2/CTNNA1"
"REACTOME_ACTIVATION_OF_ANTERIOR_HOX_GENES_IN_HINDBRAIN_DEVELOPMENT_DURING_EARLY_EMBRYOGENESIS","REACTOME_ACTIVATION_OF_ANTERIOR_HOX_GENES_IN_HINDBRAIN_DEVELOPMENT_DURING_EARLY_EMBRYOGENESIS",97,0.451114812362102,1.1257682670285,0.270833333333333,0.762404423710372,0.731082621373161,2882,"tags=24%, list=17%, signal=20%","HOXA4/HOXA3/RARB/EGR2/HOXA1/H2BC14/PCGF2/H4C2/H4-16/POLR2H/RBBP4/POLR2L/PAGR1/H4C8/RARG/H4C1/H2BC3/HOXA2/HDAC3/H4C12/H2BC4/RARA/RXRA"
"REACTOME_CHK1_CHK2_CDS1_MEDIATED_INACTIVATION_OF_CYCLIN_B_CDK1_COMPLEX","REACTOME_CHK1_CHK2_CDS1_MEDIATED_INACTIVATION_OF_CYCLIN_B_CDK1_COMPLEX",13,-0.620719266308415,-1.1867814949298,0.274793388429752,0.763094427067534,0.731744277375438,604,"tags=46%, list=4%, signal=45%","YWHAE/CDK1/CHEK1/WEE1/YWHAG/YWHAH"
"REACTOME_SYNTHESIS_OF_PIPS_AT_THE_EARLY_ENDOSOME_MEMBRANE","REACTOME_SYNTHESIS_OF_PIPS_AT_THE_EARLY_ENDOSOME_MEMBRANE",16,0.596131470463162,1.17882314926956,0.273603082851638,0.763094427067534,0.731744277375438,909,"tags=12%, list=5%, signal=12%","INPP5F/MTMR4"
"REACTOME_EPHB_MEDIATED_FORWARD_SIGNALING","REACTOME_EPHB_MEDIATED_FORWARD_SIGNALING",39,-0.494447218970976,-1.15551808021701,0.276553106212425,0.763094427067534,0.731744277375438,2553,"tags=41%, list=15%, signal=35%","ARPC3/RAC1/ARPC2/LYN/RHOA/KALRN/YES1/EPHB1/ACTR3/LIMK2/ACTB/EFNB1/ACTG1/ARPC5/GRIN2B/ARHGEF28"
"REACTOME_PCP_CE_PATHWAY","REACTOME_PCP_CE_PATHWAY",84,0.462937789216729,1.13882698687416,0.275142314990512,0.763094427067534,0.731744277375438,2581,"tags=23%, list=15%, signal=19%","WNT5A/PSME2/PSME1/FZD1/DVL3/ROR1/PRICKLE1/DAAM1/SCRIB/RAC3/AP2S1/PRKCA/PSMC5/AP2M1/DVL2/AP2B1/PSMB6/PSMC4/PSMD8"
"REACTOME_GOLGI_TO_ER_RETROGRADE_TRANSPORT","REACTOME_GOLGI_TO_ER_RETROGRADE_TRANSPORT",118,-0.411213032449983,-1.11188195555597,0.275268817204301,0.763094427067534,0.731744277375438,3144,"tags=25%, list=19%, signal=20%","DCTN2/CAPZA1/DYNC1H1/DYNC1LI1/KIF1B/KIFAP3/DYNLL2/RAB18/KIF20B/TUBB6/NBAS/KLC2/KIF15/KIF23/COPZ1/TUBA8/KIF21B/KIF1C/TMED2/RACGAP1/ARF1/RAB3GAP2/KIF21A/CENPE/TUBA1C/BICD2/TUBA1B/TUBB4B/COPA"
"REACTOME_INFLUENZA_INFECTION","REACTOME_INFLUENZA_INFECTION",153,-0.392540924554024,-1.09567048495077,0.276315789473684,0.763094427067534,0.731744277375438,2908,"tags=18%, list=17%, signal=15%","POLR2B/NUP153/XPO1/POLR2F/NUP93/RPL6/KPNA4/NUP88/NUP133/RANBP2/SEH1L/RAE1/NDC1/NUP54/PARP1/TPR/NUP214/CLTA/RPLP0/NUP37/NUP210/GRSF1/NUP205/NUP107/RAN/NUP188/HSPA1A"
"REACTOME_SIGNALING_BY_ACTIVIN","REACTOME_SIGNALING_BY_ACTIVIN",13,0.625287903697006,1.20448658656801,0.277992277992278,0.765166864176765,0.733731572710208,1166,"tags=38%, list=7%, signal=36%","SMAD3/ACVR1C/SMAD2/ACVR2A/ACVR2B"
"REACTOME_HOMOLOGY_DIRECTED_REPAIR","REACTOME_HOMOLOGY_DIRECTED_REPAIR",127,-0.402901669928797,-1.102189251832,0.279220779220779,0.7666506333173,0.735154384277191,3454,"tags=24%, list=20%, signal=19%","RFC4/PPP4R2/MRE11/PARP2/RNF4/TOPBP1/RAD17/SUMO1/EME1/BARD1/ATR/RAD50/POLD3/LIG3/BRIP1/PALB2/EXO1/PARP1/TIMELESS/GEN1/UBE2I/CDK2/MDC1/UBE2N/XRCC2/RFC5/POLQ/POLE3/ABRAXAS1/NSD2"
"REACTOME_INWARDLY_RECTIFYING_K_CHANNELS","REACTOME_INWARDLY_RECTIFYING_K_CHANNELS",17,-0.588658431088478,-1.18889301344966,0.280241935483871,0.767559192753853,0.736025617436249,1827,"tags=29%, list=11%, signal=26%","GNG5/GNG10/GNB1/KCNJ8/ABCC9"
"REACTOME_WNT_LIGAND_BIOGENESIS_AND_TRAFFICKING","REACTOME_WNT_LIGAND_BIOGENESIS_AND_TRAFFICKING",14,0.611795803998455,1.1906032853884,0.283236994219653,0.767592715169166,0.73605776265275,1156,"tags=21%, list=7%, signal=20%","WNT5A/WNT7B/PORCN"
"REACTOME_TIGHT_JUNCTION_INTERACTIONS","REACTOME_TIGHT_JUNCTION_INTERACTIONS",12,-0.629376332157382,-1.18200810077533,0.287449392712551,0.767592715169166,0.73605776265275,2962,"tags=33%, list=17%, signal=28%","CLDN12/PRKCI/CLDN1/PARD6G"
"REACTOME_FOXO_MEDIATED_TRANSCRIPTION_OF_CELL_DEATH_GENES","REACTOME_FOXO_MEDIATED_TRANSCRIPTION_OF_CELL_DEATH_GENES",15,0.59787369128267,1.16672613021612,0.287671232876712,0.767592715169166,0.73605776265275,3253,"tags=40%, list=19%, signal=32%","BBC3/FOXO1/FOXO4/NFYC/STK11/CREBBP"
"REACTOME_BILE_ACID_AND_BILE_SALT_METABOLISM","REACTOME_BILE_ACID_AND_BILE_SALT_METABOLISM",24,-0.545530399733745,-1.16668961827993,0.285140562248996,0.767592715169166,0.73605776265275,215,"tags=12%, list=1%, signal=12%","CYP27A1/FABP6/OSBPL6"
"REACTOME_RNA_POLYMERASE_I_TRANSCRIPTION_TERMINATION","REACTOME_RNA_POLYMERASE_I_TRANSCRIPTION_TERMINATION",31,-0.51559002712668,-1.16191973137698,0.282608695652174,0.767592715169166,0.73605776265275,3386,"tags=35%, list=20%, signal=28%","GTF2H2/POLR1A/POLR1G/POLR2F/CDK7/TTF1/TAF1A/POLR1F/GTF2H3/POLR1E/CCNH"
"REACTOME_DOWNREGULATION_OF_ERBB2_SIGNALING","REACTOME_DOWNREGULATION_OF_ERBB2_SIGNALING",26,0.538506235968515,1.13872999373486,0.283168316831683,0.767592715169166,0.73605776265275,157,"tags=8%, list=1%, signal=8%","ERBB3/NRG2"
"REACTOME_COLLAGEN_FORMATION","REACTOME_COLLAGEN_FORMATION",67,0.477799074125613,1.13645971723209,0.288537549407115,0.767592715169166,0.73605776265275,1479,"tags=31%, list=9%, signal=29%","COL1A1/COL18A1/LOXL2/COL5A1/COL8A1/COL9A3/COL6A1/COL4A1/BMP1/PPIB/COL16A1/ADAMTS14/CTSB/COL22A1/SERPINH1/COL15A1/CTSV/P4HA2/P3H3/COL4A5/P4HB"
"REACTOME_HIV_TRANSCRIPTION_ELONGATION","REACTOME_HIV_TRANSCRIPTION_ELONGATION",42,-0.482806933808127,-1.13464306672755,0.284600389863548,0.767592715169166,0.73605776265275,1138,"tags=19%, list=7%, signal=18%","POLR2B/POLR2F/CDK7/CCNT1/NCBP1/SUPT16H/GTF2H3/CCNH"
"REACTOME_PROCESSING_OF_DNA_DOUBLE_STRAND_BREAK_ENDS","REACTOME_PROCESSING_OF_DNA_DOUBLE_STRAND_BREAK_ENDS",87,-0.430149621475019,-1.10841486872552,0.286016949152542,0.767592715169166,0.73605776265275,3454,"tags=23%, list=20%, signal=18%","RFC4/PPP4R2/MRE11/RNF4/TOPBP1/RAD17/SUMO1/BARD1/ATR/RAD50/BRIP1/EXO1/TIMELESS/UBE2I/CDK2/MDC1/UBE2N/RFC5/ABRAXAS1/NSD2"
"REACTOME_CYTOPROTECTION_BY_HMOX1","REACTOME_CYTOPROTECTION_BY_HMOX1",116,0.430416501760665,1.10482404016793,0.281191806331471,0.767592715169166,0.73605776265275,784,"tags=7%, list=5%, signal=7%","PPARA/TXNIP/PSME2/PSME1/BLVRB/STAT3/FBXL17/MAFK"
"REACTOME_COPI_MEDIATED_ANTEROGRADE_TRANSPORT","REACTOME_COPI_MEDIATED_ANTEROGRADE_TRANSPORT",88,-0.426178189775737,-1.10207594729105,0.288135593220339,0.767592715169166,0.73605776265275,1169,"tags=11%, list=7%, signal=11%","COPZ1/TUBA8/TMED2/ARF1/TUBA1C/SPTAN1/TUBA1B/TUBB4B/COPA/CD55"
"REACTOME_DISEASES_OF_SIGNAL_TRANSDUCTION_BY_GROWTH_FACTOR_RECEPTORS_AND_SECOND_MESSENGERS","REACTOME_DISEASES_OF_SIGNAL_TRANSDUCTION_BY_GROWTH_FACTOR_RECEPTORS_AND_SECOND_MESSENGERS",373,0.376035129436738,1.07952503798135,0.285451197053407,0.767592715169166,0.73605776265275,1470,"tags=12%, list=9%, signal=11%","TGFA/MAML3/TGFB1/SMAD3/HES1/ERBB3/PSME2/NRG2/PSME1/KSR2/ETV6/KIAA1549/PPFIBP1/TGFBR1/MYO18A/LRP6/FOXO1/STAT3/CTNNB1/DUSP16/CDKN1B/ZMYM2/AGK/KAT2B/STAT5B/HDAC10/ARRB1/SMAD2/PTEN/KAT2A/FOXO4/MIB2/PORCN/FLT3LG/HDAC1/TGFBR2/JAG1/CDKN1A/MAML2/HDAC4/BRAF/TSC2/OS9"
"REACTOME_PLASMA_LIPOPROTEIN_ASSEMBLY_REMODELING_AND_CLEARANCE","REACTOME_PLASMA_LIPOPROTEIN_ASSEMBLY_REMODELING_AND_CLEARANCE",40,-0.487815846339998,-1.14417057993752,0.290836653386454,0.77186243094448,0.740152066023058,1821,"tags=22%, list=11%, signal=20%","SCARB1/NPC1/CLTA/PRKACB/A2M/LDLR/SOAT1/PLTP/VLDLR"
"REACTOME_CD28_CO_STIMULATION","REACTOME_CD28_CO_STIMULATION",27,0.535752003975526,1.13197126542335,0.292828685258964,0.775298804780877,0.74344726357727,650,"tags=7%, list=4%, signal=7%","PAK3/MAP3K14"
"REACTOME_REGULATION_OF_GLYCOLYSIS_BY_FRUCTOSE_2_6_BISPHOSPHATE_METABOLISM","REACTOME_REGULATION_OF_GLYCOLYSIS_BY_FRUCTOSE_2_6_BISPHOSPHATE_METABOLISM",10,-0.654295458767319,-1.19291630311347,0.294117647058824,0.776702690194801,0.744793473274644,3049,"tags=50%, list=18%, signal=41%","PPP2R1B/PPP2CA/PRKACB/PFKFB3/PFKFB2"
"REACTOME_ER_TO_GOLGI_ANTEROGRADE_TRANSPORT","REACTOME_ER_TO_GOLGI_ANTEROGRADE_TRANSPORT",137,0.411952931543303,1.08036320264491,0.294755877034358,0.776702690194801,0.744793473274644,2164,"tags=18%, list=13%, signal=15%","TGFA/CNIH2/SEC24C/COG8/TRAPPC9/ANKRD28/CSNK1D/STX5/NSF/COG6/COPG2/KDELR1/ARF5/CD59/COPE/SEC23IP/CAPZB/COPG1/SPTBN5/LMAN2/TMED3/TRAPPC6A/DYNC1I1/ANK1"
"REACTOME_BASIGIN_INTERACTIONS","REACTOME_BASIGIN_INTERACTIONS",18,0.567508109944251,1.13871631998264,0.296,0.777462898053546,0.745522449572361,758,"tags=22%, list=4%, signal=21%","SLC7A5/L1CAM/SLC7A11/SLC3A2"
"REACTOME_SIGNALING_BY_NOTCH1_PEST_DOMAIN_MUTANTS_IN_CANCER","REACTOME_SIGNALING_BY_NOTCH1_PEST_DOMAIN_MUTANTS_IN_CANCER",52,0.493518140780763,1.12891931686395,0.296442687747036,0.777462898053546,0.745522449572361,1950,"tags=25%, list=12%, signal=22%","MAML3/HES1/KAT2B/HDAC10/KAT2A/MIB2/HDAC1/JAG1/MAML2/HDAC4/ADAM17/PSEN1/MIB1"
"REACTOME_GPCR_LIGAND_BINDING","REACTOME_GPCR_LIGAND_BINDING",129,0.417334221395379,1.08248434922821,0.297597042513863,0.778653908883332,0.746664530195773,1442,"tags=16%, list=9%, signal=15%","WNT5A/DRD2/HTR7/S1PR2/TBXA2R/GNG2/APP/FPR1/CXCL5/FZD1/NPY1R/GIPR/GABBR1/GPER1/WNT7B/PSAP/C3AR1/UCN2/ADRA1B/BDKRB2/ADORA2B"
"REACTOME_DEFECTS_IN_COBALAMIN_B12_METABOLISM","REACTOME_DEFECTS_IN_COBALAMIN_B12_METABOLISM",12,-0.617481525748641,-1.15966891066932,0.299595141700405,0.782041778335329,0.749913216067482,1041,"tags=17%, list=6%, signal=16%","MTRR/MMAB"
"REACTOME_GLUTAMATE_NEUROTRANSMITTER_RELEASE_CYCLE","REACTOME_GLUTAMATE_NEUROTRANSMITTER_RELEASE_CYCLE",17,0.573376501541731,1.14247358251955,0.300395256916996,0.78229397117494,0.750155048088049,666,"tags=18%, list=4%, signal=17%","PPFIA3/SNAP25/VAMP2"
"REACTOME_S_PHASE","REACTOME_S_PHASE",159,-0.382113773716572,-1.0740547600823,0.301282051282051,0.782770189312245,0.750611701792223,2968,"tags=19%, list=18%, signal=16%","WEE1/PDS5A/MCM5/UBE2E1/CDK7/CDC6/PSMD5/CDC23/POLD3/ORC4/ANAPC1/PSMD12/PSMB7/ORC6/CDCA5/CUL1/LIN9/CDK2/E2F5/CDK4/CKS1B/ORC1/RFC5/PSMD2/CDC45/CCNH/POLE3/MYC/ANAPC7/CDC25A"
"REACTOME_LONG_TERM_POTENTIATION","REACTOME_LONG_TERM_POTENTIATION",16,-0.582508103594351,-1.16085713873117,0.308488612836439,0.787600186435876,0.755243268515281,1491,"tags=25%, list=9%, signal=23%","CALM1/NEFL/ACTN2/GRIN2B"
"REACTOME_CITRIC_ACID_CYCLE_TCA_CYCLE","REACTOME_CITRIC_ACID_CYCLE_TCA_CYCLE",22,-0.553119273491557,-1.15476013253476,0.305668016194332,0.787600186435876,0.755243268515281,4070,"tags=55%, list=24%, signal=42%","FAHD1/SDHA/DLD/SUCLG1/ME3/OGDH/ME2/FH/SDHC/CS/DLST/IDH3A"
"REACTOME_TRP_CHANNELS","REACTOME_TRP_CHANNELS",18,-0.563766670905297,-1.15333195456346,0.312749003984064,0.787600186435876,0.755243268515281,1299,"tags=28%, list=8%, signal=26%","MLKL/TRPC3/MCOLN2/MCOLN3/TRPV4"
"REACTOME_ACTIVATION_OF_BH3_ONLY_PROTEINS","REACTOME_ACTIVATION_OF_BH3_ONLY_PROTEINS",29,-0.506398870888664,-1.13353148554274,0.311764705882353,0.787600186435876,0.755243268515281,604,"tags=17%, list=4%, signal=17%","YWHAG/TP53BP2/PMAIP1/YWHAH/BID"
"REACTOME_DOPAMINE_NEUROTRANSMITTER_RELEASE_CYCLE","REACTOME_DOPAMINE_NEUROTRANSMITTER_RELEASE_CYCLE",17,0.568754731198629,1.13326453661818,0.310276679841897,0.787600186435876,0.755243268515281,666,"tags=18%, list=4%, signal=17%","PPFIA3/SNAP25/VAMP2"
"REACTOME_SUMOYLATION_OF_INTRACELLULAR_RECEPTORS","REACTOME_SUMOYLATION_OF_INTRACELLULAR_RECEPTORS",25,0.534373417746337,1.11738207691986,0.309090909090909,0.787600186435876,0.755243268515281,271,"tags=12%, list=2%, signal=12%","PPARA/RORA/NR3C1"
"REACTOME_COLLAGEN_CHAIN_TRIMERIZATION","REACTOME_COLLAGEN_CHAIN_TRIMERIZATION",27,0.525881083180922,1.11111534958945,0.312749003984064,0.787600186435876,0.755243268515281,897,"tags=37%, list=5%, signal=35%","COL1A1/COL18A1/COL5A1/COL8A1/COL9A3/COL6A1/COL4A1/COL16A1/COL22A1/COL15A1"
"REACTOME_TRANSCRIPTION_OF_THE_HIV_GENOME","REACTOME_TRANSCRIPTION_OF_THE_HIV_GENOME",68,-0.439746416536909,-1.10119540631955,0.307377049180328,0.787600186435876,0.755243268515281,2908,"tags=24%, list=17%, signal=20%","GTF2H2/TAF6/RNMT/POLR2B/POLR2F/TAF3/CDK7/CCNK/TAF5/GTF2E1/CCNT1/NCBP1/SUPT16H/CCNT2/GTF2H3/CCNH"
"REACTOME_RESPONSE_TO_ELEVATED_PLATELET_CYTOSOLIC_CA2","REACTOME_RESPONSE_TO_ELEVATED_PLATELET_CYTOSOLIC_CA2",88,0.445664286757463,1.09906833497541,0.311320754716981,0.787600186435876,0.755243268515281,2276,"tags=28%, list=13%, signal=25%","TGFB1/VEGFA/APP/PROS1/THBS1/CD109/TIMP1/TGFB3/SPARC/ENDOD1/PCYOX1L/FAM3C/MANF/VEGFB/PSAP/LHFPL2/LAMP2/GAS6/TEX264/A1BG/STX4/GTPBP2/TIMP3/FN1/PRKCA"
"REACTOME_RAB_GEFS_EXCHANGE_GTP_FOR_GDP_ON_RABS","REACTOME_RAB_GEFS_EXCHANGE_GTP_FOR_GDP_ON_RABS",88,-0.42401407444593,-1.09647965093107,0.305084745762712,0.787600186435876,0.755243268515281,1292,"tags=20%, list=8%, signal=19%","SBF2/RAB18/GAPVD1/RAB27B/RAB13/HPS4/ANKRD27/DENND1A/GDI2/RAB3IL1/RAB35/DENND4B/RAB21/RAB3GAP2/RAB3IP/RAB9B/CHML/RAB38"
"REACTOME_PROTEIN_FOLDING","REACTOME_PROTEIN_FOLDING",79,-0.425579791840067,-1.09549695213135,0.313645621181263,0.787600186435876,0.755243268515281,2353,"tags=24%, list=14%, signal=21%","KIFC3/FBXW7/GBA/TUBB6/XRN2/GNG5/TUBA8/GNG10/GNB1/PFDN4/TCP1/CCT5/CCT3/ACTB/CCT2/TUBA1C/ARFGEF2/TUBA1B/TUBB4B"
"REACTOME_APOPTOSIS","REACTOME_APOPTOSIS",163,-0.379396935979633,-1.07099046573692,0.307036247334755,0.787600186435876,0.755243268515281,970,"tags=9%, list=6%, signal=8%","TJP2/PRKCD/TJP1/PSMD2/YWHAG/VIM/SPTAN1/AVEN/UACA/TP53BP2/PMAIP1/YWHAH/BID/DAPK1"
"REACTOME_INTRACELLULAR_SIGNALING_BY_SECOND_MESSENGERS","REACTOME_INTRACELLULAR_SIGNALING_BY_SECOND_MESSENGERS",256,0.383211761432531,1.06847432832429,0.307835820895522,0.787600186435876,0.755243268515281,1260,"tags=9%, list=7%, signal=8%","TGFA/EGR1/ERBB3/PSME2/NRG2/IL1RAP/PSME1/MOV10/AGO4/INSR/FOXO1/CDKN1B/PIP5K1C/LAMTOR4/ATN1/RRAGB/PTEN/CHD3/CAMKK1/FOXO4/FLT3LG/HDAC1"
"REACTOME_TRANSPORT_OF_SMALL_MOLECULES","REACTOME_TRANSPORT_OF_SMALL_MOLECULES",471,0.356588902429723,1.05322226538067,0.311504424778761,0.787600186435876,0.755243268515281,1555,"tags=12%, list=9%, signal=12%","SLC26A2/ATP6V0A4/SLC9A7/SLC2A12/SLC2A1/TTYH2/TTYH3/ATP7A/PSME2/TRPM4/SLC44A2/PSME1/ATP8B3/SLC2A11/STEAP3/SLC6A6/GNG2/SLC2A3/ATP6V0A1/ABCB6/ANKH/TPCN2/SLC7A5/SLC7A11/ABCA7/BMP1/ABCA5/SLC9A5/CLCN3/ANGPTL4/SLC39A6/SLC27A1/SLC3A2/SLC22A18/WNK1/SLC4A4/ATP6V1A/SLC43A2/AHCYL2/ATP13A1/ASIC1/SLC35B2/HFE/FBXL5/ARL2/ATP1A1/SLCO3A1/MFSD4B/ASIC2/SLC25A10/SLC25A22/LIPA/SLC12A6/OS9/P4HB/SLC1A3/SLC39A7/SLC22A5"
"REACTOME_HIV_INFECTION","REACTOME_HIV_INFECTION",218,-0.356329438608896,-1.04142694296123,0.313765182186235,0.787600186435876,0.755243268515281,2908,"tags=22%, list=17%, signal=18%","POLR2B/NUP153/VPS37C/XPO1/POLR2F/NUP93/TAF3/CDK7/NUP88/RAC1/NUP133/CCNK/PSMD5/NPM1/CHMP5/TAF5/RANBP2/XRCC4/DOCK2/PSMD12/PSMB7/SEH1L/GTF2E1/RAE1/RANGAP1/B2M/NDC1/NUP54/TPR/NUP214/PSIP1/RANBP1/CCNT1/NCBP1/SUPT16H/ARF1/CCNT2/NUP37/NUP210/PSMD2/NUP205/GTF2H3/NUP107/RAN/SLC25A4/CCNH/NUP188"
"REACTOME_CHAPERONE_MEDIATED_AUTOPHAGY","REACTOME_CHAPERONE_MEDIATED_AUTOPHAGY",17,-0.567761251051146,-1.14668770382512,0.316532258064516,0.788500268528464,0.756106372604443,2135,"tags=35%, list=13%, signal=31%","ARL13B/HSP90AA1/HSPA8/PLIN3/VIM/HSP90AB1"
"REACTOME_SIGNALING_BY_NTRKS","REACTOME_SIGNALING_BY_NTRKS",122,0.420496809346903,1.08324928946604,0.317669172932331,0.788500268528464,0.756106372604443,751,"tags=8%, list=4%, signal=8%","DUSP4/EGR1/MAPK11/MEF2C/PTPRS/CDK5R2/FOS/STAT3/EGR2/VRK3"
"REACTOME_METABOLISM_OF_VITAMINS_AND_COFACTORS","REACTOME_METABOLISM_OF_VITAMINS_AND_COFACTORS",147,-0.386305576994699,-1.07638582773295,0.315098468271335,0.788500268528464,0.756106372604443,1491,"tags=17%, list=9%, signal=16%","CALM1/TCN1/ABCC1/FLAD1/FASN/MTRR/MTHFD2/RFK/SLC19A2/RNLS/AOX1/LDLR/SLC46A1/NMNAT2/PANK3/SLC25A32/NMNAT3/NAMPT/NT5E/LRP8/MMAB/PDSS1/ALDH1L2/GPC4/SHMT2"
"REACTOME_PROGRAMMED_CELL_DEATH","REACTOME_PROGRAMMED_CELL_DEATH",186,-0.370100325126716,-1.05758371697203,0.316770186335404,0.788500268528464,0.756106372604443,970,"tags=9%, list=6%, signal=8%","TJP2/BIRC3/PRKCD/TJP1/PSMD2/YWHAG/VIM/SPTAN1/AVEN/UACA/TP53BP2/PMAIP1/YWHAH/CASP4/BID/DAPK1"
"REACTOME_RRNA_PROCESSING","REACTOME_RRNA_PROCESSING",200,-0.362654640309403,-1.04582818373191,0.316973415132924,0.788500268528464,0.756106372604443,4478,"tags=31%, list=26%, signal=23%","NOP56/RPL7A/MRM2/RRP9/TSR1/GNL3/MRM3/DHX37/WDR75/NOL12/WDR12/PNO1/RPS6/SENP3/RIOK3/BYSL/RIOK2/ERI1/RRP7A/KRR1/NSUN4/GAR1/EXOSC7/MPHOSPH6/RPP14/UTP4/WDR36/LTV1/RPP40/RPL6/NOL6/NOC4L/TFB1M/MPHOSPH10/DKC1/FCF1/NCL/ISG20L2/RPP30/TRMT10C/NOP14/DDX52/XRN2/EBNA1BP2/DDX21/PES1/NOL11/NOL9/EXOSC10/RCL1/WDR43/NOP58/UTP20/BMS1/TEX10/RPLP0/UTP15/EXOSC2/EXOSC9/HEATR1/EXOSC3/UTP25"
"REACTOME_CYTOCHROME_C_MEDIATED_APOPTOTIC_RESPONSE","REACTOME_CYTOCHROME_C_MEDIATED_APOPTOTIC_RESPONSE",13,-0.598591343722948,-1.14447410981857,0.320247933884298,0.789613530996317,0.7571738989959,2175,"tags=31%, list=13%, signal=27%","XIAP/MAPK1/AVEN/UACA"
"REACTOME_DOWNSTREAM_SIGNALING_OF_ACTIVATED_FGFR1","REACTOME_DOWNSTREAM_SIGNALING_OF_ACTIVATED_FGFR1",22,-0.543612589899692,-1.13491280532953,0.319838056680162,0.789613530996317,0.7571738989959,1526,"tags=18%, list=9%, signal=17%","FGF9/PTPN11/FLRT2/FGF1"
"REACTOME_RHOBTB_GTPASE_CYCLE","REACTOME_RHOBTB_GTPASE_CYCLE",35,-0.486888963336018,-1.11883572244137,0.320079522862823,0.789613530996317,0.7571738989959,955,"tags=46%, list=6%, signal=43%","COPS2/CCT6A/PHIP/DBN1/HSP90AA1/CUL3/TXNL1/RBBP6/HNRNPC/SRRM1/TWF1/RBMX/VIM/CCT2/HSP90AB1/ACTG1"
"REACTOME_MECP2_REGULATES_NEURONAL_RECEPTORS_AND_CHANNELS","REACTOME_MECP2_REGULATES_NEURONAL_RECEPTORS_AND_CHANNELS",15,-0.574697523076984,-1.13257213355063,0.321792260692464,0.791665915685886,0.759141965723024,1299,"tags=40%, list=8%, signal=37%","TRPC3/GPRIN1/HDAC2/NOTCH1/GRIN2B/FKBP5"
"REACTOME_EUKARYOTIC_TRANSLATION_ELONGATION","REACTOME_EUKARYOTIC_TRANSLATION_ELONGATION",90,0.436999164083085,1.0836012394426,0.322761194029851,0.792296794174821,0.759746925879491,6338,"tags=76%, list=37%, signal=48%","RPL27A/RPS19/RPL28/RPL30/RPS5/RPS4X/FAU/RPLP2/RPL18A/EEF1A2/RPS27L/RPS28/RPS11/RPS20/RPS25/UBA52/RPL21/RPS9/RPL37/RPL13A/RPS18/RPL10A/RPS16/RPL15/RPL8/RPL3/EEF1G/RPL29/RPL37A/RPL32/RPL35A/RPL19/RPS29/RPL23A/RPS10/RPL13/RPL36A/RPL11/RPS13/RPS26/RPL18/RPL36AL/RPS12/RPS17/RPL36/RPS23/RPS3/RPL31/RPS15/RPL39/RPL24/RPL38/RPL23/RPL4/RPL10/EEF1D/RPS15A/RPL22/RPS2/RPS7/RPL17/RPL34/RPL27/RPL7/RPL26/RPL41/RPS21/RPS3A"
"REACTOME_SYNTHESIS_OF_PIPS_AT_THE_GOLGI_MEMBRANE","REACTOME_SYNTHESIS_OF_PIPS_AT_THE_GOLGI_MEMBRANE",16,-0.574266608013443,-1.14443299129033,0.325051759834369,0.794412213045753,0.76177543715955,4496,"tags=44%, list=27%, signal=32%","PIK3C2A/PI4K2A/OCRL/PIK3C3/TPTE/PI4K2B/ARF1"
"REACTOME_FGFR2_MUTANT_RECEPTOR_ACTIVATION","REACTOME_FGFR2_MUTANT_RECEPTOR_ACTIVATION",23,-0.531708471589456,-1.12998356868843,0.324701195219123,0.794412213045753,0.76177543715955,1526,"tags=22%, list=9%, signal=20%","POLR2B/POLR2F/FGF9/NCBP1/FGF1"
"REACTOME_SIALIC_ACID_METABOLISM","REACTOME_SIALIC_ACID_METABOLISM",27,-0.511593549668348,-1.12512956478207,0.328,0.798109409190372,0.765320741679143,58,"tags=15%, list=0%, signal=15%","GLB1/NANP/ST8SIA2/ST6GAL1"
"REACTOME_MITOCHONDRIAL_PROTEIN_IMPORT","REACTOME_MITOCHONDRIAL_PROTEIN_IMPORT",62,-0.436479654455009,-1.08190035481498,0.327935222672065,0.798109409190372,0.765320741679143,2210,"tags=29%, list=13%, signal=25%","TIMM9/CHCHD4/HSPD1/CHCHD10/CHCHD3/FXN/TOMM20/TIMM21/ATP5F1B/GRPEL2/CS/PITRM1/TOMM22/VDAC1/MTX1/TIMM17A/GRPEL1/SLC25A4"
"REACTOME_TNF_RECEPTOR_SUPERFAMILY_TNFSF_MEMBERS_MEDIATING_NON_CANONICAL_NF_KB_PATHWAY","REACTOME_TNF_RECEPTOR_SUPERFAMILY_TNFSF_MEMBERS_MEDIATING_NON_CANONICAL_NF_KB_PATHWAY",12,0.6141724900018,1.14839995957656,0.330708661417323,0.799314711359404,0.76647652651181,1996,"tags=42%, list=12%, signal=37%","TNFRSF11A/MAP3K14/LTBR/TNFSF12/TNFSF13B"
"REACTOME_NEF_MEDIATED_DOWNREGULATION_OF_MHC_CLASS_I_COMPLEX_CELL_SURFACE_EXPRESSION","REACTOME_NEF_MEDIATED_DOWNREGULATION_OF_MHC_CLASS_I_COMPLEX_CELL_SURFACE_EXPRESSION",10,0.63571185715381,1.14756875205074,0.333988212180747,0.799314711359404,0.76647652651181,1099,"tags=20%, list=6%, signal=19%","HLA-A/PACS1"
"REACTOME_GABA_SYNTHESIS_RELEASE_REUPTAKE_AND_DEGRADATION","REACTOME_GABA_SYNTHESIS_RELEASE_REUPTAKE_AND_DEGRADATION",13,0.594480481864722,1.14514252098745,0.33976833976834,0.799314711359404,0.76647652651181,893,"tags=23%, list=5%, signal=22%","SNAP25/VAMP2/ABAT"
"REACTOME_CONDENSATION_OF_PROMETAPHASE_CHROMOSOMES","REACTOME_CONDENSATION_OF_PROMETAPHASE_CHROMOSOMES",11,-0.616269536844482,-1.14497524674968,0.333333333333333,0.799314711359404,0.76647652651181,4818,"tags=64%, list=28%, signal=46%","NCAPH/CDK1/CSNK2A2/CSNK2A1/SMC2/SMC4/NCAPG"
"REACTOME_UNBLOCKING_OF_NMDA_RECEPTORS_GLUTAMATE_BINDING_AND_ACTIVATION","REACTOME_UNBLOCKING_OF_NMDA_RECEPTORS_GLUTAMATE_BINDING_AND_ACTIVATION",12,-0.603385006145108,-1.13319476553107,0.340080971659919,0.799314711359404,0.76647652651181,1491,"tags=33%, list=9%, signal=30%","CALM1/NEFL/ACTN2/GRIN2B"
"REACTOME_REGULATION_OF_INNATE_IMMUNE_RESPONSES_TO_CYTOSOLIC_DNA","REACTOME_REGULATION_OF_INNATE_IMMUNE_RESPONSES_TO_CYTOSOLIC_DNA",13,0.587750698442553,1.13217899840116,0.353281853281853,0.799314711359404,0.76647652651181,1194,"tags=23%, list=7%, signal=21%","TRIM56/IRF3/STING1"
"REACTOME_FCGR3A_MEDIATED_IL10_SYNTHESIS","REACTOME_FCGR3A_MEDIATED_IL10_SYNTHESIS",25,-0.523744747530101,-1.13123995255507,0.335305719921105,0.799314711359404,0.76647652651181,3335,"tags=44%, list=20%, signal=35%","ADCY6/PLCG1/PRKX/PRKAR1B/CREB1/LYN/YES1/CALM1/PRKAR2A/PRKACB/ADCY1"
"REACTOME_APOPTOTIC_FACTOR_MEDIATED_RESPONSE","REACTOME_APOPTOTIC_FACTOR_MEDIATED_RESPONSE",19,-0.544806846083214,-1.13064970318345,0.338613861386139,0.799314711359404,0.76647652651181,2175,"tags=21%, list=13%, signal=18%","XIAP/MAPK1/AVEN/UACA"
"REACTOME_SYNTHESIS_OF_IP2_IP_AND_INS_IN_THE_CYTOSOL","REACTOME_SYNTHESIS_OF_IP2_IP_AND_INS_IN_THE_CYTOSOL",12,0.604540272120225,1.13038932118766,0.358267716535433,0.799314711359404,0.76647652651181,2681,"tags=50%, list=16%, signal=42%","INPP5J/SYNJ1/IMPA2/MTMR9/ISYNA1/INPP5B"
"REACTOME_GLYCOGEN_SYNTHESIS","REACTOME_GLYCOGEN_SYNTHESIS",12,-0.601797433518425,-1.13021320488217,0.34412955465587,0.799314711359404,0.76647652651181,617,"tags=33%, list=4%, signal=32%","GYG1/EPM2A/PGM2L1/PGM2"
"REACTOME_VITAMIN_B5_PANTOTHENATE_METABOLISM","REACTOME_VITAMIN_B5_PANTOTHENATE_METABOLISM",15,-0.570264209300719,-1.12383528078781,0.336048879837067,0.799314711359404,0.76647652651181,2744,"tags=33%, list=16%, signal=28%","PANK1/VNN1/ENPP2/FASN/PANK3"
"REACTOME_GOLGI_CISTERNAE_PERICENTRIOLAR_STACK_REORGANIZATION","REACTOME_GOLGI_CISTERNAE_PERICENTRIOLAR_STACK_REORGANIZATION",14,-0.579190869204478,-1.11930694166602,0.358178053830228,0.799314711359404,0.76647652651181,2892,"tags=36%, list=17%, signal=30%","CDK1/GORASP2/BLZF1/MAPK1/PLK1"
"REACTOME_DEPOLYMERISATION_OF_THE_NUCLEAR_LAMINA","REACTOME_DEPOLYMERISATION_OF_THE_NUCLEAR_LAMINA",14,-0.577333764441465,-1.11571802070203,0.358178053830228,0.799314711359404,0.76647652651181,2944,"tags=29%, list=17%, signal=24%","LPIN1/LEMD3/TMPO/LPIN2"
"REACTOME_TP53_REGULATES_TRANSCRIPTION_OF_SEVERAL_ADDITIONAL_CELL_DEATH_GENES_WHOSE_SPECIFIC_ROLES_IN_P53_DEPENDENT_APOPTOSIS_REMAIN_UNCERTAIN","REACTOME_TP53_REGULATES_TRANSCRIPTION_OF_SEVERAL_ADDITIONAL_CELL_DEATH_GENES_WHOSE_SPECIFIC_ROLES_IN_P53_DEPENDENT_APOPTOSIS_REMAIN_UNCERTAIN",12,-0.592438527040352,-1.11263659339193,0.3582995951417,0.799314711359404,0.76647652651181,1308,"tags=25%, list=8%, signal=23%","PERP/RABGGTB/TP53BP2"
"REACTOME_ROS_AND_RNS_PRODUCTION_IN_PHAGOCYTES","REACTOME_ROS_AND_RNS_PRODUCTION_IN_PHAGOCYTES",23,0.53538052797078,1.1108665800214,0.33,0.799314711359404,0.76647652651181,965,"tags=13%, list=6%, signal=12%","ATP6V0A4/ATP6V0A1/ATP6V1A"
"REACTOME_CARBOXYTERMINAL_POST_TRANSLATIONAL_MODIFICATIONS_OF_TUBULIN","REACTOME_CARBOXYTERMINAL_POST_TRANSLATIONAL_MODIFICATIONS_OF_TUBULIN",30,-0.492917228424527,-1.11006884301696,0.345703125,0.799314711359404,0.76647652651181,2126,"tags=33%, list=13%, signal=29%","TUBB6/TUBA8/TTLL4/TTLL5/VASH2/TTL/TUBA1C/AGTPBP1/TUBA1B/TUBB4B"
"REACTOME_MYOGENESIS","REACTOME_MYOGENESIS",23,0.533820202180427,1.10762904394399,0.338,0.799314711359404,0.76647652651181,1603,"tags=35%, list=9%, signal=32%","MAPK11/MEF2C/CTNNA2/MAP2K6/CTNNB1/CTNNA1/MAPK12/CDON"
"REACTOME_LISTERIA_MONOCYTOGENES_ENTRY_INTO_HOST_CELLS","REACTOME_LISTERIA_MONOCYTOGENES_ENTRY_INTO_HOST_CELLS",19,0.548743965786494,1.1075977765342,0.331991951710262,0.799314711359404,0.76647652651181,558,"tags=11%, list=3%, signal=10%","CTNND1/CTNNB1"
"REACTOME_PKA_MEDIATED_PHOSPHORYLATION_OF_CREB","REACTOME_PKA_MEDIATED_PHOSPHORYLATION_OF_CREB",15,-0.560965538467691,-1.10551013574775,0.358452138492872,0.799314711359404,0.76647652651181,3335,"tags=53%, list=20%, signal=43%","ADCY6/PRKX/PRKAR1B/CREB1/CALM1/PRKAR2A/PRKACB/ADCY1"
"REACTOME_DNA_STRAND_ELONGATION","REACTOME_DNA_STRAND_ELONGATION",32,-0.487746431777899,-1.10483056633747,0.333996023856859,0.799314711359404,0.76647652651181,4588,"tags=44%, list=27%, signal=32%","RFC1/POLA2/DNA2/PCNA/MCM8/POLA1/PRIM2/GINS1/RFC4/PRIM1/MCM5/POLD3/RFC5/CDC45"
"REACTOME_O_GLYCOSYLATION_OF_TSR_DOMAIN_CONTAINING_PROTEINS","REACTOME_O_GLYCOSYLATION_OF_TSR_DOMAIN_CONTAINING_PROTEINS",26,-0.50775954141366,-1.10460142831033,0.356136820925553,0.799314711359404,0.76647652651181,1551,"tags=23%, list=9%, signal=21%","ADAMTSL1/ADAMTS19/ADAMTS3/ADAMTS1/ADAMTS6/ADAMTS9"
"REACTOME_FGFR1_MUTANT_RECEPTOR_ACTIVATION","REACTOME_FGFR1_MUTANT_RECEPTOR_ACTIVATION",27,-0.499267280143296,-1.09802083701352,0.352,0.799314711359404,0.76647652651181,757,"tags=22%, list=4%, signal=21%","FGF9/CPSF6/LRRFIP1/CEP43/STAT5A/FGF1"
"REACTOME_SIGNALING_BY_FGFR1_IN_DISEASE","REACTOME_SIGNALING_BY_FGFR1_IN_DISEASE",34,-0.479342050227874,-1.09658818548859,0.342,0.799314711359404,0.76647652651181,757,"tags=18%, list=4%, signal=17%","FGF9/CPSF6/LRRFIP1/CEP43/STAT5A/FGF1"
"REACTOME_SIGNALING_BY_MODERATE_KINASE_ACTIVITY_BRAF_MUTANTS","REACTOME_SIGNALING_BY_MODERATE_KINASE_ACTIVITY_BRAF_MUTANTS",38,-0.468228174221682,-1.09176194981771,0.349900596421471,0.799314711359404,0.76647652651181,2250,"tags=32%, list=13%, signal=27%","BRAP/MAPK1/IQGAP1/MAP2K1/CALM1/RAP1A/VCL/PEBP1/ACTB/CNKSR2/RAP1B/ACTG1"
"REACTOME_FLT3_SIGNALING_IN_DISEASE","REACTOME_FLT3_SIGNALING_IN_DISEASE",27,0.516641165464715,1.09159265761254,0.338645418326693,0.799314711359404,0.76647652651181,1350,"tags=22%, list=8%, signal=20%","ETV6/MYO18A/ZMYM2/STAT5B/FLT3LG/CDKN1A"
"REACTOME_RNA_POLYMERASE_III_TRANSCRIPTION","REACTOME_RNA_POLYMERASE_III_TRANSCRIPTION",41,-0.463924633319204,-1.09117240829527,0.348249027237354,0.799314711359404,0.76647652651181,2994,"tags=37%, list=18%, signal=30%","POLR3A/GTF3C1/CRCP/SNAPC4/POLR2F/POLR3K/SSB/ZNF143/GTF3C4/POLR3C/GTF3C5/POLR3F/NFIA/POLR3B/SNAPC1"
"REACTOME_NEGATIVE_REGULATORS_OF_DDX58_IFIH1_SIGNALING","REACTOME_NEGATIVE_REGULATORS_OF_DDX58_IFIH1_SIGNALING",35,-0.472743784101134,-1.08633112073529,0.351888667992048,0.799314711359404,0.76647652651181,2570,"tags=31%, list=15%, signal=27%","UBE2D2/TBK1/HERC5/TNFAIP3/NLRC5/TRIM25/CYLD/DDX58/UBE2D3/PCBP2/RNF125"
"REACTOME_RHOF_GTPASE_CYCLE","REACTOME_RHOF_GTPASE_CYCLE",40,-0.461642668711048,-1.08278147162706,0.352589641434263,0.799314711359404,0.76647652651181,3127,"tags=40%, list=18%, signal=33%","SLC4A7/SOWAHC/AKAP12/ADD3/DIAPH2/ARHGAP21/SNAP23/TOR1AIP1/BASP1/ESYT1/DIAPH1/DIAPH3/TMPO/ACTB/MTMR1/VAMP3"
"REACTOME_MRNA_CAPPING","REACTOME_MRNA_CAPPING",29,-0.483412418050539,-1.08207823489225,0.350980392156863,0.799314711359404,0.76647652651181,3728,"tags=31%, list=22%, signal=24%","ERCC2/GTF2H2/RNMT/POLR2B/POLR2F/CDK7/NCBP1/GTF2H3/CCNH"
"REACTOME_G_ALPHA_S_SIGNALLING_EVENTS","REACTOME_G_ALPHA_S_SIGNALLING_EVENTS",57,0.46511197958659,1.08137836249779,0.336,0.799314711359404,0.76647652651181,1442,"tags=16%, list=9%, signal=14%","HTR7/PDE4D/GRK3/GNG2/PDE8B/GIPR/ARRB1/GPR27/ADORA2B"
"REACTOME_HEDGEHOG_LIGAND_BIOGENESIS","REACTOME_HEDGEHOG_LIGAND_BIOGENESIS",59,0.463005445537429,1.08071383966966,0.331349206349206,0.799314711359404,0.76647652651181,2684,"tags=19%, list=16%, signal=16%","PSME2/PSME1/DISP2/OS9/P4HB/ADAM17/PSMC5/PSMB6/PSMC4/PSMD8/SYVN1"
"REACTOME_SIGNALING_BY_FGFR1","REACTOME_SIGNALING_BY_FGFR1",40,-0.459851179999876,-1.07857954031837,0.358565737051793,0.799314711359404,0.76647652651181,1526,"tags=15%, list=9%, signal=14%","MAPK1/FGF9/PTPN11/FLRT2/FGF1/ANOS1"
"REACTOME_ER_QUALITY_CONTROL_COMPARTMENT_ERQC","REACTOME_ER_QUALITY_CONTROL_COMPARTMENT_ERQC",21,0.521604206801247,1.07723765514353,0.35546875,0.799314711359404,0.76647652651181,3451,"tags=38%, list=20%, signal=30%","OS9/TRIM13/RNF103/SYVN1/EDEM2/RNF139/UBA52/EDEM1"
"REACTOME_PYRUVATE_METABOLISM_AND_CITRIC_ACID_TCA_CYCLE","REACTOME_PYRUVATE_METABOLISM_AND_CITRIC_ACID_TCA_CYCLE",50,-0.443751546008116,-1.07504566942109,0.349301397205589,0.799314711359404,0.76647652651181,2080,"tags=26%, list=12%, signal=23%","OGDH/DLAT/ME2/SLC16A1/PPARD/FH/SDHC/CS/PDK3/VDAC1/DLST/IDH3A/PDHA1"
"REACTOME_SUMOYLATION_OF_CHROMATIN_ORGANIZATION_PROTEINS","REACTOME_SUMOYLATION_OF_CHROMATIN_ORGANIZATION_PROTEINS",66,-0.426729496342787,-1.06991368668185,0.352589641434263,0.799314711359404,0.76647652651181,3910,"tags=42%, list=23%, signal=33%","NUP85/CBX5/SATB1/NUP50/CBX2/RNF2/SUZ12/PIAS2/NUP42/NUP153/SUMO1/NUP93/NUP88/NUP133/RANBP2/SEH1L/RAE1/NDC1/NUP54/TPR/NUP214/UBE2I/NUP37/NUP210/NUP205/NUP107/HDAC2/NUP188"
"REACTOME_ONCOGENE_INDUCED_SENESCENCE","REACTOME_ONCOGENE_INDUCED_SENESCENCE",32,0.493189802823916,1.0639328069273,0.35871743486974,0.799314711359404,0.76647652651181,449,"tags=9%, list=3%, signal=9%","CDKN2C/MOV10/AGO4"
"REACTOME_GLYCEROPHOSPHOLIPID_BIOSYNTHESIS","REACTOME_GLYCEROPHOSPHOLIPID_BIOSYNTHESIS",97,-0.401995891884038,-1.05585588854479,0.350210970464135,0.799314711359404,0.76647652651181,1601,"tags=19%, list=9%, signal=17%","MBOAT2/CPNE7/PLAAT3/MBOAT7/CHPT1/DDHD1/PITPNB/OSBPL8/GNPAT/MGLL/MFSD2A/PISD/AGPAT2/LPIN2/SELENOI/PTPMT1/SLC44A5/PCYT1B"
"REACTOME_CLATHRIN_MEDIATED_ENDOCYTOSIS","REACTOME_CLATHRIN_MEDIATED_ENDOCYTOSIS",125,0.407053073437027,1.05346532698309,0.353932584269663,0.799314711359404,0.76647652651181,945,"tags=8%, list=6%, signal=8%","TGFA/WNT5A/GRK3/CTTN/PIP5K1C/VAMP2/STON1/COPS7A/ARPC4/ARRB1"
"REACTOME_HEDGEHOG_OFF_STATE","REACTOME_HEDGEHOG_OFF_STATE",102,-0.395428317905437,-1.04694312481706,0.357601713062098,0.799314711359404,0.76647652651181,2150,"tags=15%, list=13%, signal=13%","PSMD12/PSMB7/TUBB6/NUMB/CUL1/PRKAR2A/PRKACB/DYNC2H1/ADCY1/GLI2/PSMD2/TUBA1C/TUBA1B/TUBB4B/GPR161"
"REACTOME_CELLULAR_RESPONSE_TO_CHEMICAL_STRESS","REACTOME_CELLULAR_RESPONSE_TO_CHEMICAL_STRESS",141,0.39726008893394,1.04416002924965,0.345388788426763,0.799314711359404,0.76647652651181,784,"tags=7%, list=5%, signal=7%","PPARA/TXNIP/ATP7A/PSME2/PSME1/CAT/BLVRB/STAT3/FBXL17/MAFK"
"REACTOME_DISEASES_OF_METABOLISM","REACTOME_DISEASES_OF_METABOLISM",171,0.389449378251848,1.04268239798745,0.343396226415094,0.799314711359404,0.76647652651181,2072,"tags=22%, list=12%, signal=19%","SLC26A2/SDC3/GPC6/B4GAT1/FDXR/DAG1/HGSNAT/NOTCH2/BTD/GAA/LFNG/THBS1/ADAMTS12/ADAMTS14/ALG12/ADAMTS7/B3GAT3/GALNT12/GPC1/SGSH/EXT1/HSPG2/PCCA/ARSB/IDUA/LMBRD1/AGRN/HLCS/GALE/TCN2/SRD5A3/IDS/GSS/GALNS/GALK1/NAGLU/MOGS"
"REACTOME_METABOLISM_OF_AMINO_ACIDS_AND_DERIVATIVES","REACTOME_METABOLISM_OF_AMINO_ACIDS_AND_DERIVATIVES",296,-0.349007947982345,-1.04014493953252,0.340044742729307,0.799314711359404,0.76647652651181,1874,"tags=12%, list=11%, signal=11%","CBS/SLC25A44/DLAT/TYRP1/HIBCH/DUOX1/OAZ1/SLC25A21/ASNS/TST/MARS1/MTRR/RPLP0/AADAT/SECISBP2/MTAP/DLST/AMD1/EPRS1/HIBADH/ALDH9A1/GOT2/PSMD2/IARS1/PSPH/AASS/GPT2/PDHA1/RIMKLA/SCLY/SARS1/PAPSS2/DDO/PSAT1/ODC1/GLUL/RIMKLB"
"REACTOME_TRANSPORT_TO_THE_GOLGI_AND_SUBSEQUENT_MODIFICATION","REACTOME_TRANSPORT_TO_THE_GOLGI_AND_SUBSEQUENT_MODIFICATION",158,0.388579595969684,1.03660420451119,0.359404096834264,0.799314711359404,0.76647652651181,2027,"tags=18%, list=12%, signal=16%","TGFA/FUCA1/ST3GAL4/CNIH2/SEC24C/COG8/TRAPPC9/MAN2A2/ANKRD28/MGAT1/CHST10/CSNK1D/STX5/NSF/COG6/COPG2/KDELR1/ARF5/CD59/MAN1A2/COPE/SEC23IP/CAPZB/COPG1/SPTBN5/LMAN2/TMED3/TRAPPC6A/B4GALT4"
"REACTOME_TRAFFICKING_OF_GLUR2_CONTAINING_AMPA_RECEPTORS","REACTOME_TRAFFICKING_OF_GLUR2_CONTAINING_AMPA_RECEPTORS",10,0.614766466132655,1.10975873487885,0.369351669941061,0.801587424620584,0.768655870068773,2410,"tags=50%, list=14%, signal=43%","NSF/AP2S1/PRKCA/AP2M1/AP2B1"
"REACTOME_SIGNALING_BY_ERBB2_ECD_MUTANTS","REACTOME_SIGNALING_BY_ERBB2_ECD_MUTANTS",16,-0.556591819935011,-1.10920961192478,0.368530020703934,0.801587424620584,0.768655870068773,3639,"tags=69%, list=21%, signal=54%","CDC37/NRAS/KRAS/SHC1/PIK3CA/HSP90AA1/PLCG1/EGF/ERBIN/ERBB2/EGFR"
"REACTOME_GLUCAGON_TYPE_LIGAND_RECEPTORS","REACTOME_GLUCAGON_TYPE_LIGAND_RECEPTORS",15,0.565542752319029,1.10363362112381,0.36986301369863,0.801587424620584,0.768655870068773,554,"tags=13%, list=3%, signal=13%","GNG2/GIPR"
"REACTOME_FGFR2_ALTERNATIVE_SPLICING","REACTOME_FGFR2_ALTERNATIVE_SPLICING",25,-0.50478266291566,-1.09028361303903,0.366863905325444,0.801587424620584,0.768655870068773,2908,"tags=28%, list=17%, signal=23%","HNRNPM/POLR2B/POLR2F/PTBP1/NCBP1/HNRNPA1/HNRNPH1"
"REACTOME_SIGNAL_AMPLIFICATION","REACTOME_SIGNAL_AMPLIFICATION",23,0.520398125119912,1.07977943780028,0.366,0.801587424620584,0.768655870068773,279,"tags=9%, list=2%, signal=9%","TBXA2R/GNG2"
"REACTOME_SIGNALING_BY_FGFR2_IN_DISEASE","REACTOME_SIGNALING_BY_FGFR2_IN_DISEASE",33,-0.475145218101372,-1.07916783039279,0.365079365079365,0.801587424620584,0.768655870068773,3152,"tags=18%, list=19%, signal=15%","PLCG1/POLR2B/POLR2F/FGF9/NCBP1/FGF1"
"REACTOME_MAP2K_AND_MAPK_ACTIVATION","REACTOME_MAP2K_AND_MAPK_ACTIVATION",35,-0.467659450730759,-1.0746476893414,0.363817097415507,0.801587424620584,0.768655870068773,1996,"tags=29%, list=12%, signal=25%","MAPK1/IQGAP1/MAP2K1/RAP1A/VCL/PEBP1/ACTB/CNKSR2/RAP1B/ACTG1"
"REACTOME_DNA_DAMAGE_BYPASS","REACTOME_DNA_DAMAGE_BYPASS",48,-0.442614048898105,-1.06853197537422,0.362745098039216,0.801587424620584,0.768655870068773,2525,"tags=19%, list=15%, signal=16%","UBE2B/POLD3/TRIM25/USP43/RFC5/DTL/USP1/POLE3/RAD18"
"REACTOME_NOTCH1_INTRACELLULAR_DOMAIN_REGULATES_TRANSCRIPTION","REACTOME_NOTCH1_INTRACELLULAR_DOMAIN_REGULATES_TRANSCRIPTION",45,0.476970620197425,1.06626823920909,0.366053169734151,0.801587424620584,0.768655870068773,1544,"tags=20%, list=9%, signal=18%","MAML3/HES1/KAT2B/HDAC10/KAT2A/HDAC1/MAML2/HDAC4/NBEA"
"REACTOME_RHOU_GTPASE_CYCLE","REACTOME_RHOU_GTPASE_CYCLE",40,-0.454455728118656,-1.06592452438504,0.370517928286853,0.801587424620584,0.768655870068773,938,"tags=10%, list=6%, signal=9%","ARHGAP31/SPTAN1/PEAK1/ARHGAP30"
"REACTOME_RHOJ_GTPASE_CYCLE","REACTOME_RHOJ_GTPASE_CYCLE",54,0.458138976970954,1.05743541218434,0.362376237623762,0.801587424620584,0.768655870068773,734,"tags=7%, list=4%, signal=7%","PAK3/ARHGAP26/STEAP3/RHOJ"
"REACTOME_ESTROGEN_DEPENDENT_GENE_EXPRESSION","REACTOME_ESTROGEN_DEPENDENT_GENE_EXPRESSION",121,0.409819771999231,1.05375587912495,0.361581920903955,0.801587424620584,0.768655870068773,1482,"tags=9%, list=9%, signal=8%","TGFA/CXXC5/MOV10/AGO4/FOS/KAT2B/H2BC14/NCOA1/HDAC1/H4C2/H4-16"
"REACTOME_HDACS_DEACETYLATE_HISTONES","REACTOME_HDACS_DEACETYLATE_HISTONES",70,0.437610136776598,1.0510300444211,0.368627450980392,0.801587424620584,0.768655870068773,2850,"tags=26%, list=17%, signal=21%","HMG20B/PHF21A/HDAC10/CHD3/H2BC14/HDAC1/GPS2/H4C2/H4-16/RBBP4/SAP18/H4C8/H4C1/H2BC3/HDAC3/MTA3/H4C12/H2BC4"
"REACTOME_SIGNALING_BY_NOTCH1","REACTOME_SIGNALING_BY_NOTCH1",65,0.442616051928872,1.0504495830735,0.37029702970297,0.801587424620584,0.768655870068773,1950,"tags=23%, list=12%, signal=21%","MAML3/HES1/KAT2B/HDAC10/ARRB1/KAT2A/MIB2/HDAC1/JAG1/MAML2/HDAC4/NBEA/ADAM17/PSEN1/MIB1"
"REACTOME_CELL_JUNCTION_ORGANIZATION","REACTOME_CELL_JUNCTION_ORGANIZATION",61,-0.425114219659586,-1.05414862015916,0.371717171717172,0.802620378542709,0.769646387224313,2434,"tags=34%, list=14%, signal=30%","CLDN12/DST/PRKCI/LAMA3/PXN/CDH2/AFDN/FLNA/CDH6/COL17A1/PVR/CLDN1/NECTIN4/ACTB/JUP/PARD6G/CDH4/RSU1/FERMT2/ACTG1/FBLIM1"
"REACTOME_NEGATIVE_REGULATION_OF_NMDA_RECEPTOR_MEDIATED_NEURONAL_TRANSMISSION","REACTOME_NEGATIVE_REGULATION_OF_NMDA_RECEPTOR_MEDIATED_NEURONAL_TRANSMISSION",16,-0.554106658057946,-1.10425703205835,0.374741200828157,0.803616945532218,0.770602012328793,1491,"tags=25%, list=9%, signal=23%","CALM1/NEFL/ACTN2/GRIN2B"
"REACTOME_CONSTITUTIVE_SIGNALING_BY_OVEREXPRESSED_ERBB2","REACTOME_CONSTITUTIVE_SIGNALING_BY_OVEREXPRESSED_ERBB2",11,-0.594347015764256,-1.10424510761002,0.374233128834356,0.803616945532218,0.770602012328793,6141,"tags=73%, list=36%, signal=46%","CDC37/NRAS/KRAS/SHC1/PTPN12/HSP90AA1/ERBIN/ERBB2"
"REACTOME_CRMPS_IN_SEMA3A_SIGNALING","REACTOME_CRMPS_IN_SEMA3A_SIGNALING",12,-0.581657713992169,-1.09238955246458,0.378542510121458,0.803616945532218,0.770602012328793,14,"tags=17%, list=0%, signal=17%","DPYSL2/PLXNA2"
"REACTOME_PKA_ACTIVATION_IN_GLUCAGON_SIGNALLING","REACTOME_PKA_ACTIVATION_IN_GLUCAGON_SIGNALLING",12,-0.579449280900343,-1.08824197704558,0.382591093117409,0.803616945532218,0.770602012328793,3335,"tags=42%, list=20%, signal=33%","ADCY6/PRKAR1B/PRKAR2A/PRKACB/ADCY1"
"REACTOME_PHASE_0_RAPID_DEPOLARISATION","REACTOME_PHASE_0_RAPID_DEPOLARISATION",17,0.544384267586537,1.08470549941365,0.379446640316206,0.803616945532218,0.770602012328793,996,"tags=24%, list=6%, signal=22%","CACNG7/FGF12/CACNG8/RANGRF"
"REACTOME_SIGNALING_BY_NTRK2_TRKB","REACTOME_SIGNALING_BY_NTRK2_TRKB",23,-0.507380280842161,-1.0782814475652,0.376494023904382,0.803616945532218,0.770602012328793,1074,"tags=61%, list=6%, signal=57%","FRS3/NRAS/DOCK3/KRAS/FRS2/SHC1/SRC/PIK3CA/FYN/CDK5R1/PLCG1/RAC1/PTPN11/GRIN2B"
"REACTOME_FORMATION_OF_THE_EARLY_ELONGATION_COMPLEX","REACTOME_FORMATION_OF_THE_EARLY_ELONGATION_COMPLEX",33,-0.469328507769573,-1.0659566973967,0.378968253968254,0.803616945532218,0.770602012328793,2908,"tags=18%, list=17%, signal=15%","POLR2B/POLR2F/CDK7/NCBP1/GTF2H3/CCNH"
"REACTOME_INSULIN_RECEPTOR_SIGNALLING_CASCADE","REACTOME_INSULIN_RECEPTOR_SIGNALLING_CASCADE",37,-0.458296141330625,-1.06203197598046,0.380478087649402,0.803616945532218,0.770602012328793,2158,"tags=22%, list=13%, signal=19%","PIK3C3/GAB2/MAPK1/PDE3B/FGF9/PTPN11/TRIB3/FGF1"
"REACTOME_RNA_POLYMERASE_III_TRANSCRIPTION_INITIATION_FROM_TYPE_3_PROMOTER","REACTOME_RNA_POLYMERASE_III_TRANSCRIPTION_INITIATION_FROM_TYPE_3_PROMOTER",28,-0.476879530257396,-1.05916444846995,0.37721021611002,0.803616945532218,0.770602012328793,2994,"tags=36%, list=18%, signal=29%","POLR3A/CRCP/SNAPC4/POLR2F/POLR3K/ZNF143/POLR3C/POLR3F/POLR3B/SNAPC1"
"REACTOME_ACTIVATION_OF_KAINATE_RECEPTORS_UPON_GLUTAMATE_BINDING","REACTOME_ACTIVATION_OF_KAINATE_RECEPTORS_UPON_GLUTAMATE_BINDING",20,0.51550942844417,1.05257182478279,0.382470119521912,0.803616945532218,0.770602012328793,475,"tags=15%, list=3%, signal=15%","GNG2/GRIK2/PLCB1"
"REACTOME_METABOLISM_OF_POLYAMINES","REACTOME_METABOLISM_OF_POLYAMINES",55,0.451437855341648,1.04526152549898,0.373517786561265,0.803616945532218,0.770602012328793,502,"tags=9%, list=3%, signal=9%","PSME2/PSME1/NQO1/OAZ2/SAT1"
"REACTOME_CELL_CELL_COMMUNICATION","REACTOME_CELL_CELL_COMMUNICATION",88,0.422155352542535,1.04109212742996,0.383018867924528,0.803616945532218,0.770602012328793,558,"tags=8%, list=3%, signal=8%","FYB1/NCK2/KIRREL3/CTNND1/SKAP2/KRT14/CTNNB1"
"REACTOME_C_TYPE_LECTIN_RECEPTORS_CLRS","REACTOME_C_TYPE_LECTIN_RECEPTORS_CLRS",111,0.409965307235658,1.03986912943466,0.379506641366224,0.803616945532218,0.770602012328793,650,"tags=5%, list=4%, signal=4%","PAK3/PSME2/PSME1/NFATC2/MAP3K14"
"REACTOME_ION_CHANNEL_TRANSPORT","REACTOME_ION_CHANNEL_TRANSPORT",115,0.404784224734055,1.03741728212803,0.381578947368421,0.803616945532218,0.770602012328793,1738,"tags=17%, list=10%, signal=15%","ATP6V0A4/TTYH2/TTYH3/ATP7A/TRPM4/ATP8B3/ATP6V0A1/TPCN2/CLCN3/WNK1/ATP6V1A/ATP13A1/ASIC1/ATP1A1/ASIC2/TCIRG1/ATP10D/RIPK1/SGK1"
"REACTOME_CDC42_GTPASE_CYCLE","REACTOME_CDC42_GTPASE_CYCLE",138,0.389803949634958,1.02227931352856,0.379061371841155,0.803616945532218,0.770602012328793,743,"tags=9%, list=4%, signal=8%","PAK6/PAK3/SH3PXD2A/ARHGAP26/PLEKHG1/STEAP3/PLEKHG4/DOCK6/FMNL2/CDC42EP3/SRGAP3/ARHGAP44"
"REACTOME_SHC1_EVENTS_IN_ERBB4_SIGNALING","REACTOME_SHC1_EVENTS_IN_ERBB4_SIGNALING",12,0.584934798983956,1.09373036149198,0.385826771653543,0.804263101091258,0.771221621928668,157,"tags=8%, list=1%, signal=8%","NRG2"
"REACTOME_INITIATION_OF_NUCLEAR_ENVELOPE_NE_REFORMATION","REACTOME_INITIATION_OF_NUCLEAR_ENVELOPE_NE_REFORMATION",19,-0.523753854210227,-1.08695796328802,0.388118811881188,0.804263101091258,0.771221621928668,2496,"tags=42%, list=15%, signal=36%","LMNA/CDK1/PPP2R2A/PPP2CA/LEMD3/VRK1/ANKLE2/TMPO"
"REACTOME_METAL_ION_SLC_TRANSPORTERS","REACTOME_METAL_ION_SLC_TRANSPORTERS",18,-0.527310891049863,-1.07875213634134,0.388446215139442,0.804263101091258,0.771221621928668,3190,"tags=39%, list=19%, signal=32%","SLC39A1/SLC39A10/SLC11A2/SLC30A1/SLC39A8/SLC30A3/SLC41A1"
"REACTOME_HS_GAG_DEGRADATION","REACTOME_HS_GAG_DEGRADATION",19,0.520721824193366,1.05103722433243,0.388329979879276,0.804263101091258,0.771221621928668,2094,"tags=58%, list=12%, signal=51%","SDC3/GPC6/HGSNAT/GPC1/SGSH/HSPG2/IDUA/AGRN/IDS/NAGLU/GLB1L"
"REACTOME_SMAD2_SMAD3_SMAD4_HETEROTRIMER_REGULATES_TRANSCRIPTION","REACTOME_SMAD2_SMAD3_SMAD4_HETEROTRIMER_REGULATES_TRANSCRIPTION",31,0.489395091933211,1.04820284461726,0.38508064516129,0.804263101091258,0.771221621928668,1260,"tags=13%, list=7%, signal=12%","SMAD3/WWTR1/SMAD2/HDAC1"
"REACTOME_SIGNALING_BY_FGFR_IN_DISEASE","REACTOME_SIGNALING_BY_FGFR_IN_DISEASE",52,-0.425945921761271,-1.03944906734191,0.389112903225806,0.804263101091258,0.771221621928668,1037,"tags=13%, list=6%, signal=13%","FGF9/NCBP1/CPSF6/LRRFIP1/CEP43/STAT5A/FGF1"
"REACTOME_REGULATION_OF_INSULIN_LIKE_GROWTH_FACTOR_IGF_TRANSPORT_AND_UPTAKE_BY_INSULIN_LIKE_GROWTH_FACTOR_BINDING_PROTEINS_IGFBPS","REACTOME_REGULATION_OF_INSULIN_LIKE_GROWTH_FACTOR_IGF_TRANSPORT_AND_UPTAKE_BY_INSULIN_LIKE_GROWTH_FACTOR_BINDING_PROTEINS_IGFBPS",74,-0.407303377293822,-1.03222521396118,0.388429752066116,0.804263101091258,0.771221621928668,419,"tags=9%, list=2%, signal=9%","GOLM1/QSOX1/FSTL1/IGFBP1/CCN1/CHRDL1/PAPPA2"
"REACTOME_REGULATION_OF_LIPID_METABOLISM_BY_PPARALPHA","REACTOME_REGULATION_OF_LIPID_METABOLISM_BY_PPARALPHA",108,0.405979380705306,1.03065027599357,0.385046728971963,0.804263101091258,0.771221621928668,1323,"tags=14%, list=8%, signal=13%","AHRR/PPARA/RORA/FHL2/NR1D1/ANGPTL4/CYP1A1/SLC27A1/PEX11A/ACSL1/FAM120B/ARNTL/AHR/NCOA1/GPS2"
"REACTOME_TNFS_BIND_THEIR_PHYSIOLOGICAL_RECEPTORS","REACTOME_TNFS_BIND_THEIR_PHYSIOLOGICAL_RECEPTORS",13,0.567695374723456,1.09354660480117,0.391891891891892,0.807480845892796,0.774307172367856,1996,"tags=46%, list=12%, signal=41%","TNFRSF25/CD70/TNFSF9/TNFRSF1A/TNFRSF9/TNFSF13B"
"REACTOME_UNWINDING_OF_DNA","REACTOME_UNWINDING_OF_DNA",12,-0.576709124402757,-1.08309579182689,0.392712550607287,0.807480845892796,0.774307172367856,4180,"tags=33%, list=25%, signal=25%","MCM8/GINS1/MCM5/CDC45"
"REACTOME_MTORC1_MEDIATED_SIGNALLING","REACTOME_MTORC1_MEDIATED_SIGNALLING",24,-0.501268659775641,-1.07202997599175,0.393574297188755,0.807480845892796,0.774307172367856,1898,"tags=12%, list=11%, signal=11%","EIF4B/RHEB/RRAGD"
"REACTOME_CONSTITUTIVE_SIGNALING_BY_AKT1_E17K_IN_CANCER","REACTOME_CONSTITUTIVE_SIGNALING_BY_AKT1_E17K_IN_CANCER",24,0.499376549400822,1.04497377119965,0.392857142857143,0.807480845892796,0.774307172367856,3363,"tags=38%, list=20%, signal=30%","FOXO1/CDKN1B/FOXO4/CDKN1A/TSC2/BAD/CASP9/MLST8/AKT2"
"REACTOME_PHASE_II_CONJUGATION_OF_COMPOUNDS","REACTOME_PHASE_II_CONJUGATION_OF_COMPOUNDS",57,-0.419004561768649,-1.03468314871138,0.394422310756972,0.807730404349453,0.77454647823362,1792,"tags=21%, list=11%, signal=19%","ABHD10/BPNT1/CHAC2/CNDP2/SULT1B1/GCLC/MTRR/CHAC1/GCLM/GLYATL1/PAPSS2/MGST1"
"REACTOME_RESOLUTION_OF_D_LOOP_STRUCTURES_THROUGH_SYNTHESIS_DEPENDENT_STRAND_ANNEALING_SDSA","REACTOME_RESOLUTION_OF_D_LOOP_STRUCTURES_THROUGH_SYNTHESIS_DEPENDENT_STRAND_ANNEALING_SDSA",26,-0.485007833081688,-1.05510640661163,0.396378269617706,0.808757129935577,0.775531022931408,4507,"tags=46%, list=27%, signal=34%","BLM/RBBP8/DNA2/RAD51/RAD51C/MRE11/BARD1/RAD50/BRIP1/PALB2/EXO1/XRCC2"
"REACTOME_TOLL_LIKE_RECEPTOR_9_TLR9_CASCADE","REACTOME_TOLL_LIKE_RECEPTOR_9_TLR9_CASCADE",87,0.416296285956137,1.02816111827895,0.39622641509434,0.808757129935577,0.775531022931408,821,"tags=10%, list=5%, signal=10%","DUSP4/MAPK11/MEF2C/APP/NKIRAS2/MAP2K6/FOS/VRK3/AGER"
"REACTOME_RHOBTB2_GTPASE_CYCLE","REACTOME_RHOBTB2_GTPASE_CYCLE",23,-0.497125776398704,-1.05648863788604,0.398406374501992,0.809923013612825,0.776649008699159,955,"tags=57%, list=6%, signal=53%","CCT6A/PHIP/DBN1/HSP90AA1/CUL3/TXNL1/HNRNPC/SRRM1/TWF1/RBMX/CCT2/HSP90AB1/ACTG1"
"REACTOME_HOST_INTERACTIONS_OF_HIV_FACTORS","REACTOME_HOST_INTERACTIONS_OF_HIV_FACTORS",123,-0.371324950480395,-1.01360105963062,0.398305084745763,0.809923013612825,0.776649008699159,3155,"tags=28%, list=19%, signal=23%","AP2A2/NUP42/PSMC6/NUP153/XPO1/NUP93/NUP88/RAC1/NUP133/PSMD5/NPM1/RANBP2/DOCK2/PSMD12/PSMB7/SEH1L/RAE1/RANGAP1/B2M/NDC1/NUP54/TPR/NUP214/PSIP1/RANBP1/CCNT1/ARF1/NUP37/NUP210/PSMD2/NUP205/NUP107/RAN/SLC25A4/NUP188"
"REACTOME_RHO_GTPASES_ACTIVATE_WASPS_AND_WAVES","REACTOME_RHO_GTPASES_ACTIVATE_WASPS_AND_WAVES",33,-0.461390347543818,-1.04792724698495,0.400793650793651,0.813240515759508,0.779830218160149,3067,"tags=39%, list=18%, signal=32%","CYFIP1/ARPC3/WASF1/WASF2/RAC1/WIPF1/ARPC2/MAPK1/ABI1/ACTR3/ACTB/ACTG1/ARPC5"
"REACTOME_TOLL_LIKE_RECEPTOR_TLR1_TLR2_CASCADE","REACTOME_TOLL_LIKE_RECEPTOR_TLR1_TLR2_CASCADE",86,0.413643773993401,1.01980520732909,0.401500938086304,0.813240515759508,0.779830218160149,821,"tags=10%, list=5%, signal=10%","DUSP4/MAPK11/MEF2C/APP/NKIRAS2/MAP2K6/FOS/VRK3/AGER"
"REACTOME_PEXOPHAGY","REACTOME_PEXOPHAGY",11,0.582882357020495,1.07956985883341,0.407407407407407,0.813605949859338,0.780180639158945,4692,"tags=45%, list=28%, signal=33%","PEX5/NBR1/UBA52/ATM/SQSTM1"
"REACTOME_ACTIVATED_NTRK2_SIGNALS_THROUGH_FRS2_AND_FRS3","REACTOME_ACTIVATED_NTRK2_SIGNALS_THROUGH_FRS2_AND_FRS3",10,-0.590871712829069,-1.07728166203434,0.407707910750507,0.813605949859338,0.780180639158945,1074,"tags=50%, list=6%, signal=47%","FRS3/NRAS/KRAS/FRS2/PTPN11"
"REACTOME_SIGNALING_BY_PDGFRA_TRANSMEMBRANE_JUXTAMEMBRANE_AND_KINASE_DOMAIN_MUTANTS","REACTOME_SIGNALING_BY_PDGFRA_TRANSMEMBRANE_JUXTAMEMBRANE_AND_KINASE_DOMAIN_MUTANTS",12,0.575507757371161,1.07610336845127,0.40748031496063,0.813605949859338,0.780180639158945,552,"tags=8%, list=3%, signal=8%","STAT3"
"REACTOME_PRESYNAPTIC_FUNCTION_OF_KAINATE_RECEPTORS","REACTOME_PRESYNAPTIC_FUNCTION_OF_KAINATE_RECEPTORS",14,0.55162317517618,1.07350256469363,0.408477842003854,0.813605949859338,0.780180639158945,475,"tags=14%, list=3%, signal=14%","GNG2/PLCB1"
"REACTOME_VLDLR_INTERNALISATION_AND_DEGRADATION","REACTOME_VLDLR_INTERNALISATION_AND_DEGRADATION",11,-0.573524592024707,-1.06555885373288,0.408997955010225,0.813605949859338,0.780180639158945,1305,"tags=27%, list=8%, signal=25%","AP2A2/CLTA/VLDLR"
"REACTOME_RET_SIGNALING","REACTOME_RET_SIGNALING",31,-0.455095931092192,-1.0255918737456,0.405138339920949,0.813605949859338,0.780180639158945,1141,"tags=23%, list=7%, signal=21%","DOK1/PLCG1/GAB2/PRKACB/PTPN11/DOK5/GFRA1"
"REACTOME_GENE_AND_PROTEIN_EXPRESSION_BY_JAK_STAT_SIGNALING_AFTER_INTERLEUKIN_12_STIMULATION","REACTOME_GENE_AND_PROTEIN_EXPRESSION_BY_JAK_STAT_SIGNALING_AFTER_INTERLEUKIN_12_STIMULATION",34,0.467526753699704,1.01959838693256,0.408366533864542,0.813605949859338,0.780180639158945,153,"tags=6%, list=1%, signal=6%","SERPINB2/PSME2"
"REACTOME_O_LINKED_GLYCOSYLATION","REACTOME_O_LINKED_GLYCOSYLATION",71,0.423417644335814,1.01864572603935,0.405138339920949,0.813605949859338,0.780180639158945,1131,"tags=18%, list=7%, signal=17%","POMGNT2/ST3GAL4/GALNT10/B4GAT1/DAG1/POFUT2/THBS1/ADAMTS12/ADAMTS14/GALNT2/ADAMTS7/GALNT16/GALNT12"
"REACTOME_DEUBIQUITINATION","REACTOME_DEUBIQUITINATION",253,-0.341124243957408,-1.01228682287931,0.406451612903226,0.813605949859338,0.780180639158945,2367,"tags=15%, list=14%, signal=13%","PSMD5/BIRC2/OGT/TNFAIP3/OTUD3/TRIM25/IDE/CYLD/PSMD12/PSMB7/DDX58/FOXK2/STAM/RHOA/MYSM1/TOMM20/USP15/RAD23B/USP14/STAMBPL1/VDAC1/BIRC3/ACTB/SIAH2/PSMD2/CDC20/INO80C/SMURF2/USP3/MYC/ABRAXAS1/ADRB2/YOD1/NLRP3/UCHL5/CDC25A/AR/UCHL1"
"REACTOME_INTERLEUKIN_1_SIGNALING","REACTOME_INTERLEUKIN_1_SIGNALING",93,0.407042640836891,1.0108601713758,0.40530303030303,0.813605949859338,0.780180639158945,821,"tags=8%, list=5%, signal=7%","PSME2/IL1RAP/PSME1/APP/NKIRAS2/MAP2K6/AGER"
"REACTOME_ASSEMBLY_OF_COLLAGEN_FIBRILS_AND_OTHER_MULTIMERIC_STRUCTURES","REACTOME_ASSEMBLY_OF_COLLAGEN_FIBRILS_AND_OTHER_MULTIMERIC_STRUCTURES",43,0.461991171209138,1.02837412941273,0.41010101010101,0.814343434343434,0.780887825624668,622,"tags=23%, list=4%, signal=22%","COL1A1/COL18A1/LOXL2/COL5A1/COL8A1/COL9A3/COL6A1/COL4A1/BMP1/CTSB"
"REACTOME_G_ALPHA_12_13_SIGNALLING_EVENTS","REACTOME_G_ALPHA_12_13_SIGNALLING_EVENTS",60,0.43220696804117,1.01303396971864,0.411067193675889,0.814806986394989,0.781332333602919,1764,"tags=17%, list=10%, signal=15%","ARHGEF17/TBXA2R/RHOB/GNG2/PLEKHG5/PLEKHG2/PLXNB1/ADRA1B/ARHGEF39/ARHGEF6"
"REACTOME_NEGATIVE_REGULATION_OF_MET_ACTIVITY","REACTOME_NEGATIVE_REGULATION_OF_MET_ACTIVITY",20,-0.509747945567431,-1.05855842729896,0.412,0.815202846975089,0.781711931073235,53,"tags=15%, list=0%, signal=15%","STAM/EPS15/LRIG1"
"REACTOME_ACYL_CHAIN_REMODELLING_OF_PE","REACTOME_ACYL_CHAIN_REMODELLING_OF_PE",14,0.550128292208997,1.07059340356443,0.414258188824663,0.817040374975116,0.783473968051678,1390,"tags=29%, list=8%, signal=26%","PLA2G6/PLA2G4C/LPCAT3/PLA2G12A"
"REACTOME_CROSS_PRESENTATION_OF_SOLUBLE_EXOGENOUS_ANTIGENS_ENDOSOMES","REACTOME_CROSS_PRESENTATION_OF_SOLUBLE_EXOGENOUS_ANTIGENS_ENDOSOMES",45,0.466833144284569,1.04360590292693,0.415132924335378,0.817040374975116,0.783473968051678,204,"tags=4%, list=1%, signal=4%","PSME2/PSME1"
"REACTOME_METABOLISM_OF_CARBOHYDRATES","REACTOME_METABOLISM_OF_CARBOHYDRATES",234,0.366069482667455,1.01166047557035,0.414728682170543,0.817040374975116,0.783473968051678,2094,"tags=20%, list=12%, signal=17%","SLC26A2/ST3GAL4/SLC2A1/SDC3/GPC6/CHST1/B4GAT1/SLC37A1/HGSNAT/MAN2B1/GAA/HAS3/G6PD/PFKL/BPGM/B3GAT3/SLC35B2/PYGB/MAN2B2/AGL/GPC1/SGSH/EXT1/B3GALT1/HSPG2/SLC25A10/ARSB/IDUA/NDST2/CHST11/ST3GAL2/GAPDH/PFKFB4/CHPF/NDST1/SLC37A2/AGRN/GALE/MAN2C1/ST3GAL6/IDS/GALNS/B4GALT4/GALK1/NAGLU/GLB1L"
"REACTOME_REGULATION_OF_BACH1_ACTIVITY","REACTOME_REGULATION_OF_BACH1_ACTIVITY",11,0.57859246201518,1.0716244453387,0.417153996101364,0.818122122865463,0.784511274576594,784,"tags=18%, list=5%, signal=17%","FBXL17/MAFK"
"REACTOME_MATURATION_OF_SARS_COV_1_NUCLEOPROTEIN","REACTOME_MATURATION_OF_SARS_COV_1_NUCLEOPROTEIN",11,0.57758019325621,1.06974959902012,0.417153996101364,0.818122122865463,0.784511274576594,1001,"tags=27%, list=6%, signal=26%","PARP8/PARP4/PARP16"
"REACTOME_REGULATION_OF_IFNG_SIGNALING","REACTOME_REGULATION_OF_IFNG_SIGNALING",12,-0.567872284335663,-1.06649965369638,0.421052631578947,0.818256634683346,0.784640260255802,6442,"tags=75%, list=38%, signal=47%","PTPN2/STAT1/JAK2/SOCS3/PIAS1/PTPN1/SUMO1/JAK1/PTPN11"
"REACTOME_RHOBTB3_ATPASE_CYCLE","REACTOME_RHOBTB3_ATPASE_CYCLE",10,0.586414896194796,1.05857929663786,0.422396856581532,0.818256634683346,0.784640260255802,91,"tags=10%, list=1%, signal=10%","HTR7"
"REACTOME_TP53_REGULATES_TRANSCRIPTION_OF_ADDITIONAL_CELL_CYCLE_GENES_WHOSE_EXACT_ROLE_IN_THE_P53_PATHWAY_REMAIN_UNCERTAIN","REACTOME_TP53_REGULATES_TRANSCRIPTION_OF_ADDITIONAL_CELL_CYCLE_GENES_WHOSE_EXACT_ROLE_IN_THE_P53_PATHWAY_REMAIN_UNCERTAIN",21,-0.502036619815886,-1.04236988048072,0.422448979591837,0.818256634683346,0.784640260255802,2806,"tags=43%, list=17%, signal=36%","TNKS1BP1/CNOT10/CNOT7/CNOT2/NPM1/PLAGL1/CNOT4/CNOT9/PLK2"
"REACTOME_COPI_INDEPENDENT_GOLGI_TO_ER_RETROGRADE_TRAFFIC","REACTOME_COPI_INDEPENDENT_GOLGI_TO_ER_RETROGRADE_TRAFFIC",44,-0.432000940604443,-1.03017308972155,0.42156862745098,0.818256634683346,0.784640260255802,3144,"tags=30%, list=19%, signal=24%","DCTN2/CAPZA1/DYNC1H1/DYNC1LI1/DYNLL2/RAB18/TUBB6/TUBA8/RAB3GAP2/TUBA1C/BICD2/TUBA1B/TUBB4B"
"REACTOME_KERATAN_SULFATE_BIOSYNTHESIS","REACTOME_KERATAN_SULFATE_BIOSYNTHESIS",19,0.508153247847468,1.02566851308844,0.424547283702213,0.818256634683346,0.784640260255802,171,"tags=16%, list=1%, signal=16%","ST3GAL4/CHST1/B4GAT1"
"REACTOME_CA_DEPENDENT_EVENTS","REACTOME_CA_DEPENDENT_EVENTS",27,-0.463840172828644,-1.02010725530346,0.422,0.818256634683346,0.784640260255802,3335,"tags=41%, list=20%, signal=33%","ADCY6/PRKX/PRKAR1B/CREB1/PDE1C/MAPK1/CALM1/PRKAR2A/PRKACB/PRKCD/ADCY1"
"REACTOME_MITOPHAGY","REACTOME_MITOPHAGY",28,-0.455235348531804,-1.01109203951669,0.424361493123772,0.818256634683346,0.784640260255802,4830,"tags=46%, list=28%, signal=33%","SRC/MTERF3/ATG12/TOMM5/CSNK2A2/TOMM40/CSNK2A1/MFN2/ATG5/TOMM20/TOMM22/VDAC1/PGAM5"
"REACTOME_HATS_ACETYLATE_HISTONES","REACTOME_HATS_ACETYLATE_HISTONES",118,0.392528052027459,1.00685475541845,0.424581005586592,0.818256634683346,0.784640260255802,1542,"tags=10%, list=9%, signal=9%","JADE2/ING4/KAT2B/ELP2/ELP5/EPC1/KAT2A/H2BC14/NCOA1/H4C2/H4-16/MSL1"
"REACTOME_CELLULAR_RESPONSE_TO_HYPOXIA","REACTOME_CELLULAR_RESPONSE_TO_HYPOXIA",69,0.419225714838326,1.00611273976483,0.420542635658915,0.818256634683346,0.784640260255802,226,"tags=4%, list=1%, signal=4%","PSME2/PSME1/VEGFA"
"REACTOME_SLC_TRANSPORTER_DISORDERS","REACTOME_SLC_TRANSPORTER_DISORDERS",60,0.426794244278124,1.00034728614775,0.420948616600791,0.818256634683346,0.784640260255802,1826,"tags=17%, list=11%, signal=15%","SLC26A2/SLC2A1/SLC3A2/SLC22A18/SLC4A4/SLC12A6/SLC1A3/SLC22A5/SLC17A5/SLC35A2"
"REACTOME_BIOTIN_TRANSPORT_AND_METABOLISM","REACTOME_BIOTIN_TRANSPORT_AND_METABOLISM",11,0.568260382641777,1.05248816280029,0.428849902534113,0.822997963041369,0.789186800985334,1811,"tags=27%, list=11%, signal=24%","BTD/PCCA/HLCS"
"REACTOME_DISSOLUTION_OF_FIBRIN_CLOT","REACTOME_DISSOLUTION_OF_FIBRIN_CLOT",10,0.582372689851187,1.05128242206007,0.432220039292731,0.822997963041369,0.789186800985334,63,"tags=20%, list=0%, signal=20%","PLAT/SERPINB2"
"REACTOME_CLASS_B_2_SECRETIN_FAMILY_RECEPTORS","REACTOME_CLASS_B_2_SECRETIN_FAMILY_RECEPTORS",42,0.462545493421001,1.0305502390251,0.431492842535787,0.822997963041369,0.789186800985334,1351,"tags=14%, list=8%, signal=13%","WNT5A/GNG2/FZD1/GIPR/WNT7B/UCN2"
"REACTOME_TRAF3_DEPENDENT_IRF_ACTIVATION_PATHWAY","REACTOME_TRAF3_DEPENDENT_IRF_ACTIVATION_PATHWAY",14,0.528473284311144,1.02845103616049,0.433526011560694,0.822997963041369,0.789186800985334,1171,"tags=14%, list=7%, signal=13%","IFIH1/IRF3"
"REACTOME_NOTCH2_ACTIVATION_AND_TRANSMISSION_OF_SIGNAL_TO_THE_NUCLEUS","REACTOME_NOTCH2_ACTIVATION_AND_TRANSMISSION_OF_SIGNAL_TO_THE_NUCLEUS",18,0.506302805114487,1.01590665742819,0.434,0.822997963041369,0.789186800985334,3786,"tags=56%, list=22%, signal=43%","NOTCH2/MIB2/JAG1/PSEN1/MIB1/NEURL1B/APH1B/UBA52/MDK/PSENEN"
"REACTOME_NUCLEAR_SIGNALING_BY_ERBB4","REACTOME_NUCLEAR_SIGNALING_BY_ERBB4",24,0.481887580566853,1.00837711134697,0.432539682539683,0.822997963041369,0.789186800985334,629,"tags=17%, list=4%, signal=16%","NRG2/MXD4/WWOX/SPARC"
"REACTOME_MYD88_INDEPENDENT_TLR4_CASCADE","REACTOME_MYD88_INDEPENDENT_TLR4_CASCADE",91,0.405446995230928,1.00831634991998,0.431775700934579,0.822997963041369,0.789186800985334,1191,"tags=12%, list=7%, signal=11%","DUSP4/MAPK11/MEF2C/APP/NKIRAS2/MAP2K6/FOS/VRK3/AGER/IRF3/IKBKB"
"REACTOME_AQUAPORIN_MEDIATED_TRANSPORT","REACTOME_AQUAPORIN_MEDIATED_TRANSPORT",30,-0.44374183298272,-0.999323932563208,0.43359375,0.822997963041369,0.789186800985334,1827,"tags=27%, list=11%, signal=24%","GNG5/GNG10/MYO5B/GNB1/AQP7/PRKAR2A/PRKACB/ADCY1"
"REACTOME_TCF_DEPENDENT_SIGNALING_IN_RESPONSE_TO_WNT","REACTOME_TCF_DEPENDENT_SIGNALING_IN_RESPONSE_TO_WNT",185,0.370714700179191,0.998059367725819,0.431334622823985,0.822997963041369,0.789186800985334,1260,"tags=9%, list=7%, signal=8%","DACT1/WNT5A/RUNX3/PSME2/PSME1/SFRP1/CTNNBIP1/LRP6/FZD1/CTNNB1/DVL3/SOX4/HECW1/YWHAZ/H2BC14/HDAC1"
"REACTOME_CLASS_A_1_RHODOPSIN_LIKE_RECEPTORS","REACTOME_CLASS_A_1_RHODOPSIN_LIKE_RECEPTORS",79,0.404869407181107,0.988381289424299,0.434442270058708,0.822997963041369,0.789186800985334,1656,"tags=20%, list=10%, signal=18%","DRD2/HTR7/S1PR2/TBXA2R/APP/FPR1/CXCL5/NPY1R/GPER1/PSAP/C3AR1/ADRA1B/BDKRB2/ADORA2B/CCL28/LPAR2"
"REACTOME_P75NTR_RECRUITS_SIGNALLING_COMPLEXES","REACTOME_P75NTR_RECRUITS_SIGNALLING_COMPLEXES",12,0.553426316787128,1.03481476323546,0.437007874015748,0.823181049069374,0.789362365304123,3416,"tags=42%, list=20%, signal=33%","NGFR/IKBKB/RIPK2/IRAK1/UBA52"
"REACTOME_METABOLISM_OF_COFACTORS","REACTOME_METABOLISM_OF_COFACTORS",16,0.516928196360095,1.02220223989516,0.4373795761079,0.823181049069374,0.789362365304123,1089,"tags=19%, list=6%, signal=18%","COQ2/SPR/PDSS2"
"REACTOME_RHOV_GTPASE_CYCLE","REACTOME_RHOV_GTPASE_CYCLE",36,0.468845951246281,1.02056207460167,0.4375,0.823181049069374,0.789362365304123,117,"tags=6%, list=1%, signal=6%","PAK6/NCK2"
"REACTOME_INTERLEUKIN_17_SIGNALING","REACTOME_INTERLEUKIN_17_SIGNALING",64,0.421648283999114,0.997381928377443,0.436758893280632,0.823181049069374,0.789362365304123,751,"tags=9%, list=4%, signal=9%","DUSP4/MAPK11/MEF2C/MAP2K6/FOS/VRK3"
"REACTOME_DECTIN_1_MEDIATED_NONCANONICAL_NF_KB_SIGNALING","REACTOME_DECTIN_1_MEDIATED_NONCANONICAL_NF_KB_SIGNALING",58,0.42786063679228,0.99817089956726,0.439363817097416,0.823899771690263,0.790051560698823,650,"tags=5%, list=4%, signal=5%","PSME2/PSME1/MAP3K14"
"REACTOME_SELENOAMINO_ACID_METABOLISM","REACTOME_SELENOAMINO_ACID_METABOLISM",113,-0.36943161430434,-0.994591057255271,0.438818565400844,0.823899771690263,0.790051560698823,1248,"tags=7%, list=7%, signal=7%","MARS1/RPLP0/SECISBP2/EPRS1/IARS1/SCLY/SARS1/PAPSS2"
"REACTOME_RECEPTOR_MEDIATED_MITOPHAGY","REACTOME_RECEPTOR_MEDIATED_MITOPHAGY",11,-0.559966055553415,-1.04036827118149,0.441717791411043,0.824325218749586,0.79045952914931,4830,"tags=55%, list=28%, signal=39%","SRC/ATG12/CSNK2A2/CSNK2A1/ATG5/PGAM5"
"REACTOME_HDR_THROUGH_SINGLE_STRAND_ANNEALING_SSA","REACTOME_HDR_THROUGH_SINGLE_STRAND_ANNEALING_SSA",36,-0.436604724984159,-1.00940683956737,0.440711462450593,0.824325218749586,0.79045952914931,4507,"tags=47%, list=27%, signal=35%","ATRIP/BRCA1/ERCC4/BLM/RBBP8/DNA2/RAD51/RFC4/MRE11/TOPBP1/RAD17/BARD1/ATR/RAD50/BRIP1/EXO1/RFC5"
"REACTOME_TRANSPORT_OF_BILE_SALTS_AND_ORGANIC_ACIDS_METAL_IONS_AND_AMINE_COMPOUNDS","REACTOME_TRANSPORT_OF_BILE_SALTS_AND_ORGANIC_ACIDS_METAL_IONS_AND_AMINE_COMPOUNDS",43,-0.42512255985415,-1.00501236647091,0.441814595660749,0.824325218749586,0.79045952914931,1955,"tags=26%, list=12%, signal=23%","SLC39A10/SLC11A2/SLC30A1/SLC2A13/SLC16A1/SLC39A8/SLC30A3/SLC6A9/SLC6A15/SLC41A1/SLC44A5"
"REACTOME_EGR2_AND_SOX10_MEDIATED_INITIATION_OF_SCHWANN_CELL_MYELINATION","REACTOME_EGR2_AND_SOX10_MEDIATED_INITIATION_OF_SCHWANN_CELL_MYELINATION",26,0.472961704335175,1.00012895420939,0.443564356435644,0.826203625387664,0.792260765351859,588,"tags=15%, list=3%, signal=15%","PMP22/WWTR1/DAG1/EGR2"
"REACTOME_ASSEMBLY_OF_THE_HIV_VIRION","REACTOME_ASSEMBLY_OF_THE_HIV_VIRION",16,0.513220108144785,1.01486966236097,0.447013487475915,0.829848076916891,0.795755492159041,4151,"tags=38%, list=24%, signal=28%","MVB12B/VPS37B/MVB12A/UBA52/VPS28/FURIN"
"REACTOME_MAPK_TARGETS_NUCLEAR_EVENTS_MEDIATED_BY_MAP_KINASES","REACTOME_MAPK_TARGETS_NUCLEAR_EVENTS_MEDIATED_BY_MAP_KINASES",30,0.4754509895263,1.00762655339573,0.446938775510204,0.829848076916891,0.795755492159041,751,"tags=17%, list=4%, signal=16%","DUSP4/MAPK11/MEF2C/FOS/VRK3"
"REACTOME_RAS_PROCESSING","REACTOME_RAS_PROCESSING",21,-0.490752986446842,-1.018941869252,0.453061224489796,0.831359870680946,0.797205177016091,1922,"tags=19%, list=11%, signal=17%","BCL2L1/CALM1/ABHD17C/ABHD17B"
"REACTOME_LOSS_OF_FUNCTION_OF_MECP2_IN_RETT_SYNDROME","REACTOME_LOSS_OF_FUNCTION_OF_MECP2_IN_RETT_SYNDROME",13,0.526166708749428,1.01355030097372,0.451737451737452,0.831359870680946,0.797205177016091,2973,"tags=38%, list=18%, signal=32%","HDAC1/GPS2/MECP2/HDAC3/SIN3A"
"REACTOME_POTASSIUM_CHANNELS","REACTOME_POTASSIUM_CHANNELS",41,0.456874633318512,1.00897077784882,0.452868852459016,0.831359870680946,0.797205177016091,1491,"tags=20%, list=9%, signal=18%","KCND1/GNG2/HCN1/KCNN4/KCNAB3/GABBR1/KCNMA1/KCNH8"
"REACTOME_GLUCONEOGENESIS","REACTOME_GLUCONEOGENESIS",25,-0.464987601005303,-1.00432997978601,0.451676528599605,0.831359870680946,0.797205177016091,655,"tags=16%, list=4%, signal=15%","GOT2/PGK1/PCK2/GPI"
"REACTOME_FATTY_ACID_METABOLISM","REACTOME_FATTY_ACID_METABOLISM",133,0.37986588192469,0.990609386609267,0.452205882352941,0.831359870680946,0.797205177016091,978,"tags=8%, list=6%, signal=8%","PTGES/PTGS2/ALOX5AP/ACOT13/PPT2/CYP1A1/ACBD4/DECR1/ALOXE3/ACSL1/CPT1B"
"REACTOME_THE_CITRIC_ACID_TCA_CYCLE_AND_RESPIRATORY_ELECTRON_TRANSPORT","REACTOME_THE_CITRIC_ACID_TCA_CYCLE_AND_RESPIRATORY_ELECTRON_TRANSPORT",171,-0.349478597920796,-0.989900091691857,0.449152542372881,0.831359870680946,0.797205177016091,2080,"tags=12%, list=12%, signal=10%","OGDH/NDUFAF5/DLAT/ATP5F1C/ME2/SLC16A1/PPARD/TRAP1/FH/SDHC/ATP5F1B/CS/MT-ND6/PDK3/VDAC1/DLST/TMEM126B/IDH3A/PDHA1/UCP2"
"REACTOME_DEFECTIVE_CFTR_CAUSES_CYSTIC_FIBROSIS","REACTOME_DEFECTIVE_CFTR_CAUSES_CYSTIC_FIBROSIS",58,0.423174216041813,0.987237786272905,0.451292246520875,0.831359870680946,0.797205177016091,204,"tags=3%, list=1%, signal=3%","PSME2/PSME1"
"REACTOME_DISEASES_OF_GLYCOSYLATION","REACTOME_DISEASES_OF_GLYCOSYLATION",107,0.38373999414363,0.972858254791702,0.454205607476636,0.832086714191135,0.797902159670219,1301,"tags=16%, list=8%, signal=15%","SLC26A2/SDC3/GPC6/B4GAT1/DAG1/NOTCH2/LFNG/THBS1/ADAMTS12/ADAMTS14/ALG12/ADAMTS7/B3GAT3/GALNT12/GPC1/EXT1/HSPG2"
"REACTOME_RND2_GTPASE_CYCLE","REACTOME_RND2_GTPASE_CYCLE",41,-0.420061086422688,-0.988003297051914,0.455252918287938,0.832633626868728,0.798426603576317,3030,"tags=32%, list=18%, signal=26%","ANKRD26/TXNL1/MUC13/DST/UHRF1BP1L/LEMD3/KTN1/VANGL2/PTPN13/PKP4/CKAP4/KIF14/RBMX"
"REACTOME_GAP_FILLING_DNA_REPAIR_SYNTHESIS_AND_LIGATION_IN_GG_NER","REACTOME_GAP_FILLING_DNA_REPAIR_SYNTHESIS_AND_LIGATION_IN_GG_NER",25,-0.46340606516938,-1.00091400944467,0.457593688362919,0.832805534303709,0.79859144855136,2292,"tags=32%, list=14%, signal=28%","RFC1/PCNA/POLE/RFC4/POLD3/LIG3/RFC5/POLE3"
"REACTOME_RAB_REGULATION_OF_TRAFFICKING","REACTOME_RAB_REGULATION_OF_TRAFFICKING",117,-0.367590487307806,-0.99446174339366,0.457264957264957,0.832805534303709,0.79859144855136,2675,"tags=28%, list=16%, signal=24%","RIC1/RIN2/TBC1D2/RAB14/DENND5A/TBC1D13/RAB9A/TRAPPC13/RABGEF1/TSC1/TBC1D20/SBF2/RAB18/GAPVD1/RAB27B/RAB13/TBC1D15/HPS4/OPTN/ANKRD27/DENND1A/GDI2/RAB3IL1/TBC1D16/RAB35/RABEP1/DENND4B/RAB21/RAB3GAP2/RAB3IP/RAB9B/CHML/RAB38"
"REACTOME_SENSORY_PROCESSING_OF_SOUND_BY_OUTER_HAIR_CELLS_OF_THE_COCHLEA","REACTOME_SENSORY_PROCESSING_OF_SOUND_BY_OUTER_HAIR_CELLS_OF_THE_COCHLEA",29,-0.441028266359663,-0.987204858999221,0.456862745098039,0.832805534303709,0.79859144855136,1763,"tags=24%, list=10%, signal=22%","MSN/EPB41L3/EZR/TWF1/ACTB/SPTAN1/ACTG1"
"REACTOME_IRE1ALPHA_ACTIVATES_CHAPERONES","REACTOME_IRE1ALPHA_ACTIVATES_CHAPERONES",49,0.442099259751272,1.00362172902375,0.458585858585859,0.833247507757312,0.799015264443541,1848,"tags=27%, list=11%, signal=24%","ERN1/EXTL2/EXTL3/HYOU1/FKBP14/SULT1A3/CUL7/WFS1/WIPI1/DNAJC3/KLHDC3/TSPYL2/ACADVL"
"REACTOME_SIGNALING_BY_FGFR2","REACTOME_SIGNALING_BY_FGFR2",60,-0.399905799157911,-0.992472933195978,0.461693548387097,0.837491291822786,0.803084701454451,1996,"tags=22%, list=12%, signal=19%","PLCG1/POLR2B/POLR2F/PPP2CA/MAPK1/PTBP1/FGF9/FGFBP3/PTPN11/NCBP1/HNRNPA1/HNRNPH1/FGF1"
"REACTOME_SYNAPTIC_ADHESION_LIKE_MOLECULES","REACTOME_SYNAPTIC_ADHESION_LIKE_MOLECULES",14,0.508132443262335,0.988866141949057,0.46242774566474,0.837491291822786,0.803084701454451,616,"tags=29%, list=4%, signal=28%","PTPRS/LRFN3/GRIN2A/FLOT2"
"REACTOME_STING_MEDIATED_INDUCTION_OF_HOST_IMMUNE_RESPONSES","REACTOME_STING_MEDIATED_INDUCTION_OF_HOST_IMMUNE_RESPONSES",14,-0.520261825715799,-1.00542447053312,0.463768115942029,0.838553081182986,0.80410286940398,3696,"tags=50%, list=22%, signal=39%","XRCC6/MRE11/STAT6/TBK1/PRKDC/CGAS/IFI16"
"REACTOME_TRANSCRIPTIONAL_ACTIVATION_OF_MITOCHONDRIAL_BIOGENESIS","REACTOME_TRANSCRIPTIONAL_ACTIVATION_OF_MITOCHONDRIAL_BIOGENESIS",54,0.422449137755788,0.975059317291032,0.465346534653465,0.84004114697184,0.805529801100411,1551,"tags=13%, list=9%, signal=12%","PPARA/MEF2C/NR1D1/IDH2/CRTC1/NCOA1/GABPA"
"REACTOME_ASPARAGINE_N_LINKED_GLYCOSYLATION","REACTOME_ASPARAGINE_N_LINKED_GLYCOSYLATION",267,0.351728777526215,0.982631225205747,0.46800731261426,0.84347509177805,0.808822669416096,2164,"tags=17%, list=13%, signal=15%","TGFA/FUCA1/ST3GAL4/CNIH2/CALR/SEC24C/FPGT/ST3GAL5/COG8/TRAPPC9/ALG12/MAN2A2/GFUS/ANKRD28/MGAT1/PRKCSH/CHST10/ENGASE/CSNK1D/STX5/NSF/OS9/COG6/COPG2/KDELR1/ST3GAL2/ARF5/CD59/MAN1A2/COPE/SEC23IP/CAPZB/COPG1/TRIM13/SLC17A5/SPTBN5/LMAN2/SRD5A3/TMED3/ST3GAL6/TRAPPC6A/B4GALT4/MOGS/RNF103/DYNC1I1/ANK1"
"REACTOME_RECOGNITION_AND_ASSOCIATION_OF_DNA_GLYCOSYLASE_WITH_SITE_CONTAINING_AN_AFFECTED_PURINE","REACTOME_RECOGNITION_AND_ASSOCIATION_OF_DNA_GLYCOSYLASE_WITH_SITE_CONTAINING_AN_AFFECTED_PURINE",40,0.450569503335339,0.997243843698534,0.47,0.844935202154928,0.810222794190593,4548,"tags=45%, list=27%, signal=33%","H2BC14/H4C2/H4-16/H4C8/H4C1/H2BC3/MPG/TINF2/H4C12/H2BC4/H2AC6/H4C3/H2AZ2/TERF2IP/TERF2/H2BC11/H2AC8/TERF1"
"REACTOME_PLATELET_HOMEOSTASIS","REACTOME_PLATELET_HOMEOSTASIS",54,-0.404332814969324,-0.992052409429978,0.470824949698189,0.844935202154928,0.810222794190593,2496,"tags=22%, list=15%, signal=19%","PPP2CA/P2RX5/GNG5/GNG10/GNB1/CALM1/ATP2B1/TRPC3/PTPN11/MAPK14/SLC8A1/LRP8"
"REACTOME_RHO_GTPASES_ACTIVATE_CIT","REACTOME_RHO_GTPASES_ACTIVATE_CIT",17,-0.488783690833694,-0.987179465086049,0.471774193548387,0.844935202154928,0.810222794190593,2600,"tags=53%, list=15%, signal=45%","MYL6/RAC1/PPP1R12B/RHOA/PPP1R12A/MYL9/KIF14/CIT/MYH10"
"REACTOME_DOWNSTREAM_SIGNAL_TRANSDUCTION","REACTOME_DOWNSTREAM_SIGNAL_TRANSDUCTION",28,0.467321082208002,0.983154116428819,0.472616632860041,0.844935202154928,0.810222794190593,772,"tags=11%, list=5%, signal=10%","NCK2/STAT3/STAT5B"
"REACTOME_TOLL_LIKE_RECEPTOR_CASCADES","REACTOME_TOLL_LIKE_RECEPTOR_CASCADES",126,0.377103663066285,0.977458459141798,0.472118959107807,0.844935202154928,0.810222794190593,1281,"tags=13%, list=8%, signal=12%","DUSP4/MAPK11/LGMN/MEF2C/APP/NKIRAS2/MAP2K6/FOS/CTSB/VRK3/AGER/UNC93B1/IRF3/IKBKB/CTSV/RBSN"
"REACTOME_INTRINSIC_PATHWAY_OF_FIBRIN_CLOT_FORMATION","REACTOME_INTRINSIC_PATHWAY_OF_FIBRIN_CLOT_FORMATION",11,0.534568609304669,0.990086852231696,0.473684210526316,0.845484497761257,0.810749523127748,1374,"tags=27%, list=8%, signal=25%","PROS1/PRCP/F12"
"REACTOME_TAK1_ACTIVATES_NFKB_BY_PHOSPHORYLATION_AND_ACTIVATION_OF_IKKS_COMPLEX","REACTOME_TAK1_ACTIVATES_NFKB_BY_PHOSPHORYLATION_AND_ACTIVATION_OF_IKKS_COMPLEX",28,0.465640299172257,0.979618070606515,0.474645030425964,0.845841784989858,0.8110921319526,1191,"tags=14%, list=7%, signal=13%","APP/NKIRAS2/AGER/IKBKB"
"REACTOME_REGULATION_OF_LOCALIZATION_OF_FOXO_TRANSCRIPTION_FACTORS","REACTOME_REGULATION_OF_LOCALIZATION_OF_FOXO_TRANSCRIPTION_FACTORS",11,0.532040105912994,0.985403752774778,0.475633528265107,0.846247173489279,0.811480865907459,1118,"tags=27%, list=7%, signal=25%","FOXO1/FOXO4/YWHAZ"
"REACTOME_TP53_REGULATES_TRANSCRIPTION_OF_GENES_INVOLVED_IN_CYTOCHROME_C_RELEASE","REACTOME_TP53_REGULATES_TRANSCRIPTION_OF_GENES_INVOLVED_IN_CYTOCHROME_C_RELEASE",18,-0.481781299469323,-0.985609466584475,0.47808764940239,0.847790001930129,0.812960310446063,304,"tags=22%, list=2%, signal=22%","PRELID3A/TP53BP2/PMAIP1/BID"
"REACTOME_KERATAN_SULFATE_KERATIN_METABOLISM","REACTOME_KERATAN_SULFATE_KERATIN_METABOLISM",25,0.464868293013927,0.972045916753788,0.478787878787879,0.847790001930129,0.812960310446063,171,"tags=12%, list=1%, signal=12%","ST3GAL4/CHST1/B4GAT1"
"REACTOME_NF_KB_IS_ACTIVATED_AND_SIGNALS_SURVIVAL","REACTOME_NF_KB_IS_ACTIVATED_AND_SIGNALS_SURVIVAL",12,0.518969330296549,0.970385954493477,0.478346456692913,0.847790001930129,0.812960310446063,3416,"tags=33%, list=20%, signal=27%","NGFR/IKBKB/IRAK1/UBA52"
"REACTOME_TRANSCRIPTIONAL_REGULATION_BY_TP53","REACTOME_TRANSCRIPTIONAL_REGULATION_BY_TP53",347,-0.323537672042672,-0.980449218362489,0.481641468682505,0.851486984379882,0.816505410050001,2739,"tags=19%, list=16%, signal=16%","POLR2F/BARD1/TAF3/CDK7/PRKAB2/PIP4K2A/ATR/TNRC6A/RAD50/CCNK/PPP2CA/FANCI/SMYD2/PRDX1/MAPKAP1/L3MBTL1/NPM1/IGFBP3/PLAGL1/TAF5/CNOT4/CASP10/TXN/CNOT9/CASP6/BRIP1/SESN2/BRD1/PRELID3A/EXO1/RICTOR/PHF20/NUAK1/JUN/RABGGTB/PRKAG2/RHEB/PML/CDK2/CCNT1/TPX2/SUPT16H/E2F7/CCNT2/MAPK14/MDC1/TP53RK/GATAD2A/RFC5/GTF2H3/YWHAG/MAPKAPK5/DYRK2/HDAC2/CASP2/GPI/KMT5A/CCNH/TP53BP2/PMAIP1/PLK2/YWHAH/PRKAA2/RRAGD/BID"
"REACTOME_NF_KB_ACTIVATION_THROUGH_FADD_RIP_1_PATHWAY_MEDIATED_BY_CASPASE_8_AND_10","REACTOME_NF_KB_ACTIVATION_THROUGH_FADD_RIP_1_PATHWAY_MEDIATED_BY_CASPASE_8_AND_10",13,0.507018586781279,0.976665442123511,0.482625482625483,0.851872280443709,0.816874877025253,1705,"tags=23%, list=10%, signal=21%","IFIH1/IKBKB/RIPK1"
"REACTOME_PLASMA_LIPOPROTEIN_REMODELING","REACTOME_PLASMA_LIPOPROTEIN_REMODELING",10,-0.552165595125651,-1.00671238294194,0.486815415821501,0.855774321845025,0.820616611159608,162,"tags=20%, list=1%, signal=20%","PCSK5/PLTP"
"REACTOME_ERYTHROPOIETIN_ACTIVATES_RAS","REACTOME_ERYTHROPOIETIN_ACTIVATES_RAS",12,-0.533086711524114,-1.00117017314152,0.487854251012146,0.855774321845025,0.820616611159608,6307,"tags=58%, list=37%, signal=37%","JAK2/NRAS/KRAS/SHC1/RAPGEF1/CRKL/LYN"
"REACTOME_EARLY_PHASE_OF_HIV_LIFE_CYCLE","REACTOME_EARLY_PHASE_OF_HIV_LIFE_CYCLE",11,-0.534629449818816,-0.993295059431792,0.488752556237219,0.855774321845025,0.820616611159608,5197,"tags=55%, list=31%, signal=38%","FEN1/XRCC5/HMGA1/XRCC6/XRCC4/PSIP1"
"REACTOME_REGULATION_OF_TP53_ACTIVITY","REACTOME_REGULATION_OF_TP53_ACTIVITY",154,-0.350058376611404,-0.980418342857813,0.493478260869565,0.855774321845025,0.820616611159608,3064,"tags=23%, list=18%, signal=19%","AURKA/PPP2R1B/TOPBP1/RAD17/BARD1/TAF3/PRKAB2/PIP4K2A/ATR/RAD50/PPP2CA/SMYD2/MAPKAP1/L3MBTL1/TAF5/BRIP1/BRD1/EXO1/RICTOR/PHF20/NUAK1/PRKAG2/PML/CDK2/TPX2/SUPT16H/MAPK14/TP53RK/GATAD2A/RFC5/MAPKAPK5/DYRK2/HDAC2/KMT5A/TP53BP2/PRKAA2"
"REACTOME_HCMV_LATE_EVENTS","REACTOME_HCMV_LATE_EVENTS",91,-0.37397767037015,-0.971973738927507,0.492505353319058,0.855774321845025,0.820616611159608,2907,"tags=21%, list=17%, signal=17%","NUP42/NUP153/VPS37C/NUP93/NUP88/NUP133/RANBP2/HNRNPK/SEH1L/RAE1/NDC1/NUP54/TPR/NUP214/NUP37/NUP210/NUP205/NUP107/NUP188"
"REACTOME_RHO_GTPASES_ACTIVATE_ROCKS","REACTOME_RHO_GTPASES_ACTIVATE_ROCKS",17,-0.480928796137143,-0.971315206743832,0.493951612903226,0.855774321845025,0.820616611159608,2600,"tags=41%, list=15%, signal=35%","MYL6/PPP1R12B/RHOA/LIMK2/PPP1R12A/MYL9/MYH10"
"REACTOME_PROTEIN_METHYLATION","REACTOME_PROTEIN_METHYLATION",17,0.486643523615427,0.969654962036132,0.494071146245059,0.855774321845025,0.820616611159608,2155,"tags=18%, list=13%, signal=15%","ETFB/CAMKMT/ETFBKMT"
"REACTOME_VXPX_CARGO_TARGETING_TO_CILIUM","REACTOME_VXPX_CARGO_TARGETING_TO_CILIUM",17,0.486591517104876,0.969551337167893,0.494071146245059,0.855774321845025,0.820616611159608,1407,"tags=18%, list=8%, signal=16%","EXOC3/RAB11FIP3/PKD2"
"REACTOME_SEMA3A_PAK_DEPENDENT_AXON_REPULSION","REACTOME_SEMA3A_PAK_DEPENDENT_AXON_REPULSION",15,0.496051283746585,0.968023853721905,0.49119373776908,0.855774321845025,0.820616611159608,245,"tags=20%, list=1%, signal=20%","PAK3/SEMA3A/NRP1"
"REACTOME_DAG_AND_IP3_SIGNALING","REACTOME_DAG_AND_IP3_SIGNALING",31,-0.428168720417793,-0.964909440518781,0.492094861660079,0.855774321845025,0.820616611159608,3335,"tags=35%, list=20%, signal=29%","ADCY6/PLCG1/PRKX/PRKAR1B/CREB1/PDE1C/CALM1/PRKAR2A/PRKACB/PRKCD/ADCY1"
"REACTOME_SIGNALLING_TO_ERKS","REACTOME_SIGNALLING_TO_ERKS",30,-0.426033429767598,-0.959443917146586,0.48828125,0.855774321845025,0.820616611159608,2446,"tags=27%, list=14%, signal=23%","CRKL/RALB/RALA/MAPK1/MAP2K1/RAP1A/MAPK14/MAPKAPK2"
"REACTOME_DOWNSTREAM_SIGNALING_EVENTS_OF_B_CELL_RECEPTOR_BCR","REACTOME_DOWNSTREAM_SIGNALING_EVENTS_OF_B_CELL_RECEPTOR_BCR",75,0.39195828358441,0.958928132212447,0.490384615384615,0.855774321845025,0.820616611159608,236,"tags=4%, list=1%, signal=4%","PSME2/PSME1/NFATC2"
"REACTOME_SUMOYLATION_OF_IMMUNE_RESPONSE_PROTEINS","REACTOME_SUMOYLATION_OF_IMMUNE_RESPONSE_PROTEINS",11,-0.532903586781114,-0.990088555882116,0.496932515337423,0.856106187494918,0.820934842798516,2943,"tags=36%, list=17%, signal=30%","TOPORS/SUMO1/NFKBIA/UBE2I"
"REACTOME_P130CAS_LINKAGE_TO_MAPK_SIGNALING_FOR_INTEGRINS","REACTOME_P130CAS_LINKAGE_TO_MAPK_SIGNALING_FOR_INTEGRINS",10,-0.53905875468767,-0.982815894847359,0.515212981744422,0.856106187494918,0.820934842798516,1279,"tags=30%, list=8%, signal=28%","VWF/RAP1A/RAP1B"
"REACTOME_GRB2_SOS_PROVIDES_LINKAGE_TO_MAPK_SIGNALING_FOR_INTEGRINS","REACTOME_GRB2_SOS_PROVIDES_LINKAGE_TO_MAPK_SIGNALING_FOR_INTEGRINS",10,-0.53826453454421,-0.981367866827756,0.515212981744422,0.856106187494918,0.820934842798516,1279,"tags=30%, list=8%, signal=28%","VWF/RAP1A/RAP1B"
"REACTOME_POLYMERASE_SWITCHING","REACTOME_POLYMERASE_SWITCHING",14,-0.505514905144199,-0.97692552235968,0.505175983436853,0.856106187494918,0.820934842798516,4588,"tags=64%, list=27%, signal=47%","RFC1/POLA2/PCNA/POLA1/PRIM2/RFC4/PRIM1/POLD3/RFC5"
"REACTOME_RETROGRADE_TRANSPORT_AT_THE_TRANS_GOLGI_NETWORK","REACTOME_RETROGRADE_TRANSPORT_AT_THE_TRANS_GOLGI_NETWORK",49,-0.403366807984369,-0.974216339174616,0.497041420118343,0.856106187494918,0.820934842798516,3385,"tags=29%, list=20%, signal=23%","TGOLN2/RAB9A/NAA30/STX6/VTI1A/NAA35/PLIN3/ARL1/RHOBTB3/USP6NL/GCC2/IGF2R/RAB9B/VAMP3"
"REACTOME_SIGNALING_BY_WNT","REACTOME_SIGNALING_BY_WNT",260,0.348361153115007,0.969936491333011,0.508411214953271,0.856106187494918,0.820934842798516,1260,"tags=9%, list=7%, signal=9%","DACT1/WNT5A/RUNX3/PSME2/PSME1/GNG2/SFRP1/MOV10/CTNNBIP1/AGO4/LRP6/PLCB1/GNAO1/FZD1/CTNNB1/DVL3/ROR1/SOX4/HECW1/YWHAZ/WNT7B/PORCN/H2BC14/HDAC1"
"REACTOME_SYNTHESIS_OF_BILE_ACIDS_AND_BILE_SALTS","REACTOME_SYNTHESIS_OF_BILE_ACIDS_AND_BILE_SALTS",21,-0.466820658624898,-0.96925159426661,0.502040816326531,0.856106187494918,0.820934842798516,73,"tags=14%, list=0%, signal=14%","SCP2/CYP27A1/OSBPL6"
"REACTOME_SIGNALING_BY_GPCR","REACTOME_SIGNALING_BY_GPCR",305,0.344696685762916,0.967482698744694,0.514760147601476,0.856106187494918,0.820934842798516,1552,"tags=14%, list=9%, signal=13%","WNT5A/DRD2/ARHGEF17/HTR7/DGKG/S1PR2/TBXA2R/PDE4D/GRK3/RHOB/GNG2/APP/FPR1/CXCL5/PDE8B/PLCB1/FZD1/NPY1R/GPSM2/GIPR/PRKCH/PLEKHG5/RGS9/ARRB1/DGKI/GABBR1/CAMKK1/GPER1/RGS14/RGS16/WNT7B/PLEKHG2/PSAP/PLXNB1/C3AR1/UCN2/ADRA1B/BDKRB2/GPR27/ADORA2B/RGS19/NBEA/CCL28"
"REACTOME_DISEASES_ASSOCIATED_WITH_GLYCOSAMINOGLYCAN_METABOLISM","REACTOME_DISEASES_ASSOCIATED_WITH_GLYCOSAMINOGLYCAN_METABOLISM",30,0.455761784876172,0.965899086511129,0.5,0.856106187494918,0.820934842798516,1301,"tags=23%, list=8%, signal=22%","SLC26A2/SDC3/GPC6/B3GAT3/GPC1/EXT1/HSPG2"
"REACTOME_HEPARAN_SULFATE_HEPARIN_HS_GAG_METABOLISM","REACTOME_HEPARAN_SULFATE_HEPARIN_HS_GAG_METABOLISM",42,0.431181132134629,0.960670518045692,0.519427402862986,0.856106187494918,0.820934842798516,2094,"tags=36%, list=12%, signal=31%","SDC3/GPC6/HGSNAT/B3GAT3/GPC1/SGSH/EXT1/HSPG2/IDUA/NDST2/NDST1/AGRN/IDS/NAGLU/GLB1L"
"REACTOME_CONDENSATION_OF_PROPHASE_CHROMOSOMES","REACTOME_CONDENSATION_OF_PROPHASE_CHROMOSOMES",50,-0.396386206793368,-0.960296992460889,0.514970059880239,0.856106187494918,0.820934842798516,2166,"tags=14%, list=13%, signal=12%","SMC2/SMC4/H2AZ1/PLK1/H3-3A/KMT5A/SET"
"REACTOME_INTERLEUKIN_12_SIGNALING","REACTOME_INTERLEUKIN_12_SIGNALING",40,0.433796720550539,0.960120704537948,0.508,0.856106187494918,0.820934842798516,153,"tags=5%, list=1%, signal=5%","SERPINB2/PSME2"
"REACTOME_IRON_UPTAKE_AND_TRANSPORT","REACTOME_IRON_UPTAKE_AND_TRANSPORT",49,0.422929350532445,0.960103589124012,0.496969696969697,0.856106187494918,0.820934842798516,1110,"tags=12%, list=7%, signal=11%","ATP6V0A4/STEAP3/ATP6V0A1/ATP6V1A/HFE/FBXL5"
"REACTOME_AMINO_ACID_TRANSPORT_ACROSS_THE_PLASMA_MEMBRANE","REACTOME_AMINO_ACID_TRANSPORT_ACROSS_THE_PLASMA_MEMBRANE",20,-0.461999917960556,-0.959403389108669,0.51,0.856106187494918,0.820934842798516,1020,"tags=25%, list=6%, signal=24%","SLC1A4/SLC43A1/SLC38A2/SLC6A15/SLC38A1"
"REACTOME_DISORDERS_OF_TRANSMEMBRANE_TRANSPORTERS","REACTOME_DISORDERS_OF_TRANSMEMBRANE_TRANSPORTERS",127,0.37007246686103,0.959018270584634,0.503703703703704,0.856106187494918,0.820934842798516,1555,"tags=10%, list=9%, signal=9%","SLC26A2/SLC2A1/PSME2/PSME1/ABCB6/SLC3A2/SLC22A18/SLC4A4/SLC12A6/OS9/SLC1A3/LMBRD1/SLC22A5"
"REACTOME_INFECTION_WITH_MYCOBACTERIUM_TUBERCULOSIS","REACTOME_INFECTION_WITH_MYCOBACTERIUM_TUBERCULOSIS",24,-0.448081618020132,-0.958282383788897,0.518072289156627,0.856106187494918,0.820934842798516,2317,"tags=21%, list=14%, signal=18%","TLR2/MAPK1/B2M/SFPQ/PGK1"
"REACTOME_TRANSCRIPTIONAL_REGULATION_OF_WHITE_ADIPOCYTE_DIFFERENTIATION","REACTOME_TRANSCRIPTIONAL_REGULATION_OF_WHITE_ADIPOCYTE_DIFFERENTIATION",71,0.397779893674175,0.956967178897771,0.5,0.856106187494918,0.820934842798516,870,"tags=7%, list=5%, signal=7%","TGFB1/PPARA/EGR2/ANGPTL4/FAM120B"
"REACTOME_SIGNALING_BY_ERBB2","REACTOME_SIGNALING_BY_ERBB2",45,0.426977178608422,0.954507856749803,0.521472392638037,0.856106187494918,0.820934842798516,157,"tags=4%, list=1%, signal=4%","ERBB3/NRG2"
"REACTOME_FACTORS_INVOLVED_IN_MEGAKARYOCYTE_DEVELOPMENT_AND_PLATELET_PRODUCTION","REACTOME_FACTORS_INVOLVED_IN_MEGAKARYOCYTE_DEVELOPMENT_AND_PLATELET_PRODUCTION",123,-0.34965480875509,-0.954448345581381,0.50635593220339,0.856106187494918,0.820934842798516,1234,"tags=22%, list=7%, signal=21%","KIF20B/DOCK7/VPS45/DOCK2/TUBB6/KLC2/KIF15/KIF23/TUBA8/PRKAR2A/KIF21B/KIF1C/PRKACB/CDK2/RACGAP1/EHD1/MAFF/ACTB/KIF21A/H3-3A/CENPE/TUBA1C/HDAC2/TUBA1B/TUBB4B/KDM1A/DOCK11"
"REACTOME_CELLULAR_RESPONSE_TO_STARVATION","REACTOME_CELLULAR_RESPONSE_TO_STARVATION",149,-0.340916731790861,-0.954101405615378,0.53695652173913,0.856106187494918,0.820934842798516,1717,"tags=7%, list=10%, signal=7%","SESN2/CEBPB/ASNS/RHEB/ATP6V0E2/ATP6V1G1/RPLP0/TRIB3/CEBPG/RRAGD/ATF4"
"REACTOME_CONSTITUTIVE_SIGNALING_BY_EGFRVIII","REACTOME_CONSTITUTIVE_SIGNALING_BY_EGFRVIII",15,-0.483640147102342,-0.953122871213532,0.533604887983707,0.856106187494918,0.820934842798516,6141,"tags=60%, list=36%, signal=38%","CDC37/NRAS/KRAS/SHC1/PIK3CA/HSP90AA1/PLCG1/EGF/EGFR"
"REACTOME_PHOSPHOLIPID_METABOLISM","REACTOME_PHOSPHOLIPID_METABOLISM",168,-0.33608899197453,-0.952694792537659,0.546610169491525,0.856106187494918,0.820934842798516,1629,"tags=13%, list=10%, signal=12%","INPP4A/PLAAT3/MBOAT7/TPTE/CHPT1/DDHD1/PITPNB/PI4K2B/OSBPL8/GNPAT/ARF1/MGLL/MFSD2A/PISD/MTMR1/AGPAT2/LPIN2/SELENOI/PTPMT1/PIP5K1A/SLC44A5/PCYT1B"
"REACTOME_INTERLEUKIN_12_FAMILY_SIGNALING","REACTOME_INTERLEUKIN_12_FAMILY_SIGNALING",45,0.425735700432998,0.951732531201286,0.525562372188139,0.856106187494918,0.820934842798516,552,"tags=7%, list=3%, signal=6%","SERPINB2/PSME2/STAT3"
"REACTOME_MITOCHONDRIAL_TRNA_AMINOACYLATION","REACTOME_MITOCHONDRIAL_TRNA_AMINOACYLATION",21,-0.458244082886578,-0.951444199597741,0.516326530612245,0.856106187494918,0.820934842798516,3162,"tags=29%, list=19%, signal=23%","FARS2/PPA2/TARS2/DARS2/GARS1/MARS2"
"REACTOME_SYNTHESIS_OF_PIPS_AT_THE_LATE_ENDOSOME_MEMBRANE","REACTOME_SYNTHESIS_OF_PIPS_AT_THE_LATE_ENDOSOME_MEMBRANE",10,0.527029026693958,0.951377633831629,0.522593320235756,0.856106187494918,0.820934842798516,2896,"tags=30%, list=17%, signal=25%","MTMR4/MTMR9/FIG4"
"REACTOME_TP53_REGULATES_TRANSCRIPTION_OF_CELL_DEATH_GENES","REACTOME_TP53_REGULATES_TRANSCRIPTION_OF_CELL_DEATH_GENES",37,-0.410437231366802,-0.951126192288766,0.51792828685259,0.856106187494918,0.820934842798516,483,"tags=24%, list=3%, signal=24%","IGFBP3/CASP10/CASP6/PRELID3A/RABGGTB/CASP2/TP53BP2/PMAIP1/BID"
"REACTOME_NERVOUS_SYSTEM_DEVELOPMENT","REACTOME_NERVOUS_SYSTEM_DEVELOPMENT",482,0.320986350420434,0.950605126363786,0.589473684210526,0.856106187494918,0.820934842798516,654,"tags=7%, list=4%, signal=7%","MMP2/PAK6/PAK3/EFNB2/PMP22/NCK2/WWTR1/MAPK11/PSME2/SEMA3A/PLXNB3/COL5A1/PSME1/DAG1/NRP1/RHOB/L1CAM/ITGA1/COL9A3/FLRT3/COL6A1/SLIT2/DOCK1/COL4A1/CLASP1/RRAS/EGR2/SRGAP3/RDX/LDB1/PIP5K1C/NFASC"
"REACTOME_NICOTINATE_METABOLISM","REACTOME_NICOTINATE_METABOLISM",27,-0.431882764237878,-0.949824459043419,0.528,0.856106187494918,0.820934842798516,761,"tags=22%, list=4%, signal=21%","BST1/RNLS/NMNAT2/NMNAT3/NAMPT/NT5E"
"REACTOME_NEUREXINS_AND_NEUROLIGINS","REACTOME_NEUREXINS_AND_NEUROLIGINS",40,-0.404838412685838,-0.949547262351325,0.52390438247012,0.856106187494918,0.820934842798516,1516,"tags=22%, list=9%, signal=21%","DLGAP1/EPB41L3/LIN7A/APBA1/EPB41L2/SYT1/DLGAP4/NRXN3/GRIN2B"
"REACTOME_SEMA3A_PLEXIN_REPULSION_SIGNALING_BY_INHIBITING_INTEGRIN_ADHESION","REACTOME_SEMA3A_PLEXIN_REPULSION_SIGNALING_BY_INHIBITING_INTEGRIN_ADHESION",13,-0.496380541119597,-0.949052611412381,0.53099173553719,0.856106187494918,0.820934842798516,14,"tags=15%, list=0%, signal=15%","RAC1/PLXNA2"
"REACTOME_LYSINE_CATABOLISM","REACTOME_LYSINE_CATABOLISM",11,-0.510705387214046,-0.94884623006987,0.52760736196319,0.856106187494918,0.820934842798516,2080,"tags=45%, list=12%, signal=40%","OGDH/SLC25A21/AADAT/DLST/AASS"
"REACTOME_PTEN_REGULATION","REACTOME_PTEN_REGULATION",135,0.363190042378121,0.948175730012603,0.522935779816514,0.856106187494918,0.820934842798516,2978,"tags=24%, list=18%, signal=20%","EGR1/PSME2/PSME1/MOV10/AGO4/LAMTOR4/ATN1/RRAGB/PTEN/CHD3/HDAC1/RBBP4/STUB1/PREX2/PHC1/PSMC5/SCMH1/CBX8/SNAI2/PSMB6/RING1/PSMC4/PSMD8/MKRN1/HDAC3/TNKS/MTA3/MECOM/LAMTOR1/RPTOR/AGO3/PSMB10"
"REACTOME_REGULATION_OF_EXPRESSION_OF_SLITS_AND_ROBOS","REACTOME_REGULATION_OF_EXPRESSION_OF_SLITS_AND_ROBOS",162,0.354298321847469,0.947447869375016,0.504672897196262,0.856106187494918,0.820934842798516,4477,"tags=36%, list=26%, signal=27%","PSME2/PSME1/DAG1/SLIT2/LDB1/ZSWIM8/ELOB/COL4A5/UPF3A/RPL27A/RPS19/RPL28/PSMC5/RPL30/PSMB6/PSMC4/PSMD8/HOXA2/RPS5/RPS4X/FAU/PSMB10/RPLP2/RPL18A/RPS27L/RPS28/RPS11/RPS20/GSPT2/RPS25/UBA52/RPL21/RPS9/RPL37/PSMB9/RPL13A/RPS18/PSMD3/RPL10A/RPS16/RPL15/RPL8/RPL3/RPL29/RPL37A/RPL32/RPL35A/RPL19/RPS29/PSMA2/RPL23A/RPS10/RPL13/RPL36A/RPL11/RPS13/RPS26/RPL18/RPL36AL"
"REACTOME_NONHOMOLOGOUS_END_JOINING_NHEJ","REACTOME_NONHOMOLOGOUS_END_JOINING_NHEJ",59,-0.382048956550846,-0.947300261098179,0.528112449799197,0.856106187494918,0.820934842798516,3696,"tags=22%, list=22%, signal=17%","XRCC6/DCLRE1C/MRE11/RIF1/SUMO1/BARD1/RAD50/XRCC4/PRKDC/MDC1/UBE2N/ABRAXAS1/NSD2"
"REACTOME_TRAF6_MEDIATED_IRF7_ACTIVATION_IN_TLR7_8_OR_9_SIGNALING","REACTOME_TRAF6_MEDIATED_IRF7_ACTIVATION_IN_TLR7_8_OR_9_SIGNALING",11,-0.509812576994713,-0.947187466265941,0.52760736196319,0.856106187494918,0.820934842798516,1770,"tags=45%, list=10%, signal=41%","UBE2V1/MYD88/TRAF6/IRAK4/UBE2N"
"REACTOME_SENSORY_PERCEPTION_OF_TASTE","REACTOME_SENSORY_PERCEPTION_OF_TASTE",17,0.474892260465807,0.946240141802694,0.525691699604743,0.856106187494918,0.820934842798516,156,"tags=6%, list=1%, signal=6%","TRPM4"
"REACTOME_VEGFR2_MEDIATED_CELL_PROLIFERATION","REACTOME_VEGFR2_MEDIATED_CELL_PROLIFERATION",18,0.471549981212775,0.946174424445211,0.52,0.856106187494918,0.820934842798516,2462,"tags=28%, list=15%, signal=24%","VEGFA/RASA1/SPHK1/PRKCA/ITPR2"
"REACTOME_PENTOSE_PHOSPHATE_PATHWAY","REACTOME_PENTOSE_PHOSPHATE_PATHWAY",13,-0.494682868585511,-0.945806753812557,0.537190082644628,0.856106187494918,0.820934842798516,629,"tags=31%, list=4%, signal=30%","PRPS1/PRPS2/PGD/PGM2"
"REACTOME_TRAFFICKING_AND_PROCESSING_OF_ENDOSOMAL_TLR","REACTOME_TRAFFICKING_AND_PROCESSING_OF_ENDOSOMAL_TLR",10,0.523262749292866,0.944578858241068,0.528487229862475,0.856106187494918,0.820934842798516,1207,"tags=40%, list=7%, signal=37%","LGMN/CTSB/UNC93B1/CTSV"
"REACTOME_OXIDATIVE_STRESS_INDUCED_SENESCENCE","REACTOME_OXIDATIVE_STRESS_INDUCED_SENESCENCE",98,0.377036157646819,0.944468918958252,0.509398496240602,0.856106187494918,0.820934842798516,2928,"tags=24%, list=17%, signal=20%","CDKN2C/MAPK11/KDM6B/MOV10/MAP2K6/AGO4/FOS/H2BC14/H4C2/H4-16/RBBP4/PHC1/CDKN2D/SCMH1/CBX8/H4C8/TFDP2/H4C1/RING1/H2BC3/H4C12/CDK6/H2BC4/AGO3"
"REACTOME_N_GLYCAN_ANTENNAE_ELONGATION_IN_THE_MEDIAL_TRANS_GOLGI","REACTOME_N_GLYCAN_ANTENNAE_ELONGATION_IN_THE_MEDIAL_TRANS_GOLGI",17,-0.467335904593995,-0.943862115214428,0.518145161290323,0.856106187494918,0.820934842798516,686,"tags=29%, list=4%, signal=28%","B4GALT5/B4GALT3/MGAT5/ST8SIA2/ST6GAL1"
"REACTOME_SIGNALING_BY_FLT3_ITD_AND_TKD_MUTANTS","REACTOME_SIGNALING_BY_FLT3_ITD_AND_TKD_MUTANTS",15,-0.477223817076925,-0.940478034069389,0.543788187372709,0.856106187494918,0.820934842798516,2158,"tags=27%, list=13%, signal=23%","GAB2/BCL2L1/PTPN11/STAT5A"
"REACTOME_PHASE_I_FUNCTIONALIZATION_OF_COMPOUNDS","REACTOME_PHASE_I_FUNCTIONALIZATION_OF_COMPOUNDS",53,0.40925654883015,0.939469096960547,0.523809523809524,0.856106187494918,0.820934842798516,1423,"tags=17%, list=8%, signal=16%","AHRR/FDXR/CYP1A1/CBR3/AOC3/AHR/NCOA1/NQO2/AOC2"
"REACTOME_DEFECTIVE_EXT2_CAUSES_EXOSTOSES_2","REACTOME_DEFECTIVE_EXT2_CAUSES_EXOSTOSES_2",12,0.502287016777495,0.939192814971925,0.505905511811024,0.856106187494918,0.820934842798516,1301,"tags=42%, list=8%, signal=38%","SDC3/GPC6/GPC1/EXT1/HSPG2"
"REACTOME_CILIUM_ASSEMBLY","REACTOME_CILIUM_ASSEMBLY",183,-0.328279478667436,-0.938522494200243,0.582304526748971,0.856106187494918,0.820934842798516,3151,"tags=31%, list=19%, signal=26%","ARL13B/CEP76/KIF24/WDR19/IFT46/HAUS3/CC2D2A/SSNA1/ARF4/HSP90AA1/DCTN3/EXOC8/HSPB11/CEP72/RPGRIP1L/DCTN2/CEP162/CCT4/CEP152/DYNC1H1/ODF2/CEP250/CEP83/KIFAP3/TCTN1/DYNLL2/MKKS/DYNLRB1/IQCB1/CEP78/TUBB6/CETN2/MAPRE1/BBS5/TUBA8/TNPO1/CEP290/CEP41/PLK4/TCP1/HAUS8/PLK1/HAUS6/CKAP5/CCT5/SDCCAG8/CCT3/DYNC2H1/RAB3IP/ALMS1/YWHAG/CCT2/TUBA1C/HAUS2/CEP43/TUBA1B/TUBB4B"
"REACTOME_STABILIZATION_OF_P53","REACTOME_STABILIZATION_OF_P53",55,0.405277723883317,0.938382120383841,0.529644268774704,0.856106187494918,0.820934842798516,204,"tags=4%, list=1%, signal=4%","PSME2/PSME1"
"REACTOME_CELL_CELL_JUNCTION_ORGANIZATION","REACTOME_CELL_CELL_JUNCTION_ORGANIZATION",36,-0.405707341620831,-0.937973737021786,0.525691699604743,0.856106187494918,0.820934842798516,2047,"tags=31%, list=12%, signal=27%","CDH2/AFDN/CDH6/PVR/CLDN1/NECTIN4/ACTB/JUP/PARD6G/CDH4/ACTG1"
"REACTOME_UNFOLDED_PROTEIN_RESPONSE_UPR","REACTOME_UNFOLDED_PROTEIN_RESPONSE_UPR",89,-0.361613300158406,-0.936977999120529,0.557446808510638,0.856106187494918,0.820934842798516,1562,"tags=13%, list=9%, signal=12%","CEBPB/ASNS/NFYB/EXOSC2/EXOSC9/EXOSC3/ATF6/CEBPG/IGFBP1/XBP1/HDGF/ATF4"
"REACTOME_REGULATION_OF_TP53_ACTIVITY_THROUGH_METHYLATION","REACTOME_REGULATION_OF_TP53_ACTIVITY_THROUGH_METHYLATION",19,-0.450742897062117,-0.935436708329263,0.528712871287129,0.856106187494918,0.820934842798516,2338,"tags=26%, list=14%, signal=23%","EHMT1/MDM4/SMYD2/L3MBTL1/KMT5A"
"REACTOME_LAGGING_STRAND_SYNTHESIS","REACTOME_LAGGING_STRAND_SYNTHESIS",20,-0.45014572311907,-0.934786599659265,0.554,0.856106187494918,0.820934842798516,4588,"tags=50%, list=27%, signal=37%","RFC1/POLA2/DNA2/PCNA/POLA1/PRIM2/RFC4/PRIM1/POLD3/RFC5"
"REACTOME_A_TETRASACCHARIDE_LINKER_SEQUENCE_IS_REQUIRED_FOR_GAG_SYNTHESIS","REACTOME_A_TETRASACCHARIDE_LINKER_SEQUENCE_IS_REQUIRED_FOR_GAG_SYNTHESIS",20,0.457751701302223,0.934641573852979,0.529880478087649,0.856106187494918,0.820934842798516,1301,"tags=25%, list=8%, signal=23%","SDC3/GPC6/B3GAT3/GPC1/HSPG2"
"REACTOME_PLATELET_CALCIUM_HOMEOSTASIS","REACTOME_PLATELET_CALCIUM_HOMEOSTASIS",17,-0.462410580325395,-0.933914608642433,0.534274193548387,0.856106187494918,0.820934842798516,2487,"tags=41%, list=15%, signal=35%","SRI/ORAI1/P2RX5/CALM1/ATP2B1/TRPC3/SLC8A1"
"REACTOME_SEMAPHORIN_INTERACTIONS","REACTOME_SEMAPHORIN_INTERACTIONS",53,0.406451585243314,0.933030161247815,0.537698412698413,0.856106187494918,0.820934842798516,640,"tags=15%, list=4%, signal=15%","PAK3/SEMA3A/PLXNB3/NRP1/RHOB/ITGA1/RRAS/PIP5K1C"
"REACTOME_NEGATIVE_EPIGENETIC_REGULATION_OF_RRNA_EXPRESSION","REACTOME_NEGATIVE_EPIGENETIC_REGULATION_OF_RRNA_EXPRESSION",86,-0.363308371249244,-0.932999888524008,0.562899786780384,0.856106187494918,0.820934842798516,1840,"tags=12%, list=11%, signal=10%","TTF1/TAF1A/H2AZ1/POLR1F/H3-3A/GTF2H3/ARID4B/HDAC2/POLR1E/CCNH"
"REACTOME_NEF_MEDIATES_DOWN_MODULATION_OF_CELL_SURFACE_RECEPTORS_BY_RECRUITING_THEM_TO_CLATHRIN_ADAPTERS","REACTOME_NEF_MEDIATES_DOWN_MODULATION_OF_CELL_SURFACE_RECEPTORS_BY_RECRUITING_THEM_TO_CLATHRIN_ADAPTERS",17,0.467611812350422,0.931733583514438,0.539525691699605,0.856106187494918,0.820934842798516,2410,"tags=29%, list=14%, signal=25%","HLA-A/PACS1/AP2S1/AP2M1/AP2B1"
"REACTOME_DNA_DOUBLE_STRAND_BREAK_REPAIR","REACTOME_DNA_DOUBLE_STRAND_BREAK_REPAIR",155,-0.332484511791744,-0.93103091410402,0.585683297180043,0.856106187494918,0.820934842798516,3712,"tags=25%, list=22%, signal=19%","MAPK8/XRCC6/CHEK1/DCLRE1C/RFC4/PPP4R2/MRE11/PARP2/RNF4/TOPBP1/RIF1/RAD17/SUMO1/EME1/BARD1/BAZ1B/ATR/RAD50/POLD3/XRCC4/LIG3/PRKDC/BRIP1/PALB2/EXO1/PARP1/TIMELESS/GEN1/UBE2I/CDK2/MDC1/UBE2N/XRCC2/RFC5/POLQ/POLE3/ABRAXAS1/NSD2"
"REACTOME_EFFECTS_OF_PIP2_HYDROLYSIS","REACTOME_EFFECTS_OF_PIP2_HYDROLYSIS",21,0.450576545476328,0.930548517405917,0.537109375,0.856106187494918,0.820934842798516,988,"tags=14%, list=6%, signal=13%","DGKG/PRKCH/DGKI"
"REACTOME_INHIBITION_OF_REPLICATION_INITIATION_OF_DAMAGED_DNA_BY_RB1_E2F1","REACTOME_INHIBITION_OF_REPLICATION_INITIATION_OF_DAMAGED_DNA_BY_RB1_E2F1",13,-0.486487195823018,-0.930137073006816,0.555785123966942,0.856106187494918,0.820934842798516,4525,"tags=62%, list=27%, signal=45%","POLA2/POLA1/PRIM2/E2F1/PRIM1/PPP2R1B/PPP2CA/PPP2R3B"
"REACTOME_FLT3_SIGNALING","REACTOME_FLT3_SIGNALING",32,0.431051747138816,0.929885599090655,0.535070140280561,0.856106187494918,0.820934842798516,1198,"tags=12%, list=7%, signal=12%","PTPRJ/CDKN1B/STAT5B/FLT3LG"
"REACTOME_TIE2_SIGNALING","REACTOME_TIE2_SIGNALING",13,-0.485541237825424,-0.928328452737621,0.555785123966942,0.856106187494918,0.820934842798516,5935,"tags=54%, list=35%, signal=35%","NRAS/KRAS/SHC1/PIK3CA/ANGPT1/GRB14/PTPN11"
"REACTOME_GLYCOGEN_BREAKDOWN_GLYCOGENOLYSIS","REACTOME_GLYCOGEN_BREAKDOWN_GLYCOGENOLYSIS",14,0.476506454688501,0.927319453244147,0.51252408477842,0.856106187494918,0.820934842798516,1137,"tags=21%, list=7%, signal=20%","GAA/PYGB/AGL"
"REACTOME_TICAM1_RIP1_MEDIATED_IKK_COMPLEX_RECRUITMENT","REACTOME_TICAM1_RIP1_MEDIATED_IKK_COMPLEX_RECRUITMENT",18,-0.453237781510172,-0.927216246380305,0.537848605577689,0.856106187494918,0.820934842798516,4003,"tags=44%, list=24%, signal=34%","TRAF6/CHUK/UBE2D1/UBE2D2/BIRC2/UBE2D3/BIRC3/UBE2N"
"REACTOME_SIGNALING_BY_TGFB_FAMILY_MEMBERS","REACTOME_SIGNALING_BY_TGFB_FAMILY_MEMBERS",94,0.373246023366098,0.927187887498209,0.545283018867925,0.856106187494918,0.820934842798516,1309,"tags=14%, list=8%, signal=13%","TGFB1/SMAD3/PMEPA1/WWTR1/CGN/TGFBR1/ACVR1C/MTMR4/SMAD2/ACVR2A/ACVR2B/HDAC1/TGFBR2"
"REACTOME_CYCLIN_A_CDK2_ASSOCIATED_EVENTS_AT_S_PHASE_ENTRY","REACTOME_CYCLIN_A_CDK2_ASSOCIATED_EVENTS_AT_S_PHASE_ENTRY",84,-0.361305634616512,-0.926956748195468,0.570526315789474,0.856106187494918,0.820934842798516,1189,"tags=11%, list=7%, signal=10%","LIN9/CDK2/E2F5/CDK4/CKS1B/PSMD2/CCNH/MYC/CDC25A"
"REACTOME_E3_UBIQUITIN_LIGASES_UBIQUITINATE_TARGET_PROTEINS","REACTOME_E3_UBIQUITIN_LIGASES_UBIQUITINATE_TARGET_PROTEINS",56,-0.376867616346363,-0.926471976788497,0.57085020242915,0.856106187494918,0.820934842798516,2996,"tags=27%, list=18%, signal=22%","UBE2D1/HLTF/BCL10/UBE2E1/UBE2D2/UBE2B/UBE2A/PRKDC/WAC/UBE2L3/UBE2D3/CDC73/UBE2N/RAD18/RNF152"
"REACTOME_INCRETIN_SYNTHESIS_SECRETION_AND_INACTIVATION","REACTOME_INCRETIN_SYNTHESIS_SECRETION_AND_INACTIVATION",13,0.480712614728244,0.925992479641469,0.530888030888031,0.856106187494918,0.820934842798516,558,"tags=15%, list=3%, signal=15%","GATA4/CTNNB1"
"REACTOME_DEADENYLATION_OF_MRNA","REACTOME_DEADENYLATION_OF_MRNA",25,-0.428441575166222,-0.925393962324749,0.556213017751479,0.856106187494918,0.820934842798516,4649,"tags=44%, list=27%, signal=32%","PAIP1/TNKS1BP1/CNOT10/EIF4A3/CNOT7/EIF4E/CNOT2/CNOT4/CNOT9/EIF4B/EIF4A2"
"REACTOME_G_PROTEIN_MEDIATED_EVENTS","REACTOME_G_PROTEIN_MEDIATED_EVENTS",41,-0.393268570845018,-0.924986048888117,0.568093385214008,0.856106187494918,0.820934842798516,2995,"tags=29%, list=18%, signal=24%","ADCY6/PRKX/PRKAR1B/CREB1/PDE1C/MAPK1/CALM1/PRKAR2A/PRKACB/PRKCD/ADCY1/PLCB4"
"REACTOME_ALPHA_LINOLENIC_OMEGA3_AND_LINOLEIC_OMEGA6_ACID_METABOLISM","REACTOME_ALPHA_LINOLENIC_OMEGA3_AND_LINOLEIC_OMEGA6_ACID_METABOLISM",13,-0.483052181753388,-0.923569512832785,0.56198347107438,0.856106187494918,0.820934842798516,1858,"tags=31%, list=11%, signal=27%","ELOVL1/FADS2/ELOVL5/FADS1"
"REACTOME_SMOOTH_MUSCLE_CONTRACTION","REACTOME_SMOOTH_MUSCLE_CONTRACTION",30,0.435612823242444,0.923197253487868,0.553061224489796,0.856106187494918,0.820934842798516,388,"tags=13%, list=2%, signal=13%","ITGB5/ACTA2/SORBS1/ITGA1"
"REACTOME_SIGNALLING_TO_RAS","REACTOME_SIGNALLING_TO_RAS",17,-0.457002041664246,-0.922991170723906,0.554435483870968,0.856106187494918,0.820934842798516,869,"tags=24%, list=5%, signal=22%","RALB/RALA/MAPK14/MAPKAPK2"
"REACTOME_BBSOME_MEDIATED_CARGO_TARGETING_TO_CILIUM","REACTOME_BBSOME_MEDIATED_CARGO_TARGETING_TO_CILIUM",21,-0.444519318179614,-0.922947709934355,0.555102040816327,0.856106187494918,0.820934842798516,2484,"tags=38%, list=15%, signal=33%","CCT4/MKKS/BBS5/TCP1/CCT5/CCT3/RAB3IP/CCT2"
"REACTOME_RESPONSE_OF_EIF2AK4_GCN2_TO_AMINO_ACID_DEFICIENCY","REACTOME_RESPONSE_OF_EIF2AK4_GCN2_TO_AMINO_ACID_DEFICIENCY",98,-0.351144976781041,-0.922561823744632,0.578723404255319,0.856106187494918,0.820934842798516,1562,"tags=6%, list=9%, signal=6%","CEBPB/ASNS/RPLP0/TRIB3/CEBPG/ATF4"
"REACTOME_TRANSLATION_OF_REPLICASE_AND_ASSEMBLY_OF_THE_REPLICATION_TRANSCRIPTION_COMPLEX","REACTOME_TRANSLATION_OF_REPLICASE_AND_ASSEMBLY_OF_THE_REPLICATION_TRANSCRIPTION_COMPLEX",12,0.493003707954205,0.921834578237205,0.533464566929134,0.856106187494918,0.820934842798516,2690,"tags=33%, list=16%, signal=28%","CHMP2A/BECN1/CHMP4A/CHMP3"
"REACTOME_NICOTINAMIDE_SALVAGING","REACTOME_NICOTINAMIDE_SALVAGING",17,0.462323735217469,0.921196897043193,0.547430830039526,0.856106187494918,0.820934842798516,1719,"tags=29%, list=10%, signal=26%","PTGS2/PARP8/PARP4/PARP16/NNMT"
"REACTOME_G_PROTEIN_BETA_GAMMA_SIGNALLING","REACTOME_G_PROTEIN_BETA_GAMMA_SIGNALLING",22,0.442307538668434,0.920853884981571,0.541338582677165,0.856106187494918,0.820934842798516,3363,"tags=32%, list=20%, signal=26%","GNG2/PLCB1/ARHGEF6/PLCB3/PAK1/GNG4/AKT2"
"REACTOME_RHOH_GTPASE_CYCLE","REACTOME_RHOH_GTPASE_CYCLE",32,0.426723143761808,0.920547727312679,0.557114228456914,0.856106187494918,0.820934842798516,1061,"tags=9%, list=6%, signal=9%","PAK6/TMEM59/RALGAPA1"
"REACTOME_RMTS_METHYLATE_HISTONE_ARGININES","REACTOME_RMTS_METHYLATE_HISTONE_ARGININES",55,-0.375382585311099,-0.920429667389205,0.586693548387097,0.856106187494918,0.820934842798516,2276,"tags=15%, list=13%, signal=13%","WDR5/SMARCC1/WDR77/SMARCD1/H2AZ1/CDK4/ARID2/SMARCA2"
"REACTOME_SPHINGOLIPID_DE_NOVO_BIOSYNTHESIS","REACTOME_SPHINGOLIPID_DE_NOVO_BIOSYNTHESIS",38,-0.394745312731396,-0.920422853719588,0.570576540755467,0.856106187494918,0.820934842798516,2762,"tags=24%, list=16%, signal=20%","KDSR/CERS5/DEGS1/SPTLC1/SGMS1/ORMDL1/CERS2/SGMS2/SPNS2"
"REACTOME_PEPTIDE_HORMONE_METABOLISM","REACTOME_PEPTIDE_HORMONE_METABOLISM",49,-0.381037188009472,-0.920285573934389,0.579881656804734,0.856106187494918,0.820934842798516,547,"tags=10%, list=3%, signal=10%","GNB1/KLF4/PAX6/CGB8/KIF5C"
"REACTOME_VASOPRESSIN_REGULATES_RENAL_WATER_HOMEOSTASIS_VIA_AQUAPORINS","REACTOME_VASOPRESSIN_REGULATES_RENAL_WATER_HOMEOSTASIS_VIA_AQUAPORINS",28,-0.414084220834247,-0.919694089497377,0.555992141453831,0.856106187494918,0.820934842798516,1827,"tags=25%, list=11%, signal=22%","GNG5/GNG10/MYO5B/GNB1/PRKAR2A/PRKACB/ADCY1"
"REACTOME_RHO_GTPASES_ACTIVATE_PAKS","REACTOME_RHO_GTPASES_ACTIVATE_PAKS",19,0.455608690146137,0.919611337233114,0.545271629778672,0.856106187494918,0.820934842798516,625,"tags=11%, list=4%, signal=10%","PAK3/CTTN"
"REACTOME_SRP_DEPENDENT_COTRANSLATIONAL_PROTEIN_TARGETING_TO_MEMBRANE","REACTOME_SRP_DEPENDENT_COTRANSLATIONAL_PROTEIN_TARGETING_TO_MEMBRANE",109,0.362844852769418,0.919213820576329,0.538606403013183,0.856106187494918,0.820934842798516,4997,"tags=52%, list=29%, signal=37%","SRP14/RPL27A/RPS19/RPL28/DDOST/RPL30/SEC61A1/SSR4/RPS5/RPS4X/FAU/RPLP2/RPL18A/RPS27L/SEC11C/RPS28/RPS11/SPCS1/RPS20/RPS25/UBA52/RPL21/RPS9/RPL37/RPL13A/RPS18/RPL10A/RPS16/RPL15/SRPRA/RPL8/RPL3/RPL29/RPL37A/RPL32/RPL35A/SPCS2/RPL19/RPN1/RPS29/RPL23A/RPS10/RPL13/RPL36A/RPL11/RPS13/RPS26/RPL18/RPL36AL/RPS12/RPS17/RPL36/RPS23/RPS3/RPL31/RPS15/RPL39"
"REACTOME_SIGNALING_BY_MET","REACTOME_SIGNALING_BY_MET",67,-0.366227962155842,-0.918733505007656,0.566532258064516,0.856106187494918,0.820934842798516,456,"tags=10%, list=3%, signal=10%","LAMB1/RAP1A/PTPN11/RAP1B/COL27A1/LRIG1/COL5A2"
"REACTOME_G_ALPHA_I_SIGNALLING_EVENTS","REACTOME_G_ALPHA_I_SIGNALLING_EVENTS",125,0.354881655488448,0.918444162778879,0.569288389513109,0.856106187494918,0.820934842798516,1656,"tags=18%, list=10%, signal=16%","S1PR2/PDE4D/GNG2/APP/FPR1/CXCL5/PLCB1/NPY1R/GPSM2/RGS9/GABBR1/CAMKK1/GPER1/RGS14/RGS16/PSAP/C3AR1/BDKRB2/RGS19/NBEA/CCL28/LPAR2"
"REACTOME_PURINE_SALVAGE","REACTOME_PURINE_SALVAGE",12,0.491073910513512,0.918226179393297,0.53740157480315,0.856106187494918,0.820934842798516,954,"tags=25%, list=6%, signal=24%","ADA/AMPD2/GMPR2"
"REACTOME_GLOBAL_GENOME_NUCLEOTIDE_EXCISION_REPAIR_GG_NER","REACTOME_GLOBAL_GENOME_NUCLEOTIDE_EXCISION_REPAIR_GG_NER",84,-0.357837585602154,-0.91805920791674,0.595789473684211,0.856106187494918,0.820934842798516,4258,"tags=36%, list=25%, signal=27%","PCNA/POLE/RBX1/COPS2/COPS3/ERCC2/MCRS1/INO80/COPS6/GTF2H2/RFC4/PARP2/RUVBL1/SUMO1/CDK7/ACTR8/POLD3/CHD1L/LIG3/CETN2/PARP1/UBE2I/RAD23B/ACTB/UBE2N/RFC5/GTF2H3/INO80C/CCNH/POLE3"
"REACTOME_SIGNALING_BY_CSF3_G_CSF","REACTOME_SIGNALING_BY_CSF3_G_CSF",27,-0.416985683130855,-0.917061836462791,0.568,0.856106187494918,0.820934842798516,2570,"tags=30%, list=15%, signal=25%","UBE2D2/JAK1/LYN/GAB2/CSF3/UBE2D3/PTPN11/STAT5A"
"REACTOME_LDL_CLEARANCE","REACTOME_LDL_CLEARANCE",16,-0.459270701604392,-0.91526224146541,0.559006211180124,0.856106187494918,0.820934842798516,1546,"tags=25%, list=9%, signal=23%","NPC1/CLTA/LDLR/SOAT1"
"REACTOME_GRB2_EVENTS_IN_ERBB2_SIGNALING","REACTOME_GRB2_EVENTS_IN_ERBB2_SIGNALING",14,0.470124632749779,0.914899920260515,0.529865125240848,0.856106187494918,0.820934842798516,157,"tags=7%, list=1%, signal=7%","NRG2"
"REACTOME_TRAF6_MEDIATED_IRF7_ACTIVATION","REACTOME_TRAF6_MEDIATED_IRF7_ACTIVATION",16,0.462385855056391,0.914347215072846,0.549132947976879,0.856106187494918,0.820934842798516,1171,"tags=12%, list=7%, signal=12%","IFIH1/IRF3"
"REACTOME_TERMINATION_OF_O_GLYCAN_BIOSYNTHESIS","REACTOME_TERMINATION_OF_O_GLYCAN_BIOSYNTHESIS",12,-0.486696890159596,-0.914047188299651,0.578947368421053,0.856106187494918,0.820934842798516,41,"tags=25%, list=0%, signal=25%","ST3GAL1/MUC13/ST6GAL1"
"REACTOME_NEGATIVE_REGULATION_OF_NOTCH4_SIGNALING","REACTOME_NEGATIVE_REGULATION_OF_NOTCH4_SIGNALING",54,0.395530944627266,0.912929151387419,0.568316831683168,0.856106187494918,0.820934842798516,204,"tags=4%, list=1%, signal=4%","PSME2/PSME1"
"REACTOME_ASSOCIATION_OF_TRIC_CCT_WITH_TARGET_PROTEINS_DURING_BIOSYNTHESIS","REACTOME_ASSOCIATION_OF_TRIC_CCT_WITH_TARGET_PROTEINS_DURING_BIOSYNTHESIS",36,-0.394821104422866,-0.912805337194739,0.563241106719368,0.856106187494918,0.820934842798516,2353,"tags=31%, list=14%, signal=26%","FBXW2/CCT4/KIFC3/FBXW7/GBA/XRN2/TCP1/CCT5/CCT3/CCT2/ARFGEF2"
"REACTOME_INSERTION_OF_TAIL_ANCHORED_PROTEINS_INTO_THE_ENDOPLASMIC_RETICULUM_MEMBRANE","REACTOME_INSERTION_OF_TAIL_ANCHORED_PROTEINS_INTO_THE_ENDOPLASMIC_RETICULUM_MEMBRANE",21,0.441649613203088,0.912112263510223,0.560546875,0.856106187494918,0.820934842798516,2060,"tags=19%, list=12%, signal=17%","APP/VAMP2/STX5/UBE2J2"
"REACTOME_SIGNALING_BY_CYTOSOLIC_FGFR1_FUSION_MUTANTS","REACTOME_SIGNALING_BY_CYTOSOLIC_FGFR1_FUSION_MUTANTS",18,-0.445409875305962,-0.91120221996022,0.563745019920319,0.856106187494918,0.820934842798516,757,"tags=22%, list=4%, signal=21%","CPSF6/LRRFIP1/CEP43/STAT5A"
"REACTOME_RNA_POLYMERASE_III_TRANSCRIPTION_TERMINATION","REACTOME_RNA_POLYMERASE_III_TRANSCRIPTION_TERMINATION",23,-0.428677724022326,-0.911023258591215,0.563745019920319,0.856106187494918,0.820934842798516,2739,"tags=39%, list=16%, signal=33%","POLR3A/CRCP/POLR2F/POLR3K/SSB/POLR3C/POLR3F/NFIA/POLR3B"
"REACTOME_HIV_ELONGATION_ARREST_AND_RECOVERY","REACTOME_HIV_ELONGATION_ARREST_AND_RECOVERY",32,-0.402058356018838,-0.910732159662998,0.566600397614314,0.856106187494918,0.820934842798516,2908,"tags=19%, list=17%, signal=16%","POLR2B/POLR2F/CCNK/CCNT1/SUPT16H/CCNT2"
"REACTOME_GLYCOGEN_METABOLISM","REACTOME_GLYCOGEN_METABOLISM",23,0.438646479203529,0.910152104407219,0.554,0.856106187494918,0.820934842798516,1137,"tags=13%, list=7%, signal=12%","GAA/PYGB/AGL"
"REACTOME_MATURATION_OF_SARS_COV_2_SPIKE_PROTEIN","REACTOME_MATURATION_OF_SARS_COV_2_SPIKE_PROTEIN",27,-0.413713661825078,-0.909865795953459,0.576,0.856106187494918,0.820934842798516,384,"tags=11%, list=2%, signal=11%","MAN2A1/MGAT5/ST6GAL1"
"REACTOME_INTEGRIN_SIGNALING","REACTOME_INTEGRIN_SIGNALING",20,-0.438024115908902,-0.909614493373586,0.578,0.856106187494918,0.820934842798516,1279,"tags=35%, list=8%, signal=32%","SHC1/TLN1/SRC/PTPN1/VWF/RAP1A/RAP1B"
"REACTOME_REGULATION_OF_RAS_BY_GAPS","REACTOME_REGULATION_OF_RAS_BY_GAPS",64,0.384199784230134,0.908799907930976,0.563241106719368,0.856106187494918,0.820934842798516,2978,"tags=19%, list=18%, signal=16%","PSME2/PSME1/RASA3/RASA1/PSMC5/PSMB6/NF1/PSMC4/PSMD8/RASA4/SYNGAP1/PSMB10"
"REACTOME_ADP_SIGNALLING_THROUGH_P2Y_PURINOCEPTOR_12","REACTOME_ADP_SIGNALLING_THROUGH_P2Y_PURINOCEPTOR_12",14,0.465820846760285,0.906524410482235,0.547206165703276,0.856106187494918,0.820934842798516,279,"tags=7%, list=2%, signal=7%","GNG2"
"REACTOME_GROWTH_HORMONE_RECEPTOR_SIGNALING","REACTOME_GROWTH_HORMONE_RECEPTOR_SIGNALING",18,0.450683100421345,0.904304612740376,0.57,0.856106187494918,0.820934842798516,1849,"tags=28%, list=11%, signal=25%","STAT3/SH2B1/STAT5B/GHR/ADAM17"
"REACTOME_P38MAPK_EVENTS","REACTOME_P38MAPK_EVENTS",13,-0.472315432592655,-0.903041432086328,0.586776859504132,0.856106187494918,0.820934842798516,869,"tags=31%, list=5%, signal=29%","RALB/RALA/MAPK14/MAPKAPK2"
"REACTOME_CHONDROITIN_SULFATE_DERMATAN_SULFATE_METABOLISM","REACTOME_CHONDROITIN_SULFATE_DERMATAN_SULFATE_METABOLISM",42,0.405075905747439,0.902508136883681,0.591002044989775,0.856106187494918,0.820934842798516,1988,"tags=26%, list=12%, signal=23%","SDC3/GPC6/B3GAT3/GPC1/HSPG2/ARSB/IDUA/CHST11/CHPF/AGRN/IDS"
"REACTOME_RESOLUTION_OF_ABASIC_SITES_AP_SITES","REACTOME_RESOLUTION_OF_ABASIC_SITES_AP_SITES",38,-0.386491885387315,-0.901178437373153,0.602385685884692,0.856106187494918,0.820934842798516,3454,"tags=37%, list=20%, signal=29%","PCNA/POLE/MUTYH/RFC4/OGG1/PARP2/APEX1/MBD4/POLD3/LIG3/UNG/PARP1/RFC5/POLE3"
"REACTOME_RND3_GTPASE_CYCLE","REACTOME_RND3_GTPASE_CYCLE",40,-0.383920599863985,-0.900484596169047,0.603585657370518,0.856106187494918,0.820934842798516,3030,"tags=38%, list=18%, signal=31%","ANKRD26/TXNL1/MUC13/DSP/DST/RND3/ARHGAP21/LEMD3/KTN1/VANGL2/PTPN13/PKP4/RASAL2/CKAP4/RBMX"
"REACTOME_RUNX1_REGULATES_GENES_INVOLVED_IN_MEGAKARYOCYTE_DIFFERENTIATION_AND_PLATELET_FUNCTION","REACTOME_RUNX1_REGULATES_GENES_INVOLVED_IN_MEGAKARYOCYTE_DIFFERENTIATION_AND_PLATELET_FUNCTION",68,0.376571669483263,0.899627058385017,0.581712062256809,0.856106187494918,0.820934842798516,3833,"tags=31%, list=23%, signal=24%","MOV10/THBS1/AGO4/KAT2B/H2BC14/HDAC1/H4C2/H4-16/H4C8/H4C1/H2BC3/H4C12/H2BC4/AGO3/SIN3A/H2AC6/SIN3B/H4C3/ZFPM1/H2AZ2/H3C10"
"REACTOME_DEGRADATION_OF_AXIN","REACTOME_DEGRADATION_OF_AXIN",53,0.391891887604956,0.899607639283472,0.58531746031746,0.856106187494918,0.820934842798516,204,"tags=4%, list=1%, signal=4%","PSME2/PSME1"
"REACTOME_RHOB_GTPASE_CYCLE","REACTOME_RHOB_GTPASE_CYCLE",67,0.378005968640934,0.899098762424095,0.579051383399209,0.856106187494918,0.820934842798516,616,"tags=7%, list=4%, signal=7%","ARHGEF17/ARHGAP26/RHOB/RTKN/FLOT2"
"REACTOME_SPRY_REGULATION_OF_FGF_SIGNALING","REACTOME_SPRY_REGULATION_OF_FGF_SIGNALING",16,0.4546124122508,0.898975581829537,0.572254335260116,0.856106187494918,0.820934842798516,1404,"tags=12%, list=8%, signal=11%","SPRY2/BRAF"
"REACTOME_ALPHA_PROTEIN_KINASE_1_SIGNALING_PATHWAY","REACTOME_ALPHA_PROTEIN_KINASE_1_SIGNALING_PATHWAY",11,-0.483562887048943,-0.898417823397248,0.591002044989775,0.856106187494918,0.820934842798516,4003,"tags=36%, list=24%, signal=28%","TRAF6/TAB1/MAP3K7/TIFA"
"REACTOME_DEGRADATION_OF_GLI1_BY_THE_PROTEASOME","REACTOME_DEGRADATION_OF_GLI1_BY_THE_PROTEASOME",57,0.386307187566827,0.898158405387557,0.566,0.856106187494918,0.820934842798516,908,"tags=5%, list=5%, signal=5%","PSME2/PSME1/SUFU"
"REACTOME_REGULATION_OF_PTEN_STABILITY_AND_ACTIVITY","REACTOME_REGULATION_OF_PTEN_STABILITY_AND_ACTIVITY",67,0.377234151812462,0.897262972481963,0.58102766798419,0.856106187494918,0.820934842798516,3719,"tags=27%, list=22%, signal=21%","PSME2/PSME1/PTEN/STUB1/PREX2/PSMC5/PSMB6/PSMC4/PSMD8/MKRN1/TNKS/PSMB10/CSNK2B/WWP2/AKT2/UBA52/PSMB9/PSMD3"
"REACTOME_SENSORY_PROCESSING_OF_SOUND","REACTOME_SENSORY_PROCESSING_OF_SOUND",42,0.402439713211948,0.896634706299646,0.595092024539877,0.856106187494918,0.820934842798516,1974,"tags=24%, list=12%, signal=21%","SNAP25/BSN/RDX/VAMP2/EPS8/SYP/GSN/KCNMA1/CAPZB/MPP1"
"REACTOME_P75NTR_SIGNALS_VIA_NF_KB","REACTOME_P75NTR_SIGNALS_VIA_NF_KB",15,0.459230495279466,0.896169586397342,0.569471624266145,0.856106187494918,0.820934842798516,3416,"tags=33%, list=20%, signal=27%","NGFR/IKBKB/RIPK2/IRAK1/UBA52"
"REACTOME_RHOC_GTPASE_CYCLE","REACTOME_RHOC_GTPASE_CYCLE",72,0.370580143902073,0.895807818855801,0.579881656804734,0.856106187494918,0.820934842798516,616,"tags=7%, list=4%, signal=7%","ARHGEF17/ARHGAP26/FMNL2/RTKN/FLOT2"
"REACTOME_PTK6_REGULATES_RHO_GTPASES_RAS_GTPASE_AND_MAP_KINASES","REACTOME_PTK6_REGULATES_RHO_GTPASES_RAS_GTPASE_AND_MAP_KINASES",13,0.464768958909595,0.895280355736821,0.569498069498069,0.856106187494918,0.820934842798516,1802,"tags=23%, list=11%, signal=21%","DOCK1/ARHGAP35/RASA1"
"REACTOME_PYROPTOSIS","REACTOME_PYROPTOSIS",20,-0.429612668969189,-0.892147021221443,0.6,0.856106187494918,0.820934842798516,164,"tags=10%, list=1%, signal=10%","IL1B/CASP4"
"REACTOME_INTERLEUKIN_3_INTERLEUKIN_5_AND_GM_CSF_SIGNALING","REACTOME_INTERLEUKIN_3_INTERLEUKIN_5_AND_GM_CSF_SIGNALING",32,-0.393827134369999,-0.892087009881405,0.592445328031809,0.856106187494918,0.820934842798516,2563,"tags=22%, list=15%, signal=19%","JAK1/CRKL/LYN/GAB2/YES1/PTPN11/STAT5A"
"REACTOME_PYRIMIDINE_SALVAGE","REACTOME_PYRIMIDINE_SALVAGE",10,-0.4891502935093,-0.891822420561065,0.598377281947262,0.856106187494918,0.820934842798516,221,"tags=20%, list=1%, signal=20%","UCK1/UCK2"
"REACTOME_RNA_POLYMERASE_III_TRANSCRIPTION_INITIATION_FROM_TYPE_1_PROMOTER","REACTOME_RNA_POLYMERASE_III_TRANSCRIPTION_INITIATION_FROM_TYPE_1_PROMOTER",28,-0.401451469400663,-0.891636350894951,0.603143418467583,0.856106187494918,0.820934842798516,3995,"tags=36%, list=24%, signal=27%","POLR3A/GTF3C1/CRCP/POLR2F/POLR3K/GTF3C4/POLR3C/GTF3C5/POLR3F/POLR3B"
"REACTOME_INHIBITION_OF_DNA_RECOMBINATION_AT_TELOMERE","REACTOME_INHIBITION_OF_DNA_RECOMBINATION_AT_TELOMERE",52,0.389769446555299,0.891594899923075,0.588932806324111,0.856106187494918,0.820934842798516,4548,"tags=42%, list=27%, signal=31%","DAXX/H2BC14/H4C2/H4-16/POLR2H/POLR2L/H4C8/H4C1/H2BC3/TINF2/H4C12/H2BC4/H2AC6/H4C3/H2AZ2/POLR2I/TERF2IP/TERF2/H2BC11/H2AC8/POLR2G/TERF1"
"REACTOME_PYRUVATE_METABOLISM","REACTOME_PYRUVATE_METABOLISM",26,-0.409704299773045,-0.891287938094108,0.601609657947686,0.856106187494918,0.820934842798516,1846,"tags=23%, list=11%, signal=21%","DLAT/SLC16A1/PPARD/PDK3/VDAC1/PDHA1"
"REACTOME_IRAK2_MEDIATED_ACTIVATION_OF_TAK1_COMPLEX","REACTOME_IRAK2_MEDIATED_ACTIVATION_OF_TAK1_COMPLEX",10,-0.488603267758021,-0.890825079179308,0.598377281947262,0.856106187494918,0.820934842798516,4003,"tags=60%, list=24%, signal=46%","UBC/TAB3/TRAF6/TAB1/IRAK2/MAP3K7"
"REACTOME_ACTIVATED_TAK1_MEDIATES_P38_MAPK_ACTIVATION","REACTOME_ACTIVATED_TAK1_MEDIATES_P38_MAPK_ACTIVATION",22,-0.426501879007699,-0.890418016389683,0.601214574898785,0.856106187494918,0.820934842798516,869,"tags=14%, list=5%, signal=13%","MAPK14/UBE2N/MAPKAPK2"
"REACTOME_DEFECTIVE_B4GALT7_CAUSES_EDS_PROGEROID_TYPE","REACTOME_DEFECTIVE_B4GALT7_CAUSES_EDS_PROGEROID_TYPE",15,0.455450713622437,0.888793496614388,0.583170254403131,0.856106187494918,0.820934842798516,111,"tags=13%, list=1%, signal=13%","SDC3/GPC6"
"REACTOME_ROLE_OF_LAT2_NTAL_LAB_ON_CALCIUM_MOBILIZATION","REACTOME_ROLE_OF_LAT2_NTAL_LAB_ON_CALCIUM_MOBILIZATION",13,-0.463979632868799,-0.887103836147752,0.603305785123967,0.856106187494918,0.820934842798516,4949,"tags=46%, list=29%, signal=33%","SHC1/PIK3CA/LAT2/FYN/LYN/GAB2"
"REACTOME_MET_ACTIVATES_PTK2_SIGNALING","REACTOME_MET_ACTIVATES_PTK2_SIGNALING",23,-0.415959441823985,-0.883994443603357,0.603585657370518,0.856106187494918,0.820934842798516,81,"tags=13%, list=0%, signal=13%","LAMB1/COL27A1/COL5A2"
"REACTOME_SIGNALING_BY_LEPTIN","REACTOME_SIGNALING_BY_LEPTIN",10,0.488997532069693,0.882724274084663,0.589390962671906,0.856106187494918,0.820934842798516,772,"tags=30%, list=5%, signal=29%","STAT3/SH2B1/STAT5B"
"REACTOME_REGULATION_OF_HMOX1_EXPRESSION_AND_ACTIVITY","REACTOME_REGULATION_OF_HMOX1_EXPRESSION_AND_ACTIVITY",63,0.374418731366769,0.882275717941907,0.602,0.856106187494918,0.820934842798516,784,"tags=6%, list=5%, signal=6%","PSME2/PSME1/FBXL17/MAFK"
"REACTOME_SIGNAL_TRANSDUCTION_BY_L1","REACTOME_SIGNAL_TRANSDUCTION_BY_L1",19,0.436597342449858,0.881238384179977,0.599597585513079,0.856106187494918,0.820934842798516,384,"tags=11%, list=2%, signal=10%","NRP1/L1CAM"
"REACTOME_PROSTACYCLIN_SIGNALLING_THROUGH_PROSTACYCLIN_RECEPTOR","REACTOME_PROSTACYCLIN_SIGNALLING_THROUGH_PROSTACYCLIN_RECEPTOR",12,0.47078535085732,0.880289962014089,0.584645669291339,0.856106187494918,0.820934842798516,279,"tags=8%, list=2%, signal=8%","GNG2"
"REACTOME_INTERLEUKIN_20_FAMILY_SIGNALING","REACTOME_INTERLEUKIN_20_FAMILY_SIGNALING",15,0.451076758655091,0.880257901843789,0.598825831702544,0.856106187494918,0.820934842798516,2255,"tags=40%, list=13%, signal=35%","STAT3/IL10RB/STAT5B/IL22RA1/STAT2/STAT4"
"REACTOME_SYNTHESIS_OF_GLYCOSYLPHOSPHATIDYLINOSITOL_GPI","REACTOME_SYNTHESIS_OF_GLYCOSYLPHOSPHATIDYLINOSITOL_GPI",17,0.441016891382157,0.878742233932202,0.58300395256917,0.856106187494918,0.820934842798516,3879,"tags=35%, list=23%, signal=27%","PIGG/PIGP/PIGQ/PIGH/PIGX/PIGB"
"REACTOME_CS_DS_DEGRADATION","REACTOME_CS_DS_DEGRADATION",11,0.473806647529578,0.87754822122683,0.594541910331384,0.856106187494918,0.820934842798516,4513,"tags=64%, list=27%, signal=47%","ARSB/IDUA/IDS/HEXA/BCAN/CSPG4/HEXB"
"REACTOME_METABOLISM_OF_FAT_SOLUBLE_VITAMINS","REACTOME_METABOLISM_OF_FAT_SOLUBLE_VITAMINS",28,0.415806011336193,0.874776266778976,0.602434077079107,0.856106187494918,0.820934842798516,299,"tags=11%, list=2%, signal=11%","SDC3/GPC6/LRP10"
"REACTOME_BIOSYNTHESIS_OF_SPECIALIZED_PRORESOLVING_MEDIATORS_SPMS","REACTOME_BIOSYNTHESIS_OF_SPECIALIZED_PRORESOLVING_MEDIATORS_SPMS",10,0.484548758961753,0.874693476882779,0.595284872298625,0.856106187494918,0.820934842798516,635,"tags=30%, list=4%, signal=29%","PTGS2/ALOX5AP/CYP1A1"
"REACTOME_G_PROTEIN_ACTIVATION","REACTOME_G_PROTEIN_ACTIVATION",13,0.453040515111416,0.872687957654755,0.6003861003861,0.856106187494918,0.820934842798516,279,"tags=8%, list=2%, signal=8%","GNG2"
"REACTOME_COHESIN_LOADING_ONTO_CHROMATIN","REACTOME_COHESIN_LOADING_ONTO_CHROMATIN",10,0.481919615613358,0.869947422963338,0.599214145383104,0.856106187494918,0.820934842798516,883,"tags=10%, list=5%, signal=9%","MAU2"
"REACTOME_CLEC7A_DECTIN_1_INDUCES_NFAT_ACTIVATION","REACTOME_CLEC7A_DECTIN_1_INDUCES_NFAT_ACTIVATION",10,0.481873081512628,0.869863420943709,0.599214145383104,0.856106187494918,0.820934842798516,236,"tags=10%, list=1%, signal=10%","NFATC2"
"REACTOME_REGULATION_OF_RUNX1_EXPRESSION_AND_ACTIVITY","REACTOME_REGULATION_OF_RUNX1_EXPRESSION_AND_ACTIVITY",16,0.443157934299328,0.876324867279101,0.605009633911368,0.857032755298651,0.821823344488389,449,"tags=12%, list=3%, signal=12%","MOV10/AGO4"
"REACTOME_THE_ROLE_OF_GTSE1_IN_G2_M_PROGRESSION_AFTER_G2_CHECKPOINT","REACTOME_THE_ROLE_OF_GTSE1_IN_G2_M_PROGRESSION_AFTER_G2_CHECKPOINT",69,-0.360040455133922,-0.902601140272497,0.606995884773663,0.858752447669609,0.823472386869854,2367,"tags=17%, list=14%, signal=15%","PSMD5/PSMD12/PSMB7/TUBB6/MAPRE1/TUBA8/PLK1/PSMD2/HSP90AB1/TUBA1C/TUBA1B/TUBB4B"
"REACTOME_SARS_COV_INFECTIONS","REACTOME_SARS_COV_INFECTIONS",136,-0.33054899654781,-0.911542747200191,0.610619469026549,0.862781257379316,0.827335681299931,1296,"tags=15%, list=8%, signal=14%","UBE2I/ATP1B1/DDX5/PTGES3/FKBP4/ATP1B3/CTSL/REST/SRPK1/GATAD2A/ARID4B/HSP90AB1/S1PR1/HDAC2/SIGMAR1/IL1R1/IMPDH1/MGAT5/KDM1A/ST6GAL1"
"REACTOME_REGULATION_OF_TP53_ACTIVITY_THROUGH_PHOSPHORYLATION","REACTOME_REGULATION_OF_TP53_ACTIVITY_THROUGH_PHOSPHORYLATION",89,-0.353572742445658,-0.91614407051723,0.612765957446809,0.864715412031537,0.829190375225243,3064,"tags=30%, list=18%, signal=25%","TAF6/CHEK1/MDM4/RFC4/MRE11/AURKA/TOPBP1/RAD17/BARD1/TAF3/PRKAB2/ATR/RAD50/TAF5/BRIP1/EXO1/NUAK1/PRKAG2/CDK2/TPX2/SUPT16H/MAPK14/TP53RK/RFC5/MAPKAPK5/DYRK2/PRKAA2"
"REACTOME_DISEASES_OF_PROGRAMMED_CELL_DEATH","REACTOME_DISEASES_OF_PROGRAMMED_CELL_DEATH",78,-0.350201342825734,-0.899430356179555,0.613963039014374,0.865306589840283,0.829757265721514,1467,"tags=6%, list=9%, signal=6%","H2AZ1/JUN/H3-3A/CAPN2/CDC25A"
"REACTOME_HIV_TRANSCRIPTION_INITIATION","REACTOME_HIV_TRANSCRIPTION_INITIATION",46,-0.378399596773249,-0.90514907226176,0.616600790513834,0.866382074715408,0.830788566534181,2908,"tags=26%, list=17%, signal=22%","GTF2B/ERCC2/GTF2H2/TAF6/POLR2B/POLR2F/TAF3/CDK7/TAF5/GTF2E1/GTF2H3/CCNH"
"REACTOME_MET_PROMOTES_CELL_MOTILITY","REACTOME_MET_PROMOTES_CELL_MOTILITY",33,-0.388234934227643,-0.881773899203475,0.617063492063492,0.866382074715408,0.830788566534181,456,"tags=15%, list=3%, signal=15%","LAMB1/RAP1A/RAP1B/COL27A1/COL5A2"
"REACTOME_CDT1_ASSOCIATION_WITH_THE_CDC6_ORC_ORIGIN_COMPLEX","REACTOME_CDT1_ASSOCIATION_WITH_THE_CDC6_ORC_ORIGIN_COMPLEX",57,0.371495013305198,0.863720322837395,0.616,0.866382074715408,0.830788566534181,204,"tags=4%, list=1%, signal=3%","PSME2/PSME1"
"REACTOME_PINK1_PRKN_MEDIATED_MITOPHAGY","REACTOME_PINK1_PRKN_MEDIATED_MITOPHAGY",21,-0.423449210552193,-0.879200212834711,0.618367346938775,0.867117893815786,0.831494156035016,4828,"tags=43%, list=28%, signal=31%","MTERF3/ATG12/TOMM5/TOMM40/MFN2/ATG5/TOMM20/TOMM22/VDAC1"
"REACTOME_INTERLEUKIN_6_SIGNALING","REACTOME_INTERLEUKIN_6_SIGNALING",11,0.456158598885345,0.844861863243842,0.619883040935672,0.868148540957768,0.832482461179685,705,"tags=18%, list=4%, signal=17%","STAT3/IL6"
"REACTOME_SIGNALING_BY_TYPE_1_INSULIN_LIKE_GROWTH_FACTOR_1_RECEPTOR_IGF1R","REACTOME_SIGNALING_BY_TYPE_1_INSULIN_LIKE_GROWTH_FACTOR_1_RECEPTOR_IGF1R",35,-0.384364149598396,-0.883241094745662,0.624254473161034,0.868799717340513,0.83310688533315,2158,"tags=20%, list=13%, signal=17%","GAB2/PDE3B/FGF9/PTPN11/IRS4/TRIB3/FGF1"
"REACTOME_RESOLUTION_OF_D_LOOP_STRUCTURES","REACTOME_RESOLUTION_OF_D_LOOP_STRUCTURES",34,-0.382505358437073,-0.875055415540469,0.624,0.868799717340513,0.83310688533315,4507,"tags=41%, list=27%, signal=30%","BLM/RBBP8/DNA2/RAD51/RAD51C/MRE11/EME1/BARD1/RAD50/BRIP1/PALB2/EXO1/GEN1/XRCC2"
"REACTOME_RESOLUTION_OF_AP_SITES_VIA_THE_MULTIPLE_NUCLEOTIDE_PATCH_REPLACEMENT_PATHWAY","REACTOME_RESOLUTION_OF_AP_SITES_VIA_THE_MULTIPLE_NUCLEOTIDE_PATCH_REPLACEMENT_PATHWAY",25,-0.405108644695575,-0.874997002196631,0.6232741617357,0.868799717340513,0.83310688533315,3454,"tags=40%, list=20%, signal=32%","RFC1/PCNA/POLE/RFC4/PARP2/APEX1/POLD3/PARP1/RFC5/POLE3"
"REACTOME_LYSOSOME_VESICLE_BIOGENESIS","REACTOME_LYSOSOME_VESICLE_BIOGENESIS",32,0.405449742458261,0.874655720965066,0.623246492985972,0.868799717340513,0.83310688533315,1726,"tags=19%, list=10%, signal=17%","APP/DNASE2/VAMP2/ARRB1/CHMP2A/DNAJC6"
"REACTOME_THE_NLRP3_INFLAMMASOME","REACTOME_THE_NLRP3_INFLAMMASOME",11,0.453409895782772,0.839770926823003,0.623781676413255,0.868799717340513,0.83310688533315,294,"tags=18%, list=2%, signal=18%","TXNIP/APP"
"REACTOME_PARASITE_INFECTION","REACTOME_PARASITE_INFECTION",48,-0.372222617519241,-0.898597253672716,0.625490196078431,0.86943137254902,0.833712590299278,3067,"tags=33%, list=18%, signal=27%","CYFIP1/ELMO2/ARPC3/WASF1/WASF2/RAC1/WIPF1/ARPC2/LYN/MAPK1/YES1/ABI1/ACTR3/ACTB/ACTG1/ARPC5"
"REACTOME_HDR_THROUGH_HOMOLOGOUS_RECOMBINATION_HRR","REACTOME_HDR_THROUGH_HOMOLOGOUS_RECOMBINATION_HRR",66,-0.355744496924679,-0.891937186164698,0.627490039840637,0.870036065215447,0.83429244042337,4588,"tags=38%, list=27%, signal=28%","RFC1/BLM/RBBP8/DNA2/PCNA/POLE/RAD51/RAD51C/CHEK1/RFC4/MRE11/TOPBP1/RAD17/EME1/BARD1/ATR/RAD50/POLD3/BRIP1/PALB2/EXO1/GEN1/XRCC2/RFC5/POLE3"
"REACTOME_BUDDING_AND_MATURATION_OF_HIV_VIRION","REACTOME_BUDDING_AND_MATURATION_OF_HIV_VIRION",27,0.406055432136697,0.857940013172216,0.627490039840637,0.870036065215447,0.83429244042337,3476,"tags=30%, list=21%, signal=24%","CHMP2A/MVB12B/CHMP4A/VPS37B/MVB12A/CHMP3/UBA52/VPS28"
"REACTOME_NUCLEAR_EVENTS_STIMULATED_BY_ALK_SIGNALING_IN_CANCER","REACTOME_NUCLEAR_EVENTS_STIMULATED_BY_ALK_SIGNALING_IN_CANCER",18,-0.423546609421736,-0.866475199941631,0.629482071713147,0.871455729482668,0.835653780732623,2256,"tags=28%, list=13%, signal=24%","NPM1/MAPK1/CUL1/CEBPB/STAT5A"
"REACTOME_TRANSLATION_OF_SARS_COV_1_STRUCTURAL_PROTEINS","REACTOME_TRANSLATION_OF_SARS_COV_1_STRUCTURAL_PROTEINS",29,0.406667161468835,0.858926951717939,0.630081300813008,0.871455729482668,0.835653780732623,1034,"tags=21%, list=6%, signal=19%","ST3GAL4/PARP8/PARP4/PARP16/MGAT1/PRKCSH"
"REACTOME_COOPERATION_OF_PDCL_PHLP1_AND_TRIC_CCT_IN_G_PROTEIN_BETA_FOLDING","REACTOME_COOPERATION_OF_PDCL_PHLP1_AND_TRIC_CCT_IN_G_PROTEIN_BETA_FOLDING",27,-0.398942068743865,-0.877379154741159,0.632,0.873023602484472,0.837157240928408,1827,"tags=26%, list=11%, signal=23%","GNG5/GNG10/GNB1/TCP1/CCT5/CCT3/CCT2"
"REACTOME_SIGNALING_BY_NTRK3_TRKC","REACTOME_SIGNALING_BY_NTRK3_TRKC",16,0.436927944286217,0.864005342457726,0.633911368015414,0.874577470512581,0.838647271515756,444,"tags=6%, list=3%, signal=6%","PTPRS"
"REACTOME_MITOTIC_G1_PHASE_AND_G1_S_TRANSITION","REACTOME_MITOTIC_G1_PHASE_AND_G1_S_TRANSITION",145,-0.322025982659421,-0.895959443796122,0.650549450549451,0.877958326291136,0.84188923185623,2647,"tags=21%, list=16%, signal=18%","PSMC6/PPP2R1B/E2F3/WEE1/MCM5/CDK7/CDC6/PPP2CA/PSMD5/LYN/ORC4/PSMD12/PSMB7/ORC6/CCND3/CUL1/PPP2R3B/DBF4/LIN9/CDK2/E2F5/CDK4/CKS1B/ORC1/PSMD2/CDC45/CCNH/POLE3/MYC/MCM10/CDC25A"
"REACTOME_RAC2_GTPASE_CYCLE","REACTOME_RAC2_GTPASE_CYCLE",82,-0.347609338259347,-0.892760233167152,0.651991614255765,0.877958326291136,0.84188923185623,2643,"tags=26%, list=16%, signal=22%","WASF2/ARHGDIA/ARHGAP21/LEMD3/TAOK3/ERBIN/DOCK2/DSG2/IQGAP1/ESYT1/ABI1/DIAPH3/TRIO/RACGAP1/ANKLE2/TMPO/SWAP70/MTX1/VAMP3/SLITRK5/RAC2"
"REACTOME_SENESCENCE_ASSOCIATED_SECRETORY_PHENOTYPE_SASP","REACTOME_SENESCENCE_ASSOCIATED_SECRETORY_PHENOTYPE_SASP",87,-0.345210906652089,-0.889543737054331,0.654661016949153,0.877958326291136,0.84188923185623,1562,"tags=9%, list=9%, signal=8%","CEBPB/H2AZ1/JUN/CDK2/CDK4/H3-3A/ANAPC7/RPS6KA2"
"REACTOME_NUCLEOTIDE_BINDING_DOMAIN_LEUCINE_RICH_REPEAT_CONTAINING_RECEPTOR_NLR_SIGNALING_PATHWAYS","REACTOME_NUCLEOTIDE_BINDING_DOMAIN_LEUCINE_RICH_REPEAT_CONTAINING_RECEPTOR_NLR_SIGNALING_PATHWAYS",49,-0.367839040470659,-0.888409250140175,0.641025641025641,0.877958326291136,0.84188923185623,2356,"tags=31%, list=14%, signal=26%","BIRC2/TNFAIP3/CYLD/BCL2/NLRP1/TXN/BCL2L1/BIRC3/MAPK14/UBE2N/HMOX1/HSP90AB1/CASP2/CASP4/NLRP3"
"REACTOME_POTENTIAL_THERAPEUTICS_FOR_SARS","REACTOME_POTENTIAL_THERAPEUTICS_FOR_SARS",71,-0.350451300902897,-0.886432094435172,0.645161290322581,0.877958326291136,0.84188923185623,1167,"tags=20%, list=7%, signal=18%","ATP1B1/PTGES3/FKBP4/ATP1B3/REST/GATAD2A/ARID4B/HSP90AB1/S1PR1/HDAC2/SIGMAR1/IL1R1/IMPDH1/KDM1A"
"REACTOME_RND1_GTPASE_CYCLE","REACTOME_RND1_GTPASE_CYCLE",40,-0.374495078470686,-0.878377064485324,0.639442231075697,0.877958326291136,0.84188923185623,3030,"tags=35%, list=18%, signal=29%","ANKRD26/TXNL1/MUC13/DSP/DST/LEMD3/VANGL2/PTPN13/STIP1/PKP4/RASAL2/KIF14/RRAS2/RBMX"
"REACTOME_PEPTIDE_LIGAND_BINDING_RECEPTORS","REACTOME_PEPTIDE_LIGAND_BINDING_RECEPTORS",42,-0.373696555310039,-0.878223107108509,0.645224171539961,0.877958326291136,0.84188923185623,613,"tags=14%, list=4%, signal=14%","C3/ANXA1/AGTR1/CCRL2/APLN/EDN1"
"REACTOME_RUNX1_INTERACTS_WITH_CO_FACTORS_WHOSE_PRECISE_EFFECT_ON_RUNX1_TARGETS_IS_NOT_KNOWN","REACTOME_RUNX1_INTERACTS_WITH_CO_FACTORS_WHOSE_PRECISE_EFFECT_ON_RUNX1_TARGETS_IS_NOT_KNOWN",36,-0.377596088636316,-0.872982019324714,0.646245059288538,0.877958326291136,0.84188923185623,4595,"tags=33%, list=27%, signal=24%","BMI1/RUNX1/CSNK2A2/SMARCB1/CSNK2A1/CBX2/RNF2/CBFB/SMARCC1/SMARCD1/ARID2/SMARCA2"
"REACTOME_SIGNALING_BY_THE_B_CELL_RECEPTOR_BCR","REACTOME_SIGNALING_BY_THE_B_CELL_RECEPTOR_BCR",93,0.347682763259237,0.863444323498971,0.651515151515151,0.877958326291136,0.84188923185623,2581,"tags=14%, list=15%, signal=12%","PSME2/PSME1/NFATC2/IKBKB/PLCG2/TRPC1/NFKBIB/PSMC5/PSMB6/ITPR2/PIK3CD/PSMC4/PSMD8"
"REACTOME_MITOCHONDRIAL_CALCIUM_ION_TRANSPORT","REACTOME_MITOCHONDRIAL_CALCIUM_ION_TRANSPORT",22,-0.411691224429701,-0.859497464054824,0.6417004048583,0.877958326291136,0.84188923185623,3914,"tags=36%, list=23%, signal=28%","STOML2/MCUB/AFG3L2/VDAC2/PHB/YME1L1/MCU/VDAC1"
"REACTOME_SIGNALING_BY_HIPPO","REACTOME_SIGNALING_BY_HIPPO",20,0.420221789570014,0.858012659819088,0.645418326693227,0.877958326291136,0.84188923185623,2394,"tags=25%, list=14%, signal=21%","WWTR1/SAV1/LATS2/DVL2/LATS1"
"REACTOME_TRANSCRIPTIONAL_ACTIVITY_OF_SMAD2_SMAD3_SMAD4_HETEROTRIMER","REACTOME_TRANSCRIPTIONAL_ACTIVITY_OF_SMAD2_SMAD3_SMAD4_HETEROTRIMER",44,0.384386654498042,0.855830743983512,0.644308943089431,0.877958326291136,0.84188923185623,146,"tags=5%, list=1%, signal=5%","SMAD3/WWTR1"
"REACTOME_NEUROTRANSMITTER_RELEASE_CYCLE","REACTOME_NEUROTRANSMITTER_RELEASE_CYCLE",32,0.396561985850819,0.855482624156291,0.655310621242485,0.877958326291136,0.84188923185623,893,"tags=12%, list=5%, signal=12%","PPFIA3/SNAP25/VAMP2/ABAT"
"REACTOME_SIGNALING_BY_ERBB4","REACTOME_SIGNALING_BY_ERBB4",48,0.376828407186651,0.853721598042717,0.652439024390244,0.877958326291136,0.84188923185623,886,"tags=12%, list=5%, signal=12%","ERBB3/NRG2/MXD4/WWOX/SPARC/GABRG3"
"REACTOME_NEGATIVE_REGULATION_OF_FGFR4_SIGNALING","REACTOME_NEGATIVE_REGULATION_OF_FGFR4_SIGNALING",23,-0.40169882742779,-0.853687873728833,0.649402390438247,0.877958326291136,0.84188923185623,2496,"tags=22%, list=15%, signal=19%","PPP2CA/MAPK1/FGF9/PTPN11/FGF1"
"REACTOME_BASE_EXCISION_REPAIR_AP_SITE_FORMATION","REACTOME_BASE_EXCISION_REPAIR_AP_SITE_FORMATION",47,0.377328332877105,0.853079053110413,0.649797570850202,0.877958326291136,0.84188923185623,4548,"tags=45%, list=27%, signal=33%","H2BC14/H4C2/H4-16/H4C8/H4C1/H2BC3/MPG/TINF2/H4C12/H2BC4/H2AC6/NEIL1/H4C3/H2AZ2/NEIL2/TERF2IP/TERF2/H2BC11/NTHL1/H2AC8/TERF1"
"REACTOME_SIGNALING_BY_INSULIN_RECEPTOR","REACTOME_SIGNALING_BY_INSULIN_RECEPTOR",58,0.365066975078981,0.851677391144993,0.640159045725646,0.877958326291136,0.84188923185623,1198,"tags=9%, list=7%, signal=8%","ATP6V0A4/ATP6V0A1/INSR/ATP6V1A/FLT3LG"
"REACTOME_HS_GAG_BIOSYNTHESIS","REACTOME_HS_GAG_BIOSYNTHESIS",23,0.409671596091249,0.850031820557049,0.638,0.877958326291136,0.84188923185623,1793,"tags=35%, list=11%, signal=31%","SDC3/GPC6/GPC1/EXT1/HSPG2/NDST2/NDST1/AGRN"
"REACTOME_SCF_SKP2_MEDIATED_DEGRADATION_OF_P27_P21","REACTOME_SCF_SKP2_MEDIATED_DEGRADATION_OF_P27_P21",59,0.363877059969359,0.849335528204717,0.646825396825397,0.877958326291136,0.84188923185623,618,"tags=5%, list=4%, signal=5%","PSME2/PSME1/CDKN1B"
"REACTOME_PIWI_INTERACTING_RNA_PIRNA_BIOGENESIS","REACTOME_PIWI_INTERACTING_RNA_PIRNA_BIOGENESIS",17,-0.420041450071248,-0.848343145999909,0.647177419354839,0.877958326291136,0.84188923185623,3669,"tags=29%, list=22%, signal=23%","MYBL1/HSP90AA1/POLR2B/POLR2F/TDRKH"
"REACTOME_HYALURONAN_UPTAKE_AND_DEGRADATION","REACTOME_HYALURONAN_UPTAKE_AND_DEGRADATION",10,0.464078884515724,0.837741848549407,0.648330058939096,0.877958326291136,0.84188923185623,4513,"tags=40%, list=27%, signal=29%","CHP1/HEXA/GUSB/HEXB"
"REACTOME_MAPK3_ERK1_ACTIVATION","REACTOME_MAPK3_ERK1_ACTIVATION",10,-0.457597703021598,-0.834295505015671,0.655172413793103,0.877958326291136,0.84188923185623,2830,"tags=50%, list=17%, signal=42%","IL6R/JAK1/MAP2K1/IL6ST/PTPN11"
"REACTOME_TYPE_I_HEMIDESMOSOME_ASSEMBLY","REACTOME_TYPE_I_HEMIDESMOSOME_ASSEMBLY",10,0.458951946307078,0.828486847221795,0.654223968565815,0.877958326291136,0.84188923185623,376,"tags=10%, list=2%, signal=10%","KRT14"
"REACTOME_ACYL_CHAIN_REMODELLING_OF_PS","REACTOME_ACYL_CHAIN_REMODELLING_OF_PS",11,0.442489860283936,0.819545677182243,0.654970760233918,0.877958326291136,0.84188923185623,1853,"tags=36%, list=11%, signal=32%","LPCAT3/OSBPL5/PLA2G12A/OSBPL10"
"REACTOME_DISEASES_OF_DNA_REPAIR","REACTOME_DISEASES_OF_DNA_REPAIR",34,-0.375375110709657,-0.858743586829063,0.658,0.879442307692308,0.843312246963563,4694,"tags=47%, list=28%, signal=34%","MSH6/BLM/RBBP8/DNA2/RAD51/RAD51C/MSH2/MUTYH/OGG1/MRE11/BARD1/RAD50/BRIP1/PALB2/EXO1/XRCC2"
"REACTOME_ZBP1_DAI_MEDIATED_INDUCTION_OF_TYPE_I_IFNS","REACTOME_ZBP1_DAI_MEDIATED_INDUCTION_OF_TYPE_I_IFNS",18,0.4222177284333,0.847188277186425,0.658,0.879442307692308,0.843312246963563,2310,"tags=28%, list=14%, signal=24%","NKIRAS2/IRF3/IKBKB/RIPK1/NFKBIB"
"REACTOME_GLUCAGON_LIKE_PEPTIDE_1_GLP1_REGULATES_INSULIN_SECRETION","REACTOME_GLUCAGON_LIKE_PEPTIDE_1_GLP1_REGULATES_INSULIN_SECRETION",28,-0.387528407466431,-0.860712792052691,0.662082514734774,0.880269147041361,0.844105117335194,1947,"tags=32%, list=11%, signal=28%","ADCY6/PRKAR1B/IQGAP1/GNG5/GNG10/GNB1/RAP1A/PRKAR2A/PRKACB"
"REACTOME_INOSITOL_PHOSPHATE_METABOLISM","REACTOME_INOSITOL_PHOSPHATE_METABOLISM",42,0.384460725555888,0.856577565348286,0.662576687116564,0.880269147041361,0.844105117335194,2017,"tags=40%, list=12%, signal=36%","PLCB1/PLCE1/ITPKA/PLCD4/PLCD1/PTEN/ITPK1/INPP5J/SYNJ1/ITPKC/IMPA2/IP6K2/MTMR9/ISYNA1/NUDT3/PLCG2/PLCB3"
"REACTOME_SUMOYLATION_OF_DNA_METHYLATION_PROTEINS","REACTOME_SUMOYLATION_OF_DNA_METHYLATION_PROTEINS",16,0.427064348890801,0.844500526551747,0.660886319845857,0.880269147041361,0.844105117335194,2562,"tags=38%, list=15%, signal=32%","PCGF2/DNMT3A/PHC1/SCMH1/CBX8/RING1"
"REACTOME_STIMULI_SENSING_CHANNELS","REACTOME_STIMULI_SENSING_CHANNELS",66,0.355956846035663,0.843931895647386,0.662,0.880269147041361,0.844105117335194,1287,"tags=12%, list=8%, signal=11%","TTYH2/TTYH3/TRPM4/TPCN2/CLCN3/WNK1/ASIC1/ASIC2"
"REACTOME_O_LINKED_GLYCOSYLATION_OF_MUCINS","REACTOME_O_LINKED_GLYCOSYLATION_OF_MUCINS",36,0.387318677759134,0.843097295081898,0.661290322580645,0.880269147041361,0.844105117335194,1131,"tags=14%, list=7%, signal=13%","ST3GAL4/GALNT10/GALNT2/GALNT16/GALNT12"
"REACTOME_NEGATIVE_REGULATION_OF_FGFR3_SIGNALING","REACTOME_NEGATIVE_REGULATION_OF_FGFR3_SIGNALING",23,-0.396622032327139,-0.842898700052167,0.665338645418327,0.880802399700037,0.844616462415882,2496,"tags=22%, list=15%, signal=19%","PPP2CA/MAPK1/FGF9/PTPN11/FGF1"
"REACTOME_ADHERENS_JUNCTIONS_INTERACTIONS","REACTOME_ADHERENS_JUNCTIONS_INTERACTIONS",23,-0.396155692086996,-0.841907636646303,0.665338645418327,0.880802399700037,0.844616462415882,2047,"tags=39%, list=12%, signal=34%","CDH2/AFDN/CDH6/PVR/NECTIN4/ACTB/JUP/CDH4/ACTG1"
"REACTOME_SUPPRESSION_OF_PHAGOSOMAL_MATURATION","REACTOME_SUPPRESSION_OF_PHAGOSOMAL_MATURATION",12,0.438501641160836,0.819924817833967,0.665354330708661,0.880802399700037,0.844616462415882,3416,"tags=17%, list=20%, signal=13%","VPS33B/UBA52"
"REACTOME_RAF_ACTIVATION","REACTOME_RAF_ACTIVATION",32,-0.378702640423883,-0.85782739848631,0.667992047713718,0.882193773227618,0.845950674251777,3214,"tags=25%, list=19%, signal=20%","PHB/PPP2R1B/PPP2CA/BRAP/MAP2K1/CALM1/PPP1CC/MRAS"
"REACTOME_PCNA_DEPENDENT_LONG_PATCH_BASE_EXCISION_REPAIR","REACTOME_PCNA_DEPENDENT_LONG_PATCH_BASE_EXCISION_REPAIR",21,-0.40219143754976,-0.835063069388963,0.66734693877551,0.882193773227618,0.845950674251777,689,"tags=38%, list=4%, signal=37%","RFC1/PCNA/POLE/RFC4/APEX1/POLD3/RFC5/POLE3"
"REACTOME_METABOLISM_OF_NITRIC_OXIDE_NOS3_ACTIVATION_AND_REGULATION","REACTOME_METABOLISM_OF_NITRIC_OXIDE_NOS3_ACTIVATION_AND_REGULATION",12,-0.445242110268118,-0.836192519885885,0.67004048582996,0.883849371581157,0.847538255785414,1491,"tags=17%, list=9%, signal=15%","CALM1/DDAH1"
"REACTOME_BRANCHED_CHAIN_AMINO_ACID_CATABOLISM","REACTOME_BRANCHED_CHAIN_AMINO_ACID_CATABOLISM",21,0.403508907151407,0.833342567604977,0.671875,0.885219194312796,0.848851802195061,2233,"tags=24%, list=13%, signal=21%","ACADSB/IVD/BCKDHA/ALDH6A1/BCKDHB"
"REACTOME_SYNTHESIS_OF_DNA","REACTOME_SYNTHESIS_OF_DNA",118,-0.324508156451154,-0.877440000962656,0.675268817204301,0.885533338344734,0.849153040271882,4695,"tags=36%, list=28%, signal=27%","PSMD10/CCNE2/RFC1/PSMA5/POLA2/DNA2/PSMA6/PSMD9/ORC2/PCNA/POLE/RBX1/MCM8/UBE2S/POLA1/ANAPC5/PSMA7/PRIM2/GINS1/ORC5/RFC4/PRIM1/UBE2D1/PSMC6/MCM5/UBE2E1/CDC6/PSMD5/CDC23/POLD3/ORC4/ANAPC1/PSMD12/PSMB7/ORC6/CUL1/CDK2/ORC1/RFC5/PSMD2/CDC45/POLE3/ANAPC7"
"REACTOME_MITOCHONDRIAL_BIOGENESIS","REACTOME_MITOCHONDRIAL_BIOGENESIS",92,0.342123973211064,0.850750732207036,0.673584905660377,0.885533338344734,0.849153040271882,1657,"tags=12%, list=10%, signal=11%","PPARA/MAPK11/MEF2C/NR1D1/IDH2/CRTC1/NCOA1/MAPK12/GABPA/ATP5PO/ATP5PD"
"REACTOME_METABOLIC_DISORDERS_OF_BIOLOGICAL_OXIDATION_ENZYMES","REACTOME_METABOLIC_DISORDERS_OF_BIOLOGICAL_OXIDATION_ENZYMES",18,0.417630526470075,0.837983965129823,0.674,0.885533338344734,0.849153040271882,181,"tags=6%, list=1%, signal=6%","FDXR"
"REACTOME_PURINERGIC_SIGNALING_IN_LEISHMANIASIS_INFECTION","REACTOME_PURINERGIC_SIGNALING_IN_LEISHMANIASIS_INFECTION",18,-0.405462857426555,-0.829480162613598,0.675298804780876,0.885533338344734,0.849153040271882,732,"tags=33%, list=4%, signal=32%","TXN/C3/HMOX1/HSP90AB1/NT5E/NLRP3"
"REACTOME_FORMATION_OF_FIBRIN_CLOT_CLOTTING_CASCADE","REACTOME_FORMATION_OF_FIBRIN_CLOT_CLOTTING_CASCADE",16,0.418742541543995,0.828044527111633,0.676300578034682,0.885802406094896,0.849411053932345,1374,"tags=19%, list=8%, signal=17%","PROS1/PRCP/F12"
"REACTOME_CTLA4_INHIBITORY_SIGNALING","REACTOME_CTLA4_INHIBITORY_SIGNALING",18,-0.404632869824038,-0.827782206219088,0.677290836653386,0.88605577689243,0.84965401551688,3049,"tags=50%, list=18%, signal=41%","AKT3/SRC/PPP2R5E/FYN/PPP2R1B/PPP2CA/LYN/YES1/PTPN11"
"REACTOME_CONSTITUTIVE_SIGNALING_BY_LIGAND_RESPONSIVE_EGFR_CANCER_VARIANTS","REACTOME_CONSTITUTIVE_SIGNALING_BY_LIGAND_RESPONSIVE_EGFR_CANCER_VARIANTS",19,-0.397160618646074,-0.824236220261721,0.679207920792079,0.886876362978411,0.850440889527765,6141,"tags=47%, list=36%, signal=30%","CDC37/NRAS/KRAS/SHC1/PIK3CA/HSP90AA1/PLCG1/EGF/EGFR"
"REACTOME_PROCESSING_AND_ACTIVATION_OF_SUMO","REACTOME_PROCESSING_AND_ACTIVATION_OF_SUMO",10,-0.444348708389358,-0.810139840346319,0.679513184584179,0.886876362978411,0.850440889527765,5126,"tags=50%, list=30%, signal=35%","SUMO2/SENP2/SENP1/SUMO1/UBE2I"
"REACTOME_RAC3_GTPASE_CYCLE","REACTOME_RAC3_GTPASE_CYCLE",86,-0.341783476631683,-0.877722537744501,0.682302771855011,0.887392610880435,0.850935928456911,2688,"tags=28%, list=16%, signal=24%","WASF1/WASF2/AMIGO2/SLITRK3/ARHGAP21/SNAP23/LEMD3/TAOK3/ERBIN/ABL2/SLC1A5/DSG2/ESYT1/ABI1/ARHGDIB/DIAPH3/TRIO/RACGAP1/TMPO/SWAP70/FERMT2/VAMP3/ARHGAP6/SLITRK5"
"REACTOME_TRANSCRIPTIONAL_REGULATION_BY_VENTX","REACTOME_TRANSCRIPTIONAL_REGULATION_BY_VENTX",37,0.375818953171337,0.824976183658437,0.682,0.887392610880435,0.850935928456911,705,"tags=11%, list=4%, signal=10%","MOV10/AGO4/CTNNB1/IL6"
"REACTOME_FERTILIZATION","REACTOME_FERTILIZATION",10,-0.441635759229769,-0.805193571441919,0.681541582150101,0.887392610880435,0.850935928456911,1784,"tags=20%, list=11%, signal=18%","ZP3/CD9"
"REACTOME_RNA_POLYMERASE_III_CHAIN_ELONGATION","REACTOME_RNA_POLYMERASE_III_CHAIN_ELONGATION",18,-0.402689338702517,-0.823806205751485,0.685258964143426,0.890196224448002,0.853624361383781,3995,"tags=39%, list=24%, signal=30%","POLR3A/CRCP/POLR2F/POLR3K/POLR3C/POLR3F/POLR3B"
"REACTOME_REGULATION_OF_MECP2_EXPRESSION_AND_ACTIVITY","REACTOME_REGULATION_OF_MECP2_EXPRESSION_AND_ACTIVITY",29,0.389568422313888,0.822812484428442,0.686991869918699,0.891406020244566,0.854784455232626,2973,"tags=31%, list=18%, signal=26%","MOV10/AGO4/HDAC1/GPS2/MECP2/HIPK2/HDAC3/AGO3/SIN3A"
"REACTOME_NRAGE_SIGNALS_DEATH_THROUGH_JNK","REACTOME_NRAGE_SIGNALS_DEATH_THROUGH_JNK",47,0.369336891434696,0.83501168126294,0.688259109311741,0.892009475005426,0.85536311830793,2450,"tags=21%, list=14%, signal=18%","ARHGEF17/PLEKHG5/NGFR/PLEKHG2/MAGED1/ARHGEF39/ARHGEF6/TIAM1/BAD/ARHGEF12"
"REACTOME_NETRIN_1_SIGNALING","REACTOME_NETRIN_1_SIGNALING",37,-0.364198832103253,-0.843975696992292,0.691235059760956,0.892966027874564,0.85628037318907,1532,"tags=24%, list=9%, signal=22%","NEO1/TRPC3/TRIO/EZR/PTPN11/MAPK14/SIAH2/ABLIM1/RGMB"
"REACTOME_REGULATION_OF_PTEN_GENE_TRANSCRIPTION","REACTOME_REGULATION_OF_PTEN_GENE_TRANSCRIPTION",59,0.352654782378272,0.823141299125565,0.69047619047619,0.892966027874564,0.85628037318907,2839,"tags=31%, list=17%, signal=25%","EGR1/LAMTOR4/ATN1/RRAGB/PTEN/CHD3/HDAC1/RBBP4/PHC1/SCMH1/CBX8/SNAI2/RING1/HDAC3/MTA3/MECOM/LAMTOR1/RPTOR"
"REACTOME_DISEASES_OF_IMMUNE_SYSTEM","REACTOME_DISEASES_OF_IMMUNE_SYSTEM",21,0.390883962948739,0.80726903308998,0.69140625,0.892966027874564,0.85628037318907,3197,"tags=33%, list=19%, signal=27%","UNC93B1/IKBKB/TLR1/TIRAP/TLR4/CD14/IKBKG"
"REACTOME_RESPONSE_OF_MTB_TO_PHAGOCYTOSIS","REACTOME_RESPONSE_OF_MTB_TO_PHAGOCYTOSIS",21,-0.396044329708084,-0.822299936554987,0.693877551020408,0.89511814006345,0.858344070318321,1996,"tags=14%, list=12%, signal=13%","MAPK1/SFPQ/PGK1"
"REACTOME_SYNTHESIS_OF_BILE_ACIDS_AND_BILE_SALTS_VIA_7ALPHA_HYDROXYCHOLESTEROL","REACTOME_SYNTHESIS_OF_BILE_ACIDS_AND_BILE_SALTS_VIA_7ALPHA_HYDROXYCHOLESTEROL",13,0.411873108264291,0.79338754410449,0.694980694980695,0.895502355525531,0.858712501086106,1243,"tags=15%, list=7%, signal=14%","HSD17B4/NCOA1"
"REACTOME_APOPTOTIC_CLEAVAGE_OF_CELLULAR_PROTEINS","REACTOME_APOPTOTIC_CLEAVAGE_OF_CELLULAR_PROTEINS",32,-0.373118281360072,-0.84517785317931,0.695825049701789,0.89555261026434,0.858760691213344,2356,"tags=25%, list=14%, signal=22%","BIRC2/DSG2/CASP6/TJP2/PRKCD/TJP1/VIM/SPTAN1"
"REACTOME_SIGNALING_BY_HEDGEHOG","REACTOME_SIGNALING_BY_HEDGEHOG",135,-0.319515830419086,-0.880424004977901,0.704595185995624,0.895604049493813,0.858810017168906,2150,"tags=13%, list=13%, signal=12%","PSMD12/PSMB7/TUBB6/NUMB/HHAT/CUL1/CDC73/PRKAR2A/PRKACB/DYNC2H1/ADCY1/GLI2/PSMD2/TUBA1C/SMURF2/TUBA1B/TUBB4B/GPR161"
"REACTOME_SUMOYLATION","REACTOME_SUMOYLATION",175,0.322132494144877,0.865969487761885,0.700952380952381,0.895604049493813,0.858810017168906,1482,"tags=9%, list=9%, signal=8%","TFAP2A/PPARA/RORA/TFAP2C/NR3C1/XPC/DAXX/CHD3/NCOA1/HDAC1/PCGF2/HDAC4/DNMT3A/H4C2/H4-16"
"REACTOME_INTRAFLAGELLAR_TRANSPORT","REACTOME_INTRAFLAGELLAR_TRANSPORT",47,-0.356153514433766,-0.854305053238432,0.704724409448819,0.895604049493813,0.858810017168906,2765,"tags=19%, list=16%, signal=16%","KIFAP3/DYNLL2/DYNLRB1/TUBB6/TNPO1/DYNC2H1/TUBA1C/TUBA1B/TUBB4B"
"REACTOME_ABC_FAMILY_PROTEINS_MEDIATED_TRANSPORT","REACTOME_ABC_FAMILY_PROTEINS_MEDIATED_TRANSPORT",86,0.339157960699002,0.836166470218584,0.703564727954972,0.895604049493813,0.858810017168906,487,"tags=6%, list=3%, signal=6%","PSME2/PSME1/ABCB6/ABCA7/ABCA5"
"REACTOME_GLUCAGON_SIGNALING_IN_METABOLIC_REGULATION","REACTOME_GLUCAGON_SIGNALING_IN_METABOLIC_REGULATION",22,-0.393904710732404,-0.822364140558845,0.700404858299595,0.895604049493813,0.858810017168906,1827,"tags=36%, list=11%, signal=32%","ADCY6/PRKAR1B/GNG5/GNG10/GNB1/PRKAR2A/PRKACB/ADCY1"
"REACTOME_DISEASES_ASSOCIATED_WITH_O_GLYCOSYLATION_OF_PROTEINS","REACTOME_DISEASES_ASSOCIATED_WITH_O_GLYCOSYLATION_OF_PROTEINS",43,0.369371882525932,0.822207245060515,0.703030303030303,0.895604049493813,0.858810017168906,1131,"tags=21%, list=7%, signal=20%","B4GAT1/DAG1/NOTCH2/LFNG/THBS1/ADAMTS12/ADAMTS14/ADAMTS7/GALNT12"
"REACTOME_PI_METABOLISM","REACTOME_PI_METABOLISM",72,0.340010021939932,0.821910297016915,0.70414201183432,0.895604049493813,0.858810017168906,1800,"tags=15%, list=11%, signal=14%","INPP5F/PIP5K1C/PNPLA7/MTMR4/PTEN/PLEKHA5/PLEKHA1/INPP5K/INPP5J/SYNJ1/MTMR9"
"REACTOME_REGULATION_OF_FZD_BY_UBIQUITINATION","REACTOME_REGULATION_OF_FZD_BY_UBIQUITINATION",14,-0.415682632875509,-0.803321463176078,0.701863354037267,0.895604049493813,0.858810017168906,696,"tags=36%, list=4%, signal=34%","FZD5/LGR4/ZNRF3/FZD4/LGR5"
"REACTOME_METABOLISM_OF_STEROID_HORMONES","REACTOME_METABOLISM_OF_STEROID_HORMONES",15,0.410145375125599,0.800381975864672,0.702544031311155,0.895604049493813,0.858810017168906,181,"tags=7%, list=1%, signal=7%","FDXR"
"REACTOME_INFLAMMASOMES","REACTOME_INFLAMMASOMES",15,0.409491277764648,0.79910553153562,0.704500978473581,0.895604049493813,0.858810017168906,294,"tags=13%, list=2%, signal=13%","TXNIP/APP"
"REACTOME_SURFACTANT_METABOLISM","REACTOME_SURFACTANT_METABOLISM",10,0.432720016153457,0.781133721727096,0.699410609037328,0.895604049493813,0.858810017168906,1442,"tags=30%, list=9%, signal=27%","DMBT1/GATA6/ADORA2B"
"REACTOME_RNA_POLYMERASE_I_PROMOTER_ESCAPE","REACTOME_RNA_POLYMERASE_I_PROMOTER_ESCAPE",68,-0.338591067455631,-0.847886222790126,0.715163934426229,0.897346027837024,0.86048042994974,1756,"tags=18%, list=10%, signal=16%","POLR1A/POLR1G/H3-3B/POLR2F/CDK7/TAF1A/H2AZ1/POLR1F/H3-3A/GTF2H3/POLR1E/CCNH"
"REACTOME_ACTIVATION_OF_THE_MRNA_UPON_BINDING_OF_THE_CAP_BINDING_COMPLEX_AND_EIFS_AND_SUBSEQUENT_BINDING_TO_43S","REACTOME_ACTIVATION_OF_THE_MRNA_UPON_BINDING_OF_THE_CAP_BINDING_COMPLEX_AND_EIFS_AND_SUBSEQUENT_BINDING_TO_43S",58,-0.341054221991953,-0.844315099855371,0.707414829659319,0.897346027837024,0.86048042994974,2482,"tags=16%, list=15%, signal=13%","EIF2S1/EIF2S2/EIF1AX/EIF4B/EIF3A/EIF3J/EIF3M/EIF4A2/EIF3D"
"REACTOME_TP53_REGULATES_TRANSCRIPTION_OF_CELL_CYCLE_GENES","REACTOME_TP53_REGULATES_TRANSCRIPTION_OF_CELL_CYCLE_GENES",49,-0.348774934242509,-0.842365392758771,0.715976331360947,0.897346027837024,0.86048042994974,4675,"tags=41%, list=28%, signal=30%","PCBP4/CCNE2/ZNF385A/CDK1/PCNA/TNKS1BP1/RBL1/CNOT10/CNOT7/CARM1/E2F1/AURKA/CNOT2/NPM1/PLAGL1/CNOT4/CNOT9/CDK2/E2F7/PLK2"
"REACTOME_AMINO_ACIDS_REGULATE_MTORC1","REACTOME_AMINO_ACIDS_REGULATE_MTORC1",51,-0.346181420151494,-0.841902567874526,0.717741935483871,0.897346027837024,0.86048042994974,2036,"tags=12%, list=12%, signal=10%","SEH1L/SESN2/RHEB/ATP6V0E2/ATP6V1G1/RRAGD"
"REACTOME_TP53_REGULATES_TRANSCRIPTION_OF_DNA_REPAIR_GENES","REACTOME_TP53_REGULATES_TRANSCRIPTION_OF_DNA_REPAIR_GENES",61,-0.338101178176985,-0.838383836548334,0.713131313131313,0.897346027837024,0.86048042994974,2908,"tags=21%, list=17%, signal=18%","POLR2B/POLR2F/CDK7/ATR/CCNK/FANCI/JUN/CCNT1/SUPT16H/CCNT2/MDC1/GTF2H3/CCNH"
"REACTOME_NEGATIVE_REGULATION_OF_FGFR2_SIGNALING","REACTOME_NEGATIVE_REGULATION_OF_FGFR2_SIGNALING",24,-0.38296201493816,-0.819015415533184,0.716867469879518,0.897346027837024,0.86048042994974,2496,"tags=21%, list=15%, signal=18%","PPP2CA/MAPK1/FGF9/PTPN11/FGF1"
"REACTOME_INTEGRATION_OF_ENERGY_METABOLISM","REACTOME_INTEGRATION_OF_ENERGY_METABOLISM",74,0.335273602250581,0.81775692441643,0.716216216216216,0.897346027837024,0.86048042994974,828,"tags=8%, list=5%, signal=8%","SLC2A1/SNAP25/GNG2/PLCB1/VAMP2/SYT5"
"REACTOME_CARGO_TRAFFICKING_TO_THE_PERICILIARY_MEMBRANE","REACTOME_CARGO_TRAFFICKING_TO_THE_PERICILIARY_MEMBRANE",44,0.361501837189799,0.804878063931662,0.713414634146341,0.897346027837024,0.86048042994974,1606,"tags=18%, list=9%, signal=17%","EXOC3/RAB11FIP3/BBS2/ARL3/BBS9/PKD2/BBS1/BBS4"
"REACTOME_METABOLISM_OF_PORPHYRINS","REACTOME_METABOLISM_OF_PORPHYRINS",18,0.398637303367922,0.799873684877409,0.718,0.897346027837024,0.86048042994974,503,"tags=11%, list=3%, signal=11%","FECH/BLVRB"
"REACTOME_RIP_MEDIATED_NFKB_ACTIVATION_VIA_ZBP1","REACTOME_RIP_MEDIATED_NFKB_ACTIVATION_VIA_ZBP1",15,0.407695930126824,0.795601983825773,0.708414872798434,0.897346027837024,0.86048042994974,2310,"tags=27%, list=14%, signal=23%","NKIRAS2/IKBKB/RIPK1/NFKBIB"
"REACTOME_MATURATION_OF_SARS_COV_2_NUCLEOPROTEIN","REACTOME_MATURATION_OF_SARS_COV_2_NUCLEOPROTEIN",15,0.405768911490643,0.791841485531522,0.718199608610568,0.897346027837024,0.86048042994974,1001,"tags=20%, list=6%, signal=19%","PARP8/PARP4/PARP16"
"REACTOME_G_BETA_GAMMA_SIGNALLING_THROUGH_CDC42","REACTOME_G_BETA_GAMMA_SIGNALLING_THROUGH_CDC42",14,0.406173987682891,0.790446879520901,0.716763005780347,0.897346027837024,0.86048042994974,2998,"tags=29%, list=18%, signal=24%","GNG2/ARHGEF6/PAK1/GNG4"
"REACTOME_HEME_BIOSYNTHESIS","REACTOME_HEME_BIOSYNTHESIS",12,0.413411527919681,0.773010497344247,0.716535433070866,0.897346027837024,0.86048042994974,298,"tags=8%, list=2%, signal=8%","FECH"
"REACTOME_INTERLEUKIN_35_SIGNALLING","REACTOME_INTERLEUKIN_35_SIGNALLING",10,0.424190494972115,0.765736475525826,0.715127701375246,0.897346027837024,0.86048042994974,2255,"tags=20%, list=13%, signal=17%","STAT3/STAT4"
"REACTOME_REGULATED_PROTEOLYSIS_OF_P75NTR","REACTOME_REGULATED_PROTEOLYSIS_OF_P75NTR",11,0.412172086494798,0.763393429004774,0.713450292397661,0.897346027837024,0.86048042994974,2871,"tags=36%, list=17%, signal=30%","NGFR/ADAM17/PSEN1/APH1B"
"REACTOME_DNA_REPLICATION","REACTOME_DNA_REPLICATION",165,-0.310635829990674,-0.878925360973827,0.719409282700422,0.897848622180549,0.860962376248482,3617,"tags=21%, list=21%, signal=17%","PRIM2/GINS1/GMNN/E2F1/ORC5/RFC4/KPNA6/PRIM1/UBE2D1/H3-3B/PSMC6/E2F3/MCM5/UBE2E1/CDC6/PSMD5/CDC23/POLD3/ORC4/ANAPC1/PSMD12/PSMB7/ORC6/CUL1/DBF4/H2AZ1/CDK2/H3-3A/ORC1/RFC5/PSMD2/CDC45/POLE3/MCM10/ANAPC7"
"REACTOME_CHEMOKINE_RECEPTORS_BIND_CHEMOKINES","REACTOME_CHEMOKINE_RECEPTORS_BIND_CHEMOKINES",11,0.405549029439747,0.751126712258508,0.723196881091618,0.901563824858609,0.864524947540487,1552,"tags=18%, list=9%, signal=17%","CXCL5/CCL28"
"REACTOME_ERCC6_CSB_AND_EHMT2_G9A_POSITIVELY_REGULATE_RRNA_EXPRESSION","REACTOME_ERCC6_CSB_AND_EHMT2_G9A_POSITIVELY_REGULATE_RRNA_EXPRESSION",53,0.355332667114862,0.815684100472455,0.724206349206349,0.901728616447568,0.864682969009264,3412,"tags=30%, list=20%, signal=24%","ERCC6/CHD3/H2BC14/HDAC1/H4C2/H4-16/RBBP4/H4C8/H4C1/H2BC3/MTA3/H4C12/H2BC4/MTA1/H2AC6/H4C3"
"REACTOME_NOTCH4_ACTIVATION_AND_TRANSMISSION_OF_SIGNAL_TO_THE_NUCLEUS","REACTOME_NOTCH4_ACTIVATION_AND_TRANSMISSION_OF_SIGNAL_TO_THE_NUCLEUS",10,0.417180967835594,0.75308307883674,0.724950884086444,0.901728616447568,0.864682969009264,2871,"tags=40%, list=17%, signal=33%","YWHAZ/JAG1/PSEN1/APH1B"
"REACTOME_NOD1_2_SIGNALING_PATHWAY","REACTOME_NOD1_2_SIGNALING_PATHWAY",34,-0.36070010927643,-0.825171666347531,0.728,0.903901734104046,0.866766808640097,929,"tags=26%, list=5%, signal=25%","MAP3K7/BIRC2/TNFAIP3/CYLD/BIRC3/MAPK14/UBE2N/CASP2/CASP4"
"REACTOME_COMPLEMENT_CASCADE","REACTOME_COMPLEMENT_CASCADE",16,0.396703281472519,0.784462882370008,0.728323699421965,0.903901734104046,0.866766808640097,1628,"tags=31%, list=10%, signal=28%","C1R/PROS1/C1S/C3AR1/CD59"
"REACTOME_THE_PHOTOTRANSDUCTION_CASCADE","REACTOME_THE_PHOTOTRANSDUCTION_CASCADE",17,0.390543855410747,0.778172869697977,0.729249011857708,0.904041138445675,0.866900485843875,2276,"tags=24%, list=13%, signal=20%","RGS9/CAMKMT/PDE6A/PRKCA"
"REACTOME_G_BETA_GAMMA_SIGNALLING_THROUGH_PI3KGAMMA","REACTOME_G_BETA_GAMMA_SIGNALLING_THROUGH_PI3KGAMMA",16,0.39571138447612,0.78250145070773,0.732177263969171,0.905651966110922,0.868445135999966,279,"tags=6%, list=2%, signal=6%","GNG2"
"REACTOME_IRF3_MEDIATED_INDUCTION_OF_TYPE_I_IFN","REACTOME_IRF3_MEDIATED_INDUCTION_OF_TYPE_I_IFN",11,-0.421049479657456,-0.782273344765825,0.732106339468303,0.905651966110922,0.868445135999966,3696,"tags=45%, list=22%, signal=36%","XRCC6/MRE11/TBK1/PRKDC/IFI16"
"REACTOME_KERATINIZATION","REACTOME_KERATINIZATION",32,-0.360942072752241,-0.817596621261331,0.733598409542744,0.906401590457256,0.8691639635869,1982,"tags=34%, list=12%, signal=30%","DSP/KRTAP4-9/DSG2/PKP4/KRTAP2-3/KRT81/KRT18/KRT80/JUP/TCHH/KRT34"
"REACTOME_LEISHMANIA_INFECTION","REACTOME_LEISHMANIA_INFECTION",140,0.322444654839555,0.845489735358735,0.735507246376812,0.907751451688141,0.870458368572592,1442,"tags=12%, list=9%, signal=11%","WNT5A/HTR7/TXNIP/GNG2/APP/DOCK1/GIPR/DVL3/IL6/BAIAP2/CYFIP2/ARPC4/RHBDF2/MYO5A/C3AR1/GPR27/ADORA2B"
"REACTOME_SPHINGOLIPID_METABOLISM","REACTOME_SPHINGOLIPID_METABOLISM",76,-0.330653375600188,-0.841338993317154,0.738045738045738,0.909874568411154,0.872494261454467,2979,"tags=25%, list=18%, signal=21%","SMPD4/STS/KDSR/CERS5/DEGS1/UGCG/GBA/ESYT1/SPTLC1/GLTP/GLB1/SGMS1/ORMDL1/CERS2/SGMS2/GALC/ASAH2/B3GALNT1/SPNS2"
"REACTOME_TRANSCRIPTIONAL_REGULATION_BY_MECP2","REACTOME_TRANSCRIPTIONAL_REGULATION_BY_MECP2",49,-0.343173790950792,-0.82883744448728,0.739644970414201,0.910836331229891,0.873416512245248,1491,"tags=16%, list=9%, signal=15%","CALM1/TRPC3/GPRIN1/FOXG1/HDAC2/NOTCH1/GRIN2B/FKBP5"
"REACTOME_TP53_REGULATES_METABOLIC_GENES","REACTOME_TP53_REGULATES_METABOLIC_GENES",82,-0.327094824223232,-0.840073091832275,0.744234800838574,0.911793042658303,0.874333919171584,604,"tags=9%, list=4%, signal=8%","PRKAG2/RHEB/YWHAG/GPI/YWHAH/PRKAA2/RRAGD"
"REACTOME_SIGNALING_BY_FGFR4","REACTOME_SIGNALING_BY_FGFR4",33,-0.354997482653282,-0.806283739275913,0.744047619047619,0.911793042658303,0.874333919171584,2496,"tags=15%, list=15%, signal=13%","PPP2CA/MAPK1/FGF9/PTPN11/FGF1"
"REACTOME_SEMA4D_INDUCED_CELL_MIGRATION_AND_GROWTH_CONE_COLLAPSE","REACTOME_SEMA4D_INDUCED_CELL_MIGRATION_AND_GROWTH_CONE_COLLAPSE",18,-0.384418613555784,-0.786428666013396,0.745019920318725,0.911793042658303,0.874333919171584,1969,"tags=33%, list=12%, signal=29%","MYL6/RHOA/ERBB2/LIMK2/MYL9/MYH10"
"REACTOME_MRNA_DECAY_BY_3_TO_5_EXORIBONUCLEASE","REACTOME_MRNA_DECAY_BY_3_TO_5_EXORIBONUCLEASE",16,-0.387826684256322,-0.772884312220505,0.745341614906832,0.911793042658303,0.874333919171584,918,"tags=38%, list=5%, signal=36%","TTC37/EXOSC7/HBS1L/EXOSC2/EXOSC9/EXOSC3"
"REACTOME_THE_ROLE_OF_NEF_IN_HIV_1_REPLICATION_AND_DISEASE_PATHOGENESIS","REACTOME_THE_ROLE_OF_NEF_IN_HIV_1_REPLICATION_AND_DISEASE_PATHOGENESIS",22,0.370859077638444,0.77210310150297,0.744094488188976,0.911793042658303,0.874333919171584,2410,"tags=23%, list=14%, signal=20%","HLA-A/PACS1/AP2S1/AP2M1/AP2B1"
"REACTOME_NUCLEOTIDE_SALVAGE","REACTOME_NUCLEOTIDE_SALVAGE",21,0.372938491547464,0.77020733519589,0.744140625,0.911793042658303,0.874333919171584,954,"tags=19%, list=6%, signal=18%","ADA/TK2/AMPD2/GMPR2"
"REACTOME_CHROMATIN_MODIFYING_ENZYMES","REACTOME_CHROMATIN_MODIFYING_ENZYMES",239,-0.300128199516929,-0.887567248833623,0.753086419753086,0.91203809859776,0.874568907496716,1658,"tags=12%, list=10%, signal=11%","BRD1/SMARCD1/PHF20/H2AZ1/KANSL2/KDM2B/EP400/CDK4/SETD2/VPS72/ASH1L/ELP1/TAF5L/ACTB/RBBP5/REST/GATAD2A/ARID2/ARID4B/SUV39H2/JADE1/HDAC2/KMT5A/YEATS2/SMARCA2/NSD2/KDM1A/SETD7/KDM7A"
"REACTOME_RESPIRATORY_ELECTRON_TRANSPORT_ATP_SYNTHESIS_BY_CHEMIOSMOTIC_COUPLING_AND_HEAT_PRODUCTION_BY_UNCOUPLING_PROTEINS","REACTOME_RESPIRATORY_ELECTRON_TRANSPORT_ATP_SYNTHESIS_BY_CHEMIOSMOTIC_COUPLING_AND_HEAT_PRODUCTION_BY_UNCOUPLING_PROTEINS",125,-0.312108656908055,-0.85100599416875,0.754273504273504,0.91203809859776,0.874568907496716,1488,"tags=6%, list=9%, signal=6%","NDUFAF5/ATP5F1C/TRAP1/SDHC/ATP5F1B/MT-ND6/TMEM126B/UCP2"
"REACTOME_CLEC7A_DECTIN_1_SIGNALING","REACTOME_CLEC7A_DECTIN_1_SIGNALING",91,0.325681182496605,0.809944740090031,0.749532710280374,0.91203809859776,0.874568907496716,650,"tags=4%, list=4%, signal=4%","PSME2/PSME1/NFATC2/MAP3K14"
"REACTOME_DUAL_INCISION_IN_GG_NER","REACTOME_DUAL_INCISION_IN_GG_NER",41,-0.34403422273625,-0.809184562314051,0.750972762645914,0.91203809859776,0.874568907496716,2292,"tags=32%, list=14%, signal=27%","PCNA/POLE/RBX1/ERCC2/GTF2H2/RFC4/PARP2/POLD3/CHD1L/PARP1/RFC5/GTF2H3/POLE3"
"REACTOME_ION_TRANSPORT_BY_P_TYPE_ATPASES","REACTOME_ION_TRANSPORT_BY_P_TYPE_ATPASES",30,-0.357241665285831,-0.804522177747366,0.75,0.91203809859776,0.874568907496716,1491,"tags=23%, list=9%, signal=21%","CALM1/ATP2B1/ATP1B1/ATP1B3/ATP11C/ATP8B1/ATP10B"
"REACTOME_FCGAMMA_RECEPTOR_FCGR_DEPENDENT_PHAGOCYTOSIS","REACTOME_FCGAMMA_RECEPTOR_FCGR_DEPENDENT_PHAGOCYTOSIS",73,0.327457858345612,0.793053424921639,0.7524557956778,0.91203809859776,0.874568907496716,1188,"tags=11%, list=7%, signal=10%","PLPP4/DOCK1/PLA2G6/PLD3/BAIAP2/CYFIP2/ARPC4/MYO5A"
"REACTOME_SARS_COV_1_INFECTION","REACTOME_SARS_COV_1_INFECTION",47,0.350210049015178,0.791768947551903,0.751012145748988,0.91203809859776,0.874568907496716,2287,"tags=26%, list=13%, signal=22%","ST3GAL4/PARP8/PARP4/PARP16/MGAT1/PRKCSH/CHMP2A/BECN1/ST3GAL2/MOGS/CHMP4A/GANAB"
"REACTOME_TELOMERE_EXTENSION_BY_TELOMERASE","REACTOME_TELOMERE_EXTENSION_BY_TELOMERASE",23,-0.368670179597813,-0.783495594805191,0.752988047808765,0.91203809859776,0.874568907496716,3325,"tags=26%, list=20%, signal=21%","PPP6C/GAR1/RUVBL1/DKC1/CDK2/TERT"
"REACTOME_ADORA2B_MEDIATED_ANTI_INFLAMMATORY_CYTOKINES_PRODUCTION","REACTOME_ADORA2B_MEDIATED_ANTI_INFLAMMATORY_CYTOKINES_PRODUCTION",49,0.344576159607952,0.782231848297282,0.751515151515151,0.91203809859776,0.874568907496716,1442,"tags=12%, list=9%, signal=11%","HTR7/GNG2/GIPR/IL6/GPR27/ADORA2B"
"REACTOME_RRNA_PROCESSING_IN_THE_MITOCHONDRION","REACTOME_RRNA_PROCESSING_IN_THE_MITOCHONDRION",12,-0.413127354651557,-0.775879001004303,0.751012145748988,0.91203809859776,0.874568907496716,4457,"tags=42%, list=26%, signal=31%","MRM2/MRM3/NSUN4/TFB1M/TRMT10C"
"REACTOME_PROLACTIN_RECEPTOR_SIGNALING","REACTOME_PROLACTIN_RECEPTOR_SIGNALING",10,-0.413015131297487,-0.753012231638511,0.754563894523327,0.91203809859776,0.874568907496716,1603,"tags=30%, list=9%, signal=27%","CUL1/PTPN11/STAT5A"
"REACTOME_BIOLOGICAL_OXIDATIONS","REACTOME_BIOLOGICAL_OXIDATIONS",114,0.321534932437825,0.821313179237044,0.756143667296786,0.91244211472741,0.874956325462766,1487,"tags=11%, list=9%, signal=10%","AHRR/SLC26A2/FDXR/CYP1A1/SULT1A3/CBR3/SLC35B2/AOC3/AHR/NCOA1/NQO2/AOC2/GSTZ1"
"REACTOME_FORMATION_OF_THE_BETA_CATENIN_TCF_TRANSACTIVATING_COMPLEX","REACTOME_FORMATION_OF_THE_BETA_CATENIN_TCF_TRANSACTIVATING_COMPLEX",65,-0.328061230048312,-0.818698968917746,0.756539235412475,0.91244211472741,0.874956325462766,1611,"tags=14%, list=10%, signal=13%","PYGO2/H2AZ1/CDC73/PYGO1/TERT/RBBP5/H3-3A/TLE1/MYC"
"REACTOME_NR1H3_NR1H2_REGULATE_GENE_EXPRESSION_LINKED_TO_CHOLESTEROL_TRANSPORT_AND_EFFLUX","REACTOME_NR1H3_NR1H2_REGULATE_GENE_EXPRESSION_LINKED_TO_CHOLESTEROL_TRANSPORT_AND_EFFLUX",29,0.364069440256986,0.768955755867084,0.758130081300813,0.913370152119723,0.875846236366224,3058,"tags=38%, list=18%, signal=31%","ARL4C/MOV10/AGO4/NCOA1/GPS2/EEPD1/NR1H3/HDAC3/RXRA/AGO3/NR1H2"
"REACTOME_RAC1_GTPASE_CYCLE","REACTOME_RAC1_GTPASE_CYCLE",161,0.310932620277523,0.829960462677594,0.765917602996255,0.914229433760684,0.876670216205578,1231,"tags=9%, list=7%, signal=9%","PAK6/PAK3/ARHGAP26/PLEKHG1/PLEKHG4/DOCK6/DOCK1/SRGAP3/DOCK5/ARHGAP44/BAIAP2/CYFIP2/ARHGAP45/PLEKHG2/NISCH"
"REACTOME_EXTENSION_OF_TELOMERES","REACTOME_EXTENSION_OF_TELOMERES",51,-0.334583937971043,-0.813697847862897,0.764112903225806,0.914229433760684,0.876670216205578,4588,"tags=33%, list=27%, signal=24%","RFC1/POLA2/BLM/DNA2/PCNA/POLA1/PRIM2/RFC4/PPP6C/PRIM1/GAR1/RUVBL1/DKC1/POLD3/CDK2/TERT/RFC5"
"REACTOME_FORMATION_OF_INCISION_COMPLEX_IN_GG_NER","REACTOME_FORMATION_OF_INCISION_COMPLEX_IN_GG_NER",43,-0.3409820461438,-0.806099712131587,0.767258382642998,0.914229433760684,0.876670216205578,2140,"tags=23%, list=13%, signal=20%","SUMO1/CDK7/CHD1L/CETN2/PARP1/UBE2I/RAD23B/UBE2N/GTF2H3/CCNH"
"REACTOME_SIGNALING_BY_FGFR3","REACTOME_SIGNALING_BY_FGFR3",34,-0.350564494993743,-0.801984477012108,0.762,0.914229433760684,0.876670216205578,2496,"tags=15%, list=15%, signal=13%","PPP2CA/MAPK1/FGF9/PTPN11/FGF1"
"REACTOME_TERMINATION_OF_TRANSLESION_DNA_SYNTHESIS","REACTOME_TERMINATION_OF_TRANSLESION_DNA_SYNTHESIS",32,-0.353446900080869,-0.800618750532223,0.767395626242545,0.914229433760684,0.876670216205578,2292,"tags=38%, list=14%, signal=32%","RFC1/REV1/PCLAF/PCNA/POLE/USP10/RFC4/POLD3/TRIM25/USP43/RFC5/POLE3"
"REACTOME_FORMATION_OF_THE_CORNIFIED_ENVELOPE","REACTOME_FORMATION_OF_THE_CORNIFIED_ENVELOPE",30,-0.353091349367804,-0.795175504262237,0.76953125,0.914229433760684,0.876670216205578,1982,"tags=27%, list=12%, signal=24%","DSG2/PKP4/KRT81/KRT18/KRT80/JUP/TCHH/KRT34"
"REACTOME_FCERI_MEDIATED_NF_KB_ACTIVATION","REACTOME_FCERI_MEDIATED_NF_KB_ACTIVATION",73,0.323041069716434,0.782356630631158,0.768172888015717,0.914229433760684,0.876670216205578,204,"tags=3%, list=1%, signal=3%","PSME2/PSME1"
"REACTOME_ORC1_REMOVAL_FROM_CHROMATIN","REACTOME_ORC1_REMOVAL_FROM_CHROMATIN",69,0.324598670262209,0.779014373170023,0.765503875968992,0.914229433760684,0.876670216205578,204,"tags=3%, list=1%, signal=3%","PSME2/PSME1"
"REACTOME_PROLONGED_ERK_ACTIVATION_EVENTS","REACTOME_PROLONGED_ERK_ACTIVATION_EVENTS",12,-0.409845608544226,-0.76971567663801,0.765182186234818,0.914229433760684,0.876670216205578,2446,"tags=42%, list=14%, signal=36%","RAPGEF1/CRKL/MAPK1/MAP2K1/RAP1A"
"REACTOME_ADRENALINE_NORADRENALINE_INHIBITS_INSULIN_SECRETION","REACTOME_ADRENALINE_NORADRENALINE_INHIBITS_INSULIN_SECRETION",16,0.385476432357806,0.762262293598042,0.764932562620424,0.914229433760684,0.876670216205578,279,"tags=6%, list=2%, signal=6%","GNG2"
"REACTOME_SYNTHESIS_OF_PA","REACTOME_SYNTHESIS_OF_PA",27,0.3599249767821,0.76047262241154,0.766932270916335,0.914229433760684,0.876670216205578,3433,"tags=33%, list=20%, signal=27%","GPAT3/PLA2G12A/DDHD2/AGPAT1/PLD2/PLA2G4B/PLD1/GPAT4/GPD2"
"REACTOME_THROMBIN_SIGNALLING_THROUGH_PROTEINASE_ACTIVATED_RECEPTORS_PARS","REACTOME_THROMBIN_SIGNALLING_THROUGH_PROTEINASE_ACTIVATED_RECEPTORS_PARS",22,0.364124012947138,0.75808115988004,0.763779527559055,0.914229433760684,0.876670216205578,945,"tags=9%, list=6%, signal=9%","GNG2/ARRB1"
"REACTOME_TICAM1_TRAF6_DEPENDENT_INDUCTION_OF_TAK1_COMPLEX","REACTOME_TICAM1_TRAF6_DEPENDENT_INDUCTION_OF_TAK1_COMPLEX",11,-0.404848626094344,-0.752173566670415,0.768916155419223,0.914229433760684,0.876670216205578,4003,"tags=55%, list=24%, signal=42%","UBC/TICAM1/TAB3/TRAF6/TAB1/MAP3K7"
"REACTOME_ABC_TRANSPORTER_DISORDERS","REACTOME_ABC_TRANSPORTER_DISORDERS",67,0.325432407004387,0.77405093745563,0.772727272727273,0.917046667313476,0.879371709568867,320,"tags=4%, list=2%, signal=4%","PSME2/PSME1/ABCB6"
"REACTOME_DCC_MEDIATED_ATTRACTIVE_SIGNALING","REACTOME_DCC_MEDIATED_ATTRACTIVE_SIGNALING",12,-0.404339796630303,-0.759375417637019,0.777327935222672,0.921523095914298,0.883664233397561,1179,"tags=42%, list=7%, signal=39%","FYN/CDC42/RAC1/TRIO/ABLIM1"
"REACTOME_DEFECTS_IN_VITAMIN_AND_COFACTOR_METABOLISM","REACTOME_DEFECTS_IN_VITAMIN_AND_COFACTOR_METABOLISM",20,0.37031910416578,0.756120904325843,0.778884462151394,0.921707348910064,0.883840916741665,1876,"tags=25%, list=11%, signal=22%","BTD/PCCA/LMBRD1/HLCS/TCN2"
"REACTOME_ESTABLISHMENT_OF_SISTER_CHROMATID_COHESION","REACTOME_ESTABLISHMENT_OF_SISTER_CHROMATID_COHESION",11,-0.401291847214732,-0.745565380589743,0.779141104294479,0.921707348910064,0.883840916741665,6504,"tags=55%, list=38%, signal=34%","RAD21/SMC3/STAG1/WAPL/PDS5A/CDCA5"
"REACTOME_AMYLOID_FIBER_FORMATION","REACTOME_AMYLOID_FIBER_FORMATION",69,0.318793721026652,0.765082896228457,0.781007751937985,0.921713160343671,0.883846489424592,4322,"tags=39%, list=26%, signal=29%","APP/SNCA/H2BC14/HSPG2/GSN/H4C2/H4-16/ITM2B/H4C8/H4C1/USP9X/H2BC3/TSPAN5/H4C12/H2BC4/APH1B/H2AC6/H4C3/UBA52/TGFBI/PSENEN/H3C10/CST3/FURIN/H2BC11/H3C3/H2AC8"
"REACTOME_SIGNALING_BY_WNT_IN_CANCER","REACTOME_SIGNALING_BY_WNT_IN_CANCER",30,0.353834114372158,0.7498830731089,0.781632653061225,0.921713160343671,0.883846489424592,3654,"tags=30%, list=22%, signal=24%","LRP6/CTNNB1/PORCN/TCF7L2/TNKS/LRP5/PPP2R1A/PPP2R5C/KREMEN1"
"REACTOME_SIGNALING_BY_NOTCH1_HD_DOMAIN_MUTANTS_IN_CANCER","REACTOME_SIGNALING_BY_NOTCH1_HD_DOMAIN_MUTANTS_IN_CANCER",11,-0.400185714561834,-0.743510282241586,0.78118609406953,0.921713160343671,0.883846489424592,322,"tags=18%, list=2%, signal=18%","ADAM10/NOTCH1"
"REACTOME_NEDDYLATION","REACTOME_NEDDYLATION",211,0.307327495724798,0.844168623555635,0.784883720930233,0.922123850637789,0.884240307360925,1197,"tags=7%, list=7%, signal=7%","FBXO32/PSME2/PSME1/OBSL1/FBXL20/DDB2/FBXL8/COPS7A/CUL7/FBXL19/WDTC1/FBXL5/FBXW9/DCAF11/ELOB"
"REACTOME_RNA_POLYMERASE_I_TRANSCRIPTION_INITIATION","REACTOME_RNA_POLYMERASE_I_TRANSCRIPTION_INITIATION",47,-0.33306679078596,-0.798926953975823,0.785433070866142,0.922123850637789,0.884240307360925,1840,"tags=17%, list=11%, signal=15%","TTF1/TAF1A/POLR1F/GATAD2A/GTF2H3/HDAC2/POLR1E/CCNH"
"REACTOME_APOPTOTIC_EXECUTION_PHASE","REACTOME_APOPTOTIC_EXECUTION_PHASE",45,-0.332776555158411,-0.795266838161982,0.783625730994152,0.922123850637789,0.884240307360925,4111,"tags=36%, list=24%, signal=27%","STK26/DFFA/CASP8/SATB1/DFFB/HMGB2/DNM1L/DSP/BIRC2/DSG2/CASP6/TJP2/PRKCD/TJP1/VIM/SPTAN1"
"REACTOME_ABERRANT_REGULATION_OF_MITOTIC_G1_S_TRANSITION_IN_CANCER_DUE_TO_RB1_DEFECTS","REACTOME_ABERRANT_REGULATION_OF_MITOTIC_G1_S_TRANSITION_IN_CANCER_DUE_TO_RB1_DEFECTS",16,0.378055671458652,0.747588072949498,0.786127167630058,0.922123850637789,0.884240307360925,3149,"tags=38%, list=19%, signal=31%","CDKN1C/CDKN1B/CDKN1A/TFDP2/CDK6/CCND1"
"REACTOME_INTERLEUKIN_15_SIGNALING","REACTOME_INTERLEUKIN_15_SIGNALING",11,0.385041166668731,0.713143626563734,0.785575048732943,0.922123850637789,0.884240307360925,772,"tags=18%, list=5%, signal=17%","STAT3/STAT5B"
"REACTOME_REGULATION_OF_PYRUVATE_DEHYDROGENASE_PDH_COMPLEX","REACTOME_REGULATION_OF_PYRUVATE_DEHYDROGENASE_PDH_COMPLEX",15,-0.376286840730509,-0.741558772954882,0.788187372708758,0.923566236514371,0.885623435809408,1846,"tags=27%, list=11%, signal=24%","DLAT/PPARD/PDK3/PDHA1"
"REACTOME_REGULATED_NECROSIS","REACTOME_REGULATED_NECROSIS",46,-0.331933531441133,-0.794000127374743,0.790513833992095,0.923922027827525,0.88596461017539,2732,"tags=22%, list=16%, signal=18%","TRAF2/IL1B/BIRC2/OGT/PELI1/XIAP/MLKL/CFLAR/BIRC3/CASP4"
"REACTOME_INACTIVATION_OF_CSF3_G_CSF_SIGNALING","REACTOME_INACTIVATION_OF_CSF3_G_CSF_SIGNALING",22,-0.368045270458147,-0.768376778140835,0.789473684210526,0.923922027827525,0.88596461017539,2570,"tags=32%, list=15%, signal=27%","UBE2D1/UBE2D2/JAK1/LYN/CSF3/UBE2D3/STAT5A"
"REACTOME_INTRA_GOLGI_TRAFFIC","REACTOME_INTRA_GOLGI_TRAFFIC",41,0.336410437049749,0.742935316590259,0.790983606557377,0.923922027827525,0.88596461017539,1631,"tags=17%, list=10%, signal=15%","COG8/MAN2A2/CYTH2/STX5/NSF/COG6/MAN1A2"
"REACTOME_FORMATION_OF_TC_NER_PRE_INCISION_COMPLEX","REACTOME_FORMATION_OF_TC_NER_PRE_INCISION_COMPLEX",53,0.334524918731565,0.767918862165781,0.793650793650794,0.926064724595679,0.888019278696917,1973,"tags=11%, list=12%, signal=10%","ERCC6/COPS7A/UVSSA/POLR2H/COPS5/POLR2L"
"REACTOME_MICRORNA_MIRNA_BIOGENESIS","REACTOME_MICRORNA_MIRNA_BIOGENESIS",24,-0.354350996283885,-0.757826930989246,0.795180722891566,0.926877320603167,0.88879849088509,576,"tags=25%, list=3%, signal=24%","DGCR8/DICER1/POLR2B/POLR2F/RAN/XPO5"
"REACTOME_MISCELLANEOUS_TRANSPORT_AND_BINDING_EVENTS","REACTOME_MISCELLANEOUS_TRANSPORT_AND_BINDING_EVENTS",23,-0.357625678206537,-0.760023888478619,0.798804780876494,0.927213900140565,0.889121242751223,2862,"tags=48%, list=17%, signal=40%","LRRC8A/ADD2/LRRC8B/NIPA1/MRS2/LRRC8C/ADD3/CTNS/MMGT1/NIPA2/NIPAL4"
"REACTOME_ENDOSOMAL_SORTING_COMPLEX_REQUIRED_FOR_TRANSPORT_ESCRT","REACTOME_ENDOSOMAL_SORTING_COMPLEX_REQUIRED_FOR_TRANSPORT_ESCRT",30,0.348962936904559,0.739559553186171,0.797959183673469,0.927213900140565,0.889121242751223,4448,"tags=37%, list=26%, signal=27%","CHMP2A/MVB12B/CHMP4A/VPS37B/MVB12A/CHMP3/UBA52/VPS28/CHMP6/VPS36/CHMP7"
"REACTOME_TRANSCRIPTIONAL_REGULATION_BY_E2F6","REACTOME_TRANSCRIPTIONAL_REGULATION_BY_E2F6",34,0.335902428842306,0.732547542796502,0.798804780876494,0.927213900140565,0.889121242751223,2562,"tags=18%, list=15%, signal=15%","EPC1/PCGF2/RBBP4/PHC1/TFDP2/RING1"
"REACTOME_CD28_DEPENDENT_PI3K_AKT_SIGNALING","REACTOME_CD28_DEPENDENT_PI3K_AKT_SIGNALING",17,-0.360817078435664,-0.728729737026399,0.798387096774194,0.927213900140565,0.889121242751223,2753,"tags=24%, list=16%, signal=20%","MAP3K8/MAPKAP1/RICTOR/TRIB3"
"REACTOME_PROTEIN_UBIQUITINATION","REACTOME_PROTEIN_UBIQUITINATION",76,-0.315889068688623,-0.803771594855084,0.804573804573805,0.927763045163396,0.889647827291291,3465,"tags=28%, list=20%, signal=22%","UBE2G1/OTULIN/UBE2D1/HLTF/BCL10/UBE2R2/UBE2E1/UBE2Q2/UBE2D2/UBE2B/UBE2A/UBA6/PRKDC/WAC/UBE2L3/UBE2D3/CDC73/UBE2N/UBE2T/RAD18/RNF152"
"REACTOME_TRANSLATION_OF_SARS_COV_2_STRUCTURAL_PROTEINS","REACTOME_TRANSLATION_OF_SARS_COV_2_STRUCTURAL_PROTEINS",47,-0.325526577809547,-0.780840253193198,0.80511811023622,0.927763045163396,0.889647827291291,726,"tags=11%, list=4%, signal=10%","MAN2A1/UBE2I/SRPK1/MGAT5/ST6GAL1"
"REACTOME_IKK_COMPLEX_RECRUITMENT_MEDIATED_BY_RIP1","REACTOME_IKK_COMPLEX_RECRUITMENT_MEDIATED_BY_RIP1",22,-0.362911274053195,-0.757658412947028,0.801619433198381,0.927763045163396,0.889647827291291,4003,"tags=36%, list=24%, signal=28%","TRAF6/CHUK/UBE2D1/UBE2D2/BIRC2/UBE2D3/BIRC3/UBE2N"
"REACTOME_JNK_C_JUN_KINASES_PHOSPHORYLATION_AND_ACTIVATION_MEDIATED_BY_ACTIVATED_HUMAN_TAK1","REACTOME_JNK_C_JUN_KINASES_PHOSPHORYLATION_AND_ACTIVATION_MEDIATED_BY_ACTIVATED_HUMAN_TAK1",20,-0.362806512069783,-0.753415279394405,0.804,0.927763045163396,0.889647827291291,4003,"tags=30%, list=24%, signal=23%","TRAF6/TAB1/IRAK2/MAPK8/MAP3K7/UBE2N"
"REACTOME_RIPK1_MEDIATED_REGULATED_NECROSIS","REACTOME_RIPK1_MEDIATED_REGULATED_NECROSIS",26,-0.34464333996598,-0.749751594079694,0.802816901408451,0.927763045163396,0.889647827291291,3858,"tags=42%, list=23%, signal=33%","SDCBP/CASP8/HSP90AA1/TRAF2/BIRC2/OGT/PELI1/XIAP/MLKL/CFLAR/BIRC3"
"REACTOME_POLYMERASE_SWITCHING_ON_THE_C_STRAND_OF_THE_TELOMERE","REACTOME_POLYMERASE_SWITCHING_ON_THE_C_STRAND_OF_THE_TELOMERE",26,-0.341150045366257,-0.742152134316477,0.804828973843058,0.927763045163396,0.889647827291291,4588,"tags=35%, list=27%, signal=25%","RFC1/POLA2/PCNA/POLA1/PRIM2/RFC4/PRIM1/POLD3/RFC5"
"REACTOME_SIGNALING_BY_CTNNB1_PHOSPHO_SITE_MUTANTS","REACTOME_SIGNALING_BY_CTNNB1_PHOSPHO_SITE_MUTANTS",15,0.365967689004626,0.714171022746389,0.804305283757339,0.927763045163396,0.889647827291291,558,"tags=7%, list=3%, signal=6%","CTNNB1"
"REACTOME_SIGNALING_BY_SCF_KIT","REACTOME_SIGNALING_BY_SCF_KIT",34,-0.335639930279461,-0.767841631978043,0.806,0.927817805383023,0.889700337801024,2553,"tags=21%, list=15%, signal=18%","RAC1/LYN/GAB2/YES1/PTPN11/STAT5A/KITLG"
"REACTOME_UCH_PROTEINASES","REACTOME_UCH_PROTEINASES",92,0.313511033498451,0.779599683706604,0.807547169811321,0.928198347107438,0.890065245759026,432,"tags=4%, list=3%, signal=4%","TGFB1/PSME2/PSME1/TGFBR1"
"REACTOME_DARPP_32_EVENTS","REACTOME_DARPP_32_EVENTS",20,-0.360468664832835,-0.748560433159265,0.808,0.928198347107438,0.890065245759026,3049,"tags=45%, list=18%, signal=37%","PPP2R1B/PRKAR1B/PPP3R1/PPP2CA/PPP3CA/PPP3CB/CALM1/PRKAR2A/PRKACB"
"REACTOME_CYTOSOLIC_SENSORS_OF_PATHOGEN_ASSOCIATED_DNA","REACTOME_CYTOSOLIC_SENSORS_OF_PATHOGEN_ASSOCIATED_DNA",60,-0.319653684727113,-0.793305900429686,0.814516129032258,0.931841716197693,0.893558934596993,3103,"tags=27%, list=18%, signal=22%","MRE11/STAT6/TRIM32/NFKBIA/POLR2F/TBK1/POLR3K/POLR3C/PRKDC/POLR3F/NKIRAS1/POLR3B/DHX9/CGAS/IFI16/LRRFIP1"
"REACTOME_MEIOTIC_SYNAPSIS","REACTOME_MEIOTIC_SYNAPSIS",56,0.326504019634888,0.760085988517343,0.81496062992126,0.931841716197693,0.893558934596993,4593,"tags=41%, list=27%, signal=30%","H2BC14/H4C2/H4-16/SYNE1/H4C8/SYCE2/H4C1/H2BC3/TINF2/H4C12/H2BC4/H2AC6/H4C3/H2AZ2/TERF2IP/TERF2/H2BC11/STAG3/H2AC8/REC8/TERF1/SMC1A/SYNE2"
"REACTOME_ACTIVATED_NOTCH1_TRANSMITS_SIGNAL_TO_THE_NUCLEUS","REACTOME_ACTIVATED_NOTCH1_TRANSMITS_SIGNAL_TO_THE_NUCLEUS",25,-0.340300356937643,-0.735017127049063,0.816568047337278,0.931841716197693,0.893558934596993,2308,"tags=20%, list=14%, signal=17%","PSEN2/NUMB/APH1A/CNTN1/NOTCH1"
"REACTOME_KSRP_KHSRP_BINDS_AND_DESTABILIZES_MRNA","REACTOME_KSRP_KHSRP_BINDS_AND_DESTABILIZES_MRNA",17,0.362667150971431,0.722627519820561,0.818181818181818,0.931841716197693,0.893558934596993,1118,"tags=12%, list=7%, signal=11%","MAPK11/YWHAZ"
"REACTOME_TRANSLESION_SYNTHESIS_BY_POLK","REACTOME_TRANSLESION_SYNTHESIS_BY_POLK",17,-0.356300561320237,-0.719607884080661,0.8125,0.931841716197693,0.893558934596993,689,"tags=29%, list=4%, signal=28%","RFC1/REV1/PCNA/RFC4/RFC5"
"REACTOME_DNA_METHYLATION","REACTOME_DNA_METHYLATION",41,0.324598494330504,0.716849593802858,0.815573770491803,0.931841716197693,0.893558934596993,4322,"tags=39%, list=26%, signal=29%","H2BC14/DNMT3A/H4C2/H4-16/H4C8/H4C1/H2BC3/H4C12/H2BC4/H2AC6/H4C3/H2AZ2/H3C10/H2BC11/H3C3/H2AC8"
"REACTOME_RHO_GTPASES_ACTIVATE_NADPH_OXIDASES","REACTOME_RHO_GTPASES_ACTIVATE_NADPH_OXIDASES",15,0.359321487487491,0.701201231484813,0.818003913894325,0.931841716197693,0.893558934596993,147,"tags=7%, list=1%, signal=7%","MAPK11"
"REACTOME_UPTAKE_AND_FUNCTION_OF_ANTHRAX_TOXINS","REACTOME_UPTAKE_AND_FUNCTION_OF_ANTHRAX_TOXINS",11,0.37154554306034,0.688148070773963,0.818713450292398,0.931841716197693,0.893558934596993,1870,"tags=18%, list=11%, signal=16%","MAP2K6/MAP2K2"
"REACTOME_DEGRADATION_OF_CYSTEINE_AND_HOMOCYSTEINE","REACTOME_DEGRADATION_OF_CYSTEINE_AND_HOMOCYSTEINE",13,0.349975750332099,0.674155208195669,0.818532818532819,0.931841716197693,0.893558934596993,1329,"tags=15%, list=8%, signal=14%","ETHE1/SLC25A10"
"REACTOME_SARS_COV_2_INFECTION","REACTOME_SARS_COV_2_INFECTION",66,-0.312736324883248,-0.784105334135112,0.820717131474104,0.932213943002251,0.89391586923635,1580,"tags=11%, list=9%, signal=10%","MAN2A1/UBE2I/DDX5/CTSL/SRPK1/MGAT5/ST6GAL1"
"REACTOME_GABA_B_RECEPTOR_ACTIVATION","REACTOME_GABA_B_RECEPTOR_ACTIVATION",23,0.342079916270671,0.709785146878463,0.82,0.932213943002251,0.89391586923635,1866,"tags=13%, list=11%, signal=12%","GNG2/GABBR1/ADCY9"
"REACTOME_CASPASE_MEDIATED_CLEAVAGE_OF_CYTOSKELETAL_PROTEINS","REACTOME_CASPASE_MEDIATED_CLEAVAGE_OF_CYTOSKELETAL_PROTEINS",12,-0.381882377485285,-0.717198980431431,0.821862348178138,0.932562174667438,0.894249794526803,603,"tags=25%, list=4%, signal=24%","CASP6/VIM/SPTAN1"
"REACTOME_PROTEIN_LOCALIZATION","REACTOME_PROTEIN_LOCALIZATION",150,-0.297712178020839,-0.833895097287619,0.824675324675325,0.934230557445017,0.89584963526297,1652,"tags=25%, list=10%, signal=23%","HSPA9/CAMLG/VAPA/IDH1/SCP2/ABCD3/UBE2D1/TIMM9/PEX26/PEX1/CHCHD4/PHYH/HSPD1/CHCHD10/SERP1/UBE2D2/CHCHD3/IDE/FXN/TOMM20/TIMM21/UBE2D3/ATP5F1B/GRPEL2/CS/PITRM1/EHHADH/GNPAT/TOMM22/VDAC1/MTX1/HMOX1/TIMM17A/GRPEL1/PEX19/SLC25A4/NUDT19/DDO"
"REACTOME_RHOQ_GTPASE_CYCLE","REACTOME_RHOQ_GTPASE_CYCLE",57,0.321548347760121,0.7475950760799,0.826,0.934230557445017,0.89584963526297,511,"tags=5%, list=3%, signal=5%","ARHGAP26/STEAP3/CDC42EP3"
"REACTOME_SULFUR_AMINO_ACID_METABOLISM","REACTOME_SULFUR_AMINO_ACID_METABOLISM",23,-0.345874465841243,-0.735050284343149,0.826693227091634,0.934230557445017,0.89584963526297,2399,"tags=39%, list=14%, signal=34%","ENOPH1/TXN2/MPST/CDO1/CBS/TST/MTRR/MTAP/GOT2"
"REACTOME_REGULATION_OF_TNFR1_SIGNALING","REACTOME_REGULATION_OF_TNFR1_SIGNALING",34,0.33038020922109,0.720504496760048,0.826693227091634,0.934230557445017,0.89584963526297,3416,"tags=35%, list=20%, signal=28%","TRAF1/MADD/TNFRSF1A/IKBKB/RIPK1/SHARPIN/TRADD/SPPL2A/SPPL2B/IKBKG/RNF31/UBA52"
"REACTOME_ADP_SIGNALLING_THROUGH_P2Y_PURINOCEPTOR_1","REACTOME_ADP_SIGNALLING_THROUGH_P2Y_PURINOCEPTOR_1",17,0.355997188457736,0.70933737634973,0.83201581027668,0.939290945205754,0.900702127502299,279,"tags=6%, list=2%, signal=6%","GNG2"
"REACTOME_ANTI_INFLAMMATORY_RESPONSE_FAVOURING_LEISHMANIA_PARASITE_INFECTION","REACTOME_ANTI_INFLAMMATORY_RESPONSE_FAVOURING_LEISHMANIA_PARASITE_INFECTION",70,-0.313005324641058,-0.789287561525025,0.833333333333333,0.939597000387274,0.900995609042322,3348,"tags=33%, list=20%, signal=26%","GPR15/ADCY6/PLCG1/PRKX/PRKAR1B/CREB1/PTGER4/CALCRL/LYN/ADRB1/GNG5/YES1/GNG10/GNB1/CALM1/PRKAR2A/PRKACB/MAPK14/GPR176/ADCY1/CALCB/ADRB2/PLK2"
"REACTOME_CYTOSOLIC_IRON_SULFUR_CLUSTER_ASSEMBLY","REACTOME_CYTOSOLIC_IRON_SULFUR_CLUSTER_ASSEMBLY",13,0.344035316207785,0.662712202215829,0.833976833976834,0.939597000387274,0.900995609042322,3043,"tags=31%, list=18%, signal=25%","NUBP1/CIAO1/CIAO2B/CIAO3"
"REACTOME_BETA_CATENIN_PHOSPHORYLATION_CASCADE","REACTOME_BETA_CATENIN_PHOSPHORYLATION_CASCADE",17,0.351296269204452,0.699970623359343,0.837944664031621,0.943111808100366,0.904366018180302,558,"tags=6%, list=3%, signal=6%","CTNNB1"
"REACTOME_TRANSCRIPTIONAL_REGULATION_BY_RUNX1","REACTOME_TRANSCRIPTIONAL_REGULATION_BY_RUNX1",187,0.296915637568775,0.800759094839742,0.839458413926499,0.943860218691877,0.905083681877009,3416,"tags=25%, list=20%, signal=20%","PSME2/PSME1/NFATC2/MOV10/THBS1/AGO4/RUNX2/LDB1/KAT2B/CTSV/H2BC14/HDAC1/H4C2/H4-16/LIFR/PHC1/SMARCD3/CTLA4/PSMC5/SCMH1/CBX8/H4C8/PSMB6/H4C1/RING1/PSMC4/PSMD8/H2BC3/HIPK2/ELF1/H4C12/OCLN/CDK6/H2BC4/AGO3/SIN3A/PSMB10/ABL1/CCND1/H2AC6/CSNK2B/CREBBP/GATA3/SIN3B/H4C3/UBA52"
"REACTOME_TRANSCRIPTIONAL_REGULATION_OF_GRANULOPOIESIS","REACTOME_TRANSCRIPTIONAL_REGULATION_OF_GRANULOPOIESIS",62,-0.312373763749468,-0.774279585281965,0.848178137651822,0.945606346223604,0.906758073385565,3164,"tags=21%, list=19%, signal=17%","H3-3B/LEF1/CREB1/IL6R/CBFB/DEK/CEBPB/H2AZ1/PML/CDK2/CDK4/H3-3A/MYC"
"REACTOME_DNA_DOUBLE_STRAND_BREAK_RESPONSE","REACTOME_DNA_DOUBLE_STRAND_BREAK_RESPONSE",67,-0.306286595747692,-0.76836229541751,0.854838709677419,0.945606346223604,0.906758073385565,1296,"tags=7%, list=8%, signal=7%","UBE2I/MDC1/UBE2N/ABRAXAS1/NSD2"
"REACTOME_DEADENYLATION_DEPENDENT_MRNA_DECAY","REACTOME_DEADENYLATION_DEPENDENT_MRNA_DECAY",56,-0.310888562613361,-0.764272462457002,0.842105263157895,0.945606346223604,0.906758073385565,4257,"tags=34%, list=25%, signal=25%","TNKS1BP1/DCP1A/CNOT10/EIF4A3/EDC3/CNOT7/EIF4E/TTC37/EXOSC7/CNOT2/HBS1L/LSM5/CNOT4/CNOT9/EIF4B/EXOSC2/EXOSC9/EIF4A2/EXOSC3"
"REACTOME_GOLGI_ASSOCIATED_VESICLE_BIOGENESIS","REACTOME_GOLGI_ASSOCIATED_VESICLE_BIOGENESIS",54,-0.307649502425536,-0.754834677873824,0.857142857142857,0.945606346223604,0.906758073385565,4651,"tags=43%, list=27%, signal=31%","SNAPIN/AP4E1/PICALM/AP1B1/CLINT1/PIK3C2A/SNX5/NAPA/AP1M2/OCRL/AP1S1/TGOLN2/TPD52/AP3S1/DTNBP1/TXNDC5/PUM1/HSPA8/HIP1R/VAMP7/CLTA/ARF1/IGF2R"
"REACTOME_FANCONI_ANEMIA_PATHWAY","REACTOME_FANCONI_ANEMIA_PATHWAY",39,-0.312875880119042,-0.731187723320139,0.853707414829659,0.945606346223604,0.906758073385565,3850,"tags=21%, list=23%, signal=16%","FAN1/FANCB/FANCM/EME1/ATR/FANCI/UBE2T/USP1"
"REACTOME_SYNTHESIS_OF_ACTIVE_UBIQUITIN_ROLES_OF_E1_AND_E2_ENZYMES","REACTOME_SYNTHESIS_OF_ACTIVE_UBIQUITIN_ROLES_OF_E1_AND_E2_ENZYMES",30,-0.322856691111762,-0.727085873440097,0.84375,0.945606346223604,0.906758073385565,3465,"tags=40%, list=20%, signal=32%","UBE2G1/OTULIN/UBE2D1/UBE2R2/UBE2E1/UBE2Q2/UBE2D2/UBE2B/UBE2A/UBA6/UBE2L3/UBE2T"
"REACTOME_TRANSLESION_SYNTHESIS_BY_Y_FAMILY_DNA_POLYMERASES_BYPASSES_LESIONS_ON_DNA_TEMPLATE","REACTOME_TRANSLESION_SYNTHESIS_BY_Y_FAMILY_DNA_POLYMERASES_BYPASSES_LESIONS_ON_DNA_TEMPLATE",39,-0.308463165472214,-0.720875254442549,0.859719438877755,0.945606346223604,0.906758073385565,4588,"tags=36%, list=27%, signal=26%","RFC1/REV1/PCLAF/PCNA/POLE/UFD1/SPRTN/USP10/RFC4/POLD3/TRIM25/USP43/RFC5/POLE3"
"REACTOME_SIGNALING_BY_ERYTHROPOIETIN","REACTOME_SIGNALING_BY_ERYTHROPOIETIN",21,-0.340335444491695,-0.706632549490639,0.848979591836735,0.945606346223604,0.906758073385565,3152,"tags=19%, list=19%, signal=16%","PLCG1/CRKL/LYN/STAT5A"
"REACTOME_DNA_DAMAGE_RECOGNITION_IN_GG_NER","REACTOME_DNA_DAMAGE_RECOGNITION_IN_GG_NER",38,0.319877272174357,0.702543225777045,0.849699398797595,0.945606346223604,0.906758073385565,733,"tags=8%, list=4%, signal=8%","XPC/DDB2/COPS7A"
"REACTOME_TNF_SIGNALING","REACTOME_TNF_SIGNALING",42,0.313016393186642,0.697399765872676,0.858895705521472,0.945606346223604,0.906758073385565,3416,"tags=31%, list=20%, signal=25%","TRAF1/MADD/TNFRSF1A/IKBKB/RIPK1/ADAM17/SHARPIN/TRADD/SPPL2A/SPPL2B/IKBKG/RNF31/UBA52"
"REACTOME_DETOXIFICATION_OF_REACTIVE_OXYGEN_SPECIES","REACTOME_DETOXIFICATION_OF_REACTIVE_OXYGEN_SPECIES",26,0.329162944388586,0.69605083946192,0.857425742574257,0.945606346223604,0.906758073385565,348,"tags=8%, list=2%, signal=8%","ATP7A/CAT"
"REACTOME_GLYCOSPHINGOLIPID_METABOLISM","REACTOME_GLYCOSPHINGOLIPID_METABOLISM",38,0.314102965508896,0.689861174302104,0.857715430861723,0.945606346223604,0.906758073385565,1386,"tags=18%, list=8%, signal=17%","ARSG/ARSD/ARSJ/B4GALNT1/ARSA/PSAP/ARSB"
"REACTOME_CHONDROITIN_SULFATE_BIOSYNTHESIS","REACTOME_CHONDROITIN_SULFATE_BIOSYNTHESIS",15,-0.347906586066215,-0.685629028549939,0.847250509164969,0.945606346223604,0.906758073385565,2722,"tags=27%, list=16%, signal=22%","CHST7/CHSY3/CHST9/VCAN"
"REACTOME_SIGNALING_BY_KIT_IN_DISEASE","REACTOME_SIGNALING_BY_KIT_IN_DISEASE",18,-0.334495979698602,-0.684298881024507,0.852589641434263,0.945606346223604,0.906758073385565,2275,"tags=17%, list=13%, signal=14%","LYN/YES1/STAT5A"
"REACTOME_ZINC_TRANSPORTERS","REACTOME_ZINC_TRANSPORTERS",13,-0.355767737478503,-0.68020857455187,0.847107438016529,0.945606346223604,0.906758073385565,3190,"tags=38%, list=19%, signal=31%","SLC39A1/SLC39A10/SLC30A1/SLC39A8/SLC30A3"
"REACTOME_MRNA_DECAY_BY_5_TO_3_EXORIBONUCLEASE","REACTOME_MRNA_DECAY_BY_5_TO_3_EXORIBONUCLEASE",15,0.347997321069306,0.679102582463032,0.853228962818004,0.945606346223604,0.906758073385565,2460,"tags=13%, list=15%, signal=11%","DCP1B/LSM1"
"REACTOME_CASPASE_ACTIVATION_VIA_DEATH_RECEPTORS_IN_THE_PRESENCE_OF_LIGAND","REACTOME_CASPASE_ACTIVATION_VIA_DEATH_RECEPTORS_IN_THE_PRESENCE_OF_LIGAND",14,0.344618407735382,0.670654825962329,0.845857418111753,0.945606346223604,0.906758073385565,3310,"tags=36%, list=20%, signal=29%","RIPK1/TLR4/TRADD/CD14/TNFRSF10B"
"REACTOME_BETA_OXIDATION_OF_VERY_LONG_CHAIN_FATTY_ACIDS","REACTOME_BETA_OXIDATION_OF_VERY_LONG_CHAIN_FATTY_ACIDS",10,0.370587547952757,0.66897397798071,0.846758349705305,0.945606346223604,0.906758073385565,2577,"tags=30%, list=15%, signal=25%","HSD17B4/ABCD1/DECR2"
"REACTOME_IRAK1_RECRUITS_IKK_COMPLEX","REACTOME_IRAK1_RECRUITS_IKK_COMPLEX",14,-0.344957099369366,-0.666641855786565,0.859213250517598,0.945606346223604,0.906758073385565,2242,"tags=36%, list=13%, signal=31%","TRAF6/CHUK/PELI1/PELI2/UBE2N"
"REACTOME_HYALURONAN_METABOLISM","REACTOME_HYALURONAN_METABOLISM",14,0.338736391915061,0.659207955430346,0.851637764932563,0.945606346223604,0.906758073385565,2814,"tags=21%, list=17%, signal=18%","HAS3/CHP1/HEXA"
"REACTOME_FORMATION_OF_SENESCENCE_ASSOCIATED_HETEROCHROMATIN_FOCI_SAHF","REACTOME_FORMATION_OF_SENESCENCE_ASSOCIATED_HETEROCHROMATIN_FOCI_SAHF",16,-0.330685023515279,-0.659008978330921,0.859213250517598,0.945606346223604,0.906758073385565,2348,"tags=38%, list=14%, signal=32%","HMGA1/ASF1A/CABIN1/HIRA/EP400/HMGA2"
"REACTOME_TICAM1_DEPENDENT_ACTIVATION_OF_IRF3_IRF7","REACTOME_TICAM1_DEPENDENT_ACTIVATION_OF_IRF3_IRF7",12,0.350300122397248,0.655002711696653,0.858267716535433,0.945606346223604,0.906758073385565,1171,"tags=8%, list=7%, signal=8%","IRF3"
"REACTOME_FC_EPSILON_RECEPTOR_FCERI_SIGNALING","REACTOME_FC_EPSILON_RECEPTOR_FCERI_SIGNALING",117,0.303090814569067,0.776099478673126,0.861423220973783,0.946544092611508,0.907657294410695,465,"tags=3%, list=3%, signal=3%","PSME2/PSME1/NFATC2/FOS"
"REACTOME_DUAL_INCISION_IN_TC_NER","REACTOME_DUAL_INCISION_IN_TC_NER",65,-0.307612247042064,-0.767667149948568,0.865191146881288,0.947874438750731,0.908932986041737,689,"tags=6%, list=4%, signal=6%","RFC5/GTF2H3/CCNH/POLE3"
"REACTOME_PROCESSIVE_SYNTHESIS_ON_THE_C_STRAND_OF_THE_TELOMERE","REACTOME_PROCESSIVE_SYNTHESIS_ON_THE_C_STRAND_OF_THE_TELOMERE",19,0.339338384911962,0.684928607975675,0.865191146881288,0.947874438750731,0.908932986041737,4982,"tags=53%, list=29%, signal=37%","POLD4/WRN/TINF2/TERF2IP/TERF2/POLD1/TERF1/LIG1/POLD2/RPA1"
"REACTOME_FCERI_MEDIATED_CA_2_MOBILIZATION","REACTOME_FCERI_MEDIATED_CA_2_MOBILIZATION",24,0.3196230556115,0.668829383729479,0.865079365079365,0.947874438750731,0.908932986041737,236,"tags=4%, list=1%, signal=4%","NFATC2"
"REACTOME_G_ALPHA_Z_SIGNALLING_EVENTS","REACTOME_G_ALPHA_Z_SIGNALLING_EVENTS",30,0.324054832369318,0.686771635866931,0.86734693877551,0.949300980234614,0.910300921031488,2276,"tags=20%, list=13%, signal=17%","GNG2/PRKCH/RGS16/RGS19/ADCY9/PRKCA"
"REACTOME_DNA_REPAIR","REACTOME_DNA_REPAIR",314,-0.284499627409672,-0.855232681254721,0.870689655172414,0.952022513816838,0.912910646058744,3091,"tags=18%, list=18%, signal=15%","RUVBL1/FANCM/APEX1/TOPBP1/RIF1/RAD17/POLR2B/SUMO1/EME1/POLR2F/BARD1/BAZ1B/CDK7/ATR/MBD4/UBE2B/ACTR8/RAD50/FANCI/POLD3/TRIM25/XRCC4/CHD1L/LIG3/CETN2/PRKDC/BRIP1/PALB2/UNG/EXO1/PARP1/USP43/H2AZ1/TIMELESS/GEN1/UBE2I/RAD23B/CDK2/ACTB/MDC1/UBE2N/XRCC2/UBE2T/RFC5/DTL/GTF2H3/INO80C/POLQ/USP1/MGMT/CCNH/POLE3/RAD18/ABRAXAS1/NSD2"
"REACTOME_TBC_RABGAPS","REACTOME_TBC_RABGAPS",41,0.309487288594855,0.683477714750203,0.872950819672131,0.953557280427711,0.914382359970912,1710,"tags=17%, list=10%, signal=15%","TBC1D7/RAB6B/TBC1D17/RAB11B/TSC2/GABARAP/GABARAPL2"
"REACTOME_MITOTIC_TELOPHASE_CYTOKINESIS","REACTOME_MITOTIC_TELOPHASE_CYTOKINESIS",13,-0.342359601604746,-0.65457294762649,0.87603305785124,0.955985044485357,0.916710384384387,2940,"tags=23%, list=17%, signal=19%","PDS5A/KIF23/PLK1"
"REACTOME_SYNTHESIS_SECRETION_AND_INACTIVATION_OF_GLUCAGON_LIKE_PEPTIDE_1_GLP_1","REACTOME_SYNTHESIS_SECRETION_AND_INACTIVATION_OF_GLUCAGON_LIKE_PEPTIDE_1_GLP_1",11,-0.353658011904143,-0.657065853876745,0.877300613496933,0.956429688439793,0.917136761065421,1530,"tags=18%, list=9%, signal=17%","GNB1/PAX6"
"REACTOME_PROCESSIVE_SYNTHESIS_ON_THE_LAGGING_STRAND","REACTOME_PROCESSIVE_SYNTHESIS_ON_THE_LAGGING_STRAND",15,-0.330775394010592,-0.651868119623761,0.879837067209776,0.95825545419909,0.918887519030366,4525,"tags=47%, list=27%, signal=34%","POLA2/DNA2/PCNA/POLA1/PRIM2/PRIM1/POLD3"
"REACTOME_NOTCH3_ACTIVATION_AND_TRANSMISSION_OF_SIGNAL_TO_THE_NUCLEUS","REACTOME_NOTCH3_ACTIVATION_AND_TRANSMISSION_OF_SIGNAL_TO_THE_NUCLEUS",20,-0.321415209485483,-0.667460813960086,0.882,0.959671232876712,0.920245133381399,2330,"tags=25%, list=14%, signal=22%","EGF/PSEN2/EGFR/APH1A/YBX1"
"REACTOME_CELL_DEATH_SIGNALLING_VIA_NRAGE_NRIF_AND_NADE","REACTOME_CELL_DEATH_SIGNALLING_VIA_NRAGE_NRIF_AND_NADE",64,0.298053191356948,0.705025676697094,0.883399209486166,0.960254077173623,0.92080403273086,2010,"tags=14%, list=12%, signal=12%","ARHGEF17/PLEKHG5/NGFR/PLEKHG2/MAGED1/ARHGEF39/ARHGEF6/PSEN1/TIAM1"
"REACTOME_OPIOID_SIGNALLING","REACTOME_OPIOID_SIGNALLING",65,-0.304038660673871,-0.758749023675166,0.887323943661972,0.963578345070423,0.923991729985174,3049,"tags=29%, list=18%, signal=24%","PPP2R1B/PRKX/PRKAR1B/PPP3R1/CREB1/PDE1C/PPP2CA/PPP3CA/MAPK1/GNG5/GNG10/PPP3CB/GNB1/CALM1/PRKAR2A/PRKACB/PRKCD/ADCY1/PLCB4"
"REACTOME_TP53_REGULATES_TRANSCRIPTION_OF_GENES_INVOLVED_IN_G1_CELL_CYCLE_ARREST","REACTOME_TP53_REGULATES_TRANSCRIPTION_OF_GENES_INVOLVED_IN_G1_CELL_CYCLE_ARREST",14,0.31341773747765,0.609935840522424,0.888246628131021,0.96363926876263,0.924050150754017,1350,"tags=14%, list=8%, signal=13%","CDKN1B/CDKN1A"
"REACTOME_INTERLEUKIN_2_FAMILY_SIGNALING","REACTOME_INTERLEUKIN_2_FAMILY_SIGNALING",25,0.312024871758915,0.652448246260131,0.892929292929293,0.967775218067616,0.928016183171616,3291,"tags=28%, list=19%, signal=23%","STAT3/STAT5B/LGALS9/STAT4/PIK3CD/PIK3R3/INPPL1"
"REACTOME_METHYLATION","REACTOME_METHYLATION",12,-0.342882180827543,-0.643954172792629,0.894736842105263,0.968790037410957,0.928989310769878,1041,"tags=17%, list=6%, signal=16%","MTR/MTRR"
"REACTOME_DISEASES_OF_MITOTIC_CELL_CYCLE","REACTOME_DISEASES_OF_MITOTIC_CELL_CYCLE",37,-0.305102357020703,-0.707028556169384,0.898406374501992,0.969929988782733,0.93008242960707,3514,"tags=27%, list=21%, signal=21%","E2F1/UBE2D1/E2F3/UBE2E1/CDC23/ANAPC1/CCND3/CDK2/CDK4/ANAPC7"
"REACTOME_REGULATION_OF_SIGNALING_BY_CBL","REACTOME_REGULATION_OF_SIGNALING_BY_CBL",18,-0.311381601398492,-0.637012383827757,0.898406374501992,0.969929988782733,0.93008242960707,4795,"tags=33%, list=28%, signal=24%","PIK3CA/FYN/RAPGEF1/CRKL/LYN/YES1"
"REACTOME_SIGNALING_BY_FGFR4_IN_DISEASE","REACTOME_SIGNALING_BY_FGFR4_IN_DISEASE",11,-0.340952716003073,-0.633460518159777,0.897750511247444,0.969929988782733,0.93008242960707,5935,"tags=45%, list=35%, signal=30%","NRAS/KRAS/FRS2/PIK3CA/PLCG1"
"REACTOME_MITOCHONDRIAL_FATTY_ACID_BETA_OXIDATION","REACTOME_MITOCHONDRIAL_FATTY_ACID_BETA_OXIDATION",33,-0.29611477579554,-0.672547103429634,0.900793650793651,0.971564054008283,0.931649362656561,2157,"tags=18%, list=13%, signal=16%","HADHA/ACBD7/ACADL/ACOT9/HADH/DBI"
"REACTOME_CELLULAR_SENESCENCE","REACTOME_CELLULAR_SENESCENCE",167,-0.281512409392383,-0.797177212938193,0.902542372881356,0.971565458513134,0.931650709460247,1562,"tags=8%, list=9%, signal=8%","CEBPB/H2AZ1/JUN/EP400/CDK2/CDK4/HMGA2/MAPK14/ETS1/H3-3A/MAPKAPK5/ANAPC7/MAPKAPK2/RPS6KA2"
"REACTOME_INLB_MEDIATED_ENTRY_OF_LISTERIA_MONOCYTOGENES_INTO_HOST_CELL","REACTOME_INLB_MEDIATED_ENTRY_OF_LISTERIA_MONOCYTOGENES_INTO_HOST_CELL",15,-0.319692471445474,-0.630026700874735,0.90224032586558,0.971565458513134,0.931650709460247,2013,"tags=27%, list=12%, signal=24%","SH3GL2/MET/STAM/EPS15"
"REACTOME_CYCLIN_D_ASSOCIATED_EVENTS_IN_G1","REACTOME_CYCLIN_D_ASSOCIATED_EVENTS_IN_G1",44,0.291162740905165,0.648269190028332,0.904471544715447,0.972700539384504,0.932739157891426,618,"tags=7%, list=4%, signal=7%","CDKN2C/CDKN1C/CDKN1B"
"REACTOME_NITRIC_OXIDE_STIMULATES_GUANYLATE_CYCLASE","REACTOME_NITRIC_OXIDE_STIMULATES_GUANYLATE_CYCLASE",12,0.323872909540404,0.605588238286369,0.905511811023622,0.972878390201225,0.932909702076714,1405,"tags=8%, list=8%, signal=8%","KCNMA1"
"REACTOME_B_WICH_COMPLEX_POSITIVELY_REGULATES_RRNA_EXPRESSION","REACTOME_B_WICH_COMPLEX_POSITIVELY_REGULATES_RRNA_EXPRESSION",68,0.288165300871496,0.688424868252546,0.908560311284047,0.974896666942484,0.934845062109747,2850,"tags=21%, list=17%, signal=17%","ERCC6/KAT2B/KAT2A/H2BC14/H4C2/H4-16/POLR2H/POLR2L/H4C8/H4C1/H2BC3/H4C12/POLR1C/H2BC4"
"REACTOME_PEROXISOMAL_LIPID_METABOLISM","REACTOME_PEROXISOMAL_LIPID_METABOLISM",25,-0.306372333820368,-0.661735752023402,0.909270216962525,0.974896666942484,0.934845062109747,1144,"tags=20%, list=7%, signal=19%","ACBD5/SCP2/PHYH/EHHADH/NUDT19"
"REACTOME_SIRT1_NEGATIVELY_REGULATES_RRNA_EXPRESSION","REACTOME_SIRT1_NEGATIVELY_REGULATES_RRNA_EXPRESSION",45,0.285494008339633,0.63822210569499,0.910020449897751,0.974896666942484,0.934845062109747,4322,"tags=36%, list=26%, signal=27%","H2BC14/H4C2/H4-16/H4C8/H4C1/H2BC3/H4C12/H2BC4/H2AC6/H4C3/H2AZ2/H3C10/H2BC11/H3C3/TAF1C/H2AC8"
"REACTOME_SEMA4D_IN_SEMAPHORIN_SIGNALING","REACTOME_SEMA4D_IN_SEMAPHORIN_SIGNALING",22,-0.30733579263382,-0.641632171654787,0.910931174089069,0.974933075637194,0.93487997502885,2600,"tags=32%, list=15%, signal=27%","MYL6/RAC1/RHOA/ERBB2/LIMK2/MYL9/MYH10"
"REACTOME_DEPOSITION_OF_NEW_CENPA_CONTAINING_NUCLEOSOMES_AT_THE_CENTROMERE","REACTOME_DEPOSITION_OF_NEW_CENPA_CONTAINING_NUCLEOSOMES_AT_THE_CENTROMERE",58,-0.288919862355648,-0.715251085326735,0.913827655310621,0.975518999564311,0.935441827488307,3805,"tags=26%, list=22%, signal=20%","CENPI/CENPP/CENPN/MIS18BP1/RUVBL1/CENPU/CENPC/NPM1/KNL1/HJURP/CENPQ/H2AZ1/ITGB3BP/CENPO/CENPL"
"REACTOME_TELOMERE_C_STRAND_LAGGING_STRAND_SYNTHESIS","REACTOME_TELOMERE_C_STRAND_LAGGING_STRAND_SYNTHESIS",34,-0.290473374924294,-0.66451435043004,0.914,0.975518999564311,0.935441827488307,4588,"tags=32%, list=27%, signal=24%","RFC1/POLA2/BLM/DNA2/PCNA/POLA1/PRIM2/RFC4/PRIM1/POLD3/RFC5"
"REACTOME_ALK_MUTANTS_BIND_TKIS","REACTOME_ALK_MUTANTS_BIND_TKIS",11,-0.321773638907026,-0.597827459542408,0.914110429447853,0.975518999564311,0.935441827488307,2256,"tags=27%, list=13%, signal=24%","EML4/NPM1/BCL11A"
"REACTOME_DNA_DAMAGE_TELOMERE_STRESS_INDUCED_SENESCENCE","REACTOME_DNA_DAMAGE_TELOMERE_STRESS_INDUCED_SENESCENCE",63,0.29195996211159,0.687970882872227,0.92,0.978049713193117,0.937868572003623,4698,"tags=38%, list=28%, signal=28%","CDKN1B/H2BC14/UBN1/CDKN1A/H4C2/H4-16/H4C8/H4C1/H2BC3/TINF2/H1-2/H4C12/H2BC4/H2AC6/H4C3/ATM/H2AZ2/TERF2IP/TERF2/H2BC11/H2AC8/TERF1/CCNA1/H1-3"
"REACTOME_CRISTAE_FORMATION","REACTOME_CRISTAE_FORMATION",31,-0.293629252069489,-0.661714935780127,0.91897233201581,0.978049713193117,0.937868572003623,4190,"tags=29%, list=25%, signal=22%","ATP5MC2/ATP5MC3/APOOL/MT-ATP6/HSPA9/CHCHD3/ATP5F1C/ATP5F1B/MTX1"
"REACTOME_PROCESSING_OF_SMDT1","REACTOME_PROCESSING_OF_SMDT1",16,-0.30752089478607,-0.612846111184758,0.919254658385093,0.978049713193117,0.937868572003623,5536,"tags=50%, list=33%, signal=34%","MAIP1/PMPCA/STOML2/MCUB/AFG3L2/PHB/YME1L1/MCU"
"REACTOME_IRAK4_DEFICIENCY_TLR2_4","REACTOME_IRAK4_DEFICIENCY_TLR2_4",10,0.320268177318167,0.578138898041115,0.919449901768173,0.978049713193117,0.937868572003623,1993,"tags=30%, list=12%, signal=26%","TLR1/TIRAP/TLR4"
"REACTOME_REGULATION_OF_TP53_ACTIVITY_THROUGH_ACETYLATION","REACTOME_REGULATION_OF_TP53_ACTIVITY_THROUGH_ACETYLATION",30,-0.293270013305452,-0.66045551988938,0.921875,0.978851987597377,0.938637886630199,1658,"tags=13%, list=10%, signal=12%","BRD1/PML/GATAD2A/HDAC2"
"REACTOME_OVARIAN_TUMOR_DOMAIN_PROTEASES","REACTOME_OVARIAN_TUMOR_DOMAIN_PROTEASES",36,0.284251229989412,0.618744865376231,0.923387096774194,0.978851987597377,0.938637886630199,1705,"tags=11%, list=10%, signal=10%","IFIH1/OTUB2/PTEN/RIPK1"
"REACTOME_MAP3K8_TPL2_DEPENDENT_MAPK1_3_ACTIVATION","REACTOME_MAP3K8_TPL2_DEPENDENT_MAPK1_3_ACTIVATION",16,-0.297072430509136,-0.59202378395907,0.923395445134576,0.978851987597377,0.938637886630199,2753,"tags=25%, list=16%, signal=21%","CHUK/MAP3K8/MAP2K1/CUL1"
"REACTOME_APC_C_CDH1_MEDIATED_DEGRADATION_OF_CDC20_AND_OTHER_APC_C_CDH1_TARGETED_PROTEINS_IN_LATE_MITOSIS_EARLY_G1","REACTOME_APC_C_CDH1_MEDIATED_DEGRADATION_OF_CDC20_AND_OTHER_APC_C_CDH1_TARGETED_PROTEINS_IN_LATE_MITOSIS_EARLY_G1",72,0.281517247557339,0.680515013160741,0.927021696252465,0.981760120221659,0.941426544665411,204,"tags=3%, list=1%, signal=3%","PSME2/PSME1"
"REACTOME_EPIGENETIC_REGULATION_OF_GENE_EXPRESSION","REACTOME_EPIGENETIC_REGULATION_OF_GENE_EXPRESSION",124,-0.282853623439726,-0.77038673609935,0.931769722814499,0.983043578529149,0.942657274753907,1934,"tags=12%, list=11%, signal=11%","DDX21/TTF1/TAF1A/UHRF1/H2AZ1/POLR1F/ACTB/H3-3A/GATAD2A/GTF2H3/ARID4B/HDAC2/POLR1E/MTF2/CCNH"
"REACTOME_DEGRADATION_OF_BETA_CATENIN_BY_THE_DESTRUCTION_COMPLEX","REACTOME_DEGRADATION_OF_BETA_CATENIN_BY_THE_DESTRUCTION_COMPLEX",80,0.286249091515137,0.700749245682215,0.931640625,0.983043578529149,0.942657274753907,558,"tags=4%, list=3%, signal=4%","PSME2/PSME1/CTNNB1"
"REACTOME_FORMATION_OF_ATP_BY_CHEMIOSMOTIC_COUPLING","REACTOME_FORMATION_OF_ATP_BY_CHEMIOSMOTIC_COUPLING",18,0.300624227787033,0.603208497578828,0.93,0.983043578529149,0.942657274753907,4699,"tags=56%, list=28%, signal=40%","ATP5PO/ATP5PD/ATP5F1A/ATP5ME/ATP5PF/ATP5MC1/ATP5F1E/ATP5MG/DMAC2L/ATP5F1D"
"REACTOME_TRANSCRIPTION_OF_E2F_TARGETS_UNDER_NEGATIVE_CONTROL_BY_P107_RBL1_AND_P130_RBL2_IN_COMPLEX_WITH_HDAC1","REACTOME_TRANSCRIPTION_OF_E2F_TARGETS_UNDER_NEGATIVE_CONTROL_BY_P107_RBL1_AND_P130_RBL2_IN_COMPLEX_WITH_HDAC1",16,-0.2832004637373,-0.564378895319818,0.93167701863354,0.983043578529149,0.942657274753907,4379,"tags=44%, list=26%, signal=32%","CDK1/LIN54/RBL1/MYBL2/E2F1/LIN9/E2F5"
"REACTOME_APC_C_MEDIATED_DEGRADATION_OF_CELL_CYCLE_PROTEINS","REACTOME_APC_C_MEDIATED_DEGRADATION_OF_CELL_CYCLE_PROTEINS",86,-0.280141843640861,-0.719422753703964,0.936034115138593,0.986414228036145,0.945889448126292,3303,"tags=31%, list=19%, signal=25%","CDK1/PSMA6/PSMD9/UBE2S/ANAPC5/CDC14A/AURKB/PSMA7/FBXO5/BUB1B/UBE2D1/MAD2L1/PSMC6/AURKA/UBE2E1/PSMD5/CDC23/BUB3/ANAPC1/PSMD12/PSMB7/CUL1/PLK1/CDK2/PSMD2/CDC20/ANAPC7"
"REACTOME_DDX58_IFIH1_MEDIATED_INDUCTION_OF_INTERFERON_ALPHA_BETA","REACTOME_DDX58_IFIH1_MEDIATED_INDUCTION_OF_INTERFERON_ALPHA_BETA",65,-0.283423991656259,-0.707303724068097,0.937625754527163,0.986414228036145,0.945889448126292,2824,"tags=25%, list=17%, signal=21%","NFKBIA/TRAF2/UBE2D2/TBK1/HERC5/TNFAIP3/NLRC5/TRIM25/CYLD/DDX58/CASP10/UBE2D3/NKIRAS1/HSP90AB1/PCBP2/RNF125"
"REACTOME_SYNTHESIS_OF_PIPS_AT_THE_PLASMA_MEMBRANE","REACTOME_SYNTHESIS_OF_PIPS_AT_THE_PLASMA_MEMBRANE",46,-0.280569489457556,-0.671134999225813,0.936758893280632,0.986414228036145,0.945889448126292,2619,"tags=17%, list=15%, signal=15%","PIP4K2A/SBF2/PTPN13/INPP4A/PI4K2B/ARF1/MTMR1/PIP5K1A"
"REACTOME_THE_CANONICAL_RETINOID_CYCLE_IN_RODS_TWILIGHT_VISION","REACTOME_THE_CANONICAL_RETINOID_CYCLE_IN_RODS_TWILIGHT_VISION",11,0.285231028143129,0.52828296667171,0.939571150097466,0.98752657741813,0.946956098944118,5985,"tags=55%, list=35%, signal=35%","MYO7A/RDH10/NAPEPLD/RLBP1/RDH5/CYP4V2"
"REACTOME_ANTIGEN_PROCESSING_UBIQUITINATION_PROTEASOME_DEGRADATION","REACTOME_ANTIGEN_PROCESSING_UBIQUITINATION_PROTEASOME_DEGRADATION",281,-0.273290867355463,-0.812129041517899,0.942477876106195,0.987780771187642,0.947199849690536,3465,"tags=24%, list=20%, signal=20%","UBE2G1/RNF217/HECW2/UBE3A/RNF126/SPSB1/ASB6/CUL3/SPSB4/UBE2D1/HERC1/RNF4/FBXW2/UBE2Q1/UBA5/KCTD6/PSMC6/RNF114/TRIM32/KLHL20/UBE2R2/UBE2E1/RBBP6/UBE2Q2/UBE2D2/UBE2B/BTBD6/UBE2A/HERC5/RNF25/PSMD5/CDC23/UBE2E2/FBXW7/ANAPC1/PSMD12/PSMB7/UBE2F/THOP1/UBA6/PJA1/FBXO41/RNF220/FBXO30/RNF138/RNF115/CUL1/UBE2L3/UBE2J1/UBE2D3/DTX3L/UBR4/NEDD4/DCAF1/KLHL21/LRR1/UBE2N/SIAH2/PSMD2/CDC20/LONRF1/RNF41/SMURF2/TRIM11/KBTBD8/KLHL13/ANAPC7/TRIM36"
"REACTOME_RUNX1_REGULATES_TRANSCRIPTION_OF_GENES_INVOLVED_IN_DIFFERENTIATION_OF_HSCS","REACTOME_RUNX1_REGULATES_TRANSCRIPTION_OF_GENES_INVOLVED_IN_DIFFERENTIATION_OF_HSCS",100,0.284834768181403,0.715461823858796,0.942271880819367,0.987780771187642,0.947199849690536,3833,"tags=26%, list=23%, signal=20%","PSME2/PSME1/LDB1/H2BC14/H4C2/H4-16/PSMC5/H4C8/PSMB6/H4C1/PSMC4/PSMD8/H2BC3/H4C12/H2BC4/PSMB10/ABL1/H2AC6/GATA3/H4C3/UBA52/PSMB9/PSMD3/H2AZ2/YAP1/H3C10"
"REACTOME_DISEASES_ASSOCIATED_WITH_N_GLYCOSYLATION_OF_PROTEINS","REACTOME_DISEASES_ASSOCIATED_WITH_N_GLYCOSYLATION_OF_PROTEINS",17,0.297804526815166,0.593386376536571,0.940711462450593,0.987780771187642,0.947199849690536,2072,"tags=12%, list=12%, signal=10%","ALG12/MOGS"
"REACTOME_P75_NTR_RECEPTOR_MEDIATED_SIGNALLING","REACTOME_P75_NTR_RECEPTOR_MEDIATED_SIGNALLING",82,-0.278047397307318,-0.714105266833768,0.943396226415094,0.987812244607895,0.947230030090683,2824,"tags=23%, list=17%, signal=19%","NFKBIA/PRKCI/RAC1/ARHGDIA/PSEN2/PRDM4/RHOA/ARHGEF2/ECT2/KALRN/APH1A/ITGB3BP/TRIO/RTN4R/MCF2L/HDAC2/CASP2/ARHGEF26/NET1"
"REACTOME_HEDGEHOG_ON_STATE","REACTOME_HEDGEHOG_ON_STATE",82,0.27877314359614,0.683904614101331,0.944761904761905,0.987972990666442,0.947384172231263,1603,"tags=11%, list=9%, signal=10%","PSME2/PSME1/SUFU/ARRB1/ULK3/GAS8/IQCE/EVC/CDON"
"REACTOME_G1_S_DNA_DAMAGE_CHECKPOINTS","REACTOME_G1_S_DNA_DAMAGE_CHECKPOINTS",66,0.280416482400759,0.664834561264581,0.946,0.987972990666442,0.947384172231263,618,"tags=5%, list=4%, signal=4%","PSME2/PSME1/CDKN1B"
"REACTOME_TRANSPORT_OF_VITAMINS_NUCLEOSIDES_AND_RELATED_MOLECULES","REACTOME_TRANSPORT_OF_VITAMINS_NUCLEOSIDES_AND_RELATED_MOLECULES",27,0.287103795198703,0.606611349929303,0.946215139442231,0.987972990666442,0.947384172231263,1826,"tags=19%, list=11%, signal=17%","SLC27A1/SLC35B2/ARL2/SLCO3A1/SLC35A2"
"REACTOME_TNFR1_INDUCED_NFKAPPAB_SIGNALING_PATHWAY","REACTOME_TNFR1_INDUCED_NFKAPPAB_SIGNALING_PATHWAY",29,0.281995660310654,0.595606667707001,0.949186991869919,0.990146280449671,0.949468176917377,3416,"tags=31%, list=20%, signal=25%","TRAF1/TNFRSF1A/IKBKB/RIPK1/SHARPIN/TRADD/IKBKG/RNF31/UBA52"
"REACTOME_CHROMOSOME_MAINTENANCE","REACTOME_CHROMOSOME_MAINTENANCE",124,-0.27836063359348,-0.75814952400044,0.950959488272921,0.991065558537477,0.950349688374162,3617,"tags=23%, list=21%, signal=18%","PRIM2/CENPP/RFC4/CENPN/PPP6C/MIS18BP1/PRIM1/GAR1/H3-3B/RUVBL1/POLR2B/POLR2F/CENPU/CENPC/DKC1/POLD3/NPM1/KNL1/HJURP/CENPQ/H2AZ1/ITGB3BP/CENPO/CENPL/CDK2/TERT/H3-3A/RFC5"
"REACTOME_RNA_POLYMERASE_I_TRANSCRIPTION","REACTOME_RNA_POLYMERASE_I_TRANSCRIPTION",88,-0.274351492572913,-0.709459536695466,0.953389830508475,0.992668063226052,0.951886357485792,1840,"tags=11%, list=11%, signal=10%","TTF1/TAF1A/H2AZ1/POLR1F/H3-3A/GATAD2A/GTF2H3/HDAC2/POLR1E/CCNH"
"REACTOME_ORGANELLE_BIOGENESIS_AND_MAINTENANCE","REACTOME_ORGANELLE_BIOGENESIS_AND_MAINTENANCE",275,-0.263698879621469,-0.787857687637349,0.965065502183406,0.992853479731849,0.952064156539533,3151,"tags=22%, list=19%, signal=18%","RPGRIP1L/DCTN2/CEP162/CCT4/CEP152/DYNC1H1/ODF2/CEP250/CRTC2/CEP83/CREB1/MEF2D/KIFAP3/TCTN1/DYNLL2/PRKAB2/MKKS/TFB1M/DYNLRB1/IQCB1/SOD2/CHCHD3/CEP78/TUBB6/CETN2/MAPRE1/CRTC3/BBS5/ATP5F1C/TUBA8/TNPO1/CEP290/CEP41/CALM1/PLK4/TCP1/ATP5F1B/PRKAG2/HAUS8/PLK1/PPARGC1A/HAUS6/CKAP5/CCT5/SDCCAG8/CCT3/DYNC2H1/MAPK14/RAB3IP/MTX1/ALMS1/YWHAG/CCT2/TUBA1C/HAUS2/CEP43/GABPB1/TUBA1B/TUBB4B/PRKAA2"
"REACTOME_NUCLEOTIDE_EXCISION_REPAIR","REACTOME_NUCLEOTIDE_EXCISION_REPAIR",110,-0.272637546269014,-0.733518585142203,0.959915611814346,0.992853479731849,0.952064156539533,2908,"tags=17%, list=17%, signal=14%","POLR2B/SUMO1/POLR2F/CDK7/ACTR8/POLD3/CHD1L/LIG3/CETN2/PARP1/UBE2I/RAD23B/ACTB/UBE2N/RFC5/GTF2H3/INO80C/CCNH/POLE3"
"REACTOME_UB_SPECIFIC_PROCESSING_PROTEASES","REACTOME_UB_SPECIFIC_PROCESSING_PROTEASES",180,0.27199495749583,0.729742350343701,0.965183752417795,0.992853479731849,0.952064156539533,1311,"tags=9%, list=8%, signal=8%","SMAD3/PSME2/PSME1/IFIH1/TGFBR1/DDB2/USP5/ARRB1/SMAD2/POLB/PTEN/KAT2A/FOXO4/RNF123/H2BC14/BECN1"
"REACTOME_DEATH_RECEPTOR_SIGNALLING","REACTOME_DEATH_RECEPTOR_SIGNALLING",121,-0.262488515932034,-0.716008373886966,0.961783439490446,0.992853479731849,0.952064156539533,2824,"tags=23%, list=17%, signal=19%","NFKBIA/TRAF2/PRKCI/MAP3K7/RAC1/ARHGDIA/BIRC2/PSEN2/TNFAIP3/PRDM4/CYLD/XIAP/CASP10/RHOA/CFLAR/ARHGEF2/ECT2/KALRN/APH1A/ITGB3BP/TRIO/RTN4R/BIRC3/MCF2L/HDAC2/CASP2/ARHGEF26/NET1"
"REACTOME_SWITCHING_OF_ORIGINS_TO_A_POST_REPLICATIVE_STATE","REACTOME_SWITCHING_OF_ORIGINS_TO_A_POST_REPLICATIVE_STATE",89,-0.267417479610189,-0.692906745590523,0.957446808510638,0.992853479731849,0.952064156539533,3076,"tags=29%, list=18%, signal=24%","PSMA6/PSMD9/ORC2/RBX1/MCM8/UBE2S/ANAPC5/PSMA7/ORC5/UBE2D1/PSMC6/MCM5/UBE2E1/CDC6/PSMD5/CDC23/ORC4/ANAPC1/PSMD12/PSMB7/ORC6/CUL1/CDK2/ORC1/PSMD2/ANAPC7"
"REACTOME_POSITIVE_EPIGENETIC_REGULATION_OF_RRNA_EXPRESSION","REACTOME_POSITIVE_EPIGENETIC_REGULATION_OF_RRNA_EXPRESSION",83,0.26808924858006,0.659843884269029,0.965973534971645,0.992853479731849,0.952064156539533,2850,"tags=22%, list=17%, signal=18%","ERCC6/KAT2B/KAT2A/CHD3/H2BC14/HDAC1/H4C2/H4-16/POLR2H/RBBP4/POLR2L/H4C8/H4C1/H2BC3/MTA3/H4C12/POLR1C/H2BC4"
"REACTOME_ASSEMBLY_OF_THE_ORC_COMPLEX_AT_THE_ORIGIN_OF_REPLICATION","REACTOME_ASSEMBLY_OF_THE_ORC_COMPLEX_AT_THE_ORIGIN_OF_REPLICATION",46,-0.255027154358851,-0.610036570170547,0.964426877470356,0.992853479731849,0.952064156539533,2164,"tags=17%, list=13%, signal=15%","ORC5/KPNA6/H3-3B/ORC4/ORC6/H2AZ1/H3-3A/ORC1"
"REACTOME_ABORTIVE_ELONGATION_OF_HIV_1_TRANSCRIPT_IN_THE_ABSENCE_OF_TAT","REACTOME_ABORTIVE_ELONGATION_OF_HIV_1_TRANSCRIPT_IN_THE_ABSENCE_OF_TAT",23,-0.272823418557126,-0.579802648623195,0.960159362549801,0.992853479731849,0.952064156539533,2908,"tags=13%, list=17%, signal=11%","POLR2B/POLR2F/NCBP1"
"REACTOME_PRC2_METHYLATES_HISTONES_AND_DNA","REACTOME_PRC2_METHYLATES_HISTONES_AND_DNA",50,0.252924182340688,0.574368820749914,0.966067864271457,0.992853479731849,0.952064156539533,4322,"tags=36%, list=26%, signal=27%","H2BC14/DNMT3A/H4C2/H4-16/RBBP4/H4C8/PHF1/H4C1/H2BC3/H4C12/H2BC4/H2AC6/H4C3/H2AZ2/H3C10/H2BC11/H3C3/H2AC8"
"REACTOME_TNFR1_INDUCED_PROAPOPTOTIC_SIGNALING","REACTOME_TNFR1_INDUCED_PROAPOPTOTIC_SIGNALING",12,-0.295753833575359,-0.555444190160641,0.961538461538462,0.992853479731849,0.952064156539533,4336,"tags=58%, list=26%, signal=43%","OTUD7B/USP4/CASP8/USP21/TRAF2/TNFAIP3/CYLD"
"REACTOME_REGULATION_OF_IFNA_SIGNALING","REACTOME_REGULATION_OF_IFNA_SIGNALING",11,-0.294104444140248,-0.546420500068681,0.959100204498977,0.992853479731849,0.952064156539533,3723,"tags=27%, list=22%, signal=21%","PTPN1/JAK1/PTPN11"
"REACTOME_DISEASES_ASSOCIATED_WITH_GLYCOSYLATION_PRECURSOR_BIOSYNTHESIS","REACTOME_DISEASES_ASSOCIATED_WITH_GLYCOSYLATION_PRECURSOR_BIOSYNTHESIS",18,0.268694683947855,0.539141232244338,0.964,0.992853479731849,0.952064156539533,2033,"tags=17%, list=12%, signal=15%","GALE/SRD5A3/GALK1"
"REACTOME_RETROGRADE_NEUROTROPHIN_SIGNALLING","REACTOME_RETROGRADE_NEUROTROPHIN_SIGNALLING",12,0.282493683757188,0.528215998418356,0.956692913385827,0.992853479731849,0.952064156539533,3787,"tags=42%, list=22%, signal=32%","AP2S1/AP2M1/AP2B1/DNAL4/CLTC"
"REACTOME_MISMATCH_REPAIR","REACTOME_MISMATCH_REPAIR",15,0.268348848283562,0.523671835491095,0.960861056751468,0.992853479731849,0.952064156539533,1877,"tags=13%, list=11%, signal=12%","PMS2/POLD4"
"REACTOME_DNA_REPLICATION_PRE_INITIATION","REACTOME_DNA_REPLICATION_PRE_INITIATION",122,-0.263349888076101,-0.716751119684043,0.968085106382979,0.994007976267657,0.953171222982901,3617,"tags=20%, list=21%, signal=16%","PRIM2/GMNN/E2F1/ORC5/KPNA6/PRIM1/H3-3B/PSMC6/E2F3/MCM5/CDC6/PSMD5/ORC4/PSMD12/PSMB7/ORC6/DBF4/H2AZ1/CDK2/H3-3A/ORC1/PSMD2/CDC45/POLE3/MCM10"
"REACTOME_PEROXISOMAL_PROTEIN_IMPORT","REACTOME_PEROXISOMAL_PROTEIN_IMPORT",54,-0.263010456082223,-0.645310365624026,0.969818913480885,0.994442670073459,0.953588058296492,3485,"tags=24%, list=21%, signal=19%","IDH1/SCP2/UBE2D1/PEX26/PEX1/PHYH/UBE2D2/IDE/UBE2D3/EHHADH/GNPAT/NUDT19/DDO"
"REACTOME_ANTIGEN_ACTIVATES_B_CELL_RECEPTOR_BCR_LEADING_TO_GENERATION_OF_SECOND_MESSENGERS","REACTOME_ANTIGEN_ACTIVATES_B_CELL_RECEPTOR_BCR_LEADING_TO_GENERATION_OF_SECOND_MESSENGERS",19,-0.259243322581385,-0.538013403899414,0.97029702970297,0.994442670073459,0.953588058296492,2275,"tags=26%, list=13%, signal=23%","FYN/ORAI1/LYN/CD22/CALM1"
"REACTOME_TRANSCRIPTION_COUPLED_NUCLEOTIDE_EXCISION_REPAIR_TC_NER","REACTOME_TRANSCRIPTION_COUPLED_NUCLEOTIDE_EXCISION_REPAIR_TC_NER",78,-0.257806919965579,-0.662131584017317,0.971252566735113,0.994505390616433,0.953648202096219,689,"tags=23%, list=4%, signal=22%","PCNA/POLE/RBX1/COPS2/COPS3/ERCC2/COPS6/GTF2H2/RFC4/POLR2B/POLR2F/CDK7/POLD3/LIG3/RFC5/GTF2H3/CCNH/POLE3"
"REACTOME_TRANS_GOLGI_NETWORK_VESICLE_BUDDING","REACTOME_TRANS_GOLGI_NETWORK_VESICLE_BUDDING",68,0.253679576032427,0.606038715210768,0.976653696498054,0.994507479945075,0.953650205589134,2032,"tags=12%, list=12%, signal=10%","APP/DNASE2/VAMP2/ARRB1/CHMP2A/DNAJC6/STX4/FTL"
"REACTOME_REGULATION_OF_TP53_EXPRESSION_AND_DEGRADATION","REACTOME_REGULATION_OF_TP53_EXPRESSION_AND_DEGRADATION",36,-0.255209592037981,-0.59003096619186,0.976284584980237,0.994507479945075,0.953650205589134,3509,"tags=22%, list=21%, signal=18%","PRDM1/MDM4/PPP2R1B/PPP2CA/MAPKAP1/RICTOR/PHF20/CDK2"
"REACTOME_TRANSLESION_SYNTHESIS_BY_POLH","REACTOME_TRANSLESION_SYNTHESIS_BY_POLH",19,0.26146452650062,0.527746173535748,0.973843058350101,0.994507479945075,0.953650205589134,602,"tags=5%, list=4%, signal=5%","POLH"
"REACTOME_LATE_ENDOSOMAL_MICROAUTOPHAGY","REACTOME_LATE_ENDOSOMAL_MICROAUTOPHAGY",29,0.249378388497772,0.52671530763159,0.979674796747967,0.994507479945075,0.953650205589134,4448,"tags=41%, list=26%, signal=31%","CHMP2A/MVB12B/CHMP4A/VPS37B/MVB12A/CHMP3/HDAC6/UBA52/VPS28/PARK7/CHMP6/CHMP7"
"REACTOME_FCERI_MEDIATED_MAPK_ACTIVATION","REACTOME_FCERI_MEDIATED_MAPK_ACTIVATION",26,0.247629128834902,0.523638720393992,0.978217821782178,0.994507479945075,0.953650205589134,2813,"tags=15%, list=17%, signal=13%","FOS/PLCG2/GRAP2/PAK1"
"REACTOME_CLASS_I_PEROXISOMAL_MEMBRANE_PROTEIN_IMPORT","REACTOME_CLASS_I_PEROXISOMAL_MEMBRANE_PROTEIN_IMPORT",19,-0.244221595379995,-0.506838481037008,0.98019801980198,0.994507479945075,0.953650205589134,537,"tags=32%, list=3%, signal=31%","PEX11B/PEX3/ACBD5/ABCD3/PEX26/PEX19"
"REACTOME_JOSEPHIN_DOMAIN_DUBS","REACTOME_JOSEPHIN_DOMAIN_DUBS",10,-0.273473861823482,-0.498599560601027,0.973630831643002,0.994507479945075,0.953650205589134,1262,"tags=20%, list=7%, signal=19%","JOSD1/RAD23B"
"REACTOME_TP53_REGULATES_TRANSCRIPTION_OF_GENES_INVOLVED_IN_G2_CELL_CYCLE_ARREST","REACTOME_TP53_REGULATES_TRANSCRIPTION_OF_GENES_INVOLVED_IN_G2_CELL_CYCLE_ARREST",18,-0.240410410935384,-0.491822279412623,0.9800796812749,0.994507479945075,0.953650205589134,4610,"tags=33%, list=27%, signal=24%","ZNF385A/CDK1/PCNA/RBL1/CARM1/AURKA"
"REACTOME_NRIF_SIGNALS_CELL_DEATH_FROM_THE_NUCLEUS","REACTOME_NRIF_SIGNALS_CELL_DEATH_FROM_THE_NUCLEUS",15,0.251343374351741,0.49048634651198,0.974559686888454,0.994507479945075,0.953650205589134,3786,"tags=33%, list=22%, signal=26%","NGFR/PSEN1/APH1B/UBA52/PSENEN"
"REACTOME_ELEVATION_OF_CYTOSOLIC_CA2_LEVELS","REACTOME_ELEVATION_OF_CYTOSOLIC_CA2_LEVELS",10,0.265447221304585,0.479177685707594,0.978388998035363,0.994507479945075,0.953650205589134,2873,"tags=30%, list=17%, signal=25%","P2RX6/ITPR2/P2RX4"
"REACTOME_ACTIVATION_OF_IRF3_IRF7_MEDIATED_BY_TBK1_IKK_EPSILON","REACTOME_ACTIVATION_OF_IRF3_IRF7_MEDIATED_BY_TBK1_IKK_EPSILON",17,0.245482116313013,0.489132066128451,0.982213438735178,0.994843276398238,0.953972206542423,3416,"tags=24%, list=20%, signal=19%","IRF3/TLR4/CD14/UBA52"
"REACTOME_MET_ACTIVATES_RAS_SIGNALING","REACTOME_MET_ACTIVATES_RAS_SIGNALING",10,0.254958690720641,0.460244092102859,0.982318271119843,0.994843276398238,0.953972206542423,3068,"tags=20%, list=18%, signal=16%","RANBP10/RANBP9"
"REACTOME_RESPIRATORY_ELECTRON_TRANSPORT","REACTOME_RESPIRATORY_ELECTRON_TRANSPORT",103,0.255563243330367,0.646345838304728,0.990706319702602,0.999602030343441,0.958535456965075,4119,"tags=26%, list=24%, signal=20%","ETFB/NDUFB10/TIMMDC1/COX20/NDUFA13/NDUFA1/UQCR11/NDUFA2/COQ10A/ACAD9/ECSIT/NDUFB11/SURF1/NDUFA3/NDUFV3/COX16/NDUFB1/NDUFC2/COX4I1/COX5B/NDUFB9/COX8A/CYC1/COX6B1/COX6C/NDUFS8/NDUFC1"
"REACTOME_REPRODUCTION","REACTOME_REPRODUCTION",95,-0.244030588382275,-0.637757779283116,0.991525423728814,0.999602030343441,0.958535456965075,3305,"tags=15%, list=19%, signal=12%","MRE11/H3-3B/DIDO1/TEX15/ATR/RAD50/CD9/PSMC3IP/H2AZ1/HSPA2/UBE2I/CDK2/CDK4/H3-3A"
"REACTOME_MEIOSIS","REACTOME_MEIOSIS",85,-0.237868376443113,-0.609835890535278,0.99364406779661,0.999602030343441,0.958535456965075,3305,"tags=15%, list=19%, signal=12%","MRE11/H3-3B/DIDO1/TEX15/ATR/RAD50/PSMC3IP/H2AZ1/HSPA2/UBE2I/CDK2/CDK4/H3-3A"
"REACTOME_MEIOTIC_RECOMBINATION","REACTOME_MEIOTIC_RECOMBINATION",60,-0.241322956254461,-0.598907299533347,0.98991935483871,0.999602030343441,0.958535456965075,1482,"tags=27%, list=9%, signal=24%","MSH4/MND1/BLM/RBBP8/RAD51/RAD51C/MLH3/MRE11/H3-3B/TEX15/RAD50/PSMC3IP/H2AZ1/CDK2/CDK4/H3-3A"
"REACTOME_SUMOYLATION_OF_TRANSCRIPTION_COFACTORS","REACTOME_SUMOYLATION_OF_TRANSCRIPTION_COFACTORS",43,0.239452252847918,0.533011272518283,0.98989898989899,0.999602030343441,0.958535456965075,3900,"tags=33%, list=23%, signal=25%","DAXX/NCOA1/PCGF2/PHC1/SCMH1/CBX8/RING1/HIPK2/SUMO3/SIN3A/CREBBP/NCOA2/NRIP1/PARK7"
"REACTOME_COMPLEX_I_BIOGENESIS","REACTOME_COMPLEX_I_BIOGENESIS",57,0.226203192687986,0.525919023453506,0.994,0.999602030343441,0.958535456965075,3180,"tags=21%, list=19%, signal=17%","NDUFB10/TIMMDC1/NDUFA13/NDUFA1/NDUFA2/ACAD9/ECSIT/NDUFB11/NDUFA3/NDUFV3/NDUFB1/NDUFC2"
"REACTOME_APOPTOSIS_INDUCED_DNA_FRAGMENTATION","REACTOME_APOPTOSIS_INDUCED_DNA_FRAGMENTATION",12,-0.251623192207437,-0.472564086597658,0.993927125506073,0.999602030343441,0.958535456965075,4087,"tags=33%, list=24%, signal=25%","CASP3/DFFA/DFFB/HMGB2"
"REACTOME_TELOMERE_C_STRAND_SYNTHESIS_INITIATION","REACTOME_TELOMERE_C_STRAND_SYNTHESIS_INITIATION",13,0.192371280113368,0.370563104079729,0.994208494208494,0.999602030343441,0.958535456965075,13691,"tags=100%, list=81%, signal=19%","TINF2/TERF2IP/TERF2/TERF1/STN1/CTC1/TEN1/ACD/POT1/POLA2/POLA1/PRIM2/PRIM1"
"REACTOME_EUKARYOTIC_TRANSLATION_INITIATION","REACTOME_EUKARYOTIC_TRANSLATION_INITIATION",116,-0.224088500552678,-0.604490480177839,1,1,0.958917076864824,2863,"tags=12%, list=17%, signal=10%","EIF2B1/RPL6/EIF2S1/EIF2S2/EIF1AX/EIF2B3/EIF4B/EIF5B/EIF3A/EIF3J/EIF3M/RPLP0/EIF4A2/EIF3D"
"REACTOME_NONSENSE_MEDIATED_DECAY_NMD","REACTOME_NONSENSE_MEDIATED_DECAY_NMD",112,-0.206008798263396,-0.55419363657448,1,1,0.958917076864824,1122,"tags=16%, list=7%, signal=15%","PPP2R2A/EIF4A3/RPS6/UPF1/SMG8/SMG1/SMG5/UPF2/ETF1/SMG6/RPL6/PPP2CA/RBM8A/NCBP1/GSPT1/RPLP0/SMG7/MAGOH"
"REACTOME_BASE_EXCISION_REPAIR","REACTOME_BASE_EXCISION_REPAIR",75,-0.206941261293051,-0.526208669771499,0.99792531120332,1,0.958917076864824,3454,"tags=16%, list=20%, signal=13%","RFC4/OGG1/PARP2/APEX1/MBD4/POLD3/LIG3/UNG/PARP1/H2AZ1/RFC5/POLE3"
"REACTOME_TELOMERE_MAINTENANCE","REACTOME_TELOMERE_MAINTENANCE",97,0.190666883444896,0.47581396370375,1,1,0.958917076864824,4568,"tags=30%, list=27%, signal=22%","DAXX/ANKRD28/H2BC14/H4C2/H4-16/POLR2H/POLD4/POLR2L/H4C8/WRN/H4C1/H2BC3/TINF2/H4C12/H2BC4/H2AC6/H4C3/NHP2/H2AZ2/POLR2I/TERF2IP/TERF2/RFC2/H2BC11/H2AC8/POLD1/POLR2G/TERF1/CCNA1"
"REACTOME_TRAF6_MEDIATED_INDUCTION_OF_TAK1_COMPLEX_WITHIN_TLR4_COMPLEX","REACTOME_TRAF6_MEDIATED_INDUCTION_OF_TAK1_COMPLEX_WITHIN_TLR4_COMPLEX",16,-0.211775933432407,-0.422039801025096,0.997929606625259,1,0.958917076864824,4514,"tags=31%, list=27%, signal=23%","LY96/TRAF6/TAB1/IRAK2/MAP3K7"
"REACTOME_INTERLEUKIN_RECEPTOR_SHC_SIGNALING","REACTOME_INTERLEUKIN_RECEPTOR_SHC_SIGNALING",15,-0.185620752912065,-0.365807896702438,1,1,0.958917076864824,2563,"tags=33%, list=15%, signal=28%","INPP5D/SHC1/PIK3CA/JAK1/GAB2"
