"ID","Description","setSize","enrichmentScore","NES","pvalue","p.adjust","qvalue","rank","leading_edge","core_enrichment"
"GOCC_COPII_COATED_ER_TO_GOLGI_TRANSPORT_VESICLE","GOCC_COPII_COATED_ER_TO_GOLGI_TRANSPORT_VESICLE",83,0.929958946441353,2.2798995890577,2.85617571803027e-14,1.64801338930347e-11,1.53331538546888e-11,294,"tags=22%, list=2%, signal=21%","HLA-DRA/HLA-DPB1/HLA-DPA1/HLA-DQB1/HLA-DRB1/HLA-DQA1/HLA-DRB5/CD74/TGFA/HLA-E/HLA-B/HLA-F/HLA-DQB2/HLA-C/CNIH2/SEC24C/HLA-A/APP"
"GOCC_PLASMA_MEMBRANE_PROTEIN_COMPLEX","GOCC_PLASMA_MEMBRANE_PROTEIN_COMPLEX",316,0.758448533387464,2.15034200409645,2.76809500495628e-13,7.98595408929887e-11,7.43014975014581e-11,819,"tags=18%, list=5%, signal=18%","HLA-DRA/HLA-DPB1/HLA-DPA1/HLA-DQB1/HLA-DRB1/HLA-DQA1/HLA-DRB5/CD74/HLA-DMB/HLA-DMA/HLA-E/KCND1/HLA-B/ITGB5/HLA-F/HLA-DQB2/ERBB3/CACNG7/HLA-C/HLA-DOA/SNTB1/IGF1R/CNIH2/CTNND1/DAG1/ACVR1/PDE4D/ITGB8/SLC6A6/GNG2/HLA-A/SORBS1/CTNNA2/ABCB6/GRIK2/SLC7A5/ITGA1/TGFBR1/KCNIP3/LRP6/HCN1/INSR/GNAO1/GRIN2A/HLA-DOB/CTNNB1/IL10RB/FLOT2/KCNN4/TRAF4/IL6/ACVR1C/OLFM2/SLC3A2/TRAF1/KCNAB3/CACNG8/CDH19"
"GOCC_ER_TO_GOLGI_TRANSPORT_VESICLE_MEMBRANE","GOCC_ER_TO_GOLGI_TRANSPORT_VESICLE_MEMBRANE",54,0.953201725486081,2.20967229468528,4.2962005226552e-13,8.26302567190684e-11,7.687937777383e-11,282,"tags=31%, list=2%, signal=31%","HLA-DRA/HLA-DPB1/HLA-DPA1/HLA-DQB1/HLA-DRB1/HLA-DQA1/HLA-DRB5/CD74/TGFA/HLA-E/HLA-B/HLA-F/HLA-DQB2/HLA-C/CNIH2/SEC24C/HLA-A"
"GOCC_COATED_VESICLE_MEMBRANE","GOCC_COATED_VESICLE_MEMBRANE",139,0.849720458343348,2.23684668822552,9.92889776250029e-12,1.43224350224067e-09,1.33256259444083e-09,282,"tags=13%, list=2%, signal=13%","HLA-DRA/HLA-DPB1/HLA-DPA1/HLA-DQB1/HLA-DRB1/HLA-DQA1/HLA-DRB5/CD74/TGFA/HLA-E/WNT5A/HLA-B/HLA-F/HLA-DQB2/HLA-C/CNIH2/SEC24C/HLA-A"
"GOCC_LUMENAL_SIDE_OF_MEMBRANE","GOCC_LUMENAL_SIDE_OF_MEMBRANE",29,0.970836376633933,2.09667366183663,1.38588948295157e-11,1.59931646332611e-09,1.48800765537958e-09,282,"tags=52%, list=2%, signal=51%","HLA-DRA/HLA-DPB1/HLA-DPA1/HLA-DQB1/HLA-DRB1/HLA-DQA1/HLA-DRB5/CD74/HLA-E/HLA-B/HLA-F/HLA-DQB2/HLA-C/CALR/HLA-A"
"GOCC_TRANS_GOLGI_NETWORK_MEMBRANE","GOCC_TRANS_GOLGI_NETWORK_MEMBRANE",84,0.901175625309009,2.2093604574079,2.8018481872371e-11,2.40563110451973e-09,2.23820462155444e-09,150,"tags=13%, list=1%, signal=13%","HLA-DRA/HLA-DPB1/HLA-DPA1/HLA-DQB1/HLA-DRB1/HLA-DQA1/HLA-DRB5/CD74/HLA-DQB2/HTR7/ATP7A"
"GOCC_VACUOLAR_MEMBRANE","GOCC_VACUOLAR_MEMBRANE",390,0.710905296440962,2.05947065365104,2.91844328104647e-11,2.40563110451973e-09,2.23820462155444e-09,1046,"tags=13%, list=6%, signal=13%","HLA-DRA/HLA-DPB1/HLA-DPA1/HLA-DQB1/HLA-DRB1/HLA-DQA1/HLA-DRB5/MFSD12/CD74/HLA-DMB/HLA-DMA/ATP6V0A4/HLA-F/HLA-DQB2/SYNGR1/HLA-DOA/SLC44A2/HGSNAT/LITAF/ATP6V0A1/ABCB6/TPCN2/AP5B1/SLC7A5/GAA/FPR1/COL6A1/IFITM3/ABCA5/WDR41/SLC30A4/HLA-DOB/RAB3D/GABARAPL1/CLCN3/PIP4P2/CLN5/LAMTOR4/LNPEP/SLC3A2/TM9SF1/PLD3/SIDT2/TMEM59/ARRB1/GPR137/ATP6V1A/PLEKHF1/VPS39/RRAGB/WIPI1"
"GOCC_LUMENAL_SIDE_OF_ENDOPLASMIC_RETICULUM_MEMBRANE","GOCC_LUMENAL_SIDE_OF_ENDOPLASMIC_RETICULUM_MEMBRANE",24,0.974345680064711,2.04721303591723,1.3694343183868e-10,9.8770450213648e-09,9.18962503127985e-09,282,"tags=62%, list=2%, signal=62%","HLA-DRA/HLA-DPB1/HLA-DPA1/HLA-DQB1/HLA-DRB1/HLA-DQA1/HLA-DRB5/CD74/HLA-E/HLA-B/HLA-F/HLA-DQB2/HLA-C/CALR/HLA-A"
"GOCC_ENDOSOME_MEMBRANE","GOCC_ENDOSOME_MEMBRANE",448,0.681161826772064,1.99198184320457,2.10765628606752e-10,1.35124186340107e-08,1.25719848642624e-08,729,"tags=10%, list=4%, signal=10%","HLA-DRA/HLA-DPB1/HLA-DPA1/HLA-DQB1/HLA-DRB1/HLA-DQA1/HLA-DRB5/HLA-DMB/HLA-DMA/HLA-E/HLA-B/ATP6V0A4/HLA-F/HLA-DQB2/SLC9A7/HLA-C/PMEPA1/HLA-DOA/INPP5F/ATP7A/ZFYVE28/STEAP3/RHOB/HLA-A/LITAF/ATP6V0A1/ABCB6/TPCN2/SNX1/ABCA7/LRP6/INSR/RHOBTB2/IFITM3/ABCA5/SLC30A4/PRAF2/HLA-DOB/CLCN3/RAB11FIP3/PIP5K1C/PIP4P2/TMEM108/LAMTOR4"
"GOCC_CLATHRIN_COATED_VESICLE_MEMBRANE","GOCC_CLATHRIN_COATED_VESICLE_MEMBRANE",79,0.894461800317381,2.18276054400987,2.75041843829462e-10,1.586991438896e-08,1.47654042476869e-08,55,"tags=14%, list=0%, signal=14%","HLA-DRA/HLA-DPB1/HLA-DPA1/HLA-DQB1/HLA-DRB1/HLA-DQA1/HLA-DRB5/CD74/TGFA/WNT5A/HLA-DQB2"
"GOCC_INTRINSIC_COMPONENT_OF_ENDOPLASMIC_RETICULUM_MEMBRANE","GOCC_INTRINSIC_COMPONENT_OF_ENDOPLASMIC_RETICULUM_MEMBRANE",152,0.831460208450905,2.21151040174145,3.44508089263088e-10,1.80710152277092e-08,1.68133134472895e-08,404,"tags=13%, list=2%, signal=13%","HLA-DRA/HLA-DPB1/HLA-DPA1/HLA-DQB1/HLA-DRB1/HLA-DQA1/HLA-DRB5/CD74/HLA-E/HLA-B/HLA-F/HLA-DQB2/HLA-C/RTN2/SLC37A1/TM7SF2/CALR/HLA-A/ERN1/ATF6B"
"GOCC_ENDOCYTIC_VESICLE","GOCC_ENDOCYTIC_VESICLE",254,0.751370560682668,2.08238953608353,1.4803354098481e-09,7.11794609568626e-08,6.62255314932043e-08,666,"tags=13%, list=4%, signal=12%","HLA-DRA/HLA-DPB1/HLA-DPA1/HLA-DQB1/HLA-DRB1/HLA-DQA1/HLA-DRB5/CD74/TGFA/HLA-E/WNT5A/HLA-B/ITGB5/ATP6V0A4/DRD2/HLA-F/HLA-DQB2/HLA-C/INPP5F/ATP7A/DMBT1/CALR/HLA-A/ATP6V0A1/MYO1E/HYOU1/CLCN3/FLOT2/RAB11FIP3/SPARC/PIP4P2/VAMP2"
"GOCC_TRANS_GOLGI_NETWORK","GOCC_TRANS_GOLGI_NETWORK",220,0.762662994254935,2.07048429723675,3.21831444227907e-09,1.42843648707309e-07,1.32902053891686e-07,294,"tags=7%, list=2%, signal=7%","HLA-DRA/HLA-DPB1/HLA-DPA1/HLA-DQB1/HLA-DRB1/HLA-DQA1/HLA-DRB5/CD74/HLA-DQB2/SLC9A7/HTR7/ATP7A/CHST1/SNAP25/ATP8B3/APP"
"GOCC_GOLGI_APPARATUS_SUBCOMPARTMENT","GOCC_GOLGI_APPARATUS_SUBCOMPARTMENT",316,0.704875101311241,1.99845140608502,3.63703203726172e-09,1.49897677535715e-07,1.39465138270938e-07,485,"tags=7%, list=3%, signal=7%","HLA-DRA/HLA-DPB1/HLA-DPA1/HLA-DQB1/HLA-DRB1/HLA-DQA1/HLA-DRB5/CD74/HLA-DQB2/SLC9A7/ST3GAL4/HTR7/ATP7A/CHST1/SNAP25/LPCAT2/ATP8B3/HLA-A/APP/MYO18A/MMP24/ASAP2"
"GOCC_TRANSPORT_VESICLE_MEMBRANE","GOCC_TRANSPORT_VESICLE_MEMBRANE",146,0.816724018359769,2.16946055540431,4.76746095018188e-09,1.63605131212047e-07,1.52218584179776e-07,282,"tags=14%, list=2%, signal=14%","HLA-DRA/HLA-DPB1/HLA-DPA1/HLA-DQB1/HLA-DRB1/HLA-DQA1/HLA-DRB5/CD74/TGFA/HLA-E/HLA-B/DRD2/HLA-F/HLA-DQB2/SYNGR1/HLA-C/CNIH2/BSN/SEC24C/HLA-A"
"GOCC_ENDOCYTIC_VESICLE_MEMBRANE","GOCC_ENDOCYTIC_VESICLE_MEMBRANE",143,0.819569048366143,2.16751288388299,4.55914086154782e-09,1.63605131212047e-07,1.52218584179776e-07,315,"tags=15%, list=2%, signal=15%","HLA-DRA/HLA-DPB1/HLA-DPA1/HLA-DQB1/HLA-DRB1/HLA-DQA1/HLA-DRB5/CD74/TGFA/HLA-E/WNT5A/HLA-B/ATP6V0A4/HLA-F/HLA-DQB2/HLA-C/ATP7A/DMBT1/CALR/HLA-A/ATP6V0A1"
"GOCC_TRANSPORT_VESICLE","GOCC_TRANSPORT_VESICLE",303,0.714601605199884,2.01721546149401,5.07336963488981e-09,1.63605131212047e-07,1.52218584179776e-07,1007,"tags=15%, list=6%, signal=14%","HLA-DRA/HLA-DPB1/HLA-DPA1/HLA-DQB1/HLA-DRB1/HLA-DQA1/HLA-DRB5/CD74/TGFA/HLA-E/HLA-B/DRD2/HLA-F/HLA-DQB2/SYNGR1/HLA-C/CNIH2/ATP7A/SNAP25/KIRREL3/BSN/TRIM9/SEC24C/HLA-A/APP/PTPRS/GRIN2A/RAB3D/SNCA/CLCN3/VAMP2/STON1/SYTL2/PAM/WFS1/RABAC1/SYT5/RAB26/PTPRN/SEPTIN5/ATP6V1A/BRSK1/CALM3/DGKI/GABBR1"
"GOCC_MHC_CLASS_II_PROTEIN_COMPLEX","GOCC_MHC_CLASS_II_PROTEIN_COMPLEX",14,0.987430470762755,1.90155721997158,5.10379958720425e-09,1.63605131212047e-07,1.52218584179776e-07,107,"tags=86%, list=1%, signal=85%","HLA-DRA/HLA-DPB1/HLA-DPA1/HLA-DQB1/HLA-DRB1/HLA-DQA1/HLA-DRB5/CD74/HLA-DMB/HLA-DMA/HLA-DQB2/HLA-DOA"
"GOCC_CLATHRIN_COATED_ENDOCYTIC_VESICLE_MEMBRANE","GOCC_CLATHRIN_COATED_ENDOCYTIC_VESICLE_MEMBRANE",49,0.926495365147601,2.10840352142889,5.68479399197724e-09,1.72638217545835e-07,1.60622988138969e-07,55,"tags=22%, list=0%, signal=22%","HLA-DRA/HLA-DPB1/HLA-DPA1/HLA-DQB1/HLA-DRB1/HLA-DQA1/HLA-DRB5/CD74/TGFA/WNT5A/HLA-DQB2"
"GOCC_MHC_PROTEIN_COMPLEX","GOCC_MHC_PROTEIN_COMPLEX",22,0.97728533733888,2.03182166660925,6.83649359568602e-09,1.97232840235542e-07,1.83505880726309e-07,107,"tags=73%, list=1%, signal=72%","HLA-DRA/HLA-DPB1/HLA-DPA1/HLA-DQB1/HLA-DRB1/HLA-DQA1/HLA-DRB5/CD74/HLA-DMB/HLA-DMA/HLA-E/HLA-B/HLA-F/HLA-DQB2/HLA-C/HLA-DOA"
"GOCC_CLATHRIN_COATED_ENDOCYTIC_VESICLE","GOCC_CLATHRIN_COATED_ENDOCYTIC_VESICLE",61,0.908829526034199,2.11992128079822,8.95947366105275e-09,2.46172204877497e-07,2.29039176297589e-07,133,"tags=20%, list=1%, signal=20%","HLA-DRA/HLA-DPB1/HLA-DPA1/HLA-DQB1/HLA-DRB1/HLA-DQA1/HLA-DRB5/CD74/TGFA/WNT5A/HLA-DQB2/INPP5F"
"GOCC_COATED_VESICLE","GOCC_COATED_VESICLE",234,0.718817531468525,1.97083626713735,2.15951466439351e-07,5.66381800615933e-06,5.26962908536214e-06,294,"tags=9%, list=2%, signal=9%","HLA-DRA/HLA-DPB1/HLA-DPA1/HLA-DQB1/HLA-DRB1/HLA-DQA1/HLA-DRB5/CD74/TGFA/HLA-E/WNT5A/HLA-B/HLA-F/HLA-DQB2/HLA-C/INPP5F/CNIH2/ATP7A/SEC24C/HLA-A/APP"
"GOCC_INTRINSIC_COMPONENT_OF_ORGANELLE_MEMBRANE","GOCC_INTRINSIC_COMPONENT_OF_ORGANELLE_MEMBRANE",355,0.657424334779558,1.89023936774806,3.48528557379763e-07,8.74352076557057e-06,8.13499149948187e-06,850,"tags=11%, list=5%, signal=10%","HLA-DRA/HLA-DPB1/HLA-DPA1/HLA-DQB1/HLA-DRB1/HLA-DQA1/HLA-DRB5/CD74/HLA-E/HLA-B/HLA-F/HLA-DQB2/SYNGR1/HLA-C/RTN2/COQ2/B4GAT1/SLC37A1/TM7SF2/MFNG/CALR/HLA-A/ABCB6/ERN1/ATF6B/LFNG/PTPRS/XXYLT1/EMC10/DMPK/AGK/TAPBP/WFS1/GALNT2/SYT5/B4GALNT1/PEX11A/PIGS"
"GOCC_LATE_ENDOSOME","GOCC_LATE_ENDOSOME",233,0.686643038008347,1.88064785921742,4.94952225409407e-06,0.000118994764192178,0.000110712997788946,874,"tags=11%, list=5%, signal=10%","HLA-DRA/HLA-DRB1/HLA-DRB5/MFSD12/CD74/HLA-DMB/HLA-DMA/ATP7A/STEAP3/LGMN/RHOB/LITAF/ABCB6/TPCN2/OSBPL1A/INSR/IFITM3/ABCA5/SLC30A4/CLCN3/PIP4P2/LAMTOR4/VIPAS39/PLD3/TMEM59"
"GOCC_CLATHRIN_COATED_VESICLE","GOCC_CLATHRIN_COATED_VESICLE",145,0.747861565831238,1.97868845688729,1.25271153984912e-05,0.000274807117601391,0.000255681163872497,150,"tags=9%, list=1%, signal=9%","HLA-DRA/HLA-DPB1/HLA-DPA1/HLA-DQB1/HLA-DRB1/HLA-DQA1/HLA-DRB5/CD74/TGFA/WNT5A/HLA-DQB2/INPP5F/ATP7A"
"GOCC_SIDE_OF_MEMBRANE","GOCC_SIDE_OF_MEMBRANE",326,0.625241448622496,1.78084948292737,1.28592585359403e-05,0.000274807117601391,0.000255681163872497,631,"tags=11%, list=4%, signal=11%","HLA-DRA/HLA-DPB1/HLA-DPA1/HLA-DQB1/HLA-DRB1/HLA-DQA1/HLA-DRB5/CD74/HLA-E/HLA-B/HLA-F/HLA-DQB2/HEG1/BTN3A1/HLA-C/BTN2A2/SNAP25/ADA/BTN3A3/DAG1/TNFRSF11A/CALR/GNG2/HLA-A/LITAF/SLC7A5/ITGA1/THBS1/INSR/GNAO1/BTN3A2/SHANK3/CLCN3/CTSB/G6PD"
"GOCC_CELL_SURFACE","GOCC_CELL_SURFACE",454,0.58153421497318,1.70955550724192,1.19788072144897e-05,0.000274807117601391,0.000255681163872497,937,"tags=18%, list=6%, signal=17%","HLA-DRA/HLA-DPB1/HLA-DPA1/HLA-DRB1/CD74/TGFA/HLA-DMA/HLA-E/WNT5A/HLA-B/PLAT/ITGB5/SLITRK6/HLA-F/HEG1/TGFB1/BTN3A1/HLA-C/BTN2A2/SDC3/GPC6/CLSTN3/RTN2/MMP16/PDIA4/PLXNB3/PTPRJ/BSN/ADA/BTN3A3/DAG1/VEGFA/MELTF/TNFRSF11A/ITGB8/CALR/NOTCH2/HLA-A/SRPX2/APP/NLGN2/FAM234A/SLC7A5/SFRP1/L1CAM/ITGA1/CD99L2/SLC7A11/ABCA7/PLXNB2/TGFBR1/THBS1/CLSTN1/MYO18A/LRP6/CD109/INSR/FZD1/LRFN3/GRIN2A/BTN3A2/TGFB3/ANXA4/CLCN3/CTSB/SPARC/SLC39A6/IGSF3/PAM/NLGN1/SLC3A2/NGFR/CD38/ENOX1/IL11RA/AGER/UNC5C/ROR1/ADAMTS7/CORIN/SLC4A4"
"GOCC_LATE_ENDOSOME_MEMBRANE","GOCC_LATE_ENDOSOME_MEMBRANE",130,0.757579703563692,1.97587786177798,1.66632386758012e-05,0.000343381739854903,0.000319483147543557,874,"tags=13%, list=5%, signal=12%","HLA-DRA/HLA-DRB1/HLA-DRB5/HLA-DMB/HLA-DMA/RHOB/LITAF/ABCB6/TPCN2/IFITM3/ABCA5/SLC30A4/CLCN3/PIP4P2/LAMTOR4/PLD3/TMEM59"
"GOCC_IMMUNOLOGICAL_SYNAPSE","GOCC_IMMUNOLOGICAL_SYNAPSE",26,0.912140766315722,1.93254637474774,2.26978430462853e-05,0.00045160880819678,0.000420177856755191,192,"tags=12%, list=1%, signal=11%","HLA-DRA/HLA-DRB1/PTPRJ"
"GOCC_SPLICEOSOMAL_COMPLEX","GOCC_SPLICEOSOMAL_COMPLEX",185,-0.614460883365022,-1.76023953990784,0.000254091766858321,0.00488703164924172,0.00454690530167523,3908,"tags=41%, list=23%, signal=32%","EIF4A3/ZCRB1/RALY/SRSF1/SF3A1/UPF1/SF3A2/HNRNPM/HNRNPA3/PRPF38B/PRPF38A/HNRNPA2B1/TFIP11/U2AF1/LUC7L3/PPWD1/SNRPE/PHF5A/ZMAT2/PRPF4B/SNRPC/SNRPA1/FRG1/RBM41/PRPF39/SREK1/HNRNPC/ZRSR2P1/CWF19L1/SNRNP48/EFTUD2/PRPF8/LSM5/HNRNPH3/SRSF2/NCL/DDX23/SRRM1/HSPA8/HNRNPK/DHX15/PRPF18/PRPF4/ESS2/DHX35/CWF19L2/SNW1/PRPF40A/PPIH/SNRPD3/WAC/SF3B3/PLRG1/SYNCRIP/RHEB/SNRPF/C9orf78/RBM8A/DDX5/TRA2A/SF3A3/HNRNPA1/API5/YBX1/RBM17/ADAR/HNRNPH1/MAGOH/RBMX/HNRNPU/PRPF3/PNN/ZCCHC8/IVNS1ABP/SF3B4"
"GOCC_EARLY_ENDOSOME_MEMBRANE","GOCC_EARLY_ENDOSOME_MEMBRANE",142,0.652870111993635,1.72721016791112,0.00147561467007436,0.0274654730526745,0.0255539382593523,596,"tags=12%, list=4%, signal=12%","HLA-DRA/HLA-E/HLA-B/HLA-F/HLA-C/PMEPA1/INPP5F/ATP7A/ZFYVE28/HLA-A/LITAF/ABCB6/SNX1/ABCA7/LRP6/IFITM3/CLCN3"
"GOCC_FICOLIN_1_RICH_GRANULE_LUMEN","GOCC_FICOLIN_1_RICH_GRANULE_LUMEN",109,-0.598941332761531,-1.60481647430205,0.00472708761448374,0.08523529854866,0.0793031145850891,2315,"tags=26%, list=14%, signal=22%","CTSZ/DDX3X/COTL1/PSMD12/HSPA8/PSMB7/MAPK1/CTSH/KCMF1/QPCT/GLB1/LTA4H/VCL/CAND1/MAPK14/JUP/OSTF1/PSMD2/PGM2/HSP90AB1/ACLY/GPI/IMPDH1/ILF2/CTSS/ARPC5/PNP/HSPA1A"
"GOCC_PROTEIN_LIPID_COMPLEX","GOCC_PROTEIN_LIPID_COMPLEX",17,-0.806542405922889,-1.61134299683118,0.00504051223407359,0.0881325926988019,0.0819987636165082,1993,"tags=35%, list=12%, signal=31%","BIN1/CLU/LDLR/DBI/PLTP/VLDLR"
"GOCC_CATALYTIC_STEP_2_SPLICEOSOME","GOCC_CATALYTIC_STEP_2_SPLICEOSOME",86,-0.645785171635417,-1.66809351011184,0.00589369190606272,0.100019418523476,0.0930582932536218,3908,"tags=45%, list=23%, signal=35%","EIF4A3/RALY/SRSF1/SF3A1/SF3A2/HNRNPM/HNRNPA3/HNRNPA2B1/TFIP11/U2AF1/PPWD1/SNRPE/PRPF4B/SNRPA1/FRG1/HNRNPC/EFTUD2/PRPF8/DDX23/SRRM1/HNRNPK/ESS2/DHX35/SNW1/SNRPD3/SF3B3/PLRG1/SYNCRIP/SNRPF/RBM8A/DDX5/SF3A3/HNRNPA1/HNRNPH1/MAGOH/RBMX/HNRNPU/PNN/ZCCHC8"
"GOCC_PLASMA_MEMBRANE_SIGNALING_RECEPTOR_COMPLEX","GOCC_PLASMA_MEMBRANE_SIGNALING_RECEPTOR_COMPLEX",95,0.66723729257141,1.67438711288994,0.00801079860321116,0.132063736972938,0.122872399628201,1309,"tags=28%, list=8%, signal=26%","ITGB5/ERBB3/CACNG7/IGF1R/CNIH2/ACVR1/ITGB8/GRIK2/ITGA1/TGFBR1/INSR/GRIN2A/IL10RB/TRAF4/IL6/ACVR1C/OLFM2/TRAF1/CACNG8/EPS8/GABBR1/ACVR2A/HFE/PORCN/ACVR2B/IKBKB/TGFBR2"
"GOCC_CHROMOSOMAL_REGION","GOCC_CHROMOSOMAL_REGION",336,-0.451143301630887,-1.36642294893955,0.0107181695802574,0.171788440216903,0.159832353389803,3478,"tags=29%, list=21%, signal=24%","MTBP/ORC5/TTK/HAT1/DCTN3/CENPN/CHMP4B/KAT7/MRE11/BUB1B/HNRNPA2B1/TFIP11/SEPTIN6/MIS18BP1/PHF6/CDCA8/GAR1/H3-3B/DCTN2/MAD2L1/SMC5/APEX1/MIS12/DYNC1LI1/RIF1/CENPB/RAD17/PDS5A/POLR2B/MCM5/XPO1/THOC6/KNSTRN/EZH2/SMG6/CENPU/SS18L1/ATR/CENPC/NUP133/RAD50/PPP2CA/NABP1/ZWINT/PSEN2/KNL1/CHMP5/BUB3/ORC4/SSB/HJURP/SEH1L/UHRF2/PRKDC/SMC4/CDCA5/RANGAP1/SMCHD1/NDEL1/CEBPB/PARP1/CENPQ/TPR/ITGB3BP/CDC73/CENPO/CENPL/SKA1/PLK1/PML/CKAP5/CDK2/FBXO28/FMR1/PPP1R12A/SKA3/PPP1CC/PTGES3/NSL1/TERT/NUP37/H3-3A/ORC1/CENPE/NUP107/SUV39H2/NUF2/NCAPG/THOC1/THOC5/THOC2/ERCC6L/AHCTF1/HDAC2/HNRNPU/CENPF/SPDL1/KDM1A/KNTC1"
"GOCC_AMPA_GLUTAMATE_RECEPTOR_COMPLEX","GOCC_AMPA_GLUTAMATE_RECEPTOR_COMPLEX",12,0.871315725769043,1.63943227162007,0.012003394317677,0.174407114758958,0.162268774107577,1156,"tags=42%, list=7%, signal=39%","CACNG7/CNIH2/OLFM2/CACNG8/PORCN"
"GOCC_TERTIARY_GRANULE_LUMEN","GOCC_TERTIARY_GRANULE_LUMEN",36,-0.716531964645957,-1.61592767253131,0.0123089028447985,0.174407114758958,0.162268774107577,1764,"tags=28%, list=10%, signal=25%","CTSH/B2M/QPCT/TCN1/LTA4H/SPTAN1/ILF2/CTSS/QSOX1/PTX3"
"GOCC_ORGANELLE_ENVELOPE_LUMEN","GOCC_ORGANELLE_ENVELOPE_LUMEN",84,0.648978006776449,1.59106205897173,0.0122609149194776,0.174407114758958,0.162268774107577,721,"tags=7%, list=4%, signal=7%","PTGES/TXNIP/APP/CAT/AGK/FKBP10"
"GOCC_CENTRIOLE","GOCC_CENTRIOLE",130,-0.567668975818758,-1.56319734224906,0.0126951452684163,0.174407114758958,0.162268774107577,3122,"tags=28%, list=18%, signal=23%","CEP162/CEP152/CEP128/AURKA/ODF2/CEP250/TOPORS/CEP83/CEP120/MDM1/NIN/RTTN/AKNA/IQCB1/CEP78/MPHOSPH9/CETN2/SASS6/CAPG/CEP290/ODF2L/CEP41/STARD9/PLK4/PLK1/GLE1/SDCCAG8/CEP295/CEP55/POC1B/ALMS1/STIL/RAN/CEP43/PLK2/CEP170/HSPA1A"
"GOCC_EARLY_ENDOSOME","GOCC_EARLY_ENDOSOME",316,0.503389619648673,1.42720276446719,0.0125187843651514,0.174407114758958,0.162268774107577,1284,"tags=13%, list=8%, signal=13%","HLA-DRA/HLA-E/HLA-B/HLA-F/CACNG7/HLA-C/PMEPA1/INPP5F/ATP7A/ZFYVE28/MELTF/NRP1/RHOB/HLA-A/APP/LITAF/ABCB6/SNX1/ABCA7/LRP6/TMEM127/IFITM3/CLCN3/ARRDC4/TMEM108/LNPEP/VIPAS39/PLD3/STAMBP/MTMR4/APBB2/GPER1/ARC/HFE/MIB2/CMTM6/AOC3/PLPP2/MYO5A/NISCH/RBSN/ANKRD13B"
"GOCC_POSTSYNAPSE","GOCC_POSTSYNAPSE",437,0.478298648697684,1.3929711358732,0.0120941846255651,0.174407114758958,0.162268774107577,1460,"tags=17%, list=9%, signal=16%","SHC4/KCND1/WNT5A/PLAT/PAK3/DRD2/CACNG7/EFNB2/NCK2/CNIH2/CLSTN3/ATP7A/SPOCK1/SNAP25/BSN/CTNND1/DAG1/NRP1/SLC6A6/TANC2/MEF2C/APP/NLGN2/GRIK2/PSD3/NR1D1/MAPT/FLRT3/CLSTN1/PTPRS/PLCB1/LRRTM4/SIPA1L1/LRFN3/GRIN2A/CTNNB1/SHANK3/ADAM22/SNCA/CLCN3/CTTN/ITPKA/TMEM108/NLGN1/ARHGAP44/NGFR/ADGRL1/IGSF9B/CACNG8/AGER/TANC1/RGS9/GABRG3/CPEB3/BAIAP2/MAGI2/CRTC1/DGKI/PJA2/EPS8/GABBR1/GPER1/ARC/RGS14/PLEKHA5/ATP1A1/ASIC2/SHANK1/DTNB/KCNMA1/P2RX6/NSF/NETO2/LRP4/TSC2"
"GOCC_TRANSCRIPTION_EXPORT_COMPLEX","GOCC_TRANSCRIPTION_EXPORT_COMPLEX",10,-0.869121093390939,-1.61566129342338,0.0136321744119919,0.17876737808453,0.166325572969279,552,"tags=60%, list=3%, signal=58%","THOC6/SARNP/THOC1/THOC5/THOC2/CHTOP"
"GOCC_NEURON_TO_NEURON_SYNAPSE","GOCC_NEURON_TO_NEURON_SYNAPSE",264,0.506418766996103,1.40821693381072,0.013491516610596,0.17876737808453,0.166325572969279,1460,"tags=20%, list=9%, signal=19%","KCND1/PAK3/DRD2/CACNG7/EFNB2/NCK2/CNIH2/CLSTN3/ATP7A/SPOCK1/BSN/CTNND1/NLGN2/GRIK2/PSD3/FLRT3/CLSTN1/PTPRS/SIPA1L1/LRFN3/GRIN2A/CTNNB1/SHANK3/ADAM22/TMEM108/NLGN1/ARHGAP44/NGFR/ADGRL1/IGSF9B/CACNG8/TANC1/RGS9/CPEB3/BAIAP2/MAGI2/CRTC1/DGKI/PJA2/EPS8/GPER1/ARC/RGS14/YWHAZ/PLEKHA5/ATP1A1/SHANK1/DTNB/P2RX6/NSF/NETO2/LRP4/TSC2"
"GOCC_NUCLEAR_CHROMOSOME","GOCC_NUCLEAR_CHROMOSOME",189,-0.509371100773517,-1.46018940232849,0.0148380194635238,0.19025638289896,0.177014969038529,1482,"tags=22%, list=9%, signal=20%","KIFAP3/BAZ1B/NOL6/ADD3/ACTR8/RAD50/POLD3/CCNB1IP1/SMC2/ORC4/ORC6/SMCHD1/PSMC3IP/H2AZ1/TIMELESS/JUN/HSPA2/UBE2I/PLK1/EP400/REPIN1/SFR1/ACTR6/HMGA2/EXOSC9/CHD1/TTN/DHX9/CPSF6/H3-3A/ORC1/ANP32E/INO80C/CDC45/HDAC2/POLE3/HNRNPU/FIGNL1/MCM10/BAZ1A/UCHL5"
"GOCC_TELOMERASE_HOLOENZYME_COMPLEX","GOCC_TELOMERASE_HOLOENZYME_COMPLEX",21,-0.756468058494886,-1.58056391934055,0.0159875805008533,0.197975423431964,0.184196781812099,3200,"tags=62%, list=19%, signal=50%","GAR1/SMG5/SNRPE/SMG6/HNRNPC/DKC1/SNRPD3/PTGES3/TERT/SMG7/HNRNPU/LSM11/NVL"
"GOCC_COLLAGEN_CONTAINING_EXTRACELLULAR_MATRIX","GOCC_COLLAGEN_CONTAINING_EXTRACELLULAR_MATRIX",235,0.510541341100211,1.39948892003596,0.016126247662569,0.197975423431964,0.184196781812099,647,"tags=20%, list=4%, signal=19%","MMP2/WNT5A/COL1A1/PLAT/TGFB1/SDC3/COL18A1/GPC6/NTNG1/LTBP4/SMOC1/LTBP3/LOXL2/COL5A1/LAMA4/DAG1/MATN2/APLP1/CALR/SSC5D/FIBCD1/SRPX2/COL8A1/SEMA3B/HMCN1/SFRP1/ADAM19/C17orf58/L1CAM/COL9A3/NTNG2/THBS1/COL6A1/COL4A1/FLG/TINAGL1/COL16A1/LTBP1/TIMP1/TGFB3/LAMB2/ANXA4/CTSB/ANGPTL4/SPARC/CRELD1"
"GOCC_CONDENSED_CHROMOSOME","GOCC_CONDENSED_CHROMOSOME",224,-0.476920232519317,-1.40374146926568,0.0182567492722998,0.219461340210771,0.204187327387564,3478,"tags=32%, list=21%, signal=26%","MTBP/TTK/DCTN3/CENPN/CHMP4B/BUB1B/SEPTIN6/PHF6/HMGB2/DCTN2/MAD2L1/SMC5/TOPBP1/MIS12/DYNC1LI1/RIF1/CENPB/XPO1/KNSTRN/KIFAP3/BAZ1B/CENPU/NOL6/SS18L1/CENPC/ADD3/NUP133/RAD50/ZWINT/PSEN2/L3MBTL1/KNL1/CHMP5/CCNB1IP1/NSMCE3/BUB3/XRCC4/SMC2/HJURP/SEH1L/TOP3B/RANGAP1/NDEL1/CEBPB/CENPQ/PSMC3IP/TPR/ITGB3BP/CENPO/HSPA2/SKA1/UBE2I/PLK1/CKAP5/CDK2/FBXO28/PPP1R12A/SKA3/PPP1CC/NSL1/TTN/NUP37/CENPE/NUP107/NUF2/NCAPG/ERCC6L/AHCTF1/HNRNPU/CENPF/SPDL1/KNTC1"
"GOCC_BASEMENT_MEMBRANE","GOCC_BASEMENT_MEMBRANE",68,0.66576014058723,1.58593770131565,0.0206304328694177,0.236621558783456,0.220153233566656,2170,"tags=43%, list=13%, signal=37%","COL18A1/NTNG1/SMOC1/LOXL2/COL5A1/LAMA4/DAG1/APLP1/COL8A1/HMCN1/COL9A3/NTNG2/COL4A1/TIMP1/LAMB2/SPARC/COL15A1/SERPINF1/HSPG2/COL4A5/DLG1/RELL2/AGRN/COL4A2/LAMA5/FBLN1/TIMP3/FBN1/FN1"
"GOCC_CYTOPLASMIC_STRESS_GRANULE","GOCC_CYTOPLASMIC_STRESS_GRANULE",72,-0.619092894336143,-1.54044096718414,0.0209145571888323,0.236621558783456,0.220153233566656,2972,"tags=44%, list=18%, signal=37%","ZNFX1/ZFAND1/PUM1/G3BP2/CSDE1/TARDBP/OGFOD1/EIF2S1/NUFIP2/G3BP1/DDX3X/TRIM25/HNRNPK/DDX1/HABP4/DYRK3/ATXN2/ELAVL1/YTHDF2/YTHDF1/FMR1/C9orf72/LARP1/YBX1/CAPRIN1/CELF1/PABPC4/LARP4B/UBAP2L/LARP4/PRKAA2/PRRC2C"
"GOCC_RIBONUCLEOPROTEIN_GRANULE","GOCC_RIBONUCLEOPROTEIN_GRANULE",222,-0.493698270679559,-1.45088893148445,0.0208417124272526,0.236621558783456,0.220153233566656,2972,"tags=32%, list=18%, signal=27%","ZNFX1/ZFAND1/UPF2/SUMO1/CNOT2/PUM1/G3BP2/CSDE1/BARD1/RPL6/TARDBP/OGFOD1/RAC1/TNRC6A/TDRD7/EIF2S1/NUFIP2/G3BP1/NCL/DDX3X/TRIM25/SARNP/HNRNPK/CNOT9/IQGAP1/HAX1/DDX1/ZC3H12A/CTSH/HABP4/DYRK3/ATXN2/ELAVL1/UHMK1/YTHDF2/NFKBIZ/SAMD4A/APOBEC3B/EIF4ENIF1/YTHDF1/NSUN2/FMR1/CKAP4/RPLP0/C9orf72/LARP1/MEX3B/TAF5L/YBX1/ACTB/UBAP2/DHX9/GRSF1/FASTKD3/CAPRIN1/CELF1/PABPC4/SNCAIP/LARP4B/TDRKH/UBAP2L/USP3/HNRNPAB/LARP4/HNRNPU/GABPB1/PRKAA2/CHTOP/PRRC2C/CPEB1/MEX3A"
"GOCC_PRESYNAPTIC_ACTIVE_ZONE_CYTOPLASMIC_COMPONENT","GOCC_PRESYNAPTIC_ACTIVE_ZONE_CYTOPLASMIC_COMPONENT",14,0.824882333667418,1.58852800643333,0.0220101822291369,0.236757953934021,0.220280135923289,1537,"tags=43%, list=9%, signal=39%","PPFIA3/BSN/CTNND1/CTNNB1/ERC1/ERC2"
"GOCC_SM_LIKE_PROTEIN_FAMILY_COMPLEX","GOCC_SM_LIKE_PROTEIN_FAMILY_COMPLEX",81,-0.570124491120537,-1.44814833940829,0.021616919264421,0.236757953934021,0.220280135923289,3275,"tags=42%, list=19%, signal=34%","SNRPA/AAR2/SNRPD1/SF3B1/CLNS1A/TXNL4B/USP39/SNRPB/SF3A1/SF3A2/LUC7L3/SNRPE/PHF5A/ZMAT2/SNRPC/SNRPA1/RN7SK/PRPF39/DDX20/EFTUD2/PRPF8/LSM5/DDX23/PRPF18/PRPF4/PRPF40A/PPIH/SNRPD3/SF3B3/SNRPF/SF3A3/LSM11/PRPF3/GEMIN5"
"GOCC_NUCLEAR_SPECK","GOCC_NUCLEAR_SPECK",375,-0.437453296417147,-1.33214385987713,0.022157590142872,0.236757953934021,0.220280135923289,2789,"tags=25%, list=16%, signal=21%","CCNB3/RBM19/ADAMTS4/SREK1/BARD1/CDYL/RBBP6/SETD1B/TAP2/YTHDC1/SART3/ZNF106/MBD4/FNBP4/GPATCH2/DUSP10/CLK2/EFTUD2/PRPF8/BASP1/SRPK2/SRSF2/ERBIN/NCBP3/SRRM1/SARNP/DHX15/SMC4/SRSF10/PRPF18/AFDN/PRPF4/HABP4/SNW1/DYRK3/BRD1/PRPF40A/PPIH/LPXN/WAC/SRSF9/THRAP3/COP1/TOE1/BMP2K/CBLL1/PLRG1/NFKBIZ/TCERG1/PRCC/EP400/HAUS6/USP36/RBM39/SCNM1/EIF4ENIF1/RBM8A/VPS72/CKAP4/PPP1CC/SF3A3/E2F7/SFPQ/API5/TAF5L/RBM25/NSL1/TERT/MAPK14/ABITRAM/SRSF11/CPSF6/SRPK1/GATAD2A/MAGOH/JADE1/THOC1/THOC2/ARHGAP18/SMURF2/ZC3H14/IFI16/NAMPT/HNRNPU/SFMBT2/PRPF3/PNN/PIP5K1A/TRIM22/PRKAA2/CHTOP/AR/ATF4/HSPA1A"
"GOCC_AGGRESOME","GOCC_AGGRESOME",27,-0.707480865273074,-1.55363546243227,0.0231603786405794,0.242973426829351,0.226063025965464,1981,"tags=30%, list=12%, signal=26%","XRN2/ZDHHC17/EPS15/KLHL14/RANGAP1/UBQLN1/SFMBT2/HSPA1A"
"GOCC_SPANNING_COMPONENT_OF_MEMBRANE","GOCC_SPANNING_COMPONENT_OF_MEMBRANE",12,0.837784005626961,1.57634034925709,0.0250357158657309,0.257957286687977,0.240004043073736,937,"tags=33%, list=6%, signal=32%","TRPM4/NLGN2/NLGN1/SLC4A4"
"GOCC_INCLUSION_BODY","GOCC_INCLUSION_BODY",61,-0.605366126547824,-1.47966013216203,0.0275122550354608,0.275927344861746,0.256723425849659,1981,"tags=25%, list=12%, signal=22%","XRN2/ZDHHC17/EPS15/KLHL14/RANGAP1/TPR/BAG5/CLU/SLF1/UBQLN1/HSP90AB1/RAD18/SFMBT2/ATF4/HSPA1A"
"GOCC_CELL_BODY","GOCC_CELL_BODY",341,-0.441037173076741,-1.34076039011335,0.0277361975770906,0.275927344861746,0.256723425849659,1122,"tags=12%, list=7%, signal=12%","RBM8A/THY1/CCT5/TPX2/FMR1/MYO1D/SLC1A4/C9orf72/SRD5A1/CCT3/RTN4R/AMIGO1/FKBP4/SLC38A2/CIT/COBL/MBP/SIAH2/SLC8A1/ELOVL5/HSPA1L/CCT2/GLRX2/HSP90AB1/SNCAIP/CNKSR2/MAP1B/GFRA1/LRP8/PGRMC1/ADORA1/PRKAA2/CAPN2/EPHA5/GLUL/SLC38A1/ZC4H2/UCHL1/KIF5C/ANXA3/SV2A/ASTN1"
"GOCC_OUTER_KINETOCHORE","GOCC_OUTER_KINETOCHORE",11,-0.838278565314414,-1.58677838913556,0.0303048963380588,0.288593981016709,0.268508492782124,1315,"tags=45%, list=8%, signal=42%","SKA1/PLK1/SKA3/CENPF/SPDL1"
"GOCC_U2_TYPE_SPLICEOSOMAL_COMPLEX","GOCC_U2_TYPE_SPLICEOSOMAL_COMPLEX",89,-0.555195952996445,-1.44214900389733,0.0305099356014198,0.288593981016709,0.268508492782124,4032,"tags=31%, list=24%, signal=24%","SNRPB/EIF4A3/SF3A1/SF3A2/PRPF38A/TFIP11/LUC7L3/SNRPE/PHF5A/ZMAT2/SNRPC/SNRPA1/PRPF39/EFTUD2/PRPF8/LSM5/PRPF18/PRPF4/SNW1/PRPF40A/SNRPD3/SF3B3/PLRG1/SNRPF/RBM8A/SF3A3/PRPF3/SF3B4"
"GOCC_EXTERNAL_ENCAPSULATING_STRUCTURE","GOCC_EXTERNAL_ENCAPSULATING_STRUCTURE",302,0.467804606755047,1.3190697135061,0.0302328738115857,0.288593981016709,0.268508492782124,693,"tags=20%, list=4%, signal=19%","MMP2/WNT5A/COL1A1/PLAT/TGFB1/SDC3/COL18A1/GPC6/NTNG1/LTBP4/SMOC1/LTBP3/MMP16/LOXL2/COL5A1/LAMA4/DAG1/VEGFA/MATN2/DMBT1/APLP1/CALR/SSC5D/FIBCD1/SRPX2/COL8A1/SEMA3B/HMCN1/SFRP1/ADAM19/C17orf58/L1CAM/COL9A3/FLRT3/NTNG2/THBS1/COL6A1/MMP24/COL4A1/LRRTM4/FLG/ADAMTS12/TINAGL1/COL16A1/MMP17/LTBP1/TIMP1/TGFB3/LAMB2/OLFML2B/ANXA4/ADAMTS14/CTSB/ANGPTL4/COL22A1/SPARC/CRELD1/CCN5/MMP14"
"GOCC_KINESIN_COMPLEX","GOCC_KINESIN_COMPLEX",41,-0.655912874352472,-1.52973300159537,0.033186025750723,0.308844142873664,0.287349289182831,2934,"tags=32%, list=17%, signal=26%","KIF1B/KIFAP3/KIFC3/KIF20B/KLC2/KIF15/KIF23/NDEL1/KIF21B/KIF1C/KIF14/KIF21A/KIF5C"
"GOCC_SYNAPTIC_MEMBRANE","GOCC_SYNAPTIC_MEMBRANE",236,0.493294069797216,1.35229712751693,0.0350085361051228,0.319107560537025,0.296898396194258,1083,"tags=17%, list=6%, signal=16%","SHC4/KCND1/DRD2/CACNG7/EFNB2/NTNG1/CNIH2/CLSTN3/SNAP25/DAG1/NRP1/SLC6A6/SRPX2/NLGN2/GRIK2/FLRT3/NTNG2/CLSTN1/PTPRS/LRRTM4/LRFN3/GRIN2A/CTNNB1/SHANK3/ADAM22/CLCN3/EXOC3/NLGN1/ADGRL1/IGSF9B/CACNG8/RGS9/GABRG3/BAIAP2/DGKI/GABBR1/ERC1/SYP/GPER1/ARC"
"GOCC_CHROMOSOME_CENTROMERIC_REGION","GOCC_CHROMOSOME_CENTROMERIC_REGION",212,-0.455264222723076,-1.32845849787506,0.0353949460560998,0.319107560537025,0.296898396194258,3602,"tags=32%, list=21%, signal=26%","MEAF6/CENPP/KDM4C/MTBP/TTK/DCTN3/CENPN/CHMP4B/KAT7/BUB1B/SEPTIN6/MIS18BP1/PHF6/CDCA8/DCTN2/MAD2L1/SMC5/MIS12/DYNC1LI1/CENPB/PDS5A/XPO1/KNSTRN/EZH2/CENPU/SS18L1/CENPC/NUP133/PPP2CA/ZWINT/PSEN2/KNL1/CHMP5/BUB3/HJURP/SEH1L/UHRF2/SMC4/CDCA5/RANGAP1/NDEL1/CEBPB/CENPQ/TPR/ITGB3BP/CENPO/CENPL/SKA1/PLK1/CKAP5/FBXO28/FMR1/PPP1R12A/SKA3/PPP1CC/NSL1/NUP37/CENPE/NUP107/SUV39H2/NUF2/NCAPG/ERCC6L/AHCTF1/HNRNPU/CENPF/SPDL1/KNTC1"
"GOCC_OUTER_MEMBRANE","GOCC_OUTER_MEMBRANE",201,-0.467881584461617,-1.356329380785,0.036933114805641,0.327852419120844,0.305034632402865,1398,"tags=13%, list=8%, signal=12%","CYB5B/DHCR7/MIEF1/TOMM22/VDAC1/PGAM5/PPP1CC/NAV3/MTX1/BOK/MOAP1/HMOX1/VPS13A/MSTO1/ARMCX2/SPIRE1/SIGMAR1/RAC2/PMAIP1/BRI3BP/MTARC2/PGRMC1/TOMM34/MCL1/FAM210B/BID/MGST1"
"GOCC_RECEPTOR_COMPLEX","GOCC_RECEPTOR_COMPLEX",222,0.499899847751661,1.35594990560668,0.0421192871625601,0.368224677163594,0.342597072614126,1191,"tags=20%, list=7%, signal=19%","CD74/GPRC5A/AHRR/ITGB5/SMAD3/ERBB3/CACNG7/IGF1R/DDR1/CNIH2/PLXNB3/ACVR1/TM7SF2/NRP1/ITGB8/NOTCH2/APP/GRIK2/ITGA1/PLXNB2/TGFBR1/INSR/GRIN2A/IL10RB/TRAF4/IL6/ACVR1C/OLFM2/NLGN1/TRAF1/CACNG8/IL11RA/ROR1/GABRG3/ARNTL/GHR/EPS8/GABBR1/ACVR2A/HFE/AHR/PORCN/TNFRSF1A/ACVR2B/IKBKB"
"GOCC_CONDENSED_CHROMOSOME_CENTROMERIC_REGION","GOCC_CONDENSED_CHROMOSOME_CENTROMERIC_REGION",151,-0.502324357921071,-1.41308792256492,0.0437430856777666,0.376712842329423,0.350494480685954,3478,"tags=34%, list=21%, signal=28%","MTBP/TTK/DCTN3/CENPN/CHMP4B/BUB1B/SEPTIN6/PHF6/DCTN2/MAD2L1/MIS12/DYNC1LI1/CENPB/XPO1/KNSTRN/CENPU/SS18L1/CENPC/NUP133/ZWINT/PSEN2/KNL1/CHMP5/BUB3/HJURP/SEH1L/RANGAP1/NDEL1/CEBPB/CENPQ/TPR/ITGB3BP/CENPO/SKA1/PLK1/CKAP5/FBXO28/PPP1R12A/SKA3/PPP1CC/NSL1/NUP37/CENPE/NUP107/NUF2/NCAPG/ERCC6L/AHCTF1/HNRNPU/CENPF/SPDL1/KNTC1"
"GOCC_PRECATALYTIC_SPLICEOSOME","GOCC_PRECATALYTIC_SPLICEOSOME",52,-0.620672117693428,-1.48372972994761,0.0532544378698225,0.436727239232641,0.406332011326547,4704,"tags=46%, list=28%, signal=33%","SNU13/CWC27/MAGOHB/SNRPD1/SF3B1/SNRPB/SF3A1/SF3A2/PRPF38B/PRPF38A/SNRPE/PHF5A/ZMAT2/SNRPA1/EFTUD2/PRPF8/LSM5/PRPF4/SNRPD3/SF3B3/SNRPF/SF3A3/PRPF3/SF3B4"
"GOCC_PRERIBOSOME","GOCC_PRERIBOSOME",75,-0.57161136641205,-1.43770308183353,0.0537394003215208,0.436727239232641,0.406332011326547,3739,"tags=41%, list=22%, signal=32%","MRTO4/RSL1D1/WDR37/RIOK3/NOP9/BYSL/RIOK2/RRP7A/KRR1/ZNF622/UTP4/WDR36/LTV1/NOL6/NOC4L/SRFBP1/MPHOSPH10/FCF1/RRP15/MDN1/NOP14/PRKDC/EBNA1BP2/PES1/NOP58/UTP20/RRP1B/BMS1/RPF1/HEATR1/UTP25"
"GOCC_ACTIN_FILAMENT","GOCC_ACTIN_FILAMENT",83,-0.555850168856428,-1.42084178007148,0.053388090349076,0.436727239232641,0.406332011326547,1084,"tags=18%, list=6%, signal=17%","EZR/TWF1/ACTB/COBL/ACTN2/TPM4/SPECC1L/MYO1B/ARHGAP6/ACTG1/RAC2/PAWR/SPECC1/PALLD/TPM3"
"GOCC_POSTSYNAPTIC_MEMBRANE","GOCC_POSTSYNAPTIC_MEMBRANE",165,0.510695282240596,1.3691219684174,0.0514705882352941,0.436727239232641,0.406332011326547,886,"tags=16%, list=5%, signal=16%","SHC4/KCND1/DRD2/CACNG7/EFNB2/CNIH2/CLSTN3/DAG1/NRP1/SLC6A6/NLGN2/GRIK2/FLRT3/CLSTN1/PTPRS/LRRTM4/LRFN3/GRIN2A/CTNNB1/SHANK3/ADAM22/CLCN3/NLGN1/IGSF9B/CACNG8/RGS9/GABRG3"
"GOCC_SPLICEOSOMAL_SNRNP_COMPLEX","GOCC_SPLICEOSOMAL_SNRNP_COMPLEX",60,-0.592936929804226,-1.4538110325227,0.0547945205479452,0.437861187321231,0.407387039193337,4550,"tags=50%, list=27%, signal=37%","SNU13/SNRPA/AAR2/SNRPD1/SF3B1/TXNL4B/USP39/SNRPB/SF3A1/SF3A2/LUC7L3/SNRPE/PHF5A/ZMAT2/SNRPC/SNRPA1/PRPF39/EFTUD2/PRPF8/LSM5/DDX23/PRPF18/PRPF4/PRPF40A/PPIH/SNRPD3/SF3B3/SNRPF/SF3A3/PRPF3"
"GOCC_NUCLEAR_PORE","GOCC_NUCLEAR_PORE",86,-0.542457177123522,-1.40119243429174,0.0554414784394251,0.437861187321231,0.407387039193337,3346,"tags=35%, list=20%, signal=28%","CHMP4B/RANBP17/MAD2L1/IPO7/NUP153/SUMO1/NUP93/NUP88/NUP133/CHMP5/RANBP2/SEH1L/CETN2/RGPD6/RAE1/RANGAP1/NDC1/NUP54/TPR/NUP214/RANBP1/GLE1/NUP37/NUP210/NUP205/NUP107/RAN/BICD2/XPOT/NUP188"
"GOCC_EXTRINSIC_COMPONENT_OF_MEMBRANE","GOCC_EXTRINSIC_COMPONENT_OF_MEMBRANE",222,-0.437766670266371,-1.28651618647158,0.0561555075593952,0.437861187321231,0.407387039193337,2553,"tags=25%, list=15%, signal=22%","RAC1/GRAMD1A/DNAJA3/CRKL/PPP3CA/TOR1A/LPAL2/EEA1/LYN/CYLD/GBA/NUMB/CDH2/BIN1/NDUFAF5/RHOA/IQGAP1/ATG14/CYTH3/ESYT1/ZC3H12A/GNG5/SYTL3/GNA12/BST1/KALRN/YES1/GNG10/SNAP91/STYK1/GNB1/ANXA1/TPR/KCNAB1/CDH6/PML/NLRP10/TRIO/RACGAP1/EZR/FMR1/MGLL/DCHS1/MCF2L/JUP/CDH4/VPS13A/FERMT2/CNKSR2/SYTL4/GFRA1/OTULINL/NAAA/STK39/S100A10/ERRFI1"
"GOCC_CAJAL_BODY","GOCC_CAJAL_BODY",57,-0.607573820705763,-1.46450853430883,0.0571992110453649,0.440052596975674,0.409425931693138,3743,"tags=46%, list=22%, signal=36%","NOLC1/DDX46/PHAX/HNRNPA2B1/U2AF1/GAR1/ICE1/SNRPC/XPO1/ANGEL2/FRG1/SART3/EWSR1/EFTUD2/DKC1/PRPF4/HABP4/NPAT/TOE1/NOP58/ZNF473/CDK2/FMR1/ZC3H8/PRPF3/TRIM22"
"GOCC_GOLGI_LUMEN","GOCC_GOLGI_LUMEN",47,0.672352717604772,1.52310535037676,0.0599173553719008,0.44857907253726,0.417358983843843,1301,"tags=28%, list=8%, signal=26%","WNT5A/TGFB1/SDC3/GPC6/MMP16/DAG1/APP/PROS1/MMP14/RHBDF2/WNT7B/GPC1/HSPG2"
"GOCC_SMN_COMPLEX","GOCC_SMN_COMPLEX",10,-0.807894912216092,-1.5018442754951,0.063953488372093,0.44857907253726,0.417358983843843,154,"tags=20%, list=1%, signal=20%","DDX20/GEMIN5"
"GOCC_90S_PRERIBOSOME","GOCC_90S_PRERIBOSOME",27,-0.679947324766707,-1.49317151628654,0.0615384615384615,0.44857907253726,0.417358983843843,3736,"tags=56%, list=22%, signal=43%","WDR12/RSL1D1/NOP9/RRP7A/UTP4/WDR36/NOL6/NOC4L/SRFBP1/MPHOSPH10/NOP14/PES1/UTP20/BMS1/HEATR1"
"GOCC_ENDOPLASMIC_RETICULUM_GOLGI_INTERMEDIATE_COMPARTMENT","GOCC_ENDOPLASMIC_RETICULUM_GOLGI_INTERMEDIATE_COMPARTMENT",113,0.563894741706122,1.43705511264597,0.0629770992366412,0.44857907253726,0.417358983843843,2681,"tags=32%, list=16%, signal=27%","TGFA/CNIH2/CALR/CLN8/NUCB1/MYO18A/TAPBP/SERPINH1/MGAT1/RAB6B/STING1/MPPE1/CSNK1D/DDHD2/STX5/P4HB/COPG2/CCDC115/KDELR1/CD59/SEC23IP/RER1/COPG1/WHAMM/LMAN2/TMED3/FN1/ATP6AP1/CHP1/YIF1A/AZIN2/PDIA6/COL7A1/TAP1/ASPSCR1/INPP5B"
"GOCC_LYSOSOMAL_LUMEN","GOCC_LYSOSOMAL_LUMEN",76,0.590199072712932,1.43358892716149,0.0658914728682171,0.44857907253726,0.417358983843843,2082,"tags=37%, list=12%, signal=32%","CD74/FUCA1/SDC3/GPC6/LGMN/MAN2B1/GAA/PPT2/CTSB/PLD3/ARSA/MAN2B2/GPC1/SGSH/CTSV/PSAP/HSPG2/ARSB/LIPA/IDUA/LAMP2/AGRN/TCN2/IDS/GALNS/NAGLU/PDGFRB/CTSF"
"GOCC_AXON_CYTOPLASM","GOCC_AXON_CYTOPLASM",57,-0.591674540091008,-1.42618457867389,0.0631163708086785,0.44857907253726,0.417358983843843,1800,"tags=21%, list=11%, signal=19%","RANGAP1/ARL8A/NDEL1/KIF1C/HSPB1/NEFL/RAB21/AGTPBP1/ZC3H14/SYBU/UCHL1/KIF5C"
"GOCC_NUCLEOID","GOCC_NUCLEOID",44,-0.606309324266546,-1.42193013692005,0.0638297872340425,0.44857907253726,0.417358983843843,4430,"tags=57%, list=26%, signal=42%","CLPX/DNA2/CPS1/POLG/MTERF2/FASTKD5/DDX28/FASTKD2/TEFM/SLC25A5/HSPA9/TFB2M/VDAC2/LONP1/HADHA/TFB1M/SOD2/SUPV3L1/TRMT10C/ATP5F1B/VDAC1/LRRC59/TERT/GRSF1/SHMT2"
"GOCC_SPINDLE_POLE","GOCC_SPINDLE_POLE",153,-0.480747426808065,-1.35704408084845,0.0660818391086085,0.44857907253726,0.417358983843843,3126,"tags=27%, list=18%, signal=23%","MAD2L1/CDC14B/CEP128/FAM83D/AURKA/TOPBP1/DYNC1LI1/ODF2/TOPORS/KNSTRN/RMDN3/NIN/RALBP1/CDC6/PPP2CA/KIF20B/NPM1/CEP85/PKP4/RAE1/TMEM201/CALM1/PLK4/NEK7/SBDS/HAUS8/PLK1/CKAP5/TPX2/ASPM/BEX4/KLHL21/MAPK14/POC1B/ALMS1/TTC28/CDC20/HNRNPU/CENPF/SPDL1/PLK2/KNTC1"
"GOCC_FICOLIN_1_RICH_GRANULE","GOCC_FICOLIN_1_RICH_GRANULE",147,-0.470102507636383,-1.31817333589913,0.0655253604634833,0.44857907253726,0.417358983843843,2315,"tags=24%, list=14%, signal=21%","CTSZ/DDX3X/COTL1/PSMD12/HSPA8/PSMB7/MAPK1/RHOA/ENPP4/ARL8A/CTSH/KCMF1/DIAPH1/QPCT/GLB1/SIRPA/LTA4H/UBR4/VCL/CAND1/MAPK14/JUP/OSTF1/MGAM/PSMD2/PGM2/HSP90AB1/ACLY/GPI/IMPDH1/ILF2/CTSS/ARPC5/PNP/CD55/HSPA1A"
"GOCC_GLUTAMATERGIC_SYNAPSE","GOCC_GLUTAMATERGIC_SYNAPSE",232,0.473607330268395,1.29679644867966,0.0613718411552347,0.44857907253726,0.417358983843843,1156,"tags=17%, list=7%, signal=16%","WNT5A/PLAT/PAK3/DRD2/CACNG7/EFNB2/NTNG1/CNIH2/PPFIA3/CLSTN3/IL1RAP/SNAP25/BSN/CTNND1/DAG1/NRP1/GRIK2/FBXL20/FLRT3/NTNG2/CLSTN1/PLCB1/LRFN3/GRIN2A/CLCN3/FLOT2/NLGN1/ARHGAP44/PPM1H/CDKL5/RGS9/BAIAP2/CRTC1/EPS8/GABBR1/ARC/RGS14/YWHAZ/PLEKHA5/PORCN"
"GOCC_INTRINSIC_COMPONENT_OF_POSTSYNAPTIC_DENSITY_MEMBRANE","GOCC_INTRINSIC_COMPONENT_OF_POSTSYNAPTIC_DENSITY_MEMBRANE",31,0.699331115845701,1.53024722442487,0.0673469387755102,0.451850972947319,0.420403167386906,575,"tags=26%, list=3%, signal=25%","CACNG7/EFNB2/CNIH2/CLSTN3/PTPRS/LRFN3/GRIN2A/ADAM22"
"GOCC_ENDOPLASMIC_RETICULUM_GOLGI_INTERMEDIATE_COMPARTMENT_MEMBRANE","GOCC_ENDOPLASMIC_RETICULUM_GOLGI_INTERMEDIATE_COMPARTMENT_MEMBRANE",67,0.612408403702522,1.45740018854767,0.0690335305719921,0.452640308409539,0.421137566886555,1925,"tags=22%, list=11%, signal=20%","TGFA/CNIH2/CALR/CLN8/TAPBP/MGAT1/STING1/MPPE1/CSNK1D/STX5/KDELR1/CD59/WHAMM/LMAN2/TMED3"
"GOCC_ORGANELLAR_RIBOSOME","GOCC_ORGANELLAR_RIBOSOME",81,-0.538578529374112,-1.36801981865603,0.0686070686070686,0.452640308409539,0.421137566886555,2134,"tags=22%, list=13%, signal=20%","NSUN4/MRPL45/MRPS18B/MRPS30/MRPL48/MRPL16/MRPL50/MRPS21/MRPS9/MRPL37/MRPL22/MRPS5/MRPL30/MRPL35/MRPS2/DAP3/MRPL9/MRPL24"
"GOCC_MYOFILAMENT","GOCC_MYOFILAMENT",10,-0.792172953399553,-1.47261778391661,0.0717054263565891,0.456984456984457,0.425179372547794,764,"tags=40%, list=5%, signal=38%","TPM2/TRIM32/TPM4/TPM3"
"GOCC_PRESYNAPSE","GOCC_PRESYNAPSE",329,0.43899289252869,1.24960442327875,0.0720720720720721,0.456984456984457,0.425179372547794,1829,"tags=22%, list=11%, signal=20%","DRD2/SYNGR1/SLC2A1/EFNB2/NTNG1/PPFIA3/SNAP25/KIRREL3/BSN/CTNND1/PRSS12/TRIM9/CLN8/APP/NLGN2/GRIK2/FBXL20/FLRT3/NTNG2/PPFIBP1/PTPRS/DIXDC1/LRFN3/GRIN2A/RAB3D/CTNNB1/SNCA/CLCN3/EXOC3/PIP5K1C/VAMP2/STON1/NLGN1/ARHGAP44/WFS1/RABAC1/ADGRL1/SYT5/TANC1/ROR1/BAIAP2/RAB26/PTPRN/SEPTIN5/BRSK1/CALM3/DGKI/GABBR1/ERC1/SYP/GPER1/RAB6B/PPFIBP2/ROGDI/CADPS2/MCTP2/ZNRF2/VAMP1/RAB11B/BORCS5/STX10/ERC2/SYNJ1/PFN2/DNAJC6/SYNGR3/COPS5/SCRIB/SLC17A5/SPHK1/ITGA2"
"GOCC_CELL_SUBSTRATE_JUNCTION","GOCC_CELL_SUBSTRATE_JUNCTION",387,-0.394224651786758,-1.20986442578487,0.0706150341685649,0.456984456984457,0.425179372547794,2135,"tags=25%, list=13%, signal=22%","HSPA8/MME/HNRNPK/NUMB/RALA/CDH2/TNC/MAPK1/RHOA/TADA1/MAPRE1/IQGAP1/ARHGEF2/FBLN7/MAP2K1/PLAU/HACD3/KIF23/PTK7/CD9/MSN/GNA12/B2M/YES1/MARCKS/EGFR/MAPRE2/LPXN/FLNA/CD81/ANXA1/ITGA5/ZYX/COL17A1/ACTR3/PVR/PRKAR2A/GDI2/ANXA5/CAPN5/HSPB1/THY1/EZR/CORO1C/EPB41L2/VCL/PPP1R12A/RPLP0/PPP1CC/TWF1/ARF1/RAB21/ARHGAP22/ARHGAP31/RRAS2/SCARF2/ACTB/PGM5/MDC1/JUP/ACTN2/TPM4/SPRY4/RSU1/IGF2R/ZNF185/FHL1/FLRT2/FERMT2/YWHAG/VIM/ANXA6/PCBP2/DCAF6/KLF11/TGFB1I1/FOCAD/MTF2/ACTG1/LASP1/PEAK1/RAC2/CORO2B/ARPC5/PIP5K1A/CSRP1/GJA1/CAPN2/CD46/FBLIM1/ARPC5L/TRPV4/MPZL1/PALLD/DDR2/HSPA1A"
"GOCC_ASTER","GOCC_ASTER",10,0.833967632339194,1.51896251141183,0.0740740740740741,0.464573268921095,0.432240020340707,74,"tags=10%, list=0%, signal=10%","MAPRE3"
"GOCC_SCHAFFER_COLLATERAL_CA1_SYNAPSE","GOCC_SCHAFFER_COLLATERAL_CA1_SYNAPSE",53,0.632832121771448,1.46497339833462,0.0766129032258065,0.475329517863337,0.442247658688866,1722,"tags=32%, list=10%, signal=29%","PLAT/EFNB2/NTNG1/BSN/CTNND1/FBXL20/NTNG2/CTNNB1/IQSEC2/BAIAP2/GABBR1/SYP/SHANK1/ADORA2B/PFN2/LRRTM2/CAPZB"
"GOCC_MITOCHONDRIAL_MATRIX","GOCC_MITOCHONDRIAL_MATRIX",443,-0.381333697277256,-1.18127511432135,0.0776255707762557,0.476488875935101,0.443326328061483,2142,"tags=16%, list=13%, signal=14%","SUPV3L1/MRPL16/ALDH2/MRPL50/OGDH/ACADL/TRMT10C/PUS1/FXN/BCL2L1/MRPS21/MRPS9/DLAT/ATP5F1C/ABHD10/C2orf69/ME2/MRPL37/MRPL22/GUF1/HIBCH/TRAP1/ACOT9/FH/MRPS5/TST/ATP5F1B/HADH/FLAD1/GRPEL2/PPTC7/ABCE1/CS/PITRM1/PDK3/MRPL30/VDAC1/LRRC59/AADAT/MTHFD2/TERT/DLST/MRPL35/PPIF/ALDH1B1/GRSF1/FASTKD3/HIBADH/GOT2/OXCT1/HSPA1L/GRPEL1/GARS1/GLRX2/MARS2/PCK2/MRPS2/AASS/IDH3A/GPT2/PDHA1/NMNAT3/MMAB/PDSS1/ALDH1L2/DAP3/MRPL9/MRPL24/ACSS3/SHMT2"
"GOCC_AMINOACYL_TRNA_SYNTHETASE_MULTIENZYME_COMPLEX","GOCC_AMINOACYL_TRNA_SYNTHETASE_MULTIENZYME_COMPLEX",11,-0.767696217911631,-1.45317298855946,0.0821917808219178,0.485430210325048,0.451645365804569,1248,"tags=27%, list=7%, signal=25%","MARS1/EPRS1/IARS1"
"GOCC_PHAGOCYTIC_VESICLE_MEMBRANE","GOCC_PHAGOCYTIC_VESICLE_MEMBRANE",71,0.590877216039645,1.41682720085808,0.0805500982318271,0.485430210325048,0.451645365804569,315,"tags=14%, list=2%, signal=14%","HLA-E/HLA-B/ATP6V0A4/HLA-F/HLA-C/ATP7A/DMBT1/CALR/HLA-A/ATP6V0A1"
"GOCC_RECYCLING_ENDOSOME_MEMBRANE","GOCC_RECYCLING_ENDOSOME_MEMBRANE",82,0.574219570094057,1.40437416308357,0.083011583011583,0.485430210325048,0.451645365804569,282,"tags=7%, list=2%, signal=7%","HLA-E/HLA-B/HLA-F/SLC9A7/HLA-C/HLA-A"
"GOCC_SMALL_SUBUNIT_PROCESSOME","GOCC_SMALL_SUBUNIT_PROCESSOME",37,-0.61485544897956,-1.40154126992377,0.0838206627680312,0.485430210325048,0.451645365804569,2820,"tags=35%, list=17%, signal=29%","KRR1/UTP4/WDR36/NOL6/NOC4L/MPHOSPH10/FCF1/NOP14/PRKDC/NOP58/UTP20/HEATR1/UTP25"
"GOCC_NEURON_SPINE","GOCC_NEURON_SPINE",127,0.531330505018952,1.38290370006517,0.082089552238806,0.485430210325048,0.451645365804569,1296,"tags=19%, list=8%, signal=18%","KCND1/DRD2/CNIH2/CTNND1/TANC2/APP/NR1D1/MAPT/SIPA1L1/GRIN2A/SHANK3/CTTN/ITPKA/NLGN1/ARHGAP44/NGFR/BAIAP2/DGKI/GABBR1/GPER1/ARC/RGS14/ASIC2/SHANK1"
"GOCC_PHAGOCYTIC_VESICLE","GOCC_PHAGOCYTIC_VESICLE",114,0.542160914032251,1.37992969596833,0.0841300191204589,0.485430210325048,0.451645365804569,750,"tags=12%, list=4%, signal=12%","HLA-E/HLA-B/ITGB5/ATP6V0A4/HLA-F/HLA-C/ATP7A/DMBT1/CALR/HLA-A/ATP6V0A1/CLCN3/PIP4P2/TAPBP"
"GOCC_NEUROTRANSMITTER_RECEPTOR_COMPLEX","GOCC_NEUROTRANSMITTER_RECEPTOR_COMPLEX",17,0.753710069294649,1.48911872577337,0.0867768595041322,0.485880463731788,0.452064282592742,1156,"tags=47%, list=7%, signal=44%","CACNG7/CNIH2/GRIK2/GRIN2A/OLFM2/CACNG8/EPS8/PORCN"
"GOCC_CHITOSOME","GOCC_CHITOSOME",12,0.785357256783714,1.47769630851758,0.0851926977687627,0.485880463731788,0.452064282592742,320,"tags=25%, list=2%, signal=25%","MFSD12/ATP7A/ABCB6"
"GOCC_DENDRITIC_SHAFT","GOCC_DENDRITIC_SHAFT",28,0.68278386356628,1.4699614096218,0.0875763747454175,0.485880463731788,0.452064282592742,1446,"tags=32%, list=9%, signal=29%","CNIH2/KIRREL3/APP/NLGN2/BAIAP2/GABBR1/GPER1/INPP5J/NSF"
"GOCC_SPLICEOSOMAL_TRI_SNRNP_COMPLEX","GOCC_SPLICEOSOMAL_TRI_SNRNP_COMPLEX",32,-0.624106320543643,-1.39071241984633,0.0859375,0.485880463731788,0.452064282592742,3132,"tags=50%, list=18%, signal=41%","SNRPD1/TXNL4B/USP39/SNRPB/SNRPE/ZMAT2/EFTUD2/PRPF8/LSM5/DDX23/PRPF18/PRPF4/PPIH/SNRPD3/SNRPF/PRPF3"
"GOCC_WNT_SIGNALOSOME","GOCC_WNT_SIGNALOSOME",12,0.774394494893259,1.45706922111659,0.0912778904665314,0.487705547871523,0.453762345004974,558,"tags=25%, list=3%, signal=24%","LRP6/FZD1/CTNNB1"
"GOCC_INTRINSIC_COMPONENT_OF_PRESYNAPTIC_ACTIVE_ZONE_MEMBRANE","GOCC_INTRINSIC_COMPONENT_OF_PRESYNAPTIC_ACTIVE_ZONE_MEMBRANE",12,0.770290453460043,1.44934722348623,0.0912778904665314,0.487705547871523,0.453762345004974,523,"tags=25%, list=3%, signal=24%","NTNG1/NTNG2/LRFN3"
"GOCC_PML_BODY","GOCC_PML_BODY",98,0.544978249564621,1.37399443336009,0.0895238095238095,0.487705547871523,0.453762345004974,1278,"tags=12%, list=8%, signal=11%","CIITA/TP53INP1/ZMYM2/HIPK3/DAXX/AKAP8L/ARNTL/PTEN/CHD3/RGS14/TP53INP2/UBN1"
"GOCC_NEURON_PROJECTION_CYTOPLASM","GOCC_NEURON_PROJECTION_CYTOPLASM",80,-0.52205577947018,-1.3213115343243,0.0912863070539419,0.487705547871523,0.453762345004974,1800,"tags=21%, list=11%, signal=19%","RANGAP1/ARL8A/NDEL1/UHMK1/KIF1C/HSPB1/FMR1/NEFL/RAB21/SFPQ/AGTPBP1/ZC3H14/HNRNPAB/SYBU/HNRNPU/UCHL1/KIF5C"
"GOCC_PHOSPHOLIPID_TRANSLOCATING_ATPASE_COMPLEX","GOCC_PHOSPHOLIPID_TRANSLOCATING_ATPASE_COMPLEX",10,-0.768255289295957,-1.42815580455017,0.0930232558139535,0.492425858758268,0.458154132932074,561,"tags=30%, list=3%, signal=29%","ATP11C/ATP8B1/ATP10B"
"GOCC_SYNAPTIC_CLEFT","GOCC_SYNAPTIC_CLEFT",10,0.799497112430134,1.45617898665575,0.0967078189300412,0.495904954499494,0.461391091479964,1918,"tags=40%, list=11%, signal=35%","PRSS12/LAMB2/NLGN1/LAMA5"
"GOCC_TIM23_MITOCHONDRIAL_IMPORT_INNER_MEMBRANE_TRANSLOCASE_COMPLEX","GOCC_TIM23_MITOCHONDRIAL_IMPORT_INNER_MEMBRANE_TRANSLOCASE_COMPLEX",14,-0.733571124137307,-1.41318774616244,0.0988372093023256,0.495904954499494,0.461391091479964,1596,"tags=29%, list=9%, signal=26%","TIMM21/GRPEL2/TIMM17A/GRPEL1"
"GOCC_U12_TYPE_SPLICEOSOMAL_COMPLEX","GOCC_U12_TYPE_SPLICEOSOMAL_COMPLEX",26,-0.646452638219012,-1.40984794349018,0.0978886756238004,0.495904954499494,0.461391091479964,3132,"tags=58%, list=18%, signal=47%","SNRNP35/SNRPD1/SF3B1/SNRPB/ZCRB1/SNRPE/PHF5A/RBM41/SNRNP48/DHX15/SNRPD3/SF3B3/SNRPF/YBX1/SF3B4"
"GOCC_INO80_COMPLEX","GOCC_INO80_COMPLEX",15,-0.724261421060533,-1.40785784081624,0.0970873786407767,0.495904954499494,0.461391091479964,607,"tags=40%, list=4%, signal=39%","MCRS1/INO80/RUVBL1/ACTR8/INO80C/UCHL5"
"GOCC_PIGMENT_GRANULE","GOCC_PIGMENT_GRANULE",99,0.538626132795177,1.36113363329556,0.0982986767485822,0.495904954499494,0.461391091479964,1244,"tags=16%, list=7%, signal=15%","MFSD12/SYNGR1/SLC2A1/ATP7A/PDIA4/ATP6V0A1/ABCB6/PPIB/CTSB/SYTL2/MMP14/SLC3A2/YWHAZ/MYO5A/ATP1A1/SERPINF1"
"GOCC_APICAL_PLASMA_MEMBRANE","GOCC_APICAL_PLASMA_MEMBRANE",204,-0.428421764384524,-1.24322790960642,0.0974025974025974,0.495904954499494,0.461391091479964,1763,"tags=20%, list=10%, signal=18%","MSN/SIPA1L3/ERBB2/PFKM/KCNK2/SLC16A1/SHROOM3/DUOX1/SLC9B2/DSTYK/ANXA1/KCNE4/ATP2B1/SLC39A8/ABCC1/STC1/ATP1B1/CLDN1/THY1/EZR/ATP6V1G1/ASPM/SLC6A9/ATP1B3/CTSL/PARD6G/MGAM/HSP90AB1/SLC46A1/ATP8B1/CYBRD1/NOTCH1/ADRB2/GJA1/SLC38A1/STK39/TRPV4/DDR2/PODXL/PAPPA2"
"GOCC_RNA_CAP_BINDING_COMPLEX","GOCC_RNA_CAP_BINDING_COMPLEX",11,-0.742250574406443,-1.40500690286629,0.101761252446184,0.501848227875625,0.466920726473719,3720,"tags=55%, list=22%, signal=43%","EIF4E/RNMT/CYFIP1/NCBP3/FMR1/NCBP1"
"GOCC_MICROTUBULE","GOCC_MICROTUBULE",364,-0.384049722634708,-1.17222449272556,0.101382488479263,0.501848227875625,0.466920726473719,3151,"tags=29%, list=19%, signal=24%","RPGRIP1L/DCTN2/TPPP/CEP162/CCT4/DYNC1H1/DNM1L/AURKA/DYNC1LI1/ODF2/KIF1B/TBCA/BCL10/DST/KNSTRN/RMDN3/MDM1/KIFAP3/GAS2L3/DYNLL2/RUSC1/NIN/DPYSL2/BAG2/SERP1/TPGS2/AKNA/DYNLRB1/KIFC3/FIGN/KIF20B/CHMP5/CYLD/MACF1/XIAP/TUBB6/SHROOM1/MAPRE1/IQGAP1/ARHGEF2/KLC2/RP1/KIF15/KIF23/TUBA8/DNAH2/TTLL4/NDEL1/EIF3A/SHROOM3/MAPRE2/CEP170B/TUBE1/CALM1/TCP1/NEK7/SLAIN1/SKA1/HAUS8/PLK1/KIF21B/KIF1C/HAUS6/CKAP5/RACGAP1/CCT5/CAMSAP2/TPX2/RASSF3/CEP295/ASPM/CLMP/BEX4/KIF14/SKA3/KLHL21/NAV3/DCDC2C/CCT3/TTLL5/DYNC2H1/FKBP4/CCDC181/DNAH5/SLC8A1/KIF21A/MAP6/CENPE/CCT2/TTL/ARHGAP18/TUBA1C/DNAH14/HAUS2/MAP1B/ARFGEF2/CAMSAP1/SYBU/FGF13/HNRNPU/TUBA1B/TUBB4B/CEP170/KNTC1/MID1IP1/TRPV4/KIF5C"
"GOCC_SPINDLE","GOCC_SPINDLE",362,-0.383505622842537,-1.17055315205886,0.103211009174312,0.504684341471,0.469559452978582,3453,"tags=29%, list=20%, signal=23%","TTK/HECW2/CEP350/DCTN3/CCDC117/SHCBP1/CHMP4B/CUL3/BUB1B/SEPTIN6/HMMR/CDCA8/MMS19/DIDO1/TPPP/MAD2L1/CEP162/CDC14B/CEP128/FAM83D/AURKA/TOPBP1/DYNC1LI1/ODF2/RIF1/SPIN1/TOPORS/KNSTRN/RMDN3/KIFAP3/NIN/RALBP1/CDC6/PPP2CA/IQCB1/KIF20B/FMN2/NPM1/CHMP5/CYLD/XIAP/CEP85/MAPK1/MAPRE1/ARHGEF2/KIF15/ECT2/PKP4/KIF23/RAE1/RANGAP1/TMEM201/ARL8A/DIAPH1/MAP7D3/CAPG/NDEL1/MAPRE2/CALM1/PLK4/TPR/TMEM9/NEK7/SBDS/HSPA2/VRK1/SKA1/CLTA/HAUS8/PLK1/HAUS6/CKAP5/HSPB1/RACGAP1/NSUN2/TPX2/LIMK2/CEP295/ASPM/BEX4/KIF14/SKA3/KLHL21/ANKFN1/MAPK14/SPECC1L/POC1B/ALMS1/HNF4G/CENPE/TTC28/CDC20/TTL/HAUS2/PHLPP2/KBTBD8/HNRNPU/CENPF/SPDL1/PLK2/CEP170/ANAPC7/KNTC1/RPS6KA2"
"GOCC_GEMINI_OF_COILED_BODIES","GOCC_GEMINI_OF_COILED_BODIES",12,-0.738112833534475,-1.40867841768492,0.104125736738703,0.504878572254049,0.469740165738511,2705,"tags=33%, list=16%, signal=28%","DDX20/HABP4/NPAT/GEMIN5"
"GOCC_MULTIVESICULAR_BODY","GOCC_MULTIVESICULAR_BODY",41,0.637311323456053,1.44125794482726,0.11018711018711,0.505860095976375,0.470653377630122,320,"tags=7%, list=2%, signal=7%","CD74/STEAP3/ABCB6"
"GOCC_INTRACILIARY_TRANSPORT_PARTICLE","GOCC_INTRACILIARY_TRANSPORT_PARTICLE",25,0.683881219808755,1.43819054047684,0.107216494845361,0.505860095976375,0.470653377630122,1812,"tags=20%, list=11%, signal=18%","IFT27/IFT140/IFT122/IFT81/IFT20"
"GOCC_INTEGRIN_COMPLEX","GOCC_INTEGRIN_COMPLEX",20,0.697547453235847,1.41755699051783,0.109053497942387,0.505860095976375,0.470653377630122,2108,"tags=35%, list=12%, signal=31%","ITGB5/ITGB8/ITGA1/ITGA2/ITGA4/ITGB1/ITGAM"
"GOCC_GABA_RECEPTOR_COMPLEX","GOCC_GABA_RECEPTOR_COMPLEX",12,-0.731506084495159,-1.39606952598177,0.106090373280943,0.505860095976375,0.470653377630122,228,"tags=25%, list=1%, signal=25%","GABRQ/GABRA6/GABRB2"
"GOCC_GOLGI_TRANS_CISTERNA","GOCC_GOLGI_TRANS_CISTERNA",11,-0.737381184701302,-1.39578962990703,0.107632093933464,0.505860095976375,0.470653377630122,41,"tags=18%, list=0%, signal=18%","SGMS1/ST6GAL1"
"GOCC_MESSENGER_RIBONUCLEOPROTEIN_COMPLEX","GOCC_MESSENGER_RIBONUCLEOPROTEIN_COMPLEX",12,-0.728836281585466,-1.39097424302842,0.110019646365422,0.505860095976375,0.470653377630122,1054,"tags=33%, list=6%, signal=31%","FMR1/YBX1/HNRNPAB/CPEB1"
"GOCC_INTRINSIC_COMPONENT_OF_SYNAPTIC_MEMBRANE","GOCC_INTRINSIC_COMPONENT_OF_SYNAPTIC_MEMBRANE",87,0.549251046131159,1.35271023590253,0.11046511627907,0.505860095976375,0.470653377630122,1007,"tags=22%, list=6%, signal=21%","DRD2/CACNG7/EFNB2/NTNG1/CNIH2/CLSTN3/NRP1/SLC6A6/NLGN2/FLRT3/NTNG2/PTPRS/LRFN3/GRIN2A/ADAM22/CLCN3/NLGN1/GABRG3/GABBR1"
"GOCC_PROTON_TRANSPORTING_V_TYPE_ATPASE_V0_DOMAIN","GOCC_PROTON_TRANSPORTING_V_TYPE_ATPASE_V0_DOMAIN",12,0.738854093578942,1.39019784586442,0.115618661257606,0.521187246450304,0.484913793103448,315,"tags=17%, list=2%, signal=16%","ATP6V0A4/ATP6V0A1"
"GOCC_MICROTUBULE_ASSOCIATED_COMPLEX","GOCC_MICROTUBULE_ASSOCIATED_COMPLEX",123,-0.462169592554713,-1.2615049006406,0.115384615384615,0.521187246450304,0.484913793103448,2396,"tags=27%, list=14%, signal=23%","CDCA8/DCTN2/DYNC1H1/AURKA/DYNC1LI1/KIF1B/KIFAP3/DYNLL2/DYNLRB1/KIFC3/KIF20B/PXN/KLC2/RP1/KIF15/KIF23/DNAH2/NDEL1/TPR/HAUS8/KIF21B/KIF1C/HAUS6/KIF14/DYNC2H1/DNAH5/KIF21A/DNAH14/HAUS2/MAP1B/PEA15/LRP8/KIF5C"
"GOCC_PROTEIN_COMPLEX_INVOLVED_IN_CELL_ADHESION","GOCC_PROTEIN_COMPLEX_INVOLVED_IN_CELL_ADHESION",26,0.662028592672363,1.40263543084038,0.118503118503119,0.525971533663841,0.48936510474972,2506,"tags=38%, list=15%, signal=33%","ITGB5/ITGB8/ITGA1/JAM3/ITGA2/ITGA4/ITGB1/ITGAM/CTLA4/ITGA3"
"GOCC_MANCHETTE","GOCC_MANCHETTE",10,-0.747731582123947,-1.39000305514905,0.118217054263566,0.525971533663841,0.48936510474972,1386,"tags=40%, list=8%, signal=37%","STRBP/CCDC181/RIMBP3C/RAN"
"GOCC_CELL_CORTEX_REGION","GOCC_CELL_CORTEX_REGION",32,0.627713544613489,1.39106274425192,0.126530612244898,0.538447181784248,0.50097247598279,1797,"tags=31%, list=11%, signal=28%","PPFIA3/BSN/CTNND1/GPSM2/CTNNB1/CLASP1/ERC1/PKD2/ERC2/SPTBN5"
"GOCC_INTRINSIC_COMPONENT_OF_PRESYNAPTIC_MEMBRANE","GOCC_INTRINSIC_COMPONENT_OF_PRESYNAPTIC_MEMBRANE",35,0.622937564714074,1.38749225005219,0.130346232179226,0.538447181784248,0.50097247598279,523,"tags=14%, list=3%, signal=14%","DRD2/EFNB2/NTNG1/NTNG2/LRFN3"
"GOCC_VACUOLAR_PROTON_TRANSPORTING_V_TYPE_ATPASE_V0_DOMAIN","GOCC_VACUOLAR_PROTON_TRANSPORTING_V_TYPE_ATPASE_V0_DOMAIN",10,0.755250912865027,1.37559034531564,0.127572016460905,0.538447181784248,0.50097247598279,315,"tags=20%, list=2%, signal=20%","ATP6V0A4/ATP6V0A1"
"GOCC_INTRACILIARY_TRANSPORT_PARTICLE_B","GOCC_INTRACILIARY_TRANSPORT_PARTICLE_B",18,0.685573488470442,1.36833685741903,0.123481781376518,0.538447181784248,0.50097247598279,1812,"tags=17%, list=11%, signal=15%","IFT27/IFT81/IFT20"
"GOCC_MITOCHONDRIAL_SMALL_RIBOSOMAL_SUBUNIT","GOCC_MITOCHONDRIAL_SMALL_RIBOSOMAL_SUBUNIT",26,-0.625991994823589,-1.36522534578063,0.130518234165067,0.538447181784248,0.50097247598279,1906,"tags=31%, list=11%, signal=27%","MRPL42/MRPS34/MRPS18B/MRPS21/MRPS9/MRPS5/MRPS2/DAP3"
"GOCC_SWI_SNF_COMPLEX","GOCC_SWI_SNF_COMPLEX",24,-0.630679497000903,-1.35792488627706,0.124760076775432,0.538447181784248,0.50097247598279,2236,"tags=25%, list=13%, signal=22%","SMARCC1/SMARCD1/BCL11A/ARID2/BICRAL/SMARCA2"
"GOCC_INTERMEDIATE_FILAMENT","GOCC_INTERMEDIATE_FILAMENT",51,0.588614081160543,1.34708775626451,0.131578947368421,0.538447181784248,0.50097247598279,376,"tags=12%, list=2%, signal=12%","HLA-DRB1/IFFO2/RTN2/NRP1/SYNC/KRT14"
"GOCC_PERIKARYON","GOCC_PERIKARYON",83,-0.499818084665824,-1.27761482665294,0.125256673511294,0.538447181784248,0.50097247598279,1542,"tags=17%, list=9%, signal=15%","BRD1/FLNA/CACNA1C/SYT11/DDN/CTNND2/FMR1/MYO1D/C9orf72/RTN4R/AMIGO1/MAP1B/GLUL/ASTN1"
"GOCC_APICAL_PART_OF_CELL","GOCC_APICAL_PART_OF_CELL",250,-0.396858518839583,-1.17760429984312,0.131403118040089,0.538447181784248,0.50097247598279,2109,"tags=25%, list=12%, signal=22%","VANGL2/NUMB/HIP1R/SLC9A3R1/CDH2/SHROOM1/CETN2/HAX1/MYO7B/NF2/MSN/SIPA1L3/ERBB2/PFKM/KCNK2/SLC16A1/SHROOM3/DUOX1/MYO5B/SLC9B2/DSTYK/ANXA1/EDA/KCNE4/ATP2B1/SLC39A8/EPB41L4B/ABCC1/STC1/ATP1B1/CLDN1/THY1/EZR/ATP6V1G1/ASPM/DYNC2H1/DCHS1/INSC/SLC6A9/TCHP/TJP1/ATP1B3/CTSL/PARD6G/MGAM/LDLR/MYO1B/HSP90AB1/SLC46A1/CLIC4/ACTG1/ATP8B1/CYBRD1/NOTCH1/ADRB2/GJA1/SLC38A1/STK39/TRPV4/DDR2/PODXL/PAPPA2"
"GOCC_ACTIN_CYTOSKELETON","GOCC_ACTIN_CYTOSKELETON",378,-0.375351589113266,-1.14719801209112,0.130232558139535,0.538447181784248,0.50097247598279,2202,"tags=24%, list=13%, signal=22%","TAF5/FSCN1/ACACA/AXL/NEXN/MACF1/COTL1/ABL2/FKBP15/DDX58/HNRNPK/SLC9A3R1/CDH2/SHROOM1/PPP1R9A/BIN1/IQGAP1/HAX1/MYO7B/KLHL14/NF2/SIPA1L3/MYLK/KALRN/YES1/NDC1/MARCKS/NEB/CAPG/SHROOM3/MYO5B/LPXN/EFR3B/CENPQ/FLNA/ANXA1/CALD1/WDR1/KANSL2/ZYX/SEPTIN11/ACTR3/MYH15/ALG2/EZR/CORO1C/EPB41L2/MYO1D/VCL/PPP1R12A/MYL9/TWF1/CGNL1/SWAP70/ACTB/PGM5/COBL/JUP/TJP1/DHX9/ACTN2/TPM4/SPECC1L/AFAP1L1/ZNF185/FERMT2/MYO1B/ARHGAP6/SPTAN1/CLIC4/ACTG1/LASP1/PEAK1/RAC2/ABLIM1/MYO5C/PAWR/CORO2B/ARPC5/MYH10/GBP1/KNTC1/CAPN2/FBLIM1/ARPC5L/CD274/SPECC1/TRPV4/PALLD/TPM3/DDR2/DAPK1"
"GOCC_POLYMERIC_CYTOSKELETAL_FIBER","GOCC_POLYMERIC_CYTOSKELETAL_FIBER",493,-0.363919158791707,-1.139117097914,0.128805620608899,0.538447181784248,0.50097247598279,1948,"tags=20%, list=11%, signal=18%","MAPRE1/IQGAP1/ARHGEF2/KLC2/RP1/KIF15/KIF23/TUBA8/DNAH2/KRTAP2-3/YES1/TTLL4/NDEL1/EIF3A/SHROOM3/MAPRE2/KRT81/KRT222/CEP170B/TUBE1/ANXA1/CALM1/TCP1/NEK7/SLAIN1/KRT18/SKA1/HAUS8/PLK1/KIF21B/KIF1C/HAUS6/CKAP5/RACGAP1/CCT5/EZR/CAMSAP2/TPX2/RASSF3/CEP295/ASPM/CLMP/SLC1A4/BEX4/KIF14/SKA3/KLHL21/NAV3/DCDC2C/NEFL/CCT3/TTLL5/TWF1/DYNC2H1/FKBP4/ACTB/TCHP/COBL/CCDC181/JUP/DNAH5/SLC8A1/ACTN2/TPM4/KIF21A/SPECC1L/KRT34/MAP6/CENPE/VIM/MYO1B/CCT2/TTL/ARHGAP18/ARHGAP6/TUBA1C/DNAH14/HAUS2/MAP1B/ACTG1/ARFGEF2/CAMSAP1/RAC2/SYBU/FGF13/HNRNPU/PAWR/TUBA1B/PNN/TUBB4B/CEP170/KNTC1/GJA1/MID1IP1/SPECC1/TRPV4/PALLD/KRT87P/TPM3/KIF5C"
"GOCC_NUCLEAR_INNER_MEMBRANE","GOCC_NUCLEAR_INNER_MEMBRANE",50,0.588759272625267,1.34260772052565,0.13347022587269,0.542340284003818,0.504594627094677,401,"tags=10%, list=2%, signal=10%","SMAD3/TMX4/TM7SF2/PTGS2/ERN1"
"GOCC_INO80_TYPE_COMPLEX","GOCC_INO80_TYPE_COMPLEX",26,-0.621565203859807,-1.35557096158051,0.136276391554703,0.549870475014429,0.511600733845405,1231,"tags=19%, list=7%, signal=18%","EP400/ACTR6/ANP32E/INO80C/UCHL5"
"GOCC_PRESYNAPTIC_MEMBRANE","GOCC_PRESYNAPTIC_MEMBRANE",88,0.524352414574631,1.297426686231,0.138996138996139,0.556949806949807,0.518187360292624,1076,"tags=18%, list=6%, signal=17%","DRD2/EFNB2/NTNG1/SNAP25/NLGN2/GRIK2/NTNG2/LRFN3/GRIN2A/CTNNB1/EXOC3/ADGRL1/GABBR1/ERC1/SYP/GPER1"
"GOCC_INTRINSIC_COMPONENT_OF_POSTSYNAPTIC_MEMBRANE","GOCC_INTRINSIC_COMPONENT_OF_POSTSYNAPTIC_MEMBRANE",66,0.547682933978862,1.29627420082158,0.142,0.561191780821918,0.522134102379236,730,"tags=23%, list=4%, signal=22%","DRD2/CACNG7/EFNB2/CNIH2/CLSTN3/NRP1/SLC6A6/NLGN2/FLRT3/PTPRS/LRFN3/GRIN2A/ADAM22/CLCN3/NLGN1"
"GOCC_RECYCLING_ENDOSOME","GOCC_RECYCLING_ENDOSOME",164,0.468159806254362,1.25376586671141,0.141544117647059,0.561191780821918,0.522134102379236,1231,"tags=15%, list=7%, signal=14%","HLA-E/HLA-B/HLA-F/SLC9A7/HLA-C/INPP5F/MICALL2/RAB4B/MELTF/HLA-A/APP/CLCN3/FCHSD1/RAB11FIP3/ARHGAP44/VIPAS39/SYT5/GPER1/HFE/CMTM6/MYO5A/TBC1D17/RAB11FIP4/NISCH"
"GOCC_LAMININ_COMPLEX","GOCC_LAMININ_COMPLEX",11,0.730940467012229,1.35097731953358,0.144602851323829,0.567590783767682,0.528087749195508,589,"tags=27%, list=3%, signal=26%","NTNG1/NTNG2/LAMB2"
"GOCC_PROTON_TRANSPORTING_TWO_SECTOR_ATPASE_COMPLEX_PROTON_TRANSPORTING_DOMAIN","GOCC_PROTON_TRANSPORTING_TWO_SECTOR_ATPASE_COMPLEX_PROTON_TRANSPORTING_DOMAIN",25,0.626928143297858,1.31841919200798,0.14639175257732,0.570730008358874,0.531008490856565,1657,"tags=20%, list=10%, signal=18%","ATP6V0A4/ATP6V0A1/ATP5PO/TCIRG1/ATP5PD"
"GOCC_POSTSYNAPTIC_SPECIALIZATION_INTRACELLULAR_COMPONENT","GOCC_POSTSYNAPTIC_SPECIALIZATION_INTRACELLULAR_COMPONENT",11,0.723367981603537,1.336981301388,0.14867617107943,0.571907671418873,0.532104191231643,913,"tags=27%, list=5%, signal=26%","CTNND1/CTNNB1/BAIAP2"
"GOCC_SNO_S_RNA_CONTAINING_RIBONUCLEOPROTEIN_COMPLEX","GOCC_SNO_S_RNA_CONTAINING_RIBONUCLEOPROTEIN_COMPLEX",23,-0.620849548146646,-1.32933831601943,0.148362235067437,0.571907671418873,0.532104191231643,4704,"tags=61%, list=28%, signal=44%","SNU13/NOP56/RRP9/POP4/NOLC1/GAR1/POP7/RPP40/MPHOSPH10/DKC1/RPP30/NAF1/NOP58/POP1"
"GOCC_SMN_SM_PROTEIN_COMPLEX","GOCC_SMN_SM_PROTEIN_COMPLEX",17,-0.668142646640071,-1.33484236742123,0.152509652509653,0.575150781033134,0.535121587753167,3132,"tags=29%, list=18%, signal=24%","SNRPE/DDX20/SNRPD3/SNRPF/GEMIN5"
"GOCC_RNA_POLYMERASE_COMPLEX","GOCC_RNA_POLYMERASE_COMPLEX",101,-0.465705518717718,-1.2300197368592,0.151578947368421,0.575150781033134,0.535121587753167,3787,"tags=29%, list=22%, signal=22%","CRCP/GTF2H2/TAF6/PRIM2/POLR2M/POLR1A/PRIM1/POLR1G/MMS19/RPRD1A/ZNFX1/POLR2B/POLR2F/TAF3/CDK7/TAF5/POLR3K/GTF2E1/POLR3C/POLR3F/POLR1F/CDC73/TAF5L/TERT/POLR3B/GTF2H3/POLR1E/CCNH/RPRD2"
"GOCC_EXTRINSIC_COMPONENT_OF_PLASMA_MEMBRANE","GOCC_EXTRINSIC_COMPONENT_OF_PLASMA_MEMBRANE",114,-0.448638252699661,-1.21679691440094,0.152400835073069,0.575150781033134,0.535121587753167,2553,"tags=32%, list=15%, signal=27%","RAC1/GRAMD1A/DNAJA3/CRKL/PPP3CA/LPAL2/EEA1/LYN/CYLD/NUMB/CDH2/RHOA/IQGAP1/CYTH3/ESYT1/GNG5/SYTL3/GNA12/YES1/GNG10/SNAP91/STYK1/GNB1/ANXA1/KCNAB1/CDH6/NLRP10/RACGAP1/FMR1/DCHS1/JUP/CDH4/FERMT2/CNKSR2/S100A10/ERRFI1"
"GOCC_PORE_COMPLEX","GOCC_PORE_COMPLEX",18,-0.656845033504416,-1.32561645070957,0.153543307086614,0.575288884344002,0.53525007938601,2483,"tags=56%, list=15%, signal=47%","TOMM40/SLC25A5/VDAC2/TOMM40L/BCL2/AFDN/PLEKHA7/VDAC1/PPIF/SLC25A4"
"GOCC_NUCLEAR_CYCLIN_DEPENDENT_PROTEIN_KINASE_HOLOENZYME_COMPLEX","GOCC_NUCLEAR_CYCLIN_DEPENDENT_PROTEIN_KINASE_HOLOENZYME_COMPLEX",10,-0.719045266498991,-1.33667634364865,0.155038759689922,0.575818057671096,0.53574242344661,2647,"tags=70%, list=16%, signal=59%","BCCIP/CDK12/CDK7/CCNK/CCNT1/CCNT2/CCNH"
"GOCC_PLATELET_ALPHA_GRANULE_LUMEN","GOCC_PLATELET_ALPHA_GRANULE_LUMEN",42,0.590595721725544,1.33279385402587,0.157676348547718,0.575818057671096,0.53574242344661,698,"tags=24%, list=4%, signal=23%","TGFB1/VEGFA/APP/PROS1/THBS1/TIMP1/TGFB3/SPARC/PCYOX1L/VEGFB"
"GOCC_RIBONUCLEASE_P_COMPLEX","GOCC_RIBONUCLEASE_P_COMPLEX",12,-0.692290620108184,-1.32122733951429,0.157170923379175,0.575818057671096,0.53574242344661,2931,"tags=58%, list=17%, signal=48%","POP4/RPP14/POP7/RPP40/RPP30/TRMT10C/POP1"
"GOCC_GOLGI_ASSOCIATED_VESICLE_MEMBRANE","GOCC_GOLGI_ASSOCIATED_VESICLE_MEMBRANE",44,-0.538652073972619,-1.26325884600686,0.156673114119923,0.575818057671096,0.53574242344661,1943,"tags=23%, list=11%, signal=20%","ZDHHC17/COPZ1/GPR89A/CLTA/NCALD/TMED2/DIPK2A/AP1G2/COPA/GJA1"
"GOCC_NODE_OF_RANVIER","GOCC_NODE_OF_RANVIER",10,0.725955059993136,1.32223179694198,0.162551440329218,0.577649043869516,0.537445977147593,654,"tags=30%, list=4%, signal=29%","SPOCK1/DAG1/NFASC"
"GOCC_AXONAL_GROWTH_CONE","GOCC_AXONAL_GROWTH_CONE",21,-0.628873716545025,-1.31396837583643,0.164705882352941,0.577649043869516,0.537445977147593,1542,"tags=38%, list=9%, signal=35%","FLNA/NEO1/C9orf72/RTN4R/FKBP4/COBL/HSP90AB1/KIF5C"
"GOCC_ZYMOGEN_GRANULE","GOCC_ZYMOGEN_GRANULE",11,0.710229266913686,1.31269737355135,0.173116089613035,0.577649043869516,0.537445977147593,1292,"tags=36%, list=8%, signal=34%","DMBT1/RAB3D/VAMP2/DNASE1"
"GOCC_POSTSYNAPTIC_ENDOSOME","GOCC_POSTSYNAPTIC_ENDOSOME",13,0.686341867790918,1.30966591690147,0.172484599589322,0.577649043869516,0.537445977147593,2098,"tags=23%, list=12%, signal=20%","CLSTN1/ARC/GRIPAP1"
"GOCC_PALMITOYLTRANSFERASE_COMPLEX","GOCC_PALMITOYLTRANSFERASE_COMPLEX",10,0.718954484685401,1.30948116845423,0.172839506172839,0.577649043869516,0.537445977147593,86,"tags=10%, list=1%, signal=10%","GOLGA7B"
"GOCC_MRNA_CLEAVAGE_FACTOR_COMPLEX","GOCC_MRNA_CLEAVAGE_FACTOR_COMPLEX",18,-0.647935967828195,-1.3076365567948,0.175196850393701,0.577649043869516,0.537445977147593,3477,"tags=39%, list=21%, signal=31%","NUDT21/PCF11/FIP1L1/CSTF2T/CSTF1/CSTF2/CPSF6"
"GOCC_CARBOXY_TERMINAL_DOMAIN_PROTEIN_KINASE_COMPLEX","GOCC_CARBOXY_TERMINAL_DOMAIN_PROTEIN_KINASE_COMPLEX",18,-0.647810075124193,-1.30738248554369,0.175196850393701,0.577649043869516,0.537445977147593,4108,"tags=56%, list=24%, signal=42%","ERCC2/CDK12/GTF2H2/MMS19/CDK7/CCNK/CCNT1/CCNT2/GTF2H3/CCNH"
"GOCC_T_TUBULE","GOCC_T_TUBULE",35,0.577693969549856,1.28671949013095,0.175152749490835,0.577649043869516,0.537445977147593,1193,"tags=20%, list=7%, signal=19%","CACNG7/IGF1R/RTN2/TGFB3/RDX/CACNG8/ATP1A1"
"GOCC_MICROVILLUS","GOCC_MICROVILLUS",54,0.553072231627416,1.28210887004391,0.172344689378758,0.577649043869516,0.537445977147593,1132,"tags=26%, list=7%, signal=24%","SLC26A2/TGFB1/ATP7A/SLC6A6/SLC7A5/PTPRH/MYO1E/WWOX/CTNNB1/RDX/NFASC/JAM3/ATP6V1A/AOC3"
"GOCC_CAVEOLA","GOCC_CAVEOLA",62,0.537299542241302,1.25630523187893,0.175050301810865,0.577649043869516,0.537445977147593,1405,"tags=24%, list=8%, signal=22%","SLC2A1/IGF1R/MYOF/SORBS1/PTGS2/LRP6/INSR/CTNNB1/FLOT2/RANGRF/CTNNA1/PLPP2/TGFBR2/ADRA1B/KCNMA1"
"GOCC_SPECIFIC_GRANULE_LUMEN","GOCC_SPECIFIC_GRANULE_LUMEN",40,-0.543258153081187,-1.25514783045432,0.172480620155039,0.577649043869516,0.537445977147593,2315,"tags=30%, list=14%, signal=26%","CTSZ/DOCK2/B2M/QPCT/CEP290/TCN1/VCL/JUP/SPTAN1/ILF2/QSOX1/PTX3"
"GOCC_INTERMEDIATE_FILAMENT_CYTOSKELETON","GOCC_INTERMEDIATE_FILAMENT_CYTOSKELETON",87,0.50821935889776,1.25165629397938,0.172480620155039,0.577649043869516,0.537445977147593,1076,"tags=13%, list=6%, signal=12%","HLA-DRB1/IFFO2/RTN2/NRP1/SYNC/KRT14/ING4/MMP14/BCAS3/PJA2/GPER1"
"GOCC_SARCOLEMMA","GOCC_SARCOLEMMA",87,0.506000557644676,1.24619177062959,0.174418604651163,0.577649043869516,0.537445977147593,887,"tags=14%, list=5%, signal=13%","CACNG7/SLC2A1/SNTB1/IGF1R/RTN2/DAG1/SYNC/COL6A1/TGFB3/RDX/CACNG8/FKRP"
"GOCC_PLASMA_MEMBRANE_RAFT","GOCC_PLASMA_MEMBRANE_RAFT",76,0.508575829110968,1.23532670745161,0.174418604651163,0.577649043869516,0.537445977147593,1453,"tags=22%, list=9%, signal=21%","SLC2A1/IGF1R/DAG1/MYOF/SORBS1/PTGS2/LRP6/INSR/CTNNB1/FLOT2/RANGRF/CTNNA1/PLPP2/TGFBR2/ADRA1B/KCNMA1/LRP4"
"GOCC_ATPASE_COMPLEX","GOCC_ATPASE_COMPLEX",84,-0.478681512201585,-1.22842593093767,0.171779141104294,0.577649043869516,0.537445977147593,1231,"tags=25%, list=7%, signal=23%","BAZ1B/SS18L1/ACTR8/DEK/SMARCC1/HMGXB4/DDX21/SMARCD1/EP400/ACTR6/BCL11A/GATAD2A/ARID2/ANP32E/INO80C/HDAC2/BICRAL/POLE3/SMARCA2/BAZ1A/UCHL5"
"GOCC_MICROBODY","GOCC_MICROBODY",121,-0.444110347902441,-1.21086980344151,0.164556962025316,0.577649043869516,0.537445977147593,2199,"tags=17%, list=13%, signal=15%","IDE/MVD/MVK/HSDL2/ACSL4/PLAAT3/ISOC1/MIEF1/EHHADH/FAR1/GNPAT/HMGCR/IDI1/VIM/PEX19/CD33/NUDT19/DDO/MTARC2/FAR2/MGST1"
"GOCC_ENDOPLASMIC_RETICULUM_LUMEN","GOCC_ENDOPLASMIC_RETICULUM_LUMEN",212,0.439186555037764,1.18862334096373,0.170686456400742,0.577649043869516,0.537445977147593,1496,"tags=25%, list=9%, signal=23%","WNT5A/COL1A1/COL18A1/SCG2/PDIA4/COL5A1/DAG1/MELTF/CALR/APP/NUCB1/ARSG/COL8A1/PTGS2/COL9A3/THBS1/COL6A1/COL4A1/FAM20C/HYOU1/PPIB/COL16A1/LTBP1/TIMP1/LAMB2/COL22A1/ARSD/PNPLA2/CSF1/FKBP14/MANF/IL6/FKBP10/ALG12/WFS1/SERPINH1/ARSJ/POGLUT1/COL15A1/ADAMTS7/H6PD/PRKCSH/ARSA/WNT7B/DNAJC3/P4HA2/POGLUT2/PDGFD/ARSB/COL4A5/OS9/P4HB/STC2"
"GOCC_CILIARY_MEMBRANE","GOCC_CILIARY_MEMBRANE",45,0.562266575511818,1.28254073938795,0.176591375770021,0.578938771700579,0.538645942839178,2112,"tags=33%, list=12%, signal=29%","DHRS3/DRD2/TMEM67/SHANK3/BBS2/BBS9/PKD2/BBS1/IQCE/EVC/EHD3/BBS4/PDE6A/TXNDC15/HHIP"
"GOCC_PRERIBOSOME_SMALL_SUBUNIT_PRECURSOR","GOCC_PRERIBOSOME_SMALL_SUBUNIT_PRECURSOR",14,-0.676345985136806,-1.30294640412072,0.180232558139535,0.582293577981651,0.541767262192178,3635,"tags=71%, list=21%, signal=56%","TSR1/RIOK3/NOP9/BYSL/RIOK2/LTV1/NOC4L/NOP14/UTP20/RRP1B"
"GOCC_FLEMMING_BODY","GOCC_FLEMMING_BODY",31,-0.566636179513256,-1.25634072669542,0.181640625,0.582293577981651,0.541767262192178,2079,"tags=29%, list=12%, signal=26%","RALA/KIF23/CAPG/RACGAP1/KIF14/C9orf72/CEP55/RAN/USP3"
"GOCC_PLATELET_ALPHA_GRANULE","GOCC_PLATELET_ALPHA_GRANULE",60,0.542599147527252,1.25592838442089,0.181262729124236,0.582293577981651,0.541767262192178,698,"tags=20%, list=4%, signal=19%","TGFB1/VEGFA/APP/PROS1/THBS1/CD109/TIMP1/TGFB3/SNCA/SPARC/PCYOX1L/VEGFB"
"GOCC_EXTERNAL_SIDE_OF_PLASMA_MEMBRANE","GOCC_EXTERNAL_SIDE_OF_PLASMA_MEMBRANE",171,0.442738856832142,1.18967507860596,0.181651376146789,0.582293577981651,0.541767262192178,820,"tags=13%, list=5%, signal=12%","HLA-DRB1/CD74/HLA-E/HLA-F/HEG1/BTN3A1/BTN2A2/ADA/BTN3A3/DAG1/TNFRSF11A/CALR/SLC7A5/ITGA1/THBS1/INSR/BTN3A2/CLCN3/CTSB/NLGN1/ENOX1/IL11RA"
"GOCC_DYSTROPHIN_ASSOCIATED_GLYCOPROTEIN_COMPLEX","GOCC_DYSTROPHIN_ASSOCIATED_GLYCOPROTEIN_COMPLEX",12,0.684330692056197,1.28760882862156,0.186612576064909,0.582404462919348,0.54187042978905,216,"tags=17%, list=1%, signal=16%","SNTB1/DAG1"
"GOCC_GLYCOPROTEIN_COMPLEX","GOCC_GLYCOPROTEIN_COMPLEX",12,0.684330692056197,1.28760882862156,0.186612576064909,0.582404462919348,0.54187042978905,216,"tags=17%, list=1%, signal=16%","SNTB1/DAG1"
"GOCC_ATPASE_DEPENDENT_TRANSMEMBRANE_TRANSPORT_COMPLEX","GOCC_ATPASE_DEPENDENT_TRANSMEMBRANE_TRANSPORT_COMPLEX",10,-0.690676214437924,-1.28393941240314,0.184108527131783,0.582404462919348,0.54187042978905,1167,"tags=40%, list=7%, signal=37%","ATP1B1/ATP1B3/KCNJ8/ABCC9"
"GOCC_MICROTUBULE_PLUS_END","GOCC_MICROTUBULE_PLUS_END",22,0.616668519840894,1.28208253194544,0.194331983805668,0.582404462919348,0.54187042978905,559,"tags=14%, list=3%, signal=13%","MAPRE3/NCKAP5/CLASP1"
"GOCC_CONTRACTILE_RING","GOCC_CONTRACTILE_RING",10,0.701080399920785,1.27692587058602,0.199588477366255,0.582404462919348,0.54187042978905,517,"tags=20%, list=3%, signal=19%","DAG1/RTKN"
"GOCC_X_CHROMOSOME","GOCC_X_CHROMOSOME",11,-0.66804931018643,-1.26455125079234,0.197651663405088,0.582404462919348,0.54187042978905,1683,"tags=55%, list=10%, signal=49%","LRIF1/H3-3B/SMCHD1/H2AZ1/CDK2/H3-3A"
"GOCC_PROTON_TRANSPORTING_V_TYPE_ATPASE_COMPLEX","GOCC_PROTON_TRANSPORTING_V_TYPE_ATPASE_COMPLEX",24,0.6001575827527,1.26100053826308,0.197505197505198,0.582404462919348,0.54187042978905,1614,"tags=21%, list=10%, signal=19%","ATP6V0A4/ATP6V0A1/ATP6V1A/CCDC115/TCIRG1"
"GOCC_U2_SNRNP","GOCC_U2_SNRNP",22,-0.596759453180774,-1.25571538297008,0.196850393700787,0.582404462919348,0.54187042978905,4411,"tags=50%, list=26%, signal=37%","SNRPD1/SF3B1/SNRPB/SF3A1/SF3A2/SNRPE/PHF5A/SNRPA1/SNRPD3/SF3B3/SF3A3"
"GOCC_CHAPERONE_COMPLEX","GOCC_CHAPERONE_COMPLEX",31,-0.557093666731414,-1.23518315173588,0.193359375,0.582404462919348,0.54187042978905,3111,"tags=42%, list=18%, signal=34%","CCT4/RUVBL1/TSC1/BAG2/HSPA8/STIP1/HSPB8/TCP1/CCT5/CCT3/PTGES3/CCT2/HSP90AB1"
"GOCC_NON_MOTILE_CILIUM","GOCC_NON_MOTILE_CILIUM",91,0.492350788165039,1.2227240538451,0.190751445086705,0.582404462919348,0.54187042978905,1858,"tags=16%, list=11%, signal=15%","DHRS3/DRD2/KIAA1549/ARL3/IFT140/LCA5/PKD2/IFT122/MERTK/BBS4/ELMOD3/SPTBN5/IFT20/PEX6/PDE6A"
"GOCC_CATION_CHANNEL_COMPLEX","GOCC_CATION_CHANNEL_COMPLEX",100,0.482535496778339,1.21534954831571,0.197343453510436,0.582404462919348,0.54187042978905,1407,"tags=18%, list=8%, signal=17%","KCND1/CACNG7/CNIH2/TRPM4/PDE4D/GRIK2/KCNIP3/HCN1/GRIN2A/KCNN4/OLFM2/KCNAB3/CACNG8/CALM3/EPS8/PORCN/KCNMA1/PKD2"
"GOCC_ACTIN_FILAMENT_BUNDLE","GOCC_ACTIN_FILAMENT_BUNDLE",63,-0.493488704103305,-1.21336747426151,0.198807157057654,0.582404462919348,0.54187042978905,1743,"tags=24%, list=10%, signal=21%","SIPA1L3/MYLK/MARCKS/FLNA/ZYX/SEPTIN11/MYL9/PGM5/TPM4/FERMT2/ABLIM1/MYH10/FBLIM1/PALLD/TPM3"
"GOCC_MITOCHONDRIAL_LARGE_RIBOSOMAL_SUBUNIT","GOCC_MITOCHONDRIAL_LARGE_RIBOSOMAL_SUBUNIT",54,-0.503263601907255,-1.20683517643465,0.200795228628231,0.582404462919348,0.54187042978905,3225,"tags=22%, list=19%, signal=18%","NSUN4/MRPL45/MRPS30/MRPL48/MRPL16/MRPL50/MRPL37/MRPL22/MRPL30/MRPL35/MRPL9/MRPL24"
"GOCC_VACUOLAR_LUMEN","GOCC_VACUOLAR_LUMEN",127,0.463303626688558,1.20584888981363,0.182835820895522,0.582404462919348,0.54187042978905,2082,"tags=27%, list=12%, signal=24%","CD74/FUCA1/SDC3/GPC6/LGMN/MAN2B1/GAA/PPT2/CTSB/PLD3/DAPK2/PYGB/ARSA/MAN2B2/ARHGAP45/GPC1/SGSH/CTSV/DNAJC3/PSAP/HSPG2/ARSB/LIPA/IDUA/LAMP2/AGRN/TCN2/IDS/STK11IP/GALNS/FTL/NAGLU/PDGFRB/CTSF"
"GOCC_SITE_OF_DOUBLE_STRAND_BREAK","GOCC_SITE_OF_DOUBLE_STRAND_BREAK",70,-0.478365651841313,-1.19153886881924,0.195171026156942,0.582404462919348,0.54187042978905,3066,"tags=27%, list=18%, signal=22%","SMC5/RNF169/RIF1/ARPC3/RAD50/NABP1/ARPC2/XRCC4/INIP/RNF138/SMCHD1/PARP1/TIMELESS/SLF1/ACTR3/CGAS/SAMHD1/RAD18/ARPC5"
"GOCC_SPECIFIC_GRANULE","GOCC_SPECIFIC_GRANULE",104,-0.447297513320742,-1.18562828269795,0.191082802547771,0.582404462919348,0.54187042978905,1727,"tags=22%, list=10%, signal=20%","PLAU/BST1/B2M/QPCT/CEP290/TCN1/UBR4/RAP1A/MOSPD2/CD47/VCL/CKAP4/STOM/JUP/SPTAN1/AGPAT2/ILF2/CD33/QSOX1/PGRMC1/PTX3/PTPRB/ANXA3"
"GOCC_CHROMOSOME_TELOMERIC_REGION","GOCC_CHROMOSOME_TELOMERIC_REGION",146,-0.409353380244885,-1.14694786427508,0.2,0.582404462919348,0.54187042978905,4276,"tags=33%, list=25%, signal=25%","ORC2/PCNA/LRIF1/RAD51/GATAD2B/MSH2/ATF7/CBX5/UPF1/XRCC6/CHEK1/ORC5/HAT1/MRE11/HNRNPA2B1/TFIP11/GAR1/H3-3B/SMC5/APEX1/RIF1/RAD17/POLR2B/MCM5/THOC6/EZH2/SMG6/ATR/RAD50/NABP1/ORC4/SSB/PRKDC/SMCHD1/PARP1/CDC73/PML/CDK2/PPP1CC/PTGES3/TERT/H3-3A/ORC1/THOC1/THOC5/THOC2/HDAC2/KDM1A"
"GOCC_MEMBRANE_MICRODOMAIN","GOCC_MEMBRANE_MICRODOMAIN",225,-0.383296031945129,-1.12634149053217,0.200863930885529,0.582404462919348,0.54187042978905,2496,"tags=25%, list=15%, signal=22%","PPP2CA/ANXA2/RAP2B/HK1/ABCA1/SELPLG/BIRC2/TLR2/PSEN2/LYN/NOS1AP/CAVIN4/MME/TLR6/SLC9A3R1/CDH2/MAPK1/CFLAR/SCARB1/LYPD6/IL6ST/EGFR/NPC1/HAS2/ATP2B1/EPHB1/PRKAR2A/ATP1B1/THY1/EZR/CORO1C/VDAC1/CNTN1/RTN4R/STOM/BIRC3/ADCY1/HMOX1/EFNB1/PGK1/TUBA1C/S1PR1/RAP1B/SMURF2/ADTRP/SCN5A/ASAH2/LRP8/RGMB/RFTN1/GJA1/CAPN2/CD55/S100A10/PODXL/GPM6B"
"GOCC_TRANSCRIPTION_REGULATOR_COMPLEX","GOCC_TRANSCRIPTION_REGULATOR_COMPLEX",392,-0.356623804543697,-1.09416408115272,0.19815668202765,0.582404462919348,0.54187042978905,2246,"tags=18%, list=13%, signal=16%","SP3/SUB1/TAF5/MEF2A/ARNT2/HOXA11/GTF2E1/CREM/GTF3C4/BIN1/MXD1/PRKDC/CEBPZ/GTF3C5/MED15/HAX1/USF1/TAF1A/PYGO2/MED10/CEBPB/PARP1/HDAC9/JUN/KLF4/NFYB/NKX2-1/LIN9/MED17/CDK2/E2F5/CDK4/MAFF/TBX18/HOXB9/E2F7/SFPQ/TAF5L/SIX4/JAZF1/REST/MED22/GATAD2A/CREBZF/ATF6/BATF3/ARNTL2/GTF2H3/LMO4/SNAPC1/HDAC2/CEBPG/NFE2L3/HNRNPAB/CCNH/SIX1/ETV3/TCF3/TLE1/MYC/PBX3/KDM1A/IVNS1ABP/GEMIN5/XBP1/HDGF/ANKRD1/ATF4/SOX9"
"GOCC_GAP_JUNCTION","GOCC_GAP_JUNCTION",14,-0.658524585890149,-1.26861437794607,0.205426356589147,0.590799782065493,0.549681453714132,983,"tags=36%, list=6%, signal=34%","GJC1/GJA3/TJP1/SPECC1L/GJA1"
"GOCC_DENSE_CORE_GRANULE","GOCC_DENSE_CORE_GRANULE",17,0.639772067685273,1.26400933864193,0.206611570247934,0.590799782065493,0.549681453714132,828,"tags=18%, list=5%, signal=17%","PLAT/SCG2/SYT5"
"GOCC_ACTIN_BASED_CELL_PROJECTION","GOCC_ACTIN_BASED_CELL_PROJECTION",147,0.438224889446086,1.16549008638862,0.206831119544592,0.590799782065493,0.549681453714132,1188,"tags=17%, list=7%, signal=16%","SLC26A2/TGFB1/ACTA2/ATP7A/DAG1/ARL4C/SLC6A6/APP/SLC7A5/PTPRH/MYO1E/WWOX/CTNNB1/RDX/NFASC/PDZD7/JAM3/NLGN1/UNC5C/BAIAP2/ATP6V1A/EPS8/CXADR/AOC3/MYO5A"
"GOCC_ACROSOMAL_VESICLE","GOCC_ACROSOMAL_VESICLE",66,0.507128816517944,1.20028936554514,0.208,0.591211822660099,0.550064817215453,1086,"tags=21%, list=6%, signal=20%","DRD2/BMF/PPFIA3/ATP8B3/TBXA2R/CALR/SPACA6/ITGA1/FLOT2/ABHD2/LY6K/CTNNA1/ARC/CXADR"
"GOCC_CYTOPLASMIC_EXOSOME_RNASE_COMPLEX","GOCC_CYTOPLASMIC_EXOSOME_RNASE_COMPLEX",13,-0.658284249597051,-1.26290218780895,0.211650485436893,0.591441018194243,0.550278061258896,3136,"tags=54%, list=19%, signal=44%","EXOSC7/PNPT1/SUPV3L1/GTPBP1/EXOSC2/EXOSC9/EXOSC3"
"GOCC_SEX_CHROMOSOME","GOCC_SEX_CHROMOSOME",28,-0.567670366313038,-1.24357759680442,0.209393346379648,0.591441018194243,0.550278061258896,3495,"tags=54%, list=21%, signal=43%","RNF2/SUZ12/H3-3B/SMC5/SUMO1/UBE2B/UBE2A/BIRC2/SMARCC1/SMCHD1/PLK4/H2AZ1/CDK2/H3-3A/HNRNPU"
"GOCC_NUCLEAR_INCLUSION_BODY","GOCC_NUCLEAR_INCLUSION_BODY",12,-0.650859973992482,-1.24215750850423,0.212180746561886,0.591441018194243,0.550278061258896,2907,"tags=58%, list=17%, signal=48%","NUP98/NXF1/NUP153/RANBP2/TPR/SLF1/RAD18"
"GOCC_NUCLEAR_EXOSOME_RNASE_COMPLEX","GOCC_NUCLEAR_EXOSOME_RNASE_COMPLEX",12,-0.650592035716991,-1.24164615190832,0.212180746561886,0.591441018194243,0.550278061258896,1796,"tags=42%, list=11%, signal=37%","EXOSC7/EXOSC10/EXOSC2/EXOSC9/EXOSC3"
"GOCC_NUCLEOCYTOPLASMIC_TRANSPORT_COMPLEX","GOCC_NUCLEOCYTOPLASMIC_TRANSPORT_COMPLEX",11,-0.66120364540542,-1.25159308463703,0.213307240704501,0.591722489838928,0.550539943113844,576,"tags=45%, list=3%, signal=44%","KPNA2/KPNA6/KPNA4/RAN/XPO5"
"GOCC_MITOCHONDRIA_ASSOCIATED_ENDOPLASMIC_RETICULUM_MEMBRANE","GOCC_MITOCHONDRIA_ASSOCIATED_ENDOPLASMIC_RETICULUM_MEMBRANE",18,-0.623395595226204,-1.25811023023619,0.216535433070866,0.597803564028181,0.556197788295854,2015,"tags=33%, list=12%, signal=29%","SERAC1/ACSL4/ATG14/TOMM20/MBOAT7/RAB38"
"GOCC_VOLTAGE_GATED_CALCIUM_CHANNEL_COMPLEX","GOCC_VOLTAGE_GATED_CALCIUM_CHANNEL_COMPLEX",22,0.604478009719168,1.2567378944624,0.218623481781377,0.597847151601205,0.556238342272397,817,"tags=14%, list=5%, signal=13%","CACNG7/PDE4D/CACNG8"
"GOCC_MICROBODY_MEMBRANE","GOCC_MICROBODY_MEMBRANE",58,-0.487609675938863,-1.18162418005618,0.218503937007874,0.597847151601205,0.556238342272397,1134,"tags=10%, list=7%, signal=10%","FAR1/GNPAT/HMGCR/PEX19/FAR2/MGST1"
"GOCC_MLL1_2_COMPLEX","GOCC_MLL1_2_COMPLEX",32,-0.540924884976014,-1.20535705372252,0.220703125,0.600687278891509,0.558880803128103,4666,"tags=47%, list=28%, signal=34%","PELP1/KMT2A/MAX/MCRS1/SENP3/TAF6/RNF2/MGA/C17orf49/RUVBL1/WDR5/PHF20/TEX10/RBBP5/INO80C"
"GOCC_BASAL_PART_OF_CELL","GOCC_BASAL_PART_OF_CELL",168,0.42708036970083,1.14605639042647,0.222018348623853,0.601429986647715,0.559571820104597,1503,"tags=18%, list=9%, signal=16%","TGFA/ERBB3/SLC2A1/CNNM2/ATP7A/NDRG4/CA11/DAG1/SLC6A6/SLC7A5/KRT14/ITGA1/CTNNB1/CLASP1/FLOT2/SLC27A1/SLC3A2/CD38/DISP1/SLC4A4/CXADR/HFE/ATP1A1/PRCP/SLC23A2/DTNB/PKD2/NAIP/SLC12A6/SLC1A3"
"GOCC_CHROMOSOME_CENTROMERIC_CORE_DOMAIN","GOCC_CHROMOSOME_CENTROMERIC_CORE_DOMAIN",13,0.657195533690102,1.2540493762738,0.223819301848049,0.603475407319273,0.561474884124472,4322,"tags=69%, list=26%, signal=52%","H4C2/H4-16/RCC2/H4C8/H4C1/H4C12/H4C3/H2BC11/H2AC8"
"GOCC_PERINUCLEAR_ENDOPLASMIC_RETICULUM","GOCC_PERINUCLEAR_ENDOPLASMIC_RETICULUM",17,-0.618248023374597,-1.23516087369201,0.227799227799228,0.611349555535602,0.568801009437484,135,"tags=18%, list=1%, signal=18%","CLU/CAPN2/OSBPL6"
"GOCC_ENDOCYTIC_VESICLE_LUMEN","GOCC_ENDOCYTIC_VESICLE_LUMEN",11,0.674564800676393,1.24677971380431,0.230142566191446,0.613960417110023,0.571230160952498,629,"tags=27%, list=4%, signal=26%","CALR/HYOU1/SPARC"
"GOCC_MITOTIC_SPINDLE_MICROTUBULE","GOCC_MITOTIC_SPINDLE_MICROTUBULE",13,-0.644774153219307,-1.23698339925613,0.23495145631068,0.613960417110023,0.571230160952498,1253,"tags=38%, list=7%, signal=36%","HAUS8/HAUS6/CEP295/HAUS2/HNRNPU"
"GOCC_INTRINSIC_COMPONENT_OF_POSTSYNAPTIC_SPECIALIZATION_MEMBRANE","GOCC_INTRINSIC_COMPONENT_OF_POSTSYNAPTIC_SPECIALIZATION_MEMBRANE",46,0.530779108167367,1.20589060933654,0.233954451345756,0.613960417110023,0.571230160952498,730,"tags=22%, list=4%, signal=21%","CACNG7/EFNB2/CNIH2/CLSTN3/NLGN2/PTPRS/LRFN3/GRIN2A/ADAM22/NLGN1"
"GOCC_SARCOPLASM","GOCC_SARCOPLASM",53,0.510584056863347,1.18197549584678,0.235887096774194,0.613960417110023,0.571230160952498,2462,"tags=26%, list=15%, signal=23%","SPOCK1/RTN2/CALR/MEF2C/THBS1/DMPK/MANF/AGL/GSN/TMEM38A/CCDC78/ANK1/ATP2A1/ITPR2"
"GOCC_EUCHROMATIN","GOCC_EUCHROMATIN",51,-0.494028802034892,-1.17714622740674,0.236220472440945,0.613960417110023,0.571230160952498,3578,"tags=37%, list=21%, signal=29%","CBX2/RNF2/TTC37/ICE1/CREB1/SP1/NSMF/AFF4/EXOSC10/UHRF1/H2AZ1/PSIP1/JUN/KLF4/RRP1B/EXOSC3/RBMX/ZC3H8/TCF3"
"GOCC_BASOLATERAL_PLASMA_MEMBRANE","GOCC_BASOLATERAL_PLASMA_MEMBRANE",139,0.437168052598107,1.15082307487169,0.233396584440228,0.613960417110023,0.571230160952498,1461,"tags=16%, list=9%, signal=15%","TGFA/ERBB3/SLC2A1/CNNM2/ATP7A/NDRG4/CA11/DAG1/SLC6A6/SLC7A5/CTNNB1/FLOT2/SLC3A2/CD38/DISP1/SLC4A4/CXADR/ATP1A1/SLC23A2/PKD2/NAIP/SLC12A6"
"GOCC_MITOCHONDRIAL_PROTEIN_CONTAINING_COMPLEX","GOCC_MITOCHONDRIAL_PROTEIN_CONTAINING_COMPLEX",269,-0.368511692793538,-1.10190594482705,0.233183856502242,0.613960417110023,0.571230160952498,3274,"tags=23%, list=19%, signal=19%","COX7A2L/ATP5MC3/APOOL/NDUFA10/MT-ATP6/MRPL42/SLC25A5/MRPS34/HSPA9/NDUFS2/DLD/NDUFB6/AFG3L2/NSUN4/PHB/UQCRH/MRPL45/TIMM9/SUCLG1/MRPS18B/MRPS30/MRPL48/CHCHD10/HADHA/NDUFS1/NDUFA5/TOMM40L/PNPT1/CHCHD3/MCU/SUPV3L1/MRPL16/MRPL50/TRMT10C/MRPS21/MRPS9/DLAT/ATP5F1C/TOMM20/MRPL37/MRPL22/TIMM21/SDHC/MRPS5/ATP5F1B/GRPEL2/MT-ND6/MRPL30/TOMM22/VDAC1/MRPL35/PPIF/MTX1/TIMM17A/GRPEL1/MRPS2/IDH3A/SLC25A4/PDHA1/DAP3/MRPL9/MRPL24"
"GOCC_PROTEASOME_ACCESSORY_COMPLEX","GOCC_PROTEASOME_ACCESSORY_COMPLEX",23,0.582182706334753,1.21504073479689,0.238095238095238,0.616058082425795,0.573181833507536,204,"tags=9%, list=1%, signal=9%","PSME2/PSME1"
"GOCC_INTEGRATOR_COMPLEX","GOCC_INTEGRATOR_COMPLEX",19,-0.604767906652469,-1.2298765858874,0.24,0.616261843238587,0.573371413028696,2333,"tags=21%, list=14%, signal=18%","CT45A5/INTS7/SAGE1/CT45A10"
"GOCC_MRNA_CLEAVAGE_AND_POLYADENYLATION_SPECIFICITY_FACTOR_COMPLEX","GOCC_MRNA_CLEAVAGE_AND_POLYADENYLATION_SPECIFICITY_FACTOR_COMPLEX",14,-0.628373804965877,-1.21053042025279,0.24031007751938,0.616261843238587,0.573371413028696,2313,"tags=36%, list=14%, signal=31%","NUDT21/FIP1L1/CSTF2T/CSTF2/CPSF6"
"GOCC_CILIARY_ROOTLET","GOCC_CILIARY_ROOTLET",10,-0.653566570242929,-1.2149540705509,0.244186046511628,0.623430747067298,0.580041377368096,37,"tags=20%, list=0%, signal=20%","PSEN2/KIF5C"
"GOCC_EUKARYOTIC_TRANSLATION_INITIATION_FACTOR_4F_COMPLEX","GOCC_EUKARYOTIC_TRANSLATION_INITIATION_FACTOR_4F_COMPLEX",10,-0.651737259174311,-1.21155345456118,0.253875968992248,0.626010402173193,0.582441494314199,1940,"tags=60%, list=11%, signal=53%","EIF4G1/EIF4A1/EIF4E/EIF4EBP3/EIF4B/EIF4G2"
"GOCC_EXORIBONUCLEASE_COMPLEX","GOCC_EXORIBONUCLEASE_COMPLEX",20,-0.576927590899058,-1.19297098647477,0.253875968992248,0.626010402173193,0.582441494314199,3136,"tags=45%, list=19%, signal=37%","EXOSC7/MPHOSPH6/PNPT1/SUPV3L1/GTPBP1/EXOSC10/EXOSC2/EXOSC9/EXOSC3"
"GOCC_ENDOPLASMIC_RETICULUM_QUALITY_CONTROL_COMPARTMENT","GOCC_ENDOPLASMIC_RETICULUM_QUALITY_CONTROL_COMPARTMENT",22,0.572649476226874,1.19056489309298,0.248987854251012,0.626010402173193,0.582441494314199,3601,"tags=41%, list=21%, signal=32%","CALR/TRIM13/RNF103/SYVN1/HERPUD1/EDEM2/RNF139/EDEM1/CANX"
"GOCC_CYTOSOLIC_SMALL_RIBOSOMAL_SUBUNIT","GOCC_CYTOSOLIC_SMALL_RIBOSOMAL_SUBUNIT",37,0.519010807007867,1.1649810261131,0.251533742331288,0.626010402173193,0.582441494314199,4981,"tags=59%, list=29%, signal=42%","RPS19/RPS5/RPS4X/ISG15/RPS27L/RPS28/RPS11/RPS20/RPS25/UBA52/RPS9/RPS18/RPS16/RPS29/RPS10/RPS13/RPS26/RPS12/RPS17/RPS23/RPS3/RPS15"
"GOCC_NEURON_PROJECTION_MEMBRANE","GOCC_NEURON_PROJECTION_MEMBRANE",35,-0.517110140868353,-1.16429458984548,0.250489236790607,0.626010402173193,0.582441494314199,1437,"tags=23%, list=8%, signal=21%","DDN/ATP2B1/EPB41L3/THY1/MYO1D/GABRA6/ADORA1/ATF4"
"GOCC_NUCLEAR_PERIPHERY","GOCC_NUCLEAR_PERIPHERY",119,-0.40946605712087,-1.11496720356616,0.250521920668058,0.626010402173193,0.582441494314199,1673,"tags=18%, list=10%, signal=17%","SNW1/UHRF1/PRPF40A/CEBPB/TPR/MATR3/PML/SFPQ/PRKCD/BCL11A/SRPK1/NUP205/VIM/NUP107/THOC1/AHCTF1/CLIC4/TGFB1I1/HNRNPU/XPOT/CENPF/ATF4"
"GOCC_RIBOSOME","GOCC_RIBOSOME",197,-0.376452451208265,-1.08861944052596,0.253275109170306,0.626010402173193,0.582441494314199,3225,"tags=16%, list=19%, signal=13%","NSUN4/MRPL45/MRPS18B/APEX1/RPLP0P6/MRPS30/MRPL48/RPL6/SERP1/NUFIP2/PNPT1/MRPL16/MRPL50/MRPS21/MRPS9/MRPL1/MRPL37/MRPL22/RPS6KL1/MRPS5/MRPL30/RPLP0/HSPA14/LARP1/MRPL35/DHX9/LARP4B/MRPS2/DAP3/MRPL9/MRPL24"
"GOCC_AXON","GOCC_AXON",455,-0.346380347310282,-1.0746799338181,0.247685185185185,0.626010402173193,0.582441494314199,1542,"tags=16%, list=9%, signal=15%","FLNA/ABI1/NEO1/SYT11/UHMK1/KCNAB1/TPBG/EPHB1/SLC30A3/SEPTIN11/EPB41L3/NTRK3/KIF21B/KIF1C/IRX3/EIF4G2/HSPB1/KCNQ3/THY1/TPX2/FMR1/MYO1D/C9orf72/CNTN1/NEFL/RTN4R/AMIGO1/RAB21/FKBP4/SLC38A2/NRCAM/ACTB/ABITRAM/GPRIN1/COBL/MBP/NCAM2/SLC8A1/KIF21A/CNTNAP1/MAP6/SCN9A/PPFIA2/GARS1/HSP90AB1/NCS1/SYT1/NMNAT2/SIGMAR1/AGTPBP1/MAP1B/ACTG1/ZC3H14/GFRA1/SYBU/FGF13/LRP8/ARPC5/LPAR3/ADGRL3/COPA/ADORA1/ROBO4/PRKAA2/EPHA5/GLUL/SLC38A1/TRPV4/PALLD/UCHL1/KIF5C/ANXA3"
"GOCC_DENDRITE_CYTOPLASM","GOCC_DENDRITE_CYTOPLASM",26,-0.546087530000102,-1.19096177448879,0.255278310940499,0.626789725160289,0.583166578184343,1435,"tags=19%, list=8%, signal=18%","UHMK1/SFPQ/ZC3H14/HNRNPU/KIF5C"
"GOCC_ISWI_TYPE_COMPLEX","GOCC_ISWI_TYPE_COMPLEX",12,-0.629458111044802,-1.20131234085109,0.261296660117878,0.638848190203456,0.594385801338617,345,"tags=42%, list=2%, signal=41%","C17orf49/BAZ1B/HMGXB4/POLE3/BAZ1A"
"GOCC_POSTSYNAPTIC_DENSITY_MEMBRANE","GOCC_POSTSYNAPTIC_DENSITY_MEMBRANE",59,0.49403109362903,1.14661095161748,0.262626262626263,0.639389677364361,0.59488960221805,1083,"tags=19%, list=6%, signal=18%","CACNG7/EFNB2/CNIH2/CLSTN3/PTPRS/LRFN3/GRIN2A/ADAM22/CACNG8/RGS9/ARC"
"GOCC_U1_SNRNP","GOCC_U1_SNRNP",19,-0.582506515814551,-1.18460506426782,0.268,0.647012552301255,0.601981942303457,4550,"tags=53%, list=27%, signal=39%","SNRPA/SNRPD1/SNRPB/LUC7L3/SNRPE/SNRPC/PRPF39/PRPF40A/SNRPD3/SNRPF"
"GOCC_KERATIN_FILAMENT","GOCC_KERATIN_FILAMENT",14,-0.609256818724906,-1.17370251112391,0.267441860465116,0.647012552301255,0.601981942303457,1782,"tags=36%, list=11%, signal=32%","KRTAP2-3/KRT81/KRT18/TCHP/KRT87P"
"GOCC_TRANSCRIPTION_FACTOR_TFIIH_HOLO_COMPLEX","GOCC_TRANSCRIPTION_FACTOR_TFIIH_HOLO_COMPLEX",12,-0.625568371440697,-1.19388882512047,0.275049115913556,0.647521825273977,0.602455771029332,4108,"tags=50%, list=24%, signal=38%","ERCC2/GTF2H2/MMS19/CDK7/GTF2H3/CCNH"
"GOCC_GERM_CELL_NUCLEUS","GOCC_GERM_CELL_NUCLEUS",17,-0.591809599418048,-1.18234112239711,0.277992277992278,0.647521825273977,0.602455771029332,3064,"tags=47%, list=18%, signal=39%","MLH3/AURKA/TOPBP1/MARCKS/TRIP13/HSPA2/ACTRT3/RAN"
"GOCC_INTRINSIC_COMPONENT_OF_PEROXISOMAL_MEMBRANE","GOCC_INTRINSIC_COMPONENT_OF_PEROXISOMAL_MEMBRANE",13,-0.615351421136905,-1.18053660937633,0.275728155339806,0.647521825273977,0.602455771029332,1134,"tags=15%, list=7%, signal=14%","FAR1/FAR2"
"GOCC_DENDRITE_MEMBRANE","GOCC_DENDRITE_MEMBRANE",24,-0.537286805777711,-1.15683977060192,0.27831094049904,0.647521825273977,0.602455771029332,1437,"tags=21%, list=8%, signal=19%","DDN/ATP2B1/THY1/GABRA6/ATF4"
"GOCC_SCF_UBIQUITIN_LIGASE_COMPLEX","GOCC_SCF_UBIQUITIN_LIGASE_COMPLEX",55,0.494869674083174,1.13938451273434,0.273833671399594,0.647521825273977,0.602455771029332,1110,"tags=11%, list=7%, signal=10%","FBXO32/FBXL20/FBXL8/FBXL17/FBXL19/FBXL5"
"GOCC_MEDIATOR_COMPLEX","GOCC_MEDIATOR_COMPLEX",40,-0.491616564179073,-1.13583470481768,0.275193798449612,0.647521825273977,0.602455771029332,4348,"tags=40%, list=26%, signal=30%","PPARGC1B/CDK8/MED9/MED27/MED8/CCNC/BCLAF1/MED20/MED13L/MED31/MED15/MED10/THRAP3/MED17/CDK4/MED22"
"GOCC_PROTON_TRANSPORTING_TWO_SECTOR_ATPASE_COMPLEX","GOCC_PROTON_TRANSPORTING_TWO_SECTOR_ATPASE_COMPLEX",43,0.495321931993283,1.12223536546387,0.278008298755187,0.647521825273977,0.602455771029332,2796,"tags=28%, list=16%, signal=23%","ATP6V0A4/ATP6V0A1/ATP6V1A/ATP5PO/CCDC115/TCIRG1/ATP5PD/ATP6AP1/ATP5F1A/ATP5ME/ATP6AP2/ATP5PF"
"GOCC_SECRETORY_GRANULE_MEMBRANE","GOCC_SECRETORY_GRANULE_MEMBRANE",211,0.408697670899055,1.10518304742333,0.272897196261682,0.647521825273977,0.602455771029332,1683,"tags=20%, list=10%, signal=19%","HLA-B/SYNGR1/HLA-C/SLC44A2/SNAP25/PTPRJ/ATP8B3/DMBT1/RAB4B/HGSNAT/SLC2A3/ATP6V0A1/GAA/SPACA6/VPS35L/FPR1/CD109/RAB3D/SNCA/EXOC3/FLOT2/SPARC/NFASC/VAMP2/PAM/CD38/SYT5/RAB26/CMTM6/SERPINB6/DGAT1/STING1/PRCP/PSAP/C3AR1/VAMP1/CD58/LHFPL2/LAMP2/TCIRG1/CD59/TMEM179B/VGF"
"GOCC_TERTIARY_GRANULE","GOCC_TERTIARY_GRANULE",106,-0.414748670965477,-1.10510696725062,0.276595744680851,0.647521825273977,0.602455771029332,1969,"tags=24%, list=12%, signal=21%","RHOA/ENPP4/PLAU/ARL8A/CTSH/B2M/DIAPH1/QPCT/TCN1/SIRPA/LTA4H/SVIP/UBR4/CD47/CYSTM1/STOM/MGAM/SPTAN1/ILF2/CD33/CTSS/QSOX1/PTX3/CD55/PTPRB"
"GOCC_MALE_GERM_CELL_NUCLEUS","GOCC_MALE_GERM_CELL_NUCLEUS",12,-0.623023754269148,-1.18903245746504,0.280943025540275,0.649263969171484,0.604076665652571,1597,"tags=50%, list=9%, signal=45%","MLH3/TOPBP1/TRIP13/HSPA2/ACTRT3/RAN"
"GOCC_CYCLIN_DEPENDENT_PROTEIN_KINASE_HOLOENZYME_COMPLEX","GOCC_CYCLIN_DEPENDENT_PROTEIN_KINASE_HOLOENZYME_COMPLEX",46,-0.47752826830426,-1.13370696886203,0.28131021194605,0.649263969171484,0.604076665652571,4678,"tags=48%, list=28%, signal=35%","CCNG1/CCNE2/CDK1/PCNA/BCCIP/CDK5R1/CKS2/CCNL1/CDK12/CCNC/CCNB3/CDK7/CCNK/CCNJ/CCND3/CCNI/CDK2/CCNT1/CDK4/CKS1B/CCNT2/CCNH"
"GOCC_PHOTORECEPTOR_INNER_SEGMENT","GOCC_PHOTORECEPTOR_INNER_SEGMENT",29,0.532578486594037,1.15018690335249,0.283673469387755,0.652109927636393,0.606724551846321,168,"tags=7%, list=1%, signal=7%","SLC2A1/SNAP25"
"GOCC_CENTRIOLAR_SATELLITE","GOCC_CENTRIOLAR_SATELLITE",91,-0.421399025770298,-1.09717689231568,0.285714285714286,0.654195011337868,0.608664518438955,1852,"tags=20%, list=11%, signal=18%","BBS5/SASS6/CEP290/ODF2L/YTHDF2/KRT18/PLK1/HAUS6/RBM39/SDCCAG8/DLST/CCDC14/DYSF/CEP55/KLHL12/PDZD2/SSX2IP/PODXL"
"GOCC_GOLGI_CIS_CISTERNA","GOCC_GOLGI_CIS_CISTERNA",12,0.620571730471101,1.16764255676835,0.292089249492901,0.660923517480014,0.614924735774528,1020,"tags=17%, list=6%, signal=16%","TMEM59/NECAB3"
"GOCC_ACTOMYOSIN","GOCC_ACTOMYOSIN",65,-0.453503558357021,-1.11597000071448,0.292,0.660923517480014,0.614924735774528,1334,"tags=20%, list=8%, signal=18%","SIPA1L3/MYLK/ZYX/SEPTIN11/MYL9/PGM5/TPM4/FERMT2/ABLIM1/MYH10/FBLIM1/PALLD/TPM3"
"GOCC_CELL_PROJECTION_MEMBRANE","GOCC_CELL_PROJECTION_MEMBRANE",221,0.404362527928164,1.09727111328059,0.290203327171904,0.660923517480014,0.614924735774528,1991,"tags=23%, list=12%, signal=21%","DHRS3/SLC26A2/ATP6V0A4/DRD2/ATP7A/NDRG4/PTPRJ/SPRY2/SLC6A6/PSD3/SLC7A5/MAPT/SLC7A11/ABCA7/TMEM67/PTPRH/INSR/CTNNB1/SHANK3/CLCN3/BBS2/PIP5K1C/SLC39A6/CDKL5/GABRG3/EPS8/GABBR1/GPER1/ARHGAP45/PLEKHA1/BBS9/INPP5K/PKD2/BBS1/IQCE/EVC/EHD3/SLC22A5/KSR1/BBS4/TIRAP/DLG1/MTMR9/ADAM17/SGCE/PDE6A/LIMA1/PLCG2/TXNDC15/GABRA3/STX4"
"GOCC_METHYLOSOME","GOCC_METHYLOSOME",12,-0.615625603018985,-1.17491318528416,0.294695481335953,0.664215987229863,0.617988057077862,4916,"tags=67%, list=29%, signal=47%","ERH/SNRPD1/CLNS1A/SNRPB/SNRPE/WDR77/SNRPD3/SNRPF"
"GOCC_RPAP3_R2TP_PREFOLDIN_LIKE_COMPLEX","GOCC_RPAP3_R2TP_PREFOLDIN_LIKE_COMPLEX",11,-0.620774203067945,-1.17506415017496,0.297455968688845,0.667829159274178,0.621349760521446,3091,"tags=45%, list=18%, signal=37%","PFDN2/RUVBL1/URI1/PDRG1/RPAP3"
"GOCC_SUMO_LIGASE_COMPLEX","GOCC_SUMO_LIGASE_COMPLEX",10,-0.622983998740644,-1.15810229534336,0.300387596899225,0.671515856851906,0.624779872287644,3066,"tags=70%, list=18%, signal=57%","NSMCE4A/EID3/SMC5/NSMCE3/RANBP2/RANGAP1/UBE2I"
"GOCC_POTASSIUM_CHANNEL_COMPLEX","GOCC_POTASSIUM_CHANNEL_COMPLEX",36,0.498780797427463,1.11671126137184,0.30142566191446,0.671515856851906,0.624779872287644,979,"tags=19%, list=6%, signal=18%","KCND1/GRIK2/KCNIP3/HCN1/KCNN4/KCNAB3/CALM3"
"GOCC_INTRINSIC_COMPONENT_OF_SYNAPTIC_VESICLE_MEMBRANE","GOCC_INTRINSIC_COMPONENT_OF_SYNAPTIC_VESICLE_MEMBRANE",26,-0.528778353545232,-1.15321220803077,0.305182341650672,0.677270042817068,0.630133579926488,1407,"tags=23%, list=8%, signal=21%","ATP2B1/SLC30A3/RAB35/SLC6A9/SYT1/SV2A"
"GOCC_NBAF_COMPLEX","GOCC_NBAF_COMPLEX",14,-0.595266426692335,-1.14675072699025,0.308139534883721,0.680942919884674,0.633550833058805,2630,"tags=29%, list=16%, signal=24%","SS18L1/SMARCC1/SMARCD1/SMARCA2"
"GOCC_U2_TYPE_CATALYTIC_STEP_2_SPLICEOSOME","GOCC_U2_TYPE_CATALYTIC_STEP_2_SPLICEOSOME",30,-0.516066315391887,-1.13535794123919,0.309197651663405,0.680942919884674,0.633550833058805,5043,"tags=43%, list=30%, signal=30%","CWC22/BCAS2/CRNKL1/SNRPD1/SNRPB/SNRPE/SNRPA1/EFTUD2/PRPF8/SNW1/SNRPD3/PLRG1/SNRPF"
"GOCC_LAMELLIPODIUM","GOCC_LAMELLIPODIUM",175,-0.372090987108351,-1.05812270395398,0.311688311688312,0.683818083057627,0.636225891378983,2334,"tags=19%, list=14%, signal=17%","ARPC2/PXN/RAB13/PIEZO1/DDX3X/FSCN1/CDH2/PTPN13/RHOA/VAMP7/HAX1/NF2/MYLK/CAPG/ABI1/ACTR3/CORO1C/STX2/ARHGAP31/SWAP70/ACTB/ABITRAM/RAB3IP/CAPRIN1/FERMT2/RAC2/ABLIM1/ARPC5/MYH10/PIP5K1A/KITLG/TRPV4/PALLD/PODXL"
"GOCC_GOLGI_MEDIAL_CISTERNA","GOCC_GOLGI_MEDIAL_CISTERNA",11,-0.604250475674751,-1.14378636899293,0.317025440313112,0.687473245626552,0.639626662901654,41,"tags=18%, list=0%, signal=18%","MAN2A1/ST6GAL1"
"GOCC_U4_SNRNP","GOCC_U4_SNRNP",10,-0.612456808369897,-1.13853267019003,0.315891472868217,0.687473245626552,0.639626662901654,4411,"tags=50%, list=26%, signal=37%","SNRPD1/SNRPB/SNRPE/SNRPD3/SNRPF"
"GOCC_PRESPLICEOSOME","GOCC_PRESPLICEOSOME",16,-0.575203609167829,-1.1298039737099,0.319066147859922,0.687473245626552,0.639626662901654,4305,"tags=50%, list=25%, signal=37%","SF3B1/SNRPB/SF3A1/SF3A2/LUC7L3/SNRPC/PRPF39/PRPF40A"
"GOCC_ENDOPLASMIC_RETICULUM_EXIT_SITE","GOCC_ENDOPLASMIC_RETICULUM_EXIT_SITE",25,0.530836128209642,1.11633932329353,0.315463917525773,0.687473245626552,0.639626662901654,1236,"tags=16%, list=7%, signal=15%","SEC24C/HLA-A/MPPE1/SEC31B"
"GOCC_ION_CHANNEL_COMPLEX","GOCC_ION_CHANNEL_COMPLEX",140,0.4065685300341,1.07169502824469,0.319311663479924,0.687473245626552,0.639626662901654,995,"tags=13%, list=6%, signal=12%","KCND1/CACNG7/TTYH2/CNIH2/TTYH3/TRPM4/PDE4D/GRIK2/KCNIP3/HCN1/GRIN2A/KCNN4/OLFM2/KCNAB3/CACNG8/GABRG3/CALM3/EPS8"
"GOCC_TRANSCRIPTION_REPRESSOR_COMPLEX","GOCC_TRANSCRIPTION_REPRESSOR_COMPLEX",66,-0.442434949502566,-1.09532088382861,0.322709163346614,0.6922051570669,0.644029244010068,2705,"tags=23%, list=16%, signal=19%","DDX20/CTBP2/SP1/DEPDC1/SP3/BIN1/MXD1/JUN/LIN9/TBX18/JAZF1/REST/ETV3/MYC/HDGF"
"GOCC_MIB_COMPLEX","GOCC_MIB_COMPLEX",13,-0.593032989579739,-1.13771924581452,0.324271844660194,0.692980942107156,0.644751036166468,4928,"tags=46%, list=29%, signal=33%","MTX3/DNAJC11/APOOL/HSPA9/CHCHD3/MTX1"
"GOCC_SPERM_PRINCIPAL_PIECE","GOCC_SPERM_PRINCIPAL_PIECE",13,0.60047493802502,1.14581609718214,0.326488706365503,0.694254115782269,0.645935599833909,1535,"tags=15%, list=9%, signal=14%","IFT27/IFT81"
"GOCC_EMC_COMPLEX","GOCC_EMC_COMPLEX",10,0.62527687205778,1.13885970039941,0.337448559670782,0.694254115782269,0.645935599833909,903,"tags=20%, list=5%, signal=19%","EMC10/EMC3"
"GOCC_M_BAND","GOCC_M_BAND",13,0.595136589523977,1.13562955107085,0.336755646817248,0.694254115782269,0.645935599833909,2652,"tags=23%, list=16%, signal=19%","OBSL1/ANK1/NBR1"
"GOCC_U5_SNRNP","GOCC_U5_SNRNP",17,-0.556189304334453,-1.11117745808571,0.341698841698842,0.694254115782269,0.645935599833909,4543,"tags=53%, list=27%, signal=39%","AAR2/SNRPD1/TXNL4B/SNRPB/SNRPE/PRPF8/DDX23/PRPF18/SNRPD3"
"GOCC_CHLORIDE_CHANNEL_COMPLEX","GOCC_CHLORIDE_CHANNEL_COMPLEX",29,-0.504485521344387,-1.10984555402435,0.341796875,0.694254115782269,0.645935599833909,1423,"tags=24%, list=8%, signal=22%","BEST3/GABRQ/GLRB/CLIC4/CLCA3P/GABRA6/GABRB2"
"GOCC_ANAPHASE_PROMOTING_COMPLEX","GOCC_ANAPHASE_PROMOTING_COMPLEX",20,-0.536431413223945,-1.10923298227523,0.335271317829457,0.694254115782269,0.645935599833909,2354,"tags=20%, list=14%, signal=17%","CDC23/ANAPC1/CDC20/ANAPC7"
"GOCC_INTEGRAL_COMPONENT_OF_SYNAPTIC_VESICLE_MEMBRANE","GOCC_INTEGRAL_COMPONENT_OF_SYNAPTIC_VESICLE_MEMBRANE",18,-0.549554120868243,-1.10908653642622,0.332677165354331,0.694254115782269,0.645935599833909,1407,"tags=28%, list=8%, signal=25%","ATP2B1/SLC30A3/SLC6A9/SYT1/SV2A"
"GOCC_TRANSLATION_PREINITIATION_COMPLEX","GOCC_TRANSLATION_PREINITIATION_COMPLEX",18,-0.547282746905815,-1.10450254699686,0.336614173228346,0.694254115782269,0.645935599833909,2482,"tags=28%, list=15%, signal=24%","EIF2S1/EIF3A/EIF3J/EIF3M/EIF3D"
"GOCC_BRUSH_BORDER_MEMBRANE","GOCC_BRUSH_BORDER_MEMBRANE",27,0.514411815685253,1.10208636809189,0.340248962655602,0.694254115782269,0.645935599833909,411,"tags=11%, list=2%, signal=11%","ATP6V0A4/ATP7A/SLC7A11"
"GOCC_ANCHORED_COMPONENT_OF_MEMBRANE","GOCC_ANCHORED_COMPONENT_OF_MEMBRANE",74,0.44988738783156,1.08807315428699,0.329457364341085,0.694254115782269,0.645935599833909,542,"tags=12%, list=3%, signal=12%","LYPD1/LSAMP/GPC6/NTNG1/MELTF/MDGA1/NTNG2/CD109/MMP17"
"GOCC_EXTRINSIC_COMPONENT_OF_CYTOPLASMIC_SIDE_OF_PLASMA_MEMBRANE","GOCC_EXTRINSIC_COMPONENT_OF_CYTOPLASMIC_SIDE_OF_PLASMA_MEMBRANE",66,-0.438858425414055,-1.0864666069907,0.330677290836653,0.694254115782269,0.645935599833909,2553,"tags=27%, list=15%, signal=23%","RAC1/GRAMD1A/LYN/CYLD/RHOA/IQGAP1/CYTH3/ESYT1/GNG5/GNA12/YES1/GNG10/STYK1/GNB1/KCNAB1/RACGAP1/FERMT2/ERRFI1"
"GOCC_CONDENSED_NUCLEAR_CHROMOSOME","GOCC_CONDENSED_NUCLEAR_CHROMOSOME",47,-0.453033083256436,-1.077398087018,0.333976833976834,0.694254115782269,0.645935599833909,4972,"tags=45%, list=29%, signal=32%","RRS1/NEK2/WAPL/MSH4/BLM/RCC1/RAD51/C14orf39/MLH3/CHEK1/TOPBP1/KIFAP3/NOL6/ADD3/RAD50/CCNB1IP1/PSMC3IP/HSPA2/UBE2I/PLK1/TTN"
"GOCC_CALCIUM_CHANNEL_COMPLEX","GOCC_CALCIUM_CHANNEL_COMPLEX",40,0.470977894851839,1.0693078921553,0.34156378600823,0.694254115782269,0.645935599833909,979,"tags=10%, list=6%, signal=9%","CACNG7/PDE4D/CACNG8/CALM3"
"GOCC_PHOTORECEPTOR_OUTER_SEGMENT","GOCC_PHOTORECEPTOR_OUTER_SEGMENT",42,0.470722850114717,1.06227745732636,0.342323651452282,0.694254115782269,0.645935599833909,1858,"tags=19%, list=11%, signal=17%","DHRS3/IFT140/MERTK/BBS4/SPTBN5/IFT20/PEX6/PDE6A"
"GOCC_FILOPODIUM","GOCC_FILOPODIUM",85,-0.410399439291602,-1.05800065695601,0.342915811088296,0.694254115782269,0.645935599833909,2195,"tags=20%, list=13%, signal=17%","FSCN1/SLC9A3R1/PPP1R9A/NF2/MSN/ABI1/EPHB1/EZR/FMR1/TWF1/ABITRAM/ACTN2/MYO1B/FGF13/KITLG/TRPV4/PODXL"
"GOCC_MICROTUBULE_END","GOCC_MICROTUBULE_END",30,0.499161149700267,1.08743868518047,0.344195519348269,0.694408442880948,0.646079186115632,559,"tags=13%, list=3%, signal=13%","MAPRE3/SPRY2/NCKAP5/CLASP1"
"GOCC_RUFFLE","GOCC_RUFFLE",150,-0.374875854758283,-1.05485506825146,0.347639484978541,0.698912832169401,0.650270080099233,2821,"tags=25%, list=17%, signal=21%","KNSTRN/FRMD4B/ITGB1BP1/WWC1/LAYN/WASF2/PDXP/AMOT/RAC1/WIPF1/APPL2/FSCN1/MACF1/DDX58/HIP1R/SLC9A3R1/RHOA/IQGAP1/ARHGEF2/CYTH3/NF2/DIAPH1/CAPG/EGFR/ITGA5/EZR/CORO1C/TWF1/COBL/SPRY4/ARHGAP18/PLEKHO1/ARHGEF26/PIP5K1A/S100A11/TRPV4/PALLD/PODXL"
"GOCC_POSTSYNAPTIC_CYTOSOL","GOCC_POSTSYNAPTIC_CYTOSOL",10,0.614721980250466,1.11963535122131,0.353909465020576,0.70088897937025,0.652108691925253,2017,"tags=30%, list=12%, signal=26%","DAG1/BAIAP2/PLCB3"
"GOCC_MICROVILLUS_MEMBRANE","GOCC_MICROVILLUS_MEMBRANE",15,0.573990929471384,1.11335829513739,0.353182751540041,0.70088897937025,0.652108691925253,558,"tags=33%, list=3%, signal=32%","SLC26A2/SLC6A6/SLC7A5/PTPRH/CTNNB1"
"GOCC_INHIBITORY_SYNAPSE","GOCC_INHIBITORY_SYNAPSE",11,0.594392544161162,1.09859951979941,0.372708757637475,0.70088897937025,0.652108691925253,1371,"tags=27%, list=8%, signal=25%","NLGN2/CLCN3/DTNB"
"GOCC_EUKARYOTIC_TRANSLATION_INITIATION_FACTOR_3_COMPLEX","GOCC_EUKARYOTIC_TRANSLATION_INITIATION_FACTOR_3_COMPLEX",15,-0.56398507344954,-1.09630415851308,0.361165048543689,0.70088897937025,0.652108691925253,1628,"tags=27%, list=10%, signal=24%","EIF3A/EIF3J/EIF3M/EIF3D"
"GOCC_BETA_CATENIN_DESTRUCTION_COMPLEX","GOCC_BETA_CATENIN_DESTRUCTION_COMPLEX",11,0.592366252499167,1.09485438021328,0.372708757637475,0.70088897937025,0.652108691925253,558,"tags=18%, list=3%, signal=18%","CTNNBIP1/CTNNB1"
"GOCC_H4_H2A_HISTONE_ACETYLTRANSFERASE_COMPLEX","GOCC_H4_H2A_HISTONE_ACETYLTRANSFERASE_COMPLEX",23,-0.506769140759452,-1.08507389302096,0.35645472061657,0.70088897937025,0.652108691925253,4522,"tags=48%, list=27%, signal=35%","MLLT3/TRRAP/MRGBP/MEAF6/YEATS4/RUVBL1/MORF4L2/EP400/VPS72/ACTB/YEATS2"
"GOCC_CATENIN_COMPLEX","GOCC_CATENIN_COMPLEX",18,0.540382759811276,1.07855052711167,0.364372469635628,0.70088897937025,0.652108691925253,1067,"tags=28%, list=6%, signal=26%","CTNND1/CTNNA2/CTNNB1/CDH19/CTNNA1"
"GOCC_CORE_MEDIATOR_COMPLEX","GOCC_CORE_MEDIATOR_COMPLEX",26,-0.493346333805137,-1.07593854989876,0.36852207293666,0.70088897937025,0.652108691925253,3954,"tags=35%, list=23%, signal=27%","MED9/MED27/MED8/MED20/MED31/MED15/MED10/MED17/MED22"
"GOCC_RNA_POLYMERASE_II_HOLOENZYME","GOCC_RNA_POLYMERASE_II_HOLOENZYME",72,-0.432155706521098,-1.07529962081273,0.355102040816327,0.70088897937025,0.652108691925253,3165,"tags=18%, list=19%, signal=15%","MMS19/RPRD1A/POLR2B/POLR2F/TAF3/CDK7/TAF5/GTF2E1/CDC73/TAF5L/GTF2H3/CCNH/RPRD2"
"GOCC_DYNEIN_COMPLEX","GOCC_DYNEIN_COMPLEX",36,-0.475325822316831,-1.07195796928611,0.36399217221135,0.70088897937025,0.652108691925253,3144,"tags=28%, list=19%, signal=23%","DCTN2/DYNC1H1/DYNC1LI1/DYNLL2/DYNLRB1/DNAH2/TPR/DYNC2H1/DNAH5/DNAH14"
"GOCC_EXOCYTIC_VESICLE","GOCC_EXOCYTIC_VESICLE",156,0.395005061131663,1.04666384864537,0.364150943396226,0.70088897937025,0.652108691925253,1791,"tags=23%, list=11%, signal=21%","DRD2/SYNGR1/SNAP25/KIRREL3/BSN/TRIM9/APP/PTPRS/GRIN2A/RAB3D/SNCA/CLCN3/VAMP2/STON1/SYTL2/WFS1/RABAC1/SYT5/RAB26/PTPRN/SEPTIN5/BRSK1/CALM3/DGKI/GABBR1/SYP/ROGDI/MCTP2/VAMP1/RAB11B/BORCS5/STX10/SYTL5/SYNGR3/COPS5/SLC17A5"
"GOCC_FICOLIN_1_RICH_GRANULE_MEMBRANE","GOCC_FICOLIN_1_RICH_GRANULE_MEMBRANE",38,0.463949923883877,1.04579821361873,0.3640081799591,0.70088897937025,0.652108691925253,1641,"tags=32%, list=10%, signal=29%","SLC2A3/ATP6V0A1/GAA/VPS35L/FPR1/NFASC/SERPINB6/PRCP/CD58/LAMP2/TCIRG1/TMEM179B"
"GOCC_CILIARY_TRANSITION_ZONE","GOCC_CILIARY_TRANSITION_ZONE",61,0.447650839416241,1.04418321991221,0.370741482965932,0.70088897937025,0.652108691925253,3050,"tags=30%, list=18%, signal=24%","KIAA1549/TMEM67/ARL3/IFT140/LCA5/BBS9/B9D2/IFT122/BBS4/SPTBN5/IFT20/TTBK2/PCDHB15/CIBAR1/TMEM107/MYO7A/TMEM216/AHI1"
"GOCC_CONTRACTILE_FIBER","GOCC_CONTRACTILE_FIBER",154,-0.368232356849049,-1.04309559804032,0.355789473684211,0.70088897937025,0.652108691925253,1721,"tags=24%, list=10%, signal=22%","PYROXD1/HABP4/PPP3CB/NEB/FLNA/CACNA1C/CALD1/CALM1/MYH15/HSPB1/CORO1C/VCL/PPP1R12A/MYL9/TWF1/ARF1/TTN/PGM5/JUP/SLC8A1/ACTN2/RYR2/TPM4/FERMT2/JPH2/ACTG1/KCNJ8/SCN5A/JPH1/SIMC1/CSRP1/GJA1/ANKRD1/IGFN1/PALLD/ABCC9/TPM3"
"GOCC_CYTOPLASMIC_SIDE_OF_MEMBRANE","GOCC_CYTOPLASMIC_SIDE_OF_MEMBRANE",137,-0.375720145896235,-1.04142449354088,0.360587002096436,0.70088897937025,0.652108691925253,2553,"tags=23%, list=15%, signal=20%","RAC1/GRAMD1A/C2CD2L/PPP3CA/BIRC2/LYN/CYLD/RHOA/IQGAP1/CYTH3/ESYT1/PKP4/GNG5/GNA12/SAMD12/YES1/CACNB4/GNG10/DNAJA1/STYK1/GNB1/KCNAB1/ATP2B1/RACGAP1/EZR/RAB21/PGM5/JUP/FERMT2/TRAF5/RGS2/ERRFI1"
"GOCC_9PLUS0_NON_MOTILE_CILIUM","GOCC_9PLUS0_NON_MOTILE_CILIUM",72,0.43161781652919,1.04031169148857,0.3671875,0.70088897937025,0.652108691925253,1858,"tags=17%, list=11%, signal=15%","DHRS3/KIAA1549/ARL3/IFT140/LCA5/IFT122/MERTK/BBS4/SPTBN5/IFT20/PEX6/PDE6A"
"GOCC_CILIARY_TIP","GOCC_CILIARY_TIP",45,0.45318576865995,1.03372534689288,0.369609856262834,0.70088897937025,0.652108691925253,1812,"tags=18%, list=11%, signal=16%","IFT27/CDKL5/IFT140/SUFU/ULK3/IFT122/IFT81/IFT20"
"GOCC_SITE_OF_POLARIZED_GROWTH","GOCC_SITE_OF_POLARIZED_GROWTH",144,-0.368321725659762,-1.03217512072064,0.372916666666667,0.70088897937025,0.652108691925253,2335,"tags=22%, list=14%, signal=19%","BASP1/KIF20B/TOR1A/PSEN2/DOCK7/FSCN1/FKBP15/SLC2A13/IQGAP1/NDEL1/FLNA/ABI1/NEO1/KIF21B/THY1/FMR1/C9orf72/NEFL/RTN4R/FKBP4/ABITRAM/GPRIN1/COBL/HSP90AB1/SIGMAR1/MAP1B/FGF13/ARPC5/COPA/TRPV4/PALLD/KIF5C"
"GOCC_CYTOPLASMIC_REGION","GOCC_CYTOPLASMIC_REGION",194,-0.357405080020403,-1.03045243641993,0.36784140969163,0.70088897937025,0.652108691925253,1938,"tags=16%, list=11%, signal=15%","ATG14/RP1/BBS5/RANGAP1/DNAH2/ARL8A/NDEL1/MYO5B/UHMK1/CLTA/PRKAR2A/KIF1C/HSPB1/FMR1/NEFL/DYNC2H1/RAB21/SFPQ/INSC/TCHP/DNAH5/CFAP45/DNAH14/AGTPBP1/ZC3H14/ARFGEF2/HNRNPAB/SYBU/HNRNPU/CENPF/UCHL1/KIF5C"
"GOCC_DENDRITIC_TREE","GOCC_DENDRITIC_TREE",418,-0.330712221477542,-1.01929368003177,0.366132723112128,0.70088897937025,0.652108691925253,1505,"tags=15%, list=9%, signal=14%","CACNA1C/SYT11/FRMPD4/ABHD17C/DDN/UHMK1/CLU/ATP2B1/CTNND2/TPBG/SAMD4A/EPHB1/NEDD4/SEPTIN11/KIF21B/KIF1C/APBA1/RBM8A/THY1/FMR1/MYO1D/SLC1A4/C9orf72/PPP1CC/RTN4R/AMIGO1/SFPQ/SLC38A2/ABITRAM/COBL/ABHD17B/SLC8A1/GLRB/ACTN2/RAB3IP/KIF21A/FZD4/CAPRIN1/MAP6/ELOVL5/PPFIA2/GLRX2/HSP90AB1/NCS1/MAP1B/ZC3H14/ARFGEF2/HNRNPAB/CLSTN2/FGF13/HNRNPU/LRP8/PLK2/GABRA6/ADORA1/PRKAA2/CAPN2/EPHA5/CPEB1/ATF4/KIF5C/ANXA3/SV2A"
"GOCC_PRESYNAPTIC_ACTIVE_ZONE_MEMBRANE","GOCC_PRESYNAPTIC_ACTIVE_ZONE_MEMBRANE",22,0.505919803664549,1.05183080046139,0.374493927125506,0.701568168673432,0.652740611189365,523,"tags=14%, list=3%, signal=13%","NTNG1/NTNG2/LRFN3"
"GOCC_PSEUDOPODIUM","GOCC_PSEUDOPODIUM",13,-0.576426161198589,-1.10585945286344,0.378640776699029,0.707041191441229,0.657832723953346,1996,"tags=38%, list=12%, signal=34%","MAPK1/VAMP7/MSN/ACTN2/CAPN2"
"GOCC_FILAMENTOUS_ACTIN","GOCC_FILAMENTOUS_ACTIN",22,-0.505479884063633,-1.06364275055456,0.37992125984252,0.707143764287529,0.657928157961579,750,"tags=14%, list=4%, signal=13%","SPECC1L/ACTG1/SPECC1"
"GOCC_PRERIBOSOME_LARGE_SUBUNIT_PRECURSOR","GOCC_PRERIBOSOME_LARGE_SUBUNIT_PRECURSOR",23,-0.497164134379194,-1.06450803605126,0.38150289017341,0.707804397524302,0.658542812619527,4185,"tags=43%, list=25%, signal=33%","WDR12/MRTO4/WDR37/ZNF622/RRP15/MDN1/EBNA1BP2/PES1/RRP1B/RPF1"
"GOCC_DNA_REPLICATION_PREINITIATION_COMPLEX","GOCC_DNA_REPLICATION_PREINITIATION_COMPLEX",12,-0.578980459568206,-1.10497642176132,0.383104125736739,0.708497053045187,0.659187260883052,3579,"tags=25%, list=21%, signal=20%","GINS1/MCM5/CDC45"
"GOCC_MAGNESIUM_DEPENDENT_PROTEIN_SERINE_THREONINE_PHOSPHATASE_COMPLEX","GOCC_MAGNESIUM_DEPENDENT_PROTEIN_SERINE_THREONINE_PHOSPHATASE_COMPLEX",26,-0.484913490917132,-1.05754737086949,0.387715930902111,0.714735118627854,0.664991171212634,4739,"tags=50%, list=28%, signal=36%","PPP4R3A/PPP2R5E/PPP4R3B/PPP2R2A/PTPA/PPP4R2/PPP2R1B/PPP3R1/PPP2R3A/PPP2CA/PPP3CA/PPP3CB/PPP2R3B"
"GOCC_CYTOSOLIC_REGION","GOCC_CYTOSOLIC_REGION",12,0.568190751535409,1.06908463482745,0.389452332657201,0.715649668608933,0.665842070583883,2017,"tags=25%, list=12%, signal=22%","DAG1/BAIAP2/PLCB3"
"GOCC_METHYLTRANSFERASE_COMPLEX","GOCC_METHYLTRANSFERASE_COMPLEX",89,-0.397915802468074,-1.03360601796032,0.393374741200828,0.718282359724297,0.668291532353173,4709,"tags=42%, list=28%, signal=30%","KMT2D/PELP1/KMT2A/MAX/SNRPD1/NCOA6/CLNS1A/RBM15B/MCRS1/SNRPB/CBX5/SENP3/TAF6/RNF2/SUZ12/MGA/RNMT/METTL14/C17orf49/SNRPE/RUVBL1/EZH2/SETD1B/WDR5/PRDM4/WDR77/TRMT10C/METTL1/SNRPD3/PHF20/HDAC9/CBLL1/SNRPF/TEX10/RBBP5/INO80C/HDAC2"
"GOCC_APICAL_JUNCTION_COMPLEX","GOCC_APICAL_JUNCTION_COMPLEX",110,0.401549912160792,1.02125860041098,0.392789373814042,0.718282359724297,0.668291532353173,1278,"tags=14%, list=8%, signal=13%","PMP22/CGN/MICALL2/CTNND1/SORBS1/TGFBR1/CTNNB1/TRAF4/JAM3/SHROOM2/MAGI2/CYTH2/CTNNA1/CXADR/UBN1"
"GOCC_CATALYTIC_STEP_1_SPLICEOSOME","GOCC_CATALYTIC_STEP_1_SPLICEOSOME",12,-0.566883825721412,-1.08189015872343,0.398821218074656,0.725930103561756,0.675407010519923,5742,"tags=58%, list=34%, signal=39%","CASC3/CWC25/CWC22/MAGOHB/EIF4A3/PRPF8/RBM8A"
"GOCC_SITE_OF_DNA_DAMAGE","GOCC_SITE_OF_DNA_DAMAGE",94,-0.392003781914966,-1.02260608742522,0.40295358649789,0.731145344054348,0.68025928207191,3326,"tags=27%, list=20%, signal=21%","KAT7/MRE11/PARP2/SMC5/RNF169/RIF1/HROB/ARPC3/RAD50/NABP1/UBQLN4/ARPC2/XRCC4/INIP/RNF138/SMCHD1/PARP1/TIMELESS/SLF1/ACTR3/CGAS/SAMHD1/RAD18/ARPC5/SLFN11"
"GOCC_AXONEMAL_DYNEIN_COMPLEX","GOCC_AXONEMAL_DYNEIN_COMPLEX",13,-0.56172827371884,-1.07766191621311,0.411650485436893,0.742058412156556,0.690412825321251,1791,"tags=23%, list=11%, signal=21%","DNAH2/DNAH5/DNAH14"
"GOCC_EXTRINSIC_COMPONENT_OF_SYNAPTIC_MEMBRANE","GOCC_EXTRINSIC_COMPONENT_OF_SYNAPTIC_MEMBRANE",10,-0.565858368521584,-1.05190803736344,0.420542635658915,0.742058412156556,0.690412825321251,2446,"tags=60%, list=14%, signal=51%","RNF10/PICALM/KPNA2/CRKL/SNAP91/CNKSR2"
"GOCC_GOLGI_TRANSPORT_COMPLEX","GOCC_GOLGI_TRANSPORT_COMPLEX",11,0.566358807639195,1.04678552956055,0.413441955193483,0.742058412156556,0.690412825321251,4725,"tags=55%, list=28%, signal=39%","COG8/COG6/COG7/COG3/COG1/DNAJC28"
"GOCC_CYTOPLASMIC_DYNEIN_COMPLEX","GOCC_CYTOPLASMIC_DYNEIN_COMPLEX",18,-0.512287466802025,-1.03387657490833,0.419291338582677,0.742058412156556,0.690412825321251,3075,"tags=33%, list=18%, signal=27%","DYNC1H1/DYNC1LI1/DYNLL2/DYNLRB1/TPR/DYNC2H1"
"GOCC_ROUGH_ENDOPLASMIC_RETICULUM","GOCC_ROUGH_ENDOPLASMIC_RETICULUM",60,-0.42017841181957,-1.03022763472137,0.410958904109589,0.742058412156556,0.690412825321251,129,"tags=12%, list=1%, signal=12%","ZC3H12A/SEC63/TMEM97/CKAP4/EPHA5/GLUL/EDN1"
"GOCC_OUTER_MITOCHONDRIAL_MEMBRANE_PROTEIN_COMPLEX","GOCC_OUTER_MITOCHONDRIAL_MEMBRANE_PROTEIN_COMPLEX",21,-0.490194741106646,-1.02421260559924,0.417647058823529,0.742058412156556,0.690412825321251,4928,"tags=52%, list=29%, signal=37%","MTX3/DNAJC11/TOMM5/TOMM40/APOOL/HSPA9/TOMM40L/CHCHD3/TOMM20/TOMM22/MTX1"
"GOCC_P_BODY","GOCC_P_BODY",84,-0.396234189366903,-1.01684385240555,0.417177914110429,0.742058412156556,0.690412825321251,1954,"tags=17%, list=12%, signal=15%","CNOT9/HAX1/ZC3H12A/YTHDF2/SAMD4A/APOBEC3B/EIF4ENIF1/YTHDF1/C9orf72/MEX3B/UBAP2/CAPRIN1/CPEB1/MEX3A"
"GOCC_NUCLEAR_MEMBRANE","GOCC_NUCLEAR_MEMBRANE",259,-0.339976481554775,-1.01003537608611,0.419864559819413,0.742058412156556,0.690412825321251,3010,"tags=27%, list=18%, signal=23%","RIF1/SMPD4/SPIN1/LPIN1/NUP153/SUMO1/XPO1/CLCA2/NUP93/TBC1D20/TAF3/KPNA4/GCH1/MTDH/NUP133/NOC4L/P2RX5/NSMF/QSOX2/LEMD3/TOR1AIP1/TOR1A/PSEN2/SLC30A1/ERBIN/BRAP/RANBP2/BCL2/NOS1AP/BRIP1/BCL2L1/HAX1/HACD3/RANGAP1/MINDY3/TMEM201/CCNI/NDC1/NUP54/INPP4A/EGFR/PHF20/TPR/PLRG1/TMEM97/DHCR7/MATR3/GLE1/TENT4A/OSBPL8/CDK4/RAP1GAP2/C9orf72/NEMP1/NAV3/SEPHS1/YBX1/DPY19L2/NUP210/BOK/GTPBP4/NUP205/DTL/NUP107/DNAJC2/TXLNG/AHCTF1/SIGMAR1/JPT1/OSBPL6/SCRN1"
"GOCC_POSTSYNAPTIC_SPECIALIZATION_MEMBRANE","GOCC_POSTSYNAPTIC_SPECIALIZATION_MEMBRANE",77,0.407636849066187,0.986829756299085,0.417153996101364,0.742058412156556,0.690412825321251,1083,"tags=17%, list=6%, signal=16%","CACNG7/EFNB2/CNIH2/CLSTN3/NLGN2/PTPRS/LRFN3/GRIN2A/ADAM22/NLGN1/CACNG8/RGS9/ARC"
"GOCC_NUCLEAR_REPLICATION_FORK","GOCC_NUCLEAR_REPLICATION_FORK",27,-0.468990102222879,-1.02990722450417,0.425,0.747637195121951,0.695603337612324,4952,"tags=44%, list=29%, signal=32%","TONSL/SMARCA5/POLA2/SMARCAL1/PCNA/POLA1/PRIM2/PRIM1/BAZ1B/POLD3/TIMELESS/MCM10"
"GOCC_EXON_EXON_JUNCTION_COMPLEX","GOCC_EXON_EXON_JUNCTION_COMPLEX",10,-0.562771069164077,-1.04616887154286,0.428294573643411,0.748866572703782,0.696747153295501,5113,"tags=80%, list=30%, signal=56%","UPF3B/PYM1/MAGOHB/EIF4A3/UPF1/UPF2/RBM8A/MAGOH"
"GOCC_CELL_LEADING_EDGE","GOCC_CELL_LEADING_EDGE",342,-0.32926536963689,-1.0011883643862,0.427927927927928,0.748866572703782,0.696747153295501,2392,"tags=20%, list=14%, signal=18%","WIPF1/APPL2/ARPC2/PXN/RAB13/AMPH/PIEZO1/DDX3X/FSCN1/MACF1/DDX58/HIP1R/SLC9A3R1/CDH2/PTPN13/RHOA/IQGAP1/VAMP7/ARHGEF2/CYTH3/HAX1/NF2/MYLK/DIAPH1/CAPG/NDEL1/EGFR/DUOX1/ABI1/ITGA5/DDN/ATP2B1/EPB41L3/ACTR3/THY1/EZR/CORO1C/MYO1D/STX2/TWF1/ARF1/ARHGAP31/SWAP70/ACTB/ABITRAM/COBL/RAB3IP/SPRY4/CAPRIN1/FERMT2/VIM/LMO4/ARHGAP18/PLEKHO1/RAC2/ABLIM1/SSX2IP/ARHGEF26/ARPC5/MYH10/PIP5K1A/GABRA6/KITLG/S100A11/ADORA1/ATF4/TRPV4/PALLD/PODXL"
"GOCC_H3_HISTONE_ACETYLTRANSFERASE_COMPLEX","GOCC_H3_HISTONE_ACETYLTRANSFERASE_COMPLEX",10,0.580022740446204,1.05643524321553,0.432098765432099,0.750966830284099,0.698701237699335,2728,"tags=40%, list=16%, signal=34%","ING4/PHF14/ING5/BRPF3"
"GOCC_COLLAGEN_TRIMER","GOCC_COLLAGEN_TRIMER",42,0.440362883258459,0.993764300617013,0.431535269709544,0.750966830284099,0.698701237699335,897,"tags=24%, list=5%, signal=23%","COL1A1/COL18A1/COL5A1/COL8A1/COL9A3/COL6A1/COL4A1/COL16A1/COL22A1/COL15A1"
"GOCC_PRONUCLEUS","GOCC_PRONUCLEUS",11,0.559256018725815,1.03365763863035,0.433808553971487,0.751674281205849,0.699359451637295,87,"tags=9%, list=1%, signal=9%","SLC2A1"
"GOCC_TRICARBOXYLIC_ACID_CYCLE_ENZYME_COMPLEX","GOCC_TRICARBOXYLIC_ACID_CYCLE_ENZYME_COMPLEX",15,-0.526154274902063,-1.02276664179513,0.438834951456311,0.755844080568034,0.703239042396602,3494,"tags=40%, list=21%, signal=32%","DLD/SUCLG1/OGDH/FH/DLST/IDH3A"
"GOCC_GTPASE_COMPLEX","GOCC_GTPASE_COMPLEX",24,0.475179094507235,0.998406270560926,0.438669438669439,0.755844080568034,0.703239042396602,494,"tags=8%, list=3%, signal=8%","GNG2/GNAO1"
"GOCC_COPI_COATED_VESICLE_MEMBRANE","GOCC_COPI_COATED_VESICLE_MEMBRANE",18,-0.500144973984409,-1.00937111713578,0.440944881889764,0.757217847769029,0.704517198508081,1814,"tags=22%, list=11%, signal=20%","COPZ1/TMED2/DIPK2A/COPA"
"GOCC_PHOTORECEPTOR_CONNECTING_CILIUM","GOCC_PHOTORECEPTOR_CONNECTING_CILIUM",34,0.449154947170519,0.999144348155632,0.442622950819672,0.757844043391545,0.705099812331822,1812,"tags=24%, list=11%, signal=21%","KIAA1549/ARL3/IFT140/LCA5/IFT122/BBS4/SPTBN5/IFT20"
"GOCC_COPII_VESICLE_COAT","GOCC_COPII_VESICLE_COAT",15,0.523120296072125,1.01468558313806,0.447638603696099,0.761909953783625,0.70888274455833,1236,"tags=13%, list=7%, signal=12%","SEC24C/SEC31B"
"GOCC_PHOSPHATIDYLINOSITOL_3_KINASE_COMPLEX","GOCC_PHOSPHATIDYLINOSITOL_3_KINASE_COMPLEX",22,0.476655581449689,0.990989121495315,0.447368421052632,0.761909953783625,0.70888274455833,4212,"tags=36%, list=25%, signal=27%","SOCS7/BECN1/SOCS5/PIK3CD/PIK3R3/PIK3C2B/PIK3CB/PIK3R2"
"GOCC_CUL3_RING_UBIQUITIN_LIGASE_COMPLEX","GOCC_CUL3_RING_UBIQUITIN_LIGASE_COMPLEX",35,-0.444254829762165,-1.00025788304255,0.452054794520548,0.764913831197525,0.711677558899458,3331,"tags=29%, list=20%, signal=23%","CUL3/LZTR1/KCTD10/KLHL20/SPOPL/KCTD17/KLHL21/KLHL12/KBTBD8/KLHL13"
"GOCC_MYOSIN_COMPLEX","GOCC_MYOSIN_COMPLEX",32,0.444642896826532,0.985363743668285,0.451020408163265,0.764913831197525,0.711677558899458,473,"tags=12%, list=3%, signal=12%","BMF/CGN/MYO18A/MYO1E"
"GOCC_APICAL_DENDRITE","GOCC_APICAL_DENDRITE",12,-0.538347559230059,-1.02742907784074,0.457760314341847,0.770879447479408,0.717227981783267,2431,"tags=33%, list=14%, signal=29%","NSMF/CLU/MYO1D/MAP1B"
"GOCC_SET1C_COMPASS_COMPLEX","GOCC_SET1C_COMPASS_COMPLEX",13,-0.530672719355619,-1.01808259683408,0.458252427184466,0.770879447479408,0.717227981783267,2633,"tags=23%, list=16%, signal=20%","SETD1B/WDR5/RBBP5"
"GOCC_ER_UBIQUITIN_LIGASE_COMPLEX","GOCC_ER_UBIQUITIN_LIGASE_COMPLEX",10,0.567471525088513,1.03357485288178,0.469135802469136,0.775665818209866,0.721681231938396,2684,"tags=30%, list=16%, signal=25%","FAM8A1/OS9/SYVN1"
"GOCC_SODIUM_CHANNEL_COMPLEX","GOCC_SODIUM_CHANNEL_COMPLEX",10,0.564597873059434,1.02834087312795,0.475308641975309,0.775665818209866,0.721681231938396,332,"tags=20%, list=2%, signal=20%","TRPM4/GRIK2"
"GOCC_MITOCHONDRIAL_PROTON_TRANSPORTING_ATP_SYNTHASE_COMPLEX_COUPLING_FACTOR_F_O","GOCC_MITOCHONDRIAL_PROTON_TRANSPORTING_ATP_SYNTHASE_COMPLEX_COUPLING_FACTOR_F_O",10,0.560291328256431,1.0204970673784,0.477366255144033,0.775665818209866,0.721681231938396,3535,"tags=50%, list=21%, signal=40%","ATP5PO/ATP5PD/ATP5ME/ATP5PF/ATP5MC1"
"GOCC_XY_BODY","GOCC_XY_BODY",11,-0.534219047858017,-1.01122380468805,0.471624266144814,0.775665818209866,0.721681231938396,2883,"tags=64%, list=17%, signal=53%","SMARCB1/SUMO1/UBE2B/UBE2A/BIRC2/SMARCC1/PLK4"
"GOCC_POLYSOMAL_RIBOSOME","GOCC_POLYSOMAL_RIBOSOME",29,-0.453225083113439,-0.997074885569188,0.46484375,0.775665818209866,0.721681231938396,2692,"tags=21%, list=16%, signal=17%","RPL6/NUFIP2/PNPT1/LARP1/DHX9/LARP4B"
"GOCC_ESCRT_I_COMPLEX","GOCC_ESCRT_I_COMPLEX",11,0.539035096993798,0.996283860774426,0.480651731160896,0.775665818209866,0.721681231938396,3476,"tags=36%, list=21%, signal=29%","MVB12B/VPS37B/MVB12A/VPS28"
"GOCC_MLL3_4_COMPLEX","GOCC_MLL3_4_COMPLEX",11,0.538836339442272,0.995916502615567,0.480651731160896,0.775665818209866,0.721681231938396,212,"tags=9%, list=1%, signal=9%","KDM6B"
"GOCC_PROTEIN_PHOSPHATASE_TYPE_2A_COMPLEX","GOCC_PROTEIN_PHOSPHATASE_TYPE_2A_COMPLEX",16,-0.503773433063342,-0.98950218227573,0.472762645914397,0.775665818209866,0.721681231938396,4483,"tags=44%, list=26%, signal=32%","PPP2R5E/PPP2R2A/PTPA/PPP2R1B/PPP2R3A/PPP2CA/PPP2R3B"
"GOCC_RIBOSOMAL_SUBUNIT","GOCC_RIBOSOMAL_SUBUNIT",169,-0.348079217096678,-0.986557637835502,0.473684210526316,0.775665818209866,0.721681231938396,2134,"tags=9%, list=13%, signal=8%","MRPL16/MRPL50/MRPS21/MRPS9/MRPL1/MRPL37/MRPL22/MRPS5/MRPL30/RPLP0/MRPL35/MRPS2/DAP3/MRPL9/MRPL24"
"GOCC_PHOSPHATASE_COMPLEX","GOCC_PHOSPHATASE_COMPLEX",45,-0.417836708252163,-0.984714096244062,0.467961165048544,0.775665818209866,0.721681231938396,3376,"tags=40%, list=20%, signal=32%","PPP1R10/PPP4R3A/PPP2R5E/PPP4R3B/PPP2R2A/PTPA/PPP4R2/PPP2R1B/PPP1R3D/PPP3R1/PPP2R3A/PPP2CA/PPP3CA/PPP3CB/PPP2R3B/PPP1R12A/PPP1CC/PPP1R15B"
"GOCC_ENDOPEPTIDASE_COMPLEX","GOCC_ENDOPEPTIDASE_COMPLEX",73,-0.394070500344693,-0.984391535191232,0.468302658486708,0.775665818209866,0.721681231938396,2150,"tags=21%, list=13%, signal=18%","PSMD5/PSMD12/PSMB7/PIGK/PLAU/THBD/RAD23B/UBQLN1/USP14/HSPB1/ECPAS/PSMD2/CASP2/CAPN2/UCHL5"
"GOCC_EXTRINSIC_COMPONENT_OF_ORGANELLE_MEMBRANE","GOCC_EXTRINSIC_COMPONENT_OF_ORGANELLE_MEMBRANE",46,-0.409660590558757,-0.972581305047851,0.472061657032755,0.775665818209866,0.721681231938396,2324,"tags=20%, list=14%, signal=17%","SNX16/TOR1A/BIN1/NDUFAF5/ATG14/ZC3H12A/ANXA1/PML/OTULINL"
"GOCC_REPLICATION_FORK","GOCC_REPLICATION_FORK",59,-0.397315356499969,-0.967039043713241,0.481262327416174,0.775665818209866,0.721681231938396,4952,"tags=44%, list=29%, signal=31%","TONSL/RTF2/DNMT1/SMARCA5/RFC1/POLA2/BLM/SMARCAL1/PCNA/POLA1/RAD51C/CHEK1/PRIM2/RFC4/MRE11/PRIM1/PRIMPOL/BAZ1B/UBE2B/POLD3/UHRF1/TIMELESS/XRCC2/RFC5/RAD18/MCM10"
"GOCC_SNARE_COMPLEX","GOCC_SNARE_COMPLEX",40,0.422404339679007,0.959026525526212,0.479423868312757,0.775665818209866,0.721681231938396,2055,"tags=20%, list=12%, signal=18%","SNAP25/VAMP2/VAMP1/STX5/STX10/TSNARE1/STX4/STX8"
"GOCC_PRESYNAPTIC_ACTIVE_ZONE","GOCC_PRESYNAPTIC_ACTIVE_ZONE",57,0.41274016303263,0.957102085394085,0.474747474747475,0.775665818209866,0.721681231938396,1210,"tags=26%, list=7%, signal=25%","NTNG1/PPFIA3/BSN/CTNND1/APP/NTNG2/PPFIBP1/LRFN3/CTNNB1/ARHGAP44/BRSK1/ERC1/SYP/GPER1/PPFIBP2"
"GOCC_DESMOSOME","GOCC_DESMOSOME",16,-0.498632005858341,-0.97940348888409,0.48443579766537,0.778605724938491,0.724416527809232,2904,"tags=44%, list=17%, signal=36%","DSP/POF1B/DSG2/PKP4/TCHP/JUP/PNN"
"GOCC_FIBRILLAR_CENTER","GOCC_FIBRILLAR_CENTER",130,-0.359376810401992,-0.989620533826208,0.48728813559322,0.779785435321014,0.725514133017818,2820,"tags=25%, list=17%, signal=21%","UTP4/POLR2F/CDK7/MTDH/AKNA/TCOF1/BTBD10/DKC1/ACACA/AFF4/PTPN13/ORC6/RAE1/WDR43/NUAK1/NOP58/PLRG1/SAMD4A/DCAF1/E2F5/EZR/UTP15/UBE2N/JAZF1/HEATR1/YY1AP1/KLF6/POLR1E/FOXA1/FBLIM1/ANKRD1/SPECC1"
"GOCC_RNA_POLYMERASE_II_TRANSCRIPTION_REGULATOR_COMPLEX","GOCC_RNA_POLYMERASE_II_TRANSCRIPTION_REGULATOR_COMPLEX",203,-0.337926212565512,-0.980933504853272,0.489224137931034,0.779785435321014,0.725514133017818,1611,"tags=14%, list=10%, signal=13%","PYGO2/MED10/CEBPB/JUN/NFYB/MED17/E2F5/MAFF/HOXB9/E2F7/SFPQ/TAF5L/MED22/CREBZF/ATF6/BATF3/ARNTL2/GTF2H3/LMO4/CEBPG/NFE2L3/HNRNPAB/CCNH/TCF3/TLE1/MYC/GEMIN5/XBP1/ATF4"
"GOCC_NEURON_PROJECTION_TERMINUS","GOCC_NEURON_PROJECTION_TERMINUS",71,0.399987921740166,0.959105804306619,0.489194499017682,0.779785435321014,0.725514133017818,1076,"tags=21%, list=6%, signal=20%","DRD2/BSN/PRSS12/GRIK2/FLRT3/DIXDC1/SNCA/CLCN3/VAMP2/TANC1/ROR1/BAIAP2/PTPRN/SYP/GPER1"
"GOCC_CYTOPLASMIC_UBIQUITIN_LIGASE_COMPLEX","GOCC_CYTOPLASMIC_UBIQUITIN_LIGASE_COMPLEX",14,0.506790603731964,0.975958672609987,0.491769547325103,0.781683274949268,0.727279887301153,1470,"tags=21%, list=9%, signal=20%","FAM8A1/ELOB/OS9"
"GOCC_TRANS_GOLGI_NETWORK_TRANSPORT_VESICLE_MEMBRANE","GOCC_TRANS_GOLGI_NETWORK_TRANSPORT_VESICLE_MEMBRANE",13,-0.513416599206611,-0.984977153550851,0.495145631067961,0.784887442654433,0.73026105218236,1305,"tags=31%, list=8%, signal=28%","AFTPH/CLTA/NCALD/AP1G2"
"GOCC_COPI_VESICLE_COAT","GOCC_COPI_VESICLE_COAT",13,-0.512330365564739,-0.982893240949826,0.499029126213592,0.788876180343131,0.733972182751066,1814,"tags=23%, list=11%, signal=21%","COPZ1/DIPK2A/COPA"
"GOCC_MITOTIC_SPINDLE_MIDZONE","GOCC_MITOTIC_SPINDLE_MIDZONE",12,-0.513081640178381,-0.979209411071578,0.508840864440079,0.79173164556962,0.736628914057295,640,"tags=25%, list=4%, signal=24%","KIF20B/CENPE/HNRNPU"
"GOCC_PLATELET_ALPHA_GRANULE_MEMBRANE","GOCC_PLATELET_ALPHA_GRANULE_MEMBRANE",12,0.518723648956599,0.976009344260802,0.509127789046653,0.79173164556962,0.736628914057295,1575,"tags=33%, list=9%, signal=30%","CD109/SNCA/SPARC/LHFPL2"
"GOCC_SEMAPHORIN_RECEPTOR_COMPLEX","GOCC_SEMAPHORIN_RECEPTOR_COMPLEX",11,-0.513584704194026,-0.972165033588804,0.50880626223092,0.79173164556962,0.736628914057295,14,"tags=18%, list=0%, signal=18%","PLXNC1/PLXNA2"
"GOCC_PROTEIN_PHOSPHATASE_TYPE_1_COMPLEX","GOCC_PROTEIN_PHOSPHATASE_TYPE_1_COMPLEX",12,-0.509154599210355,-0.971714706189489,0.514734774066798,0.79173164556962,0.736628914057295,990,"tags=25%, list=6%, signal=24%","PPP1R3D/PPP1CC/PPP1R15B"
"GOCC_LEADING_EDGE_MEMBRANE","GOCC_LEADING_EDGE_MEMBRANE",127,-0.353375194896008,-0.966921769040748,0.540772532188841,0.79173164556962,0.736628914057295,2605,"tags=24%, list=15%, signal=21%","PDXP/GABRA2/RAC1/APPL2/AMPH/PIEZO1/MACF1/DDX58/HIP1R/RHOA/ARHGEF2/NF2/DIAPH1/EGFR/ITGA5/DDN/ATP2B1/EPB41L3/THY1/EZR/CORO1C/MYO1D/TWF1/SPRY4/FERMT2/PLEKHO1/PIP5K1A/GABRA6/ADORA1/ATF4/TRPV4"
"GOCC_RNA_POLYMERASE_II_TRANSCRIPTION_REPRESSOR_COMPLEX","GOCC_RNA_POLYMERASE_II_TRANSCRIPTION_REPRESSOR_COMPLEX",13,-0.503910672684914,-0.966740266660803,0.518446601941748,0.79173164556962,0.736628914057295,1993,"tags=46%, list=12%, signal=41%","DDX20/BIN1/MXD1/TBX18/ETV3/MYC"
"GOCC_I_BAND","GOCC_I_BAND",91,-0.369477744020161,-0.961991884586888,0.513457556935818,0.79173164556962,0.736628914057295,2180,"tags=31%, list=13%, signal=27%","PPP3CA/PSEN2/NEXN/NOS1AP/CAVIN4/BIN1/GLRX3/PPP3CB/NEB/FLNA/CACNA1C/HSPB1/PPP1R12A/MYL9/TTN/PGM5/JUP/SLC8A1/ACTN2/RYR2/FERMT2/JPH2/SCN5A/JPH1/CSRP1/ANKRD1/IGFN1/PALLD"
"GOCC_ACROSOMAL_MEMBRANE","GOCC_ACROSOMAL_MEMBRANE",14,0.49926270165022,0.961461716136969,0.516460905349794,0.79173164556962,0.736628914057295,616,"tags=21%, list=4%, signal=21%","ATP8B3/SPACA6/FLOT2"
"GOCC_INTRINSIC_COMPONENT_OF_EXTERNAL_SIDE_OF_PLASMA_MEMBRANE","GOCC_INTRINSIC_COMPONENT_OF_EXTERNAL_SIDE_OF_PLASMA_MEMBRANE",11,-0.505986548362369,-0.957782476322251,0.522504892367906,0.79173164556962,0.736628914057295,3156,"tags=36%, list=19%, signal=30%","F3/EFNA5/THY1/RTN4R"
"GOCC_GUANYL_NUCLEOTIDE_EXCHANGE_FACTOR_COMPLEX","GOCC_GUANYL_NUCLEOTIDE_EXCHANGE_FACTOR_COMPLEX",15,0.493616610239678,0.957457895953292,0.51129363449692,0.79173164556962,0.736628914057295,729,"tags=20%, list=4%, signal=19%","DOCK1/WDR41/LAMTOR4"
"GOCC_RNA_POLYMERASE_I_COMPLEX","GOCC_RNA_POLYMERASE_I_COMPLEX",13,-0.49837519674257,-0.956120591828192,0.530097087378641,0.79173164556962,0.736628914057295,3386,"tags=38%, list=20%, signal=31%","POLR1A/POLR1G/POLR2F/POLR1F/POLR1E"
"GOCC_TRANSPORTER_COMPLEX","GOCC_TRANSPORTER_COMPLEX",228,0.349726843381848,0.954751886240498,0.538461538461538,0.79173164556962,0.736628914057295,1430,"tags=11%, list=8%, signal=10%","KCND1/CACNG7/TTYH2/CNIH2/TTYH3/TRPM4/PDE4D/ABCB6/GRIK2/KCNIP3/HCN1/GRIN2A/KCNN4/OLFM2/NDUFB10/KCNAB3/CACNG8/GABRG3/CALM3/EPS8/PORCN/ATP1A1/KCNMA1/PKD2/NDUFA13"
"GOCC_H4_HISTONE_ACETYLTRANSFERASE_COMPLEX","GOCC_H4_HISTONE_ACETYLTRANSFERASE_COMPLEX",37,-0.418067509944537,-0.952970116429776,0.524366471734893,0.79173164556962,0.736628914057295,3100,"tags=46%, list=18%, signal=38%","TRRAP/MRGBP/ATF2/MCRS1/MEAF6/YEATS4/RUVBL1/MORF4L2/OGT/WDR5/MSL2/PHF20/KANSL2/EP400/VPS72/ACTB/YEATS2"
"GOCC_INTRINSIC_COMPONENT_OF_GOLGI_MEMBRANE","GOCC_INTRINSIC_COMPONENT_OF_GOLGI_MEMBRANE",58,0.408014426491773,0.947787962324113,0.504048582995951,0.79173164556962,0.736628914057295,2509,"tags=22%, list=15%, signal=19%","B4GAT1/MFNG/LFNG/GALNT2/B4GALNT1/SLC35B2/RER1/TVP23A/SLC35A2/ENTPD4/LARGE1/YIF1A/SLC39A13"
"GOCC_INTRINSIC_COMPONENT_OF_VACUOLAR_MEMBRANE","GOCC_INTRINSIC_COMPONENT_OF_VACUOLAR_MEMBRANE",11,-0.500661443243911,-0.947702579171744,0.536203522504892,0.79173164556962,0.736628914057295,1987,"tags=27%, list=12%, signal=24%","SLC15A4/NPC1/ATP10B"
"GOCC_SECONDARY_LYSOSOME","GOCC_SECONDARY_LYSOSOME",13,0.495758909351459,0.945998746466742,0.53388090349076,0.79173164556962,0.736628914057295,4692,"tags=54%, list=28%, signal=39%","LAMP2/FTL/ADAM8/CRHBP/LAMP1/CLN3/SQSTM1"
"GOCC_CYTOSOLIC_RIBOSOME","GOCC_CYTOSOLIC_RIBOSOME",92,0.380073521265486,0.944868466125464,0.502890173410405,0.79173164556962,0.736628914057295,5090,"tags=54%, list=30%, signal=38%","EIF2AK4/RPL27A/RPS19/RPL28/RPL30/RPS5/RPS4X/ISG15/RPLP2/RPL18A/RPS27L/RPS28/RPS11/RPS20/RPS25/UBA52/RPL21/RPS9/RPL37/RPL13A/RPS18/RPL10A/RPS16/RPL15/RPL8/RPL3/RPL29/RPL37A/RPL32/RPL35A/RPL19/RPS29/RPL23A/RPS10/RPL13/RPL36A/RPL11/RPS13/RPS26/RPL18/RPL36AL/RPS12/RPS17/RPL36/RPS23/RPS3/RPL31/RPS15/RPL39/RPL24"
"GOCC_ANCHORED_COMPONENT_OF_PLASMA_MEMBRANE","GOCC_ANCHORED_COMPONENT_OF_PLASMA_MEMBRANE",31,0.431023271912796,0.943147173866931,0.520408163265306,0.79173164556962,0.736628914057295,427,"tags=16%, list=3%, signal=16%","GPC6/NTNG1/MELTF/MDGA1/NTNG2"
"GOCC_MKS_COMPLEX","GOCC_MKS_COMPLEX",13,0.494095249791505,0.942824179497641,0.53388090349076,0.79173164556962,0.736628914057295,4208,"tags=54%, list=25%, signal=41%","TMEM67/B9D2/TMEM107/TMEM216/AHI1/B9D1/TMEM231"
"GOCC_KINETOCHORE_MICROTUBULE","GOCC_KINETOCHORE_MICROTUBULE",17,-0.47074694407281,-0.940477259522944,0.532818532818533,0.79173164556962,0.736628914057295,640,"tags=18%, list=4%, signal=17%","CHMP5/CENPE/KNTC1"
"GOCC_MOTILE_CILIUM","GOCC_MOTILE_CILIUM",122,0.362468937909064,0.93583682267717,0.540642722117202,0.79173164556962,0.736628914057295,2037,"tags=18%, list=12%, signal=16%","DRD2/IFT27/TTLL3/ROPN1/BBS2/TTLL1/ABHD2/ROPN1B/ATP1A1/PMFBP1/PKD2/GAS8/IFT81/IQCG/BBS4/STARD10/DAAM1/GABARAP/CAPZB/IFT20/CABYR/DNAH9"
"GOCC_PODOSOME","GOCC_PODOSOME",25,-0.432720319473783,-0.935649283380149,0.53384912959381,0.79173164556962,0.736628914057295,2195,"tags=36%, list=13%, signal=31%","FSCN1/HNRNPK/LPXN/WDR1/VCL/TJP1/TPM4/AFAP1L1/PALLD"
"GOCC_GABA_ERGIC_SYNAPSE","GOCC_GABA_ERGIC_SYNAPSE",45,0.408938280229601,0.932795985271376,0.509240246406571,0.79173164556962,0.736628914057295,1007,"tags=24%, list=6%, signal=23%","DRD2/CLSTN3/BSN/DAG1/SLC6A6/MDGA1/NLGN2/PLCB1/IGSF9B/GABRG3/GABBR1"
"GOCC_INTRINSIC_COMPONENT_OF_MITOCHONDRIAL_OUTER_MEMBRANE","GOCC_INTRINSIC_COMPONENT_OF_MITOCHONDRIAL_OUTER_MEMBRANE",23,0.44556631354059,0.929916356350523,0.525879917184265,0.79173164556962,0.736628914057295,2629,"tags=26%, list=16%, signal=22%","ABCB6/DMPK/GDAP1/MUL1/RHOT2/SYNJ2BP"
"GOCC_SYNAPTIC_VESICLE_MEMBRANE","GOCC_SYNAPTIC_VESICLE_MEMBRANE",66,0.390430395844499,0.924083658537576,0.542,0.79173164556962,0.736628914057295,1791,"tags=29%, list=11%, signal=26%","DRD2/SYNGR1/BSN/PTPRS/SNCA/VAMP2/WFS1/SYT5/RAB26/CALM3/DGKI/SYP/MCTP2/VAMP1/RAB11B/BORCS5/STX10/SYNGR3/SLC17A5"
"GOCC_HIPPOCAMPAL_MOSSY_FIBER_TO_CA3_SYNAPSE","GOCC_HIPPOCAMPAL_MOSSY_FIBER_TO_CA3_SYNAPSE",23,0.442204209826601,0.922899499060434,0.53416149068323,0.79173164556962,0.736628914057295,1945,"tags=30%, list=11%, signal=27%","CTNND1/GRIK2/GPER1/YWHAZ/LRRTM2/CAPZB/NECTIN3"
"GOCC_AUTOPHAGOSOME","GOCC_AUTOPHAGOSOME",102,0.365275198724869,0.920677173815563,0.539047619047619,0.79173164556962,0.736628914057295,2032,"tags=20%, list=12%, signal=17%","TP53INP1/GABARAPL1/TM9SF1/DAPK2/WIPI1/ULK3/STING1/TBC1D17/TP53INP2/CHMP2A/BECN1/OSBPL7/PRKD1/SRPX/LAMP2/GABARAP/GABARAPL2/TEX264/ENTPD4/FTL"
"GOCC_PROTEIN_ACETYLTRANSFERASE_COMPLEX","GOCC_PROTEIN_ACETYLTRANSFERASE_COMPLEX",91,0.370172030040033,0.919300336407499,0.535645472061657,0.79173164556962,0.736628914057295,1042,"tags=8%, list=6%, signal=7%","JADE2/ING4/PHF14/PHF20L1/KAT2B/EPC1/KAT2A"
"GOCC_BLOOD_MICROPARTICLE","GOCC_BLOOD_MICROPARTICLE",50,0.4019999778846,0.916721483726902,0.540041067761807,0.79173164556962,0.736628914057295,1118,"tags=18%, list=7%, signal=17%","TGFB1/C1R/SLC2A1/C1RL/PROS1/ANGPTL4/DNPEP/C1S/YWHAZ"
"GOCC_TERMINAL_BOUTON","GOCC_TERMINAL_BOUTON",23,0.438435042029489,0.91503308125045,0.538302277432712,0.79173164556962,0.736628914057295,1574,"tags=17%, list=9%, signal=16%","PRSS12/GRIK2/SYP/SYNJ1"
"GOCC_ORGANELLE_MEMBRANE_CONTACT_SITE","GOCC_ORGANELLE_MEMBRANE_CONTACT_SITE",37,-0.413206043580622,-0.941888575633998,0.543859649122807,0.792441963494595,0.737289795461541,2884,"tags=30%, list=17%, signal=25%","SERAC1/STARD3NL/RMDN3/GRAMD1A/C2CD2L/ACSL4/ATG14/TOMM20/MBOAT7/MOSPD2/RAB38"
"GOCC_INTRINSIC_COMPONENT_OF_MITOCHONDRIAL_MEMBRANE","GOCC_INTRINSIC_COMPONENT_OF_MITOCHONDRIAL_MEMBRANE",86,-0.365434322757431,-0.943934064977151,0.546201232032854,0.793849145800899,0.73859904106259,1039,"tags=13%, list=6%, signal=12%","FUNDC2/CHCHD3/MCU/TOMM20/SLC25A3/PISD/MTX1/TIMM17A/SPIRE1/SLC25A4/BID"
"GOCC_BLOC_COMPLEX","GOCC_BLOC_COMPLEX",14,-0.488248771268454,-0.94058661516548,0.548449612403101,0.795114136574345,0.739775991339808,3033,"tags=29%, list=18%, signal=23%","SNAPIN/DTNBP1/HPS4/HPS3"
"GOCC_DISTAL_AXON","GOCC_DISTAL_AXON",194,-0.329649342518597,-0.950428483397955,0.559471365638767,0.798646284888585,0.743062310121642,2335,"tags=22%, list=14%, signal=19%","BASP1/KIF20B/TOR1A/PSEN2/DOCK7/FSCN1/FKBP15/HSPA8/BIN1/SLC2A13/IQGAP1/SRSF10/KCNK2/NDEL1/FLNA/ABI1/NEO1/TPBG/KIF21B/THY1/FMR1/C9orf72/NEFL/RTN4R/FKBP4/ACTB/ABITRAM/GPRIN1/COBL/SLC8A1/HSP90AB1/SIGMAR1/MAP1B/ACTG1/FGF13/ARPC5/COPA/ADORA1/GLUL/TRPV4/PALLD/KIF5C"
"GOCC_SWR1_COMPLEX","GOCC_SWR1_COMPLEX",13,-0.486104183492965,-0.932578953867014,0.559223300970874,0.798646284888585,0.743062310121642,1231,"tags=31%, list=7%, signal=29%","RUVBL1/EP400/ACTR6/ANP32E"
"GOCC_NUCLEOTIDE_EXCISION_REPAIR_COMPLEX","GOCC_NUCLEOTIDE_EXCISION_REPAIR_COMPLEX",11,0.501352635458219,0.926636395383907,0.560081466395112,0.798646284888585,0.743062310121642,284,"tags=9%, list=2%, signal=9%","XPC"
"GOCC_ENDOLYSOSOME_MEMBRANE","GOCC_ENDOLYSOSOME_MEMBRANE",14,0.480188683549407,0.924729674836428,0.559670781893004,0.798646284888585,0.743062310121642,2410,"tags=36%, list=14%, signal=31%","ABCB6/TPCN2/AP2S1/AP2M1/AP2B1"
"GOCC_PROTON_TRANSPORTING_ATP_SYNTHASE_COMPLEX_COUPLING_FACTOR_F_O","GOCC_PROTON_TRANSPORTING_ATP_SYNTHASE_COMPLEX_COUPLING_FACTOR_F_O",13,0.482074377802321,0.919886155351831,0.554414784394251,0.798646284888585,0.743062310121642,4605,"tags=54%, list=27%, signal=39%","ATP5PO/ATP5PD/ATP5ME/ATP5PF/ATP5MC1/ATP5MG/DMAC2L"
"GOCC_GLIAL_CELL_PROJECTION","GOCC_GLIAL_CELL_PROJECTION",19,0.457079215166943,0.919624423197077,0.553784860557769,0.798646284888585,0.743062310121642,654,"tags=26%, list=4%, signal=25%","APP/MAPT/SLC7A11/ABCA7/NFASC"
"GOCC_TRAPP_COMPLEX","GOCC_TRAPP_COMPLEX",15,0.467510582994505,0.906820576626202,0.560574948665298,0.798646284888585,0.743062310121642,2002,"tags=13%, list=12%, signal=12%","TRAPPC9/TRAPPC6A"
"GOCC_A_BAND","GOCC_A_BAND",17,0.459670096997533,0.908178591481036,0.56198347107438,0.79868094288157,0.743094555996717,735,"tags=12%, list=4%, signal=11%","OBSL1/KAT2B"
"GOCC_LARGE_RIBOSOMAL_SUBUNIT","GOCC_LARGE_RIBOSOMAL_SUBUNIT",109,-0.352590630683415,-0.944739028439342,0.571729957805907,0.800699479742739,0.744972607258591,3225,"tags=15%, list=19%, signal=12%","NSUN4/MRPL45/RPLP0P6/MRPS30/MRPL48/RPL6/MRPL16/MRPL50/MRPL1/MRPL37/MRPL22/MRPL30/RPLP0/MRPL35/MRPL9/MRPL24"
"GOCC_SAGA_TYPE_COMPLEX","GOCC_SAGA_TYPE_COMPLEX",34,-0.408984239259111,-0.914777478690901,0.570038910505837,0.800699479742739,0.744972607258591,2741,"tags=24%, list=16%, signal=20%","ZZZ3/MAP3K7/WDR5/TAF5/TADA1/TAF5L/YEATS2/POLE3"
"GOCC_COHESIN_COMPLEX","GOCC_COHESIN_COMPLEX",12,0.485705423932896,0.913883593451365,0.569979716024341,0.800699479742739,0.744972607258591,5104,"tags=50%, list=30%, signal=35%","STAG3L1/STAG3L3/STAG3/REC8/SMC1A/STAG3L2"
"GOCC_RESPIRATORY_CHAIN_COMPLEX_IV","GOCC_RESPIRATORY_CHAIN_COMPLEX_IV",21,0.442692702883136,0.908962274299884,0.567073170731707,0.800699479742739,0.744972607258591,5071,"tags=48%, list=30%, signal=33%","C15orf48/COX4I1/COX5B/COX8A/COX6B1/COX6C/COX7A2/COX7C/NDUFA4/COX7B"
"GOCC_AP_TYPE_MEMBRANE_COAT_ADAPTOR_COMPLEX","GOCC_AP_TYPE_MEMBRANE_COAT_ADAPTOR_COMPLEX",28,0.421447464621135,0.90733179595109,0.566191446028513,0.800699479742739,0.744972607258591,2701,"tags=29%, list=16%, signal=24%","AP5B1/VPS39/CLBA1/AP2S1/AP2M1/AP2B1/AP5S1/AP3S2"
"GOCC_SPINDLE_MIDZONE","GOCC_SPINDLE_MIDZONE",34,0.405320719214345,0.901635189247159,0.57172131147541,0.800699479742739,0.744972607258591,625,"tags=9%, list=4%, signal=9%","MAPRE3/APP/CTTN"
"GOCC_DYNEIN_AXONEMAL_PARTICLE","GOCC_DYNEIN_AXONEMAL_PARTICLE",12,-0.480337496830511,-0.916717653789902,0.573673870333988,0.801476569449664,0.745695613279811,3091,"tags=33%, list=18%, signal=27%","RUVBL1/STIP1/DNAAF5/HSP90AB1"
"GOCC_PRP19_COMPLEX","GOCC_PRP19_COMPLEX",12,-0.475325008759769,-0.907151387707864,0.581532416502947,0.810493247155073,0.754084750614043,5818,"tags=50%, list=34%, signal=33%","CDC5L/CTNNBL1/BCAS2/CRNKL1/HSPA8/PLRG1"
"GOCC_INTERCALATED_DISC","GOCC_INTERCALATED_DISC",36,-0.40564180275235,-0.91480610293065,0.583170254403131,0.810817438049655,0.754386378555731,1167,"tags=28%, list=7%, signal=26%","ATP1B1/VCL/PGM5/JUP/SLC8A1/VAMP5/SCN5A/FGF13/YWHAH/GJA1"
"GOCC_TRANSFERASE_COMPLEX_TRANSFERRING_PHOSPHORUS_CONTAINING_GROUPS","GOCC_TRANSFERASE_COMPLEX_TRANSFERRING_PHOSPHORUS_CONTAINING_GROUPS",235,-0.318364580955014,-0.939937712493035,0.588888888888889,0.813802426478483,0.757163618542418,2789,"tags=18%, list=16%, signal=15%","CCNB3/POLR2F/PRPSAP1/PRKCI/PIK3C3/TAF3/CDK7/PRKAB2/CCNK/POLD3/TAF5/POLR3K/GTF2E1/POLR3C/PRKDC/ATG14/CCNJ/CCND3/CCNI/PFKM/SESN2/POLR3F/POLR1F/CDC73/PRKAG2/PRKAR2A/PFKP/CDK2/CCNT1/CDK4/CKS1B/TAF5L/CCNT2/TERT/POLR3B/GTF2H3/POLR1E/CCNH/POLE3/PRKAA2/RPRD2/DAPK1"
"GOCC_CLEAVAGE_FURROW","GOCC_CLEAVAGE_FURROW",48,-0.377785242375503,-0.904505307352627,0.599616858237548,0.813802426478483,0.757163618542418,2079,"tags=29%, list=12%, signal=26%","RALA/RHOA/ECT2/NF2/MYLK/PLK4/RACGAP1/PPP1CC/RAB21/CIT/CEP55/SPIRE1/MASTL/MYH10"
"GOCC_CLATHRIN_COATED_PIT","GOCC_CLATHRIN_COATED_PIT",57,0.385859852817881,0.894769404286571,0.591919191919192,0.813802426478483,0.757163618542418,2410,"tags=25%, list=14%, signal=21%","INPP5F/APP/LRP10/CTTN/ARRB1/TNK2/SYNJ1/SPHK1/AP2S1/DAB2/ITSN2/ATAT1/AP2M1/AP2B1"
"GOCC_COMPLEX_OF_COLLAGEN_TRIMERS","GOCC_COMPLEX_OF_COLLAGEN_TRIMERS",14,0.462688943958725,0.891029321088402,0.60082304526749,0.813802426478483,0.757163618542418,539,"tags=36%, list=3%, signal=35%","COL1A1/COL5A1/COL8A1/COL4A1/COL16A1"
"GOCC_TIGHT_JUNCTION","GOCC_TIGHT_JUNCTION",98,0.353298864328944,0.89073403074016,0.588571428571429,0.813802426478483,0.757163618542418,1278,"tags=12%, list=8%, signal=11%","PMP22/CGN/MICALL2/TGFBR1/CTNNB1/TRAF4/JAM3/SHROOM2/MAGI2/CYTH2/CXADR/UBN1"
"GOCC_CUL2_RING_UBIQUITIN_LIGASE_COMPLEX","GOCC_CUL2_RING_UBIQUITIN_LIGASE_COMPLEX",19,-0.437888444875851,-0.890504836085709,0.598,0.813802426478483,0.757163618542418,1894,"tags=16%, list=11%, signal=14%","ZSWIM6/PRAME/FEM1C"
"GOCC_ESCRT_COMPLEX","GOCC_ESCRT_COMPLEX",26,0.419988031128264,0.889825756031861,0.600831600831601,0.813802426478483,0.757163618542418,4448,"tags=38%, list=26%, signal=28%","CHMP2A/MVB12B/CHMP4A/VPS37B/MVB12A/CHMP3/VPS28/CHMP6/VPS36/CHMP7"
"GOCC_EXCITATORY_SYNAPSE","GOCC_EXCITATORY_SYNAPSE",28,0.410911089732538,0.884648095720319,0.596741344195519,0.813802426478483,0.757163618542418,1699,"tags=36%, list=10%, signal=32%","BSN/SRPX2/NLGN2/NLGN1/BAIAP2/SYP/SHANK1/P2RX6/SYNJ1/LRRTM2"
"GOCC_PHAGOPHORE_ASSEMBLY_SITE","GOCC_PHAGOPHORE_ASSEMBLY_SITE",29,0.407432765206216,0.879915059156512,0.591836734693878,0.813802426478483,0.757163618542418,1311,"tags=14%, list=8%, signal=13%","BCAS3/WIPI1/ULK3/BECN1"
"GOCC_ENDOLYSOSOME","GOCC_ENDOLYSOSOME",22,0.42045720801628,0.874150089528335,0.59919028340081,0.813802426478483,0.757163618542418,622,"tags=18%, list=4%, signal=18%","LGMN/ABCB6/TPCN2/CTSB"
"GOCC_MAIN_AXON","GOCC_MAIN_AXON",41,0.38163511851646,0.863054878115419,0.600831600831601,0.813802426478483,0.757163618542418,1663,"tags=22%, list=10%, signal=20%","SPOCK1/DAG1/APP/MAPT/NFASC/GABBR1/ERMN/DLG1/SIRT2"
"GOCC_CCR4_NOT_COMPLEX","GOCC_CCR4_NOT_COMPLEX",14,0.462404092269925,0.890480764201111,0.602880658436214,0.814665433062519,0.757966561820459,1753,"tags=21%, list=10%, signal=19%","TOB1/CPEB3/CNOT3"
"GOCC_TRANSCRIPTION_FACTOR_TFIID_COMPLEX","GOCC_TRANSCRIPTION_FACTOR_TFIID_COMPLEX",32,-0.403816909762732,-0.89983577038894,0.607421875,0.818884163259346,0.761891677939006,5412,"tags=44%, list=32%, signal=30%","GTF2A2/TAF9/TAF4/TBP/TAF7L/GTF2B/ERCC2/GTF2H2/TAF6/TAF3/TAF5/GTF2E1/TAF5L/GTF2H3"
"GOCC_PEPTIDASE_COMPLEX","GOCC_PEPTIDASE_COMPLEX",100,-0.346066583942774,-0.914486028716491,0.610526315789474,0.821150779045516,0.764000542393894,2150,"tags=16%, list=13%, signal=14%","PSMD12/PSMB7/TADA1/PIGK/PLAU/THBD/RAD23B/UBQLN1/USP14/HSPB1/ECPAS/TAF5L/PSMD2/CASP2/CAPN2/UCHL5"
"GOCC_VESICLE_LUMEN","GOCC_VESICLE_LUMEN",227,-0.318814089380925,-0.936022791681982,0.614879649890591,0.825082692992723,0.767658804024973,2159,"tags=22%, list=13%, signal=19%","EGF/CTSZ/DDX3X/COTL1/DOCK2/PSMD12/HSPA8/PSMB7/SRGN/CTSC/MAPK1/C3/CTSH/B2M/QPCT/CEP290/EGFR/GLB1/TCN1/CLU/OLA1/ECM1/GDI2/VCL/CAND1/A2M/PRKCD/MAPK14/JUP/OSTF1/ACTN2/SCCPDH/VPS13A/PSMD2/PGM2/CCT2/HSP90AB1/SPTAN1/ACLY/PA2G4/GPI/IMPDH1/ILF2/ARPC5/QSOX1/PNP/TUBB4B/S100A11/PRDX6/PTX3"
"GOCC_TERTIARY_GRANULE_MEMBRANE","GOCC_TERTIARY_GRANULE_MEMBRANE",45,-0.376791970954661,-0.887984128303828,0.636893203883495,0.83120688958798,0.773356770391079,1417,"tags=20%, list=8%, signal=18%","SIRPA/SVIP/UBR4/CD47/CYSTM1/STOM/MGAM/CD33/PTPRB"
"GOCC_ENDOPLASMIC_RETICULUM_PROTEIN_CONTAINING_COMPLEX","GOCC_ENDOPLASMIC_RETICULUM_PROTEIN_CONTAINING_COMPLEX",117,0.344813765759541,0.88383465130387,0.631878557874763,0.83120688958798,0.773356770391079,2684,"tags=21%, list=16%, signal=18%","CALR/HLA-A/ERN1/HYOU1/PPIB/EMC10/FAM8A1/TAPBP/PIGS/EMC3/PRKCSH/OS9/P4HB/PIGP/SDF2L1/GANAB/DDOST/OSTC/INSIG2/PIGQ/PDIA6/TAP1/SEC61A1/SSR4/SYVN1"
"GOCC_GOLGI_CISTERNA_MEMBRANE","GOCC_GOLGI_CISTERNA_MEMBRANE",65,-0.356378137695091,-0.876966240395232,0.636,0.83120688958798,0.773356770391079,1841,"tags=14%, list=11%, signal=12%","GPR89B/CHSY3/APH1A/GPR89A/TMED2/RAB21/B4GALT5/B4GALT3/ST6GAL1"
"GOCC_SMALL_RIBOSOMAL_SUBUNIT","GOCC_SMALL_RIBOSOMAL_SUBUNIT",63,-0.354829224401421,-0.872437882014818,0.63817097415507,0.83120688958798,0.773356770391079,1906,"tags=8%, list=11%, signal=7%","MRPS21/MRPS9/MRPS5/MRPS2/DAP3"
"GOCC_CORTICAL_CYTOSKELETON","GOCC_CORTICAL_CYTOSKELETON",83,0.355242867724554,0.870918088631955,0.627184466019417,0.83120688958798,0.773356770391079,1797,"tags=20%, list=11%, signal=18%","SLC2A1/MYADM/BSN/MYO1E/RTKN/CLASP1/FCHSD1/FLOT2/CTTN/RDX/SHROOM2/ERC1/GSN/LANCL2/ERC2/CAPZB/SPTBN5"
"GOCC_BRUSH_BORDER","GOCC_BRUSH_BORDER",60,0.376186046011524,0.870739910230338,0.625254582484725,0.83120688958798,0.773356770391079,1884,"tags=18%, list=11%, signal=16%","ATP6V0A4/ATP7A/SLC7A11/MYO1E/EPS8/ENPEP/RGS19/SLC22A5/CAPZB/LCTL/LIMA1"
"GOCC_NPBAF_COMPLEX","GOCC_NPBAF_COMPLEX",12,-0.455294216022617,-0.868922889115274,0.62475442043222,0.83120688958798,0.773356770391079,2236,"tags=25%, list=13%, signal=22%","SMARCC1/SMARCD1/SMARCA2"
"GOCC_COPI_COATED_VESICLE","GOCC_COPI_COATED_VESICLE",21,-0.414388600042393,-0.865823298760575,0.635294117647059,0.83120688958798,0.773356770391079,1814,"tags=19%, list=11%, signal=17%","COPZ1/TMED2/DIPK2A/COPA"
"GOCC_VESICLE_TETHERING_COMPLEX","GOCC_VESICLE_TETHERING_COMPLEX",55,0.374959847949754,0.863304958912003,0.630831643002028,0.83120688958798,0.773356770391079,2002,"tags=13%, list=12%, signal=11%","EXOC3/COG8/TRAPPC9/VIPAS39/VPS39/COG6/TRAPPC6A"
"GOCC_LATERAL_PLASMA_MEMBRANE","GOCC_LATERAL_PLASMA_MEMBRANE",48,0.381228443547317,0.862373422990343,0.627083333333333,0.83120688958798,0.773356770391079,1193,"tags=12%, list=7%, signal=12%","DRD2/ERBB3/GPSM2/CTNNB1/ARL2/ATP1A1"
"GOCC_SYNAPTONEMAL_STRUCTURE","GOCC_SYNAPTONEMAL_STRUCTURE",21,-0.412542197716024,-0.861965426818894,0.635294117647059,0.83120688958798,0.773356770391079,4878,"tags=48%, list=29%, signal=34%","BRCA1/WAPL/BLM/RAD51/C14orf39/MLH3/CCNB1IP1/HSPA2/UBE2I/PLK1"
"GOCC_MYELIN_SHEATH","GOCC_MYELIN_SHEATH",36,0.380188341625454,0.85119676764856,0.621181262729124,0.83120688958798,0.773356770391079,2074,"tags=31%, list=12%, signal=27%","PMP22/SERINC5/JAM3/CALM3/PTEN/ERMN/DLG1/SIRT2/SCRIB/STX4/ITGB1"
"GOCC_GAMMA_TUBULIN_COMPLEX","GOCC_GAMMA_TUBULIN_COMPLEX",16,0.429503410024727,0.844989403592507,0.629098360655738,0.83120688958798,0.773356770391079,3391,"tags=25%, list=20%, signal=20%","TUBG2/TUBGCP6/TUBGCP2/MARK4"
"GOCC_NURD_COMPLEX","GOCC_NURD_COMPLEX",13,-0.44351100381278,-0.850864983288541,0.640776699029126,0.832721070585148,0.774765567816156,703,"tags=31%, list=4%, signal=30%","GATAD2B/CSNK2A1/GATAD2A/HDAC2"
"GOCC_NUCLEAR_PORE_NUCLEAR_BASKET","GOCC_NUCLEAR_PORE_NUCLEAR_BASKET",12,-0.44786694833191,-0.854748048599134,0.642436149312377,0.833001478996049,0.775026460435984,4508,"tags=58%, list=27%, signal=43%","MAD1L1/NUP98/MAD2L1/NUP153/RANBP2/CETN2/TPR"
"GOCC_CELL_CELL_JUNCTION","GOCC_CELL_CELL_JUNCTION",359,0.319331577970147,0.919329460244008,0.654385964912281,0.8333854197461,0.775383679778365,1086,"tags=12%, list=6%, signal=11%","PCDH1/HEG1/SLC2A1/EFNB2/PMP22/MYADM/CGN/KIRREL3/PTPRJ/MICALL2/CTNND1/PTPRU/DAG1/FHOD1/VEGFA/APP/SORBS1/CTNNA2/OBSL1/HMCN1/CD99L2/FLRT3/TGFBR1/MYO1E/CTNNB1/FLOT2/RDX/PIP5K1C/NFASC/TRAF4/JAM3/PLEKHG5/NGFR/SHROOM2/CDH19/PANX2/BAIAP2/MAGI2/CYTH2/RANGRF/SGSM3/CTNNA1/CXADR"
"GOCC_GOLGI_ASSOCIATED_VESICLE","GOCC_GOLGI_ASSOCIATED_VESICLE",71,-0.353164491722939,-0.877596663154027,0.647058823529412,0.8333854197461,0.775383679778365,2325,"tags=20%, list=14%, signal=17%","RAB27B/RAB13/ZDHHC17/COPZ1/GPR89A/CLTA/NCALD/TMED2/DIPK2A/IGF2R/MAP6/AP1G2/COPA/GJA1"
"GOCC_LIPID_DROPLET","GOCC_LIPID_DROPLET",78,0.352318339344912,0.858015101948841,0.661508704061896,0.8333854197461,0.775383679778365,921,"tags=8%, list=5%, signal=7%","DHRS3/LPCAT2/METTL7B/PNPLA2/PNPLA7/PLA2G4C"
"GOCC_CLUSTER_OF_ACTIN_BASED_CELL_PROJECTIONS","GOCC_CLUSTER_OF_ACTIN_BASED_CELL_PROJECTIONS",86,0.348442219662486,0.85739665328726,0.660194174757282,0.8333854197461,0.775383679778365,1974,"tags=19%, list=12%, signal=17%","ATP6V0A4/ATP7A/SLC7A11/MYO1E/PDZD7/EPS8/ENPEP/RGS19/SLC22A5/CAPZB/ELMOD3/LCTL/IFT20/MORN4/LIMA1/MPP1"
"GOCC_CD40_RECEPTOR_COMPLEX","GOCC_CD40_RECEPTOR_COMPLEX",11,-0.45226142423691,-0.85608613164245,0.655577299412916,0.8333854197461,0.775383679778365,4003,"tags=45%, list=24%, signal=35%","TRAF6/CHUK/TRAF2/BIRC2/TRAF5"
"GOCC_CELL_BODY_MEMBRANE","GOCC_CELL_BODY_MEMBRANE",10,-0.459012384995797,-0.853285634509481,0.653100775193798,0.8333854197461,0.775383679778365,1966,"tags=40%, list=12%, signal=35%","CD22/ATP2B1/THY1/AMIGO1"
"GOCC_POST_MRNA_RELEASE_SPLICEOSOMAL_COMPLEX","GOCC_POST_MRNA_RELEASE_SPLICEOSOMAL_COMPLEX",11,-0.450444326960523,-0.852646546272584,0.659491193737769,0.8333854197461,0.775383679778365,3661,"tags=45%, list=22%, signal=36%","CRNKL1/HNRNPM/TFIP11/CWF19L1/CWF19L2"
"GOCC_CORTICAL_ACTIN_CYTOSKELETON","GOCC_CORTICAL_ACTIN_CYTOSKELETON",61,0.363420119637085,0.847707984192297,0.653306613226453,0.8333854197461,0.775383679778365,810,"tags=15%, list=5%, signal=14%","SLC2A1/MYADM/MYO1E/RTKN/FCHSD1/FLOT2/CTTN/RDX/SHROOM2"
"GOCC_OLIGOSACCHARYLTRANSFERASE_COMPLEX","GOCC_OLIGOSACCHARYLTRANSFERASE_COMPLEX",14,0.439278515772012,0.845946381013967,0.654320987654321,0.8333854197461,0.775383679778365,4134,"tags=50%, list=24%, signal=38%","DDOST/OSTC/TMEM258/OST4/TREX1/RPN1/DAD1"
"GOCC_AUTOPHAGOSOME_MEMBRANE","GOCC_AUTOPHAGOSOME_MEMBRANE",47,0.371507462375811,0.841589524119558,0.659090909090909,0.8333854197461,0.775383679778365,2836,"tags=32%, list=17%, signal=27%","GABARAPL1/TM9SF1/WIPI1/STING1/CHMP2A/PRKD1/LAMP2/GABARAP/GABARAPL2/TEX264/ENTPD4/CHMP4A/ATP6AP2/CHMP3/ATG16L2"
"GOCC_SMOOTH_ENDOPLASMIC_RETICULUM","GOCC_SMOOTH_ENDOPLASMIC_RETICULUM",20,0.414036862178801,0.84140633815085,0.656378600823045,0.8333854197461,0.775383679778365,1887,"tags=35%, list=11%, signal=31%","CALR/APP/HYOU1/PPIB/DNAJC3/GABARAP/PSEN1"
"GOCC_PRC1_COMPLEX","GOCC_PRC1_COMPLEX",15,0.430745349446981,0.835507816021264,0.659137577002053,0.8333854197461,0.775383679778365,3289,"tags=33%, list=19%, signal=27%","PCGF2/PHC1/CBX8/RING1/PCGF3"
"GOCC_TOR_COMPLEX","GOCC_TOR_COMPLEX",10,0.455107826541419,0.828919133501057,0.652263374485597,0.8333854197461,0.775383679778365,288,"tags=10%, list=2%, signal=10%","SESN3"
"GOCC_CILIARY_BASE","GOCC_CILIARY_BASE",31,0.375476057920958,0.821601073443884,0.66734693877551,0.83890889689209,0.780522735409954,2661,"tags=26%, list=16%, signal=22%","MOK/SUFU/IFT20/CEP126/NEK8/CILK1/CIBAR1/SPACA9"
"GOCC_HISTONE_METHYLTRANSFERASE_COMPLEX","GOCC_HISTONE_METHYLTRANSFERASE_COMPLEX",59,-0.355072612212298,-0.864223025224472,0.670611439842209,0.839355316245021,0.78093808498579,4709,"tags=41%, list=28%, signal=29%","KMT2D/PELP1/KMT2A/MAX/NCOA6/MCRS1/CBX5/SENP3/TAF6/RNF2/SUZ12/MGA/C17orf49/RUVBL1/EZH2/SETD1B/WDR5/PRDM4/PHF20/HDAC9/TEX10/RBBP5/INO80C/HDAC2"
"GOCC_9PLUS2_MOTILE_CILIUM","GOCC_9PLUS2_MOTILE_CILIUM",78,0.351713546165266,0.856542224656513,0.669245647969052,0.839355316245021,0.78093808498579,2037,"tags=17%, list=12%, signal=15%","DRD2/IFT27/TTLL3/ABHD2/ATP1A1/PMFBP1/GAS8/IFT81/IQCG/GABARAP/CAPZB/CABYR/DNAH9"
"GOCC_PROTEIN_KINASE_COMPLEX","GOCC_PROTEIN_KINASE_COMPLEX",104,-0.332189560411532,-0.880517611459405,0.677282377919321,0.84231393822127,0.783690793565352,1959,"tags=15%, list=12%, signal=14%","PRKDC/CCNJ/CCND3/CCNI/SESN2/PRKAG2/PRKAR2A/CDK2/CCNT1/CDK4/CKS1B/CCNT2/GTF2H3/CCNH/PRKAA2/DAPK1"
"GOCC_CIS_GOLGI_NETWORK","GOCC_CIS_GOLGI_NETWORK",52,-0.361076571408457,-0.863161125679726,0.674556213017751,0.84231393822127,0.783690793565352,2207,"tags=17%, list=13%, signal=15%","TMED5/FKTN/RAB29/RETREG1/MAN2A1/CCN2/LIMK2/BOK/MAP6"
"GOCC_INTERCELLULAR_BRIDGE","GOCC_INTERCELLULAR_BRIDGE",64,-0.349314583978856,-0.856040090627911,0.677354709418838,0.84231393822127,0.783690793565352,3289,"tags=28%, list=19%, signal=23%","KRR1/CDCA8/USB1/FAM83D/RMDN3/PRKCI/RBM44/CDC6/IQCB1/KIF20B/TMEM9/FAM50B/RAB35/TPX2/CEP55/HNF4G/PHLPP2/QSOX1"
"GOCC_ATAC_COMPLEX","GOCC_ATAC_COMPLEX",14,-0.429584866005176,-0.827573562535315,0.682170542635659,0.846478286238226,0.787565312380727,2741,"tags=36%, list=16%, signal=30%","ZZZ3/MAP3K7/WDR5/YEATS2/POLE3"
"GOCC_DENDRITE_TERMINUS","GOCC_DENDRITE_TERMINUS",11,-0.434659133777661,-0.822766737283908,0.686888454011742,0.850503514945869,0.791310394276007,828,"tags=36%, list=5%, signal=35%","HSP90AA1/CYFIP1/COBL/HSP90AB1"
"GOCC_ADHERENS_JUNCTION","GOCC_ADHERENS_JUNCTION",145,0.326909992477023,0.864936852098324,0.693486590038314,0.852314060468408,0.792994929925911,1344,"tags=15%, list=8%, signal=14%","EFNB2/CTNND1/DAG1/VEGFA/SORBS1/CTNNA2/HMCN1/CD99L2/MYO1E/CTNNB1/FLOT2/RDX/PIP5K1C/SHROOM2/CDH19/BAIAP2/CYTH2/CTNNA1/CXADR/TNK2/PKP2/JAG1"
"GOCC_POLYSOME","GOCC_POLYSOME",59,-0.350153184330978,-0.852249466296684,0.694280078895464,0.852314060468408,0.792994929925911,2890,"tags=22%, list=17%, signal=18%","UPF2/RPL6/EIF2S1/NUFIP2/PNPT1/ATXN2/DRG1/FMR1/LARP1/DHX9/VIM/LARP4B/MYH10"
"GOCC_ENDOSOME_LUMEN","GOCC_ENDOSOME_LUMEN",20,-0.397729370979548,-0.822424871911664,0.695736434108527,0.852314060468408,0.792994929925911,1764,"tags=25%, list=10%, signal=22%","CTSH/B2M/CTSL/CTSS/RAB38"
"GOCC_RNA_POLYMERASE_III_COMPLEX","GOCC_RNA_POLYMERASE_III_COMPLEX",18,-0.402689338702517,-0.812690337417043,0.69488188976378,0.852314060468408,0.792994929925911,3995,"tags=39%, list=24%, signal=30%","POLR3A/CRCP/POLR2F/POLR3K/POLR3C/POLR3F/POLR3B"
"GOCC_COP9_SIGNALOSOME","GOCC_COP9_SIGNALOSOME",14,0.413034226745855,0.795406096144936,0.693415637860082,0.852314060468408,0.792994929925911,2405,"tags=21%, list=14%, signal=18%","COPS7A/COPS5/COPS9"
"GOCC_NUCLEAR_ENVELOPE","GOCC_NUCLEAR_ENVELOPE",417,0.3099136101834,0.900755950914858,0.708185053380783,0.862271409479648,0.802259269971031,1424,"tags=9%, list=8%, signal=9%","PTGES/SMAD3/TMX4/TM7SF2/CALR/MYOF/APP/DHRS2/PTGS2/ERN1/CMTM3/ALOX5AP/INSR/PLCB1/ANXA4/DMPK/CLMN/GHDC/TNRC18/EI24/SLC22A18/BNIP3L/HOXA7/PLA2G4C/MCM3AP/EPC1/PARP16/GPER1/RNF123/ROGDI/CHMP2A/DNASE1/FAM156A/IPO5/PRICKLE2/ADRA1B/GATA6/PHF11/P2RX6"
"GOCC_NEUROMUSCULAR_JUNCTION","GOCC_NEUROMUSCULAR_JUNCTION",52,-0.352928879454552,-0.843683896982246,0.712031558185404,0.862271409479648,0.802259269971031,448,"tags=6%, list=3%, signal=6%","NEFL/DLGAP4/SV2A"
"GOCC_AZUROPHIL_GRANULE_MEMBRANE","GOCC_AZUROPHIL_GRANULE_MEMBRANE",48,0.359735204416106,0.813753760647568,0.7125,0.862271409479648,0.802259269971031,1641,"tags=23%, list=10%, signal=21%","SYNGR1/GAA/FPR1/RAB3D/CMTM6/PRCP/PSAP/C3AR1/VAMP1/LAMP2/TMEM179B"
"GOCC_AUTOLYSOSOME","GOCC_AUTOLYSOSOME",11,0.435462353073655,0.804853184443256,0.712830957230143,0.862271409479648,0.802259269971031,4692,"tags=45%, list=28%, signal=33%","LAMP2/FTL/LAMP1/CLN3/SQSTM1"
"GOCC_PHAGOCYTIC_CUP","GOCC_PHAGOCYTIC_CUP",19,0.397591308894077,0.799937223083622,0.707171314741036,0.862271409479648,0.802259269971031,640,"tags=11%, list=4%, signal=10%","ABCA7/PIP5K1C"
"GOCC_SPERM_MIDPIECE","GOCC_SPERM_MIDPIECE",18,0.397091153826504,0.792554657777263,0.708502024291498,0.862271409479648,0.802259269971031,1708,"tags=17%, list=10%, signal=15%","IFT27/IFT81/GABARAP"
"GOCC_PCG_PROTEIN_COMPLEX","GOCC_PCG_PROTEIN_COMPLEX",33,-0.360548638474168,-0.806616835430779,0.717601547388781,0.862616860090264,0.802580678000611,486,"tags=18%, list=3%, signal=18%","CBX2/RNF2/SUZ12/EZH2/HDAC2/UBAP2L"
"GOCC_CORNIFIED_ENVELOPE","GOCC_CORNIFIED_ENVELOPE",16,-0.410331788431572,-0.805965883594127,0.715953307392996,0.862616860090264,0.802580678000611,1982,"tags=38%, list=12%, signal=33%","DSP/DSG2/PKP4/ANXA1/JUP/TCHH"
"GOCC_NUCLEAR_OUTER_MEMBRANE","GOCC_NUCLEAR_OUTER_MEMBRANE",22,0.37989420550731,0.789817720862221,0.716599190283401,0.862616860090264,0.802580678000611,2036,"tags=27%, list=12%, signal=24%","PTGS2/DMPK/CLMN/PSEN1/ITPRIP/SYNE1"
"GOCC_RNAI_EFFECTOR_COMPLEX","GOCC_RNAI_EFFECTOR_COMPLEX",14,-0.406948425398057,-0.783965602202452,0.720930232558139,0.864816515979307,0.804627242815737,4130,"tags=50%, list=24%, signal=38%","LIMD1/EIF4E/DICER1/SND1/TNRC6A/DHX9/XPO5"
"GOCC_AXON_INITIAL_SEGMENT","GOCC_AXON_INITIAL_SEGMENT",12,-0.415722338002564,-0.793400492021625,0.722986247544204,0.865483536997938,0.805247840680376,1993,"tags=33%, list=12%, signal=29%","ANK3/BIN1/KCNQ3/NRCAM"
"GOCC_MITOCHONDRIAL_TRICARBOXYLIC_ACID_CYCLE_ENZYME_COMPLEX","GOCC_MITOCHONDRIAL_TRICARBOXYLIC_ACID_CYCLE_ENZYME_COMPLEX",11,-0.417430502606105,-0.790154642989026,0.726027397260274,0.867324654698091,0.806960820753492,451,"tags=27%, list=3%, signal=27%","DLD/SUCLG1/IDH3A"
"GOCC_CELL_CELL_CONTACT_ZONE","GOCC_CELL_CELL_CONTACT_ZONE",55,-0.338367436868599,-0.813715203697289,0.742632612966601,0.883503129240678,0.822013310066124,1167,"tags=35%, list=7%, signal=32%","ANK2/AHNAK/RAP2B/GJC1/CDH2/DSG2/PKP4/AFDN/ATP1B1/VCL/TJP2/PGM5/JUP/SLC8A1/VAMP5/SCN5A/FGF13/YWHAH/GJA1"
"GOCC_CYTOCHROME_COMPLEX","GOCC_CYTOCHROME_COMPLEX",34,0.355170388387626,0.790075871200445,0.741803278688525,0.883503129240678,0.822013310066124,5202,"tags=41%, list=31%, signal=29%","C15orf48/UQCR11/COX4I1/COX5B/COX8A/CYC1/COX6B1/COX6C/COX7A2/COX7C/NDUFA4/COX7B/UQCRFS1P1/UQCRQ"
"GOCC_AMPHISOME_MEMBRANE","GOCC_AMPHISOME_MEMBRANE",10,0.414713626643573,0.75534640364438,0.744855967078189,0.884324882724517,0.822777871366421,4448,"tags=50%, list=26%, signal=37%","CHMP2A/CHMP4A/CHMP3/CHMP6/CHMP7"
"GOCC_CUL4A_RING_E3_UBIQUITIN_LIGASE_COMPLEX","GOCC_CUL4A_RING_E3_UBIQUITIN_LIGASE_COMPLEX",11,-0.407824834118024,-0.771972062876925,0.749510763209393,0.888024045938029,0.826219581188351,1506,"tags=45%, list=9%, signal=41%","GLMN/DDB1/RBX1/COP1/DTL"
"GOCC_AMPHISOME","GOCC_AMPHISOME",12,0.405640147822999,0.763236022647013,0.752535496957404,0.889780700295946,0.827853976376781,4692,"tags=50%, list=28%, signal=36%","CHMP2A/CHMP4A/CHMP3/CHMP6/CHMP7/SQSTM1"
"GOCC_CELL_CORTEX","GOCC_CELL_CORTEX",248,-0.300876936696857,-0.891904308757835,0.756696428571429,0.891607765388957,0.829553881872422,2756,"tags=27%, list=16%, signal=23%","CRIP2/TRAF2/AKAP12/ANLN/CTBP2/SEPTIN10/RND3/RAC1/ADD3/C2CD2L/NSMF/FRYL/FNBP1L/CTSZ/PSEN2/FMN2/PXN/NCL/FSCN1/COTL1/HIP1R/CDH2/SHROOM1/PPP1R9A/RHOA/MAPRE1/IQGAP1/HAX1/ECT2/GLRX3/NF2/MARCKS/SHROOM3/MYO5B/FLNA/CALD1/WDR1/GYPC/AQP7/CLTA/NEDD4/SEPTIN11/CCN2/RHOBTB3/EZR/CORO1C/EPB41L2/MYO1D/MYL9/ACTB/INSC/TCHP/COBL/STXBP6/ACTN2/TPM4/PARD6G/MELK/FERMT2/SPTAN1/SPIRE1/LASP1/RAC2/MYH10/FGF1/CAPN2/TRPV4"
"GOCC_CILIARY_PLASM","GOCC_CILIARY_PLASM",83,-0.322891600070922,-0.825362483488599,0.761806981519507,0.891607765388957,0.829553881872422,1938,"tags=20%, list=11%, signal=18%","CCDC39/RPGRIP1L/CEP162/MNS1/KIFAP3/PIK3C3/ATG14/RP1/BBS5/DNAH2/PRKAR2A/DYNC2H1/DNAH5/CFAP45/DNAH14/ARFGEF2/CENPF"
"GOCC_PROTEASOME_COMPLEX","GOCC_PROTEASOME_COMPLEX",57,-0.338040673257654,-0.814820247446256,0.759368836291913,0.891607765388957,0.829553881872422,1262,"tags=18%, list=7%, signal=16%","PSMD5/PSMD12/PSMB7/RAD23B/UBQLN1/USP14/HSPB1/ECPAS/PSMD2/UCHL5"
"GOCC_NUCLEAR_UBIQUITIN_LIGASE_COMPLEX","GOCC_NUCLEAR_UBIQUITIN_LIGASE_COMPLEX",43,-0.344250445933796,-0.805460221976972,0.761538461538461,0.891607765388957,0.829553881872422,610,"tags=40%, list=4%, signal=38%","BRCA1/ANAPC4/CBX4/PCGF6/BMI1/BCOR/RAD51/UBE2S/ANAPC5/CBX2/RNF2/BUB1B/BARD1/CDC23/ANAPC1/CDC20/ANAPC7"
"GOCC_INTEGRAL_COMPONENT_OF_PRESYNAPTIC_ACTIVE_ZONE_MEMBRANE","GOCC_INTEGRAL_COMPONENT_OF_PRESYNAPTIC_ACTIVE_ZONE_MEMBRANE",10,0.404168557618358,0.736139945373782,0.759259259259259,0.891607765388957,0.829553881872422,523,"tags=10%, list=3%, signal=10%","LRFN3"
"GOCC_VESICLE_COAT","GOCC_VESICLE_COAT",48,-0.336672387714764,-0.806071617864848,0.764367816091954,0.892455808080808,0.830342902711324,1305,"tags=15%, list=8%, signal=13%","COPZ1/CLTA/NCALD/DIPK2A/KLHL12/AP1G2/COPA"
"GOCC_ENDORIBONUCLEASE_COMPLEX","GOCC_ENDORIBONUCLEASE_COMPLEX",32,-0.348870891757772,-0.777398122915611,0.765625,0.892455808080808,0.830342902711324,3113,"tags=28%, list=18%, signal=23%","DICER1/RPP14/POP7/RPP40/TSN/RPP30/TRMT10C/DHX9/POP1"
"GOCC_COSTAMERE","GOCC_COSTAMERE",14,0.389609172800049,0.750294990322505,0.767489711934156,0.892825733439533,0.83068708210191,216,"tags=7%, list=1%, signal=7%","DAG1"
"GOCC_GOLGI_CISTERNA","GOCC_GOLGI_CISTERNA",87,-0.319044607099086,-0.825297451793454,0.773662551440329,0.896392152974036,0.834005286904604,1841,"tags=14%, list=11%, signal=12%","GPR89B/CHSY3/APH1A/MAN2A1/GPR89A/SGMS1/TMED2/RAB21/CIT/B4GALT5/B4GALT3/ST6GAL1"
"GOCC_FILOPODIUM_TIP","GOCC_FILOPODIUM_TIP",15,-0.392687545463335,-0.763326920080742,0.772815533980583,0.896392152974036,0.834005286904604,1538,"tags=33%, list=9%, signal=30%","CYFIP1/ABI1/EPHB1/FMR1/ABITRAM"
"GOCC_AZUROPHIL_GRANULE","GOCC_AZUROPHIL_GRANULE",118,0.312324496074076,0.803111890388237,0.780718336483932,0.898042026724117,0.835540333173949,2032,"tags=19%, list=12%, signal=17%","FUCA1/SYNGR1/MAN2B1/GAA/FPR1/RAB3D/PYGB/ARSA/CMTM6/ARHGAP45/DNAJC3/PRCP/PSAP/C3AR1/VAMP1/ARSB/LAMP2/TMEM179B/PSEN1/STK11IP/GALNS/FTL"
"GOCC_CYTOPLASMIC_MICROTUBULE","GOCC_CYTOPLASMIC_MICROTUBULE",64,0.338120805915935,0.794772625696173,0.781312127236581,0.898042026724117,0.835540333173949,895,"tags=12%, list=5%, signal=12%","MAPRE3/FHDC1/RAB3D/CLASP1/TOGARAM1/BICD1/ARL3/BCAS3"
"GOCC_APICOLATERAL_PLASMA_MEMBRANE","GOCC_APICOLATERAL_PLASMA_MEMBRANE",11,-0.394371455483707,-0.746506148130808,0.776908023483366,0.898042026724117,0.835540333173949,2047,"tags=36%, list=12%, signal=32%","CDH2/THBD/NEDD4/JUP"
"GOCC_RNA_POLYMERASE_II_CORE_COMPLEX","GOCC_RNA_POLYMERASE_II_CORE_COMPLEX",15,0.368538008990021,0.714845528587599,0.780287474332649,0.898042026724117,0.835540333173949,2083,"tags=20%, list=12%, signal=18%","POLR2H/POLR2L/POLR2J3"
"GOCC_ORGANELLE_INNER_MEMBRANE","GOCC_ORGANELLE_INNER_MEMBRANE",492,-0.29223359877596,-0.91492441834674,0.785046728971963,0.900540681146764,0.837865086901122,2357,"tags=12%, list=14%, signal=11%","LEMD3/TOR1AIP1/PSEN2/SLC25A24/LYN/NDUFAF4/CHCHD3/MCU/MRPL16/MRPL50/NDUFAF5/BCL2L1/MRPS21/CYP2U1/MRPS9/ATP5F1C/MRPL1/TMEM201/RAB5IF/MRPL37/MRPL22/GUF1/TIMM21/SLC9B2/SLC25A21/TRAP1/CLU/SLC25A43/MATR3/SDHC/MRPS5/ATP5F1B/GRPEL2/ATPSCKMT/MT-ND6/MRPL30/HIGD1A/SLC25A3/NEMP1/DPY19L2/MRPL35/SLC25A53/PISD/SLC25A36/MTX1/BOK/TIMM17A/GRPEL1/TMEM126B/SIGMAR1/MRPS2/SLC25A4/SLC25A32/PTPMT1/DAP3/MRPL9/MRPL24/SHMT2/UCP2"
"GOCC_SPECIFIC_GRANULE_MEMBRANE","GOCC_SPECIFIC_GRANULE_MEMBRANE",58,-0.329769201341115,-0.799129470497488,0.78740157480315,0.901449818772653,0.838710950604859,1303,"tags=29%, list=8%, signal=27%","DEGS1/SLCO4C1/RAP2B/SNAP23/SLC15A4/PLAU/BST1/UBR4/RAP1A/MOSPD2/CD47/CKAP4/STOM/AGPAT2/CD33/PGRMC1/PTPRB"
"GOCC_MITOTIC_SPINDLE","GOCC_MITOTIC_SPINDLE",142,-0.306045426111703,-0.854223932613063,0.792452830188679,0.902446374688624,0.839638148483441,1996,"tags=19%, list=12%, signal=17%","MAPK1/MAPRE1/ECT2/PKP4/KIF23/RAE1/RANGAP1/DIAPH1/CAPG/TPR/TMEM9/SKA1/HAUS8/PLK1/HAUS6/RACGAP1/TPX2/LIMK2/CEP295/ASPM/SKA3/HNF4G/CENPE/HAUS2/PHLPP2/HNRNPU/CEP170"
"GOCC_AZUROPHIL_GRANULE_LUMEN","GOCC_AZUROPHIL_GRANULE_LUMEN",65,-0.323485325786698,-0.796024446990354,0.792,0.902446374688624,0.839638148483441,2831,"tags=28%, list=17%, signal=23%","TXNDC5/C6orf120/FABP5/GNS/ANXA2/PTGES2/CTSC/MAPK1/C3/GLB1/GDI2/PRKCD/CCT2/ACLY/PA2G4/IMPDH1/TUBB4B/PRDX6"
"GOCC_CELL_DIVISION_SITE","GOCC_CELL_DIVISION_SITE",64,-0.322299829957977,-0.789836978759774,0.801603206412826,0.902446374688624,0.839638148483441,2079,"tags=23%, list=12%, signal=21%","RALA/RHOA/ECT2/NF2/MYLK/PLK4/SEPTIN11/RACGAP1/PPP1CC/RAB21/CIT/CEP55/SPIRE1/MASTL/MYH10"
"GOCC_CLATHRIN_COAT","GOCC_CLATHRIN_COAT",33,-0.342400919871305,-0.7660168891609,0.794970986460348,0.902446374688624,0.839638148483441,1877,"tags=21%, list=11%, signal=19%","AP2A2/AFTPH/EPS15/CLTA/NCALD/IGF2R/AP1G2"
"GOCC_TRANSCRIPTION_ELONGATION_FACTOR_COMPLEX","GOCC_TRANSCRIPTION_ELONGATION_FACTOR_COMPLEX",46,0.332693353517537,0.755854525210465,0.797101449275362,0.902446374688624,0.839638148483441,1197,"tags=11%, list=7%, signal=10%","ERCC6/ELP2/TCEA2/PEX2/ELOB"
"GOCC_RETROMER_COMPLEX","GOCC_RETROMER_COMPLEX",12,0.383654192634888,0.721868142564316,0.793103448275862,0.902446374688624,0.839638148483441,413,"tags=8%, list=2%, signal=8%","SNX1"
"GOCC_CHROMOSOME_TELOMERIC_REPEAT_REGION","GOCC_CHROMOSOME_TELOMERIC_REPEAT_REGION",13,-0.373413875231802,-0.716385361304222,0.8,0.902446374688624,0.839638148483441,3696,"tags=23%, list=22%, signal=18%","XRCC6/RIF1/TERT"
"GOCC_SIN3_COMPLEX","GOCC_SIN3_COMPLEX",11,-0.374039017594156,-0.708018854793564,0.802348336594912,0.902446374688624,0.839638148483441,486,"tags=27%, list=3%, signal=27%","SUDS3/CSNK2A1/HDAC2"
"GOCC_SCAR_COMPLEX","GOCC_SCAR_COMPLEX",10,0.379402333039253,0.691031520027166,0.800411522633745,0.902446374688624,0.839638148483441,992,"tags=20%, list=6%, signal=19%","CYFIP2/SRA1"
"GOCC_SARCOPLASMIC_RETICULUM_MEMBRANE","GOCC_SARCOPLASMIC_RETICULUM_MEMBRANE",23,0.345951875663113,0.722016673865909,0.80952380952381,0.907711891778922,0.844537197495668,645,"tags=9%, list=4%, signal=8%","RTN2/DMPK"
"GOCC_NSL_COMPLEX","GOCC_NSL_COMPLEX",11,-0.366955646882973,-0.694610734829856,0.810176125244618,0.907711891778922,0.844537197495668,2342,"tags=36%, list=14%, signal=31%","OGT/WDR5/PHF20/KANSL2"
"GOCC_DNA_POLYMERASE_COMPLEX","GOCC_DNA_POLYMERASE_COMPLEX",19,-0.359275787518413,-0.730635462108063,0.814,0.909377462568952,0.84608684832649,4525,"tags=47%, list=27%, signal=35%","POLA2/POLG/POLE/POLA1/CRCP/PRIM2/PRIM1/POLD3/POLE3"
"GOCC_MULTIVESICULAR_BODY_MEMBRANE","GOCC_MULTIVESICULAR_BODY_MEMBRANE",20,0.35347800725935,0.718338541500467,0.814814814814815,0.909377462568952,0.84608684832649,2690,"tags=25%, list=16%, signal=21%","ABCB6/CHMP2A/CHMP4A/NDFIP2/CHMP3"
"GOCC_EXTRINSIC_COMPONENT_OF_ENDOSOME_MEMBRANE","GOCC_EXTRINSIC_COMPONENT_OF_ENDOSOME_MEMBRANE",10,-0.379108793990436,-0.704748059970572,0.819767441860465,0.913138636975846,0.849586253503022,2913,"tags=30%, list=17%, signal=25%","SNX5/SNX16/ANXA1"
"GOCC_MICROBODY_LUMEN","GOCC_MICROBODY_LUMEN",39,-0.331002476987245,-0.757388599160834,0.822834645669291,0.914789191813451,0.85112193345774,1144,"tags=10%, list=7%, signal=10%","EHHADH/GNPAT/NUDT19/DDO"
"GOCC_SIN3_TYPE_COMPLEX","GOCC_SIN3_TYPE_COMPLEX",14,-0.361066739870374,-0.695576850754181,0.827519379844961,0.918228234943351,0.854321626965446,486,"tags=21%, list=3%, signal=21%","SUDS3/CSNK2A1/HDAC2"
"GOCC_BETA_CATENIN_TCF_COMPLEX","GOCC_BETA_CATENIN_TCF_COMPLEX",11,0.365072990234366,0.674754445867451,0.835030549898167,0.924784313418891,0.860421417209951,639,"tags=18%, list=4%, signal=18%","CTNNB1/LDB1"
"GOCC_SPINDLE_MICROTUBULE","GOCC_SPINDLE_MICROTUBULE",78,0.311718707382237,0.759141176105779,0.839458413926499,0.927907097386188,0.863326862477343,1339,"tags=14%, list=8%, signal=13%","MAPRE3/EML3/CLASP1/TOGARAM1/ARL3/RMDN2/PARP4/CALM3/POLB/CHMP2A/CSNK1D"
"GOCC_HETEROCHROMATIN","GOCC_HETEROCHROMATIN",66,-0.305859337338295,-0.757205370139209,0.842629482071713,0.929631378882177,0.864931137881803,4680,"tags=41%, list=28%, signal=30%","MBD2/HMGA1/SALL1/BAZ2A/ZBTB18/ORC2/TNKS1BP1/CBX5/TOP2B/TASOR/CBX2/KDM4C/RNF2/SUZ12/CENPB/EME1/EZH2/MORC2/CENPC/UHRF2/BEND3/UHRF1/H2AZ1/TCP1/RRP1B/PML/HMGA2"
"GOCC_NADH_DEHYDROGENASE_COMPLEX","GOCC_NADH_DEHYDROGENASE_COMPLEX",48,0.319785919390577,0.723384843383905,0.845833333333333,0.931385178117048,0.866562876657292,4783,"tags=35%, list=28%, signal=25%","NDUFB10/NDUFA13/NDUFA1/NDUFA2/NDUFB11/NDUFA3/NDUFV3/NDUFB1/NDUFC2/NDUFB9/NDUFS8/NDUFC1/NDUFV1/NDUFA4/NDUFB5/NDUFB8/MT-ND4L"
"GOCC_FANCONI_ANAEMIA_NUCLEAR_COMPLEX","GOCC_FANCONI_ANAEMIA_NUCLEAR_COMPLEX",12,0.345302423055354,0.649707010998683,0.855983772819473,0.940766927460639,0.875291677469536,1116,"tags=8%, list=7%, signal=8%","FAAP20"
"GOCC_WASH_COMPLEX","GOCC_WASH_COMPLEX",10,-0.357970688205561,-0.665453168162498,0.86046511627907,0.943894243522858,0.878201339408296,3129,"tags=50%, list=18%, signal=41%","WASHC2C/WASHC3/CAPZA1/WASHC2A/WASHC4"
"GOCC_MIDBODY","GOCC_MIDBODY",189,-0.293608776591307,-0.841674023827049,0.870044052863436,0.945376056077163,0.879580021160911,2695,"tags=22%, list=16%, signal=18%","ANLN/PIK3C3/PDXP/CENPC/TXNDC9/ANXA2/RALB/URB2/ENTR1/KIF20B/CHMP5/CYLD/RALA/RHOA/IQGAP1/ECT2/PKP4/KIF23/ARL8A/CAPG/UHMK1/FAM50B/PLK1/RACGAP1/ASPM/KIF14/C9orf72/PPP1CC/CIT/SCCPDH/CEP55/CENPE/TTC28/RAN/CLIC4/USP3/HNRNPU/CENPF/KLHL13/MYH10/LYRM1"
"GOCC_GOLGI_STACK","GOCC_GOLGI_STACK",118,0.292269261101379,0.751541815438744,0.886578449905482,0.945376056077163,0.879580021160911,2027,"tags=12%, list=12%, signal=11%","ST3GAL4/LPCAT2/HLA-A/ASAP2/GALNT2/TMEM59/NECAB3/B4GALNT4/LYPLA2/NSF/ST3GAL2/CHPF/TMED3/B4GALT4"
"GOCC_RUFFLE_MEMBRANE","GOCC_RUFFLE_MEMBRANE",77,0.30601646434186,0.740821526860915,0.87719298245614,0.945376056077163,0.879580021160911,2074,"tags=22%, list=12%, signal=19%","PTPRJ/SPRY2/PSD3/ABCA7/CLCN3/PIP5K1C/CDKL5/EPS8/ARHGAP45/PLEKHA1/INPP5K/KSR1/TIRAP/MTMR9/ADAM17/PLCG2/ITGB1"
"GOCC_HISTONE_DEACETYLASE_COMPLEX","GOCC_HISTONE_DEACETYLASE_COMPLEX",68,0.302323232544299,0.720178008933837,0.884920634920635,0.945376056077163,0.879580021160911,3350,"tags=28%, list=20%, signal=23%","MIDEAS/PHF21A/HDAC10/CHD3/CFDP1/HDAC1/HDAC4/ZNHIT1/RBBP4/SAP18/BRD8/HDAC3/SATB2/MTA3/HDAC6/SIN3A/MTA1/PHF12/SIN3B"
"GOCC_DNA_REPAIR_COMPLEX","GOCC_DNA_REPAIR_COMPLEX",42,-0.306792643836063,-0.716122929498302,0.878846153846154,0.945376056077163,0.879580021160911,2414,"tags=19%, list=14%, signal=16%","FANCI/XRCC4/CETN2/PRKDC/PALB2/RAD23B/PMS1/KDM1A"
"GOCC_CLATHRIN_VESICLE_COAT","GOCC_CLATHRIN_VESICLE_COAT",21,-0.328001059306073,-0.685325221630841,0.886274509803922,0.945376056077163,0.879580021160911,1305,"tags=24%, list=8%, signal=22%","AP2A2/AFTPH/CLTA/NCALD/AP1G2"
"GOCC_CUL4_RING_E3_UBIQUITIN_LIGASE_COMPLEX","GOCC_CUL4_RING_E3_UBIQUITIN_LIGASE_COMPLEX",30,0.313666521042616,0.683332646045333,0.883910386965377,0.945376056077163,0.879580021160911,1173,"tags=13%, list=7%, signal=12%","DDB2/CDKN1B/WDTC1/DCAF11"
"GOCC_PROTEASOME_REGULATORY_PARTICLE","GOCC_PROTEASOME_REGULATORY_PARTICLE",19,-0.334506520084103,-0.680263837337725,0.876,0.945376056077163,0.879580021160911,5144,"tags=37%, list=30%, signal=26%","PSMD4/PSMD14/PSMD9/ADRM1/PSMC6/PSMD12/PSMD2"
"GOCC_TRANS_GOLGI_NETWORK_TRANSPORT_VESICLE","GOCC_TRANS_GOLGI_NETWORK_TRANSPORT_VESICLE",28,0.311037972016883,0.669631841332262,0.887983706720978,0.945376056077163,0.879580021160911,1109,"tags=7%, list=7%, signal=7%","ATP7A/CLBA1"
"GOCC_LAMELLIPODIUM_MEMBRANE","GOCC_LAMELLIPODIUM_MEMBRANE",17,-0.325000210584766,-0.649298548283013,0.888030888030888,0.945376056077163,0.879580021160911,3964,"tags=29%, list=23%, signal=23%","NCKAP1/ITGAV/PDXP/PIEZO1/FERMT2"
"GOCC_CHROMATIN_SILENCING_COMPLEX","GOCC_CHROMATIN_SILENCING_COMPLEX",13,-0.331798998060066,-0.636548240094417,0.881553398058252,0.945376056077163,0.879580021160911,5403,"tags=46%, list=32%, signal=31%","SUV39H1/SMARCA5/BAZ2A/SUZ12/EZH2/L3MBTL1"
"GOCC_MISMATCH_REPAIR_COMPLEX","GOCC_MISMATCH_REPAIR_COMPLEX",10,-0.341971542156545,-0.635711396623655,0.885658914728682,0.945376056077163,0.879580021160911,609,"tags=40%, list=4%, signal=39%","MSH6/MSH2/MLH3/PMS1"
"GOCC_INTRINSIC_COMPONENT_OF_NUCLEAR_INNER_MEMBRANE","GOCC_INTRINSIC_COMPONENT_OF_NUCLEAR_INNER_MEMBRANE",12,-0.331782700599859,-0.633202822742155,0.882121807465619,0.945376056077163,0.879580021160911,2487,"tags=25%, list=15%, signal=21%","P2RX5/LEMD3/TMEM201"
"GOCC_EXOCYST","GOCC_EXOCYST",12,0.333286132753425,0.627097647339201,0.870182555780933,0.945376056077163,0.879580021160911,611,"tags=8%, list=4%, signal=8%","EXOC3"
"GOCC_PLATELET_DENSE_GRANULE","GOCC_PLATELET_DENSE_GRANULE",12,0.331463001217336,0.623667317107259,0.872210953346856,0.945376056077163,0.879580021160911,2125,"tags=25%, list=13%, signal=22%","FAM3C/LAMP2/TIMP3"
"GOCC_EXTRINSIC_COMPONENT_OF_MITOCHONDRIAL_INNER_MEMBRANE","GOCC_EXTRINSIC_COMPONENT_OF_MITOCHONDRIAL_INNER_MEMBRANE",13,0.324225671443194,0.618681929809066,0.887063655030801,0.945376056077163,0.879580021160911,1848,"tags=15%, list=11%, signal=14%","COQ8B/ACADVL"
"GOCC_MEMBRANE_COAT","GOCC_MEMBRANE_COAT",78,0.297178016728603,0.723729644032875,0.893617021276596,0.949570941577524,0.883482952119926,2891,"tags=27%, list=17%, signal=22%","SEC24C/AP5B1/VPS39/CLBA1/SEC31B/CHMP2A/COPG2/SYNJ1/COPE/COPG1/EPN2/TMED3/AP2S1/CHMP4A/AP2M1/AP2B1/PDCD6/AP5S1/AP3S2/NECAP1/ARCN1"
"GOCC_SAGA_COMPLEX","GOCC_SAGA_COMPLEX",19,0.317841610436152,0.639484137467549,0.904382470119522,0.959243906726037,0.892482700775844,2827,"tags=21%, list=17%, signal=18%","KAT2B/KAT2A/TAF10/TADA3"
"GOCC_CYTOSOLIC_LARGE_RIBOSOMAL_SUBUNIT","GOCC_CYTOSOLIC_LARGE_RIBOSOMAL_SUBUNIT",55,0.289306853865188,0.666098098115605,0.906693711967546,0.959930773954631,0.893121763599128,6303,"tags=71%, list=37%, signal=45%","RPL27A/RPL28/RPL30/RPLP2/RPL18A/UBA52/RPL21/RPL37/RPL13A/RPL10A/RPL15/RPL8/RPL3/RPL29/RPL37A/RPL32/RPL35A/RPL19/RPL23A/RPL13/RPL36A/RPL11/RPL18/RPL36AL/RPL36/RPL31/RPL39/RPL24/RPL38/RPL23/RPL4/RPL10/RPL22/RPL17/RPL34/RPL27/RPL7/RPL26/RPL41"
"GOCC_CILIUM","GOCC_CILIUM",444,-0.27623498338854,-0.856626436432711,0.915909090909091,0.967911255411255,0.900546821599453,2069,"tags=14%, list=12%, signal=12%","SLC9A3R1/CFAP44/RNF38/CETN2/MAPRE1/ATG14/RP1/DNAAF5/BBS5/DNAH2/PFKM/TTLL4/TNPO1/TCP11/TOMM20/CEP290/SLC9B2/ODF2L/CEP41/GNB1/ANXA1/CDK20/VCAN/TMEM237/RAP1A/PRKAR2A/GLE1/ATP1B1/PRKACB/EZR/CAMSAP2/SDCCAG8/EHD1/DCDC2C/TTLL5/DYNC2H1/SORD/CCDC181/ATP1B3/DNAH5/CFAP45/POC1B/ALMS1/GLI2/VPS13A/CDC45/RAN/JADE1/DNAH14/GPI/PHLPP2/MAP1B/ARFGEF2/SSX2IP/CENPF/CEP170/GPR161/RAB15/TRPV4/KIF5C"
"GOCC_PERICENTRIOLAR_MATERIAL","GOCC_PERICENTRIOLAR_MATERIAL",21,-0.309953301055178,-0.6476162460885,0.917647058823529,0.967975051080761,0.900606177234677,3107,"tags=29%, list=18%, signal=23%","CEP152/NIN/CEP85/DYRK3/TUBE1/TCP1"
"GOCC_CULLIN_RING_UBIQUITIN_LIGASE_COMPLEX","GOCC_CULLIN_RING_UBIQUITIN_LIGASE_COMPLEX",155,-0.274018391800351,-0.776079147473483,0.926315789473684,0.975336150595467,0.907454960875104,1005,"tags=12%, list=6%, signal=11%","ZSWIM6/KCTD17/CUL1/COP1/DCAF1/CKS1B/KLHL21/CAND1/CACYBP/PRAME/KLHL12/DTL/CDC20/DCAF6/KBTBD8/FEM1C/KLHL13/ANAPC7"
"GOCC_STEREOCILIUM_BUNDLE","GOCC_STEREOCILIUM_BUNDLE",30,0.285653261891736,0.622304856288569,0.932790224032587,0.975466957091199,0.907576663534638,3922,"tags=40%, list=23%, signal=31%","PDZD7/EPS8/ELMOD3/IFT20/MORN4/MPP1/HOMER2/MYO7A/PJVK/TRIOBP/KPTN/TWF2"
"GOCC_PROTON_TRANSPORTING_ATP_SYNTHASE_COMPLEX","GOCC_PROTON_TRANSPORTING_ATP_SYNTHASE_COMPLEX",18,0.300624227787033,0.600016217126323,0.933198380566802,0.975466957091199,0.907576663534638,4699,"tags=56%, list=28%, signal=40%","ATP5PO/ATP5PD/ATP5F1A/ATP5ME/ATP5PF/ATP5MC1/ATP5F1E/ATP5MG/DMAC2L/ATP5F1D"
"GOCC_FILOPODIUM_MEMBRANE","GOCC_FILOPODIUM_MEMBRANE",12,-0.30039178198015,-0.573293676657889,0.933202357563851,0.975466957091199,0.907576663534638,3632,"tags=25%, list=21%, signal=20%","ITGAV/DMD/NF2"
"GOCC_CLATHRIN_COAT_OF_COATED_PIT","GOCC_CLATHRIN_COAT_OF_COATED_PIT",12,0.302980541663027,0.570075878335471,0.931034482758621,0.975466957091199,0.907576663534638,2410,"tags=33%, list=14%, signal=29%","SYNJ1/AP2S1/AP2M1/AP2B1"
"GOCC_PROTEASOME_CORE_COMPLEX_BETA_SUBUNIT_COMPLEX","GOCC_PROTEASOME_CORE_COMPLEX_BETA_SUBUNIT_COMPLEX",10,0.298235432480059,0.543196670884289,0.938271604938272,0.978992253253857,0.910856607059139,4610,"tags=40%, list=27%, signal=29%","PSMB6/PSMB10/PSMB9/PSMB1"
"GOCC_OXIDOREDUCTASE_COMPLEX","GOCC_OXIDOREDUCTASE_COMPLEX",108,0.27434795170716,0.699914068725758,0.943714821763602,0.981123337220898,0.912839372402915,1967,"tags=11%, list=12%, signal=10%","CAT/ETFB/PDK2/NDUFB10/GMPR2/NDUFA13/P4HB/BCKDHA/NDUFA1/UQCR11/NDUFA2/NOX4"
"GOCC_ENDOPLASMIC_RETICULUM_TUBULAR_NETWORK","GOCC_ENDOPLASMIC_RETICULUM_TUBULAR_NETWORK",22,-0.299281079762289,-0.629754340188991,0.942913385826772,0.981123337220898,0.912839372402915,2788,"tags=18%, list=16%, signal=15%","LNPK/RAB18/C2CD2L/RNF41"
"GOCC_PERICENTRIC_HETEROCHROMATIN","GOCC_PERICENTRIC_HETEROCHROMATIN",22,-0.277646069492424,-0.584229438887836,0.956692913385827,0.992826998243925,0.923728485094229,3801,"tags=27%, list=22%, signal=21%","CBX5/KDM4C/CENPB/EZH2/CENPC/UHRF2"
"GOCC_UBIQUITIN_LIGASE_COMPLEX","GOCC_UBIQUITIN_LIGASE_COMPLEX",275,-0.261293143232323,-0.784948022149377,0.975717439293598,0.993179156072337,0.924056133534419,3495,"tags=21%, list=21%, signal=17%","RNF2/FBXO48/RNF217/USP33/OTULIN/SPSB1/CUL3/SPSB4/BUB1B/TMEM183A/UBE2D1/LZTR1/DERL3/RNF11/TOPORS/KCTD10/MARCHF6/KLHL20/UBE2E1/AMN1/TRAF2/SPOPL/BARD1/ATG3/UBE2D2/UBE2B/UBE2A/FBXO45/CDC23/MED31/BRAP/FBXW7/ANAPC1/ZSWIM6/KCTD17/CUL1/MED10/UBE2L3/COP1/CBLL1/NEDD4/DCAF1/CKS1B/KLHL21/CAND1/CACYBP/UBE2N/PRAME/KLHL12/DTL/CDC20/DYRK2/DCAF6/SMURF2/KBTBD8/RAD18/FEM1C/KLHL13/ANAPC7"
"GOCC_CILIARY_BASAL_BODY","GOCC_CILIARY_BASAL_BODY",131,-0.259568512505919,-0.714892408916593,0.970212765957447,0.993179156072337,0.924056133534419,2984,"tags=19%, list=18%, signal=16%","CEP250/TOPORS/RPGR/KIFAP3/RTTN/MKKS/ENTR1/CYLD/CEP78/CETN2/MAPRE1/BBS5/TTLL4/CEP290/ODF2L/CEP41/GLE1/EZR/CAMSAP2/SDCCAG8/POC1B/CDC45/JADE1/SSX2IP/CENPF"
"GOCC_DNA_PACKAGING_COMPLEX","GOCC_DNA_PACKAGING_COMPLEX",91,-0.255574499718496,-0.665427346073467,0.968944099378882,0.993179156072337,0.924056133534419,3164,"tags=14%, list=19%, signal=12%","H3-3B/YEATS4/RUVBL1/MORF4L2/SMC2/SMC4/H2AZ1/SLF1/EP400/VPS72/ACTB/H3-3A/NCAPG"
"GOCC_INTRINSIC_COMPONENT_OF_MITOCHONDRIAL_INNER_MEMBRANE","GOCC_INTRINSIC_COMPONENT_OF_MITOCHONDRIAL_INNER_MEMBRANE",56,0.252000695523435,0.581668825216194,0.977687626774848,0.993179156072337,0.924056133534419,720,"tags=4%, list=4%, signal=3%","COQ2/AGK"
"GOCC_PROTON_TRANSPORTING_TWO_SECTOR_ATPASE_COMPLEX_CATALYTIC_DOMAIN","GOCC_PROTON_TRANSPORTING_TWO_SECTOR_ATPASE_COMPLEX_CATALYTIC_DOMAIN",17,-0.282402182481484,-0.56419448709667,0.961389961389961,0.993179156072337,0.924056133534419,3119,"tags=29%, list=18%, signal=24%","ATP6V1D/ATP6V1E1/ATP5F1C/ATP5F1B/ATP6V1G1"
"GOCC_ROUGH_ENDOPLASMIC_RETICULUM_MEMBRANE","GOCC_ROUGH_ENDOPLASMIC_RETICULUM_MEMBRANE",24,-0.251186500128827,-0.540833182692288,0.975047984644914,0.993179156072337,0.924056133534419,3181,"tags=33%, list=19%, signal=27%","SUCO/SEC61B/SEC61A2/SRP9/RP9/ZC3H12A/SEC63/TMEM97"
"GOCC_SPINDLE_POLE_CENTROSOME","GOCC_SPINDLE_POLE_CENTROSOME",13,-0.281406026093811,-0.539870559312391,0.966990291262136,0.993179156072337,0.924056133534419,4750,"tags=38%, list=28%, signal=28%","DLGAP5/ABRAXAS2/AURKB/AURKA/NPM1"
"GOCC_PHAGOPHORE_ASSEMBLY_SITE_MEMBRANE","GOCC_PHAGOPHORE_ASSEMBLY_SITE_MEMBRANE",15,0.274520255181748,0.532481242467213,0.965092402464066,0.993179156072337,0.924056133534419,1046,"tags=7%, list=6%, signal=6%","WIPI1"
"GOCC_CYTOPLASMIC_SIDE_OF_ENDOPLASMIC_RETICULUM_MEMBRANE","GOCC_CYTOPLASMIC_SIDE_OF_ENDOPLASMIC_RETICULUM_MEMBRANE",13,0.272124572212494,0.519263495501436,0.967145790554415,0.993179156072337,0.924056133534419,4466,"tags=46%, list=26%, signal=34%","PKD2/SPPL2A/RPS28/SPPL2B/RPS29/RPS26"
"GOCC_RESPIRATORY_CHAIN_COMPLEX_III","GOCC_RESPIRATORY_CHAIN_COMPLEX_III",14,0.26397161945208,0.508346819041293,0.973251028806584,0.993179156072337,0.924056133534419,5202,"tags=29%, list=31%, signal=20%","UQCR11/CYC1/UQCRFS1P1/UQCRQ"
"GOCC_PROTON_TRANSPORTING_V_TYPE_ATPASE_V1_DOMAIN","GOCC_PROTON_TRANSPORTING_V_TYPE_ATPASE_V1_DOMAIN",10,-0.270526982086794,-0.502898821703859,0.974806201550388,0.993179156072337,0.924056133534419,3119,"tags=50%, list=18%, signal=41%","ATP6V1B2/ATP6V1F/ATP6V1D/ATP6V1E1/ATP6V1G1"
"GOCC_SEPTIN_CYTOSKELETON","GOCC_SEPTIN_CYTOSKELETON",12,-0.250893903064448,-0.47882764032596,0.976424361493124,0.993179156072337,0.924056133534419,3290,"tags=42%, list=19%, signal=34%","SEPTIN7/SEPTIN3/SEPTIN6/SEPTIN10/SEPTIN11"
"GOCC_CLATHRIN_ADAPTOR_COMPLEX","GOCC_CLATHRIN_ADAPTOR_COMPLEX",16,-0.260090224154373,-0.510864264565091,0.982490272373541,0.996303843865612,0.926963350125809,570,"tags=25%, list=3%, signal=24%","AP1S1/AP2A2/AFTPH/AP1G2"
"GOCC_TRANSCRIPTION_FACTOR_TFTC_COMPLEX","GOCC_TRANSCRIPTION_FACTOR_TFTC_COMPLEX",14,-0.250873617337457,-0.483295361814676,0.986434108527132,0.998548211614307,0.929051514956301,2202,"tags=43%, list=13%, signal=37%","TAF9/TAF4/TRRAP/TAF6/TAF5/TAF5L"
"GOCC_RESPIRASOME","GOCC_RESPIRASOME",93,0.248337585889503,0.620563104369757,0.988505747126437,0.998892847796767,0.929372165240083,5202,"tags=38%, list=31%, signal=26%","NDUFB10/TTC19/C15orf48/NDUFA13/NDUFA1/UQCR11/NDUFA2/NDUFB11/SURF1/NDUFA3/NDUFV3/NDUFB1/NDUFC2/COX4I1/COX5B/NDUFB9/COX8A/CYC1/COX6B1/COX6C/NDUFS8/COX7A2/NDUFC1/HIGD2A/NDUFV1/COX7C/NDUFA4/NDUFB5/NDUFB8/MT-ND4L/COX7B/UQCRFS1P1/MT-ND5/NDUFB4/UQCRQ"
"GOCC_INNER_MITOCHONDRIAL_MEMBRANE_PROTEIN_COMPLEX","GOCC_INNER_MITOCHONDRIAL_MEMBRANE_PROTEIN_COMPLEX",145,-0.214158535190317,-0.602011349981579,1,1,0.93040226215452,4357,"tags=23%, list=26%, signal=17%","NDUFA4L2/MTCO2P12/ATP5MC2/NDUFA8/TIMM10B/SDHA/MCUB/COX7A2L/ATP5MC3/APOOL/NDUFA10/MT-ATP6/HSPA9/NDUFS2/NDUFB6/AFG3L2/PHB/UQCRH/TIMM9/CHCHD10/NDUFS1/NDUFA5/CHCHD3/MCU/ATP5F1C/TIMM21/SDHC/ATP5F1B/GRPEL2/MT-ND6/MTX1/TIMM17A/GRPEL1"
"GOCC_PROTEIN_DNA_COMPLEX","GOCC_PROTEIN_DNA_COMPLEX",163,0.217967166947201,0.582017586032531,1,1,0.93040226215452,2850,"tags=15%, list=17%, signal=13%","EYA1/ATF6B/FOS/CTNNB1/EPC1/H2BC14/KDM5A/H4C2/H4-16/POLR2H/POLD4/H1-9P/SOX12/H4C8/SHPRH/H4C1/BRD8/H2BC3/TCF7L2/NFYC/TINF2/H1-2/H4C12/DONSON/H2BC4"
"GOCC_MITOTIC_SPINDLE_POLE","GOCC_MITOTIC_SPINDLE_POLE",34,-0.234909595360719,-0.525423688095314,0.998054474708171,1,0.93040226215452,3078,"tags=32%, list=18%, signal=27%","BCCIP/CNTRL/AURKB/FAM83D/AURKA/RMDN3/NIN/KIF20B/RAE1/PLK1/ASPM"
"GOCC_REPLISOME","GOCC_REPLISOME",14,-0.239467516573499,-0.461322084376751,0.994186046511628,1,0.93040226215452,4525,"tags=43%, list=27%, signal=31%","POLA2/PCNA/POLA1/PRIM2/PRIM1/POLD3"
"GOCC_CHROMOCENTER","GOCC_CHROMOCENTER",14,-0.222141581240403,-0.427944544424742,1,1,0.93040226215452,3881,"tags=50%, list=23%, signal=39%","CBX1/MBD6/SALL1/AURKB/CBX5/CDCA8/FMR1"
"GOCC_PROTEASOME_CORE_COMPLEX","GOCC_PROTEASOME_CORE_COMPLEX",18,-0.153055357610303,-0.308889752633092,1,1,0.93040226215452,4888,"tags=28%, list=29%, signal=20%","PSMA1/PSMA5/PSMA6/PSMA7/PSMB7"
