"ID","Description","setSize","enrichmentScore","NES","pvalue","p.adjust","qvalue","rank","leading_edge","core_enrichment"
"WP_EBOLA_VIRUS_INFECTION_IN_HOST","WP_EBOLA_VIRUS_INFECTION_IN_HOST",110,0.894865126784605,2.23759985990231,6.45439494600408e-14,3.22074307805604e-11,3.00978627482085e-11,388,"tags=19%, list=2%, signal=19%","HLA-DRA/HLA-DPB1/HLA-DPA1/HLA-DQB1/HLA-DRB1/HLA-DQA1/HLA-DRB5/HLA-DMB/HLA-DMA/HLA-E/HLA-B/TFAP2A/HLA-F/HLA-DQB2/HLA-C/HLA-DOA/IGF1R/RHOB/HLA-A/TPCN2/ITGA1"
"WP_ALLOGRAFT_REJECTION","WP_ALLOGRAFT_REJECTION",48,0.934951791829244,2.14194023093865,4.17046068697878e-09,1.04052994140121e-06,9.72375833858737e-07,282,"tags=38%, list=2%, signal=37%","HLA-DRA/HLA-DPB1/HLA-DPA1/HLA-DQB1/HLA-DRB1/HLA-DQA1/HLA-DRB5/HLA-DMB/HLA-DMA/HLA-E/HLA-B/HLA-F/TGFB1/HLA-C/HLA-DOA/COL5A1/VEGFA/HLA-A"
"WP_NETWORK_MAP_OF_SARSCOV2_SIGNALING_PATHWAY","WP_NETWORK_MAP_OF_SARSCOV2_SIGNALING_PATHWAY",132,0.738470308142323,1.89887433707968,1.78271405826815e-05,0.00296524771691936,0.00277102571162383,705,"tags=14%, list=4%, signal=13%","HLA-DRA/HLA-DRB1/HLA-DRB5/EGR1/C1R/BTN3A1/STEAP3/DDIT4/IFIH1/IFIT1/PTGS2/CXCL5/FOS/IFITM3/IFI6/RRAS/CTSB/IL6"
"WP_TCELL_ACTIVATION_SARSCOV2","WP_TCELL_ACTIVATION_SARSCOV2",59,0.816520998873143,1.92358523804918,0.000200375980521758,0.0249969035700893,0.0233596208871418,118,"tags=5%, list=1%, signal=5%","HLA-DRA/HLA-DRB1/IRF2BPL"
"WP_CYTOKINES_AND_INFLAMMATORY_RESPONSE","WP_CYTOKINES_AND_INFLAMMATORY_RESPONSE",15,0.947947431895291,1.81485949993808,0.000445885276620856,0.0378640356861734,0.0353839633139433,70,"tags=27%, list=0%, signal=27%","HLA-DRA/HLA-DRB1/TGFB1/IL11"
"WP_MRNA_PROCESSING","WP_MRNA_PROCESSING",126,-0.651433671737313,-1.76374742369379,0.000455278986206494,0.0378640356861734,0.0353839633139433,3754,"tags=48%, list=22%, signal=37%","SF3A1/SF3A2/HNRNPM/SFSWAP/NUDT21/RNMT/HNRNPD/FUS/HNRNPA2B1/U2AF1/SNRPE/PHF5A/DICER1/PRPF4B/SNRPA1/SREK1/DDX20/HNRNPC/CLK2/EFTUD2/PRPF8/SRPK2/SRSF2/SRRM1/HNRNPK/XRN2/CSTF2T/CSTF1/DHX15/PPM1G/DDX1/SRSF10/PRPF18/PRPF4/PTBP1/PRPF40A/SNRPD3/SRSF9/SF3B3/CSTF3/SNRPF/CSTF2/RBM39/PAPOLA/NCBP1/SF3A3/SFPQ/HNRNPA1/YBX1/RBM17/DHX9/SRPK1/HNRNPH1/RBMX/CELF1/PCBP2/HNRNPAB/HNRNPU/PRPF3/SF3B4"
"WP_STEROL_REGULATORY_ELEMENTBINDING_PROTEINS_SREBP_SIGNALING","WP_STEROL_REGULATORY_ELEMENTBINDING_PROTEINS_SREBP_SIGNALING",63,-0.727816015572824,-1.77940051514336,0.000634048158270582,0.0451985758538601,0.0422380953554689,1395,"tags=29%, list=8%, signal=26%","INSIG1/LSS/PRKAG2/FASN/ATF6/HMGCR/IDI1/LDLR/SREBF2/HMGCS1/ACLY/DBI/PRKAA2/CYP51A1/FDFT1/SCD/SQLE/FDPS"
"WP_ERBB_SIGNALING_PATHWAY","WP_ERBB_SIGNALING_PATHWAY",81,0.730795385305855,1.80252403045425,0.00148890133482612,0.0742961766078232,0.0694298201397863,772,"tags=12%, list=5%, signal=12%","TGFA/SHC4/PAK6/PAK3/ERBB3/NCK2/NRG2/FOXO1/CDKN1B/STAT5B"
"WP_CHOLESTEROL_METABOLISM_WITH_BLOCH_AND_KANDUTSCHRUSSELL_PATHWAYS","WP_CHOLESTEROL_METABOLISM_WITH_BLOCH_AND_KANDUTSCHRUSSELL_PATHWAYS",42,-0.76547664683854,-1.75056863133641,0.00128030265103994,0.0742961766078232,0.0694298201397863,1701,"tags=64%, list=10%, signal=58%","MVD/MVK/ACSL4/EBP/ELOVL4/SC5D/LSS/FADS2/DHCR7/ACAT2/HSD17B7/FASN/HMGCR/NSDHL/ELOVL5/IDI1/SREBF2/SOAT1/HMGCS1/FADS1/MSMO1/DHCR24/CYP51A1/FDFT1/SCD/SQLE/FDPS"
"WP_EPITHELIAL_TO_MESENCHYMAL_TRANSITION_IN_COLORECTAL_CANCER","WP_EPITHELIAL_TO_MESENCHYMAL_TRANSITION_IN_COLORECTAL_CANCER",115,0.648998522539711,1.63732273001041,0.00139157627257278,0.0742961766078232,0.0694298201397863,1483,"tags=19%, list=9%, signal=18%","MMP2/WNT5A/TGFB1/SMAD3/MAPK11/NOTCH2/FMNL2/MAP2K6/TGFBR1/LRP6/COL4A1/FZD1/CTNNB1/TGFB3/SPARC/SMAD2/WNT7B/PKP2/TGFBR2/JAG1/COL4A5/MAPK12"
"WP_CHOLESTEROL_BIOSYNTHESIS_PATHWAY","WP_CHOLESTEROL_BIOSYNTHESIS_PATHWAY",15,-0.878070915604063,-1.68070693605516,0.00166291149683294,0.0754357124472397,0.0704947170427744,1425,"tags=80%, list=8%, signal=73%","SC5D/LSS/DHCR7/HMGCR/NSDHL/IDI1/HMGCS1/MSMO1/CYP51A1/FDFT1/SQLE/FDPS"
"WP_AMINO_ACID_METABOLISM","WP_AMINO_ACID_METABOLISM",70,-0.675753012047496,-1.67759713983693,0.00221193383364634,0.0919795819157935,0.085954972658362,2253,"tags=33%, list=13%, signal=29%","ALDH1A1/OGDH/FARSB/CBS/HIBCH/ASNS/FH/HADH/CS/EHHADH/DLST/EPRS1/GCLM/HIBADH/GOT2/IARS1/MARS2/ACLY/GPT2/PDHA1/ODC1/WARS1/GLUL"
"WP_MALE_INFERTILITY","WP_MALE_INFERTILITY",91,0.699191404239763,1.74797202125778,0.00252593948208128,0.0969572155045046,0.0906065741345756,1025,"tags=16%, list=6%, signal=16%","HLA-DRA/MMP2/AHRR/SOX5/XPC/NQO1/CAT/THBS1/INSR/GNAO1/CYP1A1/RGS9/ARNTL/PMS2/POLB"
"WP_EXTRACELLULAR_VESICLEMEDIATED_SIGNALING_IN_RECIPIENT_CELLS","WP_EXTRACELLULAR_VESICLEMEDIATED_SIGNALING_IN_RECIPIENT_CELLS",24,0.872830304744983,1.77934016461703,0.0031682857290593,0.105398305253373,0.098494777401633,584,"tags=29%, list=3%, signal=28%","TGFA/WNT5A/TGFB1/SMAD3/TGFBR1/CTNNB1/TGFB3"
"WP_PANCREATIC_ADENOCARCINOMA_PATHWAY","WP_PANCREATIC_ADENOCARCINOMA_PATHWAY",85,0.704205815700917,1.74056623347585,0.00305903052512262,0.105398305253373,0.098494777401633,584,"tags=13%, list=3%, signal=13%","TGFA/PAK6/PAK3/RIPK4/TGFB1/SMAD3/VEGFA/TGFBR1/DDB2/STAT3/TGFB3"
"WP_ONECARBON_METABOLISM_AND_RELATED_PATHWAYS","WP_ONECARBON_METABOLISM_AND_RELATED_PATHWAYS",38,-0.73154413659203,-1.65864475088677,0.00386237479181579,0.113372060065652,0.105946255899343,1362,"tags=16%, list=8%, signal=15%","CHPT1/GCLC/GCLM/GPX3/SHMT2/PCYT1B"
"WP_APOPTOSIS_MODULATION_BY_HSP70","WP_APOPTOSIS_MODULATION_BY_HSP70",17,-0.840389344997633,-1.63742402721741,0.00376199113027439,0.113372060065652,0.105946255899343,483,"tags=18%, list=3%, signal=17%","CASP2/BID/HSPA1A"
"WP_PROSTAGLANDIN_AND_LEUKOTRIENE_METABOLISM_IN_SENESCENCE","WP_PROSTAGLANDIN_AND_LEUKOTRIENE_METABOLISM_IN_SENESCENCE",21,0.898832248055641,1.81148243075879,0.00453092772808309,0.125607385350748,0.117380174476071,475,"tags=24%, list=3%, signal=23%","PTGES/MAPK11/PTGS2/ALOX5AP/PLCB1"
"WP_NEURAL_CREST_CELL_MIGRATION_IN_CANCER","WP_NEURAL_CREST_CELL_MIGRATION_IN_CANCER",34,0.796142028998493,1.70780699606438,0.00573071425595092,0.150506653353658,0.140648554869045,802,"tags=18%, list=5%, signal=17%","MMP2/PAK6/PAK3/FOS/STAT3/NGFR"
"WP_GENES_ASSOCIATED_WITH_THE_DEVELOPMENT_OF_RHEUMATOID_ARTHRITIS","WP_GENES_ASSOCIATED_WITH_THE_DEVELOPMENT_OF_RHEUMATOID_ARTHRITIS",11,0.935157759594693,1.67239408412482,0.00713976006592424,0.17813701364481,0.166469142589707,15,"tags=18%, list=0%, signal=18%","HLA-DRB1/CIITA"
"WP_EGFR_TYROSINE_KINASE_INHIBITOR_RESISTANCE","WP_EGFR_TYROSINE_KINASE_INHIBITOR_RESISTANCE",77,0.692581797404008,1.68756020609679,0.00827887650922413,0.191288758005309,0.17875945532402,705,"tags=12%, list=4%, signal=11%","TGFA/SHC4/ERBB3/IGF1R/NRG2/VEGFA/STAT3/RRAS/IL6"
"WP_NEURAL_CREST_CELL_MIGRATION_DURING_DEVELOPMENT","WP_NEURAL_CREST_CELL_MIGRATION_DURING_DEVELOPMENT",31,0.799623709026478,1.68177654309878,0.0088169167016475,0.191288758005309,0.17875945532402,802,"tags=19%, list=5%, signal=18%","MMP2/PAK6/PAK3/FOS/STAT3/NGFR"
"WP_PARKINUBIQUITIN_PROTEASOMAL_SYSTEM_PATHWAY","WP_PARKINUBIQUITIN_PROTEASOMAL_SYSTEM_PATHWAY",61,-0.657462583663022,-1.60266947837004,0.00870907739116712,0.191288758005309,0.17875945532402,2367,"tags=31%, list=14%, signal=27%","PSMD5/FBXW7/PSMD12/HSPA8/TUBB6/TUBA8/CUL1/UBE2L3/UBE2J1/HSPA2/HSPA14/SIAH2/PSMD2/HSPA1L/SNCAIP/TUBA1C/TUBA1B/TUBB4B/HSPA1A"
"WP_MATRIX_METALLOPROTEINASES","WP_MATRIX_METALLOPROTEINASES",15,0.889057340318498,1.70211354108604,0.0101363463597282,0.194361389055133,0.181630830822538,693,"tags=40%, list=4%, signal=38%","MMP2/MMP16/MMP24/MMP17/TIMP1/MMP14"
"WP_OREXIN_RECEPTOR_PATHWAY","WP_OREXIN_RECEPTOR_PATHWAY",103,0.613773940543868,1.54305116725643,0.00990003507945938,0.194361389055133,0.181630830822538,1350,"tags=20%, list=8%, signal=19%","DUSP4/EGR1/HES1/SLC2A1/VEGFA/TRIM9/CXXC5/FOS/GRIN2A/RUNX2/EGR2/DBP/MANF/IL6/HAGHL/PAPPA/ARC/BHLHE40/GLIS1/EGR3/CDKN1A"
"WP_VITAMIN_D_RECEPTOR_PATHWAY","WP_VITAMIN_D_RECEPTOR_PATHWAY",110,0.616226486700432,1.5408671754407,0.0101977749669729,0.194361389055133,0.181630830822538,658,"tags=13%, list=4%, signal=12%","HLA-DRB1/HLA-DQA1/TGFB1/CDKN2C/GXYLT2/NFATC2/SEMA3B/SFRP1/ASAP2/FOXO1/CDKN1B/G6PD/CYP1A1/CLMN"
"WP_ECTODERM_DIFFERENTIATION","WP_ECTODERM_DIFFERENTIATION",113,-0.562125062355234,-1.49336796456038,0.0105165481051876,0.194361389055133,0.181630830822538,309,"tags=20%, list=2%, signal=20%","ELOVL4/ZBTB2/PPARD/GLB1/EDA/CTNND2/CDH6/TNFRSF11B/PRKAG2/STC1/JUP/FZD4/PAX6/TCF3/CCDC88C/NR2F2/MYC/BAZ1A/TOX3/PTPRB/PODXL/PLXNA2/ASTN1"
"WP_EICOSANOID_SYNTHESIS","WP_EICOSANOID_SYNTHESIS",12,0.908026620728387,1.66635821087172,0.011949362459882,0.201194540223866,0.188016414553682,563,"tags=33%, list=3%, signal=32%","PTGES/PTGS2/ALOX5AP/PLA2G6"
"WP_CANCER_IMMUNOTHERAPY_BY_CTLA4_BLOCKADE","WP_CANCER_IMMUNOTHERAPY_BY_CTLA4_BLOCKADE",10,0.911320748365065,1.60751656068174,0.0116596117316641,0.201194540223866,0.188016414553682,6,"tags=10%, list=0%, signal=10%","HLA-DRB1"
"WP_DISORDERS_OF_FOLATE_METABOLISM_AND_TRANSPORT","WP_DISORDERS_OF_FOLATE_METABOLISM_AND_TRANSPORT",10,-0.877795327289703,-1.5846332761127,0.0120958641417154,0.201194540223866,0.188016414553682,507,"tags=20%, list=3%, signal=19%","SLC46A1/SHMT2"
"WP_MALIGNANT_PLEURAL_MESOTHELIOMA","WP_MALIGNANT_PLEURAL_MESOTHELIOMA",341,0.491060915972304,1.39019369794067,0.0126863669236154,0.204209583705938,0.190833974436728,1551,"tags=17%, list=9%, signal=16%","MMP2/TGFA/PAK6/WNT5A/PAK3/TGFB1/MAP3K9/SLC2A1/IGF1R/FGF12/ACTA2/WWTR1/LAMA4/VEGFA/CTNNA2/SLC7A5/SFRP1/ITGA1/CXCL5/MAP2K6/BBC3/VGLL4/LRP6/INSR/COL4A1/FZD1/FOXO1/CTNNB1/LAMB2/SPARC/DVL3/CSF1/MMP14/VEGFB/IL6/SLC3A2/NGFR/CDH19/AGER/ROR1/PTEN/TNNT1/CTNNA1/MAP3K10/WNT7B/PORCN/MAP2K5/FLT3LG/PDGFD/SERPINF1/BECN1/CDKN1A/SAV1/COL4A5/TSC2/ATF3/LGALS9/GABPA"
"WP_TGFBETA_RECEPTOR_SIGNALING_IN_SKELETAL_DYSPLASIAS","WP_TGFBETA_RECEPTOR_SIGNALING_IN_SKELETAL_DYSPLASIAS",48,0.72384594723693,1.65830449113877,0.0152631299028964,0.238009431923291,0.222419952203392,569,"tags=23%, list=3%, signal=22%","TGFB1/SMAD3/RUNX3/LTBP3/TGFBR1/THBS1/FOS/LTBP1/STAT3/CTNNB1/RUNX2"
"WP_PHOTODYNAMIC_THERAPYINDUCED_NFKB_SURVIVAL_SIGNALING","WP_PHOTODYNAMIC_THERAPYINDUCED_NFKB_SURVIVAL_SIGNALING",28,0.774868493056232,1.62432678066443,0.0162618167829768,0.24589838105168,0.22979217974031,1202,"tags=25%, list=7%, signal=23%","MMP2/VEGFA/PTGS2/IL6/TNFRSF1A/IKBKB/BCL2L2"
"WP_PROTEASOME_DEGRADATION","WP_PROTEASOME_DEGRADATION",59,0.686256485669659,1.61670409845118,0.0177476341788032,0.249752586978126,0.233393937414429,282,"tags=12%, list=2%, signal=12%","HLA-E/HLA-B/HLA-F/HLA-C/PSME2/PSME1/HLA-A"
"WP_OXIDATIVE_DAMAGE_RESPONSE","WP_OXIDATIVE_DAMAGE_RESPONSE",31,0.76589514784955,1.61083829754715,0.0180345481079329,0.249752586978126,0.233393937414429,1350,"tags=29%, list=8%, signal=27%","C1R/MAP3K9/CDKN1C/CDKN1B/TRAF1/C1S/TNK2/C3AR1/CDKN1A"
"WP_TGFBETA_RECEPTOR_SIGNALING","WP_TGFBETA_RECEPTOR_SIGNALING",46,0.709341198443016,1.59615938230989,0.018233508432237,0.249752586978126,0.233393937414429,569,"tags=22%, list=3%, signal=21%","TGFB1/SMAD3/RUNX3/TGFBR1/THBS1/FOS/LTBP1/STAT3/CTNNB1/RUNX2"
"WP_REGULATION_OF_APOPTOSIS_BY_PARATHYROID_HORMONERELATED_PROTEIN","WP_REGULATION_OF_APOPTOSIS_BY_PARATHYROID_HORMONERELATED_PROTEIN",19,-0.783244680570558,-1.56771268911322,0.0185187288941697,0.249752586978126,0.233393937414429,744,"tags=32%, list=4%, signal=30%","BCL2/BCL2L1/BOK/MYC/MCL1/BID"
"WP_PROSTAGLANDIN_SIGNALING","WP_PROSTAGLANDIN_SIGNALING",18,0.836088669515345,1.6546582937803,0.0205672666347409,0.25053000089366,0.234120431169479,705,"tags=28%, list=4%, signal=27%","PTGES/TGFB1/VEGFA/CSF1/IL6"
"WP_ANGIOTENSIN_II_RECEPTOR_TYPE_1_PATHWAY","WP_ANGIOTENSIN_II_RECEPTOR_TYPE_1_PATHWAY",24,0.797452130373445,1.62567522829935,0.0197267996630633,0.25053000089366,0.234120431169479,1374,"tags=50%, list=8%, signal=46%","COL1A1/TGFB1/SMAD3/IL11/ACTA2/MAP2K6/TGFBR1/RRAS/IL11RA/PDGFD/TGFBR2/F12"
"WP_OVARIAN_INFERTILITY","WP_OVARIAN_INFERTILITY",16,0.826491225201252,1.61096557021717,0.0210866934619914,0.25053000089366,0.234120431169479,618,"tags=19%, list=4%, signal=18%","EGR1/SMAD3/CDKN1B"
"WP_TRANSSULFURATION_AND_ONECARBON_METABOLISM","WP_TRANSSULFURATION_AND_ONECARBON_METABOLISM",28,-0.712283645252411,-1.54365314788306,0.0208989476181999,0.25053000089366,0.234120431169479,1103,"tags=21%, list=7%, signal=20%","GCLC/MTHFD2/GCLM/PSPH/PSAT1/SHMT2"
"WP_TCA_CYCLE_AND_DEFICIENCY_OF_PYRUVATE_DEHYDROGENASE_COMPLEX_PDHC","WP_TCA_CYCLE_AND_DEFICIENCY_OF_PYRUVATE_DEHYDROGENASE_COMPLEX_PDHC",15,-0.794656842862543,-1.52104487672726,0.0205315711388878,0.25053000089366,0.234120431169479,2080,"tags=60%, list=12%, signal=53%","OGDH/DLAT/FH/CS/ACO1/DLST/ACLY/IDH3A/PDHA1"
"WP_TYPE_2_PAPILLARY_RENAL_CELL_CARCINOMA","WP_TYPE_2_PAPILLARY_RENAL_CELL_CARCINOMA",31,0.753736264318016,1.58526561269204,0.0221118309161078,0.256600084352042,0.239792927682638,584,"tags=16%, list=3%, signal=16%","TGFA/TGFB1/SLC2A1/VEGFA/TGFB3"
"WP_EICOSANOID_METABOLISM_VIA_CYCLOOXYGENASES_COX","WP_EICOSANOID_METABOLISM_VIA_CYCLOOXYGENASES_COX",20,0.829950218206922,1.66535313089427,0.0237447616807447,0.257003278559798,0.240169712903683,563,"tags=20%, list=3%, signal=19%","PTGES/TBXA2R/PTGS2/PLA2G6"
"WP_VITAMIN_A_AND_CAROTENOID_METABOLISM","WP_VITAMIN_A_AND_CAROTENOID_METABOLISM",22,0.785167940099799,1.58934332551361,0.0247272170772636,0.257003278559798,0.240169712903683,211,"tags=14%, list=1%, signal=13%","DHRS3/ALDH1A3/RARB"
"WP_MECHANOREGULATION_AND_PATHOLOGY_OF_YAPTAZ_VIA_HIPPO_AND_NONHIPPO_MECHANISMS","WP_MECHANOREGULATION_AND_PATHOLOGY_OF_YAPTAZ_VIA_HIPPO_AND_NONHIPPO_MECHANISMS",35,0.737059242403412,1.58540132760288,0.0239434626153116,0.257003278559798,0.240169712903683,558,"tags=17%, list=3%, signal=17%","PAK6/PAK3/ITGB5/ACTA2/ITGB8/CTNNB1"
"WP_NRP1TRIGGERED_SIGNALING_PATHWAYS_IN_PANCREATIC_CANCER","WP_NRP1TRIGGERED_SIGNALING_PATHWAYS_IN_PANCREATIC_CANCER",48,0.690811558318607,1.58262391889216,0.0252367948886375,0.257003278559798,0.240169712903683,618,"tags=21%, list=4%, signal=20%","MMP2/COL1A1/TGFB1/SMAD3/SEMA3A/VEGFA/NRP1/TGFBR1/TGFB3/CDKN1B"
"WP_STATIN_INHIBITION_OF_CHOLESTEROL_PRODUCTION","WP_STATIN_INHIBITION_OF_CHOLESTEROL_PRODUCTION",13,-0.832648828115216,-1.55991847147627,0.0251237979448419,0.257003278559798,0.240169712903683,683,"tags=46%, list=4%, signal=44%","HMGCR/LDLR/SOAT1/PLTP/FDFT1/SQLE"
"WP_FACTORS_AND_PATHWAYS_AFFECTING_INSULINLIKE_GROWTH_FACTOR_IGF1AKT_SIGNALING","WP_FACTORS_AND_PATHWAYS_AFFECTING_INSULINLIKE_GROWTH_FACTOR_IGF1AKT_SIGNALING",34,0.72148486231875,1.54765965184943,0.0250395608719238,0.257003278559798,0.240169712903683,2074,"tags=35%, list=12%, signal=31%","FBXO32/SMAD3/IGF1R/TNFSF9/SMAD2/PTEN/TNFRSF1A/ACVR2B/DEPTOR/JKAMP/MSTN/ITGB1"
"WP_PI3KAKTMTOR_VITD3_SIGNALING","WP_PI3KAKTMTOR_VITD3_SIGNALING",17,0.80684159302818,1.58625377061122,0.0258412618777963,0.257895793540407,0.241003768670816,292,"tags=12%, list=2%, signal=12%","HLA-DRA/SLC2A3"
"WP_CCL18_SIGNALING_PATHWAY","WP_CCL18_SIGNALING_PATHWAY",39,0.733875722576046,1.63139113993175,0.0297687614114878,0.291266900869263,0.272189087828465,139,"tags=10%, list=1%, signal=10%","MMP2/TFAP2A/SLC2A1/ACTA2"
"WP_MEVALONATE_ARM_OF_CHOLESTEROL_BIOSYNTHESIS_PATHWAY","WP_MEVALONATE_ARM_OF_CHOLESTEROL_BIOSYNTHESIS_PATHWAY",12,-0.823049520706267,-1.51591552563719,0.0307728808131845,0.295301298572675,0.275959234822687,2176,"tags=67%, list=13%, signal=58%","MVD/MVK/ACAT2/HMGCR/IDI1/HMGCS1/FDFT1/FDPS"
"WP_BURN_WOUND_HEALING","WP_BURN_WOUND_HEALING",68,0.652163822070193,1.55081126923779,0.0331121951269748,0.311754440912461,0.29133470588381,771,"tags=16%, list=5%, signal=16%","MMP2/COL1A1/TGFB1/SMAD3/VEGFA/FLG/TIMP1/TGFB3/SPARC/IL6/SERPINH1"
"WP_PROGERIAASSOCIATED_LIPODYSTROPHY","WP_PROGERIAASSOCIATED_LIPODYSTROPHY",18,0.794065125853122,1.57149174985973,0.0401128645590022,0.370672581758187,0.346393742683002,67,"tags=11%, list=0%, signal=11%","TGFB1/SMAD3"
"WP_CELL_MIGRATION_AND_INVASION_THROUGH_P75NTR","WP_CELL_MIGRATION_AND_INVASION_THROUGH_P75NTR",27,0.74432091174574,1.54939264634179,0.0440724641191491,0.399857447190098,0.373667016359484,802,"tags=15%, list=5%, signal=14%","MMP2/EFNB2/STAT3/NGFR"
"WP_BREAST_CANCER_PATHWAY","WP_BREAST_CANCER_PATHWAY",115,0.568598130957739,1.43448499761658,0.0496031746031746,0.441999716553288,0.413048991526435,1404,"tags=14%, list=8%, signal=13%","SHC4/WNT5A/HES1/IGF1R/NOTCH2/LRP6/FOS/DDB2/FZD1/CTNNB1/DVL3/PTEN/WNT7B/NCOA1/CDKN1A/BRAF"
"WP_RAS_SIGNALING","WP_RAS_SIGNALING",136,0.543814394911504,1.40601028475255,0.0525291828793774,0.459860741347532,0.429740129557972,1191,"tags=14%, list=7%, signal=13%","SHC4/PAK6/PAK3/HTR7/IGF1R/KSR2/GNG2/INSR/GRIN2A/RGL2/PLA2G6/RRAS/PLCE1/NGFR/RIN1/PLA2G4C/CALM3/FOXO4/IKBKB"
"WP_INTERACTIONS_BETWEEN_LOXL4_AND_OXIDATIVE_STRESS_PATHWAY","WP_INTERACTIONS_BETWEEN_LOXL4_AND_OXIDATIVE_STRESS_PATHWAY",17,0.790705795020417,1.5545307277577,0.0585858585858586,0.470577140701622,0.439754610971034,344,"tags=18%, list=2%, signal=17%","TGFB1/DDR1/NQO1"
"WP_BMP_SIGNALING_IN_EYELID_DEVELOPMENT","WP_BMP_SIGNALING_IN_EYELID_DEVELOPMENT",16,0.782942541616218,1.52608211623169,0.0596707818930041,0.470577140701622,0.439754610971034,361,"tags=12%, list=2%, signal=12%","TGFA/SFRP1"
"WP_GALANIN_RECEPTOR_PATHWAY","WP_GALANIN_RECEPTOR_PATHWAY",14,0.808149602876286,1.52039439957712,0.0593220338983051,0.470577140701622,0.439754610971034,705,"tags=50%, list=4%, signal=48%","TFAP2A/VEGFA/FOS/CDKN1C/CDKN1B/VAMP2/IL6"
"WP_REGUCALCIN_IN_PROXIMAL_TUBULE_EPITHELIAL_KIDNEY_CELLS","WP_REGUCALCIN_IN_PROXIMAL_TUBULE_EPITHELIAL_KIDNEY_CELLS",23,0.746937714349996,1.51555252037364,0.0609243697478992,0.470577140701622,0.439754610971034,1404,"tags=26%, list=8%, signal=24%","TGFB1/ACTA2/TGFBR1/SMAD2/TNFRSF1A/BRAF"
"WP_P53_TRANSCRIPTIONAL_GENE_NETWORK","WP_P53_TRANSCRIPTIONAL_GENE_NETWORK",55,0.646523709956649,1.49983617787762,0.062,0.470577140701622,0.439754610971034,1670,"tags=33%, list=10%, signal=30%","FUCA1/SLC2A1/TP53INP1/XPC/SLC7A11/BBC3/THBS1/DDB2/SAT1/POLH/TRAF4/SESN1/BTG2/PTEN/CDKN1A/ADORA2B/PIDD1/TP53I3"
"WP_BLOOD_CLOTTING_CASCADE","WP_BLOOD_CLOTTING_CASCADE",10,0.847269302355727,1.4945335518121,0.0580912863070539,0.470577140701622,0.439754610971034,63,"tags=20%, list=0%, signal=20%","PLAT/SERPINB2"
"WP_PROXIMAL_TUBULE_TRANSPORT","WP_PROXIMAL_TUBULE_TRANSPORT",33,0.700316032356602,1.48979625436813,0.0614406779661017,0.470577140701622,0.439754610971034,1193,"tags=18%, list=7%, signal=17%","ATP6V0A4/SLC2A1/SLC3A2/SLC4A4/ATP6V1A/ATP1A1"
"WP_NICOTINE_EFFECT_ON_DOPAMINERGIC_NEURONS","WP_NICOTINE_EFFECT_ON_DOPAMINERGIC_NEURONS",10,0.840627124995577,1.48281713898535,0.0622406639004149,0.470577140701622,0.439754610971034,279,"tags=20%, list=2%, signal=20%","DRD2/GNG2"
"WP_FAS_LIGAND_PATHWAY_AND_STRESS_INDUCTION_OF_HEAT_SHOCK_PROTEINS","WP_FAS_LIGAND_PATHWAY_AND_STRESS_INDUCTION_OF_HEAT_SHOCK_PROTEINS",39,-0.62947571715022,-1.42893596239172,0.056640625,0.470577140701622,0.439754610971034,2190,"tags=36%, list=13%, signal=31%","BCL2/CASP10/PRKDC/CFLAR/CASP6/PARP1/ARHGDIB/JUN/HSPB1/NFX1/ACTB/SPTAN1/ACTG1/MAPKAPK2"
"WP_KENNEDY_PATHWAY_FROM_SPHINGOLIPIDS","WP_KENNEDY_PATHWAY_FROM_SPHINGOLIPIDS",14,-0.760726365366114,-1.44839296256853,0.0641509433962264,0.477780906786821,0.446486534556611,1362,"tags=21%, list=8%, signal=20%","CHPT1/PISD/PCYT1B"
"WP_FOCAL_ADHESION","WP_FOCAL_ADHESION",158,0.512380116380944,1.35270960845939,0.0651340996168582,0.477969348659004,0.446662633595483,698,"tags=11%, list=4%, signal=10%","SHC4/PAK6/COL1A1/PAK3/ITGB5/IGF1R/LAMA4/VEGFA/ITGB8/ITGA1/THBS1/DOCK1/COL4A1/CTNNB1/LAMB2/PIP5K1C/VEGFB"
"WP_NUCLEAR_RECEPTORS_METAPATHWAY","WP_NUCLEAR_RECEPTORS_METAPATHWAY",214,0.487974745920621,1.33042878803567,0.066543438077634,0.481234428996223,0.449713853064712,885,"tags=18%, list=5%, signal=17%","TGFA/EGR1/AHRR/SLC26A2/SERPINB2/TGFB1/SLC2A12/IL11/HES1/PPARA/SLC2A1/SLC2A11/MYOF/SLC6A6/NR3C1/SLC2A3/SRPX2/NQO1/SLC7A5/PTGS2/SLC7A11/SLC39A11/ALOX5AP/BLVRB/CDC42EP3/FOXO1/STAT3/CDKN1C/CDKN1B/SMARCA1/ANGPTL4/G6PD/CYP1A1/SLC39A6/SLC27A1/KAT2B/AGER/CBR3/ABHD2"
"WP_TYPE_II_INTERFERON_SIGNALING_IFNG","WP_TYPE_II_INTERFERON_SIGNALING_IFNG",27,0.714188726502533,1.48666891320828,0.0686070686070686,0.489070389070389,0.45703656229972,550,"tags=15%, list=3%, signal=14%","CIITA/HLA-B/IFIT2/IFI6"
"WP_FAMILIAL_PARTIAL_LIPODYSTROPHY_FPLD","WP_FAMILIAL_PARTIAL_LIPODYSTROPHY_FPLD",23,0.742844947309951,1.50724820893819,0.0714285714285714,0.493827803531434,0.461482368873379,772,"tags=17%, list=5%, signal=17%","PPARA/KLF9/PNPLA2/STAT5B"
"WP_SELECTIVE_EXPRESSION_OF_CHEMOKINE_RECEPTORS_DURING_TCELL_POLARIZATION","WP_SELECTIVE_EXPRESSION_OF_CHEMOKINE_RECEPTORS_DURING_TCELL_POLARIZATION",11,0.827589253035421,1.48002340424527,0.0721649484536082,0.493827803531434,0.461482368873379,584,"tags=18%, list=3%, signal=18%","TGFB1/TGFB3"
"WP_1Q211_COPY_NUMBER_VARIATION_SYNDROME","WP_1Q211_COPY_NUMBER_VARIATION_SYNDROME",23,-0.689425930404597,-1.44615041860779,0.0722433460076046,0.493827803531434,0.461482368873379,2140,"tags=43%, list=13%, signal=38%","CHD1L/AFDN/PYGO2/PRKAG2/GJA3/TJP2/PYGO1/TJP1/GJA1/PRKAA2"
"WP_MICRORNAS_IN_CARDIOMYOCYTE_HYPERTROPHY","WP_MICRORNAS_IN_CARDIOMYOCYTE_HYPERTROPHY",71,0.593386015695402,1.42154504917328,0.0744466800804829,0.502012072434608,0.469130572911151,650,"tags=15%, list=4%, signal=15%","WNT5A/TGFB1/RCAN1/IGF1R/GATA4/MAP2K6/LRP6/FZD1/STAT3/CTNNB1/MAP3K14"
"WP_HEART_DEVELOPMENT","WP_HEART_DEVELOPMENT",29,0.703648435440197,1.47508381569616,0.0758196721311475,0.503024193548387,0.470076400679117,1378,"tags=31%, list=8%, signal=29%","ERBB3/VEGFA/NFATC2/MEF2C/GATA4/CTNNB1/VEGFB/BHLHE40/GATA6"
"WP_AGERAGE_PATHWAY","WP_AGERAGE_PATHWAY",56,0.632672298940694,1.46410936361391,0.0766129032258065,0.503024193548387,0.470076400679117,1191,"tags=20%, list=7%, signal=18%","MMP2/SMAD3/INSR/FOXO1/STAT3/MMP14/STAT5B/AGER/SMAD2/FOXO4/IKBKB"
"WP_MIR5093P_ALTERATION_OF_YAP1ECM_AXIS","WP_MIR5093P_ALTERATION_OF_YAP1ECM_AXIS",16,0.756463619261495,1.47447039798323,0.0802469135802469,0.510224948875256,0.476805510709289,629,"tags=25%, list=4%, signal=24%","COL1A1/GPC6/COL5A1/SPARC"
"WP_LUNG_FIBROSIS","WP_LUNG_FIBROSIS",41,0.647409960439313,1.45282151702164,0.0875763747454175,0.510224948875256,0.476805510709289,66,"tags=7%, list=0%, signal=7%","MMP2/TGFA/TGFB1"
"WP_CANONICAL_AND_NONCANONICAL_NOTCH_SIGNALING","WP_CANONICAL_AND_NONCANONICAL_NOTCH_SIGNALING",21,0.719772245512143,1.45060969909965,0.0914893617021277,0.510224948875256,0.476805510709289,1389,"tags=29%, list=8%, signal=26%","MAML3/HES1/NOTCH2/RRAS/JAG1/MAML2"
"WP_WNT_SIGNALING_IN_KIDNEY_DISEASE","WP_WNT_SIGNALING_IN_KIDNEY_DISEASE",24,0.709735924604729,1.44685814648676,0.0886075949367089,0.510224948875256,0.476805510709289,1147,"tags=25%, list=7%, signal=23%","WNT5A/LRP6/FZD1/CTNNB1/DVL3/WNT7B"
"WP_OVERVIEW_OF_PROINFLAMMATORY_AND_PROFIBROTIC_MEDIATORS","WP_OVERVIEW_OF_PROINFLAMMATORY_AND_PROFIBROTIC_MEDIATORS",30,0.68158865547767,1.43133069680445,0.0897703549060543,0.510224948875256,0.476805510709289,705,"tags=20%, list=4%, signal=19%","TGFB1/IL11/VEGFA/CXCL5/CSF1/IL6"
"WP_THYROID_STIMULATING_HORMONE_TSH_SIGNALING_PATHWAY","WP_THYROID_STIMULATING_HORMONE_TSH_SIGNALING_PATHWAY",61,0.600432179338988,1.40905532906523,0.0876494023904383,0.510224948875256,0.476805510709289,618,"tags=18%, list=4%, signal=17%","EGR1/IGF1R/PDE4D/GNG2/MAP2K6/KCNIP3/FOS/PLCB1/GNAO1/STAT3/CDKN1B"
"WP_UREA_CYCLE_AND_METABOLISM_OF_AMINO_GROUPS","WP_UREA_CYCLE_AND_METABOLISM_OF_AMINO_GROUPS",15,-0.735168302713709,-1.40717844490818,0.0882917466410749,0.510224948875256,0.476805510709289,149,"tags=27%, list=1%, signal=26%","SRM/CPS1/ARG2/ODC1"
"WP_HIPPOMERLIN_SIGNALING_DYSREGULATION","WP_HIPPOMERLIN_SIGNALING_DYSREGULATION",83,0.563788776792454,1.38856146886318,0.0808678500986193,0.510224948875256,0.476805510709289,819,"tags=13%, list=5%, signal=13%","PAK6/PAK3/ITGB5/IGF1R/ITGB8/ITGA1/VGLL4/INSR/CTNNB1/NGFR/CDH19"
"WP_ATM_SIGNALING_PATHWAY","WP_ATM_SIGNALING_PATHWAY",40,-0.603971452956166,-1.38066338418196,0.0852713178294574,0.510224948875256,0.476805510709289,1363,"tags=15%, list=8%, signal=14%","JUN/CDK2/MDC1/CASP2/CDC25A/BID"
"WP_INTEGRINMEDIATED_CELL_ADHESION","WP_INTEGRINMEDIATED_CELL_ADHESION",81,0.559109482905702,1.37905670842542,0.0866141732283465,0.510224948875256,0.476805510709289,2197,"tags=25%, list=13%, signal=22%","PAK6/PAK3/ITGB5/ITGB8/SORBS1/ITGA1/MAP2K6/DOCK1/MYPN/MAP2K5/BRAF/MAPK12/ITGA2/MAP2K2/PTK2/RAC3/ITGA4/ITGB1/ITGAM/CAV2"
"WP_METABOLIC_REPROGRAMMING_IN_COLON_CANCER","WP_METABOLIC_REPROGRAMMING_IN_COLON_CANCER",40,-0.599798540351972,-1.37112421207407,0.0910852713178295,0.510224948875256,0.476805510709289,1331,"tags=32%, list=8%, signal=30%","FH/FASN/DLST/GOT2/PGK1/PGD/PSPH/ACLY/GPI/IDH3A/PDHA1/PSAT1/SHMT2"
"WP_DNA_REPLICATION","WP_DNA_REPLICATION",41,-0.600465768131996,-1.36739935774855,0.0841487279843444,0.510224948875256,0.476805510709289,4588,"tags=54%, list=27%, signal=39%","RFC1/POLA2/ORC2/PCNA/POLE/POLA1/PRIM2/GMNN/ORC5/RFC4/PRIM1/MCM5/CDC6/POLD3/ORC4/ORC6/DBF4/CDK2/ORC1/RFC5/CDC45/MCM10"
"WP_RETINOBLASTOMA_GENE_IN_CANCER","WP_RETINOBLASTOMA_GENE_IN_CANCER",87,-0.525506630175232,-1.33630731566466,0.0865191146881288,0.510224948875256,0.476805510709289,3514,"tags=33%, list=21%, signal=27%","E2F1/RFC4/TTK/PRIM1/HMGB2/RBP1/E2F3/HLTF/WEE1/BARD1/ANLN/POLD3/SMC2/RRM1/PRKDC/CCND3/NPAT/PLK4/H2AZ1/CCDC6/CDK2/CDK4/RABIF/ORC1/RFC5/CDC45/SMARCA2/MYC/CDC25A"
"WP_DNA_IRDAMAGE_AND_CELLULAR_RESPONSE_VIA_ATR","WP_DNA_IRDAMAGE_AND_CELLULAR_RESPONSE_VIA_ATR",80,-0.521326134455528,-1.30695399358303,0.0920245398773006,0.510224948875256,0.476805510709289,4379,"tags=40%, list=26%, signal=30%","RBBP8/CDK1/SMARCAL1/UIMC1/PCNA/RAD51/MSH2/UPF1/CHEK1/E2F1/MRE11/TOPBP1/RAD17/BARD1/SP1/ATR/RAD50/CLK2/FANCI/PRKDC/BRIP1/PALB2/EXO1/PARP1/UBE2D3/PLK1/PML/CDK2/MDC1/CDC45/USP1/ABRAXAS1"
"WP_GENES_CONTROLLING_NEPHROGENESIS","WP_GENES_CONTROLLING_NEPHROGENESIS",27,0.68930853669343,1.43487783422408,0.0977130977130977,0.52918035030104,0.494519344337856,2118,"tags=44%, list=12%, signal=39%","NCK2/EYA1/VEGFA/NOTCH2/SLIT2/CTNNB1/LAMB2/EMX2/FOXC2/PDGFRB/ITGB1/GDNF"
"WP_NOTCH_SIGNALING","WP_NOTCH_SIGNALING",36,0.659142802349026,1.43257809173714,0.0981210855949896,0.52918035030104,0.494519344337856,1344,"tags=33%, list=8%, signal=31%","MAML3/HES1/MFNG/NOTCH2/LFNG/DVL3/KAT2B/NUMBL/KAT2A/HDAC1/INPP5K/JAG1"
"WP_NOTCH1_REGULATION_OF_ENDOTHELIAL_CELL_CALCIFICATION","WP_NOTCH1_REGULATION_OF_ENDOTHELIAL_CELL_CALCIFICATION",13,0.75939621252768,1.40996588712137,0.12,0.52918035030104,0.494519344337856,502,"tags=31%, list=3%, signal=30%","PLAT/VEGFA/ITGA1/SAT1"
"WP_SARSCOV2_INNATE_IMMUNITY_EVASION_AND_CELLSPECIFIC_IMMUNE_RESPONSE","WP_SARSCOV2_INNATE_IMMUNITY_EVASION_AND_CELLSPECIFIC_IMMUNE_RESPONSE",46,0.626528275109431,1.40981376352228,0.10625,0.52918035030104,0.494519344337856,1825,"tags=24%, list=11%, signal=21%","TFAP2A/TGFB1/SMAD3/IFIT2/CXCL5/IL6/IRF3/TP53I3/RIPK1/IFNAR2/STAT2"
"WP_INFLAMMATORY_RESPONSE_PATHWAY","WP_INFLAMMATORY_RESPONSE_PATHWAY",12,0.768095236997719,1.4095641864287,0.120654396728016,0.52918035030104,0.494519344337856,1165,"tags=33%, list=7%, signal=31%","COL1A1/THBS1/LAMB2/TNFRSF1A"
"WP_CANCER_IMMUNOTHERAPY_BY_PD1_BLOCKADE","WP_CANCER_IMMUNOTHERAPY_BY_PD1_BLOCKADE",11,0.785332922031493,1.40445408210393,0.109278350515464,0.52918035030104,0.494519344337856,552,"tags=36%, list=3%, signal=35%","HLA-DRB1/NFATC2/HLA-A/STAT3"
"WP_ENVELOPE_PROTEINS_AND_THEIR_POTENTIAL_ROLES_IN_EDMD_PHYSIOPATHOLOGY","WP_ENVELOPE_PROTEINS_AND_THEIR_POTENTIAL_ROLES_IN_EDMD_PHYSIOPATHOLOGY",39,0.63099498034687,1.40268929549257,0.108163265306122,0.52918035030104,0.494519344337856,1021,"tags=13%, list=6%, signal=12%","TGFB1/SMAD3/MAP3K9/TGFB3/SMAD2"
"WP_ONECARBON_METABOLISM","WP_ONECARBON_METABOLISM",24,-0.65661068988173,-1.39558618079468,0.107954545454545,0.52918035030104,0.494519344337856,1041,"tags=12%, list=6%, signal=12%","MTRR/MTHFD2/SHMT2"
"WP_LIPID_METABOLISM_PATHWAY","WP_LIPID_METABOLISM_PATHWAY",25,-0.648811155578003,-1.38369515279905,0.108986615678776,0.52918035030104,0.494519344337856,1268,"tags=44%, list=7%, signal=41%","PRKAR1B/PRKAB2/ACACA/PRKAG2/PRKAR2A/PRKACB/FASN/ABHD5/ACLY/PDHA1/PRKAA2"
"WP_ARYL_HYDROCARBON_RECEPTOR_PATHWAY_WP2873","WP_ARYL_HYDROCARBON_RECEPTOR_PATHWAY_WP2873",31,0.657755389995713,1.3833976825654,0.113207547169811,0.52918035030104,0.494519344337856,635,"tags=29%, list=4%, signal=28%","AHRR/SERPINB2/TGFB1/HES1/MYOF/NQO1/SLC7A5/CDKN1B/CYP1A1"
"WP_INTERLEUKIN11_SIGNALING_PATHWAY","WP_INTERLEUKIN11_SIGNALING_PATHWAY",41,0.610958142337164,1.37102174730938,0.118126272912424,0.52918035030104,0.494519344337856,1191,"tags=15%, list=7%, signal=14%","TGFB1/IL11/STAT3/RUNX2/IL11RA/IKBKB"
"WP_TP53_NETWORK","WP_TP53_NETWORK",16,-0.71111445662119,-1.3706873732544,0.114341085271318,0.52918035030104,0.494519344337856,744,"tags=25%, list=4%, signal=24%","BOK/PMAIP1/MYC/BID"
"WP_METHIONINE_DE_NOVO_AND_SALVAGE_PATHWAY","WP_METHIONINE_DE_NOVO_AND_SALVAGE_PATHWAY",17,-0.702436408870467,-1.36863497892165,0.112426035502959,0.52918035030104,0.494519344337856,1967,"tags=24%, list=12%, signal=21%","TXN/MTAP/AMD1/ODC1"
"WP_OMEGA9_FATTY_ACID_SYNTHESIS","WP_OMEGA9_FATTY_ACID_SYNTHESIS",14,-0.718760292146839,-1.36849121617884,0.113207547169811,0.52918035030104,0.494519344337856,2015,"tags=57%, list=12%, signal=50%","ACSL4/ELOVL1/FADS2/FASN/ELOVL6/ELOVL5/FADS1/SCD"
"WP_TCELL_RECEPTOR_TCR_SIGNALING_PATHWAY","WP_TCELL_RECEPTOR_TCR_SIGNALING_PATHWAY",67,0.577935474250211,1.36749432107088,0.10934393638171,0.52918035030104,0.494519344337856,705,"tags=9%, list=4%, signal=9%","FYB1/TGFB1/NFATC2/FOS/MAP3K14/IL6"
"WP_HYPERTROPHY_MODEL","WP_HYPERTROPHY_MODEL",17,-0.697136181940352,-1.35830795731347,0.118343195266272,0.52918035030104,0.494519344337856,465,"tags=35%, list=3%, signal=34%","WDR1/IL1R1/HBEGF/IFRD1/CCN1/ANKRD1"
"WP_NANOMATERIAL_INDUCED_APOPTOSIS","WP_NANOMATERIAL_INDUCED_APOPTOSIS",18,-0.684698715562258,-1.35426597557899,0.113502935420744,0.52918035030104,0.494519344337856,2190,"tags=22%, list=13%, signal=19%","BCL2/CFLAR/CASP6/BID"
"WP_RAC1PAK1P38MMP2_PATHWAY","WP_RAC1PAK1P38MMP2_PATHWAY",58,0.571094564388548,1.33432544307648,0.122244488977956,0.52918035030104,0.494519344337856,772,"tags=10%, list=5%, signal=10%","MMP2/MAPK11/FOXO1/STAT3/CTNNB1/STAT5B"
"WP_ENDOPLASMIC_RETICULUM_STRESS_RESPONSE_IN_CORONAVIRUS_INFECTION","WP_ENDOPLASMIC_RETICULUM_STRESS_RESPONSE_IN_CORONAVIRUS_INFECTION",37,-0.587040383812209,-1.32873377895432,0.121856866537718,0.52918035030104,0.494519344337856,1034,"tags=27%, list=6%, signal=25%","PPP1R12B/EIF2S1/BCL2/PPP1R9A/PPP1R12A/PPP1CC/ATF6/PPP1R15B/XBP1/ATF4"
"WP_ADIPOGENESIS","WP_ADIPOGENESIS",102,0.521507061862203,1.3102681958034,0.12,0.52918035030104,0.494519344337856,772,"tags=17%, list=5%, signal=16%","TGFB1/SMAD3/PPARA/RORA/WWTR1/SPOCK1/NR3C1/MEF2C/GATA4/BMP1/FZD1/FOXO1/STAT3/CTNNB1/EGR2/IL6/STAT5B"
"WP_BRAINDERIVED_NEUROTROPHIC_FACTOR_BDNF_SIGNALING_PATHWAY","WP_BRAINDERIVED_NEUROTROPHIC_FACTOR_BDNF_SIGNALING_PATHWAY",127,0.503071775412426,1.28416806254426,0.122047244094488,0.52918035030104,0.494519344337856,1633,"tags=16%, list=10%, signal=14%","SHC4/EGR1/NCK2/MEF2C/MAPT/FOS/STAT3/CTNNB1/EGR2/SH2B1/STAT5B/NGFR/CDKL5/CRTC1/MAP2K5/IKBKB/NSF/TSC2/KSR1/DLG1"
"WP_METAPATHWAY_BIOTRANSFORMATION_PHASE_I_AND_II","WP_METAPATHWAY_BIOTRANSFORMATION_PHASE_I_AND_II",89,-0.500038797133133,-1.27478256873539,0.113590263691684,0.52918035030104,0.494519344337856,1904,"tags=20%, list=11%, signal=18%","CYP2U1/CYP27C1/HS2ST1/AKR1B1/CYP2C19/HS6ST1/CYP2J2/CHST9/KCNAB1/SULT1B1/GSTCD/CYP2C9/GLYATL1/HS3ST3B1/GPX3/CYP51A1/CHST6/MGST1"
"WP_MEASLES_VIRUS_INFECTION","WP_MEASLES_VIRUS_INFECTION",103,-0.486082009713278,-1.27284788891563,0.101593625498008,0.52918035030104,0.494519344337856,2563,"tags=26%, list=15%, signal=22%","MAP3K7/JAK1/TBK1/EIF2S1/IL1B/TLR2/TNFAIP3/BCL2/HSPA8/DDX58/BCL2L1/CCND3/IRAK4/MSN/JUN/HSPA2/CDK2/NECTIN4/OAS1/CDK4/ADAR/RAB9B/HSPA1L/STAT5A/CD46/BID/HSPA1A"
"WP_THERMOGENESIS","WP_THERMOGENESIS",88,-0.493302876537607,-1.25827221838509,0.122489959839357,0.52918035030104,0.494519344337856,1595,"tags=17%, list=9%, signal=16%","SMARCD1/CREB5/PRKAG2/RHEB/PPARGC1A/PRKACB/MGLL/MAPK14/ACTB/ADCY1/ACTG1/SMARCA2/KDM1A/PRKAA2/RPS6KA2"
"WP_CALCIUM_REGULATION_IN_CARDIAC_CELLS","WP_CALCIUM_REGULATION_IN_CARDIAC_CELLS",99,-0.475615759377416,-1.24365594270726,0.123015873015873,0.52918035030104,0.494519344337856,1827,"tags=29%, list=11%, signal=26%","GJC1/ADRB1/RGS10/GNG5/RGS20/RGS5/RGS17/RGS3/GNB1/CACNA1C/CALM1/ATP2B1/CACNA1E/PRKAR2A/ATP1B1/PRKACB/GJA3/PKIB/PRKCD/ATP1B3/SLC8A1/RYR2/ADCY1/YWHAG/ANXA6/ADRB2/YWHAH/GJA1/RGS2"
"WP_VEGFAVEGFR2_SIGNALING_PATHWAY","WP_VEGFAVEGFR2_SIGNALING_PATHWAY",393,-0.381050296728055,-1.16663345895907,0.114537444933921,0.52918035030104,0.494519344337856,2320,"tags=25%, list=14%, signal=22%","SOD2/PXN/EEA1/MAPKAP1/ACACB/NCL/CALU/IGFBP3/FSCN1/ACACA/BCL2/NEXN/NUMB/RCN1/STAM/FARSB/MAPK1/STIP1/BIN1/ZC3H15/RHOA/TXN/IQGAP1/SSR3/BCL2L1/PPM1G/EPS15/MAP2K1/PLAU/AFDN/RICTOR/DNAJA1/ANXA1/HDAC9/DUSP5/PTPN9/ACOT9/JUN/TRPC3/RAP1A/CCN2/FJX1/FAM120A/EIF4G2/RBM39/HSPB1/EZR/PTPN11/VCL/IER5/LRRC59/PRKCD/CGNL1/NAP1L1/MAPK14/ADAMTS1/CHAC1/ETS1/PTMA/SIAH2/SLC8A1/EPRS1/GRSF1/PALM2AKAP2/SRPK1/ATF6/PTPRZ1/PGK1/PGD/EIF3D/CCRL2/TUBA1C/MAPKAPK5/S1PR1/SPIRE1/UBAP2L/RAP1B/HBEGF/ACTG1/SET/SMARCA2/SARS1/ADRB2/PNP/CSRP1/PRDX6/TMSB10/GJA1/PRKAA2/CAPN2/CCN1/PRRC2C/ARPC5L/MAPKAPK2/ATF4/TPM3/ADAMTS9/HSPA1A"
"WP_VITAMIN_D_IN_INFLAMMATORY_DISEASES","WP_VITAMIN_D_IN_INFLAMMATORY_DISEASES",20,0.693573687099229,1.39170408776085,0.12448132780083,0.530907543355676,0.496133407249371,1191,"tags=25%, list=7%, signal=23%","SMAD3/NR3C1/MAP2K6/IL6/IKBKB"
"WP_PROTEOGLYCAN_BIOSYNTHESIS","WP_PROTEOGLYCAN_BIOSYNTHESIS",18,0.706272854286426,1.39774676852677,0.130346232179226,0.546577897961629,0.510777362719126,1175,"tags=28%, list=7%, signal=26%","SLC26A2/EXTL3/B3GAT3/SLC35B2/EXT1"
"WP_16P112_DISTAL_DELETION_SYNDROME","WP_16P112_DISTAL_DELETION_SYNDROME",25,0.661554228913947,1.36008300410156,0.129436325678497,0.546577897961629,0.510777362719126,760,"tags=20%, list=4%, signal=19%","NFATC2/CD82/INSR/SH2B1/TRAF1"
"WP_LNCRNA_IN_CANONICAL_WNT_SIGNALING_AND_COLORECTAL_CANCER","WP_LNCRNA_IN_CANONICAL_WNT_SIGNALING_AND_COLORECTAL_CANCER",69,0.554717362983364,1.32049746587047,0.132,0.5489,0.512947368421053,1244,"tags=17%, list=7%, signal=16%","WNT5A/TFAP2A/SFRP1/CTNNBIP1/LRP6/FZD1/CTNNB1/DVL3/ROR1/WNT7B/PORCN/SERPINF1"
"WP_FIBRIN_COMPLEMENT_RECEPTOR_3_SIGNALING_PATHWAY","WP_FIBRIN_COMPLEMENT_RECEPTOR_3_SIGNALING_PATHWAY",30,0.642708139987198,1.34968192685816,0.135699373695198,0.559619731189289,0.522964963436041,2108,"tags=23%, list=12%, signal=20%","PLAT/IL6/IRF3/IKBKB/TIRAP/TLR4/ITGAM"
"WP_SLEEP_REGULATION","WP_SLEEP_REGULATION",15,0.721196015451315,1.38074053045579,0.143451143451143,0.56554841462439,0.528505321545417,730,"tags=40%, list=4%, signal=38%","DRD2/ADA/FOS/GRIN2A/IL6/NLGN1"
"WP_NCRNAS_INVOLVED_IN_STAT3_SIGNALING_IN_HEPATOCELLULAR_CARCINOMA","WP_NCRNAS_INVOLVED_IN_STAT3_SIGNALING_IN_HEPATOCELLULAR_CARCINOMA",13,0.728920743379659,1.35338228664528,0.155789473684211,0.56554841462439,0.528505321545417,920,"tags=38%, list=5%, signal=36%","IL11/STAT3/IL6/IL11RA/SOX4"
"WP_KYNURENINE_PATHWAY_AND_LINKS_TO_CELL_SENESCENCE","WP_KYNURENINE_PATHWAY_AND_LINKS_TO_CELL_SENESCENCE",11,0.756661246419095,1.35317894677606,0.150515463917526,0.56554841462439,0.528505321545417,1993,"tags=55%, list=12%, signal=48%","KYNU/FOXO1/AHR/EIF2AK4/CDKN1A/TLR4"
"WP_CANONICAL_AND_NONCANONICAL_TGFB_SIGNALING","WP_CANONICAL_AND_NONCANONICAL_TGFB_SIGNALING",17,0.686738242624118,1.35013010756795,0.157575757575758,0.56554841462439,0.528505321545417,1309,"tags=41%, list=8%, signal=38%","TGFB1/SMAD3/LOXL2/TGFBR1/BMP1/SMAD2/TGFBR2"
"WP_AUTOSOMAL_RECESSIVE_OSTEOPETROSIS_PATHWAYS","WP_AUTOSOMAL_RECESSIVE_OSTEOPETROSIS_PATHWAYS",10,0.765118350401981,1.34962407183116,0.170124481327801,0.56554841462439,0.528505321545417,1614,"tags=30%, list=10%, signal=27%","TNFRSF11A/IKBKB/TCIRG1"
"WP_GPR40_PATHWAY","WP_GPR40_PATHWAY",13,0.726618844975057,1.34910836721749,0.157894736842105,0.56554841462439,0.528505321545417,2017,"tags=38%, list=12%, signal=34%","PLCB1/PLCE1/PLCD1/PLCG2/PLCB3"
"WP_LEUKOCYTEINTRINSIC_HIPPO_PATHWAY_FUNCTIONS","WP_LEUKOCYTEINTRINSIC_HIPPO_PATHWAY_FUNCTIONS",28,0.640476886862525,1.34260686690726,0.15527950310559,0.56554841462439,0.528505321545417,1426,"tags=14%, list=8%, signal=13%","FYB1/FOXO1/FOXO4/SAV1"
"WP_NANOPARTICLEMEDIATED_ACTIVATION_OF_RECEPTOR_SIGNALING","WP_NANOPARTICLEMEDIATED_ACTIVATION_OF_RECEPTOR_SIGNALING",27,0.643657619814423,1.33985001249434,0.153846153846154,0.56554841462439,0.528505321545417,2170,"tags=30%, list=13%, signal=26%","COL1A1/MAPK11/ITGA1/MAPK12/MAP2K2/PTK2/ITGB1/FN1"
"WP_TYPE_I_COLLAGEN_SYNTHESIS_IN_THE_CONTEXT_OF_OSTEOGENESIS_IMPERFECTA","WP_TYPE_I_COLLAGEN_SYNTHESIS_IN_THE_CONTEXT_OF_OSTEOGENESIS_IMPERFECTA",28,0.638683387982671,1.33884722473863,0.15527950310559,0.56554841462439,0.528505321545417,1479,"tags=39%, list=9%, signal=36%","COL1A1/TNFRSF11A/LRP6/BMP1/FZD1/PPIB/FKBP10/SERPINH1/P4HA2/SERPINF1/P4HB"
"WP_HEMATOPOIETIC_STEM_CELL_DIFFERENTIATION","WP_HEMATOPOIETIC_STEM_CELL_DIFFERENTIATION",31,0.634289422244484,1.33404382564541,0.142557651991614,0.56554841462439,0.528505321545417,796,"tags=19%, list=5%, signal=18%","CIITA/NFATC2/FOS/CSF1/IL6/MXI1"
"WP_VITAMIN_B12_DISORDERS","WP_VITAMIN_B12_DISORDERS",11,-0.727840333710352,-1.32433893726325,0.172147001934236,0.56554841462439,0.528505321545417,1421,"tags=27%, list=8%, signal=25%","TCN1/MTRR/MMAB"
"WP_ARYL_HYDROCARBON_RECEPTOR_PATHWAY_WP2586","WP_ARYL_HYDROCARBON_RECEPTOR_PATHWAY_WP2586",36,0.605108298286764,1.31513973628273,0.160751565762004,0.56554841462439,0.528505321545417,1350,"tags=22%, list=8%, signal=20%","AHRR/VEGFA/NQO1/PTGS2/CDKN1B/CYP1A1/AHR/CDKN1A"
"WP_NAD_METABOLISM","WP_NAD_METABOLISM",16,-0.682114370144861,-1.31478912510844,0.151162790697674,0.56554841462439,0.528505321545417,1559,"tags=38%, list=9%, signal=34%","PARP1/NRK/NMNAT2/NMNAT3/NAMPT/NT5E"
"WP_OXIDATION_BY_CYTOCHROME_P450","WP_OXIDATION_BY_CYTOCHROME_P450",25,-0.615242042356881,-1.31210356740707,0.147227533460803,0.56554841462439,0.528505321545417,3043,"tags=40%, list=18%, signal=33%","CYP27A1/CYP20A1/CYP2C18/CYP2U1/CYP27C1/CYP2C19/CYP2J2/CYB5B/CYP2C9/CYP51A1"
"WP_NCRNAS_INVOLVED_IN_WNT_SIGNALING_IN_HEPATOCELLULAR_CARCINOMA","WP_NCRNAS_INVOLVED_IN_WNT_SIGNALING_IN_HEPATOCELLULAR_CARCINOMA",61,0.555852581426938,1.30443881754729,0.147410358565737,0.56554841462439,0.528505321545417,1244,"tags=18%, list=7%, signal=17%","WNT5A/SFRP1/CTNNBIP1/LRP6/FZD1/CTNNB1/DVL3/ROR1/WNT7B/PORCN/SERPINF1"
"WP_INTRACELLULAR_TRAFFICKING_PROTEINS_INVOLVED_IN_CMT_NEUROPATHY","WP_INTRACELLULAR_TRAFFICKING_PROTEINS_INVOLVED_IN_CMT_NEUROPATHY",24,0.63938985039696,1.30345158214023,0.170886075949367,0.56554841462439,0.528505321545417,1391,"tags=29%, list=8%, signal=27%","PMP22/RAB4B/LITAF/EGR2/RABAC1/GDAP1/RAB11B"
"WP_SIGNAL_TRANSDUCTION_THROUGH_IL1R","WP_SIGNAL_TRANSDUCTION_THROUGH_IL1R",28,0.620453775202085,1.3006331942212,0.173913043478261,0.56554841462439,0.528505321545417,1191,"tags=25%, list=7%, signal=23%","TGFB1/IL1RAP/MAP2K6/TGFB3/MAP3K14/IL6/IKBKB"
"WP_KALLMANN_SYNDROME","WP_KALLMANN_SYNDROME",16,-0.673319013145061,-1.29783589814105,0.168604651162791,0.56554841462439,0.528505321545417,1996,"tags=19%, list=12%, signal=17%","MAPK1/PTPN11/ANOS1"
"WP_OLIGODENDROCYTE_SPECIFICATION_AND_DIFFERENTIATION_LEADING_TO_MYELIN_COMPONENTS_FOR_CNS","WP_OLIGODENDROCYTE_SPECIFICATION_AND_DIFFERENTIATION_LEADING_TO_MYELIN_COMPONENTS_FOR_CNS",20,-0.636851640743804,-1.29268849731911,0.167307692307692,0.56554841462439,0.528505321545417,818,"tags=15%, list=5%, signal=14%","MBP/GLI2/SOX9"
"WP_EXERCISEINDUCED_CIRCADIAN_REGULATION","WP_EXERCISEINDUCED_CIRCADIAN_REGULATION",44,0.571093452994359,1.27742969513594,0.168399168399168,0.56554841462439,0.528505321545417,969,"tags=14%, list=6%, signal=13%","HLA-DMA/KLF9/ETV6/PER1/TOB1/ARNTL"
"WP_NRF2_PATHWAY","WP_NRF2_PATHWAY",90,0.510194593389647,1.27386541732308,0.154901960784314,0.56554841462439,0.528505321545417,878,"tags=18%, list=5%, signal=17%","TGFA/EGR1/TGFB1/SLC2A12/SLC2A1/SLC2A11/SLC6A6/SLC2A3/NQO1/SLC7A11/SLC39A11/BLVRB/G6PD/SLC39A6/AGER/CBR3"
"WP_PHOTODYNAMIC_THERAPYINDUCED_AP1_SURVIVAL_SIGNALING","WP_PHOTODYNAMIC_THERAPYINDUCED_AP1_SURVIVAL_SIGNALING",45,0.564344998627385,1.26742740906518,0.172557172557173,0.56554841462439,0.528505321545417,705,"tags=13%, list=4%, signal=13%","MMP2/BMF/MAPK11/MAP2K6/FOS/IL6"
"WP_CHROMOSOMAL_AND_MICROSATELLITE_INSTABILITY_IN_COLORECTAL_CANCER","WP_CHROMOSOMAL_AND_MICROSATELLITE_INSTABILITY_IN_COLORECTAL_CANCER",67,0.535628749395207,1.26738936375296,0.168986083499006,0.56554841462439,0.528505321545417,1404,"tags=19%, list=8%, signal=18%","TGFB1/SMAD3/PTGS2/BBC3/TGFBR1/FOS/DDB2/CTNNB1/TGFB3/SMAD2/TGFBR2/CDKN1A/BRAF"
"WP_CARDIAC_HYPERTROPHIC_RESPONSE","WP_CARDIAC_HYPERTROPHIC_RESPONSE",48,0.551515780304793,1.26350240531772,0.173737373737374,0.56554841462439,0.528505321545417,1547,"tags=21%, list=9%, signal=19%","TGFB1/NFATC2/MAP2K6/TGFBR1/MAP3K14/MAP2K5/TNFRSF1A/IKBKB/HDAC4/PRKD1"
"WP_ANDROGEN_RECEPTOR_SIGNALING_PATHWAY","WP_ANDROGEN_RECEPTOR_SIGNALING_PATHWAY",85,0.510850197376914,1.26265444575137,0.166994106090373,0.56554841462439,0.528505321545417,1350,"tags=20%, list=8%, signal=18%","PAK6/SMAD3/BMF/CALR/RHOB/FHL2/FOXO1/STAT3/CTNNB1/RUNX2/DAXX/KAT2B/PTEN/ZMIZ1/NCOA1/HDAC1/CDKN1A"
"WP_DNA_DAMAGE_RESPONSE_ONLY_ATM_DEPENDENT","WP_DNA_DAMAGE_RESPONSE_ONLY_ATM_DEPENDENT",91,0.503385873704778,1.25846001223239,0.16370808678501,0.56554841462439,0.528505321545417,634,"tags=10%, list=4%, signal=10%","WNT5A/TGFB1/SMAD3/CAT/BBC3/INSR/CTNNB1/CDKN1B/DVL3"
"WP_EMBRYONIC_STEM_CELL_PLURIPOTENCY_PATHWAYS","WP_EMBRYONIC_STEM_CELL_PLURIPOTENCY_PATHWAYS",87,0.5083484725888,1.25663910585607,0.166336633663366,0.56554841462439,0.528505321545417,2104,"tags=23%, list=12%, signal=20%","WNT5A/FGF12/ACVR1/MAP2K6/LRP6/FOS/FZD1/STAT3/CTNNB1/DVL3/PTEN/WNT7B/MAP2K5/BRAF/MAPK12/LIFR/MAP2K2/FGF17/PDGFRB/WNT2B"
"WP_OVERLAP_BETWEEN_SIGNAL_TRANSDUCTION_PATHWAYS_CONTRIBUTING_TO_LMNA_LAMINOPATHIES","WP_OVERLAP_BETWEEN_SIGNAL_TRANSDUCTION_PATHWAYS_CONTRIBUTING_TO_LMNA_LAMINOPATHIES",49,0.5499642096657,1.25339731647386,0.174537987679671,0.56554841462439,0.528505321545417,1350,"tags=20%, list=8%, signal=19%","TGFB1/SMAD3/HES1/CTNNB1/RUNX2/KAT2B/SMAD2/WNT7B/HDAC1/CDKN1A"
"WP_MET_IN_TYPE_1_PAPILLARY_RENAL_CELL_CARCINOMA","WP_MET_IN_TYPE_1_PAPILLARY_RENAL_CELL_CARCINOMA",52,0.541537841309498,1.24990873232754,0.167338709677419,0.56554841462439,0.528505321545417,552,"tags=6%, list=3%, signal=6%","PAK6/PAK3/STAT3"
"WP_APOPTOSIS_MODULATION_AND_SIGNALING","WP_APOPTOSIS_MODULATION_AND_SIGNALING",75,-0.494768063928764,-1.23592857301079,0.152610441767068,0.56554841462439,0.528505321545417,929,"tags=13%, list=5%, signal=13%","BIRC3/BOK/CASP2/IL1R1/PEA15/PMAIP1/CASP4/MCL1/BID/HSPA1A"
"WP_CIRCADIAN_RHYTHM_GENES","WP_CIRCADIAN_RHYTHM_GENES",145,0.469107917561559,1.22741263429117,0.167300380228137,0.56554841462439,0.528505321545417,1405,"tags=19%, list=8%, signal=18%","EGR1/DRD2/PPARA/RORA/HTR7/KLF9/ADA/TNFRSF11A/PER1/NR1D1/BHLHE41/DBP/IL6/NLGN1/NGFR/CRTC1/ARNTL/DYRK1A/PTEN/AHR/BHLHE40/MAGED1/HDAC1/KDM5A/RBM4/CSNK1D/EGR3/KCNMA1"
"WP_IL18_SIGNALING_PATHWAY","WP_IL18_SIGNALING_PATHWAY",209,0.446276648783677,1.21002657405165,0.158878504672897,0.56554841462439,0.528505321545417,1191,"tags=15%, list=7%, signal=14%","MMP2/COL1A1/SNTB1/ACTA2/CA11/VEGFA/PTGS2/RFX5/CDK5R2/FOS/TIMP1/CTNNB1/RUNX2/PPT2/USP5/ZNF219/ECH1/MMP14/IL6/TRAF1/BPGM/CCN4/BTG2/ARL4D/ZDHHC7/EPS8/PTEN/PYGB/RGS16/TNFRSF1A/IKBKB"
"WP_PI3KAKT_SIGNALING_PATHWAY","WP_PI3KAKT_SIGNALING_PATHWAY",229,0.440186337913457,1.20184089262177,0.152133580705009,0.56554841462439,0.528505321545417,802,"tags=10%, list=5%, signal=10%","TGFA/COL1A1/ITGB5/IGF1R/FGF12/LAMA4/VEGFA/ITGB8/GNG2/DDIT4/CREB3L2/ITGA1/COL9A3/ATF6B/THBS1/COL6A1/INSR/COL4A1/LAMB2/CDKN1B/CSF1/VEGFB/IL6/NGFR"
"WP_UNFOLDED_PROTEIN_RESPONSE","WP_UNFOLDED_PROTEIN_RESPONSE",24,-0.605214282535185,-1.28634623551104,0.178030303030303,0.569468725718726,0.532168854537276,697,"tags=25%, list=4%, signal=24%","ATF6/CASP2/PMAIP1/XBP1/ATF4/BID"
"WP_EUKARYOTIC_TRANSCRIPTION_INITIATION","WP_EUKARYOTIC_TRANSCRIPTION_INITIATION",42,-0.535078658978058,-1.22367144650739,0.177734375,0.569468725718726,0.532168854537276,3728,"tags=36%, list=22%, signal=28%","GTF2B/ERCC2/GTF2H2/TAF6/POLR1A/POLR2B/POLR2F/CDK7/TAF5/POLR3K/GTF2E1/POLR3B/GTF2H3/POLR1E/CCNH"
"WP_TRANSCRIPTION_COFACTORS_SKI_AND_SKIL_PROTEIN_PARTNERS","WP_TRANSCRIPTION_COFACTORS_SKI_AND_SKIL_PROTEIN_PARTNERS",18,0.663754533993346,1.31360103868291,0.179226069246436,0.569642092700455,0.532330866082273,2973,"tags=50%, list=18%, signal=41%","HDAC1/MERTK/MECP2/LATS2/LATS1/NF1/HDAC3/SATB2/SIN3A"
"WP_NUCLEAR_RECEPTORS_IN_LIPID_METABOLISM_AND_TOXICITY","WP_NUCLEAR_RECEPTORS_IN_LIPID_METABOLISM_AND_TOXICITY",16,0.683880681617041,1.33299446942517,0.187242798353909,0.580336375022365,0.542324679115933,211,"tags=12%, list=1%, signal=12%","PPARA/RARB"
"WP_TGFBETA_SIGNALING_IN_THYROID_CELLS_FOR_EPITHELIALMESENCHYMAL_TRANSITION","WP_TGFBETA_SIGNALING_IN_THYROID_CELLS_FOR_EPITHELIALMESENCHYMAL_TRANSITION",16,0.682993322650614,1.33126486274606,0.187242798353909,0.580336375022365,0.542324679115933,1021,"tags=25%, list=6%, signal=24%","TGFB1/SMAD3/RUNX2/SMAD2"
"WP_HEPATITIS_B_INFECTION","WP_HEPATITIS_B_INFECTION",126,0.473156590463105,1.20525365266723,0.185770750988142,0.580336375022365,0.542324679115933,1483,"tags=21%, list=9%, signal=19%","TGFB1/SMAD3/MAPK11/NFATC2/IFIH1/CREB3L2/ATF6B/MAP2K6/TGFBR1/FOS/DDB2/STAT3/TGFB3/EGR2/IL6/STAT5B/SMAD2/YWHAZ/IRF3/IKBKB/HSPG2/TGFBR2/EGR3/CDKN1A/BRAF/MAPK12"
"WP_INSULIN_SIGNALING","WP_INSULIN_SIGNALING",144,0.45865751110406,1.200734172258,0.184060721062619,0.580336375022365,0.542324679115933,1191,"tags=15%, list=7%, signal=14%","EGR1/MAP3K9/SLC2A1/IGF1R/MAPK11/SNAP25/SORBS1/MAP2K6/INSR/FOS/FOXO1/FLOT2/MAP3K14/VAMP2/PRKCH/PFKL/RHOJ/PTEN/MAP3K10/MAP2K5/IKBKB"
"WP_QUERCETIN_AND_NFKB_AP1_INDUCED_APOPTOSIS","WP_QUERCETIN_AND_NFKB_AP1_INDUCED_APOPTOSIS",14,0.695023421643465,1.30756695799975,0.190677966101695,0.587335216572505,0.548865100604619,1567,"tags=43%, list=9%, signal=39%","VEGFA/PTGS2/FOS/MAFK/IKBKB/KEAP1"
"WP_PLATELETMEDIATED_INTERACTIONS_WITH_VASCULAR_AND_CIRCULATING_CELLS","WP_PLATELETMEDIATED_INTERACTIONS_WITH_VASCULAR_AND_CIRCULATING_CELLS",10,0.746748713694602,1.31722110583506,0.192946058091286,0.590280487804878,0.551617458279846,584,"tags=20%, list=3%, signal=19%","TGFB1/TGFB3"
"WP_GASTRIN_SIGNALING_PATHWAY","WP_GASTRIN_SIGNALING_PATHWAY",103,0.481253695651997,1.20989020186205,0.194,0.590280487804878,0.551617458279846,1350,"tags=16%, list=8%, signal=14%","EGR1/SERPINB2/VEGFA/RHOB/MEF2C/PTGS2/FOS/FOXO1/STAT3/CTNNB1/CDKN1B/PRKCH/ARRB1/IKBKB/JAG1/CDKN1A"
"WP_NEURAL_CREST_DIFFERENTIATION","WP_NEURAL_CREST_DIFFERENTIATION",68,0.518759891418239,1.2335837383408,0.198412698412698,0.600016667460355,0.560715923815921,922,"tags=16%, list=5%, signal=15%","TFAP2A/HES1/MIA/PMP22/SOX5/NOTCH2/RHOB/CTNNB1/DVL3/HOXA1/HDAC10"
"WP_HISTONE_MODIFICATIONS","WP_HISTONE_MODIFICATIONS",52,-0.512763976903118,-1.21640188756381,0.199604743083004,0.600016667460355,0.560715923815921,1036,"tags=13%, list=6%, signal=13%","SETD2/ASH1L/H3-3A/SUV39H2/KMT5A/SET/SETD7"
"WP_INCLUSION_BODY_MYOSITIS","WP_INCLUSION_BODY_MYOSITIS",11,0.730114022255225,1.30570308488423,0.202061855670103,0.603765664547194,0.564219363768394,2070,"tags=36%, list=12%, signal=32%","APP/MAPT/PSEN1/MSTN"
"WP_NEOVASCULARISATION_PROCESSES","WP_NEOVASCULARISATION_PROCESSES",30,0.588562668491398,1.2359768720248,0.208768267223382,0.616422280144779,0.576046978386535,1344,"tags=20%, list=8%, signal=18%","TGFB1/SMAD3/TGFBR1/TGFB3/SMAD2/JAG1"
"WP_SELENIUM_MICRONUTRIENT_NETWORK","WP_SELENIUM_MICRONUTRIENT_NETWORK",53,0.516226443113938,1.19887014113211,0.208747514910537,0.616422280144779,0.576046978386535,911,"tags=15%, list=5%, signal=14%","PLAT/KYNU/CAT/PTGS2/ALOX5AP/INSR/IL6/SELENON"
"WP_DNA_IRDOUBLE_STRAND_BREAKS_AND_CELLULAR_RESPONSE_VIA_ATM","WP_DNA_IRDOUBLE_STRAND_BREAKS_AND_CELLULAR_RESPONSE_VIA_ATM",55,-0.500605793629124,-1.19496140703069,0.213147410358566,0.625650339817202,0.584670605503682,4258,"tags=33%, list=25%, signal=25%","PCNA/RAD51/ATF2/TRAF6/UPF1/CHEK1/DCLRE1C/E2F1/MRE11/RIF1/RAD17/ATR/RAD50/PRKDC/EXO1/PARP1/MDC1/BID"
"WP_GABA_RECEPTOR_SIGNALING","WP_GABA_RECEPTOR_SIGNALING",20,-0.616934165858954,-1.25225978671829,0.217307692307692,0.634131803868646,0.592596538579918,676,"tags=20%, list=4%, signal=19%","GABRQ/ALDH9A1/GABRA6/GABRB2"
"WP_FGF23_SIGNALING_IN_HYPOPHOSPHATEMIC_RICKETS_AND_RELATED_DISORDERS","WP_FGF23_SIGNALING_IN_HYPOPHOSPHATEMIC_RICKETS_AND_RELATED_DISORDERS",13,0.673976308360085,1.25136732029866,0.227368421052632,0.641646779343337,0.599619287520511,1903,"tags=23%, list=11%, signal=21%","FAM20C/CDKN1A/ENPP1"
"WP_DOPAMINERGIC_NEUROGENESIS","WP_DOPAMINERGIC_NEUROGENESIS",13,0.672256528868293,1.248174217177,0.227368421052632,0.641646779343337,0.599619287520511,581,"tags=23%, list=3%, signal=22%","TGFB1/STAT3/CDKN1C"
"WP_EXTRACELLULAR_VESICLES_IN_THE_CROSSTALK_OF_CARDIAC_CELLS","WP_EXTRACELLULAR_VESICLES_IN_THE_CROSSTALK_OF_CARDIAC_CELLS",18,0.627272809798598,1.24140201277668,0.232179226069246,0.641646779343337,0.599619287520511,1030,"tags=28%, list=6%, signal=26%","SORBS2/GATA4/STAT3/IL6/PTEN"
"WP_STRIATED_MUSCLE_CONTRACTION_PATHWAY","WP_STRIATED_MUSCLE_CONTRACTION_PATHWAY",16,-0.642649351071136,-1.23871950955509,0.226744186046512,0.641646779343337,0.599619287520511,1018,"tags=50%, list=6%, signal=47%","NEB/MYL9/TTN/ACTN2/TPM4/VIM/ACTG1/TPM3"
"WP_NSP1_FROM_SARSCOV2_INHIBITS_TRANSLATION_INITIATION_IN_THE_HOST_CELL","WP_NSP1_FROM_SARSCOV2_INHIBITS_TRANSLATION_INITIATION_IN_THE_HOST_CELL",17,-0.63481772269852,-1.23688597224293,0.232741617357002,0.641646779343337,0.599619287520511,2482,"tags=35%, list=15%, signal=30%","EIF2S1/EIF2S2/EIF1AX/EIF3A/EIF3J/EIF3D"
"WP_SEROTONIN_RECEPTOR_467_AND_NR3C_SIGNALING","WP_SEROTONIN_RECEPTOR_467_AND_NR3C_SIGNALING",17,0.62705234488286,1.23278739598431,0.228282828282828,0.641646779343337,0.599619287520511,271,"tags=18%, list=2%, signal=17%","EGR1/HTR7/NR3C1"
"WP_MIRNA_TARGETS_IN_ECM_AND_MEMBRANE_RECEPTORS","WP_MIRNA_TARGETS_IN_ECM_AND_MEMBRANE_RECEPTORS",17,0.625662915636748,1.23005577257807,0.23030303030303,0.641646779343337,0.599619287520511,589,"tags=47%, list=3%, signal=45%","ITGB5/COL5A1/LAMA4/ITGA1/THBS1/COL6A1/COL4A1/LAMB2"
"WP_GASTRIC_CANCER_NETWORK_1","WP_GASTRIC_CANCER_NETWORK_1",27,-0.558634937394521,-1.20336535601574,0.232245681381958,0.641646779343337,0.599619287520511,1886,"tags=48%, list=11%, signal=43%","ESM1/RUVBL1/AURKA/KIF20B/KIF15/ECT2/LIN9/TPX2/E2F7/H3-3A/NUP107/NOTCH1/CENPF"
"WP_NONSMALL_CELL_LUNG_CANCER","WP_NONSMALL_CELL_LUNG_CANCER",65,0.501447410976789,1.18653559811623,0.225742574257426,0.641646779343337,0.599619287520511,772,"tags=8%, list=5%, signal=7%","TGFA/RARB/DDB2/STAT3/STAT5B"
"WP_TRANSLATION_INHIBITORS_IN_CHRONICALLY_ACTIVATED_PDGFRA_CELLS","WP_TRANSLATION_INHIBITORS_IN_CHRONICALLY_ACTIVATED_PDGFRA_CELLS",44,-0.506543248194446,-1.16804467289192,0.232245681381958,0.641646779343337,0.599619287520511,1996,"tags=16%, list=12%, signal=14%","MAPK1/EIF4B/MAP2K1/PRKCD/EIF4A2/MAPK14/RPS6KA2"
"WP_MAPK_AND_NFKB_SIGNALING_PATHWAYS_INHIBITED_BY_YERSINIA_YOPJ","WP_MAPK_AND_NFKB_SIGNALING_PATHWAYS_INHIBITED_BY_YERSINIA_YOPJ",12,0.674884675640339,1.23850952711349,0.239263803680982,0.644095000785687,0.601907151878619,1191,"tags=33%, list=7%, signal=31%","MAP2K6/RRAS/MAP3K14/IKBKB"
"WP_MIRNAS_INVOLVED_IN_DNA_DAMAGE_RESPONSE","WP_MIRNAS_INVOLVED_IN_DNA_DAMAGE_RESPONSE",15,-0.646414976391813,-1.23729657261709,0.238003838771593,0.644095000785687,0.601907151878619,265,"tags=20%, list=2%, signal=20%","CCND3/MYC/CDC25A"
"WP_PHOSPHODIESTERASES_IN_NEURONAL_FUNCTION","WP_PHOSPHODIESTERASES_IN_NEURONAL_FUNCTION",30,0.573385901519193,1.20410578339827,0.240083507306889,0.644095000785687,0.601907151878619,527,"tags=13%, list=3%, signal=13%","DRD2/PDE4D/PDE8B/GRIN2A"
"WP_PROLACTIN_SIGNALING_PATHWAY","WP_PROLACTIN_SIGNALING_PATHWAY",68,-0.480667960917305,-1.18262081417551,0.234939759036145,0.644095000785687,0.601907151878619,2563,"tags=24%, list=15%, signal=20%","JAK1/RAC1/PXN/GAB2/MAPK1/MAP2K1/ERBB2/FLNA/SIRPA/JUN/PTPN11/MAPK14/YWHAG/STAT5A/MYC/RPS6KA2"
"WP_PHYSICOCHEMICAL_FEATURES_AND_TOXICITYASSOCIATED_PATHWAYS","WP_PHYSICOCHEMICAL_FEATURES_AND_TOXICITYASSOCIATED_PATHWAYS",53,0.501108957061686,1.1637617059119,0.238568588469185,0.644095000785687,0.601907151878619,618,"tags=8%, list=4%, signal=7%","TGFA/FZD1/CTNNB1/CDKN1B"
"WP_HEREDITARY_LEIOMYOMATOSIS_AND_RENAL_CELL_CARCINOMA_PATHWAY","WP_HEREDITARY_LEIOMYOMATOSIS_AND_RENAL_CELL_CARCINOMA_PATHWAY",19,0.604147051466424,1.20694225317257,0.249488752556237,0.652902077772544,0.610137370431889,226,"tags=11%, list=1%, signal=10%","SLC2A1/VEGFA"
"WP_PHOTODYNAMIC_THERAPYINDUCED_UNFOLDED_PROTEIN_RESPONSE","WP_PHOTODYNAMIC_THERAPYINDUCED_UNFOLDED_PROTEIN_RESPONSE",25,-0.56175650900265,-1.19803698175906,0.252390057361377,0.652902077772544,0.610137370431889,1394,"tags=28%, list=8%, signal=26%","ASNS/NARS1/ATF6/TRIB3/XBP1/WARS1/ATF4"
"WP_DNA_DAMAGE_RESPONSE","WP_DNA_DAMAGE_RESPONSE",64,-0.477600034755571,-1.17112271467168,0.248496993987976,0.652902077772544,0.610137370431889,2997,"tags=25%, list=18%, signal=21%","RAD17/CREB1/CCNB3/ATR/RAD50/TLK2/GADD45B/PRKDC/CCND3/PML/CDK2/CDK4/PMAIP1/MYC/CDC25A/BID"
"WP_ENDOCHONDRAL_OSSIFICATION","WP_ENDOCHONDRAL_OSSIFICATION",48,0.506528503812055,1.16043820645499,0.252525252525253,0.652902077772544,0.610137370431889,994,"tags=25%, list=6%, signal=24%","PLAT/TGFB1/RUNX3/IGF1R/SOX5/VEGFA/MEF2C/RUNX2/CDKN1C/SERPINH1/STAT5B/GHR"
"WP_ENDOCHONDRAL_OSSIFICATION_WITH_SKELETAL_DYSPLASIAS","WP_ENDOCHONDRAL_OSSIFICATION_WITH_SKELETAL_DYSPLASIAS",48,0.506528503812055,1.16043820645499,0.252525252525253,0.652902077772544,0.610137370431889,994,"tags=25%, list=6%, signal=24%","PLAT/TGFB1/RUNX3/IGF1R/SOX5/VEGFA/MEF2C/RUNX2/CDKN1C/SERPINH1/STAT5B/GHR"
"WP_ARRHYTHMOGENIC_RIGHT_VENTRICULAR_CARDIOMYOPATHY","WP_ARRHYTHMOGENIC_RIGHT_VENTRICULAR_CARDIOMYOPATHY",50,0.503332629532943,1.15402131357024,0.247443762781186,0.652902077772544,0.610137370431889,1288,"tags=20%, list=8%, signal=19%","ITGB5/CACNG7/DAG1/ITGB8/CTNNA2/ITGA1/CTNNB1/CACNG8/CTNNA1/PKP2"
"WP_MYOMETRIAL_RELAXATION_AND_CONTRACTION_PATHWAYS","WP_MYOMETRIAL_RELAXATION_AND_CONTRACTION_PATHWAYS",114,-0.419338344871637,-1.11677814686467,0.248,0.652902077772544,0.610137370431889,1827,"tags=23%, list=11%, signal=20%","GNG5/RGS20/RGS5/RGS17/RGS3/GNB1/CALD1/CALM1/JUN/PRKAR2A/PRKACB/MAFF/PKIB/PRKCD/ACTB/SLC8A1/RYR2/ADCY1/YWHAG/ACTG1/GABPB1/YWHAH/IGFBP1/GJA1/RGS2/ATF4"
"WP_PLURIPOTENT_STEM_CELL_DIFFERENTIATION_PATHWAY","WP_PLURIPOTENT_STEM_CELL_DIFFERENTIATION_PATHWAY",26,0.577766506365069,1.19145891196168,0.255274261603376,0.656607507938579,0.613600097071597,1198,"tags=35%, list=7%, signal=32%","WNT5A/TGFB1/IL11/VEGFA/TGFB3/CSF1/IL6/WNT7B/FLT3LG"
"WP_DIFFERENTIATION_OF_WHITE_AND_BROWN_ADIPOCYTE","WP_DIFFERENTIATION_OF_WHITE_AND_BROWN_ADIPOCYTE",14,-0.647254096707383,-1.2323462434662,0.258490566037736,0.658095879861379,0.614990981496869,1562,"tags=64%, list=9%, signal=58%","SMAD1/BMP4/SMAD5/PPARGC1B/HOXC9/EBF3/CEBPB/PPARGC1A/CEBPG"
"WP_PURINE_METABOLISM_AND_RELATED_DISORDERS","WP_PURINE_METABOLISM_AND_RELATED_DISORDERS",21,-0.590324532039019,-1.21561044442167,0.257518796992481,0.658095879861379,0.614990981496869,715,"tags=29%, list=4%, signal=27%","PPAT/AOX1/ADSL/IMPDH1/PNP/ADSS2"
"WP_MIRNA_REGULATION_OF_DNA_DAMAGE_RESPONSE","WP_MIRNA_REGULATION_OF_DNA_DAMAGE_RESPONSE",67,-0.471557272010775,-1.1601613198497,0.260521042084168,0.65989847715736,0.616675509715664,1212,"tags=24%, list=7%, signal=22%","RAD17/CREB1/CCNB3/ATR/RAD50/TLK2/GADD45B/PRKDC/CCND3/PML/CDK2/CDK4/PMAIP1/MYC/CDC25A/BID"
"WP_TARGET_OF_RAPAMYCIN_TOR_SIGNALING","WP_TARGET_OF_RAPAMYCIN_TOR_SIGNALING",32,-0.524357732898413,-1.16288797847484,0.264367816091954,0.666260304191339,0.622620640769461,1572,"tags=38%, list=9%, signal=34%","PRR5L/TSC1/PRKAB2/RAC1/MAPKAP1/RICTOR/PRKAG2/RHEB/HMGCR/IDI1/PRKAA2/RRAGD"
"WP_GLYCOSAMINOGLYCAN_DEGRADATION","WP_GLYCOSAMINOGLYCAN_DEGRADATION",15,0.627736418655086,1.2018107381498,0.266112266112266,0.66728653663327,0.623579655581772,2057,"tags=47%, list=12%, signal=41%","HGSNAT/SGSH/ARSB/IDUA/IDS/GALNS/NAGLU"
"WP_ID_SIGNALING_PATHWAY","WP_ID_SIGNALING_PATHWAY",13,-0.648091972013647,-1.214162086372,0.269449715370019,0.671870971438393,0.627863812566624,2914,"tags=46%, list=17%, signal=38%","RBL1/ELK4/PAX8/ID1/CDK2/ELK3"
"WP_MFAP5_EFFECT_ON_PERMEABILITY_AND_MOTILITY_OF_ENDOTHELIAL_CELLS_VIA_CYTOSKELETON_REARRANGEMENT","WP_MFAP5_EFFECT_ON_PERMEABILITY_AND_MOTILITY_OF_ENDOTHELIAL_CELLS_VIA_CYTOSKELETON_REARRANGEMENT",15,-0.632332454149296,-1.21034135477586,0.27063339731286,0.671870971438393,0.627863812566624,3632,"tags=60%, list=21%, signal=47%","ITGAV/PLCG1/CREB1/PXN/MAPK1/MYLK/JUN/VCL/TJP1"
"WP_REGULATION_OF_SISTER_CHROMATID_SEPARATION_AT_THE_METAPHASEANAPHASE_TRANSITION","WP_REGULATION_OF_SISTER_CHROMATID_SEPARATION_AT_THE_METAPHASEANAPHASE_TRANSITION",15,-0.630562162611017,-1.20695285708809,0.27447216890595,0.67468774524172,0.630496089319865,4508,"tags=53%, list=27%, signal=39%","MAD1L1/BUB1/ESPL1/BUB1B/MAD2L1/BUB3/CENPE/CDC20"
"WP_MBDNF_AND_PROBDNF_REGULATION_OF_GABA_NEUROTRANSMISSION","WP_MBDNF_AND_PROBDNF_REGULATION_OF_GABA_NEUROTRANSMISSION",31,-0.522949876242824,-1.15814390159101,0.274285714285714,0.67468774524172,0.630496089319865,228,"tags=29%, list=1%, signal=29%","AP2A2/PLCG1/CREB1/GABRA2/CREM/RHOA/GABRQ/GABRA6/GABRB2"
"WP_NOCGMPPKG_MEDIATED_NEUROPROTECTION","WP_NOCGMPPKG_MEDIATED_NEUROPROTECTION",27,-0.538047313580987,-1.15901719301785,0.276391554702495,0.6760754205713,0.631792872720358,2875,"tags=41%, list=17%, signal=34%","TSPO/CREB1/NFKBIA/PPID/IL1B/BCL2/XIAP/CALM1/NEFL/ACTN2/GRIN2B"
"WP_CORTICOTROPINRELEASING_HORMONE_SIGNALING_PATHWAY","WP_CORTICOTROPINRELEASING_HORMONE_SIGNALING_PATHWAY",71,0.466982444051141,1.11872636670376,0.279678068410463,0.680777347008883,0.636186825703903,558,"tags=11%, list=3%, signal=11%","TFAP2A/TGFB1/GRK3/KRT14/ERN1/FOS/GNAO1/CTNNB1"
"WP_IL10_ANTIINFLAMMATORY_SIGNALING_PATHWAY","WP_IL10_ANTIINFLAMMATORY_SIGNALING_PATHWAY",10,0.686767641861729,1.2114179992211,0.282157676348548,0.683479031543327,0.638711551468608,1825,"tags=60%, list=11%, signal=54%","BLVRB/STAT3/IL10RB/IL6/IL1A/STAT2"
"WP_FATTY_ACID_TRANSPORTERS","WP_FATTY_ACID_TRANSPORTERS",10,-0.675108370046996,-1.21873420249548,0.284615384615385,0.684727785195075,0.639878512480578,217,"tags=50%, list=1%, signal=49%","SLC27A4/FABP5/ACSL4/DBI/FABP6"
"WP_SMC1SMC3_ROLE_IN_DNA_DAMAGE_CORNELIA_DE_LANGE_SYNDROME","WP_SMC1SMC3_ROLE_IN_DNA_DAMAGE_CORNELIA_DE_LANGE_SYNDROME",11,-0.659629019927983,-1.20022531698149,0.290135396518375,0.684727785195075,0.639878512480578,826,"tags=36%, list=5%, signal=35%","MRE11/RAD50/MDC1/RAD18"
"WP_BONE_MORPHOGENIC_PROTEIN_BMP_SIGNALING_AND_REGULATION","WP_BONE_MORPHOGENIC_PROTEIN_BMP_SIGNALING_AND_REGULATION",12,0.649933246960608,1.19272010078577,0.288343558282209,0.684727785195075,0.639878512480578,660,"tags=17%, list=4%, signal=16%","RUNX2/TOB1"
"WP_FBXL10_ENHANCEMENT_OF_MAPERK_SIGNALING_IN_DIFFUSE_LARGE_BCELL_LYMPHOMA","WP_FBXL10_ENHANCEMENT_OF_MAPERK_SIGNALING_IN_DIFFUSE_LARGE_BCELL_LYMPHOMA",23,-0.555833247877513,-1.16592435625747,0.288973384030418,0.684727785195075,0.639878512480578,3495,"tags=35%, list=21%, signal=28%","RNF2/SUZ12/H3-3B/EZH2/MAPK1/H2AZ1/KDM2B/H3-3A"
"WP_PARKINSONS_DISEASE_PATHWAY","WP_PARKINSONS_DISEASE_PATHWAY",34,-0.50683334657871,-1.13726718986689,0.28842504743833,0.684727785195075,0.639878512480578,1925,"tags=29%, list=11%, signal=26%","CASP6/ATXN2/UBE2L3/UBE2J1/SYT11/MAPK14/EPRS1/SNCAIP/CASP2/UCHL1"
"WP_PATHOGENIC_ESCHERICHIA_COLI_INFECTION","WP_PATHOGENIC_ESCHERICHIA_COLI_INFECTION",46,-0.484401424240465,-1.12755001862226,0.293103448275862,0.684727785195075,0.639878512480578,2334,"tags=35%, list=14%, signal=30%","ARPC2/NCL/TUBB6/RHOA/ARHGEF2/TUBA8/KRT18/CLDN1/EZR/ACTB/TUBA1C/ACTG1/ARPC5/TUBA1B/TUBB4B/ARPC5L"
"WP_THYMIC_STROMAL_LYMPHOPOIETIN_TSLP_SIGNALING_PATHWAY","WP_THYMIC_STROMAL_LYMPHOPOIETIN_TSLP_SIGNALING_PATHWAY",40,-0.492396084875134,-1.12560492979292,0.292635658914729,0.684727785195075,0.639878512480578,2824,"tags=32%, list=17%, signal=27%","NFKBIA/JAK1/LYN/GAB2/MAPK1/MAP2K1/YES1/PTPN11/MAPK14/IL7R/STAT5A/MYC/TSLP"
"WP_ELECTRON_TRANSPORT_CHAIN_OXPHOS_SYSTEM_IN_MITOCHONDRIA","WP_ELECTRON_TRANSPORT_CHAIN_OXPHOS_SYSTEM_IN_MITOCHONDRIA",100,-0.414867631967821,-1.08387439720123,0.293650793650794,0.684727785195075,0.639878512480578,1329,"tags=5%, list=8%, signal=5%","SDHC/ATP5F1B/MT-ND6/SLC25A4/UCP2"
"WP_ENDODERM_DIFFERENTIATION","WP_ENDODERM_DIFFERENTIATION",118,0.44113484566328,1.1167624203706,0.295049504950495,0.684789316140916,0.639936013185162,1175,"tags=14%, list=7%, signal=14%","DUSP4/TGFB1/SMAD3/SLC2A12/NR3C1/APP/GATA4/SFRP1/FOXO1/CTNNB1/PARP8/SESN1/HOXA1/CRTC1/SMAD2/TET1/EXT1"
"WP_PRADERWILLI_AND_ANGELMAN_SYNDROME","WP_PRADERWILLI_AND_ANGELMAN_SYNDROME",34,0.521114575696619,1.11784466302493,0.298947368421053,0.690328189117694,0.645112093195103,1606,"tags=15%, list=9%, signal=13%","CDKN2C/NHLH2/GABRG3/SNURF/BBS4"
"WP_SUDDEN_INFANT_DEATH_SYNDROME_SIDS_SUSCEPTIBILITY_PATHWAYS","WP_SUDDEN_INFANT_DEATH_SYNDROME_SIDS_SUSCEPTIBILITY_PATHWAYS",105,0.443800764338396,1.10993083476249,0.300202839756592,0.690328189117694,0.645112093195103,705,"tags=10%, list=4%, signal=10%","EGR1/HES1/RORA/RUNX3/SNAP25/VEGFA/NR3C1/MEF2C/CTNNB1/VAMP2/IL6"
"WP_ONCOSTATIN_M_SIGNALING_PATHWAY","WP_ONCOSTATIN_M_SIGNALING_PATHWAY",60,0.467292999164016,1.09725866476535,0.301587301587302,0.690330566477355,0.645114314839086,772,"tags=12%, list=5%, signal=11%","EGR1/VEGFA/FOS/STAT3/CDKN1B/PRKCH/STAT5B"
"WP_PURINE_METABOLISM","WP_PURINE_METABOLISM",12,-0.638016993247923,-1.17511746420183,0.304093567251462,0.69288899570082,0.647505168432577,566,"tags=33%, list=3%, signal=32%","ADSL/IMPDH1/PNP/ADSS2"
"WP_TRANSLATION_FACTORS","WP_TRANSLATION_FACTORS",50,-0.473376217062125,-1.11527519422149,0.306042884990253,0.694160907318802,0.648693770577427,2863,"tags=28%, list=17%, signal=23%","EIF2B1/ETF1/EIF2S1/EIF2S2/CLUH/EIF1AX/EIF2B3/EIF4EBP3/EIF4B/EIF5B/EIF3A/EIF3J/EIF4A2/EIF3D"
"WP_LEPTININSULIN_SIGNALING_OVERLAP","WP_LEPTININSULIN_SIGNALING_OVERLAP",14,0.617902189902845,1.16247663263226,0.309322033898305,0.698423958892553,0.652677594746126,552,"tags=14%, list=3%, signal=14%","INSR/STAT3"
"WP_NOTCH_SIGNALING_PATHWAY","WP_NOTCH_SIGNALING_PATHWAY",53,0.47470548046949,1.10244299562359,0.312127236580517,0.701583293034585,0.655629994334609,1389,"tags=19%, list=8%, signal=17%","MAML3/HES1/NOTCH2/MAPT/STAT3/NUMBL/HDAC1/JAG1/CDKN1A/MAML2"
"WP_TRANSSULFURATION_PATHWAY","WP_TRANSSULFURATION_PATHWAY",10,-0.651174487929797,-1.17552774553407,0.315384615384615,0.702575549450549,0.656557258530943,4904,"tags=60%, list=29%, signal=43%","DNMT1/MTR/CTH/MPST/CBS/GCLM"
"WP_MITOCHONDRIAL_GENE_EXPRESSION","WP_MITOCHONDRIAL_GENE_EXPRESSION",20,-0.563501928641026,-1.14380244121005,0.315384615384615,0.702575549450549,0.656557258530943,3464,"tags=40%, list=20%, signal=32%","TFB2M/PPRC1/CREB1/SP1/TFB1M/PPP3CA/PPARGC1A/GABPB1"
"WP_IL1_AND_MEGAKARYOCYTES_IN_OBESITY","WP_IL1_AND_MEGAKARYOCYTES_IN_OBESITY",16,-0.595557870637095,-1.14794973681627,0.325581395348837,0.711613240387256,0.665002985954128,465,"tags=31%, list=3%, signal=30%","IL1B/TLR2/IL1R1/HBEGF/NLRP3"
"WP_REGULATION_OF_WNT_BCATENIN_SIGNALING_BY_SMALL_MOLECULE_COMPOUNDS","WP_REGULATION_OF_WNT_BCATENIN_SIGNALING_BY_SMALL_MOLECULE_COMPOUNDS",16,0.583725692195987,1.13777613591716,0.320987654320988,0.711613240387256,0.665002985954128,2960,"tags=38%, list=17%, signal=31%","FZD1/CTNNB1/DKK3/DVL2/TNKS/TCF4"
"WP_GLIOBLASTOMA_SIGNALING_PATHWAYS","WP_GLIOBLASTOMA_SIGNALING_PATHWAYS",74,0.451230554060099,1.09091875983934,0.323412698412698,0.711613240387256,0.665002985954128,1460,"tags=19%, list=9%, signal=17%","ERBB3/IGF1R/CDKN2C/SPRY2/MAP2K6/FOXO1/CDKN1B/PRKCH/PTEN/FOXO4/MAP2K5/CDKN1A/BRAF/TSC2"
"WP_CHEMOKINE_SIGNALING_PATHWAY","WP_CHEMOKINE_SIGNALING_PATHWAY",103,0.432961082618647,1.0884807251988,0.324,0.711613240387256,0.665002985954128,2017,"tags=15%, list=12%, signal=13%","SHC4/GNG2/CXCL5/PLCB1/STAT3/STAT5B/ARRB1/IKBKB/BRAF/CCL28/STAT2/ADCY9/PTK2/TIAM1/PLCB3"
"WP_CYTOPLASMIC_RIBOSOMAL_PROTEINS","WP_CYTOPLASMIC_RIBOSOMAL_PROTEINS",86,-0.420288427522245,-1.06881364504381,0.32657200811359,0.711613240387256,0.665002985954128,24,"tags=2%, list=0%, signal=2%","RPLP0/RPS6KA2"
"WP_CARDIAC_PROGENITOR_DIFFERENTIATION","WP_CARDIAC_PROGENITOR_DIFFERENTIATION",25,0.543125760840319,1.1166070506742,0.334029227557411,0.71993512079719,0.672779788024797,476,"tags=16%, list=3%, signal=16%","TGFB1/MEF2C/GATA4/BMP1"
"WP_WHITE_FAT_CELL_DIFFERENTIATION","WP_WHITE_FAT_CELL_DIFFERENTIATION",27,0.535728919661701,1.11518356592945,0.332640332640333,0.71993512079719,0.672779788024797,1171,"tags=26%, list=7%, signal=24%","RORA/NR3C1/FOXO1/EGR2/STAT5B/CTNNA1/IRF3"
"WP_NUCLEAR_RECEPTORS","WP_NUCLEAR_RECEPTORS",27,0.533217418225189,1.1099555765023,0.334719334719335,0.71993512079719,0.672779788024797,271,"tags=15%, list=2%, signal=15%","PPARA/RORA/RARB/NR3C1"
"WP_SPHINGOLIPID_PATHWAY","WP_SPHINGOLIPID_PATHWAY",26,-0.517907678322252,-1.1147292648493,0.337121212121212,0.721214067769391,0.673974964712246,2762,"tags=38%, list=16%, signal=32%","KDSR/CERS5/PPP2CA/UGCG/GBA/SPTLC1/SGMS1/CERS2/SGMS2/ASAH2"
"WP_BLADDER_CANCER","WP_BLADDER_CANCER",36,0.501277070025197,1.08947339764476,0.338204592901879,0.721214067769391,0.673974964712246,434,"tags=8%, list=3%, signal=8%","MMP2/VEGFA/THBS1"
"WP_UREA_CYCLE_AND_ASSOCIATED_PATHWAYS","WP_UREA_CYCLE_AND_ASSOCIATED_PATHWAYS",16,-0.577802270441469,-1.11372546143262,0.344961240310078,0.72631079710856,0.678737861236351,1331,"tags=19%, list=8%, signal=17%","CPS1/FH/GOT2"
"WP_PHOTODYNAMIC_THERAPYINDUCED_HIF1_SURVIVAL_SIGNALING","WP_PHOTODYNAMIC_THERAPYINDUCED_HIF1_SURVIVAL_SIGNALING",33,0.508898585635258,1.08259010461522,0.343220338983051,0.72631079710856,0.678737861236351,813,"tags=24%, list=5%, signal=23%","TGFA/SLC2A1/VEGFA/SLC2A3/PTGS2/TGFB3/PFKL/BNIP3L"
"WP_EGFEGFR_SIGNALING_PATHWAY","WP_EGFEGFR_SIGNALING_PATHWAY",152,-0.382120377714771,-1.05231799640912,0.34453781512605,0.72631079710856,0.678737861236351,2914,"tags=26%, list=17%, signal=22%","ELK4/CREB1/MEF2D/PRKCI/SP1/RALBP1/JAK1/RAC1/CRKL/ATF1/RALB/EGF/GAB2/MEF2A/RALA/STAM/MAPK1/IQGAP1/EPS15/MAP2K1/ERBB2/PTPRR/ATXN2/EGFR/RICTOR/ABI1/JUN/NEDD4/RAP1A/PTPN11/LIMK2/USP6NL/MAP3K3/PRKCD/PEBP1/MAPK14/STAT5A/GJA1/RPS6KA2/ERRFI1"
"WP_CELL_DIFFERENTIATION_EXPANDED_INDEX","WP_CELL_DIFFERENTIATION_EXPANDED_INDEX",12,0.617659596158365,1.1334933537043,0.347648261758691,0.728892784107508,0.681150729584698,569,"tags=25%, list=3%, signal=24%","MEF2C/STAT3/RUNX2"
"WP_SMALL_LIGAND_GPCRS","WP_SMALL_LIGAND_GPCRS",10,0.646054538580492,1.13960246349589,0.354771784232365,0.72953216374269,0.681748230224685,220,"tags=20%, list=1%, signal=20%","S1PR2/TBXA2R"
"WP_FATTY_ACID_BIOSYNTHESIS","WP_FATTY_ACID_BIOSYNTHESIS",21,-0.538741911391057,-1.10939027397793,0.353383458646617,0.72953216374269,0.681748230224685,2267,"tags=33%, list=13%, signal=29%","ACACB/ACACA/ACSL4/HADH/FASN/ACLY/SCD"
"WP_WNTBETACATENIN_SIGNALING_PATHWAY_IN_LEUKEMIA","WP_WNTBETACATENIN_SIGNALING_PATHWAY_IN_LEUKEMIA",21,-0.535935109429217,-1.10361044001364,0.355263157894737,0.72953216374269,0.681748230224685,1627,"tags=29%, list=10%, signal=26%","PPARD/PML/PYGO1/JUP/TCF3/MYC"
"WP_APOPTOSISRELATED_NETWORK_DUE_TO_ALTERED_NOTCH3_IN_OVARIAN_CANCER","WP_APOPTOSISRELATED_NETWORK_DUE_TO_ALTERED_NOTCH3_IN_OVARIAN_CANCER",51,0.460391202772398,1.06150872322162,0.350912778904665,0.72953216374269,0.681748230224685,1350,"tags=20%, list=8%, signal=18%","ERBB3/APP/NQO1/ERN1/THBS1/CDKN1B/TRAF1/CTNNA1/HDAC1/CDKN1A"
"WP_FOCAL_ADHESION_PI3KAKTMTORSIGNALING_PATHWAY","WP_FOCAL_ADHESION_PI3KAKTMTORSIGNALING_PATHWAY",215,0.386922275244305,1.05553045524539,0.351851851851852,0.72953216374269,0.681748230224685,802,"tags=11%, list=5%, signal=10%","COL1A1/ITGB5/SLC2A1/IGF1R/FGF12/COL5A1/LAMA4/VEGFA/ITGB8/GNG2/SLC2A3/DDIT4/CREB3L2/ATF6B/THBS1/INSR/COL4A1/FOXO1/LAMB2/CDKN1B/CSF1/VEGFB/NGFR"
"WP_MAMMARY_GLAND_DEVELOPMENT_PATHWAY_PUBERTY_STAGE_2_OF_4","WP_MAMMARY_GLAND_DEVELOPMENT_PATHWAY_PUBERTY_STAGE_2_OF_4",11,-0.609768091156658,-1.1095010655741,0.361702127659574,0.732848996172174,0.684847812054157,2330,"tags=45%, list=14%, signal=39%","EGF/ERBB2/VIM/STAT5A/MYC"
"WP_MAMMARY_GLAND_DEVELOPMENT_PATHWAY_EMBRYONIC_DEVELOPMENT_STAGE_1_OF_4","WP_MAMMARY_GLAND_DEVELOPMENT_PATHWAY_EMBRYONIC_DEVELOPMENT_STAGE_1_OF_4",13,0.59682519191678,1.10812135653976,0.366315789473684,0.732848996172174,0.684847812054157,361,"tags=15%, list=2%, signal=15%","TGFB1/SFRP1"
"WP_RALA_DOWNSTREAM_REGULATED_GENES","WP_RALA_DOWNSTREAM_REGULATED_GENES",12,-0.599514682681782,-1.10420283647684,0.366471734892788,0.732848996172174,0.684847812054157,3676,"tags=50%, list=22%, signal=39%","CDC42/EXOC8/RALBP1/RAC1/RALA/RAC2"
"WP_TCA_CYCLE_AKA_KREBS_OR_CITRIC_ACID_CYCLE","WP_TCA_CYCLE_AKA_KREBS_OR_CITRIC_ACID_CYCLE",18,-0.556565153979463,-1.10083053187607,0.367906066536204,0.732848996172174,0.684847812054157,2080,"tags=44%, list=12%, signal=39%","DLD/SUCLG1/OGDH/FH/SDHC/CS/DLST/IDH3A"
"WP_OVERVIEW_OF_INTERFERONSMEDIATED_SIGNALING_PATHWAY","WP_OVERVIEW_OF_INTERFERONSMEDIATED_SIGNALING_PATHWAY",15,0.574845228423683,1.10054976541572,0.365904365904366,0.732848996172174,0.684847812054157,2989,"tags=33%, list=18%, signal=27%","IL10RB/IFNAR2/STAT2/PRKCA/IRF9"
"WP_RETT_SYNDROME_CAUSING_GENES","WP_RETT_SYNDROME_CAUSING_GENES",41,0.482726186107837,1.08326258918131,0.360488798370672,0.732848996172174,0.684847812054157,1989,"tags=29%, list=12%, signal=26%","MEF2C/RHOBTB2/GNAO1/GRIN2A/SHANK3/SMARCA1/CDKL5/HDAC1/GPS2/BRAF/MECP2/GABRA3"
"WP_OXIDATIVE_STRESS_RESPONSE","WP_OXIDATIVE_STRESS_RESPONSE",27,-0.500501848067017,-1.07813984459113,0.36468330134357,0.732848996172174,0.684847812054157,1103,"tags=19%, list=7%, signal=17%","GCLC/MAPK14/HMOX1/GPX3/MGST1"
"WP_PRIMARY_FOCAL_SEGMENTAL_GLOMERULOSCLEROSIS_FSGS","WP_PRIMARY_FOCAL_SEGMENTAL_GLOMERULOSCLEROSIS_FSGS",59,0.444810918136887,1.04789921757316,0.368627450980392,0.732848996172174,0.684847812054157,2074,"tags=31%, list=12%, signal=27%","TGFB1/KIRREL3/DAG1/LRP6/MYO1E/CTNNB1/CDKN1C/PLCE1/LAMB2/CDKN1B/JAG1/CDKN1A/COL4A5/AGRN/PTK2/LAMA5/TLR4/ITGB1"
"WP_SARS_CORONAVIRUS_AND_INNATE_IMMUNITY","WP_SARS_CORONAVIRUS_AND_INNATE_IMMUNITY",16,0.560088846496082,1.09170408645068,0.372427983539095,0.73503056489824,0.68688648929421,1825,"tags=25%, list=11%, signal=22%","IFIH1/IRF3/IFNAR2/STAT2"
"WP_PI3KAKTMTOR_SIGNALING_PATHWAY_AND_THERAPEUTIC_OPPORTUNITIES","WP_PI3KAKTMTOR_SIGNALING_PATHWAY_AND_THERAPEUTIC_OPPORTUNITIES",28,0.515607771376541,1.08084858123769,0.372670807453416,0.73503056489824,0.68688648929421,1508,"tags=21%, list=9%, signal=20%","FOXO1/CDKN1B/PTEN/FOXO4/TSC2/TFEB"
"WP_APOPTOSIS","WP_APOPTOSIS",69,-0.42932142164664,-1.06211791625473,0.374501992031873,0.735734228440568,0.687544063282717,2190,"tags=23%, list=13%, signal=20%","BCL2/XIAP/CASP10/CFLAR/CASP6/BCL2L1/SCAF11/JUN/BIRC3/BOK/CASP2/PMAIP1/MYC/CASP4/MCL1/BID"
"WP_PEPTIDE_GPCRS","WP_PEPTIDE_GPCRS",14,0.583685764470485,1.09810431664552,0.38135593220339,0.737695507552941,0.689376879750982,1431,"tags=29%, list=8%, signal=26%","FPR1/NPY1R/C3AR1/BDKRB2"
"WP_NUCLEOTIDE_METABOLISM","WP_NUCLEOTIDE_METABOLISM",19,-0.544311726975379,-1.08947359922167,0.380116959064327,0.737695507552941,0.689376879750982,2127,"tags=32%, list=13%, signal=28%","RRM1/OAZ1/MTHFD2/ADSL/IMPDH1/ADSS2"
"WP_COMPLEMENT_AND_COAGULATION_CASCADES","WP_COMPLEMENT_AND_COAGULATION_CASCADES",28,0.514313938734614,1.07813637003177,0.37888198757764,0.737695507552941,0.689376879750982,1374,"tags=21%, list=8%, signal=20%","PLAT/C1R/PROS1/C1S/C3AR1/F12"
"WP_TRANSCRIPTION_FACTOR_REGULATION_IN_ADIPOGENESIS","WP_TRANSCRIPTION_FACTOR_REGULATION_IN_ADIPOGENESIS",17,0.545712371264555,1.07287268537897,0.381818181818182,0.737695507552941,0.689376879750982,705,"tags=24%, list=4%, signal=23%","NR3C1/INSR/FOXO1/IL6"
"WP_GDNFRET_SIGNALING_AXIS","WP_GDNFRET_SIGNALING_AXIS",18,0.535334525030636,1.05945187883284,0.382892057026477,0.737695507552941,0.689376879750982,1057,"tags=28%, list=6%, signal=26%","EYA1/IFT27/SLIT2/CTNNB1/FAT4"
"WP_TYROBP_CAUSAL_NETWORK_IN_MICROGLIA","WP_TYROBP_CAUSAL_NETWORK_IN_MICROGLIA",33,0.494878372654798,1.05276462609026,0.385593220338983,0.740042372881356,0.69157002676182,1614,"tags=24%, list=10%, signal=22%","RUNX3/CREB3L2/TGFBR1/MAF/DPYD/TMEM106A/LHFPL2/TCIRG1"
"WP_INFLUENCE_OF_LAMINOPATHIES_ON_WNT_SIGNALING","WP_INFLUENCE_OF_LAMINOPATHIES_ON_WNT_SIGNALING",29,0.50990453077539,1.06893141946145,0.391393442622951,0.748296275359588,0.699283303415879,569,"tags=10%, list=3%, signal=10%","HES1/CTNNB1/RUNX2"
"WP_SREBF_AND_MIR33_IN_CHOLESTEROL_AND_LIPID_HOMEOSTASIS","WP_SREBF_AND_MIR33_IN_CHOLESTEROL_AND_LIPID_HOMEOSTASIS",16,-0.554651438067681,-1.0691017678491,0.395348837209302,0.752971232641353,0.703652053707667,1202,"tags=50%, list=7%, signal=46%","MED15/PPARGC1A/FASN/HMGCR/LDLR/SREBF2/HMGCS1/SCD"
"WP_WNT_SIGNALING","WP_WNT_SIGNALING",82,0.410612810402968,1.01339130108431,0.396856581532416,0.752971232641353,0.703652053707667,2400,"tags=27%, list=14%, signal=23%","WNT5A/NFATC2/SFRP1/CTNNBIP1/LRP6/PLCB1/FZD1/CTNNB1/DVL3/ROR1/WNT7B/PORCN/SERPINF1/PRICKLE2/PRICKLE1/DAAM1/PLCB3/WNT2B/PRKCA/CXXC4/DVL2/ROCK2"
"WP_GLUTATHIONE_METABOLISM","WP_GLUTATHIONE_METABOLISM",13,-0.570586335455636,-1.06895984741126,0.398481973434535,0.753191305847852,0.703857712246806,1103,"tags=23%, list=7%, signal=22%","GCLC/GCLM/GPX3"
"WP_INTERACTOME_OF_POLYCOMB_REPRESSIVE_COMPLEX_2_PRC2","WP_INTERACTOME_OF_POLYCOMB_REPRESSIVE_COMPLEX_2_PRC2",16,-0.549255550063501,-1.05870108553142,0.406976744186047,0.763463892288862,0.713457450235135,4029,"tags=38%, list=24%, signal=29%","TRIM35/SUZ12/BCLAF1/EZH2/THRAP3/MTF2"
"WP_GENES_RELATED_TO_PRIMARY_CILIUM_DEVELOPMENT_BASED_ON_CRISPR","WP_GENES_RELATED_TO_PRIMARY_CILIUM_DEVELOPMENT_BASED_ON_CRISPR",102,0.403537362544405,1.01387346524567,0.406,0.763463892288862,0.713457450235135,2831,"tags=25%, list=17%, signal=21%","IFT27/TMEM67/BBS2/ARL3/TTC23/IFT140/BBS9/RABL2A/BBS1/IFT122/IQCE/EVC/IFT81/BBS4/IFT20/MIB1/TXNDC15/C2CD3/TCTN3/CILK1/TTBK2/CIBAR1/PIBF1/CEP19/FUZ/TMEM107"
"WP_GASTRIC_CANCER_NETWORK_2","WP_GASTRIC_CANCER_NETWORK_2",28,-0.480613165223204,-1.04157947519339,0.418111753371869,0.772254098959018,0.721671903467661,2559,"tags=39%, list=15%, signal=33%","RAD17/MTDH/FANCI/ATAD2/BRIX1/CEBPZ/EGFR/CACYBP/UBE2T/AHCTF1/MYC"
"WP_PRION_DISEASE_PATHWAY","WP_PRION_DISEASE_PATHWAY",28,0.494463224485403,1.03652408735509,0.418219461697723,0.772254098959018,0.721671903467661,552,"tags=11%, list=3%, signal=10%","MEF2C/RFX5/STAT3"
"WP_EFFECT_OF_PROGERIN_ON_GENES_INVOLVED_IN_HUTCHINSONGILFORD_PROGERIA_SYNDROME","WP_EFFECT_OF_PROGERIN_ON_GENES_INVOLVED_IN_HUTCHINSONGILFORD_PROGERIA_SYNDROME",29,-0.477732153843439,-1.03626668990722,0.424124513618677,0.772254098959018,0.721671903467661,736,"tags=24%, list=4%, signal=23%","CBX5/E2F1/H3-3B/LEF1/H3-3A/HDAC2/KDM1A"
"WP_TCA_CYCLE_IN_SENESCENCE","WP_TCA_CYCLE_IN_SENESCENCE",10,-0.572204379021727,-1.03296756264912,0.444230769230769,0.772254098959018,0.721671903467661,1703,"tags=40%, list=10%, signal=36%","ME1/ME2/FH/PDHA1"
"WP_DEVELOPMENT_AND_HETEROGENEITY_OF_THE_ILC_FAMILY","WP_DEVELOPMENT_AND_HETEROGENEITY_OF_THE_ILC_FAMILY",16,0.529096539255514,1.03129504835837,0.42798353909465,0.772254098959018,0.721671903467661,1153,"tags=19%, list=7%, signal=17%","RORA/IL6/AHR"
"WP_DEVELOPMENT_OF_URETERIC_COLLECTION_SYSTEM","WP_DEVELOPMENT_OF_URETERIC_COLLECTION_SYSTEM",44,-0.445354429683914,-1.02694857940625,0.435700575815739,0.772254098959018,0.721671903467661,1042,"tags=16%, list=6%, signal=15%","FRAS1/GLI2/GFRA1/CRIM1/SIX1/FST/ANOS1"
"WP_PYRIMIDINE_METABOLISM","WP_PYRIMIDINE_METABOLISM",79,-0.410036351967401,-1.02473600461824,0.418032786885246,0.772254098959018,0.721671903467661,3617,"tags=28%, list=21%, signal=22%","PRIM2/NME6/NME7/POLR1A/PRIM1/POLR2B/CAD/UCK1/CMPK1/PNPT1/POLD3/POLR3K/RRM1/POLR3C/CTPS2/POLR3F/POLR1F/POLR3B/POLR1E/CTPS1/POLE3/UCK2"
"WP_HOSTPATHOGEN_INTERACTION_OF_HUMAN_CORONAVIRUSES_APOPTOSIS","WP_HOSTPATHOGEN_INTERACTION_OF_HUMAN_CORONAVIRUSES_APOPTOSIS",19,-0.510523566072916,-1.02184450463273,0.436647173489279,0.772254098959018,0.721671903467661,869,"tags=26%, list=5%, signal=25%","BCL2/BCL2L1/MAPK14/MCL1/BID"
"WP_GLYCEROPHOSPHOLIPID_BIOSYNTHETIC_PATHWAY","WP_GLYCEROPHOSPHOLIPID_BIOSYNTHETIC_PATHWAY",25,-0.477357472694517,-1.01804233087111,0.437858508604206,0.772254098959018,0.721671903467661,1362,"tags=20%, list=8%, signal=18%","CHPT1/GNPAT/LPIN2/PTPMT1/PIP5K1A"
"WP_ENDOTHELIN_PATHWAYS","WP_ENDOTHELIN_PATHWAYS",22,-0.492382951234007,-1.01547178945021,0.437619961612284,0.772254098959018,0.721671903467661,3187,"tags=41%, list=19%, signal=33%","EDNRB/CAD/CALCRL/ADRB1/MAPK1/MAP2K1/MYLK/CALM1/EDN1"
"WP_GLUCOCORTICOID_RECEPTOR_PATHWAY","WP_GLUCOCORTICOID_RECEPTOR_PATHWAY",56,0.438340519609342,1.01439317050229,0.429435483870968,0.772254098959018,0.721671903467661,885,"tags=16%, list=5%, signal=15%","SLC26A2/IL11/NR3C1/PTGS2/ALOX5AP/CDC42EP3/CDKN1C/ANGPTL4/ABHD2"
"WP_NETRINUNC5B_SIGNALING_PATHWAY","WP_NETRINUNC5B_SIGNALING_PATHWAY",41,-0.445284635545372,-1.01401604716656,0.420743639921722,0.772254098959018,0.721671903467661,2045,"tags=27%, list=12%, signal=24%","CIP2A/MAPK1/RHOA/MAP2K1/NEO1/JUN/CCN2/PTPN11/MAPK14/ROBO4/DAPK1"
"WP_PPAR_SIGNALING_PATHWAY","WP_PPAR_SIGNALING_PATHWAY",43,-0.441533161722981,-1.01372331342681,0.442718446601942,0.772254098959018,0.721671903467661,2050,"tags=30%, list=12%, signal=27%","ACADL/SLC27A6/ACSL4/MMP1/PPARD/AQP7/FADS2/EHHADH/PCK2/DBI/FABP6/PLTP/SCD"
"WP_IL3_SIGNALING_PATHWAY","WP_IL3_SIGNALING_PATHWAY",37,0.462309831675429,1.01292003384244,0.435051546391753,0.772254098959018,0.721671903467661,772,"tags=11%, list=5%, signal=10%","TGFB1/FOS/STAT3/STAT5B"
"WP_NONGENOMIC_ACTIONS_OF_125_DIHYDROXYVITAMIN_D3","WP_NONGENOMIC_ACTIONS_OF_125_DIHYDROXYVITAMIN_D3",56,0.435537043963819,1.00790545964448,0.4375,0.772254098959018,0.721671903467661,2017,"tags=25%, list=12%, signal=22%","MAPK11/PLCB1/PLCE1/PRKCH/IL6/PLCD1/TNFRSF1A/IKBKB/MAPK12/IFI27L2/STAT2/PLCG2/TLR4/PLCB3"
"WP_HAIR_FOLLICLE_DEVELOPMENT_CYTODIFFERENTIATION_PART_3_OF_3","WP_HAIR_FOLLICLE_DEVELOPMENT_CYTODIFFERENTIATION_PART_3_OF_3",53,0.432658795840881,1.0047949277897,0.441351888667992,0.772254098959018,0.721671903467661,588,"tags=19%, list=3%, signal=18%","WNT5A/TGFB1/RUNX3/NR3C1/NOTCH2/SFRP1/FOS/FZD1/CTNNB1/EGR2"
"WP_FGFR3_SIGNALING_IN_CHONDROCYTE_PROLIFERATION_AND_TERMINAL_DIFFERENTIATION","WP_FGFR3_SIGNALING_IN_CHONDROCYTE_PROLIFERATION_AND_TERMINAL_DIFFERENTIATION",23,-0.478771310934546,-1.00427805394419,0.446768060836502,0.772254098959018,0.721671903467661,1996,"tags=26%, list=12%, signal=23%","MAPK1/MAP2K1/FGF9/NPR2/MAPK14/SOX9"
"WP_TNFALPHA_SIGNALING_PATHWAY","WP_TNFALPHA_SIGNALING_PATHWAY",85,-0.394687393798832,-1.00209491565043,0.434077079107505,0.772254098959018,0.721671903467661,3026,"tags=29%, list=18%, signal=24%","MAP3K5/MAP2K3/NFKBIA/MAP3K8/TRAF2/MAP3K7/RAC1/PPP2CA/TBK1/BIRC2/TNFAIP3/MAPK1/TXN/CFLAR/BCL2L1/CUL1/TRAP1/JUN/PLK1/MAP3K3/BIRC3/RFK/PSMD2/GLUL/BID"
"WP_INTRAFLAGELLAR_TRANSPORT_PROTEINS_BINDING_TO_DYNEIN","WP_INTRAFLAGELLAR_TRANSPORT_PROTEINS_BINDING_TO_DYNEIN",25,0.487305320235378,1.00184634137773,0.438413361169102,0.772254098959018,0.721671903467661,2139,"tags=20%, list=13%, signal=18%","IFT27/IFT140/IFT122/IFT81/DYNC1I1"
"WP_HAIR_FOLLICLE_DEVELOPMENT_ORGANOGENESIS_PART_2_OF_3","WP_HAIR_FOLLICLE_DEVELOPMENT_ORGANOGENESIS_PART_2_OF_3",24,0.488671513909783,0.996199200780426,0.447257383966245,0.772254098959018,0.721671903467661,569,"tags=17%, list=3%, signal=16%","WNT5A/FZD1/CTNNB1/RUNX2"
"WP_WNT_SIGNALING_PATHWAY_AND_PLURIPOTENCY","WP_WNT_SIGNALING_PATHWAY_AND_PLURIPOTENCY",77,0.407112550554113,0.991979492231615,0.421259842519685,0.772254098959018,0.721671903467661,679,"tags=9%, list=4%, signal=9%","WNT5A/CTNND1/LRP6/FZD1/CTNNB1/DVL3/PRKCH"
"WP_22Q112_COPY_NUMBER_VARIATION_SYNDROME","WP_22Q112_COPY_NUMBER_VARIATION_SYNDROME",90,0.395397545982955,0.987237549060862,0.445098039215686,0.772254098959018,0.721671903467661,969,"tags=7%, list=6%, signal=6%","DRD2/HES1/ACTA2/EMC10/SEPTIN5/ARNTL"
"WP_NEUROINFLAMMATION_AND_GLUTAMATERGIC_SIGNALING","WP_NEUROINFLAMMATION_AND_GLUTAMATERGIC_SIGNALING",95,0.392573631014304,0.986172228569271,0.442043222003929,0.772254098959018,0.721671903467661,1165,"tags=20%, list=7%, signal=19%","TGFB1/SMAD3/SLC2A1/TRPM4/SLC2A3/GRIK2/TGFBR1/INSR/FOS/PLCB1/GRIN2A/STAT3/TGFB3/IL10RB/IL6/SMAD2/CAMKK1/ARC/TNFRSF1A"
"WP_PROSTAGLANDIN_SYNTHESIS_AND_REGULATION","WP_PROSTAGLANDIN_SYNTHESIS_AND_REGULATION",31,0.476795670182548,1.00280139884837,0.457023060796646,0.782949790794979,0.731667033693019,595,"tags=13%, list=4%, signal=12%","PTGES/TBXA2R/PTGS2/ANXA4"
"WP_INTERACTIONS_BETWEEN_IMMUNE_CELLS_AND_MICRORNAS_IN_TUMOR_MICROENVIRONMENT","WP_INTERACTIONS_BETWEEN_IMMUNE_CELLS_AND_MICRORNAS_IN_TUMOR_MICROENVIRONMENT",17,0.50926092532383,1.00120899814801,0.456565656565657,0.782949790794979,0.731667033693019,584,"tags=18%, list=3%, signal=17%","TGFB1/STAT3/TGFB3"
"WP_G13_SIGNALING_PATHWAY","WP_G13_SIGNALING_PATHWAY",35,0.46048744177624,0.990500301110021,0.4581589958159,0.782949790794979,0.731667033693019,1617,"tags=11%, list=10%, signal=10%","PAK3/RTKN/TNK2/SH3RF1"
"WP_ETHANOL_EFFECTS_ON_HISTONE_MODIFICATIONS","WP_ETHANOL_EFFECTS_ON_HISTONE_MODIFICATIONS",26,0.477320076624086,0.984320227785331,0.462025316455696,0.786862228366527,0.735323208873266,1399,"tags=19%, list=8%, signal=18%","ALDH1A3/KAT2B/HDAC10/HDAC1/HDAC4"
"WP_HIPPO_SIGNALING_REGULATION_PATHWAYS","WP_HIPPO_SIGNALING_REGULATION_PATHWAYS",70,0.410684803580376,0.982840378336801,0.465863453815261,0.790700215829304,0.738909810383676,1021,"tags=13%, list=6%, signal=12%","SMAD3/IGF1R/INSR/PLCB1/CTNNB1/PRKCH/NGFR/CDH19/SMAD2"
"WP_AUTOPHAGY","WP_AUTOPHAGY",29,-0.459692805458015,-0.997136864357376,0.476653696498055,0.799182321935397,0.746836343460354,2686,"tags=21%, list=16%, signal=17%","ATG3/PIK3C3/PRKAB2/ATG14/PRKAG2/PRKAA2"
"WP_OVERVIEW_OF_NANOPARTICLE_EFFECTS","WP_OVERVIEW_OF_NANOPARTICLE_EFFECTS",14,0.525264994709185,0.988195692242397,0.483050847457627,0.799182321935397,0.746836343460354,2522,"tags=43%, list=15%, signal=37%","PTGS2/COL4A1/IL6/PTK2/FN1/PIK3CD"
"WP_STING_PATHWAY_IN_KAWASAKILIKE_DISEASE_AND_COVID19","WP_STING_PATHWAY_IN_KAWASAKILIKE_DISEASE_AND_COVID19",20,-0.486537973938973,-0.987580155537148,0.475,0.799182321935397,0.746836343460354,441,"tags=30%, list=3%, signal=29%","F3/NFKBIA/TBK1/IL1B/CGAS/NLRP3"
"WP_TOLLLIKE_RECEPTOR_SIGNALING_PATHWAY","WP_TOLLLIKE_RECEPTOR_SIGNALING_PATHWAY",71,0.408279379784036,0.978094386554368,0.474849094567404,0.799182321935397,0.746836343460354,1993,"tags=18%, list=12%, signal=16%","MAPK11/MAP2K6/FOS/IL6/IRF3/IKBKB/MAPK12/TLR1/TIRAP/RIPK1/IFNAR2/MAP2K2/TLR4"
"WP_TCELL_ANTIGEN_RECEPTOR_TCR_PATHWAY_DURING_STAPHYLOCOCCUS_AUREUS_INFECTION","WP_TCELL_ANTIGEN_RECEPTOR_TCR_PATHWAY_DURING_STAPHYLOCOCCUS_AUREUS_INFECTION",42,0.432622367120383,0.970253346116214,0.483673469387755,0.799182321935397,0.746836343460354,2813,"tags=26%, list=17%, signal=22%","NFATC2/FOS/RRAS/MAP3K14/IKBKB/DLG1/MAP2K2/CTLA4/CHP1/GRAP2/PAK1"
"WP_ACUTE_VIRAL_MYOCARDITIS","WP_ACUTE_VIRAL_MYOCARDITIS",62,0.412653965087114,0.970089791044483,0.479125248508946,0.799182321935397,0.746836343460354,705,"tags=8%, list=4%, signal=8%","HLA-DMA/TGFB1/DAG1/STAT3/IL6"
"WP_EPO_RECEPTOR_SIGNALING","WP_EPO_RECEPTOR_SIGNALING",23,0.477960567099879,0.969792163644866,0.48109243697479,0.799182321935397,0.746836343460354,1870,"tags=22%, list=11%, signal=19%","PTPRU/STAT3/STAT5B/RASA1/MAP2K2"
"WP_GPCRS_CLASS_A_RHODOPSINLIKE","WP_GPCRS_CLASS_A_RHODOPSINLIKE",54,0.416211342399531,0.966098371419471,0.482965931863727,0.799182321935397,0.746836343460354,1442,"tags=22%, list=9%, signal=20%","DRD2/HTR7/TBXA2R/FPR1/GPR19/NPY1R/GPER1/C3AR1/ADRA1B/BDKRB2/GPR27/ADORA2B"
"WP_VITAMIN_DSENSITIVE_CALCIUM_SIGNALING_IN_DEPRESSION","WP_VITAMIN_DSENSITIVE_CALCIUM_SIGNALING_IN_DEPRESSION",27,-0.456477550923793,-0.983306330861777,0.491362763915547,0.799939123376623,0.747543574846206,1505,"tags=26%, list=9%, signal=24%","CACNA1C/ATP2B1/KCNQ3/GCLC/SLC8A1/GRIN2B/KDM1A"
"WP_SEROTONIN_RECEPTOR_2_AND_ELKSRFGATA4_SIGNALING","WP_SEROTONIN_RECEPTOR_2_AND_ELKSRFGATA4_SIGNALING",17,-0.503922848569952,-0.981848931122041,0.487179487179487,0.799939123376623,0.747543574846206,70,"tags=18%, list=0%, signal=18%","MAPK1/MAP2K1/MAPKAPK2"
"WP_COPPER_HOMEOSTASIS","WP_COPPER_HOMEOSTASIS",46,0.428467558863569,0.964137590762595,0.49375,0.799939123376623,0.747543574846206,1030,"tags=13%, list=6%, signal=12%","ATP7A/STEAP3/APP/MAPT/FOXO1/PTEN"
"WP_S1P_RECEPTOR_SIGNAL_TRANSDUCTION","WP_S1P_RECEPTOR_SIGNAL_TRANSDUCTION",23,0.474996865952456,0.963778750936795,0.489495798319328,0.799939123376623,0.747543574846206,2017,"tags=22%, list=12%, signal=19%","S1PR2/PLCB1/MAPK12/SPHK1/PLCB3"
"WP_REGULATION_OF_ACTIN_CYTOSKELETON","WP_REGULATION_OF_ACTIN_CYTOSKELETON",118,0.376560372043591,0.953287813540906,0.493069306930693,0.799939123376623,0.747543574846206,2069,"tags=19%, list=12%, signal=17%","PAK6/PAK3/FGF12/ITGA1/DOCK1/RRAS/RDX/PIP5K1C/SSH2/BAIAP2/PIP5KL1/CYFIP2/GSN/BRAF/BDKRB2/ARHGAP35/SSH3/ARHGEF6/MAP2K2/PTK2/RAC3/FGF17/PDGFRB"
"WP_SPINAL_CORD_INJURY","WP_SPINAL_CORD_INJURY",81,0.384032002400703,0.947223979118341,0.490157480314961,0.799939123376623,0.747543574846206,950,"tags=16%, list=6%, signal=15%","EGR1/TGFB1/EFNB2/RHOB/PTGS2/SLIT2/FOS/COL4A1/PLA2G6/CDKN1B/IL6/NGFR/BTG2"
"WP_CORI_CYCLE","WP_CORI_CYCLE",12,0.534612311315774,0.981089754702935,0.498977505112474,0.804838709677419,0.752122241086587,631,"tags=17%, list=4%, signal=16%","SLC2A1/G6PD"
"WP_PURINERGIC_SIGNALING","WP_PURINERGIC_SIGNALING",16,-0.50488615492076,-0.973178186770429,0.5,0.804838709677419,0.752122241086587,408,"tags=19%, list=2%, signal=18%","P2RX5/LPAR4/ADORA1"
"WP_TRYPTOPHAN_METABOLISM","WP_TRYPTOPHAN_METABOLISM",24,-0.452005970797266,-0.960711264988652,0.503787878787879,0.80832846146351,0.75538341615512,2253,"tags=42%, list=13%, signal=36%","ALDH1A1/ALDH2/OGDH/CYP2J2/HADH/AADAT/AOX1/ALDH9A1/DHCR24/WARS1"
"WP_GPCRS_OTHER","WP_GPCRS_OTHER",27,-0.448487202403939,-0.966094180407797,0.520153550863724,0.80975563192058,0.756717107775165,874,"tags=19%, list=5%, signal=18%","ADGRL2/GPR176/S1PR1/ADGRL3/ADRB2"
"WP_B_CELL_RECEPTOR_SIGNALING_PATHWAY","WP_B_CELL_RECEPTOR_SIGNALING_PATHWAY",73,-0.387390825782241,-0.965462002881359,0.508946322067594,0.80975563192058,0.756717107775165,3007,"tags=34%, list=18%, signal=28%","E2F3/BCL10/CREB1/NFKBIA/MEF2D/MAP3K7/RAC1/CRKL/LYN/GAB2/MAPK1/CD22/MAP2K1/SH3BP2/CD81/JUN/PTPN11/PRKCD/MAPK14/ETS1/KLF11/RAC2/ILF2/MYC/PIP5K1A"
"WP_ENERGY_METABOLISM","WP_ENERGY_METABOLISM",45,-0.414935734817388,-0.963624025496693,0.518234165067178,0.80975563192058,0.756717107775165,2936,"tags=31%, list=17%, signal=26%","PPP3R1/CREB1/MEF2D/PRKAB2/TFB1M/PPP3CA/MEF2A/PPP3CB/PPARD/PRKAG2/PPARGC1A/MAPK14/PRKAA2/UCP2"
"WP_AEROBIC_GLYCOLYSIS","WP_AEROBIC_GLYCOLYSIS",11,0.53536882116834,0.957429524762607,0.525773195876289,0.80975563192058,0.756717107775165,87,"tags=9%, list=1%, signal=9%","SLC2A1"
"WP_HEMATOPOIETIC_STEM_CELL_GENE_REGULATION_BY_GABP_ALPHABETA_COMPLEX","WP_HEMATOPOIETIC_STEM_CELL_GENE_REGULATION_BY_GABP_ALPHABETA_COMPLEX",19,-0.477544813458148,-0.955835490811355,0.52046783625731,0.80975563192058,0.756717107775165,262,"tags=21%, list=2%, signal=21%","BCL2/BCL2L1/GABPB1/MCL1"
"WP_HOSTPATHOGEN_INTERACTION_OF_HUMAN_CORONAVIRUSES_MAPK_SIGNALING","WP_HOSTPATHOGEN_INTERACTION_OF_HUMAN_CORONAVIRUSES_MAPK_SIGNALING",33,0.447388711806171,0.951738924000564,0.51271186440678,0.80975563192058,0.756717107775165,483,"tags=15%, list=3%, signal=15%","MAP3K9/MAPK11/MAP2K6/FOS/IFITM3"
"WP_PPARALPHA_PATHWAY","WP_PPARALPHA_PATHWAY",16,-0.493728130433007,-0.951670870847623,0.525193798449612,0.80975563192058,0.756717107775165,1144,"tags=31%, list=7%, signal=29%","EHHADH/CDK4/MYC/DBI/PLTP"
"WP_RENINANGIOTENSINALDOSTERONE_SYSTEM_RAAS","WP_RENINANGIOTENSINALDOSTERONE_SYSTEM_RAAS",24,-0.446051035304666,-0.948054410921148,0.518939393939394,0.80975563192058,0.756717107775165,1491,"tags=17%, list=9%, signal=15%","CALM1/CREB5/AGTR1/ATF4"
"WP_MONOAMINE_TRANSPORT","WP_MONOAMINE_TRANSPORT",16,0.480965094592525,0.937479049068104,0.510288065843621,0.80975563192058,0.756717107775165,57,"tags=6%, list=0%, signal=6%","FBXO32"
"WP_G1_TO_S_CELL_CYCLE_CONTROL","WP_G1_TO_S_CELL_CYCLE_CONTROL",60,-0.386260822381321,-0.937126013978568,0.524096385542169,0.80975563192058,0.756717107775165,1139,"tags=25%, list=7%, signal=23%","E2F3/WEE1/MCM5/CREB1/CDK7/ORC4/ORC6/CCND3/CDK2/CDK4/ORC1/CDC45/CCNH/MYC/CDC25A"
"WP_MITOCHONDRIAL_COMPLEX_III_ASSEMBLY","WP_MITOCHONDRIAL_COMPLEX_III_ASSEMBLY",16,0.478951887297227,0.933554981226193,0.518518518518518,0.80975563192058,0.756717107775165,1706,"tags=12%, list=10%, signal=11%","TTC19/UQCR11"
"WP_OSTEOBLAST_DIFFERENTIATION_AND_RELATED_DISEASES","WP_OSTEOBLAST_DIFFERENTIATION_AND_RELATED_DISEASES",80,0.378822225886681,0.932504668363965,0.514619883040936,0.80975563192058,0.756717107775165,679,"tags=10%, list=4%, signal=10%","WNT5A/MAPK11/NOTCH2/LRP6/FZD1/CTNNB1/RUNX2/PRKCH"
"WP_COMPLEMENT_SYSTEM","WP_COMPLEMENT_SYSTEM",43,0.41381991332642,0.926088202480108,0.525667351129363,0.80975563192058,0.756717107775165,2276,"tags=33%, list=13%, signal=28%","C1R/CALR/PROS1/FPR1/THBS1/C1S/C3AR1/F12/CD59/ITGA2/LAMA5/C5/RPS19/PRKCA"
"WP_ALZHEIMERS_DISEASE","WP_ALZHEIMERS_DISEASE",218,-0.341532098245119,-0.974190409718624,0.529157667386609,0.811480428044845,0.758328930753858,2486,"tags=17%, list=15%, signal=15%","PPID/EIF2S1/IL1B/PPP3CA/PSEN2/IDE/MCU/PSMD12/MME/PSMB7/TUBB6/MAPK1/ATG14/KLC2/MAP2K1/TUBA8/PPP3CB/APH1A/CACNA1C/CALM1/RTN3/VDAC1/IRS4/PPIF/ATF6/PSMD2/TUBA1C/SLC25A4/PLCB4/TUBA1B/TUBB4B/GRIN2B/XBP1/CAPN2/ATF4/BID/KIF5C"
"WP_IMMUNE_RESPONSE_TO_TUBERCULOSIS","WP_IMMUNE_RESPONSE_TO_TUBERCULOSIS",22,0.460074075421282,0.931285682550563,0.53014553014553,0.811480428044845,0.758328930753858,2989,"tags=27%, list=18%, signal=22%","IFIT1/IFI35/IFNAR2/STAT2/TAP1/IRF9"
"WP_FATTY_ACID_BETAOXIDATION","WP_FATTY_ACID_BETAOXIDATION",30,0.44347106180999,0.931285664472003,0.532359081419624,0.8123767022275,0.759166499497484,2146,"tags=23%, list=13%, signal=20%","PNPLA2/DECR1/ACSL1/CPT1B/CHKB/ACADVL/SLC25A20"
"WP_CYTOSOLIC_DNASENSING_PATHWAY","WP_CYTOSOLIC_DNASENSING_PATHWAY",49,-0.405333078772824,-0.952473152262966,0.535922330097087,0.812713687168202,0.759481412120058,2824,"tags=31%, list=17%, signal=26%","NFKBIA/POLR2F/TBK1/IL1B/TRIM25/CYLD/POLR3K/DDX58/CASP10/POLR3C/POLR3F/POLR3B/ADAR/CGAS/RNF125"
"WP_MIRNA_REGULATION_OF_P53_PATHWAY_IN_PROSTATE_CANCER","WP_MIRNA_REGULATION_OF_P53_PATHWAY_IN_PROSTATE_CANCER",22,-0.456391541274055,-0.941244480431341,0.535508637236084,0.812713687168202,0.759481412120058,289,"tags=9%, list=2%, signal=9%","PMAIP1/BID"
"WP_NAD_METABOLISM_IN_ONCOGENEINDUCED_SENESCENCE_AND_MITOCHONDRIAL_DYSFUNCTIONASSOCIATED_SENESCENCE","WP_NAD_METABOLISM_IN_ONCOGENEINDUCED_SENESCENCE_AND_MITOCHONDRIAL_DYSFUNCTIONASSOCIATED_SENESCENCE",22,0.456356965984111,0.923761479418402,0.538461538461538,0.812713687168202,0.759481412120058,705,"tags=14%, list=4%, signal=13%","SLC2A1/G6PD/IL6"
"WP_EICOSANOID_METABOLISM_VIA_LIPOOXYGENASES_LOX","WP_EICOSANOID_METABOLISM_VIA_LIPOOXYGENASES_LOX",16,0.470230324606224,0.916555239685953,0.539094650205761,0.812713687168202,0.759481412120058,85,"tags=6%, list=1%, signal=6%","PPARA"
"WP_PHOTODYNAMIC_THERAPYINDUCED_NFE2L2_NRF2_SURVIVAL_SIGNALING","WP_PHOTODYNAMIC_THERAPYINDUCED_NFE2L2_NRF2_SURVIVAL_SIGNALING",21,0.458728537769867,0.924509204532173,0.542553191489362,0.81546398359395,0.762051565725387,1567,"tags=29%, list=9%, signal=26%","MAPK11/NQO1/FOS/NQO2/MAPK12/KEAP1"
"WP_DISRUPTION_OF_POSTSYNAPTIC_SIGNALING_BY_CNV","WP_DISRUPTION_OF_POSTSYNAPTIC_SIGNALING_BY_CNV",25,-0.438520871955901,-0.93521697293573,0.550669216061185,0.822746157783836,0.76885676173028,1516,"tags=32%, list=9%, signal=29%","MAPK1/DLGAP1/FMR1/TJP1/RYR2/YWHAG/NRXN3/GRIN2B"
"WP_HEAD_AND_NECK_SQUAMOUS_CELL_CARCINOMA","WP_HEAD_AND_NECK_SQUAMOUS_CELL_CARCINOMA",67,0.38875358865887,0.919857576620692,0.550695825049702,0.822746157783836,0.76885676173028,1567,"tags=16%, list=9%, signal=15%","IGF1R/VEGFA/NOTCH2/DDIT4/CTNNB1/SESN1/PTEN/TGFBR2/CDKN1A/TSC2/KEAP1"
"WP_INTERACTIONS_OF_NATURAL_KILLER_CELLS_IN_PANCREATIC_CANCER","WP_INTERACTIONS_OF_NATURAL_KILLER_CELLS_IN_PANCREATIC_CANCER",15,-0.490025820612359,-0.937953621869745,0.556621880998081,0.823061928325086,0.76915184948426,1612,"tags=27%, list=10%, signal=24%","MICB/PVR/NCR3LG1/MYC"
"WP_NUCLEOTIDEBINDING_OLIGOMERIZATION_DOMAIN_NOD_PATHWAY","WP_NUCLEOTIDEBINDING_OLIGOMERIZATION_DOMAIN_NOD_PATHWAY",28,-0.431003268742754,-0.934065462512301,0.552986512524085,0.823061928325086,0.76915184948426,4019,"tags=50%, list=24%, signal=38%","COPS6/CHUK/CASP8/HSP90AA1/PRDM1/NFKBIA/RAC1/IL1B/ERBIN/XIAP/NLRP1/CARD6/NLRP10/NLRP3"
"WP_MAP3K1_ROLE_IN_PROMOTING_AND_BLOCKING_GONADAL_DETERMINATION","WP_MAP3K1_ROLE_IN_PROMOTING_AND_BLOCKING_GONADAL_DETERMINATION",12,-0.504791159872055,-0.929738414521897,0.557504873294347,0.823061928325086,0.76915184948426,35,"tags=33%, list=0%, signal=33%","MAPK1/RHOA/FGF9/SOX9"
"WP_MECP2_AND_ASSOCIATED_RETT_SYNDROME","WP_MECP2_AND_ASSOCIATED_RETT_SYNDROME",57,-0.38446388161483,-0.924533233043071,0.554455445544555,0.823061928325086,0.76915184948426,901,"tags=18%, list=5%, signal=17%","YBX1/GPRIN1/MBP/FOXG1/DHX9/REST/HNRNPH1/ARHGEF26/FKBP5/CSRP1"
"WP_FERROPTOSIS","WP_FERROPTOSIS",56,-0.384459090231583,-0.922865168504269,0.559288537549407,0.823259528723169,0.769336507170897,2579,"tags=27%, list=15%, signal=23%","SLC11A2/GCH1/CHMP5/SLC1A5/ACSL4/CBS/SLC39A8/HSPB1/GCLC/HMOX1/GCLM/HMGCR/PCBP2/FDFT1/SLC38A1"
"WP_ANTIVIRAL_AND_ANTIINFLAMMATORY_EFFECTS_OF_NRF2_ON_SARSCOV2_PATHWAY","WP_ANTIVIRAL_AND_ANTIINFLAMMATORY_EFFECTS_OF_NRF2_ON_SARSCOV2_PATHWAY",24,0.443781969360001,0.904687976714793,0.565400843881857,0.829808885579548,0.775456884952515,1567,"tags=25%, list=9%, signal=23%","NQO1/SLC7A11/IL6/IRF3/IKBKB/KEAP1"
"WP_TRANSCRIPTIONAL_CASCADE_REGULATING_ADIPOGENESIS","WP_TRANSCRIPTIONAL_CASCADE_REGULATING_ADIPOGENESIS",12,-0.496737709189742,-0.91490534480114,0.567251461988304,0.83008351768963,0.775713528818703,1725,"tags=25%, list=10%, signal=22%","KLF2/CEBPB/CEBPG"
"WP_MAMMALIAN_DISORDER_OF_SEXUAL_DEVELOPMENT","WP_MAMMALIAN_DISORDER_OF_SEXUAL_DEVELOPMENT",14,-0.488659738439018,-0.930388847381441,0.571698113207547,0.831752362364607,0.777273065135578,181,"tags=29%, list=1%, signal=28%","FGF9/SRD5A1/FST/SOX9"
"WP_HEPATITIS_C_AND_HEPATOCELLULAR_CARCINOMA","WP_HEPATITIS_C_AND_HEPATOCELLULAR_CARCINOMA",45,0.402297709708546,0.90349545956624,0.571725571725572,0.831752362364607,0.777273065135578,705,"tags=20%, list=4%, signal=19%","TGFB1/SMAD3/VEGFA/MYOF/PTGS2/TGFBR1/STAT3/CTTN/IL6"
"WP_IL2_SIGNALING_PATHWAY","WP_IL2_SIGNALING_PATHWAY",34,-0.408802547043222,-0.917299003754628,0.57685009487666,0.834603791520519,0.779937727335914,2563,"tags=32%, list=15%, signal=28%","JAK1/CRKL/BCL2/GAB2/MAPK1/MAP2K1/JUN/PTPN11/NMI/STAT5A/MYC"
"WP_MELANOMA","WP_MELANOMA",60,0.388408096555026,0.912027678934756,0.577380952380952,0.834603791520519,0.779937727335914,3468,"tags=33%, list=20%, signal=27%","FOS/DDB2/GRIN2A/CALM3/PTEN/STK19/CDKN1A/BRAF/MAP2K2/PREX2/BAD/NF1/PIK3CD/PAK1/CDK6/CCND1/PIK3R3/CALML4/AKT2/MAPK3"
"WP_IL1_SIGNALING_PATHWAY","WP_IL1_SIGNALING_PATHWAY",53,-0.383927312597267,-0.911237851829034,0.579158316633267,0.834603791520519,0.779937727335914,2951,"tags=30%, list=17%, signal=25%","MAP2K3/NFKBIA/MAP3K7/IL1B/PELI1/MAPK1/MAP2K1/IRAK4/PELI2/JUN/PTPN11/MAP3K3/MAPK14/UBE2N/IL1R1/MAPKAPK2"
"WP_IL17_SIGNALING_PATHWAY","WP_IL17_SIGNALING_PATHWAY",25,0.43547993684254,0.895299031946485,0.580375782881002,0.834603791520519,0.779937727335914,2310,"tags=24%, list=14%, signal=21%","STAT3/MAP3K14/IKBKB/TRAF3IP2/IL17RC/NFKBIB"
"WP_FOLATE_METABOLISM","WP_FOLATE_METABOLISM",39,-0.401931432316164,-0.912401006749427,0.583984375,0.83702841451767,0.782203538933293,1261,"tags=33%, list=7%, signal=31%","IL1B/ABCA1/SOD2/CBS/SCARB1/FLAD1/MTRR/MTHFD2/RFK/LDLR/SLC46A1/GPX3/SHMT2"
"WP_HEPATOCYTE_GROWTH_FACTOR_RECEPTOR_SIGNALING","WP_HEPATOCYTE_GROWTH_FACTOR_RECEPTOR_SIGNALING",32,0.419538069992906,0.893399910281134,0.585416666666667,0.83702841451767,0.782203538933293,2074,"tags=28%, list=12%, signal=25%","ITGA1/DOCK1/FOS/STAT3/PTEN/RASA1/MAP2K2/PTK2/ITGB1"
"WP_BDNFTRKB_SIGNALING","WP_BDNFTRKB_SIGNALING",30,-0.422736553041954,-0.921654848654618,0.588910133843212,0.83802669065827,0.783136428565791,3152,"tags=30%, list=19%, signal=24%","PLCG1/TSC1/CREB1/GAB2/MAPK1/MAP2K1/TRPC3/RHEB/ADCY1"
"WP_15Q133_COPY_NUMBER_VARIATION_SYNDROME","WP_15Q133_COPY_NUMBER_VARIATION_SYNDROME",13,0.479005725928565,0.889366739198044,0.589473684210526,0.83802669065827,0.783136428565791,771,"tags=15%, list=5%, signal=15%","KAT2B/SERPINH1"
"WP_GLYCOLYSIS_AND_GLUCONEOGENESIS","WP_GLYCOLYSIS_AND_GLUCONEOGENESIS",30,0.424646051361355,0.891753293875384,0.594989561586639,0.843465315999241,0.788218827101917,699,"tags=10%, list=4%, signal=10%","SLC2A1/SLC2A3/PFKL"
"WP_ALZHEIMERS_DISEASE_AND_MIRNA_EFFECTS","WP_ALZHEIMERS_DISEASE_AND_MIRNA_EFFECTS",221,-0.327240924061824,-0.94021924935902,0.608879492600423,0.846325534283039,0.790891702747361,2199,"tags=17%, list=13%, signal=15%","PPID/EIF2S1/IL1B/PPP3CA/PSEN2/IDE/MCU/PSMD12/MME/PSMB7/TUBB6/MAPK1/ATG14/KLC2/MAP2K1/TUBA8/PPP3CB/APH1A/CACNA1C/CALM1/RTN3/VDAC1/IRS4/PPIF/ATF6/PSMD2/TUBA1C/SLC25A4/PLCB4/TUBA1B/TUBB4B/GRIN2B/XBP1/CAPN2/ATF4/BID/KIF5C"
"WP_INHIBITION_OF_EXOSOME_BIOGENESIS_AND_SECRETION_BY_MANUMYCIN_A_IN_CRPC_CELLS","WP_INHIBITION_OF_EXOSOME_BIOGENESIS_AND_SECRETION_BY_MANUMYCIN_A_IN_CRPC_CELLS",18,-0.452671731094589,-0.895339672171622,0.598825831702544,0.846325534283039,0.790891702747361,1996,"tags=22%, list=12%, signal=20%","MAPK1/MRAS/RRAS2/HNRNPH1"
"WP_IL7_SIGNALING_PATHWAY","WP_IL7_SIGNALING_PATHWAY",22,-0.431764556507851,-0.890454727807646,0.602687140115163,0.846325534283039,0.790891702747361,1996,"tags=32%, list=12%, signal=28%","JAK1/MAPK1/BCL2L1/MAP2K1/IL7R/STAT5A/MYC"
"WP_RESISTIN_AS_A_REGULATOR_OF_INFLAMMATION","WP_RESISTIN_AS_A_REGULATOR_OF_INFLAMMATION",29,0.421040225464153,0.88264194313272,0.60655737704918,0.846325534283039,0.790891702747361,2017,"tags=28%, list=12%, signal=24%","PLCB1/PLCE1/IL6/PLCD4/PLCD1/IKBKB/PLCG2/PLCB3"
"WP_SMALL_CELL_LUNG_CANCER","WP_SMALL_CELL_LUNG_CANCER",86,0.355854841620615,0.880852517809799,0.607072691552063,0.846325534283039,0.790891702747361,2522,"tags=27%, list=15%, signal=23%","LAMA4/RARB/PTGS2/COL4A1/DDB2/CDKN1C/LAMB2/CDKN1B/TRAF4/TRAF1/PTEN/IKBKB/CDKN1A/COL4A5/ITGA2/COL4A2/PTK2/LAMA5/ITGB1/FN1/NFKBIB/ITGA3/PIK3CD"
"WP_TLR4_SIGNALING_AND_TOLERANCE","WP_TLR4_SIGNALING_AND_TOLERANCE",25,0.424878661281403,0.873503971039429,0.603340292275574,0.846325534283039,0.790891702747361,1993,"tags=24%, list=12%, signal=21%","IL6/IRF3/IKBKB/TIRAP/RIPK1/TLR4"
"WP_MAMMARY_GLAND_DEVELOPMENT_PATHWAY_PREGNANCY_AND_LACTATION_STAGE_3_OF_4","WP_MAMMARY_GLAND_DEVELOPMENT_PATHWAY_PREGNANCY_AND_LACTATION_STAGE_3_OF_4",19,0.435951674584541,0.870927856256636,0.607361963190184,0.846325534283039,0.790891702747361,271,"tags=16%, list=2%, signal=16%","ERBB3/TNFRSF11A/NR3C1"
"WP_AMYOTROPHIC_LATERAL_SCLEROSIS_ALS","WP_AMYOTROPHIC_LATERAL_SCLEROSIS_ALS",29,-0.412743196502461,-0.895296710887708,0.61284046692607,0.849464980544747,0.793825517100143,2553,"tags=28%, list=15%, signal=23%","RAC1/PPP3CA/BCL2/BCL2L1/PPP3CB/NEFL/MAPK14/BID"
"WP_SPHINGOLIPID_METABOLISM_OVERVIEW","WP_SPHINGOLIPID_METABOLISM_OVERVIEW",20,-0.434251624278422,-0.881448745254436,0.617307692307692,0.853286810142766,0.797397019076564,2762,"tags=35%, list=16%, signal=29%","KDSR/DEGS1/UGCG/SPTLC1/SGMS1/CERS2/SGMS2"
"WP_PREIMPLANTATION_EMBRYO","WP_PREIMPLANTATION_EMBRYO",32,0.412492662718916,0.878396823132017,0.620833333333333,0.85343204775023,0.797532743704993,27,"tags=3%, list=0%, signal=3%","EGR1"
"WP_OSTEOCLAST_SIGNALING","WP_OSTEOCLAST_SIGNALING",12,0.477132163133313,0.875605493890037,0.619631901840491,0.85343204775023,0.797532743704993,242,"tags=8%, list=1%, signal=8%","TNFRSF11A"
"WP_PKCGAMMA_CALCIUM_SIGNALING_PATHWAY_IN_ATAXIA","WP_PKCGAMMA_CALCIUM_SIGNALING_PATHWAY_IN_ATAXIA",12,-0.479364955721795,-0.882907723707175,0.627680311890838,0.859013811144553,0.802748904835011,1299,"tags=17%, list=8%, signal=15%","TRPC3/PLCB4"
"WP_PHOSPHOINOSITIDES_METABOLISM","WP_PHOSPHOINOSITIDES_METABOLISM",43,0.385354153921629,0.862384636966528,0.628336755646817,0.859013811144553,0.802748904835011,2017,"tags=26%, list=12%, signal=23%","PLCB1/PLCE1/PIP5K1C/PIP4P2/PLCD4/MTMR4/PLCD1/PTEN/MTMR9/PLCG2/PLCB3"
"WP_PREGNANE_X_RECEPTOR_PATHWAY","WP_PREGNANE_X_RECEPTOR_PATHWAY",18,0.430639192888507,0.852254955868344,0.633401221995927,0.863571611409747,0.807008171826849,1243,"tags=17%, list=7%, signal=15%","SRPX2/FOXO1/NCOA1"
"WP_TUMOR_SUPPRESSOR_ACTIVITY_OF_SMARCB1","WP_TUMOR_SUPPRESSOR_ACTIVITY_OF_SMARCB1",30,-0.40430560158492,-0.88147148704688,0.638623326959847,0.866680922974213,0.809913825287578,3447,"tags=27%, list=20%, signal=21%","SUZ12/H3-3B/EZH2/SMARCC1/SMARCD1/CDK4/H3-3A/GLI2"
"WP_PATHWAYS_OF_NUCLEIC_ACID_METABOLISM_AND_INNATE_IMMUNE_SENSING","WP_PATHWAYS_OF_NUCLEIC_ACID_METABOLISM_AND_INNATE_IMMUNE_SENSING",15,-0.455694081801019,-0.872239576999738,0.63915547024952,0.866680922974213,0.809913825287578,1068,"tags=33%, list=6%, signal=31%","DDX58/OAS1/ADAR/CGAS/SAMHD1"
"WP_CLEAR_CELL_RENAL_CELL_CARCINOMA_PATHWAYS","WP_CLEAR_CELL_RENAL_CELL_CARCINOMA_PATHWAYS",74,-0.354291955261052,-0.882914847959182,0.642570281124498,0.868950054962397,0.812034330446877,1730,"tags=20%, list=10%, signal=18%","PFKM/CEP290/EGFR/RHEB/PFKP/FASN/SETD2/PGK1/PGM2/PSPH/ACLY/GPI/RAPGEF5/PSAT1/SHMT2"
"WP_CELL_CYCLE","WP_CELL_CYCLE",114,-0.338814589161379,-0.902327997527115,0.662,0.871496407903556,0.814413898747549,2194,"tags=20%, list=13%, signal=18%","BUB3/ORC4/ANAPC1/GADD45B/PRKDC/ORC6/CCND3/CUL1/DBF4/PLK1/CDK2/E2F5/CDK4/ORC1/CDC20/YWHAG/CDC45/HDAC2/CCNH/MYC/YWHAH/ANAPC7/CDC25A"
"WP_ALPHA_6_BETA_4_SIGNALING_PATHWAY","WP_ALPHA_6_BETA_4_SIGNALING_PATHWAY",33,-0.390317675896676,-0.873496906480799,0.654716981132075,0.871496407903556,0.814413898747549,2553,"tags=24%, list=15%, signal=21%","RAC1/LAMA3/MAPK1/RHOA/LAMB1/PTPN11/PRKCD/MAPK14"
"WP_MAPK_SIGNALING_PATHWAY","WP_MAPK_SIGNALING_PATHWAY",192,0.32510372829343,0.8700463759523,0.697368421052632,0.871496407903556,0.814413898747549,1191,"tags=11%, list=7%, signal=10%","DUSP4/TGFB1/CACNG7/FGF12/MAPK11/MEF2C/MAPT/MAP2K6/TGFBR1/FOS/RRAS/DUSP16/TGFB3/MAP3K14/DAXX/CACNG8/PLA2G4C/ARRB1/MAP2K5/TNFRSF1A/IKBKB"
"WP_VITAMIN_B12_METABOLISM","WP_VITAMIN_B12_METABOLISM",28,-0.400544970895666,-0.868056580146125,0.653179190751445,0.871496407903556,0.814413898747549,2438,"tags=36%, list=14%, signal=31%","IL1B/ABCA1/SOD2/CBS/SCARB1/TCN1/MTRR/LDLR/MMAB/SHMT2"
"WP_HEDGEHOG_SIGNALING_PATHWAY_WP4249","WP_HEDGEHOG_SIGNALING_PATHWAY_WP4249",37,-0.381156417738327,-0.862726690155866,0.673114119922631,0.871496407903556,0.814413898747549,1141,"tags=11%, list=7%, signal=10%","PRKACB/GLI2/SMURF2/GPR161"
"WP_FOXA2_PATHWAY","WP_FOXA2_PATHWAY",13,-0.45685788232606,-0.855896297954486,0.656546489563567,0.871496407903556,0.814413898747549,2191,"tags=23%, list=13%, signal=20%","ACACA/FASN/FOXA1"
"WP_TGFBETA_SIGNALING_PATHWAY","WP_TGFBETA_SIGNALING_PATHWAY",124,0.335402478593607,0.854262472372521,0.691699604743083,0.871496407903556,0.814413898747549,2313,"tags=20%, list=14%, signal=18%","TGFB1/SMAD3/MEF2C/APP/MAP2K6/TGFBR1/THBS1/FOS/RUNX2/SMAD2/HDAC1/TGFBR2/CDKN1A/ATF3/NEDD9/COPS5/ITGA2/MAP2K2/PTK2/ITGB1/DAB2/FN1/SIK1/TGFBR3/SMAD7"
"WP_NEPHROTIC_SYNDROME","WP_NEPHROTIC_SYNDROME",37,-0.376639042879064,-0.852501859406197,0.700193423597679,0.871496407903556,0.814413898747549,26,"tags=11%, list=0%, signal=11%","ANLN/ARHGAP24/ARHGDIA/PODXL"
"WP_ANGIOPOIETINLIKE_PROTEIN_8_REGULATORY_PATHWAY","WP_ANGIOPOIETINLIKE_PROTEIN_8_REGULATORY_PATHWAY",110,0.340816459458831,0.852207599906889,0.678,0.871496407903556,0.814413898747549,650,"tags=8%, list=4%, signal=8%","MAP3K9/SLC2A1/MAPK11/SESN3/MAP2K6/INSR/FOXO1/FLOT2/MAP3K14"
"WP_PATHWAYS_AFFECTED_IN_ADENOID_CYSTIC_CARCINOMA","WP_PATHWAYS_AFFECTED_IN_ADENOID_CYSTIC_CARCINOMA",59,0.361523469893412,0.851688089902178,0.668627450980392,0.871496407903556,0.814413898747549,1030,"tags=7%, list=6%, signal=6%","MAML3/KDM6B/MAGI2/PTEN"
"WP_MESODERMAL_COMMITMENT_PATHWAY","WP_MESODERMAL_COMMITMENT_PATHWAY",122,0.334024770120349,0.849851014597281,0.697628458498024,0.871496407903556,0.814413898747549,1436,"tags=13%, list=8%, signal=12%","SMAD3/SLC2A12/RARB/ACVR1/ADAM19/PARP8/SESN1/CRTC1/SMAD2/ACVR2A/ACVR2B/TET1/EXT1/BHLHE40/GATA6/TWSG1"
"WP_HOSTPATHOGEN_INTERACTION_OF_HUMAN_CORONAVIRUSES_INTERFERON_INDUCTION","WP_HOSTPATHOGEN_INTERACTION_OF_HUMAN_CORONAVIRUSES_INTERFERON_INDUCTION",32,0.397551983269811,0.846580874511203,0.652083333333333,0.871496407903556,0.814413898747549,1825,"tags=22%, list=11%, signal=20%","IFIH1/FOS/IRF3/IKBKB/RIPK1/IFNAR2/STAT2"
"WP_FLUOROPYRIMIDINE_ACTIVITY","WP_FLUOROPYRIMIDINE_ACTIVITY",27,-0.392459898538417,-0.845404778529013,0.692898272552783,0.871496407903556,0.814413898747549,2574,"tags=33%, list=15%, signal=28%","SMUG1/ABCC3/ERCC2/ABCC5/FPGS/UCK1/RRM1/PPAT/UCK2"
"WP_NRF2ARE_REGULATION","WP_NRF2ARE_REGULATION",22,0.417470007640452,0.845046182299718,0.646569646569647,0.871496407903556,0.814413898747549,659,"tags=18%, list=4%, signal=17%","NQO1/SLC7A11/INSR/MAF"
"WP_T_CELL_RECEPTOR_AND_COSTIMULATORY_SIGNALING","WP_T_CELL_RECEPTOR_AND_COSTIMULATORY_SIGNALING",21,0.418316385222469,0.843063635031173,0.648936170212766,0.871496407903556,0.814413898747549,2276,"tags=29%, list=13%, signal=25%","NFATC2/DYRK1A/PTEN/RASA1/CTLA4/PRKCA"
"WP_CAMKK2_PATHWAY","WP_CAMKK2_PATHWAY",32,0.39516308236947,0.841493746541931,0.66875,0.871496407903556,0.814413898747549,1399,"tags=12%, list=8%, signal=11%","NFATC2/MAF/WFS1/HDAC4"
"WP_NANOPARTICLE_TRIGGERED_REGULATED_NECROSIS","WP_NANOPARTICLE_TRIGGERED_REGULATED_NECROSIS",10,0.475449683085959,0.838665465153437,0.657676348547718,0.871496407903556,0.814413898747549,2430,"tags=40%, list=14%, signal=34%","TNFRSF1A/RIPK1/FTL/TRADD"
"WP_SPHINGOLIPID_METABOLISM_INTEGRATED_PATHWAY","WP_SPHINGOLIPID_METABOLISM_INTEGRATED_PATHWAY",23,-0.399261917063618,-0.837497928395077,0.671102661596958,0.871496407903556,0.814413898747549,2762,"tags=35%, list=16%, signal=29%","KDSR/CERS5/DEGS1/UGCG/SPTLC1/SGMS1/CERS2/SGMS2"
"WP_MYD88_DISTINCT_INPUTOUTPUT_PATHWAY","WP_MYD88_DISTINCT_INPUTOUTPUT_PATHWAY",13,-0.446973094552848,-0.837377731046802,0.669829222011385,0.871496407903556,0.814413898747549,2317,"tags=38%, list=14%, signal=33%","TLR2/TIFA/TLR6/JUN/UBE2N"
"WP_SEROTONIN_HTR1_GROUP_AND_FOS_PATHWAY","WP_SEROTONIN_HTR1_GROUP_AND_FOS_PATHWAY",28,-0.386179099476501,-0.836923024313295,0.695568400770713,0.871496407903556,0.814413898747549,1996,"tags=32%, list=12%, signal=28%","MAP2K3/ELK4/CREB1/MAPK1/RHOA/MAP2K1/RAP1A/MAPK14/MAPKAPK2"
"WP_MODULATORS_OF_TCR_SIGNALING_AND_T_CELL_ACTIVATION","WP_MODULATORS_OF_TCR_SIGNALING_AND_T_CELL_ACTIVATION",43,0.373833445372309,0.836602426086497,0.66735112936345,0.871496407903556,0.814413898747549,1197,"tags=14%, list=7%, signal=13%","CDKN1B/MAP3K14/NDUFB10/FIBP/IKBKB/ELOB"
"WP_TRYPTOPHAN_CATABOLISM_LEADING_TO_NAD_PRODUCTION","WP_TRYPTOPHAN_CATABOLISM_LEADING_TO_NAD_PRODUCTION",10,-0.462101029728377,-0.834204336555846,0.669230769230769,0.871496407903556,0.814413898747549,953,"tags=40%, list=6%, signal=38%","AADAT/NMNAT2/NMNAT3/NAMPT"
"WP_DNA_MISMATCH_REPAIR","WP_DNA_MISMATCH_REPAIR",23,-0.397286472645526,-0.833354205848285,0.67490494296578,0.871496407903556,0.814413898747549,2292,"tags=43%, list=14%, signal=38%","MSH6/RFC1/PCNA/POLE/MSH2/RFC4/POLD3/EXO1/RFC5/POLE3"
"WP_ERK_PATHWAY_IN_HUNTINGTONS_DISEASE","WP_ERK_PATHWAY_IN_HUNTINGTONS_DISEASE",14,-0.436256290736109,-0.830614752092009,0.679245283018868,0.871496407903556,0.814413898747549,2875,"tags=29%, list=17%, signal=24%","CREB1/EGF/MAPK1/EGFR"
"WP_AIRWAY_SMOOTH_MUSCLE_CELL_CONTRACTION","WP_AIRWAY_SMOOTH_MUSCLE_CELL_CONTRACTION",13,-0.442282876986834,-0.828590885056723,0.683111954459203,0.871496407903556,0.814413898747549,1969,"tags=31%, list=12%, signal=27%","RHOA/MYLK/CALM1/ADRB2"
"WP_RIBOFLAVIN_AND_COQ_DISORDERS","WP_RIBOFLAVIN_AND_COQ_DISORDERS",13,-0.441428346574425,-0.826989972727605,0.683111954459203,0.871496407903556,0.814413898747549,1261,"tags=31%, list=7%, signal=29%","FLAD1/RFK/APTX/PDSS1"
"WP_GPCRS_CLASS_B_SECRETINLIKE","WP_GPCRS_CLASS_B_SECRETINLIKE",10,-0.453553292833405,-0.818773600143692,0.690384615384615,0.871496407903556,0.814413898747549,874,"tags=30%, list=5%, signal=28%","CALCRL/ADGRL2/ADGRL3"
"WP_TRANSCRIPTIONAL_ACTIVATION_BY_NRF2_IN_RESPONSE_TO_PHYTOCHEMICALS","WP_TRANSCRIPTIONAL_ACTIVATION_BY_NRF2_IN_RESPONSE_TO_PHYTOCHEMICALS",14,0.433687954142798,0.815909250336795,0.658898305084746,0.871496407903556,0.814413898747549,659,"tags=21%, list=4%, signal=21%","NQO1/SLC7A11/MAF"
"WP_GPR143_IN_MELANOCYTES_AND_RETINAL_PIGMENT_EPITHELIUM_CELLS","WP_GPR143_IN_MELANOCYTES_AND_RETINAL_PIGMENT_EPITHELIUM_CELLS",20,0.403917036211932,0.81048776917047,0.690871369294606,0.871496407903556,0.814413898747549,2017,"tags=30%, list=12%, signal=26%","VEGFA/PLCB1/ARRB1/SERPINF1/ADCY9/PLCB3"
"WP_ANGIOGENESIS","WP_ANGIOGENESIS",19,0.403287567001755,0.805672730856046,0.701431492842536,0.871496407903556,0.814413898747549,3253,"tags=32%, list=19%, signal=26%","VEGFA/PTK2/TIMP3/HIF1A/TIMP2/CREBBP"
"WP_OMEGA3_OMEGA6_FATTY_ACID_SYNTHESIS","WP_OMEGA3_OMEGA6_FATTY_ACID_SYNTHESIS",13,-0.429945180050384,-0.805476937499493,0.702087286527514,0.871496407903556,0.814413898747549,2015,"tags=31%, list=12%, signal=27%","ACSL4/FADS2/ELOVL5/FADS1"
"WP_PYRIMIDINE_METABOLISM_AND_RELATED_DISEASES","WP_PYRIMIDINE_METABOLISM_AND_RELATED_DISEASES",13,0.432452712562573,0.802932069514513,0.688421052631579,0.871496407903556,0.814413898747549,1112,"tags=15%, list=7%, signal=14%","TK2/DPYD"
"WP_BIOMARKERS_FOR_PYRIMIDINE_METABOLISM_DISORDERS","WP_BIOMARKERS_FOR_PYRIMIDINE_METABOLISM_DISORDERS",13,0.430132897327933,0.798624884027797,0.690526315789474,0.871496407903556,0.814413898747549,1112,"tags=15%, list=7%, signal=14%","TK2/DPYD"
"WP_BASE_EXCISION_REPAIR","WP_BASE_EXCISION_REPAIR",31,-0.377979579105399,-0.837087385146617,0.704761904761905,0.872645633935957,0.815487851141502,4258,"tags=42%, list=25%, signal=31%","PCNA/POLE/APEX2/MUTYH/OGG1/PARP2/APEX1/MBD4/POLD3/LIG3/UNG/PARP1/POLE3"
"WP_CANNABINOID_RECEPTOR_SIGNALING","WP_CANNABINOID_RECEPTOR_SIGNALING",23,0.399845842938029,0.811295725712547,0.707983193277311,0.874464389716283,0.81718747947329,1483,"tags=17%, list=9%, signal=16%","MAPK11/CYP1A1/AHR/MAPK12"
"WP_CILIARY_LANDSCAPE","WP_CILIARY_LANDSCAPE",205,0.315505105727663,0.853356390388401,0.718283582089552,0.876897439781851,0.819461166170995,1606,"tags=12%, list=9%, signal=11%","TFAP2A/TFAP2C/IFT27/CTNNB1/UBE2H/CCDC40/EXOC3/BBS2/DVL3/DOCK5/COPS7A/DNPEP/WNK1/IFT140/LCA5/DCAF11/BBS9/HDAC1/BBS1/IFT122/ANKS3/IFT81/EHD3/BBS4"
"WP_COMPLEMENT_SYSTEM_IN_NEURONAL_DEVELOPMENT_AND_PLASTICITY","WP_COMPLEMENT_SYSTEM_IN_NEURONAL_DEVELOPMENT_AND_PLASTICITY",65,0.34892939069095,0.825644193630071,0.718811881188119,0.876897439781851,0.819461166170995,2144,"tags=25%, list=13%, signal=22%","TGFB1/C1R/ATP8B3/PROS1/TGFB3/C1S/C3AR1/MERTK/CD59/GAS6/SCRIB/PLSCR4/CASP7/ITGAM/ATP11A/C5"
"WP_IL4_SIGNALING_PATHWAY","WP_IL4_SIGNALING_PATHWAY",47,0.362553388122429,0.821539199851086,0.715767634854772,0.876897439781851,0.819461166170995,1191,"tags=11%, list=7%, signal=10%","MAPK11/FOS/STAT3/STAT5B/IKBKB"
"WP_HYPOTHESIZED_PATHWAYS_IN_PATHOGENESIS_OF_CARDIOVASCULAR_DISEASE","WP_HYPOTHESIZED_PATHWAYS_IN_PATHOGENESIS_OF_CARDIOVASCULAR_DISEASE",22,0.396879798889064,0.803367314405811,0.715176715176715,0.876897439781851,0.819461166170995,1309,"tags=27%, list=8%, signal=25%","SMAD3/TGFBR1/LTBP1/RUNX2/SMAD2/TGFBR2"
"WP_COMMON_PATHWAYS_UNDERLYING_DRUG_ADDICTION","WP_COMMON_PATHWAYS_UNDERLYING_DRUG_ADDICTION",28,0.378908748426489,0.794291719191788,0.720496894409938,0.876897439781851,0.819461166170995,527,"tags=7%, list=3%, signal=7%","DRD2/GRIN2A"
"WP_LTF_DANGER_SIGNAL_RESPONSE_PATHWAY","WP_LTF_DANGER_SIGNAL_RESPONSE_PATHWAY",14,0.413642714421891,0.778197581480707,0.716101694915254,0.876897439781851,0.819461166170995,3148,"tags=43%, list=19%, signal=35%","IL6/AGER/IL1A/TLR4/IRAK1/CD14"
"WP_PHYSIOLOGICAL_AND_PATHOLOGICAL_HYPERTROPHY_OF_THE_HEART","WP_PHYSIOLOGICAL_AND_PATHOLOGICAL_HYPERTROPHY_OF_THE_HEART",21,0.396758955135156,0.799617368010876,0.725531914893617,0.880876947766216,0.823180018690927,552,"tags=19%, list=3%, signal=18%","MAPK11/GATA4/FOS/STAT3"
"WP_SPHINGOLIPID_METABOLISM_IN_SENESCENCE","WP_SPHINGOLIPID_METABOLISM_IN_SENESCENCE",25,-0.372673442294995,-0.794786635906609,0.734225621414914,0.88711521812601,0.829009685961022,2762,"tags=52%, list=16%, signal=44%","KDSR/DEGS1/UGCG/GBA/MAPK1/SPTLC1/GLB1/CDK2/CDK4/TERT/CERS2/SGMS2/S1PR1"
"WP_HEDGEHOG_SIGNALING_PATHWAY_WP47","WP_HEDGEHOG_SIGNALING_PATHWAY_WP47",14,0.404767094151143,0.761499629388187,0.733050847457627,0.88711521812601,0.829009685961022,1941,"tags=21%, list=11%, signal=19%","SUFU/ARNTL/SAP18"
"WP_SYNAPTIC_SIGNALING_PATHWAYS_ASSOCIATED_WITH_AUTISM_SPECTRUM_DISORDER","WP_SYNAPTIC_SIGNALING_PATHWAYS_ASSOCIATED_WITH_AUTISM_SPECTRUM_DISORDER",42,-0.363566811085849,-0.83144098191691,0.75,0.889871528915093,0.831585459992376,1505,"tags=14%, list=9%, signal=13%","MAPK1/CACNA1C/PRKAG2/RHEB/GRIN2B/PRKAA2"
"WP_THYROID_HORMONES_PRODUCTION_AND_PERIPHERAL_DOWNSTREAM_SIGNALING_EFFECTS","WP_THYROID_HORMONES_PRODUCTION_AND_PERIPHERAL_DOWNSTREAM_SIGNALING_EFFECTS",64,-0.332837165706181,-0.816149783667712,0.753507014028056,0.889871528915093,0.831585459992376,1996,"tags=17%, list=12%, signal=15%","MAPK1/MAP2K1/TTF1/AQP7/RHEB/PPARGC1A/MGLL/MAPK14/PFKFB2/NOTCH1/KDM1A"
"WP_IL5_SIGNALING_PATHWAY","WP_IL5_SIGNALING_PATHWAY",34,-0.361031561837522,-0.810107212865583,0.755218216318786,0.889871528915093,0.831585459992376,2563,"tags=26%, list=15%, signal=23%","JAK1/LYN/BCL2/MAPK1/MAP2K1/JUN/PTPN11/STAT5A/MYC"
"WP_AMPACTIVATED_PROTEIN_KINASE_AMPK_SIGNALING","WP_AMPACTIVATED_PROTEIN_KINASE_AMPK_SIGNALING",58,-0.334893204832108,-0.808650496416493,0.759443339960239,0.889871528915093,0.831585459992376,2993,"tags=24%, list=18%, signal=20%","TSC1/CRTC2/PIK3C3/PRKAB2/ACACB/ACACA/ELAVL1/PRKAG2/ADIPOR1/PRKACB/PFKFB3/FASN/HMGCR/PRKAA2"
"WP_SYNAPTIC_VESICLE_PATHWAY","WP_SYNAPTIC_VESICLE_PATHWAY",32,-0.364492957366658,-0.808349818772575,0.752873563218391,0.889871528915093,0.831585459992376,1305,"tags=16%, list=8%, signal=14%","CLTA/STX2/SYT1/SLC25A4/SLC38A1"
"WP_P38_MAPK_SIGNALING_PATHWAY","WP_P38_MAPK_SIGNALING_PATHWAY",34,-0.358969605447399,-0.805480454651561,0.759013282732448,0.889871528915093,0.831585459992376,1140,"tags=15%, list=7%, signal=14%","HSPB1/MAPK14/MAPKAPK5/MYC/MAPKAPK2"
"WP_MAPK_CASCADE","WP_MAPK_CASCADE",32,0.373594254356262,0.795563256819757,0.739583333333333,0.889871528915093,0.831585459992376,2284,"tags=28%, list=13%, signal=24%","MAP2K6/RRAS/BRAF/MAPK12/RASA3/MAP2K2/PLCB3/MAP3K12/SIPA1"
"WP_NAD_METABOLISM_SIRTUINS_AND_AGING","WP_NAD_METABOLISM_SIRTUINS_AND_AGING",11,-0.433965391094733,-0.789619973273066,0.742746615087041,0.889871528915093,0.831585459992376,1559,"tags=18%, list=9%, signal=17%","PARP1/NAMPT"
"WP_NEURODEGENERATION_WITH_BRAIN_IRON_ACCUMULATION_NBIA_SUBTYPES_PATHWAY","WP_NEURODEGENERATION_WITH_BRAIN_IRON_ACCUMULATION_NBIA_SUBTYPES_PATHWAY",42,0.348409096179552,0.781386070340349,0.753061224489796,0.889871528915093,0.831585459992376,3276,"tags=29%, list=19%, signal=23%","PLA2G6/WIPI1/BECN1/TSC2/DEPTOR/MECP2/FTL/GTPBP2/STK11/RPTOR/DCAF17/MLST8"
"WP_CONGENITAL_GENERALIZED_LIPODYSTROPHY_CGL","WP_CONGENITAL_GENERALIZED_LIPODYSTROPHY_CGL",16,-0.40021311879238,-0.771418810898537,0.75968992248062,0.889871528915093,0.831585459992376,497,"tags=19%, list=3%, signal=18%","LPIN1/AGPAT2/LPIN2"
"WP_NAD_BIOSYNTHETIC_PATHWAYS","WP_NAD_BIOSYNTHETIC_PATHWAYS",18,0.385192345010713,0.76231353397256,0.74949083503055,0.889871528915093,0.831585459992376,2732,"tags=44%, list=16%, signal=37%","CD38/PARP4/NADSYN1/SIRT2/SIRT7/NMNAT1/TNKS/SIRT3"
"WP_TYPE_II_DIABETES_MELLITUS","WP_TYPE_II_DIABETES_MELLITUS",13,0.405402549693124,0.752708212379315,0.751578947368421,0.889871528915093,0.831585459992376,1191,"tags=15%, list=7%, signal=14%","INSR/IKBKB"
"WP_CYSTEINE_AND_METHIONINE_CATABOLISM","WP_CYSTEINE_AND_METHIONINE_CATABOLISM",13,0.403456169403922,0.749094381067192,0.755789473684211,0.889871528915093,0.831585459992376,2975,"tags=31%, list=18%, signal=25%","ETHE1/GSS/SUOX/SQOR"
"WP_MIRNA_REGULATION_OF_PROSTATE_CANCER_SIGNALING_PATHWAYS","WP_MIRNA_REGULATION_OF_PROSTATE_CANCER_SIGNALING_PATHWAYS",32,-0.361713330373452,-0.802185334848257,0.762452107279693,0.891015460263623,0.832654464501181,63,"tags=12%, list=0%, signal=12%","BCL2/MAPK1/MAP2K1/AR"
"WP_MICROTUBULE_CYTOSKELETON_REGULATION","WP_MICROTUBULE_CYTOSKELETON_REGULATION",44,-0.349995994221569,-0.807060321189171,0.773512476007678,0.893188247684628,0.834684935606561,2620,"tags=18%, list=15%, signal=15%","MARK1/DPYSL2/RAC1/MAPRE1/DIAPH1/TRIO/MAP1B/MAPKAPK2"
"WP_REGULATORY_CIRCUITS_OF_THE_STAT3_SIGNALING_PATHWAY","WP_REGULATORY_CIRCUITS_OF_THE_STAT3_SIGNALING_PATHWAY",51,0.341424823979194,0.787211890226953,0.774847870182556,0.893188247684628,0.834684935606561,2069,"tags=22%, list=12%, signal=19%","MAPK11/STAT3/IL10RB/IL11RA/GHR/IL22RA1/MAPK12/LIFR/DEPTOR/IFNAR2/PDGFRB"
"WP_SPLICING_FACTOR_NOVA_REGULATED_SYNAPTIC_PROTEINS","WP_SPLICING_FACTOR_NOVA_REGULATED_SYNAPTIC_PROTEINS",31,0.36535136342578,0.768410623725375,0.771488469601677,0.893188247684628,0.834684935606561,559,"tags=13%, list=3%, signal=13%","NTNG1/GRIK2/CLSTN1/CLASP1"
"WP_MAPK_PATHWAY_IN_CONGENITAL_THYROID_CANCER","WP_MAPK_PATHWAY_IN_CONGENITAL_THYROID_CANCER",15,-0.400605355266887,-0.766794785310371,0.771593090211132,0.893188247684628,0.834684935606561,1989,"tags=27%, list=12%, signal=24%","GAREM2/MAP2K1/JUN/MYC"
"WP_TNFRELATED_WEAK_INDUCER_OF_APOPTOSIS_TWEAK_SIGNALING_PATHWAY","WP_TNFRELATED_WEAK_INDUCER_OF_APOPTOSIS_TWEAK_SIGNALING_PATHWAY",38,0.343176070106136,0.757198987271975,0.775051124744376,0.893188247684628,0.834684935606561,1927,"tags=24%, list=11%, signal=21%","CTNNB1/MAP3K14/IL6/TRAF1/IKBKB/HDAC1/TNFSF12/RIPK1/CASP7"
"WP_RAS_AND_BRADYKININ_PATHWAYS_IN_COVID19","WP_RAS_AND_BRADYKININ_PATHWAYS_IN_COVID19",13,-0.400534164678857,-0.750377134805037,0.774193548387097,0.893188247684628,0.834684935606561,2438,"tags=31%, list=14%, signal=26%","IL1B/MAPK1/RHOA/AGTR1"
"WP_H19_ACTION_RBE2F1_SIGNALING_AND_CDKBETACATENIN_ACTIVITY","WP_H19_ACTION_RBE2F1_SIGNALING_AND_CDKBETACATENIN_ACTIVITY",13,-0.396442003774042,-0.742710712697504,0.77988614800759,0.894853817904326,0.836241411943079,1051,"tags=15%, list=6%, signal=14%","CDK4/PMAIP1"
"WP_NANOPARTICLE_TRIGGERED_AUTOPHAGIC_CELL_DEATH","WP_NANOPARTICLE_TRIGGERED_AUTOPHAGIC_CELL_DEATH",20,0.366773269159148,0.735956204026476,0.780082987551867,0.894853817904326,0.836241411943079,1460,"tags=15%, list=9%, signal=14%","INSR/BECN1/TSC2"
"WP_MICROGLIA_PATHOGEN_PHAGOCYTOSIS_PATHWAY","WP_MICROGLIA_PATHOGEN_PHAGOCYTOSIS_PATHWAY",21,-0.366852736235176,-0.75543195908157,0.785714285714286,0.899246395806029,0.840346278540388,3463,"tags=29%, list=20%, signal=23%","ARPC1B/CYBB/PIK3C3/RAC1/LYN/RAC2"
"WP_INTERLEUKIN1_INDUCED_ACTIVATION_OF_NFKB","WP_INTERLEUKIN1_INDUCED_ACTIVATION_OF_NFKB",10,-0.399314441151135,-0.720859329513837,0.790384615384615,0.902521563105087,0.843406924281307,4003,"tags=60%, list=24%, signal=46%","NFKB1/UBE2V1/TRAF6/PRKCZ/TIFA/UBE2N"
"WP_NOVEL_INTRACELLULAR_COMPONENTS_OF_RIGILIKE_RECEPTOR_RLR_PATHWAY","WP_NOVEL_INTRACELLULAR_COMPONENTS_OF_RIGILIKE_RECEPTOR_RLR_PATHWAY",51,0.335863866949694,0.774390176083138,0.795131845841785,0.905869386016097,0.846535466733744,2430,"tags=22%, list=14%, signal=19%","MAPK11/IFIH1/IRF3/IKBKB/STING1/MAPK12/RIPK1/TBKBP1/DHX58/NFKBIB/TRADD"
"WP_KIT_RECEPTOR_SIGNALING_PATHWAY","WP_KIT_RECEPTOR_SIGNALING_PATHWAY",52,-0.32713203952085,-0.776037413468587,0.816205533596838,0.91156030340336,0.851853632333484,2446,"tags=19%, list=14%, signal=17%","CRKL/LYN/BCL2/GAB2/MAPK1/MAP2K1/PTPN11/MAPK14/STAT5A/KITLG"
"WP_INTERLEUKIN1_IL1_STRUCTURAL_PATHWAY","WP_INTERLEUKIN1_IL1_STRUCTURAL_PATHWAY",48,-0.329583158199695,-0.767967896581479,0.816568047337278,0.91156030340336,0.851853632333484,930,"tags=19%, list=5%, signal=18%","MAPK1/MAP2K1/IRAK4/MAP3K3/MAPK14/MBP/IL1R1/MYC/MAPKAPK2"
"WP_ZINC_HOMEOSTASIS","WP_ZINC_HOMEOSTASIS",27,-0.346197964195619,-0.745751131104019,0.804222648752399,0.91156030340336,0.851853632333484,2310,"tags=30%, list=14%, signal=26%","SLC39A10/MT1M/SLC30A1/MT1A/SLC39A8/SLC30A3/MT1L/MT1G"
"WP_MITOCHONDRIAL_COMPLEX_IV_ASSEMBLY","WP_MITOCHONDRIAL_COMPLEX_IV_ASSEMBLY",35,0.343634022214048,0.739150672951586,0.815899581589958,0.91156030340336,0.851853632333484,5071,"tags=46%, list=30%, signal=32%","PNKD/COX20/PET100/SURF1/COX16/COX4I1/COX5B/COX8A/COA3/COX6B1/COX6C/COX7A2/COX7C/NDUFA4/COX17/COX7B"
"WP_VASOPRESSINREGULATED_WATER_REABSORPTION","WP_VASOPRESSINREGULATED_WATER_REABSORPTION",37,0.334422595969217,0.732719323747012,0.816494845360825,0.91156030340336,0.851853632333484,2139,"tags=19%, list=13%, signal=17%","CREB3L2/VAMP2/RAB11B/NSF/ADCY9/STX4/DYNC1I1"
"WP_METABOLISM_OF_SPINGOLIPIDS_IN_ER_AND_GOLGI_APPARATUS","WP_METABOLISM_OF_SPINGOLIPIDS_IN_ER_AND_GOLGI_APPARATUS",18,-0.369066763926853,-0.729977360469771,0.816046966731898,0.91156030340336,0.851853632333484,731,"tags=22%, list=4%, signal=21%","KDSR/UGCG/SGMS2/B3GALNT1"
"WP_TRIACYLGLYCERIDE_SYNTHESIS","WP_TRIACYLGLYCERIDE_SYNTHESIS",15,0.380354660675776,0.728194672032619,0.804573804573805,0.91156030340336,0.851853632333484,1724,"tags=27%, list=10%, signal=24%","PNPLA2/DGAT1/PLPP2/AGPAT1"
"WP_MITOCHONDRIAL_IMMUNE_RESPONSE_TO_SARSCOV2","WP_MITOCHONDRIAL_IMMUNE_RESPONSE_TO_SARSCOV2",26,-0.336990247791566,-0.725327904770583,0.816287878787879,0.91156030340336,0.851853632333484,785,"tags=19%, list=5%, signal=18%","TBK1/DDX58/CTSL/AGTR1/CGAS"
"WP_OSTEOPONTIN_SIGNALING","WP_OSTEOPONTIN_SIGNALING",12,0.375913263936313,0.689854393732842,0.805725971370143,0.91156030340336,0.851853632333484,1191,"tags=17%, list=7%, signal=16%","MAP3K14/IKBKB"
"WP_ENDOMETRIAL_CANCER","WP_ENDOMETRIAL_CANCER",56,0.325032614335415,0.752179753918699,0.818548387096774,0.911731350806452,0.8520134762309,1404,"tags=14%, list=8%, signal=13%","CTNNA2/FOS/DDB2/CTNNB1/PTEN/CTNNA1/CDKN1A/BRAF"
"WP_RANKLRANK_SIGNALING_PATHWAY","WP_RANKLRANK_SIGNALING_PATHWAY",49,0.330621806382641,0.753504460116852,0.825462012320329,0.914490399433546,0.854591808773464,1191,"tags=12%, list=7%, signal=11%","TNFRSF11A/FHL2/MAP2K6/FOS/TRAF1/IKBKB"
"WP_OXIDATIVE_PHOSPHORYLATION","WP_OXIDATIVE_PHOSPHORYLATION",59,0.313146714423203,0.737720644097802,0.829411764705882,0.914490399433546,0.854591808773464,4783,"tags=44%, list=28%, signal=32%","NDUFB10/ATP5PO/ATP5PD/NDUFA2/ATP6AP1/ATP5F1A/ATP5ME/ATP6AP2/ATP5PF/NDUFA3/NDUFV3/NDUFB1/NDUFC2/ATP5MC1/NDUFB9/NDUFS8/ATP5F1E/NDUFC1/NDUFV1/ATP5MG/DMAC2L/NDUFA4/ATP5F1D/NDUFB5/NDUFB8/MT-ND4L"
"WP_CONSTITUTIVE_ANDROSTANE_RECEPTOR_PATHWAY","WP_CONSTITUTIVE_ANDROSTANE_RECEPTOR_PATHWAY",18,-0.361467708789191,-0.71494718502825,0.829745596868884,0.914490399433546,0.854591808773464,4424,"tags=61%, list=26%, signal=45%","ABCC3/NCOA6/ALAS1/PTPA/HSP90AA1/DNAJC7/SP1/CYP2C19/PPARGC1A/EHHADH/CYP2C9"
"WP_DEREGULATION_OF_RAB_AND_RAB_EFFECTOR_GENES_IN_BLADDER_CANCER","WP_DEREGULATION_OF_RAB_AND_RAB_EFFECTOR_GENES_IN_BLADDER_CANCER",14,-0.374291865037912,-0.712636932212353,0.830188679245283,0.914490399433546,0.854591808773464,2325,"tags=29%, list=14%, signal=25%","RAB27B/SYTL3/GCC2/SYTL4"
"WP_7OXOC_AND_7BETAHC_PATHWAYS","WP_7OXOC_AND_7BETAHC_PATHWAYS",20,0.350082954809911,0.702465921540424,0.825726141078838,0.914490399433546,0.854591808773464,598,"tags=10%, list=4%, signal=10%","ACOT13/DBP"
"WP_INTEGRATED_CANCER_PATHWAY","WP_INTEGRATED_CANCER_PATHWAY",43,0.328594110365043,0.735361250664311,0.833675564681725,0.916308605233878,0.85629092314863,1350,"tags=14%, list=8%, signal=13%","SMAD3/BBC3/CDKN1B/SMAD2/PTEN/CDKN1A"
"WP_JOUBERT_SYNDROME","WP_JOUBERT_SYNDROME",70,-0.30771125603083,-0.763911538401947,0.845238095238095,0.917716932672904,0.857607005957381,2799,"tags=21%, list=17%, signal=18%","CEP120/TCTN1/NIN/RAD50/CETN2/RHOA/BBS5/CEP290/PARP1/CEP41/FLNA/TMEM237/RHEB/RAB3IP/ATF4"
"WP_16P112_PROXIMAL_DELETION_SYNDROME","WP_16P112_PROXIMAL_DELETION_SYNDROME",66,0.317275042669013,0.750393020725642,0.836978131212724,0.917716932672904,0.857607005957381,2755,"tags=23%, list=16%, signal=19%","NR3C1/MAP2K6/ASPHD1/PARP4/PTEN/MAZ/TAOK2/YPEL3/PAGR1/KCTD13/TMEM219/MVP/TLCD3B/HDAC3/SEZ6L2"
"WP_PDGFRBETA_PATHWAY","WP_PDGFRBETA_PATHWAY",28,0.342472804829165,0.717912463235105,0.842650103519669,0.917716932672904,0.857607005957381,2276,"tags=21%, list=13%, signal=19%","FOS/STAT3/STAT5B/RASA1/PDGFRB/PRKCA"
"WP_KISSPEPTINKISSPEPTIN_RECEPTOR_SYSTEM_IN_THE_OVARY","WP_KISSPEPTINKISSPEPTIN_RECEPTOR_SYSTEM_IN_THE_OVARY",26,0.347905125929183,0.717443220122489,0.843881856540084,0.917716932672904,0.857607005957381,2522,"tags=31%, list=15%, signal=26%","PLCB1/PRKCH/ARRB1/MAP2K2/PLCB3/PRKCA/AMH/PIK3CD"
"WP_TYPE_I_INTERFERON_INDUCTION_AND_SIGNALING_DURING_SARSCOV2_INFECTION","WP_TYPE_I_INTERFERON_INDUCTION_AND_SIGNALING_DURING_SARSCOV2_INFECTION",26,0.347249114974742,0.716090407023421,0.845991561181435,0.917716932672904,0.857607005957381,1993,"tags=19%, list=12%, signal=17%","IFIH1/IRF3/IFNAR2/STAT2/TLR4"
"WP_GLYCOLYSIS_IN_SENESCENCE","WP_GLYCOLYSIS_IN_SENESCENCE",11,0.374190056875246,0.669184670753004,0.843298969072165,0.917716932672904,0.857607005957381,1643,"tags=18%, list=10%, signal=16%","G6PD/GAPDH"
"WP_NONALCOHOLIC_FATTY_LIVER_DISEASE","WP_NONALCOHOLIC_FATTY_LIVER_DISEASE",137,-0.302112830798564,-0.825281682170989,0.854771784232365,0.91872266110896,0.858546859764306,150,"tags=6%, list=1%, signal=6%","JUN/SDHC/PRKAG2/ADIPOR1/PRKAA2/XBP1/ATF4/BID"
"WP_3Q29_COPY_NUMBER_VARIATION_SYNDROME","WP_3Q29_COPY_NUMBER_VARIATION_SYNDROME",53,-0.316863263921252,-0.752063712231952,0.855711422845691,0.91872266110896,0.858546859764306,2418,"tags=25%, list=14%, signal=21%","FBXO45/DYNLRB1/PXN/FBXW7/NRROS/NF2/JUN/NCBP1/DYNC2H1/UBE2N/CEP43/STAT5A/MYC"
"WP_WNT_SIGNALING_PATHWAY","WP_WNT_SIGNALING_PATHWAY",44,-0.32220576822842,-0.74297847715026,0.857965451055662,0.91872266110896,0.858546859764306,309,"tags=20%, list=2%, signal=20%","LEF1/TSC1/MAP3K7/RAC1/MAPK1/RHOA/TCF3/MYC/GJA1"
"WP_INTERFERON_TYPE_I_SIGNALING_PATHWAYS","WP_INTERFERON_TYPE_I_SIGNALING_PATHWAYS",49,-0.314411169867689,-0.738820031607651,0.856310679611651,0.91872266110896,0.858546859764306,2951,"tags=24%, list=17%, signal=20%","MAP2K3/CREB1/JAK1/RAC1/CRKL/MAPKAP1/GAB2/EIF4B/RAP1A/PTPN11/MAPK14/STAT5A"
"WP_EBSTEINBARR_VIRUS_LMP1_SIGNALING","WP_EBSTEINBARR_VIRUS_LMP1_SIGNALING",20,0.342272491656583,0.686793681229154,0.850622406639004,0.91872266110896,0.858546859764306,1191,"tags=15%, list=7%, signal=14%","MAP3K14/TRAF1/IKBKB"
"WP_IL9_SIGNALING_PATHWAY","WP_IL9_SIGNALING_PATHWAY",13,-0.361071662390291,-0.676446464188528,0.851992409867173,0.91872266110896,0.858546859764306,2563,"tags=31%, list=15%, signal=26%","JAK1/MAPK1/MAP2K1/STAT5A"
"WP_DNA_REPAIR_PATHWAYS_FULL_NETWORK","WP_DNA_REPAIR_PATHWAYS_FULL_NETWORK",120,-0.299466102248469,-0.805582156703554,0.862549800796813,0.921264346063428,0.860922065828707,4258,"tags=37%, list=25%, signal=28%","PCNA/POLE/RBX1/RAD51/APEX2/ERCC2/RAD51C/MSH2/FAN1/MUTYH/GTF2H2/FANCB/XRCC6/CHEK1/DCLRE1C/RFC4/OGG1/MRE11/PARP2/FANCM/APEX1/CDK7/ATR/MBD4/RAD50/FANCI/POLD3/XRCC4/LIG3/CETN2/PRKDC/BRIP1/PALB2/UNG/EXO1/PARP1/RAP1A/RAD23B/RFC5/GTF2H3/USP1/MGMT/CCNH/POLE3"
"WP_MELATONIN_METABOLISM_AND_EFFECTS","WP_MELATONIN_METABOLISM_AND_EFFECTS",28,0.332621041381971,0.697260593469525,0.865424430641822,0.921264346063428,0.860922065828707,2499,"tags=32%, list=15%, signal=27%","PER1/FOXO1/CYP1A1/ARNTL/CSNK1D/PER2/PRKCA/CRY2/PER3"
"WP_IMATINIB_AND_CHRONIC_MYELOID_LEUKEMIA","WP_IMATINIB_AND_CHRONIC_MYELOID_LEUKEMIA",17,-0.351832564002784,-0.68551451453408,0.865877712031558,0.921264346063428,0.860922065828707,265,"tags=12%, list=2%, signal=12%","GAB2/MYC"
"WP_IL6_SIGNALING_PATHWAY","WP_IL6_SIGNALING_PATHWAY",38,0.317698087397957,0.700983229866747,0.87321063394683,0.927089587956315,0.866365757756878,1260,"tags=13%, list=7%, signal=12%","STAT3/TIMP1/IL6/NCOA1/HDAC1"
"WP_NEUROINFLAMMATION","WP_NEUROINFLAMMATION",12,0.346289261952879,0.635490129715585,0.875255623721881,0.927287805174562,0.866550991862316,2279,"tags=25%, list=13%, signal=22%","FOS/TLR4/ASCC1"
"WP_INITIATION_OF_TRANSCRIPTION_AND_TRANSLATION_ELONGATION_AT_THE_HIV1_LTR","WP_INITIATION_OF_TRANSCRIPTION_AND_TRANSLATION_ELONGATION_AT_THE_HIV1_LTR",29,-0.30803830056208,-0.668177403425776,0.889105058365759,0.938724380584846,0.87723847821767,2936,"tags=31%, list=17%, signal=26%","PPP3R1/NFKBIA/SP1/HDAC7/PPP3CA/PPP3CB/HDAC9/CCNT1/HDAC2"
"WP_TOLLLIKE_RECEPTOR_SIGNALING_RELATED_TO_MYD88","WP_TOLLLIKE_RECEPTOR_SIGNALING_RELATED_TO_MYD88",27,0.318591382550946,0.663185915540852,0.88981288981289,0.938724380584846,0.87723847821767,3397,"tags=30%, list=20%, signal=24%","IRF3/IKBKB/TLR1/TIRAP/TLR4/IRAK1/IKBKG/RELB"
"WP_OXYSTEROLS_DERIVED_FROM_CHOLESTEROL","WP_OXYSTEROLS_DERIVED_FROM_CHOLESTEROL",21,0.326696707776742,0.658415791828236,0.895744680851064,0.941003359462486,0.879368185300878,598,"tags=10%, list=4%, signal=9%","ACOT13/DBP"
"WP_HOSTPATHOGEN_INTERACTION_OF_HUMAN_CORONAVIRUSES_AUTOPHAGY","WP_HOSTPATHOGEN_INTERACTION_OF_HUMAN_CORONAVIRUSES_AUTOPHAGY",18,0.32357349808276,0.640366975144514,0.894093686354379,0.941003359462486,0.879368185300878,1311,"tags=11%, list=8%, signal=10%","WIPI1/BECN1"
"WP_G_PROTEIN_SIGNALING_PATHWAYS","WP_G_PROTEIN_SIGNALING_PATHWAYS",71,0.292942689382625,0.701788075162764,0.909456740442656,0.946840421853389,0.884822923491301,679,"tags=7%, list=4%, signal=7%","PDE4D/PDE8B/GNAO1/RRAS/PRKCH"
"WP_NUCLEOTIDE_EXCISION_REPAIR","WP_NUCLEOTIDE_EXCISION_REPAIR",44,0.308037696489987,0.68902295877216,0.904365904365904,0.946840421853389,0.884822923491301,499,"tags=7%, list=3%, signal=7%","ERCC6/XPC/DDB2"
"WP_GLYCOSYLATION_AND_RELATED_CONGENITAL_DEFECTS","WP_GLYCOSYLATION_AND_RELATED_CONGENITAL_DEFECTS",25,0.318949896246207,0.655726037390126,0.908141962421712,0.946840421853389,0.884822923491301,2072,"tags=12%, list=12%, signal=11%","ALG12/SRD5A3/MOGS"
"WP_ESTROGEN_SIGNALING_PATHWAY","WP_ESTROGEN_SIGNALING_PATHWAY",21,0.32359554682764,0.652165795139303,0.906382978723404,0.946840421853389,0.884822923491301,1404,"tags=19%, list=8%, signal=17%","FOS/GPER1/IKBKB/BRAF"
"WP_GLYCEROLIPIDS_AND_GLYCEROPHOSPHOLIPIDS","WP_GLYCEROLIPIDS_AND_GLYCEROPHOSPHOLIPIDS",20,0.31981499358449,0.641731141445487,0.910788381742739,0.946840421853389,0.884822923491301,1338,"tags=15%, list=8%, signal=14%","PNPLA2/DGAT1/CHKB"
"WP_NUCLEOTIDE_EXCISION_REPAIR_IN_XERODERMA_PIGMENTOSUM","WP_NUCLEOTIDE_EXCISION_REPAIR_IN_XERODERMA_PIGMENTOSUM",70,-0.289033939462841,-0.717543986506985,0.918650793650794,0.947121376098649,0.88508547539648,2292,"tags=17%, list=14%, signal=15%","POLD3/CHD1L/LIG3/CETN2/PARP1/RAD23B/H3-3A/RFC5/GTF2H3/CCNH/POLE3/RAD18"
"WP_FRAGILE_X_SYNDROME","WP_FRAGILE_X_SYNDROME",103,0.285352955693887,0.717388247166963,0.918,0.947121376098649,0.88508547539648,2554,"tags=23%, list=15%, signal=20%","DAG1/APP/HCN1/PLCB1/GRIN2A/TBC1D7/ABAT/CYFIP2/PTEN/ARC/SHANK1/BRAF/TSC2/DEPTOR/MECP2/MAP2K2/AP2S1/CAMK1/PRKCA/AP2M1/AP2B1/PPP1CA/NF1/GPHN"
"WP_COHESIN_COMPLEX_CORNELIA_DE_LANGE_SYNDROME","WP_COHESIN_COMPLEX_CORNELIA_DE_LANGE_SYNDROME",33,-0.288793188040712,-0.646293959879662,0.915094339622642,0.947121376098649,0.88508547539648,5241,"tags=42%, list=31%, signal=29%","SGO2/PTTG1/SGO1/WAPL/PPP2R5E/CDK1/PTPA/AURKB/ESPL1/PPP2R1B/PDS5A/PPP2CA/CDCA5/PLK1"
"WP_4HYDROXYTAMOXIFEN_DEXAMETHASONE_AND_RETINOIC_ACIDS_REGULATION_OF_P27_EXPRESSION","WP_4HYDROXYTAMOXIFEN_DEXAMETHASONE_AND_RETINOIC_ACIDS_REGULATION_OF_P27_EXPRESSION",18,0.310899615138942,0.615284772392568,0.914460285132383,0.947121376098649,0.88508547539648,1870,"tags=11%, list=11%, signal=10%","MAP2K6/MAP2K2"
"WP_LEPTIN_SIGNALING_PATHWAY","WP_LEPTIN_SIGNALING_PATHWAY",72,0.29104806874987,0.697921686582746,0.923232323232323,0.949882328439029,0.887665586960215,1981,"tags=15%, list=12%, signal=14%","SOCS7/FOXO1/STAT3/SH2B1/STAT5B/PTEN/IKBKB/NCOA1/MAP2K2/PTK2/PLCG2"
"WP_MTHFR_DEFICIENCY","WP_MTHFR_DEFICIENCY",20,-0.301816220792303,-0.612629899903936,0.938461538461538,0.963564419119975,0.900451508638643,1362,"tags=15%, list=8%, signal=14%","CHPT1/SGMS1/MARS1"
"WP_FOLLICLE_STIMULATING_HORMONE_FSH_SIGNALING_PATHWAY","WP_FOLLICLE_STIMULATING_HORMONE_FSH_SIGNALING_PATHWAY",22,0.297594451464484,0.602393107243839,0.941787941787942,0.964994215507562,0.90178765419228,2516,"tags=23%, list=15%, signal=19%","FOXO1/TSC2/SGK1/PRKCA/GRK6"
"WP_NONHOMOLOGOUS_END_JOINING","WP_NONHOMOLOGOUS_END_JOINING",10,-0.313466308162343,-0.565882646456955,0.946153846153846,0.967481084489281,0.904111634698347,3696,"tags=40%, list=22%, signal=31%","XRCC6/DCLRE1C/XRCC4/PRKDC"
"WP_MITOCHONDRIAL_LONG_CHAIN_FATTY_ACID_BETAOXIDATION","WP_MITOCHONDRIAL_LONG_CHAIN_FATTY_ACID_BETAOXIDATION",17,-0.283005634641611,-0.55141135327149,0.95069033530572,0.970131855455121,0.906588781703657,2758,"tags=41%, list=16%, signal=35%","ACSL3/SCP2/HADHA/ACADL/ACSL4/HADH/EHHADH"
"WP_7Q1123_COPY_NUMBER_VARIATION_SYNDROME","WP_7Q1123_COPY_NUMBER_VARIATION_SYNDROME",92,-0.278646638433229,-0.712671770165707,0.955465587044534,0.972648782377269,0.908940851372493,2318,"tags=16%, list=14%, signal=14%","DEK/ACACB/ACACA/OGDH/DDX21/USF1/FBLN5/HSPA2/ATP5F1B/CLDN1/DLST/RFC5/HDAC2/MYC/ATF4"
"WP_RELATIONSHIP_BETWEEN_INFLAMMATION_COX2_AND_EGFR","WP_RELATIONSHIP_BETWEEN_INFLAMMATION_COX2_AND_EGFR",19,0.285849649058775,0.571059676060937,0.957055214723926,0.972648782377269,0.908940851372493,1404,"tags=11%, list=8%, signal=10%","PTGS2/BRAF"
"WP_CILIOPATHIES","WP_CILIOPATHIES",151,0.269754742370248,0.708169199923246,0.967557251908397,0.979332796556369,0.915187066500309,2408,"tags=19%, list=14%, signal=16%","IFT27/TMEM67/CCDC40/BBS2/ARL3/DNAAF3/IFT140/SUFU/LCA5/BBS9/B9D2/PKD2/GAS8/BBS1/IFT122/EVC/CCDC28B/ANKS3/IFT81/BBS4/GALNT11/RSPH3/C2CD3/NEK8/TCTN3/CILK1/FLCN/TTBK2"
"WP_ATM_SIGNALING_IN_DEVELOPMENT_AND_DISEASE","WP_ATM_SIGNALING_IN_DEVELOPMENT_AND_DISEASE",45,-0.273770622352916,-0.63578989958663,0.967370441458733,0.979332796556369,0.915187066500309,4925,"tags=44%, list=29%, signal=32%","CHEK2/RNF8/CEP63/RBBP8/BUB1/CDK1/CDK5R1/ATF2/PTPA/AURKB/CHEK1/DCLRE1C/MRE11/MAP3K5/RIF1/ATR/RAD50/PRKDC/HSPB1/MDC1"
"WP_GLYCOGEN_SYNTHESIS_AND_DEGRADATION","WP_GLYCOGEN_SYNTHESIS_AND_DEGRADATION",35,0.2661233547804,0.572426605219956,0.97489539748954,0.981484827331335,0.917198140507924,1137,"tags=9%, list=7%, signal=8%","CALM3/PYGB/AGL"
"WP_PDGF_PATHWAY","WP_PDGF_PATHWAY",39,0.255450695379023,0.567861816804493,0.977551020408163,0.981484827331335,0.917198140507924,2069,"tags=13%, list=12%, signal=11%","FOS/STAT3/RASA1/TIAM1/PDGFRB"
"WP_HIPPOYAP_SIGNALING_PATHWAY","WP_HIPPOYAP_SIGNALING_PATHWAY",20,-0.264467885084216,-0.536819835400579,0.973076923076923,0.981484827331335,0.917198140507924,1779,"tags=20%, list=10%, signal=18%","MINK1/MAP4K3/NF2/YY1AP1"
"WP_HOMOLOGOUS_RECOMBINATION","WP_HOMOLOGOUS_RECOMBINATION",13,-0.253185891115371,-0.474328834596519,0.977229601518027,0.981484827331335,0.917198140507924,4221,"tags=31%, list=25%, signal=23%","RAD51/MRE11/RAD50/POLD3"
"WP_MIRNAS_INVOLVEMENT_IN_THE_IMMUNE_RESPONSE_IN_SEPSIS","WP_MIRNAS_INVOLVEMENT_IN_THE_IMMUNE_RESPONSE_IN_SEPSIS",28,0.244189753294461,0.511885512695957,0.985507246376812,0.98748617659042,0.922806404871967,3397,"tags=25%, list=20%, signal=20%","IL6/IKBKB/IL1A/TLR4/IRAK1/IKBKG/RELB"
"WP_MITOCHONDRIAL_COMPLEX_I_ASSEMBLY_MODEL_OXPHOS_SYSTEM","WP_MITOCHONDRIAL_COMPLEX_I_ASSEMBLY_MODEL_OXPHOS_SYSTEM",56,0.239266694319838,0.553703091064935,0.991935483870968,0.991935483870968,0.926964285106716,3180,"tags=21%, list=19%, signal=17%","NDUFB10/TIMMDC1/NDUFA13/NDUFA1/NDUFA2/ACAD9/ECSIT/NDUFB11/NDUFA3/NDUFV3/NDUFB1/NDUFC2"
