"ID","Description","GeneRatio","BgRatio","pvalue","p.adjust","qvalue","geneID","Count"
"GOBP_REGULATION_OF_CYTOSOLIC_CALCIUM_ION_CONCENTRATION","GOBP_REGULATION_OF_CYTOSOLIC_CALCIUM_ION_CONCENTRATION","14/201","164/11404",1.15188147676164e-06,0.0026781244334708,0.00235226322622903,"TRPV4/EDN1/MCOLN3/ADORA1/GRIN2B/LPAR4/CALCB/GPR174/SPINK1/CCRL2/AGTR1/JPH2/RYR2/S1PR3",14
"GOBP_HEART_PROCESS","GOBP_HEART_PROCESS","13/201","153/11404",2.95842590627556e-06,0.00343917011604533,0.00302070855693399,"RPS6KA2/ABCC9/EDN1/RGS2/ADORA1/RNF207/HOPX/FGF13/SCN5A/KCNJ8/RYR2/JUP/TTN",13
"GOBP_DIVALENT_INORGANIC_CATION_HOMEOSTASIS","GOBP_DIVALENT_INORGANIC_CATION_HOMEOSTASIS","17/201","267/11404",4.84780943003191e-06,0.00375705230827473,0.00329991238395154,"SV2A/TRPV4/EDN1/MT1G/MCOLN3/ADORA1/GRIN2B/LPAR4/CALCB/CNNM1/GPR174/SPINK1/CCRL2/AGTR1/JPH2/RYR2/S1PR3",17
"GOBP_REGULATION_OF_STRIATED_MUSCLE_CONTRACTION","GOBP_REGULATION_OF_STRIATED_MUSCLE_CONTRACTION","8/201","58/11404",7.29614189654383e-06,0.0042408824773661,0.00372487244191974,"TRPV4/RGS2/ADORA1/RNF207/FGF13/SCN5A/RYR2/JUP",8
"GOBP_STRIATED_MUSCLE_CONTRACTION","GOBP_STRIATED_MUSCLE_CONTRACTION","10/201","102/11404",1.20443792736276e-05,0.00560063636223684,0.00491917806122896,"TRPV4/RGS2/ADORA1/RNF207/FGF13/SCN5A/KCNJ8/RYR2/JUP/TTN",10
"GOBP_CARDIAC_MUSCLE_CONTRACTION","GOBP_CARDIAC_MUSCLE_CONTRACTION","9/201","83/11404",1.4621041617113e-05,0.00566565362663127,0.0049762843398595,"RGS2/ADORA1/RNF207/FGF13/SCN5A/KCNJ8/RYR2/JUP/TTN",9
"GOBP_ACTIN_MEDIATED_CELL_CONTRACTION","GOBP_ACTIN_MEDIATED_CELL_CONTRACTION","8/201","65/11404",1.72895053667088e-05,0.00566851937529789,0.00497880139811111,"ADORA1/RNF207/CCDC88C/FGF13/SCN5A/KCNJ8/RYR2/JUP",8
"GOBP_ACTIN_FILAMENT_BASED_MOVEMENT","GOBP_ACTIN_FILAMENT_BASED_MOVEMENT","9/201","88/11404",2.35582504596188e-05,0.00566851937529789,0.00497880139811111,"ADORA1/RNF207/MYH10/CCDC88C/FGF13/SCN5A/KCNJ8/RYR2/JUP",9
"GOBP_CARDIAC_MUSCLE_CELL_CONTRACTION","GOBP_CARDIAC_MUSCLE_CELL_CONTRACTION","7/201","50/11404",2.50139044997271e-05,0.00566851937529789,0.00497880139811111,"ADORA1/RNF207/FGF13/SCN5A/KCNJ8/RYR2/JUP",7
"GOBP_AXON_DEVELOPMENT","GOBP_AXON_DEVELOPMENT","19/201","371/11404",2.9966803368766e-05,0.00566851937529789,0.00497880139811111,"PLXNA2/UCHL1/EDN1/ANOS1/SEMA7A/EPHA5/ROBO4/SPRY3/SEMA3D/NRXN3/FGF13/PTPRZ1/GLI2/MAP6/ADCY1/NCAM2/COBL/RTN4R/PLXNC1",19
"GOBP_REGULATION_OF_ION_TRANSPORT","GOBP_REGULATION_OF_ION_TRANSPORT","19/201","373/11404",3.22607245156212e-05,0.00566851937529789,0.00497880139811111,"SV2A/GPM6B/DAPK1/EDN1/RGS2/ADORA1/RNF207/CTSS/FGF13/CD33/CLCA3P/SCN5A/ATP8B1/KCNJ8/SPINK1/JPH2/FHL1/RYR2/HSPA2",19
"GOBP_REGULATION_OF_CARDIAC_MUSCLE_CONTRACTION","GOBP_REGULATION_OF_CARDIAC_MUSCLE_CONTRACTION","7/201","52/11404",3.25204943353959e-05,0.00566851937529789,0.00497880139811111,"RGS2/ADORA1/RNF207/FGF13/SCN5A/RYR2/JUP",7
"GOBP_VENTRICULAR_CARDIAC_MUSCLE_CELL_ACTION_POTENTIAL","GOBP_VENTRICULAR_CARDIAC_MUSCLE_CELL_ACTION_POTENTIAL","5/201","22/11404",3.33861160052416e-05,0.00566851937529789,0.00497880139811111,"RNF207/SCN5A/KCNJ8/RYR2/JUP",5
"GOBP_REGULATION_OF_MEMBRANE_POTENTIAL","GOBP_REGULATION_OF_MEMBRANE_POTENTIAL","15/201","249/11404",3.41330198942669e-05,0.00566851937529789,0.00497880139811111,"UCP2/GABRB2/BID/EDN1/ADORA1/RNF207/GRIN2B/GABRA6/FGF13/SCN5A/KCNJ8/FHL1/RYR2/JUP/PIEZO2",15
"GOBP_REGULATION_OF_HEART_CONTRACTION","GOBP_REGULATION_OF_HEART_CONTRACTION","10/201","120/11404",4.98723364228717e-05,0.00727591847219818,0.0063906199597349,"ABCC9/EDN1/RGS2/ADORA1/RNF207/HOPX/FGF13/SCN5A/RYR2/JUP",10
"GOBP_REGULATION_OF_BLOOD_CIRCULATION","GOBP_REGULATION_OF_BLOOD_CIRCULATION","11/201","145/11404",5.0070836797923e-05,0.00727591847219818,0.0063906199597349,"ABCC9/EDN1/RGS2/ADORA1/RNF207/HOPX/FGF13/SCN5A/AGTR1/RYR2/JUP",11
"GOBP_POSITIVE_REGULATION_OF_CYTOSOLIC_CALCIUM_ION_CONCENTRATION_INVOLVED_IN_PHOSPHOLIPASE_C_ACTIVATING_G_PROTEIN_COUPLED_SIGNALING_PATHWAY","GOBP_POSITIVE_REGULATION_OF_CYTOSOLIC_CALCIUM_ION_CONCENTRATION_INVOLVED_IN_PHOSPHOLIPASE_C_ACTIVATING_G_PROTEIN_COUPLED_SIGNALING_PATHWAY","4/201","13/11404",5.91222203316831e-05,0.0080858330747743,0.00710198807699475,"EDN1/LPAR4/GPR174/AGTR1",4
"GOBP_REGULATION_OF_MUSCLE_CONTRACTION","GOBP_REGULATION_OF_MUSCLE_CONTRACTION","9/201","100/11404",6.53896956158271e-05,0.00844616901704434,0.00741848008740963,"TRPV4/EDN1/RGS2/ADORA1/RNF207/FGF13/SCN5A/RYR2/JUP",9
"GOBP_ION_HOMEOSTASIS","GOBP_ION_HOMEOSTASIS","21/201","466/11404",7.37187310113666e-05,0.0090208447158646,0.00792323203113857,"SV2A/CA12/TRPV4/EDN1/RAB38/MT1G/MCOLN3/ADORA1/GRIN2B/SCN5A/LPAR4/CALCB/CNNM1/GPR174/SPINK1/CCRL2/AGTR1/JPH2/FHL1/RYR2/S1PR3",21
"GOBP_G_PROTEIN_COUPLED_RECEPTOR_SIGNALING_PATHWAY","GOBP_G_PROTEIN_COUPLED_RECEPTOR_SIGNALING_PATHWAY","18/201","365/11404",7.96068316975831e-05,0.00925429418484404,0.00812827649964796,"EDN1/RGS2/ADORA1/RORB/SPNS2/ADGRL3/PLCB4/DGKE/LPAR4/CALCB/GPR174/CCRL2/LGR5/AGTR1/ADCY1/MGLL/GPR156/S1PR3",18
"GOBP_REGULATION_OF_SECRETION","GOBP_REGULATION_OF_SECRETION","18/201","372/11404",0.000101377856866728,0.0112239770102449,0.0098582978607244,"SV2A/UCP2/RAB15/EDN1/AACS/ANKRD1/EPHA5/ADORA1/MYH10/CD33/ADTRP/IL13RA2/SPINK1/SNCAIP/AGTR1/ADCY1/TTN/APBA1",18
"GOBP_REGULATION_OF_INCLUSION_BODY_ASSEMBLY","GOBP_REGULATION_OF_INCLUSION_BODY_ASSEMBLY","4/201","15/11404",0.000109785709945209,0.0116023534373914,0.0101906352772108,"HSPA1A/DNAJA4/SNCAIP/HSPA2",4
"GOBP_CIRCULATORY_SYSTEM_PROCESS","GOBP_CIRCULATORY_SYSTEM_PROCESS","17/201","346/11404",0.000132084553884954,0.0133520255557617,0.0117274157682751,"RPS6KA2/ABCC9/TRPV4/AR/EDN1/RGS2/ADORA1/RNF207/CORO2B/HOPX/FGF13/SCN5A/KCNJ8/AGTR1/RYR2/JUP/TTN",17
"GOBP_REGULATION_OF_ACTIN_FILAMENT_BASED_MOVEMENT","GOBP_REGULATION_OF_ACTIN_FILAMENT_BASED_MOVEMENT","5/201","30/11404",0.000161103681964545,0.0156069191903153,0.0137079448689131,"ADORA1/FGF13/SCN5A/RYR2/JUP",5
"GOBP_REGULATION_OF_SYSTEMIC_ARTERIAL_BLOOD_PRESSURE","GOBP_REGULATION_OF_SYSTEMIC_ARTERIAL_BLOOD_PRESSURE","6/201","50/11404",0.000231770215057639,0.0215546300003604,0.0189319670404977,"RPS6KA2/AR/EDN1/ADORA1/CORO2B/AGTR1",6
"GOBP_CARDIAC_MUSCLE_CELL_ACTION_POTENTIAL_INVOLVED_IN_CONTRACTION","GOBP_CARDIAC_MUSCLE_CELL_ACTION_POTENTIAL_INVOLVED_IN_CONTRACTION","5/201","33/11404",0.000257044523597144,0.0220165374943479,0.0193376718682671,"RNF207/SCN5A/KCNJ8/RYR2/JUP",5
"GOBP_CARDIAC_MUSCLE_CELL_ACTION_POTENTIAL","GOBP_CARDIAC_MUSCLE_CELL_ACTION_POTENTIAL","6/201","51/11404",0.000258864263199447,0.0220165374943479,0.0193376718682671,"RNF207/FGF13/SCN5A/KCNJ8/RYR2/JUP",6
"GOBP_CELL_MORPHOGENESIS_INVOLVED_IN_NEURON_DIFFERENTIATION","GOBP_CELL_MORPHOGENESIS_INVOLVED_IN_NEURON_DIFFERENTIATION","19/201","438/11404",0.000267764188826042,0.0220165374943479,0.0193376718682671,"PLXNA2/UCHL1/EDN1/ANOS1/SEMA7A/EPHA5/ROBO4/SEMA3D/NRXN3/FGF13/PHACTR1/PPFIA2/PTPRZ1/GLI2/MAP6/ADCY1/COBL/RTN4R/PLXNC1",19
"GOBP_METAL_ION_HOMEOSTASIS","GOBP_METAL_ION_HOMEOSTASIS","17/201","368/11404",0.000274614876273586,0.0220165374943479,0.0193376718682671,"SV2A/TRPV4/EDN1/MT1G/MCOLN3/ADORA1/GRIN2B/LPAR4/CALCB/CNNM1/GPR174/SPINK1/CCRL2/AGTR1/JPH2/RYR2/S1PR3",17
"GOBP_POSITIVE_REGULATION_OF_RHO_PROTEIN_SIGNAL_TRANSDUCTION","GOBP_POSITIVE_REGULATION_OF_RHO_PROTEIN_SIGNAL_TRANSDUCTION","4/201","19/11404",0.000294966542797361,0.0221224907098021,0.0194307332097412,"LPAR4/GPR174/MCF2L/RTN4R",4
"GOBP_REGULATION_OF_RENAL_SYSTEM_PROCESS","GOBP_REGULATION_OF_RENAL_SYSTEM_PROCESS","4/201","19/11404",0.000294966542797361,0.0221224907098021,0.0194307332097412,"EDN1/ADORA1/CORO2B/AGTR1",4
"GOBP_SMALL_GTPASE_MEDIATED_SIGNAL_TRANSDUCTION","GOBP_SMALL_GTPASE_MEDIATED_SIGNAL_TRANSDUCTION","18/201","410/11404",0.000337247597175052,0.0245031457322499,0.021521721661829,"ARHGAP30/DOCK11/RAB15/RAB38/DHCR24/RALGPS2/SPRY3/KITLG/CCDC88C/RHEBL1/LPAR4/ARHGAP6/GPR174/AGTR1/MCF2L/CGNL1/RTN4R/RAP1GAP2",18
"GOBP_PROTEIN_REFOLDING","GOBP_PROTEIN_REFOLDING","4/201","20/11404",0.000363651095424628,0.0248673175547723,0.0218415828211696,"HSPA1A/DNAJA4/HSPA1L/HSPA2",4
"GOBP_RESPONSE_TO_MUSCLE_STRETCH","GOBP_RESPONSE_TO_MUSCLE_STRETCH","4/201","20/11404",0.000363651095424628,0.0248673175547723,0.0218415828211696,"EDN1/ANKRD1/RYR2/TTN",4
"GOBP_REGULATION_OF_ACTION_POTENTIAL","GOBP_REGULATION_OF_ACTION_POTENTIAL","5/201","36/11404",0.000391174724543142,0.0259851781303658,0.022823427537254,"RNF207/FGF13/SCN5A/RYR2/JUP",5
"GOBP_ADENYLATE_CYCLASE_MODULATING_G_PROTEIN_COUPLED_RECEPTOR_SIGNALING_PATHWAY","GOBP_ADENYLATE_CYCLASE_MODULATING_G_PROTEIN_COUPLED_RECEPTOR_SIGNALING_PATHWAY","8/201","101/11404",0.000403183651995301,0.0260389441913632,0.0228706516044118,"EDN1/RGS2/ADORA1/ADGRL3/CALCB/LGR5/ADCY1/S1PR3",8
"GOBP_ACTOMYOSIN_STRUCTURE_ORGANIZATION","GOBP_ACTOMYOSIN_STRUCTURE_ORGANIZATION","10/201","156/11404",0.000435364099513699,0.0271081610216307,0.0238097713104532,"EDN1/ANKRD1/MYH10/CORO2B/PHACTR1/ARHGAP6/PGM5/TTN/CGNL1/EPB41L4A",10
"GOBP_INCLUSION_BODY_ASSEMBLY","GOBP_INCLUSION_BODY_ASSEMBLY","4/201","21/11404",0.000443058115622351,0.0271081610216307,0.0238097713104532,"HSPA1A/DNAJA4/SNCAIP/HSPA2",4
"GOBP_CELLULAR_ION_HOMEOSTASIS","GOBP_CELLULAR_ION_HOMEOSTASIS","17/201","385/11404",0.000462672973240794,0.0275824272508935,0.0242263311224599,"SV2A/TRPV4/EDN1/RAB38/MT1G/MCOLN3/ADORA1/GRIN2B/LPAR4/CALCB/GPR174/SPINK1/CCRL2/AGTR1/JPH2/RYR2/S1PR3",17
"GOBP_REGULATION_OF_SYSTEM_PROCESS","GOBP_REGULATION_OF_SYSTEM_PROCESS","15/201","320/11404",0.000541420588833195,0.0314700717259294,0.0276409458509578,"ABCC9/TRPV4/EDN1/RGS2/ADORA1/RNF207/CORO2B/HOPX/FGF13/SCN5A/SPINK1/AGTR1/RYR2/JUP/MGLL",15
"GOBP_RENAL_SODIUM_EXCRETION","GOBP_RENAL_SODIUM_EXCRETION","3/201","10/11404",0.000590804226110657,0.0335029225782263,0.0294264492594268,"EDN1/ADORA1/AGTR1",3
"GOBP_SEMAPHORIN_PLEXIN_SIGNALING_PATHWAY","GOBP_SEMAPHORIN_PLEXIN_SIGNALING_PATHWAY","5/201","40/11404",0.000644904748956354,0.0357000843172267,0.0313562710018879,"PLXNA2/EDN1/SEMA7A/SEMA3D/PLXNC1",5
"GOBP_MUSCLE_CONTRACTION","GOBP_MUSCLE_CONTRACTION","11/201","196/11404",0.000700992666496977,0.0379025104559412,0.0332907165974085,"TRPV4/EDN1/RGS2/ADORA1/RNF207/FGF13/SCN5A/KCNJ8/RYR2/JUP/TTN",11
"GOBP_POSITIVE_REGULATION_OF_DNA_BINDING_TRANSCRIPTION_FACTOR_ACTIVITY","GOBP_POSITIVE_REGULATION_OF_DNA_BINDING_TRANSCRIPTION_FACTOR_ACTIVITY","11/201","198/11404",0.000762516986892189,0.0401912564030174,0.0353009790251743,"HSPA1A/ANXA3/AR/EDN1/EPHA5/NLRP3/TRIM22/RHEBL1/FOXA1/ADCY1/JUP",11
"GOBP_CELL_CELL_ADHESION_VIA_PLASMA_MEMBRANE_ADHESION_MOLECULES","GOBP_CELL_CELL_ADHESION_VIA_PLASMA_MEMBRANE_ADHESION_MOLECULES","10/201","168/11404",0.000777895285219692,0.0401912564030174,0.0353009790251743,"FAT3/GPC4/IGFN1/ROBO4/ADGRL3/CLSTN2/DCHS2/PCDH19/SCARF2/NECTIN4",10
"GOBP_REGULATION_OF_EXCRETION","GOBP_REGULATION_OF_EXCRETION","3/201","11/11404",0.000801835362149265,0.0405275481955878,0.0355963524615463,"EDN1/ADORA1/AGTR1",3
"GOBP_POSITIVE_REGULATION_OF_SMALL_GTPASE_MEDIATED_SIGNAL_TRANSDUCTION","GOBP_POSITIVE_REGULATION_OF_SMALL_GTPASE_MEDIATED_SIGNAL_TRANSDUCTION","5/201","43/11404",0.000903970780579325,0.0447177035073815,0.0392766699736594,"KITLG/LPAR4/GPR174/MCF2L/RTN4R",5
"GOBP_REGULATION_OF_ION_TRANSMEMBRANE_TRANSPORT","GOBP_REGULATION_OF_ION_TRANSMEMBRANE_TRANSPORT","13/201","269/11404",0.000958210463797288,0.0453170641275672,0.0398031032971048,"DAPK1/EDN1/RGS2/RNF207/CTSS/FGF13/CLCA3P/SCN5A/KCNJ8/JPH2/FHL1/RYR2/HSPA2",13
"GOBP_NEURON_PROJECTION_GUIDANCE","GOBP_NEURON_PROJECTION_GUIDANCE","10/201","173/11404",0.000974671290451702,0.0453170641275672,0.0398031032971048,"PLXNA2/EDN1/ANOS1/SEMA7A/EPHA5/ROBO4/SEMA3D/NRXN3/GLI2/PLXNC1",10
"GOBP_SECOND_MESSENGER_MEDIATED_SIGNALING","GOBP_SECOND_MESSENGER_MEDIATED_SIGNALING","10/201","173/11404",0.000974671290451702,0.0453170641275672,0.0398031032971048,"SOX9/EDN1/EPHA5/GBP1/GRIN2B/SPINK1/CCRL2/AGTR1/ADCY1/RYR2",10
"GOBP_TAXIS","GOBP_TAXIS","16/201","376/11404",0.00100741429213213,0.0453170641275672,0.0398031032971048,"PLXNA2/ST6GAL1/TRPV4/EDN1/ANOS1/LOX/SEMA7A/EPHA5/FGF1/ROBO4/SEMA3D/NRXN3/CCRL2/AGTR1/GLI2/PLXNC1",16
"GOBP_METAL_ION_TRANSPORT","GOBP_METAL_ION_TRANSPORT","19/201","489/11404",0.00102772462629028,0.0453170641275672,0.0398031032971048,"ABCC9/TRPV4/EDN1/MCOLN3/ADORA1/RNF207/GRIN2B/FGF13/CD33/CLCA3P/SCN5A/KCNJ8/NIPAL4/SPINK1/JPH2/FHL1/RYR2/FLVCR2/HSPA2",19
"GOBP_POSITIVE_REGULATION_OF_ANIMAL_ORGAN_MORPHOGENESIS","GOBP_POSITIVE_REGULATION_OF_ANIMAL_ORGAN_MORPHOGENESIS","4/201","26/11404",0.00103303415000476,0.0453170641275672,0.0398031032971048,"SOX9/AR/EDN1/FGF1",4
"GOBP_NEURON_CELL_CELL_ADHESION","GOBP_NEURON_CELL_CELL_ADHESION","3/201","12/11404",0.00105527976999691,0.0454356567637558,0.0399072661558285,"ASTN1/NRXN3/NCAM2",3
"GOBP_REGULATION_OF_MUSCLE_SYSTEM_PROCESS","GOBP_REGULATION_OF_MUSCLE_SYSTEM_PROCESS","9/201","146/11404",0.00110848490949299,0.046858680264931,0.0411571430510316,"TRPV4/EDN1/RGS2/ADORA1/RNF207/FGF13/SCN5A/RYR2/JUP",9
"GOBP_RENAL_TUBULAR_SECRETION","GOBP_RENAL_TUBULAR_SECRETION","3/201","13/11404",0.00135412703489648,0.055234129054988,0.0485135078060789,"EDN1/ADORA1/AGTR1",3
"GOBP_RESPONSE_TO_HYDROPEROXIDE","GOBP_RESPONSE_TO_HYDROPEROXIDE","3/201","13/11404",0.00135412703489648,0.055234129054988,0.0485135078060789,"DAPK1/MGST1/GPX3",3
"GOBP_REGULATION_OF_CATION_TRANSMEMBRANE_TRANSPORT","GOBP_REGULATION_OF_CATION_TRANSMEMBRANE_TRANSPORT","11/201","214/11404",0.00143544293821501,0.0575414626094809,0.0505400961912362,"DAPK1/EDN1/RGS2/RNF207/CTSS/FGF13/SCN5A/JPH2/FHL1/RYR2/HSPA2",11
"GOBP_AMIDE_TRANSPORT","GOBP_AMIDE_TRANSPORT","10/201","183/11404",0.00149114974401828,0.0587614094041103,0.0516116057697675,"UCP2/MGST1/TRPV4/EDN1/AACS/EPHA5/PLTP/ADORA1/SLC25A32/SPINK1",10
"GOBP_MUSCLE_CELL_DEVELOPMENT","GOBP_MUSCLE_CELL_DEVELOPMENT","8/201","124/11404",0.00155757568294572,0.0590572377429327,0.0518714391494236,"UCHL1/EDN1/LOX/ANKRD1/RGS2/ALPK2/PGM5/TTN",8
"GOBP_MUSCLE_TISSUE_DEVELOPMENT","GOBP_MUSCLE_TISSUE_DEVELOPMENT","13/201","284/11404",0.00156592291538567,0.0590572377429327,0.0518714391494236,"SOX9/EDN1/LOX/ANKRD1/RGS2/ALPK2/HOPX/SCN5A/JPH2/RYR2/PGM5/DMRTA2/TTN",13
"GOBP_ADENYLATE_CYCLASE_INHIBITING_G_PROTEIN_COUPLED_RECEPTOR_SIGNALING_PATHWAY","GOBP_ADENYLATE_CYCLASE_INHIBITING_G_PROTEIN_COUPLED_RECEPTOR_SIGNALING_PATHWAY","4/201","29/11404",0.00157485967314487,0.0590572377429327,0.0518714391494236,"EDN1/RGS2/ADORA1/S1PR3",4
"GOBP_FOLIC_ACID_METABOLIC_PROCESS","GOBP_FOLIC_ACID_METABOLIC_PROCESS","3/201","14/11404",0.00170117108616719,0.0627813138942654,0.0551423877554612,"SHMT2/ALDH1L2/SLC25A32",3
"GOBP_POSITIVE_REGULATION_OF_ION_TRANSPORT","GOBP_POSITIVE_REGULATION_OF_ION_TRANSPORT","9/201","157/11404",0.00183903431854815,0.066808668603507,0.0586797134536745,"EDN1/ADORA1/RNF207/CTSS/SCN5A/JPH2/FHL1/RYR2/HSPA2",9
"GOBP_MOLTING_CYCLE","GOBP_MOLTING_CYCLE","6/201","74/11404",0.00190524217934455,0.0681490471842474,0.0598570012619989,"SOX9/LRIG1/LGR5/GLI2/TERT/FOXE1",6
"GOBP_REGULATION_OF_SENSORY_PERCEPTION","GOBP_REGULATION_OF_SENSORY_PERCEPTION","3/201","15/11404",0.00209901743022269,0.070227255618002,0.0616823433611427,"EDN1/ADORA1/MGLL",3
"GOBP_REGULATION_OF_SYSTEMIC_ARTERIAL_BLOOD_PRESSURE_BY_HORMONE","GOBP_REGULATION_OF_SYSTEMIC_ARTERIAL_BLOOD_PRESSURE_BY_HORMONE","3/201","15/11404",0.00209901743022269,0.070227255618002,0.0616823433611427,"RPS6KA2/EDN1/AGTR1",3
"GOBP_RENAL_SYSTEM_PROCESS_INVOLVED_IN_REGULATION_OF_SYSTEMIC_ARTERIAL_BLOOD_PRESSURE","GOBP_RENAL_SYSTEM_PROCESS_INVOLVED_IN_REGULATION_OF_SYSTEMIC_ARTERIAL_BLOOD_PRESSURE","3/201","15/11404",0.00209901743022269,0.070227255618002,0.0616823433611427,"ADORA1/CORO2B/AGTR1",3
"GOBP_SEMAPHORIN_PLEXIN_SIGNALING_PATHWAY_INVOLVED_IN_NEURON_PROJECTION_GUIDANCE","GOBP_SEMAPHORIN_PLEXIN_SIGNALING_PATHWAY_INVOLVED_IN_NEURON_PROJECTION_GUIDANCE","3/201","15/11404",0.00209901743022269,0.070227255618002,0.0616823433611427,"PLXNA2/EDN1/PLXNC1",3
"GOBP_REGULATION_OF_ANION_TRANSPORT","GOBP_REGULATION_OF_ANION_TRANSPORT","5/201","52/11404",0.0021477273498825,0.070227255618002,0.0616823433611427,"SV2A/EDN1/RGS2/ADORA1/ATP8B1",5
"GOBP_CARDIAC_MUSCLE_TISSUE_DEVELOPMENT","GOBP_CARDIAC_MUSCLE_TISSUE_DEVELOPMENT","9/201","161/11404",0.00218470091338909,0.070227255618002,0.0616823433611427,"EDN1/ANKRD1/RGS2/ALPK2/HOPX/SCN5A/JPH2/RYR2/TTN",9
"GOBP_BEHAVIOR","GOBP_BEHAVIOR","15/201","368/11404",0.00219741500935453,0.070227255618002,0.0616823433611427,"ASTN1/C3orf70/UCHL1/RNF180/MCOLN3/PTCHD1/ADORA1/GRIN2B/DDO/NRXN3/FGF13/PTPRZ1/ADCY1/TAFA2/APBA1",15
"GOBP_RESPONSE_TO_MECHANICAL_STIMULUS","GOBP_RESPONSE_TO_MECHANICAL_STIMULUS","8/201","131/11404",0.0022049848000491,0.070227255618002,0.0616823433611427,"SOX9/TRPV4/EDN1/ANKRD1/RYR2/JUP/TTN/PIEZO2",8
"GOBP_CELL_GROWTH","GOBP_CELL_GROWTH","15/201","370/11404",0.00231493117863256,0.0723742591750698,0.0635681099262639,"PAPPA2/HSPA1A/SOX9/ST8SIA2/EDN1/RGS2/SEMA7A/FRZB/IGFBP1/SEMA3D/FGF13/AGTR1/FHL1/COBL/RTN4R",15
"GOBP_NEURAL_CREST_CELL_DIFFERENTIATION","GOBP_NEURAL_CREST_CELL_DIFFERENTIATION","6/201","77/11404",0.00233465352177644,0.0723742591750698,0.0635681099262639,"SOX9/EDN1/SEMA7A/FRZB/KITLG/SEMA3D",6
"GOBP_REGULATION_OF_TRANSMEMBRANE_TRANSPORT","GOBP_REGULATION_OF_TRANSMEMBRANE_TRANSPORT","14/201","335/11404",0.00244384149507102,0.0747622562636859,0.0656655470974762,"DAPK1/EDN1/RGS2/RNF207/CTSS/FGF13/CLCA3P/SCN5A/KCNJ8/JPH2/FHL1/RYR2/TERT/HSPA2",14
"GOBP_ACTION_POTENTIAL","GOBP_ACTION_POTENTIAL","6/201","78/11404",0.00249282946862558,0.0752705001890191,0.066111950364096,"RNF207/FGF13/SCN5A/KCNJ8/RYR2/JUP",6
"GOBP_VENTRICULAR_CARDIAC_MUSCLE_CELL_MEMBRANE_REPOLARIZATION","GOBP_VENTRICULAR_CARDIAC_MUSCLE_CELL_MEMBRANE_REPOLARIZATION","3/201","16/11404",0.00255009016940338,0.0760123031264468,0.0667634943136647,"RNF207/SCN5A/KCNJ8",3
"GOBP_POSITIVE_REGULATION_OF_TRANSPORTER_ACTIVITY","GOBP_POSITIVE_REGULATION_OF_TRANSPORTER_ACTIVITY","6/201","79/11404",0.00265892953686651,0.0781076821433301,0.0686039177625627,"EDN1/RNF207/CTSS/JPH2/RYR2/HSPA2",6
"GOBP_DEVELOPMENTAL_CELL_GROWTH","GOBP_DEVELOPMENTAL_CELL_GROWTH","9/201","166/11404",0.0026875761597705,0.0781076821433301,0.0686039177625627,"SOX9/ST8SIA2/EDN1/RGS2/SEMA7A/SEMA3D/FGF13/COBL/RTN4R",9
"GOBP_REGULATION_OF_ACTIN_FILAMENT_BASED_PROCESS","GOBP_REGULATION_OF_ACTIN_FILAMENT_BASED_PROCESS","13/201","303/11404",0.00276489087350178,0.0793626084060697,0.069706150676978,"GPM6B/EDN1/ABRACL/EPHA5/ADORA1/CYRIA/CORO2B/FGF13/SCN5A/ARHGAP6/RYR2/JUP/CGNL1",13
"GOBP_REGULATION_OF_CELL_ADHESION","GOBP_REGULATION_OF_CELL_ADHESION","18/201","496/11404",0.0029351454101076,0.0832221107134167,0.0730960474404203,"GPM6B/PLXNA2/SOX9/ST6GAL1/TRPV4/CD274/NLRP3/GBP1/CORO2B/FOXA1/ADTRP/CCDC80/ARHGAP6/GLI2/JUP/IL7R/ABI3BP/PLXNC1",18
"GOBP_CARDIAC_CONDUCTION","GOBP_CARDIAC_CONDUCTION","5/201","56/11404",0.0029826917260777,0.083551304375068,0.0733851864120575,"ABCC9/RNF207/SCN5A/RYR2/JUP",5
"GOBP_GAMMA_AMINOBUTYRIC_ACID_SIGNALING_PATHWAY","GOBP_GAMMA_AMINOBUTYRIC_ACID_SIGNALING_PATHWAY","3/201","17/11404",0.0030566388122286,0.084603395695613,0.0743092643574371,"GABRB2/GABRA6/GPR156",3
"GOBP_HOMOPHILIC_CELL_ADHESION_VIA_PLASMA_MEMBRANE_ADHESION_MOLECULES","GOBP_HOMOPHILIC_CELL_ADHESION_VIA_PLASMA_MEMBRANE_ADHESION_MOLECULES","7/201","110/11404",0.00327976323081252,0.0897111707251659,0.078795550065341,"FAT3/IGFN1/ROBO4/CLSTN2/DCHS2/PCDH19/NECTIN4",7
"GOBP_REGULATION_OF_SMALL_GTPASE_MEDIATED_SIGNAL_TRANSDUCTION","GOBP_REGULATION_OF_SMALL_GTPASE_MEDIATED_SIGNAL_TRANSDUCTION","11/201","239/11404",0.00340277770373348,0.0909210629855698,0.0798582284966635,"ARHGAP30/RALGPS2/SPRY3/KITLG/LPAR4/ARHGAP6/GPR174/MCF2L/CGNL1/RTN4R/RAP1GAP2",11
"GOBP_CELL_FATE_SPECIFICATION","GOBP_CELL_FATE_SPECIFICATION","5/201","58/11404",0.00347808976551654,0.0909210629855698,0.0798582284966635,"SOX9/AR/FOXA1/GLI2/DMRTA2",5
"GOBP_INTERLEUKIN_1_PRODUCTION","GOBP_INTERLEUKIN_1_PRODUCTION","5/201","58/11404",0.00347808976551654,0.0909210629855698,0.0798582284966635,"INAVA/NLRP3/CD33/S1PR3/NLRP10",5
"GOBP_SIGNAL_RELEASE","GOBP_SIGNAL_RELEASE","12/201","275/11404",0.00348041918525407,0.0909210629855698,0.0798582284966635,"SV2A/UCP2/TRPV4/EDN1/AACS/EPHA5/ADORA1/SPINK1/SNCAIP/AGTR1/ADCY1/APBA1",12
"GOBP_PHOSPHOLIPASE_C_ACTIVATING_G_PROTEIN_COUPLED_RECEPTOR_SIGNALING_PATHWAY","GOBP_PHOSPHOLIPASE_C_ACTIVATING_G_PROTEIN_COUPLED_RECEPTOR_SIGNALING_PATHWAY","4/201","36/11404",0.00354840881092011,0.0916672276154361,0.0805136034290644,"EDN1/LPAR4/GPR174/AGTR1",4
"GOBP_NEURON_FATE_SPECIFICATION","GOBP_NEURON_FATE_SPECIFICATION","3/201","18/11404",0.00362074488053874,0.091746612412371,0.0805833290684775,"FOXA1/GLI2/DMRTA2",3
"GOBP_NEGATIVE_REGULATION_OF_CELL_GROWTH","GOBP_NEGATIVE_REGULATION_OF_CELL_GROWTH","8/201","142/11404",0.00363040358793038,0.091746612412371,0.0805833290684775,"HSPA1A/RGS2/SEMA7A/FRZB/SEMA3D/FGF13/FHL1/RTN4R",8
"GOBP_CELL_COMMUNICATION_INVOLVED_IN_CARDIAC_CONDUCTION","GOBP_CELL_COMMUNICATION_INVOLVED_IN_CARDIAC_CONDUCTION","4/201","37/11404",0.0039244719970984,0.09811179992746,0.0861740314020474,"RNF207/SCN5A/RYR2/JUP",4
"GOBP_REGULATION_OF_CELL_SIZE","GOBP_REGULATION_OF_CELL_SIZE","8/201","145/11404",0.00412171151849726,0.101946588090491,0.0895422211185294,"TRPV4/EDN1/SEMA7A/SEMA3D/FGF13/IL7R/RTN4R/RAP1GAP2",8
"GOBP_PROSTATE_GLAND_MORPHOGENESIS","GOBP_PROSTATE_GLAND_MORPHOGENESIS","3/201","19/11404",0.00424432831886525,0.102388379063117,0.0899302571058054,"SOX9/AR/FOXA1",3
"GOBP_REGULATION_OF_AMINO_ACID_TRANSPORT","GOBP_REGULATION_OF_AMINO_ACID_TRANSPORT","3/201","19/11404",0.00424432831886525,0.102388379063117,0.0899302571058054,"SV2A/RGS2/ADORA1",3
"GOBP_DEVELOPMENTAL_GROWTH_INVOLVED_IN_MORPHOGENESIS","GOBP_DEVELOPMENTAL_GROWTH_INVOLVED_IN_MORPHOGENESIS","9/201","178/11404",0.00427168721252576,0.102388379063117,0.0899302571058054,"SOX9/ST8SIA2/EDN1/SEMA7A/FGF1/SEMA3D/FGF13/COBL/RTN4R",9
"GOBP_EAR_DEVELOPMENT","GOBP_EAR_DEVELOPMENT","8/201","147/11404",0.00447672254321901,0.106207958295757,0.0932850884408686,"GABRB2/SOX9/LRIG1/EDN1/MCOLN3/FRZB/ATP8B1/LGR5",8
"GOBP_REGULATION_OF_TRANSPORTER_ACTIVITY","GOBP_REGULATION_OF_TRANSPORTER_ACTIVITY","9/201","181/11404",0.00476344029256274,0.111868673537458,0.0982570352745531,"DAPK1/EDN1/RNF207/CTSS/FGF13/JPH2/FHL1/RYR2/HSPA2",9
"GOBP_CELL_CELL_SIGNALING_INVOLVED_IN_CARDIAC_CONDUCTION","GOBP_CELL_CELL_SIGNALING_INVOLVED_IN_CARDIAC_CONDUCTION","3/201","20/11404",0.00492915371123713,0.113468142362637,0.0996618884815011,"RNF207/SCN5A/RYR2",3
"GOBP_INNERVATION","GOBP_INNERVATION","3/201","20/11404",0.00492915371123713,0.113468142362637,0.0996618884815011,"GABRB2/LRIG1/EDN1",3
"GOBP_NEGATIVE_REGULATION_OF_GROWTH","GOBP_NEGATIVE_REGULATION_OF_GROWTH","9/201","184/11404",0.00529819982823649,0.120022355628322,0.105418616828045,"HSPA1A/RGS2/SEMA7A/MT1G/FRZB/SEMA3D/FGF13/FHL1/RTN4R",9
"GOBP_CELLULAR_RESPONSE_TO_INTERLEUKIN_1","GOBP_CELLULAR_RESPONSE_TO_INTERLEUKIN_1","5/201","64/11404",0.00531711941063103,0.120022355628322,0.105418616828045,"SOX9/EDN1/ANKRD1/GBP1/IL1R1",5
"GOBP_POSITIVE_REGULATION_OF_BLOOD_CIRCULATION","GOBP_POSITIVE_REGULATION_OF_BLOOD_CIRCULATION","3/201","21/11404",0.00567683631050626,0.122657945049868,0.107733520496545,"EDN1/RGS2/RYR2",3
"GOBP_POSITIVE_REGULATION_OF_INTERLEUKIN_10_PRODUCTION","GOBP_POSITIVE_REGULATION_OF_INTERLEUKIN_10_PRODUCTION","3/201","21/11404",0.00567683631050626,0.122657945049868,0.107733520496545,"CD274/INAVA/TSLP",3
"GOBP_REGULATION_OF_SYSTEMIC_ARTERIAL_BLOOD_PRESSURE_MEDIATED_BY_A_CHEMICAL_SIGNAL","GOBP_REGULATION_OF_SYSTEMIC_ARTERIAL_BLOOD_PRESSURE_MEDIATED_BY_A_CHEMICAL_SIGNAL","3/201","21/11404",0.00567683631050626,0.122657945049868,0.107733520496545,"RPS6KA2/EDN1/AGTR1",3
"GOBP_POSITIVE_REGULATION_OF_SECRETION","GOBP_POSITIVE_REGULATION_OF_SECRETION","9/201","186/11404",0.00567980195604481,0.122657945049868,0.107733520496545,"RAB15/EDN1/AACS/ANKRD1/ADORA1/MYH10/CD33/SPINK1/TTN",9
"GOBP_REGULATION_OF_ORGANIC_ACID_TRANSPORT","GOBP_REGULATION_OF_ORGANIC_ACID_TRANSPORT","4/201","41/11404",0.00569765938296162,0.122657945049868,0.107733520496545,"SV2A/EDN1/RGS2/ADORA1",4
"GOBP_MUSCLE_SYSTEM_PROCESS","GOBP_MUSCLE_SYSTEM_PROCESS","11/201","257/11404",0.00585311491920799,0.124848552175767,0.109657585159474,"TRPV4/EDN1/RGS2/ADORA1/RNF207/FGF13/SCN5A/KCNJ8/RYR2/JUP/TTN",11
"GOBP_PEPTIDE_TRANSPORT","GOBP_PEPTIDE_TRANSPORT","8/201","155/11404",0.00613721197920871,0.129718344106002,0.113934844398707,"UCP2/MGST1/TRPV4/EDN1/AACS/EPHA5/ADORA1/SPINK1",8
"GOBP_DETECTION_OF_MECHANICAL_STIMULUS","GOBP_DETECTION_OF_MECHANICAL_STIMULUS","3/201","22/11404",0.00648884788515049,0.135761727884973,0.119242898515834,"JUP/TTN/PIEZO2",3
"GOBP_CELLULAR_RESPONSE_TO_HORMONE_STIMULUS","GOBP_CELLULAR_RESPONSE_TO_HORMONE_STIMULUS","15/201","414/11404",0.00654844223512303,0.135761727884973,0.119242898515834,"HSPA1A/UCP2/AR/RAB15/EDN1/CPEB1/IGFBP1/STAT5A/CTSS/FOXA1/ADTRP/SPINK1/LGR5/AGTR1/IRS4",15
"GOBP_REGULATION_OF_BLOOD_PRESSURE","GOBP_REGULATION_OF_BLOOD_PRESSURE","6/201","95/11404",0.00659831193591484,0.135761727884973,0.119242898515834,"RPS6KA2/AR/EDN1/ADORA1/CORO2B/AGTR1",6
"GOBP_POSITIVE_REGULATION_OF_CATION_CHANNEL_ACTIVITY","GOBP_POSITIVE_REGULATION_OF_CATION_CHANNEL_ACTIVITY","4/201","43/11404",0.00675654230280007,0.136599659600088,0.119978874759104,"EDN1/RNF207/CTSS/JPH2",4
"GOBP_STRIATED_MUSCLE_CELL_DEVELOPMENT","GOBP_STRIATED_MUSCLE_CELL_DEVELOPMENT","4/201","43/11404",0.00675654230280007,0.136599659600088,0.119978874759104,"EDN1/ANKRD1/PGM5/TTN",4
"GOBP_ADENYLATE_CYCLASE_ACTIVATING_G_PROTEIN_COUPLED_RECEPTOR_SIGNALING_PATHWAY","GOBP_ADENYLATE_CYCLASE_ACTIVATING_G_PROTEIN_COUPLED_RECEPTOR_SIGNALING_PATHWAY","5/201","68/11404",0.00687095988056578,0.137715359675133,0.12095882185388,"ADGRL3/CALCB/LGR5/ADCY1/S1PR3",5
"GOBP_MUSCLE_STRUCTURE_DEVELOPMENT","GOBP_MUSCLE_STRUCTURE_DEVELOPMENT","16/201","457/11404",0.00694727166623034,0.138054757469962,0.121256923369202,"SOX9/UCHL1/EDN1/LOX/ANKRD1/RGS2/ALPK2/RBPMS2/HOPX/MKX/JPH2/FHL1/RYR2/PGM5/DMRTA2/TTN",16
"GOBP_NEGATIVE_REGULATION_OF_CELL_DEVELOPMENT","GOBP_NEGATIVE_REGULATION_OF_CELL_DEVELOPMENT","7/201","127/11404",0.00717800356656574,0.138565732988584,0.121705725862072,"SEMA7A/FRZB/GBP1/SEMA3D/FGF13/RTN4R/S1PR3",7
"GOBP_REGULATION_OF_AXONOGENESIS","GOBP_REGULATION_OF_AXONOGENESIS","7/201","127/11404",0.00717800356656574,0.138565732988584,0.121705725862072,"PLXNA2/SEMA7A/SEMA3D/FGF13/MAP6/RTN4R/PLXNC1",7
"GOBP_POSITIVE_REGULATION_OF_ION_TRANSMEMBRANE_TRANSPORT","GOBP_POSITIVE_REGULATION_OF_ION_TRANSMEMBRANE_TRANSPORT","6/201","97/11404",0.00728927793173946,0.138565732988584,0.121705725862072,"EDN1/RNF207/CTSS/JPH2/RYR2/HSPA2",6
"GOBP_NEURAL_CREST_CELL_MIGRATION","GOBP_NEURAL_CREST_CELL_MIGRATION","4/201","44/11404",0.00733165108260884,0.138565732988584,0.121705725862072,"EDN1/SEMA7A/KITLG/SEMA3D",4
"GOBP_CARDIAC_MUSCLE_CELL_MEMBRANE_REPOLARIZATION","GOBP_CARDIAC_MUSCLE_CELL_MEMBRANE_REPOLARIZATION","3/201","23/11404",0.00736652238839273,0.138565732988584,0.121705725862072,"RNF207/SCN5A/KCNJ8",3
"GOBP_NEGATIVE_REGULATION_OF_CELL_DIFFERENTIATION","GOBP_NEGATIVE_REGULATION_OF_CELL_DIFFERENTIATION","16/201","460/11404",0.00737893938789588,0.138565732988584,0.121705725862072,"COL5A2/SOX9/TRPV4/RGS2/SEMA7A/FRZB/RBPMS2/GBP1/RORB/JDP2/SEMA3D/HOPX/FGF13/FOXA1/RTN4R/S1PR3",16
"GOBP_SKIN_DEVELOPMENT","GOBP_SKIN_DEVELOPMENT","8/201","160/11404",0.0073901724260578,0.138565732988584,0.121705725862072,"COL5A2/SOX9/DHCR24/LGR5/GLI2/TCHH/JUP/FOXE1",8
"GOBP_REGULATION_OF_METAL_ION_TRANSPORT","GOBP_REGULATION_OF_METAL_ION_TRANSPORT","10/201","230/11404",0.00759891345735579,0.141339790306818,0.124142249324381,"ADORA1/RNF207/FGF13/CD33/SCN5A/SPINK1/JPH2/FHL1/RYR2/HSPA2",10
"GOBP_MUSCLE_CELL_DIFFERENTIATION","GOBP_MUSCLE_CELL_DIFFERENTIATION","11/201","267/11404",0.00771932393916241,0.141970544345382,0.124696256267138,"SOX9/UCHL1/EDN1/LOX/ANKRD1/RGS2/ALPK2/RBPMS2/HOPX/PGM5/TTN",11
"GOBP_MESENCHYMAL_CELL_DEVELOPMENT","GOBP_MESENCHYMAL_CELL_DEVELOPMENT","5/201","70/11404",0.00775611379534302,0.141970544345382,0.124696256267138,"SOX9/EDN1/SEMA7A/KITLG/SEMA3D",5
"GOBP_ANION_TRANSPORT","GOBP_ANION_TRANSPORT","12/201","305/11404",0.00782410947435465,0.141970544345382,0.124696256267138,"SV2A/GABRB2/MGST1/ABCC9/EDN1/RGS2/ADORA1/GABRA6/CLCA3P/ATP8B1/SLC25A32/APBA1",12
"GOBP_REGULATION_OF_MORPHOGENESIS_OF_AN_EPITHELIUM","GOBP_REGULATION_OF_MORPHOGENESIS_OF_AN_EPITHELIUM","4/201","45/11404",0.0079381379633977,0.141970544345382,0.124696256267138,"SOX9/AR/FGF1/RNF207",4
"GOBP_SENSORY_PERCEPTION_OF_PAIN","GOBP_SENSORY_PERCEPTION_OF_PAIN","4/201","45/11404",0.0079381379633977,0.141970544345382,0.124696256267138,"UCHL1/EDN1/ADORA1/MGLL",4
"GOBP_SYNAPSE_ASSEMBLY","GOBP_SYNAPSE_ASSEMBLY","7/201","130/11404",0.0081216857388889,0.143134947269475,0.125718980284224,"GABRB2/GPC4/ST8SIA2/IGFN1/ADGRL3/FGF13/CLSTN2",7
"GOBP_FOLIC_ACID_CONTAINING_COMPOUND_METABOLIC_PROCESS","GOBP_FOLIC_ACID_CONTAINING_COMPOUND_METABOLIC_PROCESS","3/201","24/11404",0.00831106145435659,0.143134947269475,0.125718980284224,"SHMT2/ALDH1L2/SLC25A32",3
"GOBP_PHOSPHATIDYLCHOLINE_BIOSYNTHETIC_PROCESS","GOBP_PHOSPHATIDYLCHOLINE_BIOSYNTHETIC_PROCESS","3/201","24/11404",0.00831106145435659,0.143134947269475,0.125718980284224,"PCYT1B/SLC44A5/RAB38",3
"GOBP_POSITIVE_REGULATION_OF_MUSCLE_CONTRACTION","GOBP_POSITIVE_REGULATION_OF_MUSCLE_CONTRACTION","3/201","24/11404",0.00831106145435659,0.143134947269475,0.125718980284224,"TRPV4/EDN1/RGS2",3
"GOBP_REGULATION_OF_CARDIAC_MUSCLE_CELL_ACTION_POTENTIAL","GOBP_REGULATION_OF_CARDIAC_MUSCLE_CELL_ACTION_POTENTIAL","3/201","24/11404",0.00831106145435659,0.143134947269475,0.125718980284224,"FGF13/RYR2/JUP",3
"GOBP_CELL_JUNCTION_ASSEMBLY","GOBP_CELL_JUNCTION_ASSEMBLY","12/201","308/11404",0.00842527992834191,0.144035116422022,0.126509621215041,"GPM6B/GABRB2/GPC4/ST8SIA2/TRPV4/IGFN1/ADGRL3/CORO2B/FGF13/CLSTN2/ARHGAP6/JUP",12
"GOBP_REGULATION_OF_CELL_SUBSTRATE_ADHESION","GOBP_REGULATION_OF_CELL_SUBSTRATE_ADHESION","8/201","164/11404",0.00852432125437284,0.14466457603224,0.127062491229222,"GPM6B/ST6GAL1/GBP1/CORO2B/CCDC80/ARHGAP6/JUP/ABI3BP",8
"GOBP_POSITIVE_REGULATION_OF_EPITHELIAL_CELL_PROLIFERATION","GOBP_POSITIVE_REGULATION_OF_EPITHELIAL_CELL_PROLIFERATION","7/201","132/11404",0.00879970878802022,0.147279569130157,0.129359304634977,"SOX9/AR/FGF1/STAT5A/SCN5A/SPINK1/AGTR1",7
"GOBP_DEVELOPMENTAL_GROWTH","GOBP_DEVELOPMENTAL_GROWTH","16/201","469/11404",0.00880510112219003,0.147279569130157,0.129359304634977,"SOX9/ST8SIA2/AR/EDN1/RGS2/SEMA7A/FGF1/IGFBP1/SEMA3D/STAT5A/HOPX/FGF13/GLI2/COBL/RTN4R/APBA1",16
"GOBP_CALCIUM_ION_TRANSPORT","GOBP_CALCIUM_ION_TRANSPORT","10/201","236/11404",0.00902890929195323,0.149498136983682,0.131307927899646,"TRPV4/EDN1/MCOLN3/GRIN2B/CD33/CLCA3P/SPINK1/JPH2/RYR2/HSPA2",10
"GOBP_REGULATION_OF_PROTEIN_SECRETION","GOBP_REGULATION_OF_PROTEIN_SECRETION","8/201","166/11404",0.0091380682945959,0.149498136983682,0.131307927899646,"UCP2/AACS/ANKRD1/EPHA5/MYH10/CD33/ADTRP/TTN",8
"GOBP_POSITIVE_REGULATION_OF_TRANSMEMBRANE_TRANSPORT","GOBP_POSITIVE_REGULATION_OF_TRANSMEMBRANE_TRANSPORT","7/201","133/11404",0.00915390350404191,0.149498136983682,0.131307927899646,"EDN1/RNF207/CTSS/JPH2/RYR2/TERT/HSPA2",7
"GOBP_RESPONSE_TO_ETHANOL","GOBP_RESPONSE_TO_ETHANOL","5/201","73/11404",0.00922805697968191,0.149498136983682,0.131307927899646,"ST6GAL1/RGS2/GRIN2B/MGMT/SPINK1",5
"GOBP_DEVELOPMENTAL_INDUCTION","GOBP_DEVELOPMENTAL_INDUCTION","3/201","25/11404",0.00932353972586401,0.149498136983682,0.131307927899646,"SOX9/AR/FGF1",3
"GOBP_SODIUM_ION_HOMEOSTASIS","GOBP_SODIUM_ION_HOMEOSTASIS","3/201","25/11404",0.00932353972586401,0.149498136983682,0.131307927899646,"EDN1/ADORA1/AGTR1",3
"GOBP_RESPONSE_TO_TEMPERATURE_STIMULUS","GOBP_RESPONSE_TO_TEMPERATURE_STIMULUS","7/201","134/11404",0.00951844729360604,0.151578013408452,0.133134735036739,"HSPA1A/UCP2/TRPV4/DNAJA4/FGF1/ADORA1/HSPA2",7
"GOBP_PROTEIN_LOCALIZATION_TO_EXTRACELLULAR_REGION","GOBP_PROTEIN_LOCALIZATION_TO_EXTRACELLULAR_REGION","10/201","239/11404",0.00981717525586692,0.155271649455038,0.136378947342512,"UCP2/FBN2/RAB15/AACS/ANKRD1/EPHA5/MYH10/CD33/ADTRP/TTN",10
"GOBP_HEART_DEVELOPMENT","GOBP_HEART_DEVELOPMENT","15/201","434/11404",0.00989389721767216,0.15542777723708,0.136516078252375,"RPS6KA2/SOX9/EDN1/LOX/ANKRD1/RGS2/ALPK2/RNF207/HOPX/SCN5A/KCNJ8/JPH2/GLI2/RYR2/TTN",15
"GOBP_POSITIVE_REGULATION_OF_POTASSIUM_ION_TRANSPORT","GOBP_POSITIVE_REGULATION_OF_POTASSIUM_ION_TRANSPORT","3/201","26/11404",0.0104049100183674,0.161276105284694,0.141652810074616,"ADORA1/RNF207/FHL1",3
"GOBP_SARCOMERE_ORGANIZATION","GOBP_SARCOMERE_ORGANIZATION","3/201","26/11404",0.0104049100183674,0.161276105284694,0.141652810074616,"EDN1/ANKRD1/TTN",3
"GOBP_REGULATION_OF_CATION_CHANNEL_ACTIVITY","GOBP_REGULATION_OF_CATION_CHANNEL_ACTIVITY","6/201","105/11404",0.0105817560336125,0.162509817322904,0.142736410008572,"DAPK1/EDN1/RNF207/CTSS/FGF13/JPH2",6
"GOBP_POSITIVE_REGULATION_OF_CYTOKINE_PRODUCTION_INVOLVED_IN_IMMUNE_RESPONSE","GOBP_POSITIVE_REGULATION_OF_CYTOKINE_PRODUCTION_INVOLVED_IN_IMMUNE_RESPONSE","4/201","49/11404",0.0106909844466964,0.162509817322904,0.142736410008572,"SEMA7A/INAVA/NLRP3/IL1R1",4
"GOBP_GLAND_DEVELOPMENT","GOBP_GLAND_DEVELOPMENT","12/201","318/11404",0.0106941944302814,0.162509817322904,0.142736410008572,"UCP2/SOX9/AR/EDN1/FGF1/FRZB/STAT5A/FOXA1/MGMT/GLI2/COBL/FOXE1",12
"GOBP_EPITHELIAL_TUBE_MORPHOGENESIS","GOBP_EPITHELIAL_TUBE_MORPHOGENESIS","10/201","243/11404",0.0109487889214639,0.165298274301321,0.14518558105017,"SOX9/AR/EDN1/FGF1/RNF207/FOXA1/LGR5/GLI2/RYR2/COBL",10
"GOBP_RHO_PROTEIN_SIGNAL_TRANSDUCTION","GOBP_RHO_PROTEIN_SIGNAL_TRANSDUCTION","6/201","106/11404",0.0110568296000097,0.165852444000146,0.145672322064644,"LPAR4/ARHGAP6/GPR174/AGTR1/MCF2L/RTN4R",6
"GOBP_NEGATIVE_REGULATION_OF_ACTIN_FILAMENT_BUNDLE_ASSEMBLY","GOBP_NEGATIVE_REGULATION_OF_ACTIN_FILAMENT_BUNDLE_ASSEMBLY","3/201","27/11404",0.0115560083243998,0.170048856672339,0.149358135571856,"CORO2B/ARHGAP6/CGNL1",3
"GOBP_ONE_CARBON_METABOLIC_PROCESS","GOBP_ONE_CARBON_METABOLIC_PROCESS","3/201","27/11404",0.0115560083243998,0.170048856672339,0.149358135571856,"SHMT2/CA12/ALDH1L2",3
"GOBP_REGULATION_OF_MICROTUBULE_DEPOLYMERIZATION","GOBP_REGULATION_OF_MICROTUBULE_DEPOLYMERIZATION","3/201","27/11404",0.0115560083243998,0.170048856672339,0.149358135571856,"TRPV4/FGF13/NAV3",3
"GOBP_RAS_PROTEIN_SIGNAL_TRANSDUCTION","GOBP_RAS_PROTEIN_SIGNAL_TRANSDUCTION","11/201","284/11404",0.0119228504916572,0.171721525381806,0.15082728205578,"RAB15/DHCR24/RALGPS2/SPRY3/KITLG/LPAR4/ARHGAP6/GPR174/AGTR1/MCF2L/RTN4R",11
"GOBP_REGULATION_OF_HORMONE_SECRETION","GOBP_REGULATION_OF_HORMONE_SECRETION","7/201","140/11404",0.0119324902938193,0.171721525381806,0.15082728205578,"UCP2/EDN1/AACS/EPHA5/ADORA1/SPINK1/AGTR1",7
"GOBP_CELLULAR_RESPONSE_TO_PEPTIDE_HORMONE_STIMULUS","GOBP_CELLULAR_RESPONSE_TO_PEPTIDE_HORMONE_STIMULUS","9/201","210/11404",0.012106590934527,0.171721525381806,0.15082728205578,"UCP2/RAB15/EDN1/CPEB1/IGFBP1/STAT5A/SPINK1/AGTR1/IRS4",9
"GOBP_EMBRYONIC_ORGAN_MORPHOGENESIS","GOBP_EMBRYONIC_ORGAN_MORPHOGENESIS","9/201","210/11404",0.012106590934527,0.171721525381806,0.15082728205578,"SOX9/FBN2/LRIG1/EDN1/FRZB/RBPMS2/RNF207/RYR2/FOXE1",9
"GOBP_REGULATION_OF_INFLAMMATORY_RESPONSE","GOBP_REGULATION_OF_INFLAMMATORY_RESPONSE","9/201","210/11404",0.012106590934527,0.171721525381806,0.15082728205578,"TRPV4/SEMA7A/NLRP3/TSLP/ADORA1/IL1R1/AGTR1/MGLL/NLRP10",9
"GOBP_NEGATIVE_REGULATION_OF_AXONOGENESIS","GOBP_NEGATIVE_REGULATION_OF_AXONOGENESIS","4/201","51/11404",0.0122720913132946,0.171721525381806,0.15082728205578,"SEMA7A/SEMA3D/FGF13/RTN4R",4
"GOBP_REGULATION_OF_GROWTH","GOBP_REGULATION_OF_GROWTH","16/201","487/11404",0.012316075975562,0.171721525381806,0.15082728205578,"PAPPA2/HSPA1A/AR/EDN1/RGS2/SEMA7A/MT1G/FRZB/IGFBP1/SEMA3D/STAT5A/HOPX/FGF13/AGTR1/FHL1/RTN4R",16
"GOBP_BUNDLE_OF_HIS_CELL_TO_PURKINJE_MYOCYTE_COMMUNICATION","GOBP_BUNDLE_OF_HIS_CELL_TO_PURKINJE_MYOCYTE_COMMUNICATION","2/201","10/11404",0.0126736623367834,0.171721525381806,0.15082728205578,"SCN5A/JUP",2
"GOBP_GAMMA_AMINOBUTYRIC_ACID_TRANSPORT","GOBP_GAMMA_AMINOBUTYRIC_ACID_TRANSPORT","2/201","10/11404",0.0126736623367834,0.171721525381806,0.15082728205578,"SV2A/APBA1",2
"GOBP_MAINTENANCE_OF_GASTROINTESTINAL_EPITHELIUM","GOBP_MAINTENANCE_OF_GASTROINTESTINAL_EPITHELIUM","2/201","10/11404",0.0126736623367834,0.171721525381806,0.15082728205578,"SOX9/INAVA",2
"GOBP_POSITIVE_REGULATION_OF_INTRACELLULAR_STEROID_HORMONE_RECEPTOR_SIGNALING_PATHWAY","GOBP_POSITIVE_REGULATION_OF_INTRACELLULAR_STEROID_HORMONE_RECEPTOR_SIGNALING_PATHWAY","2/201","10/11404",0.0126736623367834,0.171721525381806,0.15082728205578,"AR/FOXA1",2
"GOBP_PROTEIN_CONTAINING_COMPLEX_REMODELING","GOBP_PROTEIN_CONTAINING_COMPLEX_REMODELING","2/201","10/11404",0.0126736623367834,0.171721525381806,0.15082728205578,"PLTP/AGTR1",2
"GOBP_REGULATION_OF_SYSTEMIC_ARTERIAL_BLOOD_PRESSURE_BY_RENIN_ANGIOTENSIN","GOBP_REGULATION_OF_SYSTEMIC_ARTERIAL_BLOOD_PRESSURE_BY_RENIN_ANGIOTENSIN","2/201","10/11404",0.0126736623367834,0.171721525381806,0.15082728205578,"RPS6KA2/AGTR1",2
"GOBP_INTERLEUKIN_10_PRODUCTION","GOBP_INTERLEUKIN_10_PRODUCTION","3/201","28/11404",0.0127775586628183,0.171721525381806,0.15082728205578,"CD274/INAVA/TSLP",3
"GOBP_MEMBRANE_REPOLARIZATION","GOBP_MEMBRANE_REPOLARIZATION","3/201","28/11404",0.0127775586628183,0.171721525381806,0.15082728205578,"RNF207/SCN5A/KCNJ8",3
"GOBP_BRANCHING_MORPHOGENESIS_OF_AN_EPITHELIAL_TUBE","GOBP_BRANCHING_MORPHOGENESIS_OF_AN_EPITHELIAL_TUBE","6/201","110/11404",0.0131085771773379,0.173415574337247,0.152315207340921,"SOX9/AR/EDN1/FGF1/FOXA1/GLI2",6
"GOBP_REGULATION_OF_LEUKOCYTE_APOPTOTIC_PROCESS","GOBP_REGULATION_OF_LEUKOCYTE_APOPTOTIC_PROCESS","4/201","52/11404",0.0131157883102456,0.173415574337247,0.152315207340921,"ST6GAL1/CD274/KITLG/IL7R",4
"GOBP_REGULATION_OF_HORMONE_LEVELS","GOBP_REGULATION_OF_HORMONE_LEVELS","11/201","288/11404",0.0131273725089701,0.173415574337247,0.152315207340921,"UCP2/TRPV4/EDN1/AACS/EPHA5/ADORA1/DDO/FOXA1/SPINK1/AGTR1/FOXE1",11
"GOBP_HORMONE_TRANSPORT","GOBP_HORMONE_TRANSPORT","8/201","178/11404",0.0135368055691587,0.177813971459289,0.156178428808611,"UCP2/TRPV4/EDN1/AACS/EPHA5/ADORA1/SPINK1/AGTR1",8
"GOBP_POSITIVE_REGULATION_OF_RESPONSE_TO_CYTOKINE_STIMULUS","GOBP_POSITIVE_REGULATION_OF_RESPONSE_TO_CYTOKINE_STIMULUS","4/201","53/11404",0.0139956024939395,0.179343511182161,0.157521861547659,"HSPA1A/EDN1/TSLP/IL1R1",4
"GOBP_EXCRETION","GOBP_EXCRETION","3/201","29/11404",0.0140701777770114,0.179343511182161,0.157521861547659,"EDN1/ADORA1/AGTR1",3
"GOBP_NEGATIVE_REGULATION_OF_EPITHELIAL_CELL_DIFFERENTIATION","GOBP_NEGATIVE_REGULATION_OF_EPITHELIAL_CELL_DIFFERENTIATION","3/201","29/11404",0.0140701777770114,0.179343511182161,0.157521861547659,"SOX9/FRZB/S1PR3",3
"GOBP_POSITIVE_REGULATION_OF_CALCIUM_ION_TRANSMEMBRANE_TRANSPORTER_ACTIVITY","GOBP_POSITIVE_REGULATION_OF_CALCIUM_ION_TRANSMEMBRANE_TRANSPORTER_ACTIVITY","3/201","29/11404",0.0140701777770114,0.179343511182161,0.157521861547659,"JPH2/RYR2/HSPA2",3
"GOBP_CALCIUM_ION_TRANSMEMBRANE_TRANSPORT","GOBP_CALCIUM_ION_TRANSMEMBRANE_TRANSPORT","8/201","180/11404",0.014398527741263,0.179343511182161,0.157521861547659,"TRPV4/EDN1/MCOLN3/GRIN2B/CLCA3P/JPH2/RYR2/HSPA2",8
"GOBP_TISSUE_MORPHOGENESIS","GOBP_TISSUE_MORPHOGENESIS","15/201","454/11404",0.0144698135720086,0.179343511182161,0.157521861547659,"SOX9/GPC4/AR/EDN1/ANKRD1/FGF1/FRZB/RNF207/FOXA1/LGR5/GLI2/RYR2/COBL/TTN/FOXE1",15
"GOBP_NEGATIVE_REGULATION_OF_DEVELOPMENTAL_GROWTH","GOBP_NEGATIVE_REGULATION_OF_DEVELOPMENTAL_GROWTH","5/201","82/11404",0.0147757991278349,0.179343511182161,0.157521861547659,"RGS2/SEMA7A/SEMA3D/FGF13/RTN4R",5
"GOBP_SENSORY_ORGAN_MORPHOGENESIS","GOBP_SENSORY_ORGAN_MORPHOGENESIS","8/201","181/11404",0.0148440809180815,0.179343511182161,0.157521861547659,"COL5A2/SOX9/FBN2/LRIG1/EDN1/IGFN1/FRZB/RORB",8
"GOBP_EMBRYONIC_ORGAN_DEVELOPMENT","GOBP_EMBRYONIC_ORGAN_DEVELOPMENT","12/201","334/11404",0.0152768334400443,0.179343511182161,0.157521861547659,"SOX9/FBN2/LRIG1/EDN1/FRZB/RBPMS2/RNF207/KITLG/GLI2/RYR2/COBL/FOXE1",12
"GOBP_CD4_POSITIVE_ALPHA_BETA_T_CELL_CYTOKINE_PRODUCTION","GOBP_CD4_POSITIVE_ALPHA_BETA_T_CELL_CYTOKINE_PRODUCTION","2/201","11/11404",0.0153118461089244,0.179343511182161,0.157521861547659,"NLRP3/IL1R1",2
"GOBP_G_PROTEIN_COUPLED_RECEPTOR_SIGNALING_PATHWAY_INVOLVED_IN_HEART_PROCESS","GOBP_G_PROTEIN_COUPLED_RECEPTOR_SIGNALING_PATHWAY_INVOLVED_IN_HEART_PROCESS","2/201","11/11404",0.0153118461089244,0.179343511182161,0.157521861547659,"EDN1/RGS2",2
"GOBP_INHIBITORY_SYNAPSE_ASSEMBLY","GOBP_INHIBITORY_SYNAPSE_ASSEMBLY","2/201","11/11404",0.0153118461089244,0.179343511182161,0.157521861547659,"GABRB2/FGF13",2
"GOBP_LYMPH_NODE_DEVELOPMENT","GOBP_LYMPH_NODE_DEVELOPMENT","2/201","11/11404",0.0153118461089244,0.179343511182161,0.157521861547659,"SPNS2/IL7R",2
"GOBP_REGULATION_OF_CELL_GROWTH_INVOLVED_IN_CARDIAC_MUSCLE_CELL_DEVELOPMENT","GOBP_REGULATION_OF_CELL_GROWTH_INVOLVED_IN_CARDIAC_MUSCLE_CELL_DEVELOPMENT","2/201","11/11404",0.0153118461089244,0.179343511182161,0.157521861547659,"EDN1/RGS2",2
"GOBP_REGULATION_OF_INSULIN_LIKE_GROWTH_FACTOR_RECEPTOR_SIGNALING_PATHWAY","GOBP_REGULATION_OF_INSULIN_LIKE_GROWTH_FACTOR_RECEPTOR_SIGNALING_PATHWAY","2/201","11/11404",0.0153118461089244,0.179343511182161,0.157521861547659,"AR/IGFBP1",2
"GOBP_REGULATION_OF_PIGMENTATION","GOBP_REGULATION_OF_PIGMENTATION","2/201","11/11404",0.0153118461089244,0.179343511182161,0.157521861547659,"KITLG/SPNS2",2
"GOBP_REGULATION_OF_VENTRICULAR_CARDIAC_MUSCLE_CELL_ACTION_POTENTIAL","GOBP_REGULATION_OF_VENTRICULAR_CARDIAC_MUSCLE_CELL_ACTION_POTENTIAL","2/201","11/11404",0.0153118461089244,0.179343511182161,0.157521861547659,"RYR2/JUP",2
"GOBP_RENAL_SYSTEM_PROCESS_INVOLVED_IN_REGULATION_OF_BLOOD_VOLUME","GOBP_RENAL_SYSTEM_PROCESS_INVOLVED_IN_REGULATION_OF_BLOOD_VOLUME","2/201","11/11404",0.0153118461089244,0.179343511182161,0.157521861547659,"ADORA1/CORO2B",2
"GOBP_SPHINGOLIPID_MEDIATED_SIGNALING_PATHWAY","GOBP_SPHINGOLIPID_MEDIATED_SIGNALING_PATHWAY","2/201","11/11404",0.0153118461089244,0.179343511182161,0.157521861547659,"SPNS2/S1PR3",2
"GOBP_DETECTION_OF_STIMULUS","GOBP_DETECTION_OF_STIMULUS","6/201","114/11404",0.0154135816762039,0.179343511182161,0.157521861547659,"NLRP3/ADORA1/RYR2/JUP/TTN/PIEZO2",6
"GOBP_CAMP_MEDIATED_SIGNALING","GOBP_CAMP_MEDIATED_SIGNALING","3/201","30/11404",0.0154343796861388,0.179343511182161,0.157521861547659,"SOX9/EPHA5/ADCY1",3
"GOBP_NEGATIVE_REGULATION_OF_LEUKOCYTE_APOPTOTIC_PROCESS","GOBP_NEGATIVE_REGULATION_OF_LEUKOCYTE_APOPTOTIC_PROCESS","3/201","30/11404",0.0154343796861388,0.179343511182161,0.157521861547659,"ST6GAL1/KITLG/IL7R",3
"GOBP_PTERIDINE_CONTAINING_COMPOUND_METABOLIC_PROCESS","GOBP_PTERIDINE_CONTAINING_COMPOUND_METABOLIC_PROCESS","3/201","30/11404",0.0154343796861388,0.179343511182161,0.157521861547659,"SHMT2/ALDH1L2/SLC25A32",3
"GOBP_MULTICELLULAR_ORGANISMAL_SIGNALING","GOBP_MULTICELLULAR_ORGANISMAL_SIGNALING","5/201","83/11404",0.0155045358054255,0.179343511182161,0.157521861547659,"ABCC9/RNF207/SCN5A/RYR2/JUP",5
"GOBP_NEGATIVE_REGULATION_OF_CELL_PROJECTION_ORGANIZATION","GOBP_NEGATIVE_REGULATION_OF_CELL_PROJECTION_ORGANIZATION","7/201","148/11404",0.0158022678432438,0.181710804598121,0.159601114168808,"TRPV4/SEMA7A/SPRY3/GRIN2B/SEMA3D/FGF13/RTN4R",7
"GOBP_NERVE_DEVELOPMENT","GOBP_NERVE_DEVELOPMENT","4/201","55/11404",0.0158655025089973,0.181710804598121,0.159601114168808,"GABRB2/LRIG1/EDN1/ATP8B1",4
"GOBP_RESPONSE_TO_INTERLEUKIN_1","GOBP_RESPONSE_TO_INTERLEUKIN_1","5/201","84/11404",0.0162569151404243,0.185281018144541,0.162736921426332,"SOX9/EDN1/ANKRD1/GBP1/IL1R1",5
"GOBP_ORGANIC_ACID_TRANSPORT","GOBP_ORGANIC_ACID_TRANSPORT","8/201","185/11404",0.0167270194703025,0.18884527492922,0.165867496712026,"SV2A/EDN1/RGS2/ADORA1/FABP6/ATP8B1/SLC25A32/APBA1",8
"GOBP_SENSORY_ORGAN_DEVELOPMENT","GOBP_SENSORY_ORGAN_DEVELOPMENT","13/201","379/11404",0.0167698998305127,0.18884527492922,0.165867496712026,"COL5A2/GABRB2/CHRDL1/SOX9/FBN2/LRIG1/EDN1/IGFN1/MCOLN3/FRZB/RORB/ATP8B1/LGR5",13
"GOBP_REGULATION_OF_RAS_PROTEIN_SIGNAL_TRANSDUCTION","GOBP_REGULATION_OF_RAS_PROTEIN_SIGNAL_TRANSDUCTION","7/201","150/11404",0.0168945450259259,0.18884527492922,0.165867496712026,"RALGPS2/SPRY3/KITLG/LPAR4/GPR174/MCF2L/RTN4R",7
"GOBP_RESPONSE_TO_ALCOHOL","GOBP_RESPONSE_TO_ALCOHOL","7/201","150/11404",0.0168945450259259,0.18884527492922,0.165867496712026,"ST6GAL1/RGS2/GRIN2B/MGMT/SPINK1/ADCY1/JUP",7
"GOBP_NEGATIVE_REGULATION_OF_ION_TRANSPORT","GOBP_NEGATIVE_REGULATION_OF_ION_TRANSPORT","5/201","85/11404",0.0170332350263477,0.189484552326595,0.166428989932584,"GPM6B/RGS2/ADORA1/CD33/SPINK1",5
"GOBP_NEGATIVE_REGULATION_OF_CELL_ADHESION","GOBP_NEGATIVE_REGULATION_OF_CELL_ADHESION","8/201","187/11404",0.0177305679990196,0.192483824427396,0.16906332513374,"PLXNA2/TRPV4/CD274/GBP1/CORO2B/ADTRP/ARHGAP6/PLXNC1",8
"GOBP_POSITIVE_REGULATION_OF_PROTEIN_SECRETION","GOBP_POSITIVE_REGULATION_OF_PROTEIN_SECRETION","5/201","86/11404",0.0178337850877496,0.192483824427396,0.16906332513374,"AACS/ANKRD1/MYH10/CD33/TTN",5
"GOBP_CALCIUM_MEDIATED_SIGNALING","GOBP_CALCIUM_MEDIATED_SIGNALING","6/201","118/11404",0.0179858144255709,0.192483824427396,0.16906332513374,"EDN1/GBP1/GRIN2B/CCRL2/AGTR1/RYR2",6
"GOBP_CARBOXYLIC_ACID_TRANSPORT","GOBP_CARBOXYLIC_ACID_TRANSPORT","7/201","152/11404",0.0180392306461703,0.192483824427396,0.16906332513374,"SV2A/EDN1/RGS2/ADORA1/ATP8B1/SLC25A32/APBA1",7
"GOBP_SENSORY_PERCEPTION","GOBP_SENSORY_PERCEPTION","10/201","263/11404",0.0181533351454975,0.192483824427396,0.16906332513374,"GABRB2/UCHL1/LRIG1/EDN1/ADORA1/RORB/ATP8B1/NCAM2/MGLL/PIEZO2",10
"GOBP_EPITHELIAL_CELL_CELL_ADHESION","GOBP_EPITHELIAL_CELL_CELL_ADHESION","2/201","12/11404",0.0181631593767099,0.192483824427396,0.16906332513374,"JUP/PLEKHA7",2
"GOBP_GLUTAMATE_SECRETION","GOBP_GLUTAMATE_SECRETION","2/201","12/11404",0.0181631593767099,0.192483824427396,0.16906332513374,"ADORA1/APBA1",2
"GOBP_NEGATIVE_REGULATION_OF_AMINE_TRANSPORT","GOBP_NEGATIVE_REGULATION_OF_AMINE_TRANSPORT","2/201","12/11404",0.0181631593767099,0.192483824427396,0.16906332513374,"RGS2/ADORA1",2
"GOBP_PROTEIN_OXIDATION","GOBP_PROTEIN_OXIDATION","2/201","12/11404",0.0181631593767099,0.192483824427396,0.16906332513374,"TRABD2A/LOX",2
"GOBP_SEX_DETERMINATION","GOBP_SEX_DETERMINATION","2/201","12/11404",0.0181631593767099,0.192483824427396,0.16906332513374,"SOX9/AR",2
"GOBP_CHAPERONE_COFACTOR_DEPENDENT_PROTEIN_REFOLDING","GOBP_CHAPERONE_COFACTOR_DEPENDENT_PROTEIN_REFOLDING","3/201","32/11404",0.018379100655003,0.192483824427396,0.16906332513374,"HSPA1A/HSPA1L/HSPA2",3
"GOBP_RESPONSE_TO_CHEMOKINE","GOBP_RESPONSE_TO_CHEMOKINE","3/201","32/11404",0.018379100655003,0.192483824427396,0.16906332513374,"EDN1/LOX/CCRL2",3
"GOBP_SYNAPTIC_TRANSMISSION_GABAERGIC","GOBP_SYNAPTIC_TRANSMISSION_GABAERGIC","3/201","32/11404",0.018379100655003,0.192483824427396,0.16906332513374,"GABRB2/ADORA1/GABRA6",3
"GOBP_UROGENITAL_SYSTEM_DEVELOPMENT","GOBP_UROGENITAL_SYSTEM_DEVELOPMENT","10/201","264/11404",0.0185878545418581,0.193668831240686,0.170104146058599,"SOX9/AR/FGF1/GFRA1/FOXA1/KCNJ8/LGR5/AGTR1/DCHS2/GLI2",10
"GOBP_RESPONSE_TO_HEAT","GOBP_RESPONSE_TO_HEAT","5/201","87/11404",0.018658846536737,0.193668831240686,0.170104146058599,"HSPA1A/TRPV4/DNAJA4/FGF1/HSPA2",5
"GOBP_CARDIAC_CELL_DEVELOPMENT","GOBP_CARDIAC_CELL_DEVELOPMENT","4/201","58/11404",0.0189525971474212,0.195843503856685,0.1720142150456,"EDN1/RGS2/ALPK2/TTN",4
"GOBP_MORPHOGENESIS_OF_AN_EPITHELIUM","GOBP_MORPHOGENESIS_OF_AN_EPITHELIUM","13/201","386/11404",0.0192000797488996,0.197522944319432,0.173489309328669,"SOX9/GPC4/AR/EDN1/FGF1/FRZB/RNF207/FOXA1/LGR5/GLI2/RYR2/COBL/FOXE1",13
"GOBP_CALCIUM_ION_TRANSPORT_INTO_CYTOSOL","GOBP_CALCIUM_ION_TRANSPORT_INTO_CYTOSOL","5/201","88/11404",0.019508692038977,0.198931378830201,0.174726372351144,"TRPV4/MCOLN3/GRIN2B/JPH2/RYR2",5
"GOBP_REGULATION_OF_ANATOMICAL_STRUCTURE_SIZE","GOBP_REGULATION_OF_ANATOMICAL_STRUCTURE_SIZE","12/201","346/11404",0.0195947832689027,0.198931378830201,0.174726372351144,"TRPV4/EDN1/RGS2/SEMA7A/ADORA1/CYRIA/SEMA3D/FGF13/AGTR1/IL7R/RTN4R/RAP1GAP2",12
"GOBP_REGULATION_OF_DEVELOPMENTAL_GROWTH","GOBP_REGULATION_OF_DEVELOPMENTAL_GROWTH","9/201","228/11404",0.0196923087415228,0.198931378830201,0.174726372351144,"AR/EDN1/RGS2/SEMA7A/SEMA3D/STAT5A/HOPX/FGF13/RTN4R",9
"GOBP_COCHLEA_DEVELOPMENT","GOBP_COCHLEA_DEVELOPMENT","3/201","33/11404",0.0199601731142052,0.198931378830201,0.174726372351144,"GABRB2/SOX9/FRZB",3
"GOBP_NEGATIVE_REGULATION_OF_AXON_EXTENSION","GOBP_NEGATIVE_REGULATION_OF_AXON_EXTENSION","3/201","33/11404",0.0199601731142052,0.198931378830201,0.174726372351144,"SEMA7A/SEMA3D/RTN4R",3
"GOBP_DETECTION_OF_ABIOTIC_STIMULUS","GOBP_DETECTION_OF_ABIOTIC_STIMULUS","4/201","59/11404",0.0200584752802087,0.198931378830201,0.174726372351144,"ADORA1/JUP/TTN/PIEZO2",4
"GOBP_POSITIVE_REGULATION_OF_INTERLEUKIN_6_PRODUCTION","GOBP_POSITIVE_REGULATION_OF_INTERLEUKIN_6_PRODUCTION","4/201","59/11404",0.0200584752802087,0.198931378830201,0.174726372351144,"TRPV4/INAVA/TSLP/NLRP10",4
"GOBP_CELLULAR_RESPONSE_TO_NITROGEN_COMPOUND","GOBP_CELLULAR_RESPONSE_TO_NITROGEN_COMPOUND","15/201","475/11404",0.0208925827286734,0.198931378830201,0.174726372351144,"UCP2/COL5A2/GABRB2/SOX9/RRAGD/RAB15/EDN1/CPEB1/IGFBP1/STAT5A/SPINK1/AGTR1/RYR2/JUP/IRS4",15
"GOBP_CELL_FATE_COMMITMENT","GOBP_CELL_FATE_COMMITMENT","7/201","157/11404",0.0211379894995022,0.198931378830201,0.174726372351144,"SOX9/AR/EDN1/FGF13/FOXA1/GLI2/DMRTA2",7
"GOBP_VASCULAR_PROCESS_IN_CIRCULATORY_SYSTEM","GOBP_VASCULAR_PROCESS_IN_CIRCULATORY_SYSTEM","7/201","157/11404",0.0211379894995022,0.198931378830201,0.174726372351144,"ABCC9/TRPV4/EDN1/RGS2/ADORA1/KCNJ8/AGTR1",7
"GOBP_BODY_FLUID_SECRETION","GOBP_BODY_FLUID_SECRETION","4/201","60/11404",0.0212033651562312,0.198931378830201,0.174726372351144,"EDN1/ADORA1/STAT5A/SPINK1",4
"GOBP_REGULATION_OF_NEUROTRANSMITTER_TRANSPORT","GOBP_REGULATION_OF_NEUROTRANSMITTER_TRANSPORT","4/201","60/11404",0.0212033651562312,0.198931378830201,0.174726372351144,"GPM6B/SNCAIP/ADCY1/APBA1",4
"GOBP_ATRIAL_CARDIAC_MUSCLE_CELL_TO_AV_NODE_CELL_SIGNALING","GOBP_ATRIAL_CARDIAC_MUSCLE_CELL_TO_AV_NODE_CELL_SIGNALING","2/201","13/11404",0.0212193470752214,0.198931378830201,0.174726372351144,"SCN5A/RYR2",2
"GOBP_BRANCH_ELONGATION_OF_AN_EPITHELIUM","GOBP_BRANCH_ELONGATION_OF_AN_EPITHELIUM","2/201","13/11404",0.0212193470752214,0.198931378830201,0.174726372351144,"SOX9/FGF1",2
"GOBP_CELL_CELL_JUNCTION_MAINTENANCE","GOBP_CELL_CELL_JUNCTION_MAINTENANCE","2/201","13/11404",0.0212193470752214,0.198931378830201,0.174726372351144,"INAVA/PLEKHA7",2
"GOBP_MEMBRANE_REPOLARIZATION_DURING_CARDIAC_MUSCLE_CELL_ACTION_POTENTIAL","GOBP_MEMBRANE_REPOLARIZATION_DURING_CARDIAC_MUSCLE_CELL_ACTION_POTENTIAL","2/201","13/11404",0.0212193470752214,0.198931378830201,0.174726372351144,"RNF207/KCNJ8",2
"GOBP_NEGATIVE_REGULATION_OF_INTERLEUKIN_1_BETA_PRODUCTION","GOBP_NEGATIVE_REGULATION_OF_INTERLEUKIN_1_BETA_PRODUCTION","2/201","13/11404",0.0212193470752214,0.198931378830201,0.174726372351144,"NLRP3/CD33",2
"GOBP_NEGATIVE_REGULATION_OF_SMOOTH_MUSCLE_CONTRACTION","GOBP_NEGATIVE_REGULATION_OF_SMOOTH_MUSCLE_CONTRACTION","2/201","13/11404",0.0212193470752214,0.198931378830201,0.174726372351144,"RGS2/ADORA1",2
"GOBP_NOTOCHORD_DEVELOPMENT","GOBP_NOTOCHORD_DEVELOPMENT","2/201","13/11404",0.0212193470752214,0.198931378830201,0.174726372351144,"SOX9/COBL",2
"GOBP_NUCLEOTIDE_BINDING_OLIGOMERIZATION_DOMAIN_CONTAINING_2_SIGNALING_PATHWAY","GOBP_NUCLEOTIDE_BINDING_OLIGOMERIZATION_DOMAIN_CONTAINING_2_SIGNALING_PATHWAY","2/201","13/11404",0.0212193470752214,0.198931378830201,0.174726372351144,"HSPA1A/INAVA",2
"GOBP_POSITIVE_REGULATION_OF_CREB_TRANSCRIPTION_FACTOR_ACTIVITY","GOBP_POSITIVE_REGULATION_OF_CREB_TRANSCRIPTION_FACTOR_ACTIVITY","2/201","13/11404",0.0212193470752214,0.198931378830201,0.174726372351144,"EPHA5/ADCY1",2
"GOBP_REGULATION_OF_T_HELPER_1_TYPE_IMMUNE_RESPONSE","GOBP_REGULATION_OF_T_HELPER_1_TYPE_IMMUNE_RESPONSE","2/201","13/11404",0.0212193470752214,0.198931378830201,0.174726372351144,"IL1R1/NLRP10",2
"GOBP_TELENCEPHALON_DEVELOPMENT","GOBP_TELENCEPHALON_DEVELOPMENT","8/201","194/11404",0.0215845165384912,0.199414357856098,0.175150584828898,"ANXA3/SEMA7A/EPHA5/FGF13/SCN5A/PHACTR1/DMRTA2/RTN4R",8
"GOBP_EXTRACELLULAR_MATRIX_ASSEMBLY","GOBP_EXTRACELLULAR_MATRIX_ASSEMBLY","3/201","34/11404",0.0216139433031125,0.199414357856098,0.175150584828898,"GPM6B/SOX9/LOX",3
"GOBP_POSITIVE_REGULATION_OF_MICROTUBULE_POLYMERIZATION_OR_DEPOLYMERIZATION","GOBP_POSITIVE_REGULATION_OF_MICROTUBULE_POLYMERIZATION_OR_DEPOLYMERIZATION","3/201","34/11404",0.0216139433031125,0.199414357856098,0.175150584828898,"HSPA1A/TRPV4/NAV3",3
"GOBP_RETINA_MORPHOGENESIS_IN_CAMERA_TYPE_EYE","GOBP_RETINA_MORPHOGENESIS_IN_CAMERA_TYPE_EYE","3/201","34/11404",0.0216139433031125,0.199414357856098,0.175150584828898,"SOX9/IGFN1/RORB",3
"GOBP_MUSCLE_HYPERTROPHY","GOBP_MUSCLE_HYPERTROPHY","4/201","61/11404",0.0223875837970173,0.204925717827028,0.179991349217627,"EDN1/RGS2/RYR2/TTN",4
"GOBP_REGULATION_OF_HEART_RATE","GOBP_REGULATION_OF_HEART_RATE","4/201","61/11404",0.0223875837970173,0.204925717827028,0.179991349217627,"EDN1/SCN5A/RYR2/JUP",4
"GOBP_REGULATION_OF_LEUKOCYTE_MIGRATION","GOBP_REGULATION_OF_LEUKOCYTE_MIGRATION","6/201","125/11404",0.0231692179831715,0.210335676023687,0.18474304990875,"TRPV4/EDN1/ADORA1/KITLG/ADTRP/IL1R1",6
"GOBP_AMINE_TRANSPORT","GOBP_AMINE_TRANSPORT","3/201","35/11404",0.023340475016822,0.210335676023687,0.18474304990875,"SV2A/RGS2/ADORA1",3
"GOBP_DEVELOPMENTAL_PIGMENTATION","GOBP_DEVELOPMENTAL_PIGMENTATION","3/201","35/11404",0.023340475016822,0.210335676023687,0.18474304990875,"RAB38/KITLG/SPNS2",3
"GOBP_OOCYTE_DIFFERENTIATION","GOBP_OOCYTE_DIFFERENTIATION","3/201","35/11404",0.023340475016822,0.210335676023687,0.18474304990875,"RPS6KA2/EDN1/LGR5",3
"GOBP_SKIN_EPIDERMIS_DEVELOPMENT","GOBP_SKIN_EPIDERMIS_DEVELOPMENT","4/201","62/11404",0.0236114243536758,0.211955836379522,0.186166077001142,"SOX9/LGR5/GLI2/FOXE1",4
"GOBP_COGNITION","GOBP_COGNITION","8/201","198/11404",0.0240357993094661,0.212306996812121,0.186474509933453,"PTCHD1/ADORA1/GRIN2B/NRXN3/FGF13/PTPRZ1/ADCY1/TAFA2",8
"GOBP_CAMERA_TYPE_EYE_PHOTORECEPTOR_CELL_DIFFERENTIATION","GOBP_CAMERA_TYPE_EYE_PHOTORECEPTOR_CELL_DIFFERENTIATION","2/201","14/11404",0.0244723764067305,0.212306996812121,0.186474509933453,"SOX9/RORB",2
"GOBP_COCHLEA_MORPHOGENESIS","GOBP_COCHLEA_MORPHOGENESIS","2/201","14/11404",0.0244723764067305,0.212306996812121,0.186474509933453,"SOX9/FRZB",2
"GOBP_INTERMEDIATE_FILAMENT_ORGANIZATION","GOBP_INTERMEDIATE_FILAMENT_ORGANIZATION","2/201","14/11404",0.0244723764067305,0.212306996812121,0.186474509933453,"KRT34/TCHH",2
"GOBP_MALE_GENITALIA_DEVELOPMENT","GOBP_MALE_GENITALIA_DEVELOPMENT","2/201","14/11404",0.0244723764067305,0.212306996812121,0.186474509933453,"AR/DHCR24",2
"GOBP_NEGATIVE_REGULATION_OF_ANION_TRANSPORT","GOBP_NEGATIVE_REGULATION_OF_ANION_TRANSPORT","2/201","14/11404",0.0244723764067305,0.212306996812121,0.186474509933453,"RGS2/ADORA1",2
"GOBP_NEGATIVE_REGULATION_OF_INTERLEUKIN_1_PRODUCTION","GOBP_NEGATIVE_REGULATION_OF_INTERLEUKIN_1_PRODUCTION","2/201","14/11404",0.0244723764067305,0.212306996812121,0.186474509933453,"NLRP3/CD33",2
"GOBP_NEURAL_CREST_FORMATION","GOBP_NEURAL_CREST_FORMATION","2/201","14/11404",0.0244723764067305,0.212306996812121,0.186474509933453,"SOX9/EDN1",2
"GOBP_REGULATION_OF_RESPONSE_TO_TUMOR_CELL","GOBP_REGULATION_OF_RESPONSE_TO_TUMOR_CELL","2/201","14/11404",0.0244723764067305,0.212306996812121,0.186474509933453,"DAPK1/CD274",2
"GOBP_STEM_CELL_DIFFERENTIATION","GOBP_STEM_CELL_DIFFERENTIATION","7/201","162/11404",0.0245894992261877,0.212530058367608,0.186670430439461,"SOX9/EDN1/SEMA7A/FRZB/KITLG/SEMA3D/FOXA1",7
"GOBP_CYTOKINE_PRODUCTION_INVOLVED_IN_IMMUNE_RESPONSE","GOBP_CYTOKINE_PRODUCTION_INVOLVED_IN_IMMUNE_RESPONSE","4/201","63/11404",0.0248751562549717,0.214202734417812,0.188139583370936,"SEMA7A/INAVA/NLRP3/IL1R1",4
"GOBP_PROSTATE_GLAND_DEVELOPMENT","GOBP_PROSTATE_GLAND_DEVELOPMENT","3/201","36/11404",0.025139753762813,0.215682389293507,0.189439201009351,"SOX9/AR/FOXA1",3
"GOBP_MULTI_MULTICELLULAR_ORGANISM_PROCESS","GOBP_MULTI_MULTICELLULAR_ORGANISM_PROCESS","6/201","128/11404",0.0256693826175769,0.219416597742156,0.192719049063851,"UCP2/AR/EDN1/RGS2/DDO/STOX2",6
"GOBP_REGULATION_OF_ANIMAL_ORGAN_MORPHOGENESIS","GOBP_REGULATION_OF_ANIMAL_ORGAN_MORPHOGENESIS","5/201","95/11404",0.0261726198389204,0.222139540159424,0.195110677038724,"SOX9/GPC4/AR/EDN1/FGF1",5
"GOBP_LEUKOCYTE_HOMEOSTASIS","GOBP_LEUKOCYTE_HOMEOSTASIS","4/201","64/11404",0.0261790253779278,0.222139540159424,0.195110677038724,"DOCK11/KITLG/SPNS2/GPR174",4
"GOBP_REGULATION_OF_DNA_BINDING_TRANSCRIPTION_FACTOR_ACTIVITY","GOBP_REGULATION_OF_DNA_BINDING_TRANSCRIPTION_FACTOR_ACTIVITY","11/201","320/11404",0.0263524207136717,0.222797738761042,0.195688789223055,"HSPA1A/ANXA3/AR/EDN1/EPHA5/NLRP3/TRIM22/RHEBL1/FOXA1/ADCY1/JUP",11
"GOBP_POSITIVE_REGULATION_OF_NERVOUS_SYSTEM_DEVELOPMENT","GOBP_POSITIVE_REGULATION_OF_NERVOUS_SYSTEM_DEVELOPMENT","8/201","202/11404",0.0266766106392058,0.224721448319397,0.197378431121508,"PLXNA2/ST8SIA2/SEMA7A/CLSTN2/PTPRZ1/MAP6/DMRTA2/PLXNC1",8
"GOBP_REGULATION_OF_SMOOTH_MUSCLE_CONTRACTION","GOBP_REGULATION_OF_SMOOTH_MUSCLE_CONTRACTION","3/201","37/11404",0.0270116903891996,0.226722672039311,0.199136155633849,"EDN1/RGS2/ADORA1",3
"GOBP_FOREBRAIN_DEVELOPMENT","GOBP_FOREBRAIN_DEVELOPMENT","10/201","281/11404",0.0271994447515702,0.226926760660083,0.199315411739926,"ANXA3/SEMA7A/EPHA5/PTCHD1/FGF13/SCN5A/PHACTR1/GLI2/DMRTA2/RTN4R",10
"GOBP_EXTERNAL_ENCAPSULATING_STRUCTURE_ORGANIZATION","GOBP_EXTERNAL_ENCAPSULATING_STRUCTURE_ORGANIZATION","8/201","203/11404",0.0273671783019807,0.226926760660083,0.199315411739926,"GPM6B/COL5A2/SOX9/LOX/CTSS/ADTRP/CCDC80/ABI3BP",8
"GOBP_AXONAL_TRANSPORT_OF_MITOCHONDRION","GOBP_AXONAL_TRANSPORT_OF_MITOCHONDRION","2/201","15/11404",0.0279144316338855,0.226926760660083,0.199315411739926,"UCHL1/SYBU",2
"GOBP_DICARBOXYLIC_ACID_CATABOLIC_PROCESS","GOBP_DICARBOXYLIC_ACID_CATABOLIC_PROCESS","2/201","15/11404",0.0279144316338855,0.226926760660083,0.199315411739926,"DDO/ALDH1L2",2
"GOBP_NEGATIVE_REGULATION_OF_ORGANIC_ACID_TRANSPORT","GOBP_NEGATIVE_REGULATION_OF_ORGANIC_ACID_TRANSPORT","2/201","15/11404",0.0279144316338855,0.226926760660083,0.199315411739926,"RGS2/ADORA1",2
"GOBP_PHYSIOLOGICAL_CARDIAC_MUSCLE_HYPERTROPHY","GOBP_PHYSIOLOGICAL_CARDIAC_MUSCLE_HYPERTROPHY","2/201","15/11404",0.0279144316338855,0.226926760660083,0.199315411739926,"EDN1/RGS2",2
"GOBP_POSITIVE_REGULATION_OF_HEART_RATE","GOBP_POSITIVE_REGULATION_OF_HEART_RATE","2/201","15/11404",0.0279144316338855,0.226926760660083,0.199315411739926,"EDN1/RYR2",2
"GOBP_POSITIVE_REGULATION_OF_STEROID_METABOLIC_PROCESS","GOBP_POSITIVE_REGULATION_OF_STEROID_METABOLIC_PROCESS","2/201","15/11404",0.0279144316338855,0.226926760660083,0.199315411739926,"FGF1/AGTR1",2
"GOBP_REGULATION_OF_CARDIAC_MUSCLE_CELL_MEMBRANE_REPOLARIZATION","GOBP_REGULATION_OF_CARDIAC_MUSCLE_CELL_MEMBRANE_REPOLARIZATION","2/201","15/11404",0.0279144316338855,0.226926760660083,0.199315411739926,"RNF207/SCN5A",2
"GOBP_RESPONSE_TO_CALCIUM_ION","GOBP_RESPONSE_TO_CALCIUM_ION","5/201","97/11404",0.0283131984637277,0.229366503234031,0.201458298256489,"EDN1/SCN5A/ADCY1/RYR2/TTN",5
"GOBP_CHLORIDE_TRANSPORT","GOBP_CHLORIDE_TRANSPORT","4/201","66/11404",0.0289080422087436,0.230558183848325,0.202504980946577,"GABRB2/GABRA6/CLCA3P/ATP8B1",4
"GOBP_CARDIAC_MUSCLE_TISSUE_MORPHOGENESIS","GOBP_CARDIAC_MUSCLE_TISSUE_MORPHOGENESIS","3/201","38/11404",0.0289561245951445,0.230558183848325,0.202504980946577,"ANKRD1/RYR2/TTN",3
"GOBP_MATERNAL_PROCESS_INVOLVED_IN_FEMALE_PREGNANCY","GOBP_MATERNAL_PROCESS_INVOLVED_IN_FEMALE_PREGNANCY","3/201","38/11404",0.0289561245951445,0.230558183848325,0.202504980946577,"AR/RGS2/STOX2",3
"GOBP_NEGATIVE_REGULATION_OF_HORMONE_SECRETION","GOBP_NEGATIVE_REGULATION_OF_HORMONE_SECRETION","3/201","38/11404",0.0289561245951445,0.230558183848325,0.202504980946577,"UCP2/EDN1/ADORA1",3
"GOBP_NEURON_FATE_COMMITMENT","GOBP_NEURON_FATE_COMMITMENT","3/201","38/11404",0.0289561245951445,0.230558183848325,0.202504980946577,"FOXA1/GLI2/DMRTA2",3
"GOBP_REGULATION_OF_NERVOUS_SYSTEM_DEVELOPMENT","GOBP_REGULATION_OF_NERVOUS_SYSTEM_DEVELOPMENT","11/201","325/11404",0.0290716351217279,0.230687889617807,0.20261890474637,"PLXNA2/ST8SIA2/SEMA7A/SEMA3D/FGF13/CLSTN2/PTPRZ1/MAP6/DMRTA2/RTN4R/PLXNC1",11
"GOBP_NEGATIVE_REGULATION_OF_WNT_SIGNALING_PATHWAY","GOBP_NEGATIVE_REGULATION_OF_WNT_SIGNALING_PATHWAY","6/201","132/11404",0.0292739797572329,0.231503411345464,0.203335197740895,"TRABD2A/SOX9/ALPK2/FRZB/IGFBP1/CCDC88C",6
"GOBP_ORGANIC_ANION_TRANSPORT","GOBP_ORGANIC_ANION_TRANSPORT","8/201","206/11404",0.0295132919301331,0.232368455306542,0.204094987343381,"SV2A/MGST1/EDN1/RGS2/ADORA1/ATP8B1/SLC25A32/APBA1",8
"GOBP_RESPONSE_TO_PEPTIDE_HORMONE","GOBP_RESPONSE_TO_PEPTIDE_HORMONE","10/201","285/11404",0.0295832528046179,0.232368455306542,0.204094987343381,"UCP2/TRPV4/RAB15/EDN1/CPEB1/IGFBP1/STAT5A/SPINK1/AGTR1/IRS4",10
"GOBP_REGULATION_OF_MAP_KINASE_ACTIVITY","GOBP_REGULATION_OF_MAP_KINASE_ACTIVITY","6/201","133/11404",0.0302245345408482,0.235773756888566,0.207085948325441,"UCHL1/EDN1/RGS2/FGF1/SPRY3/KITLG",6
"GOBP_POSITIVE_REGULATION_OF_AXONOGENESIS","GOBP_POSITIVE_REGULATION_OF_AXONOGENESIS","4/201","67/11404",0.0303335657360836,0.235773756888566,0.207085948325441,"PLXNA2/SEMA7A/MAP6/PLXNC1",4
"GOBP_REGULATION_OF_RHO_PROTEIN_SIGNAL_TRANSDUCTION","GOBP_REGULATION_OF_RHO_PROTEIN_SIGNAL_TRANSDUCTION","4/201","67/11404",0.0303335657360836,0.235773756888566,0.207085948325441,"LPAR4/GPR174/MCF2L/RTN4R",4
"GOBP_AMEBOIDAL_TYPE_CELL_MIGRATION","GOBP_AMEBOIDAL_TYPE_CELL_MIGRATION","11/201","328/11404",0.0307970446701743,0.235773756888566,0.207085948325441,"ANXA3/SOX9/EDN1/DNAJA4/SEMA7A/FGF1/KITLG/SEMA3D/STAT5A/ADTRP/JUP",11
"GOBP_REGULATION_OF_CELL_DEVELOPMENT","GOBP_REGULATION_OF_CELL_DEVELOPMENT","12/201","370/11404",0.0308830593154801,0.235773756888566,0.207085948325441,"PLXNA2/SEMA7A/FRZB/GBP1/SEMA3D/FGF13/PTPRZ1/MAP6/DMRTA2/RTN4R/S1PR3/PLXNC1",12
"GOBP_MICROTUBULE_DEPOLYMERIZATION","GOBP_MICROTUBULE_DEPOLYMERIZATION","3/201","39/11404",0.0309728283266823,0.235773756888566,0.207085948325441,"TRPV4/FGF13/NAV3",3
"GOBP_POSITIVE_REGULATION_OF_INTERLEUKIN_1_PRODUCTION","GOBP_POSITIVE_REGULATION_OF_INTERLEUKIN_1_PRODUCTION","3/201","39/11404",0.0309728283266823,0.235773756888566,0.207085948325441,"INAVA/NLRP3/NLRP10",3
"GOBP_REGULATION_OF_PHOSPHOLIPASE_ACTIVITY","GOBP_REGULATION_OF_PHOSPHOLIPASE_ACTIVITY","3/201","39/11404",0.0309728283266823,0.235773756888566,0.207085948325441,"RGS2/ARHGAP6/AGTR1",3
"GOBP_EPITHELIAL_STRUCTURE_MAINTENANCE","GOBP_EPITHELIAL_STRUCTURE_MAINTENANCE","2/201","16/11404",0.0315379089859544,0.235773756888566,0.207085948325441,"SOX9/INAVA",2
"GOBP_LUNG_CELL_DIFFERENTIATION","GOBP_LUNG_CELL_DIFFERENTIATION","2/201","16/11404",0.0315379089859544,0.235773756888566,0.207085948325441,"SOX9/FOXA1",2
"GOBP_MEMBRANE_REPOLARIZATION_DURING_ACTION_POTENTIAL","GOBP_MEMBRANE_REPOLARIZATION_DURING_ACTION_POTENTIAL","2/201","16/11404",0.0315379089859544,0.235773756888566,0.207085948325441,"RNF207/KCNJ8",2
"GOBP_NEGATIVE_REGULATION_OF_INTERLEUKIN_2_PRODUCTION","GOBP_NEGATIVE_REGULATION_OF_INTERLEUKIN_2_PRODUCTION","2/201","16/11404",0.0315379089859544,0.235773756888566,0.207085948325441,"GBP1/NAV3",2
"GOBP_RESPONSE_TO_SALT_STRESS","GOBP_RESPONSE_TO_SALT_STRESS","2/201","16/11404",0.0315379089859544,0.235773756888566,0.207085948325441,"PAPPA2/TRPV4",2
"GOBP_SIALYLATION","GOBP_SIALYLATION","2/201","16/11404",0.0315379089859544,0.235773756888566,0.207085948325441,"ST6GAL1/ST8SIA2",2
"GOBP_TETRAHYDROFOLATE_METABOLIC_PROCESS","GOBP_TETRAHYDROFOLATE_METABOLIC_PROCESS","2/201","16/11404",0.0315379089859544,0.235773756888566,0.207085948325441,"SHMT2/ALDH1L2",2
"GOBP_REGULATION_OF_POSTSYNAPTIC_MEMBRANE_POTENTIAL","GOBP_REGULATION_OF_POSTSYNAPTIC_MEMBRANE_POTENTIAL","4/201","68/11404",0.0317999786020534,0.236970994390302,0.208137511767826,"GABRB2/ADORA1/GRIN2B/GABRA6",4
"GOBP_CELL_SURFACE_RECEPTOR_SIGNALING_PATHWAY_INVOLVED_IN_CELL_CELL_SIGNALING","GOBP_CELL_SURFACE_RECEPTOR_SIGNALING_PATHWAY_INVOLVED_IN_CELL_CELL_SIGNALING","13/201","415/11404",0.0321738770556904,0.23899125927949,0.209911960612206,"TRABD2A/SOX9/GPC4/EDN1/ALPK2/FRZB/ADORA1/GRIN2B/IGFBP1/CCDC88C/LGR5/JUP/TERT",13
"GOBP_NEGATIVE_REGULATION_OF_SECRETION","GOBP_NEGATIVE_REGULATION_OF_SECRETION","5/201","101/11404",0.0329198807024127,0.243753893736018,0.214095100780023,"UCP2/EDN1/ADORA1/ADTRP/IL13RA2",5
"GOBP_NEURAL_RETINA_DEVELOPMENT","GOBP_NEURAL_RETINA_DEVELOPMENT","3/201","40/11404",0.0330615090611164,0.244025424022526,0.214333592576661,"SOX9/IGFN1/RORB",3
"GOBP_REGULATION_OF_ENDOTHELIAL_CELL_MIGRATION","GOBP_REGULATION_OF_ENDOTHELIAL_CELL_MIGRATION","6/201","136/11404",0.0331969814857559,0.244249942893615,0.214530793079169,"ANXA3/EDN1/DNAJA4/FGF1/STAT5A/JUP",6
"GOBP_EXTRINSIC_APOPTOTIC_SIGNALING_PATHWAY","GOBP_EXTRINSIC_APOPTOTIC_SIGNALING_PATHWAY","7/201","173/11404",0.033503832182675,0.245729999447064,0.215830763521134,"HSPA1A/DAPK1/BID/AR/G0S2/KITLG/TERT",7
"GOBP_REGULATION_OF_CHEMOTAXIS","GOBP_REGULATION_OF_CHEMOTAXIS","6/201","137/11404",0.0342284829719984,0.250255417955648,0.219805551028391,"ST6GAL1/TRPV4/EDN1/SEMA7A/FGF1/SEMA3D",6
"GOBP_ENDOTHELIAL_CELL_MIGRATION","GOBP_ENDOTHELIAL_CELL_MIGRATION","7/201","174/11404",0.0344082287362137,0.250780977466134,0.220267163003645,"ANXA3/EDN1/DNAJA4/FGF1/STAT5A/ADTRP/JUP",7
"GOBP_RENAL_SYSTEM_PROCESS","GOBP_RENAL_SYSTEM_PROCESS","4/201","70/11404",0.0348559757192995,0.252387413534042,0.221678135712979,"EDN1/ADORA1/CORO2B/AGTR1",4
"GOBP_DE_NOVO_PROTEIN_FOLDING","GOBP_DE_NOVO_PROTEIN_FOLDING","3/201","41/11404",0.035221812983076,0.252387413534042,0.221678135712979,"HSPA1A/HSPA1L/HSPA2",3
"GOBP_REGULATION_OF_MICROTUBULE_CYTOSKELETON_ORGANIZATION","GOBP_REGULATION_OF_MICROTUBULE_CYTOSKELETON_ORGANIZATION","6/201","138/11404",0.035280527875476,0.252387413534042,0.221678135712979,"HSPA1A/TRIM36/TRPV4/FGF13/MAP6/NAV3",6
"GOBP_POSITIVE_REGULATION_OF_STEM_CELL_PROLIFERATION","GOBP_POSITIVE_REGULATION_OF_STEM_CELL_PROLIFERATION","2/201","17/11404",0.0353354116757845,0.252387413534042,0.221678135712979,"KITLG/TERT",2
"GOBP_PROTEIN_KINASE_C_ACTIVATING_G_PROTEIN_COUPLED_RECEPTOR_SIGNALING_PATHWAY","GOBP_PROTEIN_KINASE_C_ACTIVATING_G_PROTEIN_COUPLED_RECEPTOR_SIGNALING_PATHWAY","2/201","17/11404",0.0353354116757845,0.252387413534042,0.221678135712979,"EDN1/DGKE",2
"GOBP_HEPATICOBILIARY_SYSTEM_DEVELOPMENT","GOBP_HEPATICOBILIARY_SYSTEM_DEVELOPMENT","5/201","103/11404",0.0353885147578915,0.252387413534042,0.221678135712979,"UCP2/SOX9/FGF1/FRZB/COBL",5
"GOBP_MAMMARY_GLAND_DEVELOPMENT","GOBP_MAMMARY_GLAND_DEVELOPMENT","5/201","103/11404",0.0353885147578915,0.252387413534042,0.221678135712979,"SOX9/AR/STAT5A/MGMT/GLI2",5
"GOBP_ENDOCRINE_PROCESS","GOBP_ENDOCRINE_PROCESS","3/201","42/11404",0.0374533280552419,0.26467777425057,0.232473064876562,"RPS6KA2/EDN1/AGTR1",3
"GOBP_NEGATIVE_REGULATION_OF_CHEMOTAXIS","GOBP_NEGATIVE_REGULATION_OF_CHEMOTAXIS","3/201","42/11404",0.0374533280552419,0.26467777425057,0.232473064876562,"ST6GAL1/SEMA7A/SEMA3D",3
"GOBP_RESPONSE_TO_FATTY_ACID","GOBP_RESPONSE_TO_FATTY_ACID","3/201","42/11404",0.0374533280552419,0.26467777425057,0.232473064876562,"UCP2/SOX9/EDN1",3
"GOBP_CYTOSOLIC_CALCIUM_ION_TRANSPORT","GOBP_CYTOSOLIC_CALCIUM_ION_TRANSPORT","5/201","105/11404",0.0379687775985208,0.267458031305501,0.23491503372164,"TRPV4/MCOLN3/GRIN2B/JPH2/RYR2",5
"GOBP_DICARBOXYLIC_ACID_METABOLIC_PROCESS","GOBP_DICARBOXYLIC_ACID_METABOLIC_PROCESS","4/201","72/11404",0.0380768208009122,0.267458031305501,0.23491503372164,"SHMT2/DDO/ALDH1L2/SLC25A32",4
"GOBP_DOPAMINERGIC_NEURON_DIFFERENTIATION","GOBP_DOPAMINERGIC_NEURON_DIFFERENTIATION","2/201","18/11404",0.0392997450251902,0.272334151244586,0.239197851008261,"FOXA1/DMRTA2",2
"GOBP_ORGAN_INDUCTION","GOBP_ORGAN_INDUCTION","2/201","18/11404",0.0392997450251902,0.272334151244586,0.239197851008261,"AR/FGF1",2
"GOBP_REGULATION_OF_PRODUCTION_OF_MOLECULAR_MEDIATOR_OF_IMMUNE_RESPONSE","GOBP_REGULATION_OF_PRODUCTION_OF_MOLECULAR_MEDIATOR_OF_IMMUNE_RESPONSE","5/201","106/11404",0.0393010522519124,0.272334151244586,0.239197851008261,"SEMA7A/INAVA/NLRP3/IL1R1/IL13RA2",5
"GOBP_CELLULAR_RESPONSE_TO_LIPID","GOBP_CELLULAR_RESPONSE_TO_LIPID","12/201","384/11404",0.0393162573040606,0.272334151244586,0.239197851008261,"HSPA1A/MGST1/SOX9/AR/EDN1/CD274/ANKRD1/NLRP3/RORB/FOXA1/ADTRP/ADCY1",12
"GOBP_LEUKOCYTE_APOPTOTIC_PROCESS","GOBP_LEUKOCYTE_APOPTOTIC_PROCESS","4/201","73/11404",0.0397492129064908,0.272334151244586,0.239197851008261,"ST6GAL1/CD274/KITLG/IL7R",4
"GOBP_CYCLIC_NUCLEOTIDE_MEDIATED_SIGNALING","GOBP_CYCLIC_NUCLEOTIDE_MEDIATED_SIGNALING","3/201","43/11404",0.0397555869866751,0.272334151244586,0.239197851008261,"SOX9/EPHA5/ADCY1",3
"GOBP_MECHANORECEPTOR_DIFFERENTIATION","GOBP_MECHANORECEPTOR_DIFFERENTIATION","3/201","43/11404",0.0397555869866751,0.272334151244586,0.239197851008261,"GABRB2/MCOLN3/ATP8B1",3
"GOBP_POSITIVE_REGULATION_OF_OXIDOREDUCTASE_ACTIVITY","GOBP_POSITIVE_REGULATION_OF_OXIDOREDUCTASE_ACTIVITY","3/201","43/11404",0.0397555869866751,0.272334151244586,0.239197851008261,"EDN1/AGTR1/TERT",3
"GOBP_REGULATION_OF_NEURON_PROJECTION_DEVELOPMENT","GOBP_REGULATION_OF_NEURON_PROJECTION_DEVELOPMENT","11/201","342/11404",0.0398252092142621,0.272334151244586,0.239197851008261,"PLXNA2/TRPV4/RGS2/SEMA7A/SEMA3D/FGF13/PPFIA2/MAP6/COBL/RTN4R/PLXNC1",11
"GOBP_CELLULAR_RESPONSE_TO_PEPTIDE","GOBP_CELLULAR_RESPONSE_TO_PEPTIDE","9/201","260/11404",0.0408133042288008,0.278272528832733,0.244413675579175,"UCP2/RAB15/EDN1/CPEB1/IGFBP1/STAT5A/SPINK1/AGTR1/IRS4",9
"GOBP_REGULATION_OF_CYTOSKELETON_ORGANIZATION","GOBP_REGULATION_OF_CYTOSKELETON_ORGANIZATION","13/201","430/11404",0.0409557707619138,0.278427388951607,0.244549693068984,"HSPA1A/GPM6B/TRIM36/TRPV4/EDN1/EPHA5/CYRIA/CORO2B/FGF13/ARHGAP6/MAP6/CGNL1/NAV3",13
"GOBP_NEGATIVE_REGULATION_OF_MAP_KINASE_ACTIVITY","GOBP_NEGATIVE_REGULATION_OF_MAP_KINASE_ACTIVITY","3/201","44/11404",0.0421280701016068,0.283597176107907,0.249090445568462,"UCHL1/RGS2/SPRY3",3
"GOBP_POSITIVE_REGULATION_OF_CALCIUM_ION_TRANSMEMBRANE_TRANSPORT","GOBP_POSITIVE_REGULATION_OF_CALCIUM_ION_TRANSMEMBRANE_TRANSPORT","3/201","44/11404",0.0421280701016068,0.283597176107907,0.249090445568462,"JPH2/RYR2/HSPA2",3
"GOBP_HEART_MORPHOGENESIS","GOBP_HEART_MORPHOGENESIS","7/201","182/11404",0.0422312510110607,0.283597176107907,0.249090445568462,"SOX9/EDN1/ANKRD1/ALPK2/RNF207/RYR2/TTN",7
"GOBP_RESPONSE_TO_PEPTIDE","GOBP_RESPONSE_TO_PEPTIDE","11/201","346/11404",0.0427122018273082,0.283597176107907,0.249090445568462,"UCP2/TRPV4/RAB15/EDN1/CPEB1/INAVA/IGFBP1/STAT5A/SPINK1/AGTR1/IRS4",11
"GOBP_BONE_MINERALIZATION","GOBP_BONE_MINERALIZATION","4/201","75/11404",0.0432180555744013,0.283597176107907,0.249090445568462,"GPM6B/SOX9/FBN2/LOX",4
"GOBP_CELLULAR_COMPONENT_ASSEMBLY_INVOLVED_IN_MORPHOGENESIS","GOBP_CELLULAR_COMPONENT_ASSEMBLY_INVOLVED_IN_MORPHOGENESIS","4/201","75/11404",0.0432180555744013,0.283597176107907,0.249090445568462,"EDN1/ANKRD1/PGM5/TTN",4
"GOBP_ACID_SECRETION","GOBP_ACID_SECRETION","2/201","19/11404",0.0434239116965225,0.283597176107907,0.249090445568462,"SV2A/APBA1",2
"GOBP_AXIS_ELONGATION","GOBP_AXIS_ELONGATION","2/201","19/11404",0.0434239116965225,0.283597176107907,0.249090445568462,"SOX9/FGF1",2
"GOBP_CHAPERONE_MEDIATED_PROTEIN_COMPLEX_ASSEMBLY","GOBP_CHAPERONE_MEDIATED_PROTEIN_COMPLEX_ASSEMBLY","2/201","19/11404",0.0434239116965225,0.283597176107907,0.249090445568462,"HSPA1A/HOPX",2
"GOBP_EPIDERMIS_MORPHOGENESIS","GOBP_EPIDERMIS_MORPHOGENESIS","2/201","19/11404",0.0434239116965225,0.283597176107907,0.249090445568462,"GLI2/FOXE1",2
"GOBP_NEGATIVE_REGULATION_OF_MUSCLE_CONTRACTION","GOBP_NEGATIVE_REGULATION_OF_MUSCLE_CONTRACTION","2/201","19/11404",0.0434239116965225,0.283597176107907,0.249090445568462,"RGS2/ADORA1",2
"GOBP_REGULATION_OF_MYELOID_CELL_APOPTOTIC_PROCESS","GOBP_REGULATION_OF_MYELOID_CELL_APOPTOTIC_PROCESS","2/201","19/11404",0.0434239116965225,0.283597176107907,0.249090445568462,"ST6GAL1/KITLG",2
"GOBP_REGULATION_OF_T_CELL_APOPTOTIC_PROCESS","GOBP_REGULATION_OF_T_CELL_APOPTOTIC_PROCESS","2/201","19/11404",0.0434239116965225,0.283597176107907,0.249090445568462,"CD274/IL7R",2
"GOBP_THYROID_GLAND_DEVELOPMENT","GOBP_THYROID_GLAND_DEVELOPMENT","2/201","19/11404",0.0434239116965225,0.283597176107907,0.249090445568462,"EDN1/FOXE1",2
"GOBP_REGULATION_OF_EPITHELIAL_CELL_MIGRATION","GOBP_REGULATION_OF_EPITHELIAL_CELL_MIGRATION","7/201","184/11404",0.0443533740632156,0.287523887297348,0.252539373562809,"ANXA3/SOX9/EDN1/DNAJA4/FGF1/STAT5A/JUP",7
"GOBP_EYE_MORPHOGENESIS","GOBP_EYE_MORPHOGENESIS","5/201","110/11404",0.0449132436474501,0.287523887297348,0.252539373562809,"COL5A2/SOX9/FBN2/IGFN1/RORB",5
"GOBP_NEGATIVE_REGULATION_OF_NEURON_PROJECTION_DEVELOPMENT","GOBP_NEGATIVE_REGULATION_OF_NEURON_PROJECTION_DEVELOPMENT","5/201","110/11404",0.0449132436474501,0.287523887297348,0.252539373562809,"TRPV4/SEMA7A/SEMA3D/FGF13/RTN4R",5
"GOBP_REGULATION_OF_PEPTIDE_TRANSPORT","GOBP_REGULATION_OF_PEPTIDE_TRANSPORT","5/201","110/11404",0.0449132436474501,0.287523887297348,0.252539373562809,"UCP2/AACS/EPHA5/ADORA1/SPINK1",5
"GOBP_MEMORY","GOBP_MEMORY","4/201","76/11404",0.0450144924628967,0.287523887297348,0.252539373562809,"PTCHD1/FGF13/ADCY1/TAFA2",4
"GOBP_MICROTUBULE_POLYMERIZATION","GOBP_MICROTUBULE_POLYMERIZATION","4/201","76/11404",0.0450144924628967,0.287523887297348,0.252539373562809,"HSPA1A/TRPV4/FGF13/NAV3",4
"GOBP_POSITIVE_REGULATION_OF_ADAPTIVE_IMMUNE_RESPONSE","GOBP_POSITIVE_REGULATION_OF_ADAPTIVE_IMMUNE_RESPONSE","4/201","76/11404",0.0450144924628967,0.287523887297348,0.252539373562809,"CD274/NLRP3/IL1R1/NLRP10",4
"GOBP_REGULATION_OF_TUBE_SIZE","GOBP_REGULATION_OF_TUBE_SIZE","4/201","76/11404",0.0450144924628967,0.287523887297348,0.252539373562809,"EDN1/RGS2/ADORA1/AGTR1",4
"GOBP_SYNAPTIC_SIGNALING","GOBP_SYNAPTIC_SIGNALING","13/201","437/11404",0.0455871679478123,0.290246437933928,0.254930657426971,"SV2A/RPS6KA2/GABRB2/EDN1/PTCHD1/ADORA1/GRIN2B/GABRA6/DGKE/CLSTN2/SNCAIP/ADCY1/APBA1",13
"GOBP_MORPHOGENESIS_OF_A_BRANCHING_STRUCTURE","GOBP_MORPHOGENESIS_OF_A_BRANCHING_STRUCTURE","6/201","147/11404",0.0456904070037926,0.290246437933928,0.254930657426971,"SOX9/AR/EDN1/FGF1/FOXA1/GLI2",6
"GOBP_REGULATION_OF_WNT_SIGNALING_PATHWAY","GOBP_REGULATION_OF_WNT_SIGNALING_PATHWAY","9/201","266/11404",0.0460258345882453,0.291580559721172,0.256102449738121,"TRABD2A/SOX9/ALPK2/FRZB/IGFBP1/CCDC88C/LGR5/JUP/TERT",9
"GOBP_REGULATION_OF_MICROTUBULE_POLYMERIZATION_OR_DEPOLYMERIZATION","GOBP_REGULATION_OF_MICROTUBULE_POLYMERIZATION_OR_DEPOLYMERIZATION","4/201","77/11404",0.0468522306464302,0.291855457475299,0.256343899265231,"HSPA1A/TRPV4/FGF13/NAV3",4
"GOBP_REGULATED_EXOCYTOSIS","GOBP_REGULATED_EXOCYTOSIS","6/201","148/11404",0.0469532861232525,0.291855457475299,0.256343899265231,"SV2A/ANXA3/RAB15/IL13RA2/ADCY1/APBA1",6
"GOBP_NEGATIVE_REGULATION_OF_CELL_SUBSTRATE_ADHESION","GOBP_NEGATIVE_REGULATION_OF_CELL_SUBSTRATE_ADHESION","3/201","46/11404",0.047081384792951,0.291855457475299,0.256343899265231,"GBP1/CORO2B/ARHGAP6",3
"GOBP_MESENCHYMAL_CELL_DIFFERENTIATION","GOBP_MESENCHYMAL_CELL_DIFFERENTIATION","7/201","187/11404",0.0476637262411715,0.291855457475299,0.256343899265231,"SOX9/EDN1/SEMA7A/FRZB/KITLG/SEMA3D/FOXA1",7
"GOBP_ACROSOME_REACTION","GOBP_ACROSOME_REACTION","2/201","20/11404",0.0477011070282209,0.291855457475299,0.256343899265231,"TRIM36/SPINK1",2
"GOBP_CELL_CELL_ADHESION_MEDIATED_BY_CADHERIN","GOBP_CELL_CELL_ADHESION_MEDIATED_BY_CADHERIN","2/201","20/11404",0.0477011070282209,0.291855457475299,0.256343899265231,"FOXA1/PLEKHA7",2
"GOBP_COLLATERAL_SPROUTING","GOBP_COLLATERAL_SPROUTING","2/201","20/11404",0.0477011070282209,0.291855457475299,0.256343899265231,"FGF13/COBL",2
"GOBP_OOCYTE_MATURATION","GOBP_OOCYTE_MATURATION","2/201","20/11404",0.0477011070282209,0.291855457475299,0.256343899265231,"RPS6KA2/EDN1",2
"GOBP_POSITIVE_REGULATION_OF_NEUTROPHIL_MIGRATION","GOBP_POSITIVE_REGULATION_OF_NEUTROPHIL_MIGRATION","2/201","20/11404",0.0477011070282209,0.291855457475299,0.256343899265231,"EDN1/IL1R1",2
"GOBP_POSITIVE_REGULATION_OF_T_CELL_CYTOKINE_PRODUCTION","GOBP_POSITIVE_REGULATION_OF_T_CELL_CYTOKINE_PRODUCTION","2/201","20/11404",0.0477011070282209,0.291855457475299,0.256343899265231,"NLRP3/IL1R1",2
"GOBP_POTASSIUM_ION_IMPORT_ACROSS_PLASMA_MEMBRANE","GOBP_POTASSIUM_ION_IMPORT_ACROSS_PLASMA_MEMBRANE","2/201","20/11404",0.0477011070282209,0.291855457475299,0.256343899265231,"ABCC9/KCNJ8",2
"GOBP_REGULATION_OF_T_CELL_DIFFERENTIATION_IN_THYMUS","GOBP_REGULATION_OF_T_CELL_DIFFERENTIATION_IN_THYMUS","2/201","20/11404",0.0477011070282209,0.291855457475299,0.256343899265231,"GLI2/IL7R",2
"GOBP_RESPONSE_TO_AMPHETAMINE","GOBP_RESPONSE_TO_AMPHETAMINE","2/201","20/11404",0.0477011070282209,0.291855457475299,0.256343899265231,"EDN1/RGS2",2
"GOBP_SYNAPSE_ORGANIZATION","GOBP_SYNAPSE_ORGANIZATION","10/201","310/11404",0.0479135763415853,0.292385997360068,0.256809885626953,"GABRB2/GPC4/ST8SIA2/IGFN1/GRIN2B/ADGRL3/FGF13/CLSTN2/SYBU/PPFIA2",10
"GOBP_DIGESTIVE_SYSTEM_PROCESS","GOBP_DIGESTIVE_SYSTEM_PROCESS","3/201","47/11404",0.0496609395745237,0.300365119888836,0.263818147180234,"SOX9/INAVA/SPINK1",3
"GOBP_LYMPHOCYTE_HOMEOSTASIS","GOBP_LYMPHOCYTE_HOMEOSTASIS","3/201","47/11404",0.0496609395745237,0.300365119888836,0.263818147180234,"DOCK11/SPNS2/GPR174",3
"GOBP_RESPONSE_TO_ESTROGEN","GOBP_RESPONSE_TO_ESTROGEN","3/201","47/11404",0.0496609395745237,0.300365119888836,0.263818147180234,"AR/HAPLN3/CITED4",3
"GOBP_CELL_SUBSTRATE_ADHESION","GOBP_CELL_SUBSTRATE_ADHESION","9/201","270/11404",0.0497378800676138,0.300365119888836,0.263818147180234,"GPM6B/ST6GAL1/GBP1/CORO2B/CCDC80/ARHGAP6/PPFIA2/JUP/ABI3BP",9
"GOBP_POSITIVE_REGULATION_OF_INFLAMMATORY_RESPONSE","GOBP_POSITIVE_REGULATION_OF_INFLAMMATORY_RESPONSE","4/201","79/11404",0.0506513668834928,0.302035270890649,0.265285082298974,"TRPV4/TSLP/AGTR1/NLRP10",4
"GOBP_POSITIVE_REGULATION_OF_LEUKOCYTE_MIGRATION","GOBP_POSITIVE_REGULATION_OF_LEUKOCYTE_MIGRATION","4/201","79/11404",0.0506513668834928,0.302035270890649,0.265285082298974,"TRPV4/EDN1/KITLG/IL1R1",4
"GOBP_SINGLE_FERTILIZATION","GOBP_SINGLE_FERTILIZATION","4/201","79/11404",0.0506513668834928,0.302035270890649,0.265285082298974,"TRIM36/AR/SPINK1/HSPA1L",4
"GOBP_VITAMIN_METABOLIC_PROCESS","GOBP_VITAMIN_METABOLIC_PROCESS","4/201","79/11404",0.0506513668834928,0.302035270890649,0.265285082298974,"SHMT2/PLTP/ALDH1L2/SLC25A32",4
"GOBP_RESPIRATORY_SYSTEM_DEVELOPMENT","GOBP_RESPIRATORY_SYSTEM_DEVELOPMENT","6/201","151/11404",0.0508712307246866,0.302035270890649,0.265285082298974,"SOX9/LOX/FGF1/HOPX/FOXA1/GLI2",6
"GOBP_MALE_SEX_DIFFERENTIATION","GOBP_MALE_SEX_DIFFERENTIATION","5/201","114/11404",0.0509815385025785,0.302035270890649,0.265285082298974,"SOX9/AR/DHCR24/KITLG/GFRA1",5
"GOBP_REGULATION_OF_ADAPTIVE_IMMUNE_RESPONSE","GOBP_REGULATION_OF_ADAPTIVE_IMMUNE_RESPONSE","5/201","114/11404",0.0509815385025785,0.302035270890649,0.265285082298974,"CD274/NLRP3/IL1R1/IL7R/NLRP10",5
"GOBP_EMBRYONIC_MORPHOGENESIS","GOBP_EMBRYONIC_MORPHOGENESIS","13/201","445/11404",0.0513155215101066,0.302035270890649,0.265285082298974,"COL5A2/SOX9/FBN2/LRIG1/AR/EDN1/FRZB/RBPMS2/RNF207/GLI2/RYR2/COBL/FOXE1",13
"GOBP_REGULATION_OF_NEUROGENESIS","GOBP_REGULATION_OF_NEUROGENESIS","9/201","272/11404",0.0516661646276209,0.302035270890649,0.265285082298974,"PLXNA2/SEMA7A/SEMA3D/FGF13/PTPRZ1/MAP6/DMRTA2/RTN4R/PLXNC1",9
"GOBP_NEGATIVE_REGULATION_OF_LOCOMOTION","GOBP_NEGATIVE_REGULATION_OF_LOCOMOTION","8/201","231/11404",0.0520179834043,0.302035270890649,0.265285082298974,"ST6GAL1/DNAJA4/SEMA7A/ADORA1/SEMA3D/ADTRP/JUP/NAV3",8
"GOBP_PHARYNGEAL_SYSTEM_DEVELOPMENT","GOBP_PHARYNGEAL_SYSTEM_DEVELOPMENT","2/201","21/11404",0.0521247144721909,0.302035270890649,0.265285082298974,"PLXNA2/EDN1",2
"GOBP_REGULATION_OF_ANIMAL_ORGAN_FORMATION","GOBP_REGULATION_OF_ANIMAL_ORGAN_FORMATION","2/201","21/11404",0.0521247144721909,0.302035270890649,0.265285082298974,"AR/FGF1",2
"GOBP_REGULATION_OF_HEART_RATE_BY_CARDIAC_CONDUCTION","GOBP_REGULATION_OF_HEART_RATE_BY_CARDIAC_CONDUCTION","2/201","21/11404",0.0521247144721909,0.302035270890649,0.265285082298974,"SCN5A/JUP",2
"GOBP_REGULATION_OF_MEMBRANE_REPOLARIZATION","GOBP_REGULATION_OF_MEMBRANE_REPOLARIZATION","2/201","21/11404",0.0521247144721909,0.302035270890649,0.265285082298974,"RNF207/SCN5A",2
"GOBP_RENAL_FILTRATION","GOBP_RENAL_FILTRATION","2/201","21/11404",0.0521247144721909,0.302035270890649,0.265285082298974,"ADORA1/CORO2B",2
"GOBP_MEMBRANE_DEPOLARIZATION","GOBP_MEMBRANE_DEPOLARIZATION","3/201","48/11404",0.0523081700343591,0.302035270890649,0.265285082298974,"EDN1/SCN5A/FHL1",3
"GOBP_NEGATIVE_REGULATION_OF_RESPONSE_TO_WOUNDING","GOBP_NEGATIVE_REGULATION_OF_RESPONSE_TO_WOUNDING","3/201","48/11404",0.0523081700343591,0.302035270890649,0.265285082298974,"EDN1/ADTRP/RTN4R",3
"GOBP_EAR_MORPHOGENESIS","GOBP_EAR_MORPHOGENESIS","4/201","80/11404",0.0526125955745001,0.302035270890649,0.265285082298974,"SOX9/LRIG1/EDN1/FRZB",4
"GOBP_REGULATION_OF_ACTOMYOSIN_STRUCTURE_ORGANIZATION","GOBP_REGULATION_OF_ACTOMYOSIN_STRUCTURE_ORGANIZATION","4/201","80/11404",0.0526125955745001,0.302035270890649,0.265285082298974,"EDN1/CORO2B/ARHGAP6/CGNL1",4
"GOBP_REGULATION_OF_REGULATED_SECRETORY_PATHWAY","GOBP_REGULATION_OF_REGULATED_SECRETORY_PATHWAY","4/201","80/11404",0.0526125955745001,0.302035270890649,0.265285082298974,"RAB15/IL13RA2/ADCY1/APBA1",4
"GOBP_SEX_DIFFERENTIATION","GOBP_SEX_DIFFERENTIATION","7/201","192/11404",0.0535240949112386,0.3058244483864,0.268613211033217,"PCYT1B/SOX9/AR/DHCR24/KITLG/GFRA1/DMRTA2",7
"GOBP_NEURON_DEATH","GOBP_NEURON_DEATH","9/201","274/11404",0.0536430851132112,0.3058244483864,0.268613211033217,"GABRB2/BID/ST8SIA2/TOX3/DHCR24/ADORA1/GRIN2B/PTPRZ1/TERT",9
"GOBP_POSITIVE_REGULATION_OF_LOCOMOTION","GOBP_POSITIVE_REGULATION_OF_LOCOMOTION","12/201","404/11404",0.0540058855041656,0.3058244483864,0.268613211033217,"ANXA3/SOX9/TRPV4/EDN1/CD274/SEMA7A/FGF1/KITLG/SEMA3D/STAT5A/IL1R1/TERT",12
"GOBP_POSITIVE_REGULATION_OF_NF_KAPPAB_TRANSCRIPTION_FACTOR_ACTIVITY","GOBP_POSITIVE_REGULATION_OF_NF_KAPPAB_TRANSCRIPTION_FACTOR_ACTIVITY","5/201","116/11404",0.054187527464384,0.3058244483864,0.268613211033217,"HSPA1A/AR/NLRP3/TRIM22/RHEBL1",5
"GOBP_POTASSIUM_ION_TRANSPORT","GOBP_POTASSIUM_ION_TRANSPORT","5/201","116/11404",0.054187527464384,0.3058244483864,0.268613211033217,"ABCC9/ADORA1/RNF207/KCNJ8/FHL1",5
"GOBP_REGULATION_OF_EXTRINSIC_APOPTOTIC_SIGNALING_PATHWAY","GOBP_REGULATION_OF_EXTRINSIC_APOPTOTIC_SIGNALING_PATHWAY","5/201","116/11404",0.054187527464384,0.3058244483864,0.268613211033217,"HSPA1A/BID/AR/G0S2/TERT",5
"GOBP_MUSCLE_ORGAN_DEVELOPMENT","GOBP_MUSCLE_ORGAN_DEVELOPMENT","8/201","233/11404",0.0541934076280417,0.3058244483864,0.268613211033217,"LOX/ANKRD1/MKX/JPH2/FHL1/RYR2/DMRTA2/TTN",8
"GOBP_POSITIVE_REGULATION_OF_PRODUCTION_OF_MOLECULAR_MEDIATOR_OF_IMMUNE_RESPONSE","GOBP_POSITIVE_REGULATION_OF_PRODUCTION_OF_MOLECULAR_MEDIATOR_OF_IMMUNE_RESPONSE","4/201","81/11404",0.0546147875992389,0.306721282517443,0.269400922731789,"SEMA7A/INAVA/NLRP3/IL1R1",4
"GOBP_REGULATION_OF_CELLULAR_COMPONENT_SIZE","GOBP_REGULATION_OF_CELLULAR_COMPONENT_SIZE","9/201","275/11404",0.0546498839930444,0.306721282517443,0.269400922731789,"TRPV4/EDN1/SEMA7A/CYRIA/SEMA3D/FGF13/IL7R/RTN4R/RAP1GAP2",9
"GOBP_STRIATED_MUSCLE_CELL_DIFFERENTIATION","GOBP_STRIATED_MUSCLE_CELL_DIFFERENTIATION","7/201","193/11404",0.0547480998902103,0.306721282517443,0.269400922731789,"EDN1/ANKRD1/RGS2/ALPK2/HOPX/PGM5/TTN",7
"GOBP_CELLULAR_COMPONENT_MAINTENANCE","GOBP_CELLULAR_COMPONENT_MAINTENANCE","3/201","49/11404",0.0550223343118154,0.307516652103295,0.270099515599499,"INAVA/GRIN2B/PLEKHA7",3
"GOBP_POSITIVE_REGULATION_OF_HYDROLASE_ACTIVITY","GOBP_POSITIVE_REGULATION_OF_HYDROLASE_ACTIVITY","12/201","406/11404",0.0556552180253797,0.310118353245484,0.272384654350306,"HSPA1A/DAPK1/DOCK11/BID/NLRP3/RALGPS2/GRIN2B/CD33/ARHGAP6/AGTR1/RTN4R/RAP1GAP2",12
"GOBP_INORGANIC_ANION_TRANSPORT","GOBP_INORGANIC_ANION_TRANSPORT","5/201","117/11404",0.0558335344924705,0.310118353245484,0.272384654350306,"GABRB2/ABCC9/GABRA6/CLCA3P/ATP8B1",5
"GOBP_CELL_CELL_SIGNALING_BY_WNT","GOBP_CELL_CELL_SIGNALING_BY_WNT","11/201","363/11404",0.0565948601314783,0.310118353245484,0.272384654350306,"TRABD2A/SOX9/GPC4/EDN1/ALPK2/FRZB/IGFBP1/CCDC88C/LGR5/JUP/TERT",11
"GOBP_EMBRYONIC_DIGESTIVE_TRACT_DEVELOPMENT","GOBP_EMBRYONIC_DIGESTIVE_TRACT_DEVELOPMENT","2/201","22/11404",0.0566883011308949,0.310118353245484,0.272384654350306,"RBPMS2/GLI2",2
"GOBP_NEGATIVE_REGULATION_OF_AXON_EXTENSION_INVOLVED_IN_AXON_GUIDANCE","GOBP_NEGATIVE_REGULATION_OF_AXON_EXTENSION_INVOLVED_IN_AXON_GUIDANCE","2/201","22/11404",0.0566883011308949,0.310118353245484,0.272384654350306,"SEMA7A/SEMA3D",2
"GOBP_NEGATIVE_REGULATION_OF_CARTILAGE_DEVELOPMENT","GOBP_NEGATIVE_REGULATION_OF_CARTILAGE_DEVELOPMENT","2/201","22/11404",0.0566883011308949,0.310118353245484,0.272384654350306,"SOX9/FRZB",2
"GOBP_NUCLEOTIDE_BINDING_DOMAIN_LEUCINE_RICH_REPEAT_CONTAINING_RECEPTOR_SIGNALING_PATHWAY","GOBP_NUCLEOTIDE_BINDING_DOMAIN_LEUCINE_RICH_REPEAT_CONTAINING_RECEPTOR_SIGNALING_PATHWAY","2/201","22/11404",0.0566883011308949,0.310118353245484,0.272384654350306,"HSPA1A/INAVA",2
"GOBP_POSITIVE_REGULATION_OF_RECEPTOR_SIGNALING_PATHWAY_VIA_STAT","GOBP_POSITIVE_REGULATION_OF_RECEPTOR_SIGNALING_PATHWAY_VIA_STAT","2/201","22/11404",0.0566883011308949,0.310118353245484,0.272384654350306,"TSLP/IL7R",2
"GOBP_PROTEIN_KINASE_A_SIGNALING","GOBP_PROTEIN_KINASE_A_SIGNALING","2/201","22/11404",0.0566883011308949,0.310118353245484,0.272384654350306,"EDN1/TTN",2
"GOBP_INORGANIC_ION_IMPORT_ACROSS_PLASMA_MEMBRANE","GOBP_INORGANIC_ION_IMPORT_ACROSS_PLASMA_MEMBRANE","3/201","50/11404",0.0578026534351473,0.312537602876087,0.274509541405596,"ABCC9/TRPV4/KCNJ8",3
"GOBP_INTERLEUKIN_8_PRODUCTION","GOBP_INTERLEUKIN_8_PRODUCTION","3/201","50/11404",0.0578026534351473,0.312537602876087,0.274509541405596,"HSPA1A/CD33/NLRP10",3
"GOBP_MUSCLE_ORGAN_MORPHOGENESIS","GOBP_MUSCLE_ORGAN_MORPHOGENESIS","3/201","50/11404",0.0578026534351473,0.312537602876087,0.274509541405596,"ANKRD1/RYR2/TTN",3
"GOBP_REGULATION_OF_LIPASE_ACTIVITY","GOBP_REGULATION_OF_LIPASE_ACTIVITY","3/201","50/11404",0.0578026534351473,0.312537602876087,0.274509541405596,"RGS2/ARHGAP6/AGTR1",3
"GOBP_REGULATION_OF_T_CELL_MEDIATED_IMMUNITY","GOBP_REGULATION_OF_T_CELL_MEDIATED_IMMUNITY","3/201","50/11404",0.0578026534351473,0.312537602876087,0.274509541405596,"NLRP3/IL1R1/IL7R",3
"GOBP_EPIDERMIS_DEVELOPMENT","GOBP_EPIDERMIS_DEVELOPMENT","7/201","196/11404",0.058524737278196,0.315707689493749,0.277293907240689,"SOX9/MCOLN3/LGR5/GLI2/KRT34/TCHH/FOXE1",7
"GOBP_CARDIAC_MUSCLE_CELL_DIFFERENTIATION","GOBP_CARDIAC_MUSCLE_CELL_DIFFERENTIATION","4/201","83/11404",0.0587415228689851,0.316143612662941,0.277676789390427,"EDN1/RGS2/ALPK2/TTN",4
"GOBP_RESPONSE_TO_BACTERIUM","GOBP_RESPONSE_TO_BACTERIUM","10/201","323/11404",0.0599587021703075,0.320003477884751,0.281067004910659,"ANXA3/EDN1/CD274/ANKRD1/INAVA/NLRP3/KCNJ8/CCDC80/IL7R/NLRP10",10
"GOBP_DICARBOXYLIC_ACID_TRANSPORT","GOBP_DICARBOXYLIC_ACID_TRANSPORT","3/201","51/11404",0.0606483135677631,0.320003477884751,0.281067004910659,"ADORA1/SLC25A32/APBA1",3
"GOBP_PHOSPHATIDYLCHOLINE_METABOLIC_PROCESS","GOBP_PHOSPHATIDYLCHOLINE_METABOLIC_PROCESS","3/201","51/11404",0.0606483135677631,0.320003477884751,0.281067004910659,"PCYT1B/SLC44A5/RAB38",3
"GOBP_SIGNAL_TRANSDUCTION_IN_ABSENCE_OF_LIGAND","GOBP_SIGNAL_TRANSDUCTION_IN_ABSENCE_OF_LIGAND","3/201","51/11404",0.0606483135677631,0.320003477884751,0.281067004910659,"HSPA1A/KITLG/TERT",3
"GOBP_WATER_SOLUBLE_VITAMIN_METABOLIC_PROCESS","GOBP_WATER_SOLUBLE_VITAMIN_METABOLIC_PROCESS","3/201","51/11404",0.0606483135677631,0.320003477884751,0.281067004910659,"SHMT2/ALDH1L2/SLC25A32",3
"GOBP_CELL_CHEMOTAXIS","GOBP_CELL_CHEMOTAXIS","6/201","158/11404",0.0607732058880403,0.320003477884751,0.281067004910659,"TRPV4/EDN1/LOX/FGF1/CCRL2/AGTR1",6
"GOBP_EPITHELIAL_CELL_DEVELOPMENT","GOBP_EPITHELIAL_CELL_DEVELOPMENT","6/201","158/11404",0.0607732058880403,0.320003477884751,0.281067004910659,"SOX9/AR/ROBO4/CCDC88C/FOXA1/S1PR3",6
"GOBP_TISSUE_MIGRATION","GOBP_TISSUE_MIGRATION","8/201","239/11404",0.0610667039143588,0.320003477884751,0.281067004910659,"ANXA3/SOX9/EDN1/DNAJA4/FGF1/STAT5A/ADTRP/JUP",8
"GOBP_CARTILAGE_DEVELOPMENT_INVOLVED_IN_ENDOCHONDRAL_BONE_MORPHOGENESIS","GOBP_CARTILAGE_DEVELOPMENT_INVOLVED_IN_ENDOCHONDRAL_BONE_MORPHOGENESIS","2/201","23/11404",0.0613856133920856,0.320003477884751,0.281067004910659,"SOX9/TRPV4",2
"GOBP_EPITHELIAL_TUBE_BRANCHING_INVOLVED_IN_LUNG_MORPHOGENESIS","GOBP_EPITHELIAL_TUBE_BRANCHING_INVOLVED_IN_LUNG_MORPHOGENESIS","2/201","23/11404",0.0613856133920856,0.320003477884751,0.281067004910659,"SOX9/FOXA1",2
"GOBP_NEGATIVE_REGULATION_OF_SIGNAL_TRANSDUCTION_IN_ABSENCE_OF_LIGAND","GOBP_NEGATIVE_REGULATION_OF_SIGNAL_TRANSDUCTION_IN_ABSENCE_OF_LIGAND","2/201","23/11404",0.0613856133920856,0.320003477884751,0.281067004910659,"HSPA1A/TERT",2
"GOBP_PROTEIN_LIPID_COMPLEX_SUBUNIT_ORGANIZATION","GOBP_PROTEIN_LIPID_COMPLEX_SUBUNIT_ORGANIZATION","2/201","23/11404",0.0613856133920856,0.320003477884751,0.281067004910659,"PLTP/AGTR1",2
"GOBP_RELAXATION_OF_MUSCLE","GOBP_RELAXATION_OF_MUSCLE","2/201","23/11404",0.0613856133920856,0.320003477884751,0.281067004910659,"RGS2/ADORA1",2
"GOBP_SECRETION_BY_TISSUE","GOBP_SECRETION_BY_TISSUE","2/201","23/11404",0.0613856133920856,0.320003477884751,0.281067004910659,"ADORA1/SPINK1",2
"GOBP_REGULATION_OF_LIPID_TRANSPORT","GOBP_REGULATION_OF_LIPID_TRANSPORT","4/201","85/11404",0.0630303220568485,0.327657291591411,0.28778953964339,"OSBPL6/EDN1/PLTP/AGTR1",4
"GOBP_NEGATIVE_REGULATION_OF_RESPONSE_TO_EXTERNAL_STIMULUS","GOBP_NEGATIVE_REGULATION_OF_RESPONSE_TO_EXTERNAL_STIMULUS","8/201","241/11404",0.0634743814267894,0.327657291591411,0.28778953964339,"ST6GAL1/EDN1/SEMA7A/NLRP3/ADORA1/SEMA3D/ADTRP/RTN4R",8
"GOBP_REGIONALIZATION","GOBP_REGIONALIZATION","8/201","241/11404",0.0634743814267894,0.327657291591411,0.28778953964339,"PLXNA2/AR/EDN1/FGF1/FOXA1/GLI2/COBL/DMRTA2",8
"GOBP_DIGESTION","GOBP_DIGESTION","3/201","52/11404",0.0635584681753662,0.327657291591411,0.28778953964339,"SOX9/INAVA/SPINK1",3
"GOBP_POSITIVE_REGULATION_OF_PEPTIDE_SECRETION","GOBP_POSITIVE_REGULATION_OF_PEPTIDE_SECRETION","3/201","52/11404",0.0635584681753662,0.327657291591411,0.28778953964339,"AACS/ADORA1/SPINK1",3
"GOBP_LEUKOCYTE_MIGRATION","GOBP_LEUKOCYTE_MIGRATION","7/201","200/11404",0.0638055684927148,0.328203422003455,0.288269219552554,"TRPV4/EDN1/ADORA1/KITLG/SPNS2/ADTRP/IL1R1",7
"GOBP_NEUROTRANSMITTER_TRANSPORT","GOBP_NEUROTRANSMITTER_TRANSPORT","5/201","122/11404",0.0644932162814563,0.330342449426026,0.290147980480584,"SV2A/GPM6B/SNCAIP/ADCY1/APBA1",5
"GOBP_REGULATION_OF_BODY_FLUID_LEVELS","GOBP_REGULATION_OF_BODY_FLUID_LEVELS","8/201","242/11404",0.0647002051829012,0.330342449426026,0.290147980480584,"TRPV4/EDN1/ADORA1/CORO2B/STAT5A/DGKE/ADTRP/SPINK1",8
"GOBP_CYTOKINE_PRODUCTION","GOBP_CYTOKINE_PRODUCTION","13/201","462/11404",0.0650936557519941,0.330342449426026,0.290147980480584,"HSPA1A/TRPV4/CD274/SEMA7A/INAVA/NLRP3/TSLP/GBP1/CD33/IL1R1/NAV3/S1PR3/NLRP10",13
"GOBP_DETOXIFICATION","GOBP_DETOXIFICATION","4/201","86/11404",0.0652350311772923,0.330342449426026,0.290147980480584,"MGST1/MT1G/MTARC2/GPX3",4
"GOBP_INTERLEUKIN_6_PRODUCTION","GOBP_INTERLEUKIN_6_PRODUCTION","4/201","86/11404",0.0652350311772923,0.330342449426026,0.290147980480584,"TRPV4/INAVA/TSLP/NLRP10",4
"GOBP_REGULATION_OF_EXTENT_OF_CELL_GROWTH","GOBP_REGULATION_OF_EXTENT_OF_CELL_GROWTH","4/201","86/11404",0.0652350311772923,0.330342449426026,0.290147980480584,"SEMA7A/SEMA3D/FGF13/RTN4R",4
"GOBP_INSULIN_LIKE_GROWTH_FACTOR_RECEPTOR_SIGNALING_PATHWAY","GOBP_INSULIN_LIKE_GROWTH_FACTOR_RECEPTOR_SIGNALING_PATHWAY","2/201","24/11404",0.0662105726591519,0.330342449426026,0.290147980480584,"AR/IGFBP1",2
"GOBP_LIPID_EXPORT_FROM_CELL","GOBP_LIPID_EXPORT_FROM_CELL","2/201","24/11404",0.0662105726591519,0.330342449426026,0.290147980480584,"EDN1/AGTR1",2
"GOBP_LUNG_EPITHELIUM_DEVELOPMENT","GOBP_LUNG_EPITHELIUM_DEVELOPMENT","2/201","24/11404",0.0662105726591519,0.330342449426026,0.290147980480584,"SOX9/FOXA1",2
"GOBP_MODIFIED_AMINO_ACID_TRANSPORT","GOBP_MODIFIED_AMINO_ACID_TRANSPORT","2/201","24/11404",0.0662105726591519,0.330342449426026,0.290147980480584,"MGST1/SLC25A32",2
"GOBP_MYELOID_CELL_APOPTOTIC_PROCESS","GOBP_MYELOID_CELL_APOPTOTIC_PROCESS","2/201","24/11404",0.0662105726591519,0.330342449426026,0.290147980480584,"ST6GAL1/KITLG",2
"GOBP_POSITIVE_REGULATION_OF_VASCULAR_ASSOCIATED_SMOOTH_MUSCLE_CELL_PROLIFERATION","GOBP_POSITIVE_REGULATION_OF_VASCULAR_ASSOCIATED_SMOOTH_MUSCLE_CELL_PROLIFERATION","2/201","24/11404",0.0662105726591519,0.330342449426026,0.290147980480584,"EDN1/TERT",2
"GOBP_RESPONSE_TO_TUMOR_CELL","GOBP_RESPONSE_TO_TUMOR_CELL","2/201","24/11404",0.0662105726591519,0.330342449426026,0.290147980480584,"DAPK1/CD274",2
"GOBP_T_CELL_CYTOKINE_PRODUCTION","GOBP_T_CELL_CYTOKINE_PRODUCTION","2/201","24/11404",0.0662105726591519,0.330342449426026,0.290147980480584,"NLRP3/IL1R1",2
"GOBP_LONG_TERM_SYNAPTIC_POTENTIATION","GOBP_LONG_TERM_SYNAPTIC_POTENTIATION","3/201","53/11404",0.0665322401162518,0.330624705999467,0.290395893441524,"ADORA1/GRIN2B/ADCY1",3
"GOBP_ERK1_AND_ERK2_CASCADE","GOBP_ERK1_AND_ERK2_CASCADE","7/201","202/11404",0.0665515537237636,0.330624705999467,0.290395893441524,"SOX9/TRPV4/EDN1/SEMA7A/FGF1/SPRY3/GBP1",7
"GOBP_AMINO_ACID_TRANSPORT","GOBP_AMINO_ACID_TRANSPORT","4/201","87/11404",0.0674796665816564,0.33452073518625,0.293817872670662,"SV2A/RGS2/ADORA1/APBA1",4
"GOBP_LIPID_LOCALIZATION","GOBP_LIPID_LOCALIZATION","9/201","287/11404",0.067698289633922,0.334890475316742,0.294142624613233,"OSBPL6/EDN1/PLTP/SPNS2/FABP6/ATP10B/APOL6/ATP8B1/AGTR1",9
"GOBP_INFLAMMATORY_RESPONSE","GOBP_INFLAMMATORY_RESPONSE","12/201","420/11404",0.0681571276127243,0.33644441974434,0.295507492610761,"TRPV4/SEMA7A/NLRP3/TSLP/ADORA1/IL1R1/CCRL2/AGTR1/ADCY1/MGLL/S1PR3/NLRP10",12
"GOBP_POSITIVE_REGULATION_OF_ESTABLISHMENT_OF_PROTEIN_LOCALIZATION","GOBP_POSITIVE_REGULATION_OF_ESTABLISHMENT_OF_PROTEIN_LOCALIZATION","8/201","245/11404",0.0684658771810556,0.337252467046513,0.296217220631686,"AACS/ANKRD1/MYH10/CORO2B/CD33/HSPA1L/JUP/TTN",8
"GOBP_POSITIVE_REGULATION_OF_CYTOKINE_PRODUCTION","GOBP_POSITIVE_REGULATION_OF_CYTOKINE_PRODUCTION","9/201","288/11404",0.0688670720659552,0.338511506455277,0.297323066224442,"HSPA1A/TRPV4/CD274/SEMA7A/INAVA/NLRP3/TSLP/IL1R1/NLRP10",9
"GOBP_REGULATION_OF_MUSCLE_ADAPTATION","GOBP_REGULATION_OF_MUSCLE_ADAPTATION","3/201","54/11404",0.0695687236569694,0.341238992621211,0.299718685086655,"EDN1/RGS2/SCN5A",3
"GOBP_ADAPTIVE_IMMUNE_RESPONSE","GOBP_ADAPTIVE_IMMUNE_RESPONSE","8/201","246/11404",0.0697505613735946,0.341410642512858,0.299869449451022,"CD274/NLRP3/CTSS/IL1R1/IL13RA2/IL7R/RAP1GAP2/NLRP10",8
"GOBP_SKELETAL_SYSTEM_DEVELOPMENT","GOBP_SKELETAL_SYSTEM_DEVELOPMENT","11/201","377/11404",0.0700732340674367,0.342269473123509,0.300623781713461,"PAPPA2/COL5A2/SOX9/FBN2/TRPV4/EDN1/LOX/HAPLN3/FRZB/SPNS2/GLI2",11
"GOBP_NEGATIVE_REGULATION_OF_IMMUNE_SYSTEM_PROCESS","GOBP_NEGATIVE_REGULATION_OF_IMMUNE_SYSTEM_PROCESS","8/201","247/11404",0.071050000278946,0.342527237022948,0.30085018215032,"SOX9/CD274/GBP1/ADORA1/KITLG/ADTRP/IL13RA2/IL7R",8
"GOBP_EPITHELIAL_CELL_MORPHOGENESIS","GOBP_EPITHELIAL_CELL_MORPHOGENESIS","2/201","25/11404",0.0711572711750899,0.342527237022948,0.30085018215032,"AR/CCDC88C",2
"GOBP_EYE_PHOTORECEPTOR_CELL_DIFFERENTIATION","GOBP_EYE_PHOTORECEPTOR_CELL_DIFFERENTIATION","2/201","25/11404",0.0711572711750899,0.342527237022948,0.30085018215032,"SOX9/RORB",2
"GOBP_LONG_TERM_MEMORY","GOBP_LONG_TERM_MEMORY","2/201","25/11404",0.0711572711750899,0.342527237022948,0.30085018215032,"PTCHD1/ADCY1",2
"GOBP_REGULATION_OF_ACUTE_INFLAMMATORY_RESPONSE","GOBP_REGULATION_OF_ACUTE_INFLAMMATORY_RESPONSE","2/201","25/11404",0.0711572711750899,0.342527237022948,0.30085018215032,"NLRP3/ADORA1",2
"GOBP_REGULATION_OF_AEROBIC_RESPIRATION","GOBP_REGULATION_OF_AEROBIC_RESPIRATION","2/201","25/11404",0.0711572711750899,0.342527237022948,0.30085018215032,"SHMT2/TRPV4",2
"GOBP_REGULATION_OF_MAST_CELL_ACTIVATION","GOBP_REGULATION_OF_MAST_CELL_ACTIVATION","2/201","25/11404",0.0711572711750899,0.342527237022948,0.30085018215032,"TSLP/IL13RA2",2
"GOBP_IMPORT_INTO_CELL","GOBP_IMPORT_INTO_CELL","5/201","126/11404",0.0719342542851932,0.345551944655112,0.303506858010602,"GPM6B/ABCC9/TRPV4/RGS2/KCNJ8",5
"GOBP_GLAND_MORPHOGENESIS","GOBP_GLAND_MORPHOGENESIS","4/201","89/11404",0.0720877828492623,0.34557545386502,0.303527506733736,"SOX9/AR/FGF1/FOXA1",4
"GOBP_REGULATION_OF_BONE_MINERALIZATION","GOBP_REGULATION_OF_BONE_MINERALIZATION","3/201","55/11404",0.0726669864155062,0.346210539786992,0.304085318477312,"GPM6B/SOX9/FBN2",3
"GOBP_REGULATION_OF_CALCIUM_ION_TRANSMEMBRANE_TRANSPORTER_ACTIVITY","GOBP_REGULATION_OF_CALCIUM_ION_TRANSMEMBRANE_TRANSPORTER_ACTIVITY","3/201","55/11404",0.0726669864155062,0.346210539786992,0.304085318477312,"JPH2/RYR2/HSPA2",3
"GOBP_SOMITE_DEVELOPMENT","GOBP_SOMITE_DEVELOPMENT","3/201","55/11404",0.0726669864155062,0.346210539786992,0.304085318477312,"PLXNA2/FRZB/COBL",3
"GOBP_SENSORY_PERCEPTION_OF_MECHANICAL_STIMULUS","GOBP_SENSORY_PERCEPTION_OF_MECHANICAL_STIMULUS","4/201","90/11404",0.0744507596145724,0.353261257354859,0.310278138887799,"GABRB2/LRIG1/ATP8B1/PIEZO2",4
"GOBP_STRESS_FIBER_ASSEMBLY","GOBP_STRESS_FIBER_ASSEMBLY","4/201","90/11404",0.0744507596145724,0.353261257354859,0.310278138887799,"CORO2B/PHACTR1/ARHGAP6/CGNL1",4
"GOBP_POSITIVE_REGULATION_OF_EPITHELIAL_CELL_MIGRATION","GOBP_POSITIVE_REGULATION_OF_EPITHELIAL_CELL_MIGRATION","5/201","128/11404",0.0758244769089671,0.356562224257946,0.31317746012922,"ANXA3/SOX9/EDN1/FGF1/STAT5A",5
"GOBP_REGULATION_OF_NEUROTRANSMITTER_LEVELS","GOBP_REGULATION_OF_NEUROTRANSMITTER_LEVELS","5/201","128/11404",0.0758244769089671,0.356562224257946,0.31317746012922,"SV2A/GPM6B/SNCAIP/ADCY1/APBA1",5
"GOBP_CELLULAR_RESPONSE_TO_CALCIUM_ION","GOBP_CELLULAR_RESPONSE_TO_CALCIUM_ION","3/201","56/11404",0.0758260712340912,0.356562224257946,0.31317746012922,"EDN1/SCN5A/ADCY1",3
"GOBP_CELLULAR_RESPONSE_TO_MECHANICAL_STIMULUS","GOBP_CELLULAR_RESPONSE_TO_MECHANICAL_STIMULUS","3/201","56/11404",0.0758260712340912,0.356562224257946,0.31317746012922,"SOX9/ANKRD1/PIEZO2",3
"GOBP_ESTABLISHMENT_OF_MITOCHONDRION_LOCALIZATION","GOBP_ESTABLISHMENT_OF_MITOCHONDRION_LOCALIZATION","2/201","26/11404",0.0762199679381501,0.356562224257946,0.31317746012922,"UCHL1/SYBU",2
"GOBP_HETEROPHILIC_CELL_CELL_ADHESION_VIA_PLASMA_MEMBRANE_CELL_ADHESION_MOLECULES","GOBP_HETEROPHILIC_CELL_CELL_ADHESION_VIA_PLASMA_MEMBRANE_CELL_ADHESION_MOLECULES","2/201","26/11404",0.0762199679381501,0.356562224257946,0.31317746012922,"SCARF2/NECTIN4",2
"GOBP_T_CELL_HOMEOSTASIS","GOBP_T_CELL_HOMEOSTASIS","2/201","26/11404",0.0762199679381501,0.356562224257946,0.31317746012922,"SPNS2/GPR174",2
"GOBP_ENDOCRINE_SYSTEM_DEVELOPMENT","GOBP_ENDOCRINE_SYSTEM_DEVELOPMENT","4/201","91/11404",0.0768526552854793,0.358800047266545,0.315142995674973,"SOX9/EDN1/GLI2/FOXE1",4
"GOBP_NEGATIVE_REGULATION_OF_TRANSPORT","GOBP_NEGATIVE_REGULATION_OF_TRANSPORT","9/201","295/11404",0.0774029874166002,0.360645181850893,0.316763623221611,"UCP2/GPM6B/EDN1/RGS2/ADORA1/CD33/ADTRP/IL13RA2/SPINK1",9
"GOBP_NEURON_PROJECTION_EXTENSION","GOBP_NEURON_PROJECTION_EXTENSION","5/201","129/11404",0.0778117065829986,0.361824435610943,0.317799391096878,"ST8SIA2/EDN1/SEMA7A/SEMA3D/RTN4R",5
"GOBP_DORSAL_VENTRAL_PATTERN_FORMATION","GOBP_DORSAL_VENTRAL_PATTERN_FORMATION","3/201","57/11404",0.0790449979836646,0.365787001455124,0.32127981112527,"EDN1/FOXA1/GLI2",3
"GOBP_CELLULAR_RESPONSE_TO_XENOBIOTIC_STIMULUS","GOBP_CELLULAR_RESPONSE_TO_XENOBIOTIC_STIMULUS","4/201","92/11404",0.0792931822509172,0.365787001455124,0.32127981112527,"UCHL1/EDN1/ANKRD1/AOX1",4
"GOBP_NEGATIVE_REGULATION_OF_TRANSMEMBRANE_RECEPTOR_PROTEIN_SERINE_THREONINE_KINASE_SIGNALING_PATHWAY","GOBP_NEGATIVE_REGULATION_OF_TRANSMEMBRANE_RECEPTOR_PROTEIN_SERINE_THREONINE_KINASE_SIGNALING_PATHWAY","4/201","92/11404",0.0792931822509172,0.365787001455124,0.32127981112527,"HSPA1A/CHRDL1/FBN2/RBPMS2",4
"GOBP_POSITIVE_REGULATION_OF_SYNAPTIC_TRANSMISSION","GOBP_POSITIVE_REGULATION_OF_SYNAPTIC_TRANSMISSION","4/201","92/11404",0.0792931822509172,0.365787001455124,0.32127981112527,"ADORA1/GRIN2B/CLSTN2/ADCY1",4
"GOBP_REGENERATION","GOBP_REGENERATION","5/201","130/11404",0.0798268769706234,0.36605280570146,0.321513273598566,"ANXA3/UCP2/IGFBP1/HOPX/RTN4R",5
"GOBP_REGULATION_OF_CELLULAR_RESPONSE_TO_GROWTH_FACTOR_STIMULUS","GOBP_REGULATION_OF_CELLULAR_RESPONSE_TO_GROWTH_FACTOR_STIMULUS","7/201","212/11404",0.0813401217172117,0.36605280570146,0.321513273598566,"HSPA1A/CHRDL1/FBN2/LOX/FGF1/RBPMS2/SPRY3",7
"GOBP_B_CELL_HOMEOSTASIS","GOBP_B_CELL_HOMEOSTASIS","2/201","27/11404",0.0813930847072501,0.36605280570146,0.321513273598566,"DOCK11/SPNS2",2
"GOBP_GENITALIA_DEVELOPMENT","GOBP_GENITALIA_DEVELOPMENT","2/201","27/11404",0.0813930847072501,0.36605280570146,0.321513273598566,"AR/DHCR24",2
"GOBP_NEURON_PROJECTION_ARBORIZATION","GOBP_NEURON_PROJECTION_ARBORIZATION","2/201","27/11404",0.0813930847072501,0.36605280570146,0.321513273598566,"SPRY3/PHACTR1",2
"GOBP_REGULATION_OF_GRANULOCYTE_CHEMOTAXIS","GOBP_REGULATION_OF_GRANULOCYTE_CHEMOTAXIS","2/201","27/11404",0.0813930847072501,0.36605280570146,0.321513273598566,"TRPV4/EDN1",2
"GOBP_REGULATION_OF_NEUTROPHIL_MIGRATION","GOBP_REGULATION_OF_NEUTROPHIL_MIGRATION","2/201","27/11404",0.0813930847072501,0.36605280570146,0.321513273598566,"EDN1/IL1R1",2
"GOBP_REGULATION_OF_STEM_CELL_PROLIFERATION","GOBP_REGULATION_OF_STEM_CELL_PROLIFERATION","2/201","27/11404",0.0813930847072501,0.36605280570146,0.321513273598566,"KITLG/TERT",2
"GOBP_RHYTHMIC_BEHAVIOR","GOBP_RHYTHMIC_BEHAVIOR","2/201","27/11404",0.0813930847072501,0.36605280570146,0.321513273598566,"C3orf70/ADORA1",2
"GOBP_SPECIFICATION_OF_ANIMAL_ORGAN_IDENTITY","GOBP_SPECIFICATION_OF_ANIMAL_ORGAN_IDENTITY","2/201","27/11404",0.0813930847072501,0.36605280570146,0.321513273598566,"AR/FGF1",2
"GOBP_T_HELPER_1_TYPE_IMMUNE_RESPONSE","GOBP_T_HELPER_1_TYPE_IMMUNE_RESPONSE","2/201","27/11404",0.0813930847072501,0.36605280570146,0.321513273598566,"IL1R1/NLRP10",2
"GOBP_DIGESTIVE_SYSTEM_DEVELOPMENT","GOBP_DIGESTIVE_SYSTEM_DEVELOPMENT","4/201","93/11404",0.0817720394099822,0.36605280570146,0.321513273598566,"RBPMS2/GLI2/COBL/FOXE1",4
"GOBP_NEUROTRANSMITTER_SECRETION","GOBP_NEUROTRANSMITTER_SECRETION","4/201","93/11404",0.0817720394099822,0.36605280570146,0.321513273598566,"SV2A/SNCAIP/ADCY1/APBA1",4
"GOBP_POSITIVE_REGULATION_OF_ENDOTHELIAL_CELL_MIGRATION","GOBP_POSITIVE_REGULATION_OF_ENDOTHELIAL_CELL_MIGRATION","4/201","93/11404",0.0817720394099822,0.36605280570146,0.321513273598566,"ANXA3/EDN1/FGF1/STAT5A",4
"GOBP_POSITIVE_REGULATION_OF_LIPID_METABOLIC_PROCESS","GOBP_POSITIVE_REGULATION_OF_LIPID_METABOLIC_PROCESS","4/201","93/11404",0.0817720394099822,0.36605280570146,0.321513273598566,"RAB38/FGF1/ADORA1/AGTR1",4
"GOBP_NEGATIVE_REGULATION_OF_SUPRAMOLECULAR_FIBER_ORGANIZATION","GOBP_NEGATIVE_REGULATION_OF_SUPRAMOLECULAR_FIBER_ORGANIZATION","5/201","131/11404",0.0818698748235523,0.36605280570146,0.321513273598566,"CORO2B/FGF13/ARHGAP6/CGNL1/NAV3",5
"GOBP_NON_CANONICAL_WNT_SIGNALING_PATHWAY","GOBP_NON_CANONICAL_WNT_SIGNALING_PATHWAY","3/201","58/11404",0.0823227653020051,0.366190775759729,0.321634456128523,"GPC4/FRZB/CCDC88C",3
"GOBP_REGULATION_OF_POTASSIUM_ION_TRANSPORT","GOBP_REGULATION_OF_POTASSIUM_ION_TRANSPORT","3/201","58/11404",0.0823227653020051,0.366190775759729,0.321634456128523,"ADORA1/RNF207/FHL1",3
"GOBP_POSITIVE_REGULATION_OF_CELL_DEATH","GOBP_POSITIVE_REGULATION_OF_CELL_DEATH","12/201","434/11404",0.0823732368698229,0.366190775759729,0.321634456128523,"UCP2/DAPK1/RPS6KA2/BID/ST8SIA2/CD274/ANKRD1/FRZB/G0S2/ADORA1/GRIN2B/FOXA1",12
"GOBP_OSSIFICATION","GOBP_OSSIFICATION","9/201","299/11404",0.0825600842090265,0.366320984324402,0.321748821545824,"GPM6B/COL5A2/CHRDL1/SOX9/FBN2/LOX/SEMA7A/RORB/GLI2",9
"GOBP_REGULATION_OF_SUPRAMOLECULAR_FIBER_ORGANIZATION","GOBP_REGULATION_OF_SUPRAMOLECULAR_FIBER_ORGANIZATION","9/201","300/11404",0.0838811686231368,0.371473746759606,0.326274620809795,"HSPA1A/TRPV4/EDN1/CYRIA/CORO2B/FGF13/ARHGAP6/CGNL1/NAV3",9
"GOBP_REGULATION_OF_CYSTEINE_TYPE_ENDOPEPTIDASE_ACTIVITY","GOBP_REGULATION_OF_CYSTEINE_TYPE_ENDOPEPTIDASE_ACTIVITY","6/201","173/11404",0.0855924357354566,0.377360570920476,0.331445164724719,"DAPK1/BID/NLRP3/DHCR24/GRIN2B/MGMT",6
"GOBP_POSITIVE_REGULATION_OF_SMOOTH_MUSCLE_CELL_PROLIFERATION","GOBP_POSITIVE_REGULATION_OF_SMOOTH_MUSCLE_CELL_PROLIFERATION","3/201","59/11404",0.0856583522674584,0.377360570920476,0.331445164724719,"EDN1/RBPMS2/TERT",3
"GOBP_NEGATIVE_REGULATION_OF_CYTOSKELETON_ORGANIZATION","GOBP_NEGATIVE_REGULATION_OF_CYTOSKELETON_ORGANIZATION","5/201","133/11404",0.0860388623542252,0.377360570920476,0.331445164724719,"CORO2B/FGF13/ARHGAP6/CGNL1/NAV3",5
"GOBP_HOMEOSTASIS_OF_NUMBER_OF_CELLS","GOBP_HOMEOSTASIS_OF_NUMBER_OF_CELLS","7/201","215/11404",0.0861202005787255,0.377360570920476,0.331445164724719,"HSPA1A/SOX9/DOCK11/KITLG/SPNS2/GPR174/IL7R",7
"GOBP_MITOCHONDRIAL_OUTER_MEMBRANE_PERMEABILIZATION","GOBP_MITOCHONDRIAL_OUTER_MEMBRANE_PERMEABILIZATION","2/201","28/11404",0.0866712020952834,0.377360570920476,0.331445164724719,"HSPA1A/BID",2
"GOBP_NEGATIVE_REGULATION_OF_COAGULATION","GOBP_NEGATIVE_REGULATION_OF_COAGULATION","2/201","28/11404",0.0866712020952834,0.377360570920476,0.331445164724719,"EDN1/ADTRP",2
"GOBP_NEGATIVE_REGULATION_OF_LEUKOCYTE_MEDIATED_IMMUNITY","GOBP_NEGATIVE_REGULATION_OF_LEUKOCYTE_MEDIATED_IMMUNITY","2/201","28/11404",0.0866712020952834,0.377360570920476,0.331445164724719,"IL13RA2/IL7R",2
"GOBP_POSITIVE_REGULATION_OF_MORPHOGENESIS_OF_AN_EPITHELIUM","GOBP_POSITIVE_REGULATION_OF_MORPHOGENESIS_OF_AN_EPITHELIUM","2/201","28/11404",0.0866712020952834,0.377360570920476,0.331445164724719,"SOX9/AR",2
"GOBP_RESPONSE_TO_AMINE","GOBP_RESPONSE_TO_AMINE","2/201","28/11404",0.0866712020952834,0.377360570920476,0.331445164724719,"EDN1/RGS2",2
"GOBP_POSITIVE_REGULATION_OF_NEUROGENESIS","GOBP_POSITIVE_REGULATION_OF_NEUROGENESIS","6/201","174/11404",0.0874204431282868,0.379911271538816,0.333685508448355,"PLXNA2/SEMA7A/PTPRZ1/MAP6/DMRTA2/PLXNC1",6
"GOBP_CYTOSKELETON_DEPENDENT_INTRACELLULAR_TRANSPORT","GOBP_CYTOSKELETON_DEPENDENT_INTRACELLULAR_TRANSPORT","6/201","176/11404",0.0911405954455371,0.389600979774362,0.342196219926321,"UCHL1/CCDC88C/SYBU/PPFIA2/MAP6/APBA1",6
"GOBP_BILE_ACID_METABOLIC_PROCESS","GOBP_BILE_ACID_METABOLIC_PROCESS","2/201","29/11404",0.0920490557484888,0.389600979774362,0.342196219926321,"OSBPL6/ATP8B1",2
"GOBP_BIOLOGICAL_PROCESS_INVOLVED_IN_INTRASPECIES_INTERACTION_BETWEEN_ORGANISMS","GOBP_BIOLOGICAL_PROCESS_INVOLVED_IN_INTRASPECIES_INTERACTION_BETWEEN_ORGANISMS","2/201","29/11404",0.0920490557484888,0.389600979774362,0.342196219926321,"PTCHD1/NRXN3",2
"GOBP_MESENCHYMAL_CELL_PROLIFERATION","GOBP_MESENCHYMAL_CELL_PROLIFERATION","2/201","29/11404",0.0920490557484888,0.389600979774362,0.342196219926321,"SOX9/DCHS2",2
"GOBP_NEGATIVE_REGULATION_OF_LEUKOCYTE_MIGRATION","GOBP_NEGATIVE_REGULATION_OF_LEUKOCYTE_MIGRATION","2/201","29/11404",0.0920490557484888,0.389600979774362,0.342196219926321,"ADORA1/ADTRP",2
"GOBP_PIGMENT_CELL_DIFFERENTIATION","GOBP_PIGMENT_CELL_DIFFERENTIATION","2/201","29/11404",0.0920490557484888,0.389600979774362,0.342196219926321,"RAB38/KITLG",2
"GOBP_POSITIVE_REGULATION_OF_BONE_MINERALIZATION","GOBP_POSITIVE_REGULATION_OF_BONE_MINERALIZATION","2/201","29/11404",0.0920490557484888,0.389600979774362,0.342196219926321,"GPM6B/FBN2",2
"GOBP_POSITIVE_REGULATION_OF_STRIATED_MUSCLE_CELL_DIFFERENTIATION","GOBP_POSITIVE_REGULATION_OF_STRIATED_MUSCLE_CELL_DIFFERENTIATION","2/201","29/11404",0.0920490557484888,0.389600979774362,0.342196219926321,"EDN1/HOPX",2
"GOBP_REGULATION_OF_INTRACELLULAR_ESTROGEN_RECEPTOR_SIGNALING_PATHWAY","GOBP_REGULATION_OF_INTRACELLULAR_ESTROGEN_RECEPTOR_SIGNALING_PATHWAY","2/201","29/11404",0.0920490557484888,0.389600979774362,0.342196219926321,"AR/FOXA1",2
"GOBP_REGULATION_OF_LONG_TERM_SYNAPTIC_POTENTIATION","GOBP_REGULATION_OF_LONG_TERM_SYNAPTIC_POTENTIATION","2/201","29/11404",0.0920490557484888,0.389600979774362,0.342196219926321,"ADORA1/ADCY1",2
"GOBP_VASODILATION","GOBP_VASODILATION","2/201","29/11404",0.0920490557484888,0.389600979774362,0.342196219926321,"RGS2/ADORA1",2
"GOBP_AXON_EXTENSION","GOBP_AXON_EXTENSION","4/201","97/11404",0.0920642985758726,0.389600979774362,0.342196219926321,"EDN1/SEMA7A/SEMA3D/RTN4R",4
"GOBP_IMPORT_ACROSS_PLASMA_MEMBRANE","GOBP_IMPORT_ACROSS_PLASMA_MEMBRANE","4/201","97/11404",0.0920642985758726,0.389600979774362,0.342196219926321,"ABCC9/TRPV4/RGS2/KCNJ8",4
"GOBP_MYELOID_LEUKOCYTE_ACTIVATION","GOBP_MYELOID_LEUKOCYTE_ACTIVATION","5/201","136/11404",0.0924977914193291,0.389600979774362,0.342196219926321,"ANXA3/MT1G/TSLP/CD33/IL13RA2",5
"GOBP_CELLULAR_RESPONSE_TO_HEAT","GOBP_CELLULAR_RESPONSE_TO_HEAT","3/201","61/11404",0.0924988132625582,0.389600979774362,0.342196219926321,"HSPA1A/TRPV4/FGF1",3
"GOBP_EMBRYONIC_HEART_TUBE_DEVELOPMENT","GOBP_EMBRYONIC_HEART_TUBE_DEVELOPMENT","3/201","61/11404",0.0924988132625582,0.389600979774362,0.342196219926321,"EDN1/RNF207/RYR2",3
"GOBP_OOGENESIS","GOBP_OOGENESIS","3/201","61/11404",0.0924988132625582,0.389600979774362,0.342196219926321,"RPS6KA2/EDN1/LGR5",3
"GOBP_PALLIUM_DEVELOPMENT","GOBP_PALLIUM_DEVELOPMENT","5/201","137/11404",0.0947049621938494,0.397557568611287,0.349184689578222,"ANXA3/EPHA5/FGF13/PHACTR1/DMRTA2",5
"GOBP_BIOMINERALIZATION","GOBP_BIOMINERALIZATION","4/201","98/11404",0.0947298464561949,0.397557568611287,0.349184689578222,"GPM6B/SOX9/FBN2/LOX",4
"GOBP_REGULATION_OF_TRANS_SYNAPTIC_SIGNALING","GOBP_REGULATION_OF_TRANS_SYNAPTIC_SIGNALING","8/201","264/11404",0.0954008110120485,0.399185850912761,0.350614850377252,"EDN1/ADORA1/GRIN2B/DGKE/CLSTN2/SNCAIP/ADCY1/APBA1",8
"GOBP_HIPPOCAMPUS_DEVELOPMENT","GOBP_HIPPOCAMPUS_DEVELOPMENT","3/201","62/11404",0.0960015618511455,0.399185850912761,0.350614850377252,"ANXA3/EPHA5/FGF13",3
"GOBP_REGULATION_OF_STRIATED_MUSCLE_CELL_DIFFERENTIATION","GOBP_REGULATION_OF_STRIATED_MUSCLE_CELL_DIFFERENTIATION","3/201","62/11404",0.0960015618511455,0.399185850912761,0.350614850377252,"EDN1/RGS2/HOPX",3
"GOBP_MESENCHYME_DEVELOPMENT","GOBP_MESENCHYME_DEVELOPMENT","7/201","221/11404",0.0961522577574857,0.399185850912761,0.350614850377252,"SOX9/EDN1/SEMA7A/FRZB/KITLG/SEMA3D/FOXA1",7
"GOBP_ADAPTIVE_IMMUNE_RESPONSE_BASED_ON_SOMATIC_RECOMBINATION_OF_IMMUNE_RECEPTORS_BUILT_FROM_IMMUNOGLOBULIN_SUPERFAMILY_DOMAINS","GOBP_ADAPTIVE_IMMUNE_RESPONSE_BASED_ON_SOMATIC_RECOMBINATION_OF_IMMUNE_RECEPTORS_BUILT_FROM_IMMUNOGLOBULIN_SUPERFAMILY_DOMAINS","6/201","179/11404",0.0968800720015466,0.399185850912761,0.350614850377252,"CD274/NLRP3/IL1R1/IL13RA2/IL7R/NLRP10",6
"GOBP_MONOVALENT_INORGANIC_CATION_HOMEOSTASIS","GOBP_MONOVALENT_INORGANIC_CATION_HOMEOSTASIS","4/201","99/11404",0.0974316573227542,0.399185850912761,0.350614850377252,"EDN1/RAB38/ADORA1/AGTR1",4
"GOBP_REGULATION_OF_MUSCLE_CELL_DIFFERENTIATION","GOBP_REGULATION_OF_MUSCLE_CELL_DIFFERENTIATION","4/201","99/11404",0.0974316573227542,0.399185850912761,0.350614850377252,"EDN1/RGS2/RBPMS2/HOPX",4
"GOBP_RESPONSE_TO_ACID_CHEMICAL","GOBP_RESPONSE_TO_ACID_CHEMICAL","4/201","99/11404",0.0974316573227542,0.399185850912761,0.350614850377252,"COL5A2/RRAGD/EDN1/CPEB1",4
"GOBP_CARDIAC_CONDUCTION_SYSTEM_DEVELOPMENT","GOBP_CARDIAC_CONDUCTION_SYSTEM_DEVELOPMENT","2/201","30/11404",0.0975215326100851,0.399185850912761,0.350614850377252,"HOPX/SCN5A",2
"GOBP_CELL_JUNCTION_MAINTENANCE","GOBP_CELL_JUNCTION_MAINTENANCE","2/201","30/11404",0.0975215326100851,0.399185850912761,0.350614850377252,"INAVA/PLEKHA7",2
"GOBP_NEURON_PROJECTION_EXTENSION_INVOLVED_IN_NEURON_PROJECTION_GUIDANCE","GOBP_NEURON_PROJECTION_EXTENSION_INVOLVED_IN_NEURON_PROJECTION_GUIDANCE","2/201","30/11404",0.0975215326100851,0.399185850912761,0.350614850377252,"SEMA7A/SEMA3D",2
"GOBP_POSITIVE_REGULATION_OF_PHOSPHOLIPASE_ACTIVITY","GOBP_POSITIVE_REGULATION_OF_PHOSPHOLIPASE_ACTIVITY","2/201","30/11404",0.0975215326100851,0.399185850912761,0.350614850377252,"ARHGAP6/AGTR1",2
"GOBP_REGULATION_OF_MEMBRANE_DEPOLARIZATION","GOBP_REGULATION_OF_MEMBRANE_DEPOLARIZATION","2/201","30/11404",0.0975215326100851,0.399185850912761,0.350614850377252,"SCN5A/FHL1",2
"GOBP_REGULATION_OF_MUSCLE_ORGAN_DEVELOPMENT","GOBP_REGULATION_OF_MUSCLE_ORGAN_DEVELOPMENT","2/201","30/11404",0.0975215326100851,0.399185850912761,0.350614850377252,"LOX/JPH2",2
"GOBP_RESPONSE_TO_GROWTH_FACTOR","GOBP_RESPONSE_TO_GROWTH_FACTOR","13/201","495/11404",0.0983881992123435,0.402025594321087,0.353109067564418,"HSPA1A/ANXA3/CHRDL1/SOX9/FBN2/EDN1/LOX/ANKRD1/MT1G/FGF1/RBPMS2/SPRY3/GFRA1",13
"GOBP_ORGANIC_HYDROXY_COMPOUND_TRANSPORT","GOBP_ORGANIC_HYDROXY_COMPOUND_TRANSPORT","5/201","139/11404",0.0991996252101774,0.404630050199408,0.35539662586841,"GPM6B/OSBPL6/PLTP/ATP8B1/AGTR1",5
"GOBP_INNER_EAR_MORPHOGENESIS","GOBP_INNER_EAR_MORPHOGENESIS","3/201","63/11404",0.0995578821309542,0.404984902788305,0.355708301713327,"SOX9/LRIG1/FRZB",3
"GOBP_PROTEIN_POLYMERIZATION","GOBP_PROTEIN_POLYMERIZATION","7/201","223/11404",0.0996349954386711,0.404984902788305,0.355708301713327,"HSPA1A/TRPV4/CYRIA/FGF13/ARHGAP6/COBL/NAV3",7
"GOBP_ORGANOPHOSPHATE_ESTER_TRANSPORT","GOBP_ORGANOPHOSPHATE_ESTER_TRANSPORT","4/201","100/11404",0.100169346947061,0.406446303057447,0.356991885877283,"PLTP/ATP10B/ATP8B1/SLC25A32",4
"GOBP_OSTEOBLAST_DIFFERENTIATION","GOBP_OSTEOBLAST_DIFFERENTIATION","6/201","181/11404",0.100811601378751,0.408339674574209,0.358654881120075,"SOX9/FBN2/LOX/SEMA7A/RORB/GLI2",6
"GOBP_REGULATION_OF_ESTABLISHMENT_OF_PROTEIN_LOCALIZATION","GOBP_REGULATION_OF_ESTABLISHMENT_OF_PROTEIN_LOCALIZATION","11/201","405/11404",0.102809391566771,0.41284428089148,0.362611388762635,"UCP2/AACS/ANKRD1/EPHA5/MYH10/CORO2B/CD33/ADTRP/HSPA1L/JUP/TTN",11
"GOBP_FEMALE_GAMETE_GENERATION","GOBP_FEMALE_GAMETE_GENERATION","4/201","101/11404",0.10294252081282,0.41284428089148,0.362611388762635,"RPS6KA2/EDN1/RGS2/LGR5",4
"GOBP_FERTILIZATION","GOBP_FERTILIZATION","4/201","101/11404",0.10294252081282,0.41284428089148,0.362611388762635,"TRIM36/AR/SPINK1/HSPA1L",4
"GOBP_DIGESTIVE_TRACT_MORPHOGENESIS","GOBP_DIGESTIVE_TRACT_MORPHOGENESIS","2/201","31/11404",0.10308366726641,0.41284428089148,0.362611388762635,"RBPMS2/GLI2",2
"GOBP_INTERMEDIATE_FILAMENT_BASED_PROCESS","GOBP_INTERMEDIATE_FILAMENT_BASED_PROCESS","2/201","31/11404",0.10308366726641,0.41284428089148,0.362611388762635,"KRT34/TCHH",2
"GOBP_POSITIVE_REGULATION_OF_SIGNALING_RECEPTOR_ACTIVITY","GOBP_POSITIVE_REGULATION_OF_SIGNALING_RECEPTOR_ACTIVITY","2/201","31/11404",0.10308366726641,0.41284428089148,0.362611388762635,"EDN1/ADORA1",2
"GOBP_PHENOL_CONTAINING_COMPOUND_METABOLIC_PROCESS","GOBP_PHENOL_CONTAINING_COMPOUND_METABOLIC_PROCESS","3/201","64/11404",0.10316667836471,0.41284428089148,0.362611388762635,"RNF180/SNCAIP/FOXE1",3
"GOBP_REGULATION_OF_GTPASE_ACTIVITY","GOBP_REGULATION_OF_GTPASE_ACTIVITY","8/201","270/11404",0.105008875360608,0.419494218579749,0.368452194247748,"PLXNA2/DOCK11/EPHA5/RALGPS2/ARHGAP6/RTN4R/RAP1GAP2/PLXNC1",8
"GOBP_REGULATION_OF_LIPID_LOCALIZATION","GOBP_REGULATION_OF_LIPID_LOCALIZATION","4/201","102/11404",0.10575077450406,0.421011216989624,0.369784611640009,"OSBPL6/EDN1/PLTP/AGTR1",4
"GOBP_REGULATION_OF_REPRODUCTIVE_PROCESS","GOBP_REGULATION_OF_REPRODUCTIVE_PROCESS","4/201","102/11404",0.10575077450406,0.421011216989624,0.369784611640009,"RPS6KA2/SOX9/AR/SPINK1",4
"GOBP_POSITIVE_REGULATION_OF_IMMUNE_EFFECTOR_PROCESS","GOBP_POSITIVE_REGULATION_OF_IMMUNE_EFFECTOR_PROCESS","5/201","142/11404",0.106139775139687,0.421117708532034,0.369878145807423,"SEMA7A/INAVA/NLRP3/IL1R1/IL13RA2",5
"GOBP_REGULATION_OF_CALCIUM_ION_TRANSPORT","GOBP_REGULATION_OF_CALCIUM_ION_TRANSPORT","5/201","142/11404",0.106139775139687,0.421117708532034,0.369878145807423,"CD33/SPINK1/JPH2/RYR2/HSPA2",5
"GOBP_RESPONSE_TO_METAL_ION","GOBP_RESPONSE_TO_METAL_ION","7/201","227/11404",0.106806217000594,0.422034614723159,0.370683487295044,"EDN1/MT1G/SCN5A/ADCY1/RYR2/TERT/TTN",7
"GOBP_RENAL_TUBULE_DEVELOPMENT","GOBP_RENAL_TUBULE_DEVELOPMENT","3/201","65/11404",0.106826844048182,0.422034614723159,0.370683487295044,"SOX9/FGF1/LGR5",3
"GOBP_CYTOKINE_MEDIATED_SIGNALING_PATHWAY","GOBP_CYTOKINE_MEDIATED_SIGNALING_PATHWAY","8/201","272/11404",0.108327488670971,0.422034614723159,0.370683487295044,"HSPA1A/EDN1/TSLP/STAT5A/IL1R1/IL13RA2/CCRL2/IL7R",8
"GOBP_NEGATIVE_REGULATION_OF_NERVOUS_SYSTEM_DEVELOPMENT","GOBP_NEGATIVE_REGULATION_OF_NERVOUS_SYSTEM_DEVELOPMENT","4/201","103/11404",0.108593694089764,0.422034614723159,0.370683487295044,"SEMA7A/SEMA3D/FGF13/RTN4R",4
"GOBP_POSITIVE_REGULATION_OF_HEMOPOIESIS","GOBP_POSITIVE_REGULATION_OF_HEMOPOIESIS","4/201","103/11404",0.108593694089764,0.422034614723159,0.370683487295044,"NLRP3/KITLG/GLI2/IL7R",4
"GOBP_BROWN_FAT_CELL_DIFFERENTIATION","GOBP_BROWN_FAT_CELL_DIFFERENTIATION","2/201","32/11404",0.108730638373837,0.422034614723159,0.370683487295044,"TRPV4/RGS2",2
"GOBP_CATECHOL_CONTAINING_COMPOUND_METABOLIC_PROCESS","GOBP_CATECHOL_CONTAINING_COMPOUND_METABOLIC_PROCESS","2/201","32/11404",0.108730638373837,0.422034614723159,0.370683487295044,"RNF180/SNCAIP",2
"GOBP_FATTY_ACID_DERIVATIVE_BIOSYNTHETIC_PROCESS","GOBP_FATTY_ACID_DERIVATIVE_BIOSYNTHETIC_PROCESS","2/201","32/11404",0.108730638373837,0.422034614723159,0.370683487295044,"AACS/ACSS3",2
"GOBP_INNER_EAR_RECEPTOR_CELL_DEVELOPMENT","GOBP_INNER_EAR_RECEPTOR_CELL_DEVELOPMENT","2/201","32/11404",0.108730638373837,0.422034614723159,0.370683487295044,"GABRB2/ATP8B1",2
"GOBP_NEGATIVE_REGULATION_OF_TUMOR_NECROSIS_FACTOR_SUPERFAMILY_CYTOKINE_PRODUCTION","GOBP_NEGATIVE_REGULATION_OF_TUMOR_NECROSIS_FACTOR_SUPERFAMILY_CYTOKINE_PRODUCTION","2/201","32/11404",0.108730638373837,0.422034614723159,0.370683487295044,"CD274/CD33",2
"GOBP_REGULATION_OF_EXTRINSIC_APOPTOTIC_SIGNALING_PATHWAY_IN_ABSENCE_OF_LIGAND","GOBP_REGULATION_OF_EXTRINSIC_APOPTOTIC_SIGNALING_PATHWAY_IN_ABSENCE_OF_LIGAND","2/201","32/11404",0.108730638373837,0.422034614723159,0.370683487295044,"HSPA1A/TERT",2
"GOBP_REGULATION_OF_VASOCONSTRICTION","GOBP_REGULATION_OF_VASOCONSTRICTION","2/201","32/11404",0.108730638373837,0.422034614723159,0.370683487295044,"EDN1/AGTR1",2
"GOBP_T_CELL_APOPTOTIC_PROCESS","GOBP_T_CELL_APOPTOTIC_PROCESS","2/201","32/11404",0.108730638373837,0.422034614723159,0.370683487295044,"CD274/IL7R",2
"GOBP_CHAPERONE_MEDIATED_PROTEIN_FOLDING","GOBP_CHAPERONE_MEDIATED_PROTEIN_FOLDING","3/201","66/11404",0.110537263183394,0.426908865284702,0.374964662660927,"HSPA1A/HSPA1L/HSPA2",3
"GOBP_REGULATION_OF_BIOMINERALIZATION","GOBP_REGULATION_OF_BIOMINERALIZATION","3/201","66/11404",0.110537263183394,0.426908865284702,0.374964662660927,"GPM6B/SOX9/FBN2",3
"GOBP_SMOOTH_MUSCLE_CONTRACTION","GOBP_SMOOTH_MUSCLE_CONTRACTION","3/201","66/11404",0.110537263183394,0.426908865284702,0.374964662660927,"EDN1/RGS2/ADORA1",3
"GOBP_REGULATION_OF_CELL_JUNCTION_ASSEMBLY","GOBP_REGULATION_OF_CELL_JUNCTION_ASSEMBLY","5/201","144/11404",0.110896438356637,0.427585769783053,0.375559204699094,"GPM6B/GPC4/ST8SIA2/CLSTN2/ARHGAP6",5
"GOBP_PATTERN_SPECIFICATION_PROCESS","GOBP_PATTERN_SPECIFICATION_PROCESS","9/201","319/11404",0.111389648522665,0.428776378833105,0.376604946207685,"PLXNA2/AR/EDN1/FGF1/RNF207/FOXA1/GLI2/COBL/DMRTA2",9
"GOBP_PHOSPHOLIPID_TRANSPORT","GOBP_PHOSPHOLIPID_TRANSPORT","3/201","67/11404",0.114296811501237,0.436252957390355,0.383171810905394,"PLTP/ATP10B/ATP8B1",3
"GOBP_REGULATION_OF_OXIDOREDUCTASE_ACTIVITY","GOBP_REGULATION_OF_OXIDOREDUCTASE_ACTIVITY","3/201","67/11404",0.114296811501237,0.436252957390355,0.383171810905394,"EDN1/AGTR1/TERT",3
"GOBP_T_CELL_MEDIATED_IMMUNITY","GOBP_T_CELL_MEDIATED_IMMUNITY","3/201","67/11404",0.114296811501237,0.436252957390355,0.383171810905394,"NLRP3/IL1R1/IL7R",3
"GOBP_LUNG_ALVEOLUS_DEVELOPMENT","GOBP_LUNG_ALVEOLUS_DEVELOPMENT","2/201","33/11404",0.114457765164781,0.436252957390355,0.383171810905394,"HOPX/FOXA1",2
"GOBP_MITOCHONDRIAL_OUTER_MEMBRANE_PERMEABILIZATION_INVOLVED_IN_PROGRAMMED_CELL_DEATH","GOBP_MITOCHONDRIAL_OUTER_MEMBRANE_PERMEABILIZATION_INVOLVED_IN_PROGRAMMED_CELL_DEATH","2/201","33/11404",0.114457765164781,0.436252957390355,0.383171810905394,"HSPA1A/BID",2
"GOBP_POSITIVE_REGULATION_OF_INTERLEUKIN_1_BETA_PRODUCTION","GOBP_POSITIVE_REGULATION_OF_INTERLEUKIN_1_BETA_PRODUCTION","2/201","33/11404",0.114457765164781,0.436252957390355,0.383171810905394,"INAVA/NLRP3",2
"GOBP_REGULATION_OF_PEPTIDASE_ACTIVITY","GOBP_REGULATION_OF_PEPTIDASE_ACTIVITY","8/201","276/11404",0.115136736484876,0.437733059291858,0.384471821177682,"DAPK1/BID/ANOS1/NLRP3/DHCR24/GRIN2B/MGMT/SPINK1",8
"GOBP_RESPONSE_TO_TRANSFORMING_GROWTH_FACTOR_BETA","GOBP_RESPONSE_TO_TRANSFORMING_GROWTH_FACTOR_BETA","6/201","188/11404",0.115222637542631,0.437733059291858,0.384471821177682,"HSPA1A/SOX9/FBN2/EDN1/LOX/ANKRD1",6
"GOBP_MUSCLE_ADAPTATION","GOBP_MUSCLE_ADAPTATION","3/201","68/11404",0.118104357635045,0.446212014624207,0.391919098300378,"EDN1/RGS2/SCN5A",3
"GOBP_POSITIVE_REGULATION_OF_CALCIUM_ION_TRANSPORT","GOBP_POSITIVE_REGULATION_OF_CALCIUM_ION_TRANSPORT","3/201","68/11404",0.118104357635045,0.446212014624207,0.391919098300378,"JPH2/RYR2/HSPA2",3
"GOBP_PRODUCTION_OF_MOLECULAR_MEDIATOR_OF_IMMUNE_RESPONSE","GOBP_PRODUCTION_OF_MOLECULAR_MEDIATOR_OF_IMMUNE_RESPONSE","5/201","147/11404",0.118222193982155,0.446212014624207,0.391919098300378,"SEMA7A/INAVA/NLRP3/IL1R1/IL13RA2",5
"GOBP_RESPONSE_TO_TOXIC_SUBSTANCE","GOBP_RESPONSE_TO_TOXIC_SUBSTANCE","5/201","147/11404",0.118222193982155,0.446212014624207,0.391919098300378,"MGST1/MT1G/MTARC2/GPX3/MGMT",5
"GOBP_EPITHELIAL_CELL_PROLIFERATION","GOBP_EPITHELIAL_CELL_PROLIFERATION","8/201","278/11404",0.118626637690265,0.4470128567745,0.392622497857399,"SOX9/AR/FGF1/STAT5A/SCN5A/SPINK1/LGR5/AGTR1",8
"GOBP_RESPONSE_TO_STEROID_HORMONE","GOBP_RESPONSE_TO_STEROID_HORMONE","7/201","234/11404",0.120005614392258,0.44880525180159,0.394196802940615,"HSPA1A/ANXA3/AR/EDN1/LOX/FOXA1/ADTRP",7
"GOBP_NEGATIVE_REGULATION_OF_CALCIUM_ION_TRANSPORT","GOBP_NEGATIVE_REGULATION_OF_CALCIUM_ION_TRANSPORT","2/201","34/11404",0.120260504031136,0.44880525180159,0.394196802940615,"CD33/SPINK1",2
"GOBP_NEURON_RECOGNITION","GOBP_NEURON_RECOGNITION","2/201","34/11404",0.120260504031136,0.44880525180159,0.394196802940615,"ROBO4/NCAM2",2
"GOBP_POSITIVE_REGULATION_OF_ATP_DEPENDENT_ACTIVITY","GOBP_POSITIVE_REGULATION_OF_ATP_DEPENDENT_ACTIVITY","2/201","34/11404",0.120260504031136,0.44880525180159,0.394196802940615,"RYR2/HSPA2",2
"GOBP_POSITIVE_REGULATION_OF_BIOMINERALIZATION","GOBP_POSITIVE_REGULATION_OF_BIOMINERALIZATION","2/201","34/11404",0.120260504031136,0.44880525180159,0.394196802940615,"GPM6B/FBN2",2
"GOBP_REGULATION_OF_LYMPHOCYTE_APOPTOTIC_PROCESS","GOBP_REGULATION_OF_LYMPHOCYTE_APOPTOTIC_PROCESS","2/201","34/11404",0.120260504031136,0.44880525180159,0.394196802940615,"CD274/IL7R",2
"GOBP_CONNECTIVE_TISSUE_DEVELOPMENT","GOBP_CONNECTIVE_TISSUE_DEVELOPMENT","6/201","191/11404",0.121701956858537,0.451519310307883,0.396580627955764,"SOX9/TRPV4/EDN1/LOX/FRZB/FOXA1",6
"GOBP_DEVELOPMENTAL_MATURATION","GOBP_DEVELOPMENTAL_MATURATION","6/201","191/11404",0.121701956858537,0.451519310307883,0.396580627955764,"RPS6KA2/EDN1/RAB38/SYBU/FOXA1/SPINK1",6
"GOBP_GRANULOCYTE_MIGRATION","GOBP_GRANULOCYTE_MIGRATION","3/201","69/11404",0.121958764246602,0.451519310307883,0.396580627955764,"TRPV4/EDN1/IL1R1",3
"GOBP_POSITIVE_REGULATION_OF_HORMONE_SECRETION","GOBP_POSITIVE_REGULATION_OF_HORMONE_SECRETION","3/201","69/11404",0.121958764246602,0.451519310307883,0.396580627955764,"EDN1/AACS/SPINK1",3
"GOBP_REGULATION_OF_SYNAPSE_ASSEMBLY","GOBP_REGULATION_OF_SYNAPSE_ASSEMBLY","3/201","69/11404",0.121958764246602,0.451519310307883,0.396580627955764,"GPC4/ST8SIA2/CLSTN2",3
"GOBP_CARDIOCYTE_DIFFERENTIATION","GOBP_CARDIOCYTE_DIFFERENTIATION","4/201","108/11404",0.123313174456497,0.45364419400531,0.398446966098608,"EDN1/RGS2/ALPK2/TTN",4
"GOBP_MICROTUBULE_POLYMERIZATION_OR_DEPOLYMERIZATION","GOBP_MICROTUBULE_POLYMERIZATION_OR_DEPOLYMERIZATION","4/201","108/11404",0.123313174456497,0.45364419400531,0.398446966098608,"HSPA1A/TRPV4/FGF13/NAV3",4
"GOBP_NEGATIVE_REGULATION_OF_NEURON_APOPTOTIC_PROCESS","GOBP_NEGATIVE_REGULATION_OF_NEURON_APOPTOTIC_PROCESS","4/201","108/11404",0.123313174456497,0.45364419400531,0.398446966098608,"GABRB2/TOX3/PTPRZ1/TERT",4
"GOBP_POSITIVE_REGULATION_OF_PEPTIDYL_TYROSINE_PHOSPHORYLATION","GOBP_POSITIVE_REGULATION_OF_PEPTIDYL_TYROSINE_PHOSPHORYLATION","4/201","108/11404",0.123313174456497,0.45364419400531,0.398446966098608,"TSLP/ADORA1/KITLG/GFRA1",4
"GOBP_CELLULAR_RESPONSE_TO_ACID_CHEMICAL","GOBP_CELLULAR_RESPONSE_TO_ACID_CHEMICAL","3/201","70/11404",0.125858889106034,0.45659004444472,0.401034379727338,"COL5A2/RRAGD/CPEB1",3
"GOBP_POSITIVE_REGULATION_OF_NEURON_DEATH","GOBP_POSITIVE_REGULATION_OF_NEURON_DEATH","3/201","70/11404",0.125858889106034,0.45659004444472,0.401034379727338,"ST8SIA2/ADORA1/GRIN2B",3
"GOBP_NEGATIVE_REGULATION_OF_MICROTUBULE_POLYMERIZATION_OR_DEPOLYMERIZATION","GOBP_NEGATIVE_REGULATION_OF_MICROTUBULE_POLYMERIZATION_OR_DEPOLYMERIZATION","2/201","35/11404",0.126134445183518,0.45659004444472,0.401034379727338,"FGF13/NAV3",2
"GOBP_PHOTORECEPTOR_CELL_DIFFERENTIATION","GOBP_PHOTORECEPTOR_CELL_DIFFERENTIATION","2/201","35/11404",0.126134445183518,0.45659004444472,0.401034379727338,"SOX9/RORB",2
"GOBP_POSITIVE_REGULATION_OF_LIPASE_ACTIVITY","GOBP_POSITIVE_REGULATION_OF_LIPASE_ACTIVITY","2/201","35/11404",0.126134445183518,0.45659004444472,0.401034379727338,"ARHGAP6/AGTR1",2
"GOBP_POSITIVE_REGULATION_OF_OSSIFICATION","GOBP_POSITIVE_REGULATION_OF_OSSIFICATION","2/201","35/11404",0.126134445183518,0.45659004444472,0.401034379727338,"GPM6B/FBN2",2
"GOBP_REGULATION_OF_MITOCHONDRIAL_MEMBRANE_PERMEABILITY_INVOLVED_IN_APOPTOTIC_PROCESS","GOBP_REGULATION_OF_MITOCHONDRIAL_MEMBRANE_PERMEABILITY_INVOLVED_IN_APOPTOTIC_PROCESS","2/201","35/11404",0.126134445183518,0.45659004444472,0.401034379727338,"HSPA1A/BID",2
"GOBP_REGULATION_OF_MORPHOGENESIS_OF_A_BRANCHING_STRUCTURE","GOBP_REGULATION_OF_MORPHOGENESIS_OF_A_BRANCHING_STRUCTURE","2/201","35/11404",0.126134445183518,0.45659004444472,0.401034379727338,"SOX9/AR",2
"GOBP_REGULATION_OF_POTASSIUM_ION_TRANSMEMBRANE_TRANSPORTER_ACTIVITY","GOBP_REGULATION_OF_POTASSIUM_ION_TRANSMEMBRANE_TRANSPORTER_ACTIVITY","2/201","35/11404",0.126134445183518,0.45659004444472,0.401034379727338,"RNF207/FHL1",2
"GOBP_RESPONSE_TO_TESTOSTERONE","GOBP_RESPONSE_TO_TESTOSTERONE","2/201","35/11404",0.126134445183518,0.45659004444472,0.401034379727338,"AR/EDN1",2
"GOBP_NEGATIVE_REGULATION_OF_CANONICAL_WNT_SIGNALING_PATHWAY","GOBP_NEGATIVE_REGULATION_OF_CANONICAL_WNT_SIGNALING_PATHWAY","4/201","109/11404",0.126354911502851,0.45659004444472,0.401034379727338,"SOX9/FRZB/IGFBP1/CCDC88C",4
"GOBP_EPITHELIAL_CELL_DIFFERENTIATION","GOBP_EPITHELIAL_CELL_DIFFERENTIATION","11/201","422/11404",0.126470532740817,0.45659004444472,0.401034379727338,"SOX9/AR/MCOLN3/FRZB/ROBO4/CCDC88C/FOXA1/MGMT/KRT34/TCHH/S1PR3",11
"GOBP_REGULATION_OF_IMMUNE_EFFECTOR_PROCESS","GOBP_REGULATION_OF_IMMUNE_EFFECTOR_PROCESS","6/201","194/11404",0.128358268954507,0.461970550029767,0.40576021145795,"SEMA7A/INAVA/NLRP3/IL1R1/IL13RA2/IL7R",6
"GOBP_RESPONSE_TO_INSULIN","GOBP_RESPONSE_TO_INSULIN","6/201","194/11404",0.128358268954507,0.461970550029767,0.40576021145795,"UCP2/TRPV4/RAB15/CPEB1/IGFBP1/IRS4",6
"GOBP_POSITIVE_REGULATION_OF_VASCULATURE_DEVELOPMENT","GOBP_POSITIVE_REGULATION_OF_VASCULATURE_DEVELOPMENT","4/201","110/11404",0.12942818198796,0.462164376332738,0.405930453915342,"ANXA3/FGF1/JUP/TERT",4
"GOBP_AXO_DENDRITIC_TRANSPORT","GOBP_AXO_DENDRITIC_TRANSPORT","3/201","71/11404",0.129803586127001,0.462164376332738,0.405930453915342,"UCHL1/SYBU/APBA1",3
"GOBP_BONE_MORPHOGENESIS","GOBP_BONE_MORPHOGENESIS","3/201","71/11404",0.129803586127001,0.462164376332738,0.405930453915342,"PAPPA2/SOX9/TRPV4",3
"GOBP_CELLULAR_RESPONSE_TO_INTERFERON_GAMMA","GOBP_CELLULAR_RESPONSE_TO_INTERFERON_GAMMA","3/201","71/11404",0.129803586127001,0.462164376332738,0.405930453915342,"DAPK1/EDN1/GBP1",3
"GOBP_NEGATIVE_REGULATION_OF_CELLULAR_RESPONSE_TO_GROWTH_FACTOR_STIMULUS","GOBP_NEGATIVE_REGULATION_OF_CELLULAR_RESPONSE_TO_GROWTH_FACTOR_STIMULUS","3/201","71/11404",0.129803586127001,0.462164376332738,0.405930453915342,"CHRDL1/RBPMS2/SPRY3",3
"GOBP_POSITIVE_REGULATION_OF_LYMPHOCYTE_DIFFERENTIATION","GOBP_POSITIVE_REGULATION_OF_LYMPHOCYTE_DIFFERENTIATION","3/201","71/11404",0.129803586127001,0.462164376332738,0.405930453915342,"NLRP3/GLI2/IL7R",3
"GOBP_REGULATION_OF_PROTEIN_DEPOLYMERIZATION","GOBP_REGULATION_OF_PROTEIN_DEPOLYMERIZATION","3/201","71/11404",0.129803586127001,0.462164376332738,0.405930453915342,"TRPV4/FGF13/NAV3",3
"GOBP_ACIDIC_AMINO_ACID_TRANSPORT","GOBP_ACIDIC_AMINO_ACID_TRANSPORT","2/201","36/11404",0.132075309384736,0.465265294423503,0.408654067314814,"ADORA1/APBA1",2
"GOBP_LIPID_TRANSLOCATION","GOBP_LIPID_TRANSLOCATION","2/201","36/11404",0.132075309384736,0.465265294423503,0.408654067314814,"ATP10B/ATP8B1",2
"GOBP_MAST_CELL_ACTIVATION","GOBP_MAST_CELL_ACTIVATION","2/201","36/11404",0.132075309384736,0.465265294423503,0.408654067314814,"TSLP/IL13RA2",2
"GOBP_NEGATIVE_REGULATION_OF_BMP_SIGNALING_PATHWAY","GOBP_NEGATIVE_REGULATION_OF_BMP_SIGNALING_PATHWAY","2/201","36/11404",0.132075309384736,0.465265294423503,0.408654067314814,"CHRDL1/RBPMS2",2
"GOBP_POSITIVE_REGULATION_OF_INTERLEUKIN_8_PRODUCTION","GOBP_POSITIVE_REGULATION_OF_INTERLEUKIN_8_PRODUCTION","2/201","36/11404",0.132075309384736,0.465265294423503,0.408654067314814,"HSPA1A/NLRP10",2
"GOBP_REGULATION_OF_PLASMA_LIPOPROTEIN_PARTICLE_LEVELS","GOBP_REGULATION_OF_PLASMA_LIPOPROTEIN_PARTICLE_LEVELS","2/201","36/11404",0.132075309384736,0.465265294423503,0.408654067314814,"PLTP/AGTR1",2
"GOBP_REGULATION_OF_SYNAPTIC_VESICLE_EXOCYTOSIS","GOBP_REGULATION_OF_SYNAPTIC_VESICLE_EXOCYTOSIS","2/201","36/11404",0.132075309384736,0.465265294423503,0.408654067314814,"ADCY1/APBA1",2
"GOBP_ENTRY_INTO_HOST","GOBP_ENTRY_INTO_HOST","4/201","111/11404",0.13253250922404,0.466169567240383,0.409448312595967,"HSPA1A/TRIM22/AGTR1/NECTIN4",4
"GOBP_CELLULAR_RESPONSE_TO_STEROID_HORMONE_STIMULUS","GOBP_CELLULAR_RESPONSE_TO_STEROID_HORMONE_STIMULUS","5/201","153/11404",0.133538296135944,0.467767995915302,0.410852252213101,"HSPA1A/AR/EDN1/FOXA1/ADTRP",5
"GOBP_REGULATION_OF_SYNAPSE_STRUCTURE_OR_ACTIVITY","GOBP_REGULATION_OF_SYNAPSE_STRUCTURE_OR_ACTIVITY","5/201","153/11404",0.133538296135944,0.467767995915302,0.410852252213101,"GPC4/ST8SIA2/GRIN2B/CLSTN2/PPFIA2",5
"GOBP_NEGATIVE_REGULATION_OF_EXTRINSIC_APOPTOTIC_SIGNALING_PATHWAY","GOBP_NEGATIVE_REGULATION_OF_EXTRINSIC_APOPTOTIC_SIGNALING_PATHWAY","3/201","72/11404",0.13379170635857,0.467767995915302,0.410852252213101,"HSPA1A/AR/TERT",3
"GOBP_SYNAPTIC_VESICLE_EXOCYTOSIS","GOBP_SYNAPTIC_VESICLE_EXOCYTOSIS","3/201","72/11404",0.13379170635857,0.467767995915302,0.410852252213101,"SV2A/ADCY1/APBA1",3
"GOBP_RESPONSE_TO_MOLECULE_OF_BACTERIAL_ORIGIN","GOBP_RESPONSE_TO_MOLECULE_OF_BACTERIAL_ORIGIN","6/201","197/11404",0.135187791317008,0.471939361579646,0.414516066311042,"EDN1/CD274/ANKRD1/INAVA/NLRP3/KCNJ8",6
"GOBP_POSITIVE_REGULATION_OF_CYSTEINE_TYPE_ENDOPEPTIDASE_ACTIVITY","GOBP_POSITIVE_REGULATION_OF_CYSTEINE_TYPE_ENDOPEPTIDASE_ACTIVITY","4/201","112/11404",0.135667410282284,0.472903641538696,0.415363017356003,"DAPK1/BID/NLRP3/GRIN2B",4
"GOBP_NEGATIVE_REGULATION_OF_PROTEIN_LOCALIZATION","GOBP_NEGATIVE_REGULATION_OF_PROTEIN_LOCALIZATION","5/201","154/11404",0.136174339839694,0.47396009001091,0.416290922295944,"UCP2/GPM6B/GBP1/CORO2B/ADTRP",5
"GOBP_FOCAL_ADHESION_ASSEMBLY","GOBP_FOCAL_ADHESION_ASSEMBLY","3/201","73/11404",0.137822098935088,0.476571781685754,0.418584835979791,"GPM6B/CORO2B/ARHGAP6",3
"GOBP_NEGATIVE_REGULATION_OF_OSTEOBLAST_DIFFERENTIATION","GOBP_NEGATIVE_REGULATION_OF_OSTEOBLAST_DIFFERENTIATION","2/201","37/11404",0.13807894475591,0.476571781685754,0.418584835979791,"SOX9/RORB",2
"GOBP_NEGATIVE_REGULATION_OF_WOUND_HEALING","GOBP_NEGATIVE_REGULATION_OF_WOUND_HEALING","2/201","37/11404",0.13807894475591,0.476571781685754,0.418584835979791,"EDN1/ADTRP",2
"GOBP_REGULATION_OF_CELLULAR_RESPIRATION","GOBP_REGULATION_OF_CELLULAR_RESPIRATION","2/201","37/11404",0.13807894475591,0.476571781685754,0.418584835979791,"SHMT2/TRPV4",2
"GOBP_REGULATION_OF_INSULIN_SECRETION_INVOLVED_IN_CELLULAR_RESPONSE_TO_GLUCOSE_STIMULUS","GOBP_REGULATION_OF_INSULIN_SECRETION_INVOLVED_IN_CELLULAR_RESPONSE_TO_GLUCOSE_STIMULUS","2/201","37/11404",0.13807894475591,0.476571781685754,0.418584835979791,"UCP2/EPHA5",2
"GOBP_CANONICAL_WNT_SIGNALING_PATHWAY","GOBP_CANONICAL_WNT_SIGNALING_PATHWAY","7/201","243/11404",0.138154572411268,0.476571781685754,0.418584835979791,"SOX9/EDN1/FRZB/IGFBP1/CCDC88C/LGR5/JUP",7
"GOBP_POSITIVE_REGULATION_OF_CELL_ADHESION","GOBP_POSITIVE_REGULATION_OF_CELL_ADHESION","8/201","289/11404",0.138815064836116,0.477493079104403,0.419394034391643,"CD274/NLRP3/FOXA1/CCDC80/GLI2/JUP/IL7R/ABI3BP",8
"GOBP_CELL_MATURATION","GOBP_CELL_MATURATION","4/201","113/11404",0.138832396333151,0.477493079104403,0.419394034391643,"RPS6KA2/EDN1/FOXA1/SPINK1",4
"GOBP_CELLULAR_RESPONSE_TO_INSULIN_STIMULUS","GOBP_CELLULAR_RESPONSE_TO_INSULIN_STIMULUS","5/201","156/11404",0.141515597008693,0.486002604202676,0.426868161699238,"UCP2/RAB15/CPEB1/IGFBP1/IRS4",5
"GOBP_CELLULAR_RESPONSE_TO_TOXIC_SUBSTANCE","GOBP_CELLULAR_RESPONSE_TO_TOXIC_SUBSTANCE","3/201","74/11404",0.141893611985375,0.486582076498522,0.427377126613303,"MGST1/MTARC2/GPX3",3
"GOBP_PEPTIDYL_TYROSINE_MODIFICATION","GOBP_PEPTIDYL_TYROSINE_MODIFICATION","7/201","245/11404",0.142361706585917,0.487468288383295,0.428155508529074,"EPHA5/TSLP/ADORA1/KITLG/GFRA1/SPINK1/TTN",7
"GOBP_INTERLEUKIN_2_PRODUCTION","GOBP_INTERLEUKIN_2_PRODUCTION","2/201","38/11404",0.14414132365373,0.487814523282274,0.428459615242835,"GBP1/NAV3",2
"GOBP_NEGATIVE_CHEMOTAXIS","GOBP_NEGATIVE_CHEMOTAXIS","2/201","38/11404",0.14414132365373,0.487814523282274,0.428459615242835,"SEMA7A/SEMA3D",2
"GOBP_POSITIVE_REGULATION_OF_MEMBRANE_PERMEABILITY","GOBP_POSITIVE_REGULATION_OF_MEMBRANE_PERMEABILITY","2/201","38/11404",0.14414132365373,0.487814523282274,0.428459615242835,"HSPA1A/BID",2
"GOBP_POSITIVE_REGULATION_OF_PROTEIN_DEPHOSPHORYLATION","GOBP_POSITIVE_REGULATION_OF_PROTEIN_DEPHOSPHORYLATION","2/201","38/11404",0.14414132365373,0.487814523282274,0.428459615242835,"ADORA1/CD33",2
"GOBP_REGULATION_OF_CD4_POSITIVE_ALPHA_BETA_T_CELL_ACTIVATION","GOBP_REGULATION_OF_CD4_POSITIVE_ALPHA_BETA_T_CELL_ACTIVATION","2/201","38/11404",0.14414132365373,0.487814523282274,0.428459615242835,"CD274/NLRP3",2
"GOBP_REGULATION_OF_EXTRACELLULAR_MATRIX_ORGANIZATION","GOBP_REGULATION_OF_EXTRACELLULAR_MATRIX_ORGANIZATION","2/201","38/11404",0.14414132365373,0.487814523282274,0.428459615242835,"SOX9/ADTRP",2
"GOBP_REGULATION_OF_STEROL_TRANSPORT","GOBP_REGULATION_OF_STEROL_TRANSPORT","2/201","38/11404",0.14414132365373,0.487814523282274,0.428459615242835,"OSBPL6/PLTP",2
"GOBP_VENTRICULAR_CARDIAC_MUSCLE_TISSUE_DEVELOPMENT","GOBP_VENTRICULAR_CARDIAC_MUSCLE_TISSUE_DEVELOPMENT","2/201","38/11404",0.14414132365373,0.487814523282274,0.428459615242835,"HOPX/RYR2",2
"GOBP_EXOCYTOSIS","GOBP_EXOCYTOSIS","7/201","246/11404",0.144488392847366,0.488278362456577,0.428867016713417,"SV2A/SCRN1/ANXA3/RAB15/IL13RA2/ADCY1/APBA1",7
"GOBP_LOCOMOTORY_BEHAVIOR","GOBP_LOCOMOTORY_BEHAVIOR","4/201","115/11404",0.145250640596742,0.490141856875798,0.430503770159161,"ASTN1/UCHL1/MCOLN3/APBA1",4
"GOBP_TRANSMEMBRANE_RECEPTOR_PROTEIN_TYROSINE_KINASE_SIGNALING_PATHWAY","GOBP_TRANSMEMBRANE_RECEPTOR_PROTEIN_TYROSINE_KINASE_SIGNALING_PATHWAY","11/201","435/11404",0.146444845947163,0.493455459169789,0.433414189378332,"SOX9/AR/LOX/EPHA5/FGF1/SPRY3/ADORA1/IGFBP1/STAT5A/GFRA1/IRS4",11
"GOBP_BONE_DEVELOPMENT","GOBP_BONE_DEVELOPMENT","5/201","158/11404",0.146947309974413,0.494431976397266,0.43427188872018,"PAPPA2/SOX9/TRPV4/LOX/SPNS2",5
"GOBP_ORGAN_GROWTH","GOBP_ORGAN_GROWTH","4/201","116/11404",0.148502894637183,0.498943974033889,0.438234888342159,"SOX9/AR/EDN1/RGS2",4
"GOBP_SEQUESTERING_OF_CALCIUM_ION","GOBP_SEQUESTERING_OF_CALCIUM_ION","3/201","76/11404",0.15015539217536,0.501864312606479,0.440799894264434,"MCOLN3/JPH2/RYR2",3
"GOBP_POSITIVE_REGULATION_OF_T_CELL_MEDIATED_IMMUNITY","GOBP_POSITIVE_REGULATION_OF_T_CELL_MEDIATED_IMMUNITY","2/201","39/11404",0.150258539617354,0.501864312606479,0.440799894264434,"NLRP3/IL1R1",2
"GOBP_POSITIVE_REGULATION_OF_MAPK_CASCADE","GOBP_POSITIVE_REGULATION_OF_MAPK_CASCADE","8/201","295/11404",0.150514780386266,0.501864312606479,0.440799894264434,"TRPV4/AR/EDN1/SEMA7A/INAVA/FGF1/ADORA1/KITLG",8
"GOBP_REGULATION_OF_MICROTUBULE_BASED_PROCESS","GOBP_REGULATION_OF_MICROTUBULE_BASED_PROCESS","6/201","204/11404",0.151773688979625,0.501864312606479,0.440799894264434,"HSPA1A/TRIM36/TRPV4/FGF13/MAP6/NAV3",6
"GOBP_REGULATION_OF_CANONICAL_WNT_SIGNALING_PATHWAY","GOBP_REGULATION_OF_CANONICAL_WNT_SIGNALING_PATHWAY","6/201","205/11404",0.154215021581885,0.501864312606479,0.440799894264434,"SOX9/FRZB/IGFBP1/CCDC88C/LGR5/JUP",6
"GOBP_EPITHELIAL_CELL_APOPTOTIC_PROCESS","GOBP_EPITHELIAL_CELL_APOPTOTIC_PROCESS","3/201","77/11404",0.154343358183289,0.501864312606479,0.440799894264434,"BID/RYR2/TERT",3
"GOBP_ADHERENS_JUNCTION_ORGANIZATION","GOBP_ADHERENS_JUNCTION_ORGANIZATION","2/201","40/11404",0.156426804383472,0.501864312606479,0.440799894264434,"INAVA/PLEKHA7",2
"GOBP_CHLORIDE_TRANSMEMBRANE_TRANSPORT","GOBP_CHLORIDE_TRANSMEMBRANE_TRANSPORT","2/201","40/11404",0.156426804383472,0.501864312606479,0.440799894264434,"GABRB2/GABRA6",2
"GOBP_LUNG_MORPHOGENESIS","GOBP_LUNG_MORPHOGENESIS","2/201","40/11404",0.156426804383472,0.501864312606479,0.440799894264434,"SOX9/FOXA1",2
"GOBP_OLIGOSACCHARIDE_METABOLIC_PROCESS","GOBP_OLIGOSACCHARIDE_METABOLIC_PROCESS","2/201","40/11404",0.156426804383472,0.501864312606479,0.440799894264434,"ST8SIA2/MGAM",2
"GOBP_POSITIVE_REGULATION_OF_CHEMOKINE_PRODUCTION","GOBP_POSITIVE_REGULATION_OF_CHEMOKINE_PRODUCTION","2/201","40/11404",0.156426804383472,0.501864312606479,0.440799894264434,"TRPV4/TSLP",2
"GOBP_POSITIVE_REGULATION_OF_EXTRINSIC_APOPTOTIC_SIGNALING_PATHWAY","GOBP_POSITIVE_REGULATION_OF_EXTRINSIC_APOPTOTIC_SIGNALING_PATHWAY","2/201","40/11404",0.156426804383472,0.501864312606479,0.440799894264434,"BID/G0S2",2
"GOBP_RESPONSE_TO_COLD","GOBP_RESPONSE_TO_COLD","2/201","40/11404",0.156426804383472,0.501864312606479,0.440799894264434,"UCP2/HSPA2",2
"GOBP_VASOCONSTRICTION","GOBP_VASOCONSTRICTION","2/201","40/11404",0.156426804383472,0.501864312606479,0.440799894264434,"EDN1/AGTR1",2
"GOBP_CELLULAR_RESPONSE_TO_ORGANIC_CYCLIC_COMPOUND","GOBP_CELLULAR_RESPONSE_TO_ORGANIC_CYCLIC_COMPOUND","10/201","393/11404",0.156652476060083,0.501864312606479,0.440799894264434,"HSPA1A/GABRB2/AR/EDN1/FOXA1/ADTRP/MGMT/ADCY1/RYR2/JUP",10
"GOBP_LIMBIC_SYSTEM_DEVELOPMENT","GOBP_LIMBIC_SYSTEM_DEVELOPMENT","3/201","78/11404",0.158567843954836,0.501864312606479,0.440799894264434,"ANXA3/EPHA5/FGF13",3
"GOBP_REGULATION_OF_NERVOUS_SYSTEM_PROCESS","GOBP_REGULATION_OF_NERVOUS_SYSTEM_PROCESS","3/201","78/11404",0.158567843954836,0.501864312606479,0.440799894264434,"EDN1/ADORA1/MGLL",3
"GOBP_DEVELOPMENT_OF_PRIMARY_SEXUAL_CHARACTERISTICS","GOBP_DEVELOPMENT_OF_PRIMARY_SEXUAL_CHARACTERISTICS","5/201","163/11404",0.160907875251777,0.501864312606479,0.440799894264434,"PCYT1B/SOX9/AR/KITLG/GFRA1",5
"GOBP_INTRACELLULAR_ESTROGEN_RECEPTOR_SIGNALING_PATHWAY","GOBP_INTRACELLULAR_ESTROGEN_RECEPTOR_SIGNALING_PATHWAY","2/201","41/11404",0.162642444968108,0.501864312606479,0.440799894264434,"AR/FOXA1",2
"GOBP_OVARIAN_FOLLICLE_DEVELOPMENT","GOBP_OVARIAN_FOLLICLE_DEVELOPMENT","2/201","41/11404",0.162642444968108,0.501864312606479,0.440799894264434,"PCYT1B/KITLG",2
"GOBP_POSITIVE_REGULATION_OF_SYNAPSE_ASSEMBLY","GOBP_POSITIVE_REGULATION_OF_SYNAPSE_ASSEMBLY","2/201","41/11404",0.162642444968108,0.501864312606479,0.440799894264434,"ST8SIA2/CLSTN2",2
"GOBP_REGULATION_OF_COAGULATION","GOBP_REGULATION_OF_COAGULATION","2/201","41/11404",0.162642444968108,0.501864312606479,0.440799894264434,"EDN1/ADTRP",2
"GOBP_BILE_ACID_AND_BILE_SALT_TRANSPORT","GOBP_BILE_ACID_AND_BILE_SALT_TRANSPORT","1/201","10/11404",0.162970991835652,0.501864312606479,0.440799894264434,"ATP8B1",1
"GOBP_CALCIUM_ION_IMPORT_INTO_CYTOSOL","GOBP_CALCIUM_ION_IMPORT_INTO_CYTOSOL","1/201","10/11404",0.162970991835652,0.501864312606479,0.440799894264434,"TRPV4",1
"GOBP_CARDIAC_LEFT_VENTRICLE_MORPHOGENESIS","GOBP_CARDIAC_LEFT_VENTRICLE_MORPHOGENESIS","1/201","10/11404",0.162970991835652,0.501864312606479,0.440799894264434,"RYR2",1
"GOBP_CELL_AGGREGATION","GOBP_CELL_AGGREGATION","1/201","10/11404",0.162970991835652,0.501864312606479,0.440799894264434,"SOX9",1
"GOBP_CELLULAR_RESPONSE_TO_LEUCINE","GOBP_CELLULAR_RESPONSE_TO_LEUCINE","1/201","10/11404",0.162970991835652,0.501864312606479,0.440799894264434,"RRAGD",1
"GOBP_CELLULAR_RESPONSE_TO_SALT_STRESS","GOBP_CELLULAR_RESPONSE_TO_SALT_STRESS","1/201","10/11404",0.162970991835652,0.501864312606479,0.440799894264434,"TRPV4",1
"GOBP_CIRCADIAN_SLEEP_WAKE_CYCLE","GOBP_CIRCADIAN_SLEEP_WAKE_CYCLE","1/201","10/11404",0.162970991835652,0.501864312606479,0.440799894264434,"ADORA1",1
"GOBP_CYCLIC_NUCLEOTIDE_BIOSYNTHETIC_PROCESS","GOBP_CYCLIC_NUCLEOTIDE_BIOSYNTHETIC_PROCESS","1/201","10/11404",0.162970991835652,0.501864312606479,0.440799894264434,"ADCY1",1
"GOBP_DESMOSOME_ORGANIZATION","GOBP_DESMOSOME_ORGANIZATION","1/201","10/11404",0.162970991835652,0.501864312606479,0.440799894264434,"JUP",1
"GOBP_ENDOTHELIN_RECEPTOR_SIGNALING_PATHWAY","GOBP_ENDOTHELIN_RECEPTOR_SIGNALING_PATHWAY","1/201","10/11404",0.162970991835652,0.501864312606479,0.440799894264434,"EDN1",1
"GOBP_HISTAMINE_TRANSPORT","GOBP_HISTAMINE_TRANSPORT","1/201","10/11404",0.162970991835652,0.501864312606479,0.440799894264434,"EDN1",1
"GOBP_HISTONE_H3_K36_DEMETHYLATION","GOBP_HISTONE_H3_K36_DEMETHYLATION","1/201","10/11404",0.162970991835652,0.501864312606479,0.440799894264434,"KDM7A",1
"GOBP_HYDROGEN_PEROXIDE_CATABOLIC_PROCESS","GOBP_HYDROGEN_PEROXIDE_CATABOLIC_PROCESS","1/201","10/11404",0.162970991835652,0.501864312606479,0.440799894264434,"GPX3",1
"GOBP_HYPOTONIC_RESPONSE","GOBP_HYPOTONIC_RESPONSE","1/201","10/11404",0.162970991835652,0.501864312606479,0.440799894264434,"TRPV4",1
"GOBP_INTERLEUKIN_5_PRODUCTION","GOBP_INTERLEUKIN_5_PRODUCTION","1/201","10/11404",0.162970991835652,0.501864312606479,0.440799894264434,"TSLP",1
"GOBP_MACROPHAGE_APOPTOTIC_PROCESS","GOBP_MACROPHAGE_APOPTOTIC_PROCESS","1/201","10/11404",0.162970991835652,0.501864312606479,0.440799894264434,"ST6GAL1",1
"GOBP_MONOVALENT_INORGANIC_ANION_HOMEOSTASIS","GOBP_MONOVALENT_INORGANIC_ANION_HOMEOSTASIS","1/201","10/11404",0.162970991835652,0.501864312606479,0.440799894264434,"CA12",1
"GOBP_N_ACETYLNEURAMINATE_METABOLIC_PROCESS","GOBP_N_ACETYLNEURAMINATE_METABOLIC_PROCESS","1/201","10/11404",0.162970991835652,0.501864312606479,0.440799894264434,"ST6GAL1",1
"GOBP_NEGATIVE_REGULATION_OF_MEIOTIC_CELL_CYCLE","GOBP_NEGATIVE_REGULATION_OF_MEIOTIC_CELL_CYCLE","1/201","10/11404",0.162970991835652,0.501864312606479,0.440799894264434,"RPS6KA2",1
"GOBP_NEGATIVE_REGULATION_OF_NEUROTRANSMITTER_TRANSPORT","GOBP_NEGATIVE_REGULATION_OF_NEUROTRANSMITTER_TRANSPORT","1/201","10/11404",0.162970991835652,0.501864312606479,0.440799894264434,"GPM6B",1
"GOBP_NEPHRON_TUBULE_FORMATION","GOBP_NEPHRON_TUBULE_FORMATION","1/201","10/11404",0.162970991835652,0.501864312606479,0.440799894264434,"SOX9",1
"GOBP_NEUTROPHIL_ACTIVATION_INVOLVED_IN_IMMUNE_RESPONSE","GOBP_NEUTROPHIL_ACTIVATION_INVOLVED_IN_IMMUNE_RESPONSE","1/201","10/11404",0.162970991835652,0.501864312606479,0.440799894264434,"ANXA3",1
"GOBP_OTIC_VESICLE_DEVELOPMENT","GOBP_OTIC_VESICLE_DEVELOPMENT","1/201","10/11404",0.162970991835652,0.501864312606479,0.440799894264434,"SOX9",1
"GOBP_PANCREATIC_JUICE_SECRETION","GOBP_PANCREATIC_JUICE_SECRETION","1/201","10/11404",0.162970991835652,0.501864312606479,0.440799894264434,"SPINK1",1
"GOBP_PIGMENT_GRANULE_MATURATION","GOBP_PIGMENT_GRANULE_MATURATION","1/201","10/11404",0.162970991835652,0.501864312606479,0.440799894264434,"RAB38",1
"GOBP_POSITIVE_REGULATION_OF_DENDRITE_DEVELOPMENT","GOBP_POSITIVE_REGULATION_OF_DENDRITE_DEVELOPMENT","1/201","10/11404",0.162970991835652,0.501864312606479,0.440799894264434,"COBL",1
"GOBP_POSITIVE_REGULATION_OF_EXTRACELLULAR_MATRIX_ASSEMBLY","GOBP_POSITIVE_REGULATION_OF_EXTRACELLULAR_MATRIX_ASSEMBLY","1/201","10/11404",0.162970991835652,0.501864312606479,0.440799894264434,"SOX9",1
"GOBP_POSITIVE_REGULATION_OF_INTERLEUKIN_13_PRODUCTION","GOBP_POSITIVE_REGULATION_OF_INTERLEUKIN_13_PRODUCTION","1/201","10/11404",0.162970991835652,0.501864312606479,0.440799894264434,"TSLP",1
"GOBP_POSITIVE_REGULATION_OF_MACROPHAGE_CHEMOTAXIS","GOBP_POSITIVE_REGULATION_OF_MACROPHAGE_CHEMOTAXIS","1/201","10/11404",0.162970991835652,0.501864312606479,0.440799894264434,"TRPV4",1
"GOBP_POSITIVE_REGULATION_OF_MITOCHONDRIAL_MEMBRANE_POTENTIAL","GOBP_POSITIVE_REGULATION_OF_MITOCHONDRIAL_MEMBRANE_POTENTIAL","1/201","10/11404",0.162970991835652,0.501864312606479,0.440799894264434,"BID",1
"GOBP_POSITIVE_REGULATION_OF_MRNA_3_END_PROCESSING","GOBP_POSITIVE_REGULATION_OF_MRNA_3_END_PROCESSING","1/201","10/11404",0.162970991835652,0.501864312606479,0.440799894264434,"CPEB1",1
"GOBP_POSITIVE_REGULATION_OF_RESPONSE_TO_TUMOR_CELL","GOBP_POSITIVE_REGULATION_OF_RESPONSE_TO_TUMOR_CELL","1/201","10/11404",0.162970991835652,0.501864312606479,0.440799894264434,"CD274",1
"GOBP_POSITIVE_REGULATION_OF_TUMOR_NECROSIS_FACTOR_MEDIATED_SIGNALING_PATHWAY","GOBP_POSITIVE_REGULATION_OF_TUMOR_NECROSIS_FACTOR_MEDIATED_SIGNALING_PATHWAY","1/201","10/11404",0.162970991835652,0.501864312606479,0.440799894264434,"HSPA1A",1
"GOBP_POSITIVE_REGULATION_OF_VASCULAR_ASSOCIATED_SMOOTH_MUSCLE_CELL_MIGRATION","GOBP_POSITIVE_REGULATION_OF_VASCULAR_ASSOCIATED_SMOOTH_MUSCLE_CELL_MIGRATION","1/201","10/11404",0.162970991835652,0.501864312606479,0.440799894264434,"TERT",1
"GOBP_REGULATION_OF_AMINO_ACID_TRANSMEMBRANE_TRANSPORT","GOBP_REGULATION_OF_AMINO_ACID_TRANSMEMBRANE_TRANSPORT","1/201","10/11404",0.162970991835652,0.501864312606479,0.440799894264434,"RGS2",1
"GOBP_REGULATION_OF_DEFENSE_RESPONSE_TO_BACTERIUM","GOBP_REGULATION_OF_DEFENSE_RESPONSE_TO_BACTERIUM","1/201","10/11404",0.162970991835652,0.501864312606479,0.440799894264434,"NLRP10",1
"GOBP_REGULATION_OF_MICROTUBULE_NUCLEATION","GOBP_REGULATION_OF_MICROTUBULE_NUCLEATION","1/201","10/11404",0.162970991835652,0.501864312606479,0.440799894264434,"HSPA1A",1
"GOBP_REGULATION_OF_NEUROTRANSMITTER_UPTAKE","GOBP_REGULATION_OF_NEUROTRANSMITTER_UPTAKE","1/201","10/11404",0.162970991835652,0.501864312606479,0.440799894264434,"GPM6B",1
"GOBP_RESPONSE_TO_EPINEPHRINE","GOBP_RESPONSE_TO_EPINEPHRINE","1/201","10/11404",0.162970991835652,0.501864312606479,0.440799894264434,"RYR2",1
"GOBP_RESPONSE_TO_LITHIUM_ION","GOBP_RESPONSE_TO_LITHIUM_ION","1/201","10/11404",0.162970991835652,0.501864312606479,0.440799894264434,"ADCY1",1
"GOBP_VOCALIZATION_BEHAVIOR","GOBP_VOCALIZATION_BEHAVIOR","1/201","10/11404",0.162970991835652,0.501864312606479,0.440799894264434,"NRXN3",1
"GOBP_NEGATIVE_REGULATION_OF_CYTOKINE_PRODUCTION","GOBP_NEGATIVE_REGULATION_OF_CYTOKINE_PRODUCTION","5/201","164/11404",0.163763074477259,0.502971133632269,0.441772042669656,"CD274/NLRP3/GBP1/CD33/NAV3",5
"GOBP_REGULATION_OF_PEPTIDYL_TYROSINE_PHOSPHORYLATION","GOBP_REGULATION_OF_PEPTIDYL_TYROSINE_PHOSPHORYLATION","5/201","164/11404",0.163763074477259,0.502971133632269,0.441772042669656,"TSLP/ADORA1/KITLG/GFRA1/SPINK1",5
"GOBP_RESPONSE_TO_XENOBIOTIC_STIMULUS","GOBP_RESPONSE_TO_XENOBIOTIC_STIMULUS","7/201","255/11404",0.164301681604547,0.503335331789715,0.442091926959614,"UCHL1/EDN1/LOX/ANKRD1/MGMT/AOX1/ADCY1",7
"GOBP_ADULT_BEHAVIOR","GOBP_ADULT_BEHAVIOR","3/201","80/11404",0.167121800060071,0.503335331789715,0.442091926959614,"UCHL1/RNF180/NRXN3",3
"GOBP_ACTIN_FILAMENT_ORGANIZATION","GOBP_ACTIN_FILAMENT_ORGANIZATION","9/201","351/11404",0.16767190779702,0.503335331789715,0.442091926959614,"TRPV4/CYRIA/CORO2B/PHACTR1/ARHGAP6/COBL/TTN/CGNL1/CORO6",9
"GOBP_ESTABLISHMENT_OF_ENDOTHELIAL_BARRIER","GOBP_ESTABLISHMENT_OF_ENDOTHELIAL_BARRIER","2/201","42/11404",0.168901900813751,0.503335331789715,0.442091926959614,"ROBO4/S1PR3",2
"GOBP_MITOCHONDRION_LOCALIZATION","GOBP_MITOCHONDRION_LOCALIZATION","2/201","42/11404",0.168901900813751,0.503335331789715,0.442091926959614,"UCHL1/SYBU",2
"GOBP_REGULATION_OF_MEMBRANE_LIPID_DISTRIBUTION","GOBP_REGULATION_OF_MEMBRANE_LIPID_DISTRIBUTION","2/201","42/11404",0.168901900813751,0.503335331789715,0.442091926959614,"ATP10B/ATP8B1",2
"GOBP_REGULATION_OF_SODIUM_ION_TRANSMEMBRANE_TRANSPORT","GOBP_REGULATION_OF_SODIUM_ION_TRANSMEMBRANE_TRANSPORT","2/201","42/11404",0.168901900813751,0.503335331789715,0.442091926959614,"FGF13/SCN5A",2
"GOBP_SOMITOGENESIS","GOBP_SOMITOGENESIS","2/201","42/11404",0.168901900813751,0.503335331789715,0.442091926959614,"PLXNA2/COBL",2
"GOBP_PIGMENTATION","GOBP_PIGMENTATION","3/201","81/11404",0.171448992847026,0.503335331789715,0.442091926959614,"RAB38/KITLG/SPNS2",3
"GOBP_POSITIVE_REGULATION_OF_MAP_KINASE_ACTIVITY","GOBP_POSITIVE_REGULATION_OF_MAP_KINASE_ACTIVITY","3/201","81/11404",0.171448992847026,0.503335331789715,0.442091926959614,"EDN1/FGF1/KITLG",3
"GOBP_COLLAGEN_FIBRIL_ORGANIZATION","GOBP_COLLAGEN_FIBRIL_ORGANIZATION","2/201","43/11404",0.175201721000438,0.503335331789715,0.442091926959614,"COL5A2/LOX",2
"GOBP_ENDOCHONDRAL_BONE_MORPHOGENESIS","GOBP_ENDOCHONDRAL_BONE_MORPHOGENESIS","2/201","43/11404",0.175201721000438,0.503335331789715,0.442091926959614,"SOX9/TRPV4",2
"GOBP_LEUKOCYTE_DEGRANULATION","GOBP_LEUKOCYTE_DEGRANULATION","2/201","43/11404",0.175201721000438,0.503335331789715,0.442091926959614,"ANXA3/IL13RA2",2
"GOBP_MESONEPHRIC_TUBULE_MORPHOGENESIS","GOBP_MESONEPHRIC_TUBULE_MORPHOGENESIS","2/201","43/11404",0.175201721000438,0.503335331789715,0.442091926959614,"SOX9/FGF1",2
"GOBP_NEGATIVE_REGULATION_OF_PROTEIN_SECRETION","GOBP_NEGATIVE_REGULATION_OF_PROTEIN_SECRETION","2/201","43/11404",0.175201721000438,0.503335331789715,0.442091926959614,"UCP2/ADTRP",2
"GOBP_POSITIVE_REGULATION_OF_MUSCLE_CELL_DIFFERENTIATION","GOBP_POSITIVE_REGULATION_OF_MUSCLE_CELL_DIFFERENTIATION","2/201","43/11404",0.175201721000438,0.503335331789715,0.442091926959614,"EDN1/HOPX",2
"GOBP_REGULATION_OF_MUSCLE_HYPERTROPHY","GOBP_REGULATION_OF_MUSCLE_HYPERTROPHY","2/201","43/11404",0.175201721000438,0.503335331789715,0.442091926959614,"EDN1/RGS2",2
"GOBP_RESPONSE_TO_ACTIVITY","GOBP_RESPONSE_TO_ACTIVITY","2/201","43/11404",0.175201721000438,0.503335331789715,0.442091926959614,"EDN1/RYR2",2
"GOBP_ACTIN_CYTOSKELETON_REORGANIZATION","GOBP_ACTIN_CYTOSKELETON_REORGANIZATION","3/201","82/11404",0.175808151588722,0.503335331789715,0.442091926959614,"TRPV4/PHACTR1/NRK",3
"GOBP_CELL_RECOGNITION","GOBP_CELL_RECOGNITION","3/201","82/11404",0.175808151588722,0.503335331789715,0.442091926959614,"ROBO4/HSPA1L/NCAM2",3
"GOBP_ODONTOGENESIS","GOBP_ODONTOGENESIS","3/201","82/11404",0.175808151588722,0.503335331789715,0.442091926959614,"EDN1/SCN5A/GLI2",3
"GOBP_CARDIAC_NEURAL_CREST_CELL_DEVELOPMENT_INVOLVED_IN_OUTFLOW_TRACT_MORPHOGENESIS","GOBP_CARDIAC_NEURAL_CREST_CELL_DEVELOPMENT_INVOLVED_IN_OUTFLOW_TRACT_MORPHOGENESIS","1/201","11/11404",0.177736906408325,0.503335331789715,0.442091926959614,"EDN1",1
"GOBP_CELLULAR_RESPONSE_TO_TESTOSTERONE_STIMULUS","GOBP_CELLULAR_RESPONSE_TO_TESTOSTERONE_STIMULUS","1/201","11/11404",0.177736906408325,0.503335331789715,0.442091926959614,"AR",1
"GOBP_CHONDROCYTE_DIFFERENTIATION_INVOLVED_IN_ENDOCHONDRAL_BONE_MORPHOGENESIS","GOBP_CHONDROCYTE_DIFFERENTIATION_INVOLVED_IN_ENDOCHONDRAL_BONE_MORPHOGENESIS","1/201","11/11404",0.177736906408325,0.503335331789715,0.442091926959614,"SOX9",1
"GOBP_CORPUS_CALLOSUM_DEVELOPMENT","GOBP_CORPUS_CALLOSUM_DEVELOPMENT","1/201","11/11404",0.177736906408325,0.503335331789715,0.442091926959614,"RTN4R",1
"GOBP_DEFENSE_RESPONSE_TO_FUNGUS","GOBP_DEFENSE_RESPONSE_TO_FUNGUS","1/201","11/11404",0.177736906408325,0.503335331789715,0.442091926959614,"NLRP10",1
"GOBP_DENDRITE_SELF_AVOIDANCE","GOBP_DENDRITE_SELF_AVOIDANCE","1/201","11/11404",0.177736906408325,0.503335331789715,0.442091926959614,"ROBO4",1
"GOBP_DETECTION_OF_STIMULUS_INVOLVED_IN_SENSORY_PERCEPTION_OF_PAIN","GOBP_DETECTION_OF_STIMULUS_INVOLVED_IN_SENSORY_PERCEPTION_OF_PAIN","1/201","11/11404",0.177736906408325,0.503335331789715,0.442091926959614,"ADORA1",1
"GOBP_DETECTION_OF_TEMPERATURE_STIMULUS","GOBP_DETECTION_OF_TEMPERATURE_STIMULUS","1/201","11/11404",0.177736906408325,0.503335331789715,0.442091926959614,"ADORA1",1
"GOBP_EXTRACELLULAR_MATRIX_CONSTITUENT_SECRETION","GOBP_EXTRACELLULAR_MATRIX_CONSTITUENT_SECRETION","1/201","11/11404",0.177736906408325,0.503335331789715,0.442091926959614,"ADTRP",1
"GOBP_FATTY_ACID_HOMEOSTASIS","GOBP_FATTY_ACID_HOMEOSTASIS","1/201","11/11404",0.177736906408325,0.503335331789715,0.442091926959614,"ADORA1",1
"GOBP_HEART_VALVE_FORMATION","GOBP_HEART_VALVE_FORMATION","1/201","11/11404",0.177736906408325,0.503335331789715,0.442091926959614,"SOX9",1
"GOBP_HEPATOCYTE_DIFFERENTIATION","GOBP_HEPATOCYTE_DIFFERENTIATION","1/201","11/11404",0.177736906408325,0.503335331789715,0.442091926959614,"FRZB",1
"GOBP_INDOLE_CONTAINING_COMPOUND_METABOLIC_PROCESS","GOBP_INDOLE_CONTAINING_COMPOUND_METABOLIC_PROCESS","1/201","11/11404",0.177736906408325,0.503335331789715,0.442091926959614,"RNF180",1
"GOBP_MEMBRANE_DEPOLARIZATION_DURING_CARDIAC_MUSCLE_CELL_ACTION_POTENTIAL","GOBP_MEMBRANE_DEPOLARIZATION_DURING_CARDIAC_MUSCLE_CELL_ACTION_POTENTIAL","1/201","11/11404",0.177736906408325,0.503335331789715,0.442091926959614,"SCN5A",1
"GOBP_MESENCHYMAL_STEM_CELL_DIFFERENTIATION","GOBP_MESENCHYMAL_STEM_CELL_DIFFERENTIATION","1/201","11/11404",0.177736906408325,0.503335331789715,0.442091926959614,"SOX9",1
"GOBP_NEGATIVE_REGULATION_OF_CIRCADIAN_RHYTHM","GOBP_NEGATIVE_REGULATION_OF_CIRCADIAN_RHYTHM","1/201","11/11404",0.177736906408325,0.503335331789715,0.442091926959614,"ADORA1",1
"GOBP_NEGATIVE_REGULATION_OF_NEURON_PROJECTION_REGENERATION","GOBP_NEGATIVE_REGULATION_OF_NEURON_PROJECTION_REGENERATION","1/201","11/11404",0.177736906408325,0.503335331789715,0.442091926959614,"RTN4R",1
"GOBP_NEGATIVE_REGULATION_OF_PROTEIN_LOCALIZATION_TO_CELL_SURFACE","GOBP_NEGATIVE_REGULATION_OF_PROTEIN_LOCALIZATION_TO_CELL_SURFACE","1/201","11/11404",0.177736906408325,0.503335331789715,0.442091926959614,"GPM6B",1
"GOBP_NEGATIVE_REGULATION_OF_T_CELL_APOPTOTIC_PROCESS","GOBP_NEGATIVE_REGULATION_OF_T_CELL_APOPTOTIC_PROCESS","1/201","11/11404",0.177736906408325,0.503335331789715,0.442091926959614,"IL7R",1
"GOBP_NEUROBLAST_DIVISION","GOBP_NEUROBLAST_DIVISION","1/201","11/11404",0.177736906408325,0.503335331789715,0.442091926959614,"FGF13",1
"GOBP_NEUROTRANSMITTER_RECEPTOR_LOCALIZATION_TO_POSTSYNAPTIC_SPECIALIZATION_MEMBRANE","GOBP_NEUROTRANSMITTER_RECEPTOR_LOCALIZATION_TO_POSTSYNAPTIC_SPECIALIZATION_MEMBRANE","1/201","11/11404",0.177736906408325,0.503335331789715,0.442091926959614,"GPC4",1
"GOBP_PARTURITION","GOBP_PARTURITION","1/201","11/11404",0.177736906408325,0.503335331789715,0.442091926959614,"EDN1",1
"GOBP_POSITIVE_REGULATION_OF_TYPE_2_IMMUNE_RESPONSE","GOBP_POSITIVE_REGULATION_OF_TYPE_2_IMMUNE_RESPONSE","1/201","11/11404",0.177736906408325,0.503335331789715,0.442091926959614,"NLRP3",1
"GOBP_PROSTAGLANDIN_TRANSPORT","GOBP_PROSTAGLANDIN_TRANSPORT","1/201","11/11404",0.177736906408325,0.503335331789715,0.442091926959614,"EDN1",1
"GOBP_PURINE_NUCLEOBASE_BIOSYNTHETIC_PROCESS","GOBP_PURINE_NUCLEOBASE_BIOSYNTHETIC_PROCESS","1/201","11/11404",0.177736906408325,0.503335331789715,0.442091926959614,"SHMT2",1
"GOBP_PURINERGIC_NUCLEOTIDE_RECEPTOR_SIGNALING_PATHWAY","GOBP_PURINERGIC_NUCLEOTIDE_RECEPTOR_SIGNALING_PATHWAY","1/201","11/11404",0.177736906408325,0.503335331789715,0.442091926959614,"ADORA1",1
"GOBP_REGULATION_OF_CELL_FATE_COMMITMENT","GOBP_REGULATION_OF_CELL_FATE_COMMITMENT","1/201","11/11404",0.177736906408325,0.503335331789715,0.442091926959614,"AR",1
"GOBP_REGULATION_OF_DELAYED_RECTIFIER_POTASSIUM_CHANNEL_ACTIVITY","GOBP_REGULATION_OF_DELAYED_RECTIFIER_POTASSIUM_CHANNEL_ACTIVITY","1/201","11/11404",0.177736906408325,0.503335331789715,0.442091926959614,"RNF207",1
"GOBP_REGULATION_OF_NUCLEOTIDE_BINDING_OLIGOMERIZATION_DOMAIN_CONTAINING_SIGNALING_PATHWAY","GOBP_REGULATION_OF_NUCLEOTIDE_BINDING_OLIGOMERIZATION_DOMAIN_CONTAINING_SIGNALING_PATHWAY","1/201","11/11404",0.177736906408325,0.503335331789715,0.442091926959614,"HSPA1A",1
"GOBP_REGULATION_OF_ODONTOGENESIS","GOBP_REGULATION_OF_ODONTOGENESIS","1/201","11/11404",0.177736906408325,0.503335331789715,0.442091926959614,"EDN1",1
"GOBP_REGULATION_OF_PLASMA_MEMBRANE_ORGANIZATION","GOBP_REGULATION_OF_PLASMA_MEMBRANE_ORGANIZATION","1/201","11/11404",0.177736906408325,0.503335331789715,0.442091926959614,"ATP8B1",1
"GOBP_REGULATION_OF_RESPIRATORY_SYSTEM_PROCESS","GOBP_REGULATION_OF_RESPIRATORY_SYSTEM_PROCESS","1/201","11/11404",0.177736906408325,0.503335331789715,0.442091926959614,"ADORA1",1
"GOBP_REGULATION_OF_RESPONSE_TO_OSMOTIC_STRESS","GOBP_REGULATION_OF_RESPONSE_TO_OSMOTIC_STRESS","1/201","11/11404",0.177736906408325,0.503335331789715,0.442091926959614,"TRPV4",1
"GOBP_RESPONSE_TO_INTERLEUKIN_7","GOBP_RESPONSE_TO_INTERLEUKIN_7","1/201","11/11404",0.177736906408325,0.503335331789715,0.442091926959614,"IL7R",1
"GOBP_RESPONSE_TO_REDOX_STATE","GOBP_RESPONSE_TO_REDOX_STATE","1/201","11/11404",0.177736906408325,0.503335331789715,0.442091926959614,"RYR2",1
"GOBP_SENSORY_PERCEPTION_OF_TEMPERATURE_STIMULUS","GOBP_SENSORY_PERCEPTION_OF_TEMPERATURE_STIMULUS","1/201","11/11404",0.177736906408325,0.503335331789715,0.442091926959614,"ADORA1",1
"GOBP_SERTOLI_CELL_DIFFERENTIATION","GOBP_SERTOLI_CELL_DIFFERENTIATION","1/201","11/11404",0.177736906408325,0.503335331789715,0.442091926959614,"SOX9",1
"GOBP_SLEEP","GOBP_SLEEP","1/201","11/11404",0.177736906408325,0.503335331789715,0.442091926959614,"ADORA1",1
"GOBP_STEROID_HORMONE_SECRETION","GOBP_STEROID_HORMONE_SECRETION","1/201","11/11404",0.177736906408325,0.503335331789715,0.442091926959614,"AGTR1",1
"GOBP_SULFATION","GOBP_SULFATION","1/201","11/11404",0.177736906408325,0.503335331789715,0.442091926959614,"HS3ST3B1",1
"GOBP_T_HELPER_2_CELL_DIFFERENTIATION","GOBP_T_HELPER_2_CELL_DIFFERENTIATION","1/201","11/11404",0.177736906408325,0.503335331789715,0.442091926959614,"NLRP3",1
"GOBP_URETER_DEVELOPMENT","GOBP_URETER_DEVELOPMENT","1/201","11/11404",0.177736906408325,0.503335331789715,0.442091926959614,"SOX9",1
"GOBP_VITAMIN_TRANSMEMBRANE_TRANSPORT","GOBP_VITAMIN_TRANSMEMBRANE_TRANSPORT","1/201","11/11404",0.177736906408325,0.503335331789715,0.442091926959614,"SLC25A32",1
"GOBP_CELLULAR_MODIFIED_AMINO_ACID_METABOLIC_PROCESS","GOBP_CELLULAR_MODIFIED_AMINO_ACID_METABOLIC_PROCESS","4/201","125/11404",0.17897429154462,0.505607810256673,0.444087901255436,"SHMT2/ALDH1L2/SLC25A32/FOXE1",4
"GOBP_REGULATION_OF_RESPONSE_TO_CYTOKINE_STIMULUS","GOBP_REGULATION_OF_RESPONSE_TO_CYTOKINE_STIMULUS","4/201","125/11404",0.17897429154462,0.505607810256673,0.444087901255436,"HSPA1A/EDN1/TSLP/IL1R1",4
"GOBP_REGULATION_OF_ACTIN_FILAMENT_BUNDLE_ASSEMBLY","GOBP_REGULATION_OF_ACTIN_FILAMENT_BUNDLE_ASSEMBLY","3/201","83/11404",0.180198150165712,0.507216342778789,0.445500715332587,"CORO2B/ARHGAP6/CGNL1",3
"GOBP_REGULATION_OF_G_PROTEIN_COUPLED_RECEPTOR_SIGNALING_PATHWAY","GOBP_REGULATION_OF_G_PROTEIN_COUPLED_RECEPTOR_SIGNALING_PATHWAY","3/201","83/11404",0.180198150165712,0.507216342778789,0.445500715332587,"EDN1/RGS2/MGLL",3
"GOBP_REGULATION_OF_OSSIFICATION","GOBP_REGULATION_OF_OSSIFICATION","3/201","83/11404",0.180198150165712,0.507216342778789,0.445500715332587,"GPM6B/SOX9/FBN2",3
"GOBP_ORGANIC_HYDROXY_COMPOUND_METABOLIC_PROCESS","GOBP_ORGANIC_HYDROXY_COMPOUND_METABOLIC_PROCESS","9/201","358/11404",0.181520764527557,0.508526693412861,0.446651628849326,"OSBPL6/RNF180/FGF1/DHCR24/PLTP/ATP8B1/SNCAIP/NUDT10/FOXE1",9
"GOBP_CELLULAR_RESPONSE_TO_RETINOIC_ACID","GOBP_CELLULAR_RESPONSE_TO_RETINOIC_ACID","2/201","44/11404",0.18153856151943,0.508526693412861,0.446651628849326,"SOX9/RORB",2
"GOBP_RESPONSE_TO_CADMIUM_ION","GOBP_RESPONSE_TO_CADMIUM_ION","2/201","44/11404",0.18153856151943,0.508526693412861,0.446651628849326,"MT1G/TERT",2
"GOBP_SMOOTH_MUSCLE_CELL_DIFFERENTIATION","GOBP_SMOOTH_MUSCLE_CELL_DIFFERENTIATION","2/201","44/11404",0.18153856151943,0.508526693412861,0.446651628849326,"SOX9/RBPMS2",2
"GOBP_NEURON_MIGRATION","GOBP_NEURON_MIGRATION","4/201","126/11404",0.182483800962962,0.509653813956817,0.447641606825682,"ASTN1/ADGRL3/FGF13/PHACTR1",4
"GOBP_POSITIVE_REGULATION_OF_PROTEIN_LOCALIZATION","GOBP_POSITIVE_REGULATION_OF_PROTEIN_LOCALIZATION","9/201","359/11404",0.183540619385373,0.509653813956817,0.447641606825682,"AACS/ANKRD1/MYH10/CORO2B/CD33/HSPA1L/JUP/TERT/TTN",9
"GOBP_CELL_MATRIX_ADHESION","GOBP_CELL_MATRIX_ADHESION","5/201","171/11404",0.184302290766791,0.509653813956817,0.447641606825682,"GPM6B/CORO2B/ARHGAP6/PPFIA2/JUP",5
"GOBP_POSITIVE_REGULATION_OF_LEUKOCYTE_PROLIFERATION","GOBP_POSITIVE_REGULATION_OF_LEUKOCYTE_PROLIFERATION","3/201","84/11404",0.184617868569797,0.509653813956817,0.447641606825682,"ST6GAL1/CD274/KITLG",3
"GOBP_NEURAL_TUBE_DEVELOPMENT","GOBP_NEURAL_TUBE_DEVELOPMENT","4/201","127/11404",0.186016110147507,0.509653813956817,0.447641606825682,"PLXNA2/FOXA1/GLI2/COBL",4
"GOBP_REPRODUCTIVE_SYSTEM_DEVELOPMENT","GOBP_REPRODUCTIVE_SYSTEM_DEVELOPMENT","8/201","312/11404",0.186122160097131,0.509653813956817,0.447641606825682,"PCYT1B/SOX9/AR/DHCR24/KITLG/GFRA1/FOXA1/STOX2",8
"GOBP_ANIMAL_ORGAN_REGENERATION","GOBP_ANIMAL_ORGAN_REGENERATION","2/201","45/11404",0.187909182608172,0.509653813956817,0.447641606825682,"ANXA3/UCP2",2
"GOBP_DETECTION_OF_STIMULUS_INVOLVED_IN_SENSORY_PERCEPTION","GOBP_DETECTION_OF_STIMULUS_INVOLVED_IN_SENSORY_PERCEPTION","2/201","45/11404",0.187909182608172,0.509653813956817,0.447641606825682,"ADORA1/PIEZO2",2
"GOBP_DIENCEPHALON_DEVELOPMENT","GOBP_DIENCEPHALON_DEVELOPMENT","2/201","45/11404",0.187909182608172,0.509653813956817,0.447641606825682,"PTCHD1/GLI2",2
"GOBP_INSULIN_SECRETION_INVOLVED_IN_CELLULAR_RESPONSE_TO_GLUCOSE_STIMULUS","GOBP_INSULIN_SECRETION_INVOLVED_IN_CELLULAR_RESPONSE_TO_GLUCOSE_STIMULUS","2/201","45/11404",0.187909182608172,0.509653813956817,0.447641606825682,"UCP2/EPHA5",2
"GOBP_SKELETAL_MUSCLE_CELL_DIFFERENTIATION","GOBP_SKELETAL_MUSCLE_CELL_DIFFERENTIATION","2/201","45/11404",0.187909182608172,0.509653813956817,0.447641606825682,"ANKRD1/DMRTA2",2
"GOBP_VASCULAR_ASSOCIATED_SMOOTH_MUSCLE_CELL_PROLIFERATION","GOBP_VASCULAR_ASSOCIATED_SMOOTH_MUSCLE_CELL_PROLIFERATION","2/201","45/11404",0.187909182608172,0.509653813956817,0.447641606825682,"EDN1/TERT",2
"GOBP_RESPONSE_TO_INTERFERON_GAMMA","GOBP_RESPONSE_TO_INTERFERON_GAMMA","3/201","85/11404",0.189066193442222,0.509653813956817,0.447641606825682,"DAPK1/EDN1/GBP1",3
"GOBP_NEGATIVE_REGULATION_OF_MAPK_CASCADE","GOBP_NEGATIVE_REGULATION_OF_MAPK_CASCADE","4/201","128/11404",0.189570678961653,0.509653813956817,0.447641606825682,"UCHL1/RGS2/SPRY3/GBP1",4
"GOBP_GERM_CELL_DEVELOPMENT","GOBP_GERM_CELL_DEVELOPMENT","5/201","173/11404",0.190339124658288,0.509653813956817,0.447641606825682,"RPS6KA2/EDN1/SPINK1/LGR5/HSPA2",5
"GOBP_ACTIN_FILAMENT_NETWORK_FORMATION","GOBP_ACTIN_FILAMENT_NETWORK_FORMATION","1/201","12/11404",0.192243610683926,0.509653813956817,0.447641606825682,"COBL",1
"GOBP_ACTIVATION_OF_ADENYLATE_CYCLASE_ACTIVITY","GOBP_ACTIVATION_OF_ADENYLATE_CYCLASE_ACTIVITY","1/201","12/11404",0.192243610683926,0.509653813956817,0.447641606825682,"LGR5",1
"GOBP_AMMONIUM_ION_METABOLIC_PROCESS","GOBP_AMMONIUM_ION_METABOLIC_PROCESS","1/201","12/11404",0.192243610683926,0.509653813956817,0.447641606825682,"RNF180",1
"GOBP_BONE_TRABECULA_MORPHOGENESIS","GOBP_BONE_TRABECULA_MORPHOGENESIS","1/201","12/11404",0.192243610683926,0.509653813956817,0.447641606825682,"FBN2",1
"GOBP_CELLULAR_RESPONSE_TO_LEUCINE_STARVATION","GOBP_CELLULAR_RESPONSE_TO_LEUCINE_STARVATION","1/201","12/11404",0.192243610683926,0.509653813956817,0.447641606825682,"RRAGD",1
"GOBP_CELLULAR_RESPONSE_TO_THYROID_HORMONE_STIMULUS","GOBP_CELLULAR_RESPONSE_TO_THYROID_HORMONE_STIMULUS","1/201","12/11404",0.192243610683926,0.509653813956817,0.447641606825682,"CTSS",1
"GOBP_EATING_BEHAVIOR","GOBP_EATING_BEHAVIOR","1/201","12/11404",0.192243610683926,0.509653813956817,0.447641606825682,"UCHL1",1
"GOBP_GLYCINE_METABOLIC_PROCESS","GOBP_GLYCINE_METABOLIC_PROCESS","1/201","12/11404",0.192243610683926,0.509653813956817,0.447641606825682,"SHMT2",1
"GOBP_MACROPHAGE_CYTOKINE_PRODUCTION","GOBP_MACROPHAGE_CYTOKINE_PRODUCTION","1/201","12/11404",0.192243610683926,0.509653813956817,0.447641606825682,"SEMA7A",1
"GOBP_MORPHOGENESIS_OF_AN_ENDOTHELIUM","GOBP_MORPHOGENESIS_OF_AN_ENDOTHELIUM","1/201","12/11404",0.192243610683926,0.509653813956817,0.447641606825682,"FGF1",1
"GOBP_MORPHOGENESIS_OF_AN_EPITHELIAL_FOLD","GOBP_MORPHOGENESIS_OF_AN_EPITHELIAL_FOLD","1/201","12/11404",0.192243610683926,0.509653813956817,0.447641606825682,"AR",1
"GOBP_NEGATIVE_REGULATION_OF_CELL_KILLING","GOBP_NEGATIVE_REGULATION_OF_CELL_KILLING","1/201","12/11404",0.192243610683926,0.509653813956817,0.447641606825682,"IL7R",1
"GOBP_NEGATIVE_REGULATION_OF_CELL_MORPHOGENESIS_INVOLVED_IN_DIFFERENTIATION","GOBP_NEGATIVE_REGULATION_OF_CELL_MORPHOGENESIS_INVOLVED_IN_DIFFERENTIATION","1/201","12/11404",0.192243610683926,0.509653813956817,0.447641606825682,"GBP1",1
"GOBP_NEGATIVE_REGULATION_OF_LIPID_CATABOLIC_PROCESS","GOBP_NEGATIVE_REGULATION_OF_LIPID_CATABOLIC_PROCESS","1/201","12/11404",0.192243610683926,0.509653813956817,0.447641606825682,"ADORA1",1
"GOBP_NEGATIVE_REGULATION_OF_TRANSCRIPTION_FROM_RNA_POLYMERASE_II_PROMOTER_IN_RESPONSE_TO_STRESS","GOBP_NEGATIVE_REGULATION_OF_TRANSCRIPTION_FROM_RNA_POLYMERASE_II_PROMOTER_IN_RESPONSE_TO_STRESS","1/201","12/11404",0.192243610683926,0.509653813956817,0.447641606825682,"HSPA1A",1
"GOBP_OLIGOPEPTIDE_TRANSPORT","GOBP_OLIGOPEPTIDE_TRANSPORT","1/201","12/11404",0.192243610683926,0.509653813956817,0.447641606825682,"MGST1",1
"GOBP_OSTEOBLAST_DEVELOPMENT","GOBP_OSTEOBLAST_DEVELOPMENT","1/201","12/11404",0.192243610683926,0.509653813956817,0.447641606825682,"GLI2",1
"GOBP_PIGMENT_ACCUMULATION","GOBP_PIGMENT_ACCUMULATION","1/201","12/11404",0.192243610683926,0.509653813956817,0.447641606825682,"RAB38",1
"GOBP_POSITIVE_REGULATION_OF_MAST_CELL_ACTIVATION","GOBP_POSITIVE_REGULATION_OF_MAST_CELL_ACTIVATION","1/201","12/11404",0.192243610683926,0.509653813956817,0.447641606825682,"TSLP",1
"GOBP_POSITIVE_REGULATION_OF_POTASSIUM_ION_TRANSMEMBRANE_TRANSPORTER_ACTIVITY","GOBP_POSITIVE_REGULATION_OF_POTASSIUM_ION_TRANSMEMBRANE_TRANSPORTER_ACTIVITY","1/201","12/11404",0.192243610683926,0.509653813956817,0.447641606825682,"RNF207",1
"GOBP_POSITIVE_REGULATION_OF_SEQUESTERING_OF_CALCIUM_ION","GOBP_POSITIVE_REGULATION_OF_SEQUESTERING_OF_CALCIUM_ION","1/201","12/11404",0.192243610683926,0.509653813956817,0.447641606825682,"RYR2",1
"GOBP_POSITIVE_REGULATION_OF_SPROUTING_ANGIOGENESIS","GOBP_POSITIVE_REGULATION_OF_SPROUTING_ANGIOGENESIS","1/201","12/11404",0.192243610683926,0.509653813956817,0.447641606825682,"FGF1",1
"GOBP_POSITIVE_REGULATION_OF_STEROID_BIOSYNTHETIC_PROCESS","GOBP_POSITIVE_REGULATION_OF_STEROID_BIOSYNTHETIC_PROCESS","1/201","12/11404",0.192243610683926,0.509653813956817,0.447641606825682,"FGF1",1
"GOBP_REGULATION_OF_ICOSANOID_SECRETION","GOBP_REGULATION_OF_ICOSANOID_SECRETION","1/201","12/11404",0.192243610683926,0.509653813956817,0.447641606825682,"EDN1",1
"GOBP_REGULATION_OF_PHOSPHOLIPID_BIOSYNTHETIC_PROCESS","GOBP_REGULATION_OF_PHOSPHOLIPID_BIOSYNTHETIC_PROCESS","1/201","12/11404",0.192243610683926,0.509653813956817,0.447641606825682,"RAB38",1
"GOBP_REGULATION_OF_URINE_VOLUME","GOBP_REGULATION_OF_URINE_VOLUME","1/201","12/11404",0.192243610683926,0.509653813956817,0.447641606825682,"EDN1",1
"GOBP_RENAL_VESICLE_DEVELOPMENT","GOBP_RENAL_VESICLE_DEVELOPMENT","1/201","12/11404",0.192243610683926,0.509653813956817,0.447641606825682,"SOX9",1
"GOBP_RESPONSE_TO_FOLLICLE_STIMULATING_HORMONE","GOBP_RESPONSE_TO_FOLLICLE_STIMULATING_HORMONE","1/201","12/11404",0.192243610683926,0.509653813956817,0.447641606825682,"EDN1",1
"GOBP_SEMINIFEROUS_TUBULE_DEVELOPMENT","GOBP_SEMINIFEROUS_TUBULE_DEVELOPMENT","1/201","12/11404",0.192243610683926,0.509653813956817,0.447641606825682,"AR",1
"GOBP_STRESS_RESPONSE_TO_METAL_ION","GOBP_STRESS_RESPONSE_TO_METAL_ION","1/201","12/11404",0.192243610683926,0.509653813956817,0.447641606825682,"MT1G",1
"GOBP_THYROID_HORMONE_GENERATION","GOBP_THYROID_HORMONE_GENERATION","1/201","12/11404",0.192243610683926,0.509653813956817,0.447641606825682,"FOXE1",1
"GOBP_TRIGLYCERIDE_CATABOLIC_PROCESS","GOBP_TRIGLYCERIDE_CATABOLIC_PROCESS","1/201","12/11404",0.192243610683926,0.509653813956817,0.447641606825682,"MGLL",1
"GOBP_POSITIVE_REGULATION_OF_CELL_CELL_ADHESION","GOBP_POSITIVE_REGULATION_OF_CELL_CELL_ADHESION","5/201","174/11404",0.193384056064501,0.512093314749391,0.449784280979657,"CD274/NLRP3/FOXA1/GLI2/IL7R",5
"GOBP_NEGATIVE_REGULATION_OF_MUSCLE_CELL_DIFFERENTIATION","GOBP_NEGATIVE_REGULATION_OF_MUSCLE_CELL_DIFFERENTIATION","2/201","46/11404",0.194310446145227,0.512794310201649,0.450399982701166,"RGS2/RBPMS2",2
"GOBP_NEUROBLAST_PROLIFERATION","GOBP_NEUROBLAST_PROLIFERATION","2/201","46/11404",0.194310446145227,0.512794310201649,0.450399982701166,"FGF13/DMRTA2",2
"GOBP_REGULATION_OF_HEART_GROWTH","GOBP_REGULATION_OF_HEART_GROWTH","2/201","46/11404",0.194310446145227,0.512794310201649,0.450399982701166,"EDN1/RGS2",2
"GOBP_CAMERA_TYPE_EYE_MORPHOGENESIS","GOBP_CAMERA_TYPE_EYE_MORPHOGENESIS","3/201","87/11404",0.198044245441566,0.517624506867112,0.45464246443563,"SOX9/IGFN1/RORB",3
"GOBP_CELLULAR_RESPONSE_TO_UNFOLDED_PROTEIN","GOBP_CELLULAR_RESPONSE_TO_UNFOLDED_PROTEIN","3/201","87/11404",0.198044245441566,0.517624506867112,0.45464246443563,"HSPA1A/HSPA1L/HSPA2",3
"GOBP_ACTIN_FILAMENT_BUNDLE_ORGANIZATION","GOBP_ACTIN_FILAMENT_BUNDLE_ORGANIZATION","4/201","131/11404",0.200362525425619,0.517624506867112,0.45464246443563,"CORO2B/PHACTR1/ARHGAP6/CGNL1",4
"GOBP_REGULATION_OF_EXOCYTOSIS","GOBP_REGULATION_OF_EXOCYTOSIS","4/201","131/11404",0.200362525425619,0.517624506867112,0.45464246443563,"RAB15/IL13RA2/ADCY1/APBA1",4
"GOBP_REGULATION_OF_LEUKOCYTE_MEDIATED_IMMUNITY","GOBP_REGULATION_OF_LEUKOCYTE_MEDIATED_IMMUNITY","4/201","131/11404",0.200362525425619,0.517624506867112,0.45464246443563,"NLRP3/IL1R1/IL13RA2/IL7R",4
"GOBP_ANIMAL_ORGAN_FORMATION","GOBP_ANIMAL_ORGAN_FORMATION","2/201","47/11404",0.200739313103925,0.517624506867112,0.45464246443563,"AR/FGF1",2
"GOBP_NEGATIVE_REGULATION_OF_FAT_CELL_DIFFERENTIATION","GOBP_NEGATIVE_REGULATION_OF_FAT_CELL_DIFFERENTIATION","2/201","47/11404",0.200739313103925,0.517624506867112,0.45464246443563,"TRPV4/JDP2",2
"GOBP_POSITIVE_REGULATION_OF_DEPHOSPHORYLATION","GOBP_POSITIVE_REGULATION_OF_DEPHOSPHORYLATION","2/201","47/11404",0.200739313103925,0.517624506867112,0.45464246443563,"ADORA1/CD33",2
"GOBP_REGULATION_OF_RELEASE_OF_SEQUESTERED_CALCIUM_ION_INTO_CYTOSOL","GOBP_REGULATION_OF_RELEASE_OF_SEQUESTERED_CALCIUM_ION_INTO_CYTOSOL","2/201","47/11404",0.200739313103925,0.517624506867112,0.45464246443563,"JPH2/RYR2",2
"GOBP_RESPIRATORY_GASEOUS_EXCHANGE_BY_RESPIRATORY_SYSTEM","GOBP_RESPIRATORY_GASEOUS_EXCHANGE_BY_RESPIRATORY_SYSTEM","2/201","47/11404",0.200739313103925,0.517624506867112,0.45464246443563,"EDN1/ADORA1",2
"GOBP_RESPONSE_TO_AMINO_ACID_STARVATION","GOBP_RESPONSE_TO_AMINO_ACID_STARVATION","2/201","47/11404",0.200739313103925,0.517624506867112,0.45464246443563,"UCP2/RRAGD",2
"GOBP_STEM_CELL_PROLIFERATION","GOBP_STEM_CELL_PROLIFERATION","2/201","47/11404",0.200739313103925,0.517624506867112,0.45464246443563,"KITLG/TERT",2
"GOBP_POSITIVE_REGULATION_OF_CELL_DEVELOPMENT","GOBP_POSITIVE_REGULATION_OF_CELL_DEVELOPMENT","6/201","223/11404",0.200961785930996,0.517624506867112,0.45464246443563,"PLXNA2/SEMA7A/PTPRZ1/MAP6/DMRTA2/PLXNC1",6
"GOBP_CELL_SUBSTRATE_JUNCTION_ORGANIZATION","GOBP_CELL_SUBSTRATE_JUNCTION_ORGANIZATION","3/201","88/11404",0.20257178356176,0.517624506867112,0.45464246443563,"GPM6B/CORO2B/ARHGAP6",3
"GOBP_ASPARTATE_FAMILY_AMINO_ACID_CATABOLIC_PROCESS","GOBP_ASPARTATE_FAMILY_AMINO_ACID_CATABOLIC_PROCESS","1/201","13/11404",0.206495632651319,0.517624506867112,0.45464246443563,"DDO",1
"GOBP_BLOOD_VESSEL_ENDOTHELIAL_CELL_PROLIFERATION_INVOLVED_IN_SPROUTING_ANGIOGENESIS","GOBP_BLOOD_VESSEL_ENDOTHELIAL_CELL_PROLIFERATION_INVOLVED_IN_SPROUTING_ANGIOGENESIS","1/201","13/11404",0.206495632651319,0.517624506867112,0.45464246443563,"AGTR1",1
"GOBP_CARDIAC_MYOFIBRIL_ASSEMBLY","GOBP_CARDIAC_MYOFIBRIL_ASSEMBLY","1/201","13/11404",0.206495632651319,0.517624506867112,0.45464246443563,"TTN",1
"GOBP_CELLULAR_RESPONSE_TO_ESTROGEN_STIMULUS","GOBP_CELLULAR_RESPONSE_TO_ESTROGEN_STIMULUS","1/201","13/11404",0.206495632651319,0.517624506867112,0.45464246443563,"AR",1
"GOBP_CONVERGENT_EXTENSION","GOBP_CONVERGENT_EXTENSION","1/201","13/11404",0.206495632651319,0.517624506867112,0.45464246443563,"FRZB",1
"GOBP_DETECTION_OF_MECHANICAL_STIMULUS_INVOLVED_IN_SENSORY_PERCEPTION","GOBP_DETECTION_OF_MECHANICAL_STIMULUS_INVOLVED_IN_SENSORY_PERCEPTION","1/201","13/11404",0.206495632651319,0.517624506867112,0.45464246443563,"PIEZO2",1
"GOBP_EPITHELIAL_CELL_MATURATION","GOBP_EPITHELIAL_CELL_MATURATION","1/201","13/11404",0.206495632651319,0.517624506867112,0.45464246443563,"FOXA1",1
"GOBP_GANGLIOSIDE_BIOSYNTHETIC_PROCESS","GOBP_GANGLIOSIDE_BIOSYNTHETIC_PROCESS","1/201","13/11404",0.206495632651319,0.517624506867112,0.45464246443563,"ST8SIA2",1
"GOBP_HISTONE_H3_K9_DEMETHYLATION","GOBP_HISTONE_H3_K9_DEMETHYLATION","1/201","13/11404",0.206495632651319,0.517624506867112,0.45464246443563,"KDM7A",1
"GOBP_INTERLEUKIN_13_PRODUCTION","GOBP_INTERLEUKIN_13_PRODUCTION","1/201","13/11404",0.206495632651319,0.517624506867112,0.45464246443563,"TSLP",1
"GOBP_LIPID_PHOSPHORYLATION","GOBP_LIPID_PHOSPHORYLATION","1/201","13/11404",0.206495632651319,0.517624506867112,0.45464246443563,"DGKE",1
"GOBP_METANEPHRIC_TUBULE_DEVELOPMENT","GOBP_METANEPHRIC_TUBULE_DEVELOPMENT","1/201","13/11404",0.206495632651319,0.517624506867112,0.45464246443563,"SOX9",1
"GOBP_MONOCYTE_CHEMOTACTIC_PROTEIN_1_PRODUCTION","GOBP_MONOCYTE_CHEMOTACTIC_PROTEIN_1_PRODUCTION","1/201","13/11404",0.206495632651319,0.517624506867112,0.45464246443563,"TRPV4",1
"GOBP_NEGATIVE_REGULATION_OF_SMOOTH_MUSCLE_CELL_DIFFERENTIATION","GOBP_NEGATIVE_REGULATION_OF_SMOOTH_MUSCLE_CELL_DIFFERENTIATION","1/201","13/11404",0.206495632651319,0.517624506867112,0.45464246443563,"RBPMS2",1
"GOBP_PLATELET_DERIVED_GROWTH_FACTOR_RECEPTOR_BETA_SIGNALING_PATHWAY","GOBP_PLATELET_DERIVED_GROWTH_FACTOR_RECEPTOR_BETA_SIGNALING_PATHWAY","1/201","13/11404",0.206495632651319,0.517624506867112,0.45464246443563,"LOX",1
"GOBP_POSITIVE_REGULATION_OF_ALCOHOL_BIOSYNTHETIC_PROCESS","GOBP_POSITIVE_REGULATION_OF_ALCOHOL_BIOSYNTHETIC_PROCESS","1/201","13/11404",0.206495632651319,0.517624506867112,0.45464246443563,"FGF1",1
"GOBP_POSITIVE_REGULATION_OF_CELLULAR_EXTRAVASATION","GOBP_POSITIVE_REGULATION_OF_CELLULAR_EXTRAVASATION","1/201","13/11404",0.206495632651319,0.517624506867112,0.45464246443563,"IL1R1",1
"GOBP_POSITIVE_REGULATION_OF_INTERLEUKIN_4_PRODUCTION","GOBP_POSITIVE_REGULATION_OF_INTERLEUKIN_4_PRODUCTION","1/201","13/11404",0.206495632651319,0.517624506867112,0.45464246443563,"NLRP3",1
"GOBP_POSITIVE_REGULATION_OF_MACROPHAGE_MIGRATION","GOBP_POSITIVE_REGULATION_OF_MACROPHAGE_MIGRATION","1/201","13/11404",0.206495632651319,0.517624506867112,0.45464246443563,"TRPV4",1
"GOBP_POSITIVE_REGULATION_OF_MEMBRANE_POTENTIAL","GOBP_POSITIVE_REGULATION_OF_MEMBRANE_POTENTIAL","1/201","13/11404",0.206495632651319,0.517624506867112,0.45464246443563,"BID",1
"GOBP_POSITIVE_REGULATION_OF_RUFFLE_ASSEMBLY","GOBP_POSITIVE_REGULATION_OF_RUFFLE_ASSEMBLY","1/201","13/11404",0.206495632651319,0.517624506867112,0.45464246443563,"COBL",1
"GOBP_POSITIVE_REGULATION_OF_T_HELPER_CELL_DIFFERENTIATION","GOBP_POSITIVE_REGULATION_OF_T_HELPER_CELL_DIFFERENTIATION","1/201","13/11404",0.206495632651319,0.517624506867112,0.45464246443563,"NLRP3",1
"GOBP_POSITIVE_REGULATION_OF_VASCULAR_PERMEABILITY","GOBP_POSITIVE_REGULATION_OF_VASCULAR_PERMEABILITY","1/201","13/11404",0.206495632651319,0.517624506867112,0.45464246443563,"TRPV4",1
"GOBP_PROTEIN_HETEROTETRAMERIZATION","GOBP_PROTEIN_HETEROTETRAMERIZATION","1/201","13/11404",0.206495632651319,0.517624506867112,0.45464246443563,"GRIN2B",1
"GOBP_REGULATION_OF_CD8_POSITIVE_ALPHA_BETA_T_CELL_ACTIVATION","GOBP_REGULATION_OF_CD8_POSITIVE_ALPHA_BETA_T_CELL_ACTIVATION","1/201","13/11404",0.206495632651319,0.517624506867112,0.45464246443563,"CD274",1
"GOBP_REGULATION_OF_THE_FORCE_OF_HEART_CONTRACTION","GOBP_REGULATION_OF_THE_FORCE_OF_HEART_CONTRACTION","1/201","13/11404",0.206495632651319,0.517624506867112,0.45464246443563,"RYR2",1
"GOBP_RELAXATION_OF_CARDIAC_MUSCLE","GOBP_RELAXATION_OF_CARDIAC_MUSCLE","1/201","13/11404",0.206495632651319,0.517624506867112,0.45464246443563,"RGS2",1
"GOBP_RESPONSE_TO_LEUCINE","GOBP_RESPONSE_TO_LEUCINE","1/201","13/11404",0.206495632651319,0.517624506867112,0.45464246443563,"RRAGD",1
"GOBP_RETINA_LAYER_FORMATION","GOBP_RETINA_LAYER_FORMATION","1/201","13/11404",0.206495632651319,0.517624506867112,0.45464246443563,"IGFN1",1
"GOBP_TOLERANCE_INDUCTION","GOBP_TOLERANCE_INDUCTION","1/201","13/11404",0.206495632651319,0.517624506867112,0.45464246443563,"CD274",1
"GOBP_NEGATIVE_REGULATION_OF_SMALL_GTPASE_MEDIATED_SIGNAL_TRANSDUCTION","GOBP_NEGATIVE_REGULATION_OF_SMALL_GTPASE_MEDIATED_SIGNAL_TRANSDUCTION","2/201","48/11404",0.207192841063471,0.517624506867112,0.45464246443563,"SPRY3/CGNL1",2
"GOBP_REGULATION_OF_SUBSTRATE_ADHESION_DEPENDENT_CELL_SPREADING","GOBP_REGULATION_OF_SUBSTRATE_ADHESION_DEPENDENT_CELL_SPREADING","2/201","48/11404",0.207192841063471,0.517624506867112,0.45464246443563,"ST6GAL1/GBP1",2
"GOBP_STEROL_BIOSYNTHETIC_PROCESS","GOBP_STEROL_BIOSYNTHETIC_PROCESS","2/201","48/11404",0.207192841063471,0.517624506867112,0.45464246443563,"FGF1/DHCR24",2
"GOBP_TISSUE_REGENERATION","GOBP_TISSUE_REGENERATION","2/201","48/11404",0.207192841063471,0.517624506867112,0.45464246443563,"IGFBP1/HOPX",2
"GOBP_POSITIVE_REGULATION_OF_CELL_PROJECTION_ORGANIZATION","GOBP_POSITIVE_REGULATION_OF_CELL_PROJECTION_ORGANIZATION","7/201","273/11404",0.207272436943347,0.517624506867112,0.45464246443563,"PLXNA2/DOCK11/RGS2/SEMA7A/MAP6/COBL/PLXNC1",7
"GOBP_REGULATION_OF_CELL_CELL_ADHESION","GOBP_REGULATION_OF_CELL_CELL_ADHESION","7/201","273/11404",0.207272436943347,0.517624506867112,0.45464246443563,"TRPV4/CD274/NLRP3/FOXA1/ADTRP/GLI2/IL7R",7
"GOBP_CALCIUM_ION_IMPORT","GOBP_CALCIUM_ION_IMPORT","2/201","49/11404",0.213668181776308,0.522053467621399,0.458532530700855,"TRPV4/SPINK1",2
"GOBP_LYMPHOCYTE_APOPTOTIC_PROCESS","GOBP_LYMPHOCYTE_APOPTOTIC_PROCESS","2/201","49/11404",0.213668181776308,0.522053467621399,0.458532530700855,"CD274/IL7R",2
"GOBP_NEGATIVE_REGULATION_OF_EPITHELIAL_CELL_MIGRATION","GOBP_NEGATIVE_REGULATION_OF_EPITHELIAL_CELL_MIGRATION","2/201","49/11404",0.213668181776308,0.522053467621399,0.458532530700855,"DNAJA4/JUP",2
"GOBP_REGULATION_OF_MICROTUBULE_POLYMERIZATION","GOBP_REGULATION_OF_MICROTUBULE_POLYMERIZATION","2/201","49/11404",0.213668181776308,0.522053467621399,0.458532530700855,"HSPA1A/NAV3",2
"GOBP_NEGATIVE_REGULATION_OF_PROTEIN_SERINE_THREONINE_KINASE_ACTIVITY","GOBP_NEGATIVE_REGULATION_OF_PROTEIN_SERINE_THREONINE_KINASE_ACTIVITY","3/201","91/11404",0.21629549144709,0.522053467621399,0.458532530700855,"UCHL1/RGS2/SPRY3",3
"GOBP_POSITIVE_REGULATION_OF_CELL_SUBSTRATE_ADHESION","GOBP_POSITIVE_REGULATION_OF_CELL_SUBSTRATE_ADHESION","3/201","91/11404",0.21629549144709,0.522053467621399,0.458532530700855,"CCDC80/JUP/ABI3BP",3
"GOBP_REGULATION_OF_CALCIUM_ION_TRANSMEMBRANE_TRANSPORT","GOBP_REGULATION_OF_CALCIUM_ION_TRANSMEMBRANE_TRANSPORT","3/201","91/11404",0.21629549144709,0.522053467621399,0.458532530700855,"JPH2/RYR2/HSPA2",3
"GOBP_REGULATION_OF_TRANSMEMBRANE_RECEPTOR_PROTEIN_SERINE_THREONINE_KINASE_SIGNALING_PATHWAY","GOBP_REGULATION_OF_TRANSMEMBRANE_RECEPTOR_PROTEIN_SERINE_THREONINE_KINASE_SIGNALING_PATHWAY","5/201","182/11404",0.218337381614414,0.522053467621399,0.458532530700855,"HSPA1A/CHRDL1/FBN2/LOX/RBPMS2",5
"GOBP_CYTOPLASMIC_MICROTUBULE_ORGANIZATION","GOBP_CYTOPLASMIC_MICROTUBULE_ORGANIZATION","2/201","50/11404",0.220162578790523,0.522053467621399,0.458532530700855,"TRPV4/CCDC88C",2
"GOBP_EMBRYONIC_HEART_TUBE_MORPHOGENESIS","GOBP_EMBRYONIC_HEART_TUBE_MORPHOGENESIS","2/201","50/11404",0.220162578790523,0.522053467621399,0.458532530700855,"RNF207/RYR2",2
"GOBP_FATTY_ACID_DERIVATIVE_METABOLIC_PROCESS","GOBP_FATTY_ACID_DERIVATIVE_METABOLIC_PROCESS","2/201","50/11404",0.220162578790523,0.522053467621399,0.458532530700855,"AACS/ACSS3",2
"GOBP_MAMMARY_GLAND_EPITHELIUM_DEVELOPMENT","GOBP_MAMMARY_GLAND_EPITHELIUM_DEVELOPMENT","2/201","50/11404",0.220162578790523,0.522053467621399,0.458532530700855,"AR/MGMT",2
"GOBP_MUSCLE_CELL_APOPTOTIC_PROCESS","GOBP_MUSCLE_CELL_APOPTOTIC_PROCESS","2/201","50/11404",0.220162578790523,0.522053467621399,0.458532530700855,"RPS6KA2/EDN1",2
"GOBP_POSITIVE_REGULATION_OF_REPRODUCTIVE_PROCESS","GOBP_POSITIVE_REGULATION_OF_REPRODUCTIVE_PROCESS","2/201","50/11404",0.220162578790523,0.522053467621399,0.458532530700855,"SOX9/AR",2
"GOBP_REGULATION_OF_MITOCHONDRIAL_MEMBRANE_PERMEABILITY","GOBP_REGULATION_OF_MITOCHONDRIAL_MEMBRANE_PERMEABILITY","2/201","50/11404",0.220162578790523,0.522053467621399,0.458532530700855,"HSPA1A/BID",2
"GOBP_APICAL_PROTEIN_LOCALIZATION","GOBP_APICAL_PROTEIN_LOCALIZATION","1/201","14/11404",0.22049742159321,0.522053467621399,0.458532530700855,"ATP8B1",1
"GOBP_CAMP_METABOLIC_PROCESS","GOBP_CAMP_METABOLIC_PROCESS","1/201","14/11404",0.22049742159321,0.522053467621399,0.458532530700855,"ADCY1",1
"GOBP_CARDIAC_NEURAL_CREST_CELL_DIFFERENTIATION_INVOLVED_IN_HEART_DEVELOPMENT","GOBP_CARDIAC_NEURAL_CREST_CELL_DIFFERENTIATION_INVOLVED_IN_HEART_DEVELOPMENT","1/201","14/11404",0.22049742159321,0.522053467621399,0.458532530700855,"EDN1",1
"GOBP_CELL_MIGRATION_IN_HINDBRAIN","GOBP_CELL_MIGRATION_IN_HINDBRAIN","1/201","14/11404",0.22049742159321,0.522053467621399,0.458532530700855,"PLXNA2",1
"GOBP_CELLULAR_POLYSACCHARIDE_CATABOLIC_PROCESS","GOBP_CELLULAR_POLYSACCHARIDE_CATABOLIC_PROCESS","1/201","14/11404",0.22049742159321,0.522053467621399,0.458532530700855,"MGAM",1
"GOBP_CELLULAR_RESPONSE_TO_GONADOTROPIN_STIMULUS","GOBP_CELLULAR_RESPONSE_TO_GONADOTROPIN_STIMULUS","1/201","14/11404",0.22049742159321,0.522053467621399,0.458532530700855,"EDN1",1
"GOBP_CELLULAR_RESPONSE_TO_ZINC_ION","GOBP_CELLULAR_RESPONSE_TO_ZINC_ION","1/201","14/11404",0.22049742159321,0.522053467621399,0.458532530700855,"MT1G",1
"GOBP_FOREBRAIN_REGIONALIZATION","GOBP_FOREBRAIN_REGIONALIZATION","1/201","14/11404",0.22049742159321,0.522053467621399,0.458532530700855,"DMRTA2",1
"GOBP_GROWTH_PLATE_CARTILAGE_DEVELOPMENT","GOBP_GROWTH_PLATE_CARTILAGE_DEVELOPMENT","1/201","14/11404",0.22049742159321,0.522053467621399,0.458532530700855,"SOX9",1
"GOBP_KERATINIZATION","GOBP_KERATINIZATION","1/201","14/11404",0.22049742159321,0.522053467621399,0.458532530700855,"TCHH",1
"GOBP_MAMMARY_GLAND_EPITHELIAL_CELL_DIFFERENTIATION","GOBP_MAMMARY_GLAND_EPITHELIAL_CELL_DIFFERENTIATION","1/201","14/11404",0.22049742159321,0.522053467621399,0.458532530700855,"MGMT",1
"GOBP_N_GLYCAN_PROCESSING","GOBP_N_GLYCAN_PROCESSING","1/201","14/11404",0.22049742159321,0.522053467621399,0.458532530700855,"ST8SIA2",1
"GOBP_NEGATIVE_REGULATION_OF_BONE_MINERALIZATION","GOBP_NEGATIVE_REGULATION_OF_BONE_MINERALIZATION","1/201","14/11404",0.22049742159321,0.522053467621399,0.458532530700855,"SOX9",1
"GOBP_NEGATIVE_REGULATION_OF_CELL_SUBSTRATE_JUNCTION_ORGANIZATION","GOBP_NEGATIVE_REGULATION_OF_CELL_SUBSTRATE_JUNCTION_ORGANIZATION","1/201","14/11404",0.22049742159321,0.522053467621399,0.458532530700855,"ARHGAP6",1
"GOBP_NEGATIVE_REGULATION_OF_INTERLEUKIN_8_PRODUCTION","GOBP_NEGATIVE_REGULATION_OF_INTERLEUKIN_8_PRODUCTION","1/201","14/11404",0.22049742159321,0.522053467621399,0.458532530700855,"CD33",1
"GOBP_NEGATIVE_REGULATION_OF_MYOBLAST_DIFFERENTIATION","GOBP_NEGATIVE_REGULATION_OF_MYOBLAST_DIFFERENTIATION","1/201","14/11404",0.22049742159321,0.522053467621399,0.458532530700855,"SOX9",1
"GOBP_NITRIC_OXIDE_SYNTHASE_BIOSYNTHETIC_PROCESS","GOBP_NITRIC_OXIDE_SYNTHASE_BIOSYNTHETIC_PROCESS","1/201","14/11404",0.22049742159321,0.522053467621399,0.458532530700855,"EDN1",1
"GOBP_POLYSACCHARIDE_CATABOLIC_PROCESS","GOBP_POLYSACCHARIDE_CATABOLIC_PROCESS","1/201","14/11404",0.22049742159321,0.522053467621399,0.458532530700855,"MGAM",1
"GOBP_POSITIVE_REGULATION_OF_CHONDROCYTE_DIFFERENTIATION","GOBP_POSITIVE_REGULATION_OF_CHONDROCYTE_DIFFERENTIATION","1/201","14/11404",0.22049742159321,0.522053467621399,0.458532530700855,"SOX9",1
"GOBP_POSITIVE_REGULATION_OF_DNA_DAMAGE_RESPONSE_SIGNAL_TRANSDUCTION_BY_P53_CLASS_MEDIATOR","GOBP_POSITIVE_REGULATION_OF_DNA_DAMAGE_RESPONSE_SIGNAL_TRANSDUCTION_BY_P53_CLASS_MEDIATOR","1/201","14/11404",0.22049742159321,0.522053467621399,0.458532530700855,"ANKRD1",1
"GOBP_POSITIVE_REGULATION_OF_GRANULOCYTE_CHEMOTAXIS","GOBP_POSITIVE_REGULATION_OF_GRANULOCYTE_CHEMOTAXIS","1/201","14/11404",0.22049742159321,0.522053467621399,0.458532530700855,"EDN1",1
"GOBP_POSITIVE_REGULATION_OF_PROTEIN_DEPOLYMERIZATION","GOBP_POSITIVE_REGULATION_OF_PROTEIN_DEPOLYMERIZATION","1/201","14/11404",0.22049742159321,0.522053467621399,0.458532530700855,"TRPV4",1
"GOBP_POSITIVE_REGULATION_OF_STEM_CELL_DIFFERENTIATION","GOBP_POSITIVE_REGULATION_OF_STEM_CELL_DIFFERENTIATION","1/201","14/11404",0.22049742159321,0.522053467621399,0.458532530700855,"SOX9",1
"GOBP_REGULATION_OF_BRANCHING_INVOLVED_IN_URETERIC_BUD_MORPHOGENESIS","GOBP_REGULATION_OF_BRANCHING_INVOLVED_IN_URETERIC_BUD_MORPHOGENESIS","1/201","14/11404",0.22049742159321,0.522053467621399,0.458532530700855,"SOX9",1
"GOBP_REGULATION_OF_CARDIAC_CONDUCTION","GOBP_REGULATION_OF_CARDIAC_CONDUCTION","1/201","14/11404",0.22049742159321,0.522053467621399,0.458532530700855,"RYR2",1
"GOBP_REGULATION_OF_COLLATERAL_SPROUTING","GOBP_REGULATION_OF_COLLATERAL_SPROUTING","1/201","14/11404",0.22049742159321,0.522053467621399,0.458532530700855,"FGF13",1
"GOBP_REGULATION_OF_ENDOTHELIAL_CELL_DEVELOPMENT","GOBP_REGULATION_OF_ENDOTHELIAL_CELL_DEVELOPMENT","1/201","14/11404",0.22049742159321,0.522053467621399,0.458532530700855,"S1PR3",1
"GOBP_REGULATION_OF_EXTRACELLULAR_MATRIX_ASSEMBLY","GOBP_REGULATION_OF_EXTRACELLULAR_MATRIX_ASSEMBLY","1/201","14/11404",0.22049742159321,0.522053467621399,0.458532530700855,"SOX9",1
"GOBP_REGULATION_OF_RECEPTOR_BINDING","GOBP_REGULATION_OF_RECEPTOR_BINDING","1/201","14/11404",0.22049742159321,0.522053467621399,0.458532530700855,"LOX",1
"GOBP_REGULATION_OF_RESPIRATORY_GASEOUS_EXCHANGE","GOBP_REGULATION_OF_RESPIRATORY_GASEOUS_EXCHANGE","1/201","14/11404",0.22049742159321,0.522053467621399,0.458532530700855,"ADORA1",1
"GOBP_REGULATION_OF_T_HELPER_17_TYPE_IMMUNE_RESPONSE","GOBP_REGULATION_OF_T_HELPER_17_TYPE_IMMUNE_RESPONSE","1/201","14/11404",0.22049742159321,0.522053467621399,0.458532530700855,"NLRP10",1
"GOBP_RESPONSE_TO_ACIDIC_PH","GOBP_RESPONSE_TO_ACIDIC_PH","1/201","14/11404",0.22049742159321,0.522053467621399,0.458532530700855,"CTSS",1
"GOBP_SPERM_CAPACITATION","GOBP_SPERM_CAPACITATION","1/201","14/11404",0.22049742159321,0.522053467621399,0.458532530700855,"SPINK1",1
"GOBP_STORE_OPERATED_CALCIUM_ENTRY","GOBP_STORE_OPERATED_CALCIUM_ENTRY","1/201","14/11404",0.22049742159321,0.522053467621399,0.458532530700855,"SPINK1",1
"GOBP_SYNAPTONEMAL_COMPLEX_ORGANIZATION","GOBP_SYNAPTONEMAL_COMPLEX_ORGANIZATION","1/201","14/11404",0.22049742159321,0.522053467621399,0.458532530700855,"HSPA2",1
"GOBP_THYROID_HORMONE_METABOLIC_PROCESS","GOBP_THYROID_HORMONE_METABOLIC_PROCESS","1/201","14/11404",0.22049742159321,0.522053467621399,0.458532530700855,"FOXE1",1
"GOBP_REGULATION_OF_CIRCADIAN_RHYTHM","GOBP_REGULATION_OF_CIRCADIAN_RHYTHM","3/201","92/11404",0.220913546813253,0.522506608688518,0.45893053575811,"ADORA1/RORB/ADCY1",3
"GOBP_NEURON_APOPTOTIC_PROCESS","GOBP_NEURON_APOPTOTIC_PROCESS","5/201","183/11404",0.221525890988052,0.523422455840672,0.459734947065492,"GABRB2/BID/TOX3/PTPRZ1/TERT",5
"GOBP_NEGATIVE_REGULATION_OF_ESTABLISHMENT_OF_PROTEIN_LOCALIZATION","GOBP_NEGATIVE_REGULATION_OF_ESTABLISHMENT_OF_PROTEIN_LOCALIZATION","3/201","93/11404",0.225551597060029,0.527636979575093,0.463436667968616,"UCP2/CORO2B/ADTRP",3
"GOBP_REGULATION_OF_T_CELL_DIFFERENTIATION","GOBP_REGULATION_OF_T_CELL_DIFFERENTIATION","3/201","93/11404",0.225551597060029,0.527636979575093,0.463436667968616,"NLRP3/GLI2/IL7R",3
"GOBP_POSITIVE_REGULATION_OF_SUPRAMOLECULAR_FIBER_ORGANIZATION","GOBP_POSITIVE_REGULATION_OF_SUPRAMOLECULAR_FIBER_ORGANIZATION","4/201","138/11404",0.226221273164011,0.527636979575093,0.463436667968616,"HSPA1A/TRPV4/EDN1/NAV3",4
"GOBP_LYMPHOCYTE_MIGRATION","GOBP_LYMPHOCYTE_MIGRATION","2/201","51/11404",0.226673365126146,0.527636979575093,0.463436667968616,"SPNS2/ADTRP",2
"GOBP_POSITIVE_REGULATION_OF_LEUKOCYTE_CHEMOTAXIS","GOBP_POSITIVE_REGULATION_OF_LEUKOCYTE_CHEMOTAXIS","2/201","51/11404",0.226673365126146,0.527636979575093,0.463436667968616,"TRPV4/EDN1",2
"GOBP_RECEPTOR_SIGNALING_PATHWAY_VIA_STAT","GOBP_RECEPTOR_SIGNALING_PATHWAY_VIA_STAT","3/201","94/11404",0.230208608636327,0.527636979575093,0.463436667968616,"TSLP/STAT5A/IL7R",3
"GOBP_MYELOID_CELL_ACTIVATION_INVOLVED_IN_IMMUNE_RESPONSE","GOBP_MYELOID_CELL_ACTIVATION_INVOLVED_IN_IMMUNE_RESPONSE","2/201","52/11404",0.233197961004177,0.527636979575093,0.463436667968616,"ANXA3/IL13RA2",2
"GOBP_NEPHRON_MORPHOGENESIS","GOBP_NEPHRON_MORPHOGENESIS","2/201","52/11404",0.233197961004177,0.527636979575093,0.463436667968616,"SOX9/FGF1",2
"GOBP_REGULATION_OF_CARTILAGE_DEVELOPMENT","GOBP_REGULATION_OF_CARTILAGE_DEVELOPMENT","2/201","52/11404",0.233197961004177,0.527636979575093,0.463436667968616,"SOX9/FRZB",2
"GOBP_CARTILAGE_DEVELOPMENT","GOBP_CARTILAGE_DEVELOPMENT","4/201","140/11404",0.233764233629583,0.527636979575093,0.463436667968616,"SOX9/TRPV4/EDN1/FRZB",4
"GOBP_ACTIVATION_OF_PHOSPHOLIPASE_C_ACTIVITY","GOBP_ACTIVATION_OF_PHOSPHOLIPASE_C_ACTIVITY","1/201","15/11404",0.234253349447447,0.527636979575093,0.463436667968616,"ARHGAP6",1
"GOBP_ACYLGLYCEROL_HOMEOSTASIS","GOBP_ACYLGLYCEROL_HOMEOSTASIS","1/201","15/11404",0.234253349447447,0.527636979575093,0.463436667968616,"ADORA1",1
"GOBP_AROMATIC_AMINO_ACID_FAMILY_METABOLIC_PROCESS","GOBP_AROMATIC_AMINO_ACID_FAMILY_METABOLIC_PROCESS","1/201","15/11404",0.234253349447447,0.527636979575093,0.463436667968616,"HPDL",1
"GOBP_ASYMMETRIC_CELL_DIVISION","GOBP_ASYMMETRIC_CELL_DIVISION","1/201","15/11404",0.234253349447447,0.527636979575093,0.463436667968616,"FGF13",1
"GOBP_HEPATOCYTE_APOPTOTIC_PROCESS","GOBP_HEPATOCYTE_APOPTOTIC_PROCESS","1/201","15/11404",0.234253349447447,0.527636979575093,0.463436667968616,"BID",1
"GOBP_IMMUNE_RESPONSE_TO_TUMOR_CELL","GOBP_IMMUNE_RESPONSE_TO_TUMOR_CELL","1/201","15/11404",0.234253349447447,0.527636979575093,0.463436667968616,"CD274",1
"GOBP_LIVER_MORPHOGENESIS","GOBP_LIVER_MORPHOGENESIS","1/201","15/11404",0.234253349447447,0.527636979575093,0.463436667968616,"FGF1",1
"GOBP_MAMMARY_GLAND_ALVEOLUS_DEVELOPMENT","GOBP_MAMMARY_GLAND_ALVEOLUS_DEVELOPMENT","1/201","15/11404",0.234253349447447,0.527636979575093,0.463436667968616,"AR",1
"GOBP_METANEPHRIC_EPITHELIUM_DEVELOPMENT","GOBP_METANEPHRIC_EPITHELIUM_DEVELOPMENT","1/201","15/11404",0.234253349447447,0.527636979575093,0.463436667968616,"SOX9",1
"GOBP_NEGATIVE_REGULATION_OF_BLOOD_CIRCULATION","GOBP_NEGATIVE_REGULATION_OF_BLOOD_CIRCULATION","1/201","15/11404",0.234253349447447,0.527636979575093,0.463436667968616,"ADORA1",1
"GOBP_NEGATIVE_REGULATION_OF_MONONUCLEAR_CELL_MIGRATION","GOBP_NEGATIVE_REGULATION_OF_MONONUCLEAR_CELL_MIGRATION","1/201","15/11404",0.234253349447447,0.527636979575093,0.463436667968616,"ADTRP",1
"GOBP_NEGATIVE_REGULATION_OF_REGULATED_SECRETORY_PATHWAY","GOBP_NEGATIVE_REGULATION_OF_REGULATED_SECRETORY_PATHWAY","1/201","15/11404",0.234253349447447,0.527636979575093,0.463436667968616,"IL13RA2",1
"GOBP_NEURONAL_ACTION_POTENTIAL","GOBP_NEURONAL_ACTION_POTENTIAL","1/201","15/11404",0.234253349447447,0.527636979575093,0.463436667968616,"SCN5A",1
"GOBP_NITRIC_OXIDE_MEDIATED_SIGNAL_TRANSDUCTION","GOBP_NITRIC_OXIDE_MEDIATED_SIGNAL_TRANSDUCTION","1/201","15/11404",0.234253349447447,0.527636979575093,0.463436667968616,"SPINK1",1
"GOBP_OVULATION","GOBP_OVULATION","1/201","15/11404",0.234253349447447,0.527636979575093,0.463436667968616,"RGS2",1
"GOBP_POSITIVE_REGULATION_OF_BLOOD_PRESSURE","GOBP_POSITIVE_REGULATION_OF_BLOOD_PRESSURE","1/201","15/11404",0.234253349447447,0.527636979575093,0.463436667968616,"ADORA1",1
"GOBP_POSITIVE_REGULATION_OF_FATTY_ACID_TRANSPORT","GOBP_POSITIVE_REGULATION_OF_FATTY_ACID_TRANSPORT","1/201","15/11404",0.234253349447447,0.527636979575093,0.463436667968616,"EDN1",1
"GOBP_POSITIVE_REGULATION_OF_LIPID_CATABOLIC_PROCESS","GOBP_POSITIVE_REGULATION_OF_LIPID_CATABOLIC_PROCESS","1/201","15/11404",0.234253349447447,0.527636979575093,0.463436667968616,"ADORA1",1
"GOBP_POSITIVE_REGULATION_OF_NITRIC_OXIDE_SYNTHASE_ACTIVITY","GOBP_POSITIVE_REGULATION_OF_NITRIC_OXIDE_SYNTHASE_ACTIVITY","1/201","15/11404",0.234253349447447,0.527636979575093,0.463436667968616,"TERT",1
"GOBP_POSITIVE_REGULATION_OF_OLIGODENDROCYTE_DIFFERENTIATION","GOBP_POSITIVE_REGULATION_OF_OLIGODENDROCYTE_DIFFERENTIATION","1/201","15/11404",0.234253349447447,0.527636979575093,0.463436667968616,"PTPRZ1",1
"GOBP_PROTEIN_LOCALIZATION_TO_NUCLEOLUS","GOBP_PROTEIN_LOCALIZATION_TO_NUCLEOLUS","1/201","15/11404",0.234253349447447,0.527636979575093,0.463436667968616,"TERT",1
"GOBP_REGULATION_OF_CELL_CELL_ADHESION_MEDIATED_BY_CADHERIN","GOBP_REGULATION_OF_CELL_CELL_ADHESION_MEDIATED_BY_CADHERIN","1/201","15/11404",0.234253349447447,0.527636979575093,0.463436667968616,"FOXA1",1
"GOBP_REGULATION_OF_CHOLESTEROL_BIOSYNTHETIC_PROCESS","GOBP_REGULATION_OF_CHOLESTEROL_BIOSYNTHETIC_PROCESS","1/201","15/11404",0.234253349447447,0.527636979575093,0.463436667968616,"FGF1",1
"GOBP_REGULATION_OF_ENDOCRINE_PROCESS","GOBP_REGULATION_OF_ENDOCRINE_PROCESS","1/201","15/11404",0.234253349447447,0.527636979575093,0.463436667968616,"AGTR1",1
"GOBP_REGULATION_OF_ENDOTHELIAL_CELL_CHEMOTAXIS","GOBP_REGULATION_OF_ENDOTHELIAL_CELL_CHEMOTAXIS","1/201","15/11404",0.234253349447447,0.527636979575093,0.463436667968616,"FGF1",1
"GOBP_REGULATION_OF_HUMORAL_IMMUNE_RESPONSE","GOBP_REGULATION_OF_HUMORAL_IMMUNE_RESPONSE","1/201","15/11404",0.234253349447447,0.527636979575093,0.463436667968616,"SPNS2",1
"GOBP_REGULATION_OF_MACROPHAGE_CHEMOTAXIS","GOBP_REGULATION_OF_MACROPHAGE_CHEMOTAXIS","1/201","15/11404",0.234253349447447,0.527636979575093,0.463436667968616,"TRPV4",1
"GOBP_REGULATION_OF_MACROPHAGE_DERIVED_FOAM_CELL_DIFFERENTIATION","GOBP_REGULATION_OF_MACROPHAGE_DERIVED_FOAM_CELL_DIFFERENTIATION","1/201","15/11404",0.234253349447447,0.527636979575093,0.463436667968616,"AGTR1",1
"GOBP_REGULATION_OF_NEURON_PROJECTION_ARBORIZATION","GOBP_REGULATION_OF_NEURON_PROJECTION_ARBORIZATION","1/201","15/11404",0.234253349447447,0.527636979575093,0.463436667968616,"SPRY3",1
"GOBP_REGULATION_OF_NUCLEOBASE_CONTAINING_COMPOUND_TRANSPORT","GOBP_REGULATION_OF_NUCLEOBASE_CONTAINING_COMPOUND_TRANSPORT","1/201","15/11404",0.234253349447447,0.527636979575093,0.463436667968616,"ADORA1",1
"GOBP_REPLICATIVE_SENESCENCE","GOBP_REPLICATIVE_SENESCENCE","1/201","15/11404",0.234253349447447,0.527636979575093,0.463436667968616,"TERT",1
"GOBP_RESPONSE_TO_DIETARY_EXCESS","GOBP_RESPONSE_TO_DIETARY_EXCESS","1/201","15/11404",0.234253349447447,0.527636979575093,0.463436667968616,"TRPV4",1
"GOBP_RESPONSE_TO_LEPTIN","GOBP_RESPONSE_TO_LEPTIN","1/201","15/11404",0.234253349447447,0.527636979575093,0.463436667968616,"EDN1",1
"GOBP_RESPONSE_TO_MUSCLE_ACTIVITY","GOBP_RESPONSE_TO_MUSCLE_ACTIVITY","1/201","15/11404",0.234253349447447,0.527636979575093,0.463436667968616,"RYR2",1
"GOBP_SYNAPSE_MATURATION","GOBP_SYNAPSE_MATURATION","1/201","15/11404",0.234253349447447,0.527636979575093,0.463436667968616,"SYBU",1
"GOBP_TRACHEA_DEVELOPMENT","GOBP_TRACHEA_DEVELOPMENT","1/201","15/11404",0.234253349447447,0.527636979575093,0.463436667968616,"SOX9",1
"GOBP_TROPHECTODERMAL_CELL_DIFFERENTIATION","GOBP_TROPHECTODERMAL_CELL_DIFFERENTIATION","1/201","15/11404",0.234253349447447,0.527636979575093,0.463436667968616,"HOPX",1
"GOBP_VITAMIN_BIOSYNTHETIC_PROCESS","GOBP_VITAMIN_BIOSYNTHETIC_PROCESS","1/201","15/11404",0.234253349447447,0.527636979575093,0.463436667968616,"PLTP",1
"GOBP_BLOOD_VESSEL_ENDOTHELIAL_CELL_MIGRATION","GOBP_BLOOD_VESSEL_ENDOTHELIAL_CELL_MIGRATION","3/201","95/11404",0.234883558649558,0.527636979575093,0.463436667968616,"STAT5A/ADTRP/JUP",3
"GOBP_REGULATION_OF_CELL_MATRIX_ADHESION","GOBP_REGULATION_OF_CELL_MATRIX_ADHESION","3/201","95/11404",0.234883558649558,0.527636979575093,0.463436667968616,"GPM6B/ARHGAP6/JUP",3
"GOBP_REGULATION_OF_INSULIN_SECRETION","GOBP_REGULATION_OF_INSULIN_SECRETION","3/201","95/11404",0.234883558649558,0.527636979575093,0.463436667968616,"UCP2/AACS/EPHA5",3
"GOBP_REGULATION_OF_DEFENSE_RESPONSE","GOBP_REGULATION_OF_DEFENSE_RESPONSE","9/201","384/11404",0.237101364398054,0.528980652650916,0.464616849413821,"TRPV4/SEMA7A/NLRP3/TSLP/ADORA1/IL1R1/AGTR1/MGLL/NLRP10",9
"GOBP_REACTIVE_OXYGEN_SPECIES_METABOLIC_PROCESS","GOBP_REACTIVE_OXYGEN_SPECIES_METABOLIC_PROCESS","4/201","141/11404",0.237558803453446,0.528980652650916,0.464616849413821,"EDN1/INAVA/GPX3/AGTR1",4
"GOBP_MONONUCLEAR_CELL_MIGRATION","GOBP_MONONUCLEAR_CELL_MIGRATION","3/201","96/11404",0.239575435146929,0.528980652650916,0.464616849413821,"TRPV4/SPNS2/ADTRP",3
"GOBP_RETINA_DEVELOPMENT_IN_CAMERA_TYPE_EYE","GOBP_RETINA_DEVELOPMENT_IN_CAMERA_TYPE_EYE","3/201","96/11404",0.239575435146929,0.528980652650916,0.464616849413821,"SOX9/IGFN1/RORB",3
"GOBP_SPROUTING_ANGIOGENESIS","GOBP_SPROUTING_ANGIOGENESIS","3/201","96/11404",0.239575435146929,0.528980652650916,0.464616849413821,"FGF1/ADTRP/AGTR1",3
"GOBP_ACUTE_INFLAMMATORY_RESPONSE","GOBP_ACUTE_INFLAMMATORY_RESPONSE","2/201","53/11404",0.239733871627233,0.528980652650916,0.464616849413821,"NLRP3/ADORA1",2
"GOBP_CYTOPLASMIC_PATTERN_RECOGNITION_RECEPTOR_SIGNALING_PATHWAY","GOBP_CYTOPLASMIC_PATTERN_RECOGNITION_RECEPTOR_SIGNALING_PATHWAY","2/201","53/11404",0.239733871627233,0.528980652650916,0.464616849413821,"HSPA1A/INAVA",2
"GOBP_ODONTOGENESIS_OF_DENTIN_CONTAINING_TOOTH","GOBP_ODONTOGENESIS_OF_DENTIN_CONTAINING_TOOTH","2/201","53/11404",0.239733871627233,0.528980652650916,0.464616849413821,"SCN5A/GLI2",2
"GOBP_POSITIVE_REGULATION_OF_LIPID_BIOSYNTHETIC_PROCESS","GOBP_POSITIVE_REGULATION_OF_LIPID_BIOSYNTHETIC_PROCESS","2/201","53/11404",0.239733871627233,0.528980652650916,0.464616849413821,"RAB38/FGF1",2
"GOBP_REACTIVE_NITROGEN_SPECIES_METABOLIC_PROCESS","GOBP_REACTIVE_NITROGEN_SPECIES_METABOLIC_PROCESS","2/201","53/11404",0.239733871627233,0.528980652650916,0.464616849413821,"EDN1/MTARC2",2
"GOBP_REGULATION_OF_MIRNA_TRANSCRIPTION","GOBP_REGULATION_OF_MIRNA_TRANSCRIPTION","2/201","53/11404",0.239733871627233,0.528980652650916,0.464616849413821,"SOX9/TERT",2
"GOBP_POSITIVE_REGULATION_OF_CELLULAR_COMPONENT_BIOGENESIS","GOBP_POSITIVE_REGULATION_OF_CELLULAR_COMPONENT_BIOGENESIS","9/201","386/11404",0.241617532911117,0.528980652650916,0.464616849413821,"HSPA1A/TRABD2A/SOX9/DOCK11/BID/ST8SIA2/CLSTN2/COBL/NAV3",9
"GOBP_IMMUNE_EFFECTOR_PROCESS","GOBP_IMMUNE_EFFECTOR_PROCESS","8/201","337/11404",0.244234168339245,0.528980652650916,0.464616849413821,"ANXA3/DOCK11/SEMA7A/INAVA/NLRP3/IL1R1/IL13RA2/IL7R",8
"GOBP_CELLULAR_RESPONSE_TO_CARBOHYDRATE_STIMULUS","GOBP_CELLULAR_RESPONSE_TO_CARBOHYDRATE_STIMULUS","3/201","97/11404",0.24428323737792,0.528980652650916,0.464616849413821,"UCP2/RPS6KA2/EPHA5",3
"GOBP_CEREBRAL_CORTEX_DEVELOPMENT","GOBP_CEREBRAL_CORTEX_DEVELOPMENT","3/201","97/11404",0.24428323737792,0.528980652650916,0.464616849413821,"FGF13/PHACTR1/DMRTA2",3
"GOBP_LEARNING","GOBP_LEARNING","3/201","97/11404",0.24428323737792,0.528980652650916,0.464616849413821,"NRXN3/FGF13/TAFA2",3
"GOBP_PROTEIN_DEPOLYMERIZATION","GOBP_PROTEIN_DEPOLYMERIZATION","3/201","97/11404",0.24428323737792,0.528980652650916,0.464616849413821,"TRPV4/FGF13/NAV3",3
"GOBP_REGULATION_OF_LYMPHOCYTE_MEDIATED_IMMUNITY","GOBP_REGULATION_OF_LYMPHOCYTE_MEDIATED_IMMUNITY","3/201","97/11404",0.24428323737792,0.528980652650916,0.464616849413821,"NLRP3/IL1R1/IL7R",3
"GOBP_REGULATION_OF_OSTEOBLAST_DIFFERENTIATION","GOBP_REGULATION_OF_OSTEOBLAST_DIFFERENTIATION","3/201","97/11404",0.24428323737792,0.528980652650916,0.464616849413821,"SOX9/FBN2/RORB",3
"GOBP_CHEMOKINE_PRODUCTION","GOBP_CHEMOKINE_PRODUCTION","2/201","54/11404",0.246278685010704,0.528980652650916,0.464616849413821,"TRPV4/TSLP",2
"GOBP_NEGATIVE_REGULATION_OF_IMMUNE_EFFECTOR_PROCESS","GOBP_NEGATIVE_REGULATION_OF_IMMUNE_EFFECTOR_PROCESS","2/201","54/11404",0.246278685010704,0.528980652650916,0.464616849413821,"IL13RA2/IL7R",2
"GOBP_POSITIVE_REGULATION_OF_LIPID_TRANSPORT","GOBP_POSITIVE_REGULATION_OF_LIPID_TRANSPORT","2/201","54/11404",0.246278685010704,0.528980652650916,0.464616849413821,"EDN1/PLTP",2
"GOBP_REGULATION_OF_ATP_DEPENDENT_ACTIVITY","GOBP_REGULATION_OF_ATP_DEPENDENT_ACTIVITY","2/201","54/11404",0.246278685010704,0.528980652650916,0.464616849413821,"RYR2/HSPA2",2
"GOBP_REGULATION_OF_GLUCOSE_TRANSMEMBRANE_TRANSPORT","GOBP_REGULATION_OF_GLUCOSE_TRANSMEMBRANE_TRANSPORT","2/201","54/11404",0.246278685010704,0.528980652650916,0.464616849413821,"EDN1/TERT",2
"GOBP_REGULATION_OF_RECEPTOR_SIGNALING_PATHWAY_VIA_STAT","GOBP_REGULATION_OF_RECEPTOR_SIGNALING_PATHWAY_VIA_STAT","2/201","54/11404",0.246278685010704,0.528980652650916,0.464616849413821,"TSLP/IL7R",2
"GOBP_POSITIVE_REGULATION_OF_PROTEIN_PHOSPHORYLATION","GOBP_POSITIVE_REGULATION_OF_PROTEIN_PHOSPHORYLATION","11/201","490/11404",0.247002425479027,0.528980652650916,0.464616849413821,"SOX9/EDN1/SEMA7A/FGF1/TSLP/ADORA1/KITLG/FGF13/GFRA1/ADTRP/HSPA2",11
"GOBP_AXONAL_FASCICULATION","GOBP_AXONAL_FASCICULATION","1/201","16/11404",0.24776771214488,0.528980652650916,0.464616849413821,"NCAM2",1
"GOBP_CALCIUM_MEDIATED_SIGNALING_USING_INTRACELLULAR_CALCIUM_SOURCE","GOBP_CALCIUM_MEDIATED_SIGNALING_USING_INTRACELLULAR_CALCIUM_SOURCE","1/201","16/11404",0.24776771214488,0.528980652650916,0.464616849413821,"RYR2",1
"GOBP_CD8_POSITIVE_ALPHA_BETA_T_CELL_ACTIVATION","GOBP_CD8_POSITIVE_ALPHA_BETA_T_CELL_ACTIVATION","1/201","16/11404",0.24776771214488,0.528980652650916,0.464616849413821,"CD274",1
"GOBP_CERAMIDE_TRANSPORT","GOBP_CERAMIDE_TRANSPORT","1/201","16/11404",0.24776771214488,0.528980652650916,0.464616849413821,"PLTP",1
"GOBP_CHONDROCYTE_PROLIFERATION","GOBP_CHONDROCYTE_PROLIFERATION","1/201","16/11404",0.24776771214488,0.528980652650916,0.464616849413821,"SOX9",1
"GOBP_DENDRITIC_SPINE_MAINTENANCE","GOBP_DENDRITIC_SPINE_MAINTENANCE","1/201","16/11404",0.24776771214488,0.528980652650916,0.464616849413821,"GRIN2B",1
"GOBP_DNA_LIGATION","GOBP_DNA_LIGATION","1/201","16/11404",0.24776771214488,0.528980652650916,0.464616849413821,"MGMT",1
"GOBP_HYPEROSMOTIC_RESPONSE","GOBP_HYPEROSMOTIC_RESPONSE","1/201","16/11404",0.24776771214488,0.528980652650916,0.464616849413821,"TRPV4",1
"GOBP_MALE_MEIOSIS_I","GOBP_MALE_MEIOSIS_I","1/201","16/11404",0.24776771214488,0.528980652650916,0.464616849413821,"HSPA2",1
"GOBP_NADPH_REGENERATION","GOBP_NADPH_REGENERATION","1/201","16/11404",0.24776771214488,0.528980652650916,0.464616849413821,"ALDH1L2",1
"GOBP_NEGATIVE_REGULATION_OF_CELLULAR_SENESCENCE","GOBP_NEGATIVE_REGULATION_OF_CELLULAR_SENESCENCE","1/201","16/11404",0.24776771214488,0.528980652650916,0.464616849413821,"TERT",1
"GOBP_NEGATIVE_REGULATION_OF_FIBROBLAST_GROWTH_FACTOR_RECEPTOR_SIGNALING_PATHWAY","GOBP_NEGATIVE_REGULATION_OF_FIBROBLAST_GROWTH_FACTOR_RECEPTOR_SIGNALING_PATHWAY","1/201","16/11404",0.24776771214488,0.528980652650916,0.464616849413821,"SPRY3",1
"GOBP_NEGATIVE_REGULATION_OF_MIRNA_TRANSCRIPTION","GOBP_NEGATIVE_REGULATION_OF_MIRNA_TRANSCRIPTION","1/201","16/11404",0.24776771214488,0.528980652650916,0.464616849413821,"SOX9",1
"GOBP_NEGATIVE_REGULATION_OF_POSTTRANSCRIPTIONAL_GENE_SILENCING","GOBP_NEGATIVE_REGULATION_OF_POSTTRANSCRIPTIONAL_GENE_SILENCING","1/201","16/11404",0.24776771214488,0.528980652650916,0.464616849413821,"TERT",1
"GOBP_NEUROTRANSMITTER_REUPTAKE","GOBP_NEUROTRANSMITTER_REUPTAKE","1/201","16/11404",0.24776771214488,0.528980652650916,0.464616849413821,"GPM6B",1
"GOBP_PLASMINOGEN_ACTIVATION","GOBP_PLASMINOGEN_ACTIVATION","1/201","16/11404",0.24776771214488,0.528980652650916,0.464616849413821,"DHCR24",1
"GOBP_POSITIVE_REGULATION_OF_LONG_TERM_SYNAPTIC_POTENTIATION","GOBP_POSITIVE_REGULATION_OF_LONG_TERM_SYNAPTIC_POTENTIATION","1/201","16/11404",0.24776771214488,0.528980652650916,0.464616849413821,"ADCY1",1
"GOBP_PURINE_NUCLEOBASE_METABOLIC_PROCESS","GOBP_PURINE_NUCLEOBASE_METABOLIC_PROCESS","1/201","16/11404",0.24776771214488,0.528980652650916,0.464616849413821,"SHMT2",1
"GOBP_REGULATION_OF_CARDIAC_MUSCLE_CONTRACTION_BY_REGULATION_OF_THE_RELEASE_OF_SEQUESTERED_CALCIUM_ION","GOBP_REGULATION_OF_CARDIAC_MUSCLE_CONTRACTION_BY_REGULATION_OF_THE_RELEASE_OF_SEQUESTERED_CALCIUM_ION","1/201","16/11404",0.24776771214488,0.528980652650916,0.464616849413821,"RYR2",1
"GOBP_REGULATION_OF_DIGESTIVE_SYSTEM_PROCESS","GOBP_REGULATION_OF_DIGESTIVE_SYSTEM_PROCESS","1/201","16/11404",0.24776771214488,0.528980652650916,0.464616849413821,"SPINK1",1
"GOBP_REGULATION_OF_NMDA_RECEPTOR_ACTIVITY","GOBP_REGULATION_OF_NMDA_RECEPTOR_ACTIVITY","1/201","16/11404",0.24776771214488,0.528980652650916,0.464616849413821,"DAPK1",1
"GOBP_REGULATION_OF_RECEPTOR_LOCALIZATION_TO_SYNAPSE","GOBP_REGULATION_OF_RECEPTOR_LOCALIZATION_TO_SYNAPSE","1/201","16/11404",0.24776771214488,0.528980652650916,0.464616849413821,"GPC4",1
"GOBP_RENAL_ABSORPTION","GOBP_RENAL_ABSORPTION","1/201","16/11404",0.24776771214488,0.528980652650916,0.464616849413821,"EDN1",1
"GOBP_RESPONSE_TO_SALT","GOBP_RESPONSE_TO_SALT","1/201","16/11404",0.24776771214488,0.528980652650916,0.464616849413821,"EDN1",1
"GOBP_SERINE_FAMILY_AMINO_ACID_BIOSYNTHETIC_PROCESS","GOBP_SERINE_FAMILY_AMINO_ACID_BIOSYNTHETIC_PROCESS","1/201","16/11404",0.24776771214488,0.528980652650916,0.464616849413821,"SHMT2",1
"GOBP_SMOOTH_MUSCLE_CELL_APOPTOTIC_PROCESS","GOBP_SMOOTH_MUSCLE_CELL_APOPTOTIC_PROCESS","1/201","16/11404",0.24776771214488,0.528980652650916,0.464616849413821,"EDN1",1
"GOBP_SMOOTH_MUSCLE_TISSUE_DEVELOPMENT","GOBP_SMOOTH_MUSCLE_TISSUE_DEVELOPMENT","1/201","16/11404",0.24776771214488,0.528980652650916,0.464616849413821,"SOX9",1
"GOBP_VASCULAR_ASSOCIATED_SMOOTH_MUSCLE_CONTRACTION","GOBP_VASCULAR_ASSOCIATED_SMOOTH_MUSCLE_CONTRACTION","1/201","16/11404",0.24776771214488,0.528980652650916,0.464616849413821,"EDN1",1
"GOBP_SMALL_MOLECULE_BIOSYNTHETIC_PROCESS","GOBP_SMALL_MOLECULE_BIOSYNTHETIC_PROCESS","9/201","389/11404",0.248448684889351,0.529606456717943,0.465166508673597,"SHMT2/OSBPL6/EDN1/AACS/ACSS3/FGF1/DHCR24/PLTP/MGLL",9
"GOBP_CELL_CELL_JUNCTION_ORGANIZATION","GOBP_CELL_CELL_JUNCTION_ORGANIZATION","4/201","144/11404",0.249028440681745,0.529606456717943,0.465166508673597,"TRPV4/INAVA/JUP/PLEKHA7",4
"GOBP_RESPONSE_TO_OXIDATIVE_STRESS","GOBP_RESPONSE_TO_OXIDATIVE_STRESS","8/201","339/11404",0.249132900427082,0.529606456717943,0.465166508673597,"HSPA1A/UCP2/DAPK1/MGST1/EDN1/DHCR24/GPX3/MGMT",8
"GOBP_STEROID_METABOLIC_PROCESS","GOBP_STEROID_METABOLIC_PROCESS","5/201","192/11404",0.250826655392069,0.529606456717943,0.465166508673597,"OSBPL6/FGF1/DHCR24/ATP8B1/AGTR1",5
"GOBP_REGULATION_OF_CELL_MORPHOGENESIS","GOBP_REGULATION_OF_CELL_MORPHOGENESIS","6/201","241/11404",0.252196830145812,0.529606456717943,0.465166508673597,"PLXNA2/ST6GAL1/SPRY3/GBP1/MYH10/PLXNC1",6
"GOBP_EXOCYTIC_PROCESS","GOBP_EXOCYTIC_PROCESS","2/201","55/11404",0.252830069863353,0.529606456717943,0.465166508673597,"SV2A/RAB15",2
"GOBP_BIOLOGICAL_PROCESS_INVOLVED_IN_INTERACTION_WITH_HOST","GOBP_BIOLOGICAL_PROCESS_INVOLVED_IN_INTERACTION_WITH_HOST","4/201","145/11404",0.252878520274914,0.529606456717943,0.465166508673597,"HSPA1A/TRIM22/AGTR1/NECTIN4",4
"GOBP_ENDOTHELIUM_DEVELOPMENT","GOBP_ENDOTHELIUM_DEVELOPMENT","3/201","99/11404",0.253742673498477,0.529606456717943,0.465166508673597,"FGF1/ROBO4/S1PR3",3
"GOBP_REGULATION_OF_RESPONSE_TO_WOUNDING","GOBP_REGULATION_OF_RESPONSE_TO_WOUNDING","3/201","99/11404",0.253742673498477,0.529606456717943,0.465166508673597,"EDN1/ADTRP/RTN4R",3
"GOBP_POSITIVE_REGULATION_OF_GTPASE_ACTIVITY","GOBP_POSITIVE_REGULATION_OF_GTPASE_ACTIVITY","5/201","193/11404",0.254143320159277,0.529606456717943,0.465166508673597,"DOCK11/RALGPS2/ARHGAP6/RTN4R/RAP1GAP2",5
"GOBP_ALPHA_AMINO_ACID_METABOLIC_PROCESS","GOBP_ALPHA_AMINO_ACID_METABOLIC_PROCESS","4/201","146/11404",0.256741151088352,0.529606456717943,0.465166508673597,"SHMT2/RIMKLB/DDO/GLYATL1",4
"GOBP_POSITIVE_REGULATION_OF_LEUKOCYTE_CELL_CELL_ADHESION","GOBP_POSITIVE_REGULATION_OF_LEUKOCYTE_CELL_CELL_ADHESION","4/201","146/11404",0.256741151088352,0.529606456717943,0.465166508673597,"CD274/NLRP3/GLI2/IL7R",4
"GOBP_RESPONSE_TO_OXYGEN_LEVELS","GOBP_RESPONSE_TO_OXYGEN_LEVELS","6/201","243/11404",0.258110983594613,0.529606456717943,0.465166508673597,"UCP2/EDN1/CPEB1/ADORA1/RYR2/TERT",6
"GOBP_DEFENSE_RESPONSE_TO_BACTERIUM","GOBP_DEFENSE_RESPONSE_TO_BACTERIUM","3/201","100/11404",0.258492364010376,0.529606456717943,0.465166508673597,"ANXA3/IL7R/NLRP10",3
"GOBP_REGULATION_OF_EPITHELIAL_CELL_DIFFERENTIATION","GOBP_REGULATION_OF_EPITHELIAL_CELL_DIFFERENTIATION","3/201","100/11404",0.258492364010376,0.529606456717943,0.465166508673597,"SOX9/FRZB/S1PR3",3
"GOBP_REGULATION_OF_FAT_CELL_DIFFERENTIATION","GOBP_REGULATION_OF_FAT_CELL_DIFFERENTIATION","3/201","100/11404",0.258492364010376,0.529606456717943,0.465166508673597,"TRPV4/FRZB/JDP2",3
"GOBP_CHEMICAL_SYNAPTIC_TRANSMISSION_POSTSYNAPTIC","GOBP_CHEMICAL_SYNAPTIC_TRANSMISSION_POSTSYNAPTIC","2/201","56/11404",0.259385773516289,0.529606456717943,0.465166508673597,"ADORA1/GRIN2B",2
"GOBP_ENDOTHELIAL_CELL_DEVELOPMENT","GOBP_ENDOTHELIAL_CELL_DEVELOPMENT","2/201","56/11404",0.259385773516289,0.529606456717943,0.465166508673597,"ROBO4/S1PR3",2
"GOBP_FIBROBLAST_GROWTH_FACTOR_RECEPTOR_SIGNALING_PATHWAY","GOBP_FIBROBLAST_GROWTH_FACTOR_RECEPTOR_SIGNALING_PATHWAY","2/201","56/11404",0.259385773516289,0.529606456717943,0.465166508673597,"FGF1/SPRY3",2
"GOBP_GRANULOCYTE_CHEMOTAXIS","GOBP_GRANULOCYTE_CHEMOTAXIS","2/201","56/11404",0.259385773516289,0.529606456717943,0.465166508673597,"TRPV4/EDN1",2
"GOBP_MONOCARBOXYLIC_ACID_TRANSPORT","GOBP_MONOCARBOXYLIC_ACID_TRANSPORT","2/201","56/11404",0.259385773516289,0.529606456717943,0.465166508673597,"EDN1/ATP8B1",2
"GOBP_NEGATIVE_REGULATION_OF_ERK1_AND_ERK2_CASCADE","GOBP_NEGATIVE_REGULATION_OF_ERK1_AND_ERK2_CASCADE","2/201","56/11404",0.259385773516289,0.529606456717943,0.465166508673597,"SPRY3/GBP1",2
"GOBP_NEUTROPHIL_MIGRATION","GOBP_NEUTROPHIL_MIGRATION","2/201","56/11404",0.259385773516289,0.529606456717943,0.465166508673597,"EDN1/IL1R1",2
"GOBP_REGULATION_OF_NEURAL_PRECURSOR_CELL_PROLIFERATION","GOBP_REGULATION_OF_NEURAL_PRECURSOR_CELL_PROLIFERATION","2/201","56/11404",0.259385773516289,0.529606456717943,0.465166508673597,"PTPRZ1/DMRTA2",2
"GOBP_POSITIVE_REGULATION_OF_PEPTIDASE_ACTIVITY","GOBP_POSITIVE_REGULATION_OF_PEPTIDASE_ACTIVITY","4/201","147/11404",0.260615807231183,0.529606456717943,0.465166508673597,"DAPK1/BID/NLRP3/GRIN2B",4
"GOBP_ADRENERGIC_RECEPTOR_SIGNALING_PATHWAY","GOBP_ADRENERGIC_RECEPTOR_SIGNALING_PATHWAY","1/201","17/11404",0.261044730924199,0.529606456717943,0.465166508673597,"RGS2",1
"GOBP_BRANCHING_INVOLVED_IN_MAMMARY_GLAND_DUCT_MORPHOGENESIS","GOBP_BRANCHING_INVOLVED_IN_MAMMARY_GLAND_DUCT_MORPHOGENESIS","1/201","17/11404",0.261044730924199,0.529606456717943,0.465166508673597,"AR",1
"GOBP_CELL_MIGRATION_INVOLVED_IN_HEART_DEVELOPMENT","GOBP_CELL_MIGRATION_INVOLVED_IN_HEART_DEVELOPMENT","1/201","17/11404",0.261044730924199,0.529606456717943,0.465166508673597,"EDN1",1
"GOBP_CELLULAR_MODIFIED_AMINO_ACID_CATABOLIC_PROCESS","GOBP_CELLULAR_MODIFIED_AMINO_ACID_CATABOLIC_PROCESS","1/201","17/11404",0.261044730924199,0.529606456717943,0.465166508673597,"ALDH1L2",1
"GOBP_CELLULAR_RESPONSE_TO_GROWTH_HORMONE_STIMULUS","GOBP_CELLULAR_RESPONSE_TO_GROWTH_HORMONE_STIMULUS","1/201","17/11404",0.261044730924199,0.529606456717943,0.465166508673597,"STAT5A",1
"GOBP_ESTABLISHMENT_OF_PROTEIN_LOCALIZATION_TO_TELOMERE","GOBP_ESTABLISHMENT_OF_PROTEIN_LOCALIZATION_TO_TELOMERE","1/201","17/11404",0.261044730924199,0.529606456717943,0.465166508673597,"TERT",1
"GOBP_FLUID_TRANSPORT","GOBP_FLUID_TRANSPORT","1/201","17/11404",0.261044730924199,0.529606456717943,0.465166508673597,"EDN1",1
"GOBP_INFLAMMASOME_COMPLEX_ASSEMBLY","GOBP_INFLAMMASOME_COMPLEX_ASSEMBLY","1/201","17/11404",0.261044730924199,0.529606456717943,0.465166508673597,"NLRP3",1
"GOBP_INFLAMMATORY_CELL_APOPTOTIC_PROCESS","GOBP_INFLAMMATORY_CELL_APOPTOTIC_PROCESS","1/201","17/11404",0.261044730924199,0.529606456717943,0.465166508673597,"ST6GAL1",1
"GOBP_MAGNESIUM_ION_TRANSPORT","GOBP_MAGNESIUM_ION_TRANSPORT","1/201","17/11404",0.261044730924199,0.529606456717943,0.465166508673597,"NIPAL4",1
"GOBP_MEMBRANE_DEPOLARIZATION_DURING_ACTION_POTENTIAL","GOBP_MEMBRANE_DEPOLARIZATION_DURING_ACTION_POTENTIAL","1/201","17/11404",0.261044730924199,0.529606456717943,0.465166508673597,"SCN5A",1
"GOBP_MIDDLE_EAR_MORPHOGENESIS","GOBP_MIDDLE_EAR_MORPHOGENESIS","1/201","17/11404",0.261044730924199,0.529606456717943,0.465166508673597,"EDN1",1
"GOBP_MUSCLE_CELL_CELLULAR_HOMEOSTASIS","GOBP_MUSCLE_CELL_CELLULAR_HOMEOSTASIS","1/201","17/11404",0.261044730924199,0.529606456717943,0.465166508673597,"LOX",1
"GOBP_NEGATIVE_REGULATION_OF_PRODUCTION_OF_MOLECULAR_MEDIATOR_OF_IMMUNE_RESPONSE","GOBP_NEGATIVE_REGULATION_OF_PRODUCTION_OF_MOLECULAR_MEDIATOR_OF_IMMUNE_RESPONSE","1/201","17/11404",0.261044730924199,0.529606456717943,0.465166508673597,"IL13RA2",1
"GOBP_NEGATIVE_REGULATION_OF_T_CELL_RECEPTOR_SIGNALING_PATHWAY","GOBP_NEGATIVE_REGULATION_OF_T_CELL_RECEPTOR_SIGNALING_PATHWAY","1/201","17/11404",0.261044730924199,0.529606456717943,0.465166508673597,"GBP1",1
"GOBP_NEUTROPHIL_MEDIATED_IMMUNITY","GOBP_NEUTROPHIL_MEDIATED_IMMUNITY","1/201","17/11404",0.261044730924199,0.529606456717943,0.465166508673597,"ANXA3",1
"GOBP_NUCLEOTIDE_TRANSMEMBRANE_TRANSPORT","GOBP_NUCLEOTIDE_TRANSMEMBRANE_TRANSPORT","1/201","17/11404",0.261044730924199,0.529606456717943,0.465166508673597,"SLC25A32",1
"GOBP_POSITIVE_REGULATION_OF_CHOLESTEROL_EFFLUX","GOBP_POSITIVE_REGULATION_OF_CHOLESTEROL_EFFLUX","1/201","17/11404",0.261044730924199,0.529606456717943,0.465166508673597,"PLTP",1
"GOBP_POSITIVE_REGULATION_OF_LEUKOCYTE_APOPTOTIC_PROCESS","GOBP_POSITIVE_REGULATION_OF_LEUKOCYTE_APOPTOTIC_PROCESS","1/201","17/11404",0.261044730924199,0.529606456717943,0.465166508673597,"CD274",1
"GOBP_POSITIVE_REGULATION_OF_MESENCHYMAL_CELL_PROLIFERATION","GOBP_POSITIVE_REGULATION_OF_MESENCHYMAL_CELL_PROLIFERATION","1/201","17/11404",0.261044730924199,0.529606456717943,0.465166508673597,"SOX9",1
"GOBP_POSITIVE_REGULATION_OF_PHOSPHOPROTEIN_PHOSPHATASE_ACTIVITY","GOBP_POSITIVE_REGULATION_OF_PHOSPHOPROTEIN_PHOSPHATASE_ACTIVITY","1/201","17/11404",0.261044730924199,0.529606456717943,0.465166508673597,"CD33",1
"GOBP_POSITIVE_REGULATION_OF_SMOOTH_MUSCLE_CONTRACTION","GOBP_POSITIVE_REGULATION_OF_SMOOTH_MUSCLE_CONTRACTION","1/201","17/11404",0.261044730924199,0.529606456717943,0.465166508673597,"EDN1",1
"GOBP_POSITIVE_REGULATION_OF_TRANSCRIPTION_BY_RNA_POLYMERASE_III","GOBP_POSITIVE_REGULATION_OF_TRANSCRIPTION_BY_RNA_POLYMERASE_III","1/201","17/11404",0.261044730924199,0.529606456717943,0.465166508673597,"AR",1
"GOBP_PROTEIN_LOCALIZATION_TO_CELL_CELL_JUNCTION","GOBP_PROTEIN_LOCALIZATION_TO_CELL_CELL_JUNCTION","1/201","17/11404",0.261044730924199,0.529606456717943,0.465166508673597,"CGNL1",1
"GOBP_REGULATION_OF_BROWN_FAT_CELL_DIFFERENTIATION","GOBP_REGULATION_OF_BROWN_FAT_CELL_DIFFERENTIATION","1/201","17/11404",0.261044730924199,0.529606456717943,0.465166508673597,"TRPV4",1
"GOBP_REGULATION_OF_OXIDATIVE_PHOSPHORYLATION","GOBP_REGULATION_OF_OXIDATIVE_PHOSPHORYLATION","1/201","17/11404",0.261044730924199,0.529606456717943,0.465166508673597,"SHMT2",1
"GOBP_REGULATION_OF_PLATELET_DERIVED_GROWTH_FACTOR_RECEPTOR_SIGNALING_PATHWAY","GOBP_REGULATION_OF_PLATELET_DERIVED_GROWTH_FACTOR_RECEPTOR_SIGNALING_PATHWAY","1/201","17/11404",0.261044730924199,0.529606456717943,0.465166508673597,"LOX",1
"GOBP_RESPONSE_TO_OXYGEN_RADICAL","GOBP_RESPONSE_TO_OXYGEN_RADICAL","1/201","17/11404",0.261044730924199,0.529606456717943,0.465166508673597,"UCP2",1
"GOBP_RNA_INTERFERENCE","GOBP_RNA_INTERFERENCE","1/201","17/11404",0.261044730924199,0.529606456717943,0.465166508673597,"TERT",1
"GOBP_SECONDARY_PALATE_DEVELOPMENT","GOBP_SECONDARY_PALATE_DEVELOPMENT","1/201","17/11404",0.261044730924199,0.529606456717943,0.465166508673597,"FOXE1",1
"GOBP_SYNAPTIC_VESICLE_PRIMING","GOBP_SYNAPTIC_VESICLE_PRIMING","1/201","17/11404",0.261044730924199,0.529606456717943,0.465166508673597,"SV2A",1
"GOBP_TRABECULA_FORMATION","GOBP_TRABECULA_FORMATION","1/201","17/11404",0.261044730924199,0.529606456717943,0.465166508673597,"FBN2",1
"GOBP_REGULATION_OF_CELLULAR_RESPONSE_TO_TRANSFORMING_GROWTH_FACTOR_BETA_STIMULUS","GOBP_REGULATION_OF_CELLULAR_RESPONSE_TO_TRANSFORMING_GROWTH_FACTOR_BETA_STIMULUS","3/201","101/11404",0.263254093904179,0.533623163319282,0.468694481874095,"HSPA1A/FBN2/LOX",3
"GOBP_REGULATION_OF_HEMOPOIESIS","GOBP_REGULATION_OF_HEMOPOIESIS","6/201","245/11404",0.264062691157747,0.534795955524183,0.469724574404941,"HSPA1A/LOX/NLRP3/KITLG/GLI2/IL7R",6
"GOBP_CELLULAR_RESPONSE_TO_INORGANIC_SUBSTANCE","GOBP_CELLULAR_RESPONSE_TO_INORGANIC_SUBSTANCE","4/201","148/11404",0.264501965381011,0.535219381645649,0.47009648008718,"EDN1/MT1G/SCN5A/ADCY1",4
"GOBP_GLUTAMINE_FAMILY_AMINO_ACID_METABOLIC_PROCESS","GOBP_GLUTAMINE_FAMILY_AMINO_ACID_METABOLIC_PROCESS","2/201","57/11404",0.265943619899294,0.536735170369668,0.471427834982301,"RIMKLB/GLYATL1",2
"GOBP_T_CELL_DIFFERENTIATION_IN_THYMUS","GOBP_T_CELL_DIFFERENTIATION_IN_THYMUS","2/201","57/11404",0.265943619899294,0.536735170369668,0.471427834982301,"GLI2/IL7R",2
"GOBP_VASCULAR_TRANSPORT","GOBP_VASCULAR_TRANSPORT","2/201","57/11404",0.265943619899294,0.536735170369668,0.471427834982301,"ABCC9/KCNJ8",2
"GOBP_REGULATION_OF_SIGNALING_RECEPTOR_ACTIVITY","GOBP_REGULATION_OF_SIGNALING_RECEPTOR_ACTIVITY","3/201","102/11404",0.268026921764789,0.540002247056442,0.474297389604752,"DAPK1/EDN1/ADORA1",3
"GOBP_SMOOTH_MUSCLE_CELL_PROLIFERATION","GOBP_SMOOTH_MUSCLE_CELL_PROLIFERATION","3/201","102/11404",0.268026921764789,0.540002247056442,0.474297389604752,"EDN1/RBPMS2/TERT",3
"GOBP_BLOOD_VESSEL_MORPHOGENESIS","GOBP_BLOOD_VESSEL_MORPHOGENESIS","10/201","449/11404",0.26876693400931,0.541024347681079,0.475195125976816,"ANXA3/PTPRB/EDN1/LOX/FGF1/ROBO4/ADTRP/AGTR1/JUP/TERT",10
"GOBP_POSITIVE_REGULATION_OF_CYTOSKELETON_ORGANIZATION","GOBP_POSITIVE_REGULATION_OF_CYTOSKELETON_ORGANIZATION","4/201","150/11404",0.272306708126848,0.541884257802829,0.475950406400673,"HSPA1A/TRPV4/EDN1/NAV3",4
"GOBP_MYELOID_LEUKOCYTE_MEDIATED_IMMUNITY","GOBP_MYELOID_LEUKOCYTE_MEDIATED_IMMUNITY","2/201","58/11404",0.272501507563482,0.541884257802829,0.475950406400673,"ANXA3/IL13RA2",2
"GOBP_REGULATION_OF_CALCIUM_ION_TRANSPORT_INTO_CYTOSOL","GOBP_REGULATION_OF_CALCIUM_ION_TRANSPORT_INTO_CYTOSOL","2/201","58/11404",0.272501507563482,0.541884257802829,0.475950406400673,"JPH2/RYR2",2
"GOBP_REGULATION_OF_SODIUM_ION_TRANSPORT","GOBP_REGULATION_OF_SODIUM_ION_TRANSPORT","2/201","58/11404",0.272501507563482,0.541884257802829,0.475950406400673,"FGF13/SCN5A",2
"GOBP_CELL_PROLIFERATION_INVOLVED_IN_HEART_MORPHOGENESIS","GOBP_CELL_PROLIFERATION_INVOLVED_IN_HEART_MORPHOGENESIS","1/201","18/11404",0.27408855362414,0.541884257802829,0.475950406400673,"SOX9",1
"GOBP_FIBROBLAST_APOPTOTIC_PROCESS","GOBP_FIBROBLAST_APOPTOTIC_PROCESS","1/201","18/11404",0.27408855362414,0.541884257802829,0.475950406400673,"BID",1
"GOBP_MATURE_B_CELL_DIFFERENTIATION","GOBP_MATURE_B_CELL_DIFFERENTIATION","1/201","18/11404",0.27408855362414,0.541884257802829,0.475950406400673,"DOCK11",1
"GOBP_METANEPHRIC_NEPHRON_MORPHOGENESIS","GOBP_METANEPHRIC_NEPHRON_MORPHOGENESIS","1/201","18/11404",0.27408855362414,0.541884257802829,0.475950406400673,"SOX9",1
"GOBP_NEGATIVE_REGULATION_OF_CHONDROCYTE_DIFFERENTIATION","GOBP_NEGATIVE_REGULATION_OF_CHONDROCYTE_DIFFERENTIATION","1/201","18/11404",0.27408855362414,0.541884257802829,0.475950406400673,"SOX9",1
"GOBP_NEGATIVE_REGULATION_OF_ENDOPLASMIC_RETICULUM_STRESS_INDUCED_INTRINSIC_APOPTOTIC_SIGNALING_PATHWAY","GOBP_NEGATIVE_REGULATION_OF_ENDOPLASMIC_RETICULUM_STRESS_INDUCED_INTRINSIC_APOPTOTIC_SIGNALING_PATHWAY","1/201","18/11404",0.27408855362414,0.541884257802829,0.475950406400673,"HSPA1A",1
"GOBP_NEURON_CELLULAR_HOMEOSTASIS","GOBP_NEURON_CELLULAR_HOMEOSTASIS","1/201","18/11404",0.27408855362414,0.541884257802829,0.475950406400673,"ADORA1",1
"GOBP_POSITIVE_REGULATION_OF_MYELOID_LEUKOCYTE_CYTOKINE_PRODUCTION_INVOLVED_IN_IMMUNE_RESPONSE","GOBP_POSITIVE_REGULATION_OF_MYELOID_LEUKOCYTE_CYTOKINE_PRODUCTION_INVOLVED_IN_IMMUNE_RESPONSE","1/201","18/11404",0.27408855362414,0.541884257802829,0.475950406400673,"SEMA7A",1
"GOBP_REGULATION_OF_ANION_TRANSMEMBRANE_TRANSPORT","GOBP_REGULATION_OF_ANION_TRANSMEMBRANE_TRANSPORT","1/201","18/11404",0.27408855362414,0.541884257802829,0.475950406400673,"RGS2",1
"GOBP_REGULATION_OF_MITOCHONDRIAL_OUTER_MEMBRANE_PERMEABILIZATION_INVOLVED_IN_APOPTOTIC_SIGNALING_PATHWAY","GOBP_REGULATION_OF_MITOCHONDRIAL_OUTER_MEMBRANE_PERMEABILIZATION_INVOLVED_IN_APOPTOTIC_SIGNALING_PATHWAY","1/201","18/11404",0.27408855362414,0.541884257802829,0.475950406400673,"HSPA1A",1
"GOBP_REGULATION_OF_PRODUCTION_OF_SMALL_RNA_INVOLVED_IN_GENE_SILENCING_BY_RNA","GOBP_REGULATION_OF_PRODUCTION_OF_SMALL_RNA_INVOLVED_IN_GENE_SILENCING_BY_RNA","1/201","18/11404",0.27408855362414,0.541884257802829,0.475950406400673,"TERT",1
"GOBP_REGULATION_OF_PROTEIN_LOCALIZATION_TO_SYNAPSE","GOBP_REGULATION_OF_PROTEIN_LOCALIZATION_TO_SYNAPSE","1/201","18/11404",0.27408855362414,0.541884257802829,0.475950406400673,"GPC4",1
"GOBP_REGULATION_OF_RYANODINE_SENSITIVE_CALCIUM_RELEASE_CHANNEL_ACTIVITY","GOBP_REGULATION_OF_RYANODINE_SENSITIVE_CALCIUM_RELEASE_CHANNEL_ACTIVITY","1/201","18/11404",0.27408855362414,0.541884257802829,0.475950406400673,"JPH2",1
"GOBP_REGULATION_OF_SYNAPTIC_TRANSMISSION_GABAERGIC","GOBP_REGULATION_OF_SYNAPTIC_TRANSMISSION_GABAERGIC","1/201","18/11404",0.27408855362414,0.541884257802829,0.475950406400673,"ADORA1",1
"GOBP_RESPONSE_TO_FUNGUS","GOBP_RESPONSE_TO_FUNGUS","1/201","18/11404",0.27408855362414,0.541884257802829,0.475950406400673,"NLRP10",1
"GOBP_RESPONSE_TO_MURAMYL_DIPEPTIDE","GOBP_RESPONSE_TO_MURAMYL_DIPEPTIDE","1/201","18/11404",0.27408855362414,0.541884257802829,0.475950406400673,"INAVA",1
"GOBP_RESPONSE_TO_THYROID_HORMONE","GOBP_RESPONSE_TO_THYROID_HORMONE","1/201","18/11404",0.27408855362414,0.541884257802829,0.475950406400673,"CTSS",1
"GOBP_NEPHRON_DEVELOPMENT","GOBP_NEPHRON_DEVELOPMENT","3/201","104/11404",0.277602167964057,0.543200382810894,0.477106391693553,"SOX9/FGF1/DCHS2",3
"GOBP_REGULATION_OF_PROTEIN_LOCALIZATION_TO_CELL_PERIPHERY","GOBP_REGULATION_OF_PROTEIN_LOCALIZATION_TO_CELL_PERIPHERY","3/201","104/11404",0.277602167964057,0.543200382810894,0.477106391693553,"GPC4/AR/GBP1",3
"GOBP_CELLULAR_OXIDANT_DETOXIFICATION","GOBP_CELLULAR_OXIDANT_DETOXIFICATION","2/201","59/11404",0.279057407749308,0.543200382810894,0.477106391693553,"MGST1/GPX3",2
"GOBP_INORGANIC_ANION_TRANSMEMBRANE_TRANSPORT","GOBP_INORGANIC_ANION_TRANSMEMBRANE_TRANSPORT","2/201","59/11404",0.279057407749308,0.543200382810894,0.477106391693553,"GABRB2/GABRA6",2
"GOBP_REGULATION_OF_INTRACELLULAR_STEROID_HORMONE_RECEPTOR_SIGNALING_PATHWAY","GOBP_REGULATION_OF_INTRACELLULAR_STEROID_HORMONE_RECEPTOR_SIGNALING_PATHWAY","2/201","59/11404",0.279057407749308,0.543200382810894,0.477106391693553,"AR/FOXA1",2
"GOBP_REGULATION_OF_MEMBRANE_PERMEABILITY","GOBP_REGULATION_OF_MEMBRANE_PERMEABILITY","2/201","59/11404",0.279057407749308,0.543200382810894,0.477106391693553,"HSPA1A/BID",2
"GOBP_ANATOMICAL_STRUCTURE_MATURATION","GOBP_ANATOMICAL_STRUCTURE_MATURATION","4/201","152/11404",0.280151249552299,0.543200382810894,0.477106391693553,"RPS6KA2/EDN1/FOXA1/SPINK1",4
"GOBP_NEGATIVE_REGULATION_OF_ORGANELLE_ORGANIZATION","GOBP_NEGATIVE_REGULATION_OF_ORGANELLE_ORGANIZATION","7/201","301/11404",0.281219197964051,0.543200382810894,0.477106391693553,"HSPA1A/RPS6KA2/CORO2B/FGF13/ARHGAP6/CGNL1/NAV3",7
"GOBP_NEURAL_PRECURSOR_CELL_PROLIFERATION","GOBP_NEURAL_PRECURSOR_CELL_PROLIFERATION","3/201","105/11404",0.282402766141624,0.543200382810894,0.477106391693553,"FGF13/PTPRZ1/DMRTA2",3
"GOBP_REGULATION_OF_PROTEIN_CONTAINING_COMPLEX_DISASSEMBLY","GOBP_REGULATION_OF_PROTEIN_CONTAINING_COMPLEX_DISASSEMBLY","3/201","105/11404",0.282402766141624,0.543200382810894,0.477106391693553,"TRPV4/FGF13/NAV3",3
"GOBP_POSITIVE_REGULATION_OF_PROTEIN_CONTAINING_COMPLEX_ASSEMBLY","GOBP_POSITIVE_REGULATION_OF_PROTEIN_CONTAINING_COMPLEX_ASSEMBLY","4/201","153/11404",0.284087167764819,0.543200382810894,0.477106391693553,"HSPA1A/TRABD2A/BID/NAV3",4
"GOBP_ALPHA_AMINO_ACID_CATABOLIC_PROCESS","GOBP_ALPHA_AMINO_ACID_CATABOLIC_PROCESS","2/201","60/11404",0.285609362498934,0.543200382810894,0.477106391693553,"SHMT2/DDO",2
"GOBP_AXONAL_TRANSPORT","GOBP_AXONAL_TRANSPORT","2/201","60/11404",0.285609362498934,0.543200382810894,0.477106391693553,"UCHL1/SYBU",2
"GOBP_FATTY_ACID_TRANSPORT","GOBP_FATTY_ACID_TRANSPORT","2/201","60/11404",0.285609362498934,0.543200382810894,0.477106391693553,"EDN1/FABP6",2
"GOBP_INTERFERON_GAMMA_PRODUCTION","GOBP_INTERFERON_GAMMA_PRODUCTION","2/201","60/11404",0.285609362498934,0.543200382810894,0.477106391693553,"CD274/IL1R1",2
"GOBP_REGULATION_OF_ALPHA_BETA_T_CELL_ACTIVATION","GOBP_REGULATION_OF_ALPHA_BETA_T_CELL_ACTIVATION","2/201","60/11404",0.285609362498934,0.543200382810894,0.477106391693553,"CD274/NLRP3",2
"GOBP_REGULATION_OF_CELL_SUBSTRATE_JUNCTION_ORGANIZATION","GOBP_REGULATION_OF_CELL_SUBSTRATE_JUNCTION_ORGANIZATION","2/201","60/11404",0.285609362498934,0.543200382810894,0.477106391693553,"GPM6B/ARHGAP6",2
"GOBP_RESPONSE_TO_ALKALOID","GOBP_RESPONSE_TO_ALKALOID","2/201","60/11404",0.285609362498934,0.543200382810894,0.477106391693553,"ST8SIA2/RYR2",2
"GOBP_RESPONSE_TO_OSMOTIC_STRESS","GOBP_RESPONSE_TO_OSMOTIC_STRESS","2/201","60/11404",0.285609362498934,0.543200382810894,0.477106391693553,"PAPPA2/TRPV4",2
"GOBP_VACUOLAR_LOCALIZATION","GOBP_VACUOLAR_LOCALIZATION","2/201","60/11404",0.285609362498934,0.543200382810894,0.477106391693553,"IL13RA2/MAP6",2
"GOBP_CELL_COMMUNICATION_BY_ELECTRICAL_COUPLING_INVOLVED_IN_CARDIAC_CONDUCTION","GOBP_CELL_COMMUNICATION_BY_ELECTRICAL_COUPLING_INVOLVED_IN_CARDIAC_CONDUCTION","1/201","19/11404",0.286903255953453,0.543200382810894,0.477106391693553,"RYR2",1
"GOBP_CELLULAR_RESPONSE_TO_COPPER_ION","GOBP_CELLULAR_RESPONSE_TO_COPPER_ION","1/201","19/11404",0.286903255953453,0.543200382810894,0.477106391693553,"MT1G",1
"GOBP_CRANIAL_NERVE_MORPHOGENESIS","GOBP_CRANIAL_NERVE_MORPHOGENESIS","1/201","19/11404",0.286903255953453,0.543200382810894,0.477106391693553,"ATP8B1",1
"GOBP_EMBRYONIC_HEMOPOIESIS","GOBP_EMBRYONIC_HEMOPOIESIS","1/201","19/11404",0.286903255953453,0.543200382810894,0.477106391693553,"KITLG",1
"GOBP_INTERLEUKIN_4_PRODUCTION","GOBP_INTERLEUKIN_4_PRODUCTION","1/201","19/11404",0.286903255953453,0.543200382810894,0.477106391693553,"NLRP3",1
"GOBP_LONG_TERM_SYNAPTIC_DEPRESSION","GOBP_LONG_TERM_SYNAPTIC_DEPRESSION","1/201","19/11404",0.286903255953453,0.543200382810894,0.477106391693553,"ADORA1",1
"GOBP_MAMMARY_GLAND_DUCT_MORPHOGENESIS","GOBP_MAMMARY_GLAND_DUCT_MORPHOGENESIS","1/201","19/11404",0.286903255953453,0.543200382810894,0.477106391693553,"AR",1
"GOBP_MATING","GOBP_MATING","1/201","19/11404",0.286903255953453,0.543200382810894,0.477106391693553,"DDO",1
"GOBP_MELANOCYTE_DIFFERENTIATION","GOBP_MELANOCYTE_DIFFERENTIATION","1/201","19/11404",0.286903255953453,0.543200382810894,0.477106391693553,"KITLG",1
"GOBP_MICROVILLUS_ASSEMBLY","GOBP_MICROVILLUS_ASSEMBLY","1/201","19/11404",0.286903255953453,0.543200382810894,0.477106391693553,"ATP8B1",1
"GOBP_MITOTIC_CHROMOSOME_CONDENSATION","GOBP_MITOTIC_CHROMOSOME_CONDENSATION","1/201","19/11404",0.286903255953453,0.543200382810894,0.477106391693553,"TTN",1
"GOBP_NEGATIVE_REGULATION_OF_CARDIAC_MUSCLE_TISSUE_GROWTH","GOBP_NEGATIVE_REGULATION_OF_CARDIAC_MUSCLE_TISSUE_GROWTH","1/201","19/11404",0.286903255953453,0.543200382810894,0.477106391693553,"RGS2",1
"GOBP_NEGATIVE_REGULATION_OF_INTERFERON_GAMMA_PRODUCTION","GOBP_NEGATIVE_REGULATION_OF_INTERFERON_GAMMA_PRODUCTION","1/201","19/11404",0.286903255953453,0.543200382810894,0.477106391693553,"CD274",1
"GOBP_NEUTRAL_LIPID_CATABOLIC_PROCESS","GOBP_NEUTRAL_LIPID_CATABOLIC_PROCESS","1/201","19/11404",0.286903255953453,0.543200382810894,0.477106391693553,"MGLL",1
"GOBP_NUCLEOBASE_BIOSYNTHETIC_PROCESS","GOBP_NUCLEOBASE_BIOSYNTHETIC_PROCESS","1/201","19/11404",0.286903255953453,0.543200382810894,0.477106391693553,"SHMT2",1
"GOBP_PORE_COMPLEX_ASSEMBLY","GOBP_PORE_COMPLEX_ASSEMBLY","1/201","19/11404",0.286903255953453,0.543200382810894,0.477106391693553,"PLEKHA7",1
"GOBP_POSITIVE_REGULATION_OF_CD4_POSITIVE_ALPHA_BETA_T_CELL_DIFFERENTIATION","GOBP_POSITIVE_REGULATION_OF_CD4_POSITIVE_ALPHA_BETA_T_CELL_DIFFERENTIATION","1/201","19/11404",0.286903255953453,0.543200382810894,0.477106391693553,"NLRP3",1
"GOBP_POSITIVE_REGULATION_OF_NEUROBLAST_PROLIFERATION","GOBP_POSITIVE_REGULATION_OF_NEUROBLAST_PROLIFERATION","1/201","19/11404",0.286903255953453,0.543200382810894,0.477106391693553,"DMRTA2",1
"GOBP_PROSTANOID_BIOSYNTHETIC_PROCESS","GOBP_PROSTANOID_BIOSYNTHETIC_PROCESS","1/201","19/11404",0.286903255953453,0.543200382810894,0.477106391693553,"EDN1",1
"GOBP_PYRIDINE_NUCLEOTIDE_BIOSYNTHETIC_PROCESS","GOBP_PYRIDINE_NUCLEOTIDE_BIOSYNTHETIC_PROCESS","1/201","19/11404",0.286903255953453,0.543200382810894,0.477106391693553,"NMNAT2",1
"GOBP_REGULATION_OF_CARDIAC_MUSCLE_CONTRACTION_BY_CALCIUM_ION_SIGNALING","GOBP_REGULATION_OF_CARDIAC_MUSCLE_CONTRACTION_BY_CALCIUM_ION_SIGNALING","1/201","19/11404",0.286903255953453,0.543200382810894,0.477106391693553,"RYR2",1
"GOBP_REGULATION_OF_HAIR_CYCLE","GOBP_REGULATION_OF_HAIR_CYCLE","1/201","19/11404",0.286903255953453,0.543200382810894,0.477106391693553,"TERT",1
"GOBP_REGULATION_OF_MAST_CELL_ACTIVATION_INVOLVED_IN_IMMUNE_RESPONSE","GOBP_REGULATION_OF_MAST_CELL_ACTIVATION_INVOLVED_IN_IMMUNE_RESPONSE","1/201","19/11404",0.286903255953453,0.543200382810894,0.477106391693553,"IL13RA2",1
"GOBP_REGULATION_OF_MEIOTIC_NUCLEAR_DIVISION","GOBP_REGULATION_OF_MEIOTIC_NUCLEAR_DIVISION","1/201","19/11404",0.286903255953453,0.543200382810894,0.477106391693553,"RPS6KA2",1
"GOBP_REGULATION_OF_NEUTROPHIL_CHEMOTAXIS","GOBP_REGULATION_OF_NEUTROPHIL_CHEMOTAXIS","1/201","19/11404",0.286903255953453,0.543200382810894,0.477106391693553,"EDN1",1
"GOBP_REGULATION_OF_NUCLEASE_ACTIVITY","GOBP_REGULATION_OF_NUCLEASE_ACTIVITY","1/201","19/11404",0.286903255953453,0.543200382810894,0.477106391693553,"HSPA1A",1
"GOBP_RESPONSE_TO_ATP","GOBP_RESPONSE_TO_ATP","1/201","19/11404",0.286903255953453,0.543200382810894,0.477106391693553,"ABCC9",1
"GOBP_RESPONSE_TO_GONADOTROPIN","GOBP_RESPONSE_TO_GONADOTROPIN","1/201","19/11404",0.286903255953453,0.543200382810894,0.477106391693553,"EDN1",1
"GOBP_RESPONSE_TO_PROSTAGLANDIN","GOBP_RESPONSE_TO_PROSTAGLANDIN","1/201","19/11404",0.286903255953453,0.543200382810894,0.477106391693553,"EDN1",1
"GOBP_SUPEROXIDE_ANION_GENERATION","GOBP_SUPEROXIDE_ANION_GENERATION","1/201","19/11404",0.286903255953453,0.543200382810894,0.477106391693553,"EDN1",1
"GOBP_SYNAPTIC_MEMBRANE_ADHESION","GOBP_SYNAPTIC_MEMBRANE_ADHESION","1/201","19/11404",0.286903255953453,0.543200382810894,0.477106391693553,"GPC4",1
"GOBP_VASCULAR_ASSOCIATED_SMOOTH_MUSCLE_CELL_MIGRATION","GOBP_VASCULAR_ASSOCIATED_SMOOTH_MUSCLE_CELL_MIGRATION","1/201","19/11404",0.286903255953453,0.543200382810894,0.477106391693553,"TERT",1
"GOBP_CELLULAR_RESPONSE_TO_TOPOLOGICALLY_INCORRECT_PROTEIN","GOBP_CELLULAR_RESPONSE_TO_TOPOLOGICALLY_INCORRECT_PROTEIN","3/201","106/11404",0.287210822219068,0.543340245451045,0.477229236525196,"HSPA1A/HSPA1L/HSPA2",3
"GOBP_CIRCADIAN_RHYTHM","GOBP_CIRCADIAN_RHYTHM","4/201","154/11404",0.288031509842822,0.544449805190699,0.478203790410846,"C3orf70/ADORA1/RORB/ADCY1",4
"GOBP_CARBOHYDRATE_DERIVATIVE_TRANSPORT","GOBP_CARBOHYDRATE_DERIVATIVE_TRANSPORT","2/201","61/11404",0.292155482812031,0.550009309747346,0.483086841385332,"PLTP/ADORA1",2
"GOBP_CELLULAR_RESPONSE_TO_ALCOHOL","GOBP_CELLULAR_RESPONSE_TO_ALCOHOL","2/201","61/11404",0.292155482812031,0.550009309747346,0.483086841385332,"ADCY1/JUP",2
"GOBP_ICOSANOID_METABOLIC_PROCESS","GOBP_ICOSANOID_METABOLIC_PROCESS","2/201","61/11404",0.292155482812031,0.550009309747346,0.483086841385332,"EDN1/MGLL",2
"GOBP_NEGATIVE_REGULATION_OF_TRANSFORMING_GROWTH_FACTOR_BETA_RECEPTOR_SIGNALING_PATHWAY","GOBP_NEGATIVE_REGULATION_OF_TRANSFORMING_GROWTH_FACTOR_BETA_RECEPTOR_SIGNALING_PATHWAY","2/201","61/11404",0.292155482812031,0.550009309747346,0.483086841385332,"HSPA1A/FBN2",2
"GOBP_REGULATION_OF_MITOCHONDRIAL_MEMBRANE_POTENTIAL","GOBP_REGULATION_OF_MITOCHONDRIAL_MEMBRANE_POTENTIAL","2/201","61/11404",0.292155482812031,0.550009309747346,0.483086841385332,"UCP2/BID",2
"GOBP_POSITIVE_REGULATION_OF_MITOTIC_CELL_CYCLE","GOBP_POSITIVE_REGULATION_OF_MITOTIC_CELL_CYCLE","3/201","108/11404",0.296845809181796,0.554395588668913,0.486939419136476,"FOXA1/TERT/HSPA2",3
"GOBP_CD4_POSITIVE_ALPHA_BETA_T_CELL_ACTIVATION","GOBP_CD4_POSITIVE_ALPHA_BETA_T_CELL_ACTIVATION","2/201","62/11404",0.298693946844061,0.554395588668913,0.486939419136476,"CD274/NLRP3",2
"GOBP_REGULATION_OF_STEROID_METABOLIC_PROCESS","GOBP_REGULATION_OF_STEROID_METABOLIC_PROCESS","2/201","62/11404",0.298693946844061,0.554395588668913,0.486939419136476,"FGF1/AGTR1",2
"GOBP_ACTIVATION_OF_PROTEIN_KINASE_B_ACTIVITY","GOBP_ACTIVATION_OF_PROTEIN_KINASE_B_ACTIVITY","1/201","20/11404",0.299492842738991,0.554395588668913,0.486939419136476,"FGF1",1
"GOBP_CENTRAL_NERVOUS_SYSTEM_PROJECTION_NEURON_AXONOGENESIS","GOBP_CENTRAL_NERVOUS_SYSTEM_PROJECTION_NEURON_AXONOGENESIS","1/201","20/11404",0.299492842738991,0.554395588668913,0.486939419136476,"GLI2",1
"GOBP_DIACYLGLYCEROL_METABOLIC_PROCESS","GOBP_DIACYLGLYCEROL_METABOLIC_PROCESS","1/201","20/11404",0.299492842738991,0.554395588668913,0.486939419136476,"DGKE",1
"GOBP_DORSAL_VENTRAL_NEURAL_TUBE_PATTERNING","GOBP_DORSAL_VENTRAL_NEURAL_TUBE_PATTERNING","1/201","20/11404",0.299492842738991,0.554395588668913,0.486939419136476,"FOXA1",1
"GOBP_EYE_PHOTORECEPTOR_CELL_DEVELOPMENT","GOBP_EYE_PHOTORECEPTOR_CELL_DEVELOPMENT","1/201","20/11404",0.299492842738991,0.554395588668913,0.486939419136476,"RORB",1
"GOBP_HOMEOSTASIS_OF_NUMBER_OF_CELLS_WITHIN_A_TISSUE","GOBP_HOMEOSTASIS_OF_NUMBER_OF_CELLS_WITHIN_A_TISSUE","1/201","20/11404",0.299492842738991,0.554395588668913,0.486939419136476,"SOX9",1
"GOBP_NEGATIVE_REGULATION_OF_CD4_POSITIVE_ALPHA_BETA_T_CELL_ACTIVATION","GOBP_NEGATIVE_REGULATION_OF_CD4_POSITIVE_ALPHA_BETA_T_CELL_ACTIVATION","1/201","20/11404",0.299492842738991,0.554395588668913,0.486939419136476,"CD274",1
"GOBP_NEGATIVE_REGULATION_OF_FATTY_ACID_METABOLIC_PROCESS","GOBP_NEGATIVE_REGULATION_OF_FATTY_ACID_METABOLIC_PROCESS","1/201","20/11404",0.299492842738991,0.554395588668913,0.486939419136476,"SOX9",1
"GOBP_NEGATIVE_REGULATION_OF_NIK_NF_KAPPAB_SIGNALING","GOBP_NEGATIVE_REGULATION_OF_NIK_NF_KAPPAB_SIGNALING","1/201","20/11404",0.299492842738991,0.554395588668913,0.486939419136476,"NLRP3",1
"GOBP_POSITIVE_REGULATION_OF_HISTONE_DEACETYLATION","GOBP_POSITIVE_REGULATION_OF_HISTONE_DEACETYLATION","1/201","20/11404",0.299492842738991,0.554395588668913,0.486939419136476,"JDP2",1
"GOBP_POSITIVE_REGULATION_OF_MUSCLE_HYPERTROPHY","GOBP_POSITIVE_REGULATION_OF_MUSCLE_HYPERTROPHY","1/201","20/11404",0.299492842738991,0.554395588668913,0.486939419136476,"EDN1",1
"GOBP_POSITIVE_REGULATION_OF_TORC1_SIGNALING","GOBP_POSITIVE_REGULATION_OF_TORC1_SIGNALING","1/201","20/11404",0.299492842738991,0.554395588668913,0.486939419136476,"RRAGD",1
"GOBP_PROTEIN_HETEROOLIGOMERIZATION","GOBP_PROTEIN_HETEROOLIGOMERIZATION","1/201","20/11404",0.299492842738991,0.554395588668913,0.486939419136476,"GRIN2B",1
"GOBP_RAB_PROTEIN_SIGNAL_TRANSDUCTION","GOBP_RAB_PROTEIN_SIGNAL_TRANSDUCTION","1/201","20/11404",0.299492842738991,0.554395588668913,0.486939419136476,"RAB15",1
"GOBP_REGULATION_OF_KIDNEY_DEVELOPMENT","GOBP_REGULATION_OF_KIDNEY_DEVELOPMENT","1/201","20/11404",0.299492842738991,0.554395588668913,0.486939419136476,"SOX9",1
"GOBP_REGULATION_OF_MRNA_POLYADENYLATION","GOBP_REGULATION_OF_MRNA_POLYADENYLATION","1/201","20/11404",0.299492842738991,0.554395588668913,0.486939419136476,"CPEB1",1
"GOBP_REGULATION_OF_T_CELL_MEDIATED_CYTOTOXICITY","GOBP_REGULATION_OF_T_CELL_MEDIATED_CYTOTOXICITY","1/201","20/11404",0.299492842738991,0.554395588668913,0.486939419136476,"IL7R",1
"GOBP_WALKING_BEHAVIOR","GOBP_WALKING_BEHAVIOR","1/201","20/11404",0.299492842738991,0.554395588668913,0.486939419136476,"UCHL1",1
"GOBP_RESPONSE_TO_BMP","GOBP_RESPONSE_TO_BMP","3/201","109/11404",0.301671023267049,0.557983396257668,0.490090679678495,"CHRDL1/SOX9/RBPMS2",3
"GOBP_HEART_GROWTH","GOBP_HEART_GROWTH","2/201","63/11404",0.30522299814613,0.560041097731227,0.491898010005017,"EDN1/RGS2",2
"GOBP_KIDNEY_MORPHOGENESIS","GOBP_KIDNEY_MORPHOGENESIS","2/201","63/11404",0.30522299814613,0.560041097731227,0.491898010005017,"SOX9/FGF1",2
"GOBP_HINDBRAIN_DEVELOPMENT","GOBP_HINDBRAIN_DEVELOPMENT","3/201","110/11404",0.306500261807584,0.560041097731227,0.491898010005017,"PLXNA2/SCN5A/GLI2",3
"GOBP_MORPHOGENESIS_OF_EMBRYONIC_EPITHELIUM","GOBP_MORPHOGENESIS_OF_EMBRYONIC_EPITHELIUM","3/201","110/11404",0.306500261807584,0.560041097731227,0.491898010005017,"SOX9/AR/COBL",3
"GOBP_MULTICELLULAR_ORGANISM_GROWTH","GOBP_MULTICELLULAR_ORGANISM_GROWTH","3/201","110/11404",0.306500261807584,0.560041097731227,0.491898010005017,"AR/STAT5A/APBA1",3
"GOBP_NEGATIVE_REGULATION_OF_CELL_CELL_ADHESION","GOBP_NEGATIVE_REGULATION_OF_CELL_CELL_ADHESION","3/201","110/11404",0.306500261807584,0.560041097731227,0.491898010005017,"TRPV4/CD274/ADTRP",3
"GOBP_POSITIVE_REGULATION_OF_DEVELOPMENTAL_GROWTH","GOBP_POSITIVE_REGULATION_OF_DEVELOPMENTAL_GROWTH","3/201","110/11404",0.306500261807584,0.560041097731227,0.491898010005017,"EDN1/SEMA7A/HOPX",3
"GOBP_NEGATIVE_REGULATION_OF_INTRACELLULAR_SIGNAL_TRANSDUCTION","GOBP_NEGATIVE_REGULATION_OF_INTRACELLULAR_SIGNAL_TRANSDUCTION","9/201","414/11404",0.307660731924989,0.560041097731227,0.491898010005017,"HSPA1A/UCHL1/BID/RGS2/NLRP3/SPRY3/GBP1/SPINK1/CGNL1",9
"GOBP_CARBOHYDRATE_HOMEOSTASIS","GOBP_CARBOHYDRATE_HOMEOSTASIS","4/201","159/11404",0.307862153767364,0.560041097731227,0.491898010005017,"UCP2/TRPV4/EPHA5/FOXA1",4
"GOBP_NEGATIVE_REGULATION_OF_NEURON_DEATH","GOBP_NEGATIVE_REGULATION_OF_NEURON_DEATH","4/201","159/11404",0.307862153767364,0.560041097731227,0.491898010005017,"GABRB2/TOX3/PTPRZ1/TERT",4
"GOBP_RESPONSE_TO_INORGANIC_SUBSTANCE","GOBP_RESPONSE_TO_INORGANIC_SUBSTANCE","8/201","363/11404",0.310119441564766,0.560041097731227,0.491898010005017,"UCP2/EDN1/MT1G/SCN5A/ADCY1/RYR2/TERT/TTN",8
"GOBP_POSITIVE_REGULATION_OF_ERK1_AND_ERK2_CASCADE","GOBP_POSITIVE_REGULATION_OF_ERK1_AND_ERK2_CASCADE","3/201","111/11404",0.311332699379349,0.560041097731227,0.491898010005017,"TRPV4/SEMA7A/FGF1",3
"GOBP_POSITIVE_REGULATION_OF_COLD_INDUCED_THERMOGENESIS","GOBP_POSITIVE_REGULATION_OF_COLD_INDUCED_THERMOGENESIS","2/201","64/11404",0.31174094394553,0.560041097731227,0.491898010005017,"UCP2/G0S2",2
"GOBP_PROTEIN_TETRAMERIZATION","GOBP_PROTEIN_TETRAMERIZATION","2/201","64/11404",0.31174094394553,0.560041097731227,0.491898010005017,"SHMT2/GRIN2B",2
"GOBP_LIPID_MODIFICATION","GOBP_LIPID_MODIFICATION","4/201","160/11404",0.311846637257243,0.560041097731227,0.491898010005017,"SOX9/ALDH1L2/DGKE/AGTR1",4
"GOBP_BONE_GROWTH","GOBP_BONE_GROWTH","1/201","21/11404",0.311861249152331,0.560041097731227,0.491898010005017,"SOX9",1
"GOBP_CELLULAR_RESPONSE_TO_FATTY_ACID","GOBP_CELLULAR_RESPONSE_TO_FATTY_ACID","1/201","21/11404",0.311861249152331,0.560041097731227,0.491898010005017,"EDN1",1
"GOBP_CELLULAR_RESPONSE_TO_LIPOPROTEIN_PARTICLE_STIMULUS","GOBP_CELLULAR_RESPONSE_TO_LIPOPROTEIN_PARTICLE_STIMULUS","1/201","21/11404",0.311861249152331,0.560041097731227,0.491898010005017,"ADTRP",1
"GOBP_FOAM_CELL_DIFFERENTIATION","GOBP_FOAM_CELL_DIFFERENTIATION","1/201","21/11404",0.311861249152331,0.560041097731227,0.491898010005017,"AGTR1",1
"GOBP_GANGLIOSIDE_METABOLIC_PROCESS","GOBP_GANGLIOSIDE_METABOLIC_PROCESS","1/201","21/11404",0.311861249152331,0.560041097731227,0.491898010005017,"ST8SIA2",1
"GOBP_GLUTAMINE_METABOLIC_PROCESS","GOBP_GLUTAMINE_METABOLIC_PROCESS","1/201","21/11404",0.311861249152331,0.560041097731227,0.491898010005017,"GLYATL1",1
"GOBP_HEMATOPOIETIC_STEM_CELL_PROLIFERATION","GOBP_HEMATOPOIETIC_STEM_CELL_PROLIFERATION","1/201","21/11404",0.311861249152331,0.560041097731227,0.491898010005017,"KITLG",1
"GOBP_INTERLEUKIN_1_MEDIATED_SIGNALING_PATHWAY","GOBP_INTERLEUKIN_1_MEDIATED_SIGNALING_PATHWAY","1/201","21/11404",0.311861249152331,0.560041097731227,0.491898010005017,"IL1R1",1
"GOBP_MACROPHAGE_CHEMOTAXIS","GOBP_MACROPHAGE_CHEMOTAXIS","1/201","21/11404",0.311861249152331,0.560041097731227,0.491898010005017,"TRPV4",1
"GOBP_METANEPHROS_MORPHOGENESIS","GOBP_METANEPHROS_MORPHOGENESIS","1/201","21/11404",0.311861249152331,0.560041097731227,0.491898010005017,"SOX9",1
"GOBP_NEGATIVE_REGULATION_OF_ANTIGEN_RECEPTOR_MEDIATED_SIGNALING_PATHWAY","GOBP_NEGATIVE_REGULATION_OF_ANTIGEN_RECEPTOR_MEDIATED_SIGNALING_PATHWAY","1/201","21/11404",0.311861249152331,0.560041097731227,0.491898010005017,"GBP1",1
"GOBP_NEGATIVE_REGULATION_OF_BIOMINERALIZATION","GOBP_NEGATIVE_REGULATION_OF_BIOMINERALIZATION","1/201","21/11404",0.311861249152331,0.560041097731227,0.491898010005017,"SOX9",1
"GOBP_NEGATIVE_REGULATION_OF_BLOOD_PRESSURE","GOBP_NEGATIVE_REGULATION_OF_BLOOD_PRESSURE","1/201","21/11404",0.311861249152331,0.560041097731227,0.491898010005017,"ADORA1",1
"GOBP_NEGATIVE_REGULATION_OF_CELL_AGING","GOBP_NEGATIVE_REGULATION_OF_CELL_AGING","1/201","21/11404",0.311861249152331,0.560041097731227,0.491898010005017,"TERT",1
"GOBP_NEGATIVE_REGULATION_OF_ENDOTHELIAL_CELL_APOPTOTIC_PROCESS","GOBP_NEGATIVE_REGULATION_OF_ENDOTHELIAL_CELL_APOPTOTIC_PROCESS","1/201","21/11404",0.311861249152331,0.560041097731227,0.491898010005017,"TERT",1
"GOBP_NEUROINFLAMMATORY_RESPONSE","GOBP_NEUROINFLAMMATORY_RESPONSE","1/201","21/11404",0.311861249152331,0.560041097731227,0.491898010005017,"ADCY1",1
"GOBP_NEUROTRANSMITTER_UPTAKE","GOBP_NEUROTRANSMITTER_UPTAKE","1/201","21/11404",0.311861249152331,0.560041097731227,0.491898010005017,"GPM6B",1
"GOBP_POSITIVE_REGULATION_OF_RELEASE_OF_SEQUESTERED_CALCIUM_ION_INTO_CYTOSOL","GOBP_POSITIVE_REGULATION_OF_RELEASE_OF_SEQUESTERED_CALCIUM_ION_INTO_CYTOSOL","1/201","21/11404",0.311861249152331,0.560041097731227,0.491898010005017,"JPH2",1
"GOBP_PROTEIN_KINASE_C_SIGNALING","GOBP_PROTEIN_KINASE_C_SIGNALING","1/201","21/11404",0.311861249152331,0.560041097731227,0.491898010005017,"ANKRD1",1
"GOBP_RESPONSE_TO_ANGIOTENSIN","GOBP_RESPONSE_TO_ANGIOTENSIN","1/201","21/11404",0.311861249152331,0.560041097731227,0.491898010005017,"AGTR1",1
"GOBP_RESPONSE_TO_MINERALOCORTICOID","GOBP_RESPONSE_TO_MINERALOCORTICOID","1/201","21/11404",0.311861249152331,0.560041097731227,0.491898010005017,"EDN1",1
"GOBP_SENSORY_PERCEPTION_OF_SMELL","GOBP_SENSORY_PERCEPTION_OF_SMELL","1/201","21/11404",0.311861249152331,0.560041097731227,0.491898010005017,"NCAM2",1
"GOBP_INTRACELLULAR_RECEPTOR_SIGNALING_PATHWAY","GOBP_INTRACELLULAR_RECEPTOR_SIGNALING_PATHWAY","5/201","210/11404",0.311936869489006,0.560041097731227,0.491898010005017,"HSPA1A/AR/INAVA/RORB/FOXA1",5
"GOBP_ORGANIC_HYDROXY_COMPOUND_BIOSYNTHETIC_PROCESS","GOBP_ORGANIC_HYDROXY_COMPOUND_BIOSYNTHETIC_PROCESS","4/201","161/11404",0.315836113460848,0.566604138731844,0.497662491970471,"OSBPL6/FGF1/DHCR24/PLTP",4
"GOBP_REGULATION_OF_LYMPHOCYTE_DIFFERENTIATION","GOBP_REGULATION_OF_LYMPHOCYTE_DIFFERENTIATION","3/201","112/11404",0.316167523849911,0.566761366963024,0.497800589432153,"NLRP3/GLI2/IL7R",3
"GOBP_MESONEPHROS_DEVELOPMENT","GOBP_MESONEPHROS_DEVELOPMENT","2/201","65/11404",0.318246153466081,0.566838747142944,0.497868554366638,"SOX9/FGF1",2
"GOBP_NEGATIVE_REGULATION_OF_PROTEIN_CONTAINING_COMPLEX_DISASSEMBLY","GOBP_NEGATIVE_REGULATION_OF_PROTEIN_CONTAINING_COMPLEX_DISASSEMBLY","2/201","65/11404",0.318246153466081,0.566838747142944,0.497868554366638,"FGF13/NAV3",2
"GOBP_REGULATION_OF_ORGAN_GROWTH","GOBP_REGULATION_OF_ORGAN_GROWTH","2/201","65/11404",0.318246153466081,0.566838747142944,0.497868554366638,"EDN1/RGS2",2
"GOBP_REGULATION_OF_POSTSYNAPSE_ORGANIZATION","GOBP_REGULATION_OF_POSTSYNAPSE_ORGANIZATION","2/201","65/11404",0.318246153466081,0.566838747142944,0.497868554366638,"GRIN2B/PPFIA2",2
"GOBP_SEGMENTATION","GOBP_SEGMENTATION","2/201","65/11404",0.318246153466081,0.566838747142944,0.497868554366638,"PLXNA2/COBL",2
"GOBP_ANION_TRANSMEMBRANE_TRANSPORT","GOBP_ANION_TRANSMEMBRANE_TRANSPORT","4/201","162/11404",0.319830108271316,0.566838747142944,0.497868554366638,"GABRB2/RGS2/GABRA6/SLC25A32",4
"GOBP_RESPONSE_TO_TUMOR_NECROSIS_FACTOR","GOBP_RESPONSE_TO_TUMOR_NECROSIS_FACTOR","4/201","162/11404",0.319830108271316,0.566838747142944,0.497868554366638,"HSPA1A/EDN1/ANKRD1/GBP1",4
"GOBP_APPENDAGE_MORPHOGENESIS","GOBP_APPENDAGE_MORPHOGENESIS","3/201","113/11404",0.32100393641855,0.566838747142944,0.497868554366638,"PLXNA2/SOX9/FBN2",3
"GOBP_MYELOID_LEUKOCYTE_MIGRATION","GOBP_MYELOID_LEUKOCYTE_MIGRATION","3/201","113/11404",0.32100393641855,0.566838747142944,0.497868554366638,"TRPV4/EDN1/IL1R1",3
"GOBP_ACTIVATED_T_CELL_PROLIFERATION","GOBP_ACTIVATED_T_CELL_PROLIFERATION","1/201","22/11404",0.324012341915257,0.566838747142944,0.497868554366638,"CD274",1
"GOBP_BILE_ACID_BIOSYNTHETIC_PROCESS","GOBP_BILE_ACID_BIOSYNTHETIC_PROCESS","1/201","22/11404",0.324012341915257,0.566838747142944,0.497868554366638,"OSBPL6",1
"GOBP_BINDING_OF_SPERM_TO_ZONA_PELLUCIDA","GOBP_BINDING_OF_SPERM_TO_ZONA_PELLUCIDA","1/201","22/11404",0.324012341915257,0.566838747142944,0.497868554366638,"HSPA1L",1
"GOBP_CELL_COMMUNICATION_BY_ELECTRICAL_COUPLING","GOBP_CELL_COMMUNICATION_BY_ELECTRICAL_COUPLING","1/201","22/11404",0.324012341915257,0.566838747142944,0.497868554366638,"RYR2",1
"GOBP_CELLULAR_RESPONSE_TO_ALKALOID","GOBP_CELLULAR_RESPONSE_TO_ALKALOID","1/201","22/11404",0.324012341915257,0.566838747142944,0.497868554366638,"RYR2",1
"GOBP_ENDOTHELIAL_CELL_CHEMOTAXIS","GOBP_ENDOTHELIAL_CELL_CHEMOTAXIS","1/201","22/11404",0.324012341915257,0.566838747142944,0.497868554366638,"FGF1",1
"GOBP_GRANULOCYTE_ACTIVATION","GOBP_GRANULOCYTE_ACTIVATION","1/201","22/11404",0.324012341915257,0.566838747142944,0.497868554366638,"ANXA3",1
"GOBP_LIVER_REGENERATION","GOBP_LIVER_REGENERATION","1/201","22/11404",0.324012341915257,0.566838747142944,0.497868554366638,"UCP2",1
"GOBP_MICROVILLUS_ORGANIZATION","GOBP_MICROVILLUS_ORGANIZATION","1/201","22/11404",0.324012341915257,0.566838747142944,0.497868554366638,"ATP8B1",1
"GOBP_NEGATIVE_REGULATION_OF_LYMPHOCYTE_APOPTOTIC_PROCESS","GOBP_NEGATIVE_REGULATION_OF_LYMPHOCYTE_APOPTOTIC_PROCESS","1/201","22/11404",0.324012341915257,0.566838747142944,0.497868554366638,"IL7R",1
"GOBP_NEGATIVE_REGULATION_OF_MUSCLE_HYPERTROPHY","GOBP_NEGATIVE_REGULATION_OF_MUSCLE_HYPERTROPHY","1/201","22/11404",0.324012341915257,0.566838747142944,0.497868554366638,"RGS2",1
"GOBP_POSITIVE_REGULATION_OF_CD4_POSITIVE_ALPHA_BETA_T_CELL_ACTIVATION","GOBP_POSITIVE_REGULATION_OF_CD4_POSITIVE_ALPHA_BETA_T_CELL_ACTIVATION","1/201","22/11404",0.324012341915257,0.566838747142944,0.497868554366638,"NLRP3",1
"GOBP_POSITIVE_REGULATION_OF_RELEASE_OF_CYTOCHROME_C_FROM_MITOCHONDRIA","GOBP_POSITIVE_REGULATION_OF_RELEASE_OF_CYTOCHROME_C_FROM_MITOCHONDRIA","1/201","22/11404",0.324012341915257,0.566838747142944,0.497868554366638,"BID",1
"GOBP_PYRIDINE_CONTAINING_COMPOUND_BIOSYNTHETIC_PROCESS","GOBP_PYRIDINE_CONTAINING_COMPOUND_BIOSYNTHETIC_PROCESS","1/201","22/11404",0.324012341915257,0.566838747142944,0.497868554366638,"NMNAT2",1
"GOBP_PYRIDINE_NUCLEOTIDE_METABOLIC_PROCESS","GOBP_PYRIDINE_NUCLEOTIDE_METABOLIC_PROCESS","1/201","22/11404",0.324012341915257,0.566838747142944,0.497868554366638,"NMNAT2",1
"GOBP_REGULATION_OF_ESTABLISHMENT_OR_MAINTENANCE_OF_CELL_POLARITY","GOBP_REGULATION_OF_ESTABLISHMENT_OR_MAINTENANCE_OF_CELL_POLARITY","1/201","22/11404",0.324012341915257,0.566838747142944,0.497868554366638,"ANKFN1",1
"GOBP_REGULATION_OF_FATTY_ACID_TRANSPORT","GOBP_REGULATION_OF_FATTY_ACID_TRANSPORT","1/201","22/11404",0.324012341915257,0.566838747142944,0.497868554366638,"EDN1",1
"GOBP_REGULATION_OF_MESENCHYMAL_CELL_PROLIFERATION","GOBP_REGULATION_OF_MESENCHYMAL_CELL_PROLIFERATION","1/201","22/11404",0.324012341915257,0.566838747142944,0.497868554366638,"SOX9",1
"GOBP_REGULATION_OF_MITOTIC_SPINDLE_ASSEMBLY","GOBP_REGULATION_OF_MITOTIC_SPINDLE_ASSEMBLY","1/201","22/11404",0.324012341915257,0.566838747142944,0.497868554366638,"HSPA1A",1
"GOBP_REGULATION_OF_T_HELPER_CELL_DIFFERENTIATION","GOBP_REGULATION_OF_T_HELPER_CELL_DIFFERENTIATION","1/201","22/11404",0.324012341915257,0.566838747142944,0.497868554366638,"NLRP3",1
"GOBP_RELEASE_OF_SEQUESTERED_CALCIUM_ION_INTO_CYTOSOL_BY_ENDOPLASMIC_RETICULUM","GOBP_RELEASE_OF_SEQUESTERED_CALCIUM_ION_INTO_CYTOSOL_BY_ENDOPLASMIC_RETICULUM","1/201","22/11404",0.324012341915257,0.566838747142944,0.497868554366638,"RYR2",1
"GOBP_TRANSEPITHELIAL_TRANSPORT","GOBP_TRANSEPITHELIAL_TRANSPORT","1/201","22/11404",0.324012341915257,0.566838747142944,0.497868554366638,"EDN1",1
"GOBP_TYPE_2_IMMUNE_RESPONSE","GOBP_TYPE_2_IMMUNE_RESPONSE","1/201","22/11404",0.324012341915257,0.566838747142944,0.497868554366638,"NLRP3",1
"GOBP_EXTRINSIC_APOPTOTIC_SIGNALING_PATHWAY_VIA_DEATH_DOMAIN_RECEPTORS","GOBP_EXTRINSIC_APOPTOTIC_SIGNALING_PATHWAY_VIA_DEATH_DOMAIN_RECEPTORS","2/201","66/11404",0.324737056287415,0.567252934536619,0.498232345444727,"DAPK1/BID",2
"GOBP_POSITIVE_REGULATION_OF_MYELOID_CELL_DIFFERENTIATION","GOBP_POSITIVE_REGULATION_OF_MYELOID_CELL_DIFFERENTIATION","2/201","66/11404",0.324737056287415,0.567252934536619,0.498232345444727,"HSPA1A/KITLG",2
"GOBP_STEROID_BIOSYNTHETIC_PROCESS","GOBP_STEROID_BIOSYNTHETIC_PROCESS","3/201","114/11404",0.325841151646577,0.568754262446166,0.499550999047226,"OSBPL6/FGF1/DHCR24",3
"GOBP_NEGATIVE_REGULATION_OF_LIPID_METABOLIC_PROCESS","GOBP_NEGATIVE_REGULATION_OF_LIPID_METABOLIC_PROCESS","2/201","67/11404",0.331212140742375,0.574891483862968,0.504941473092997,"SOX9/ADORA1",2
"GOBP_POSITIVE_REGULATION_OF_LIPID_LOCALIZATION","GOBP_POSITIVE_REGULATION_OF_LIPID_LOCALIZATION","2/201","67/11404",0.331212140742375,0.574891483862968,0.504941473092997,"EDN1/PLTP",2
"GOBP_LIPID_CATABOLIC_PROCESS","GOBP_LIPID_CATABOLIC_PROCESS","5/201","216/11404",0.332790732107002,0.574891483862968,0.504941473092997,"ADORA1/ALDH1L2/PLCB4/ADTRP/MGLL",5
"GOBP_CELLULAR_RESPONSE_TO_CHEMICAL_STRESS","GOBP_CELLULAR_RESPONSE_TO_CHEMICAL_STRESS","6/201","268/11404",0.334607613132525,0.574891483862968,0.504941473092997,"HSPA1A/DAPK1/MGST1/TRPV4/EDN1/MGMT",6
"GOBP_SENSORY_SYSTEM_DEVELOPMENT","GOBP_SENSORY_SYSTEM_DEVELOPMENT","6/201","268/11404",0.334607613132525,0.574891483862968,0.504941473092997,"COL5A2/CHRDL1/SOX9/FBN2/IGFN1/RORB",6
"GOBP_ADAPTIVE_THERMOGENESIS","GOBP_ADAPTIVE_THERMOGENESIS","3/201","116/11404",0.335514915252811,0.574891483862968,0.504941473092997,"UCP2/TRPV4/G0S2",3
"GOBP_REGULATION_OF_CELL_SHAPE","GOBP_REGULATION_OF_CELL_SHAPE","3/201","116/11404",0.335514915252811,0.574891483862968,0.504941473092997,"PLXNA2/MYH10/PLXNC1",3
"GOBP_POSITIVE_REGULATION_OF_DEFENSE_RESPONSE","GOBP_POSITIVE_REGULATION_OF_DEFENSE_RESPONSE","4/201","166/11404",0.335841943185353,0.574891483862968,0.504941473092997,"TRPV4/TSLP/AGTR1/NLRP10",4
"GOBP_AORTIC_VALVE_MORPHOGENESIS","GOBP_AORTIC_VALVE_MORPHOGENESIS","1/201","23/11404",0.335949920484492,0.574891483862968,0.504941473092997,"SOX9",1
"GOBP_BRANCHING_INVOLVED_IN_BLOOD_VESSEL_MORPHOGENESIS","GOBP_BRANCHING_INVOLVED_IN_BLOOD_VESSEL_MORPHOGENESIS","1/201","23/11404",0.335949920484492,0.574891483862968,0.504941473092997,"EDN1",1
"GOBP_CYCLIC_NUCLEOTIDE_METABOLIC_PROCESS","GOBP_CYCLIC_NUCLEOTIDE_METABOLIC_PROCESS","1/201","23/11404",0.335949920484492,0.574891483862968,0.504941473092997,"ADCY1",1
"GOBP_DEFENSE_RESPONSE_TO_GRAM_NEGATIVE_BACTERIUM","GOBP_DEFENSE_RESPONSE_TO_GRAM_NEGATIVE_BACTERIUM","1/201","23/11404",0.335949920484492,0.574891483862968,0.504941473092997,"NLRP10",1
"GOBP_DETECTION_OF_BIOTIC_STIMULUS","GOBP_DETECTION_OF_BIOTIC_STIMULUS","1/201","23/11404",0.335949920484492,0.574891483862968,0.504941473092997,"NLRP3",1
"GOBP_NEGATIVE_REGULATION_OF_CELL_JUNCTION_ASSEMBLY","GOBP_NEGATIVE_REGULATION_OF_CELL_JUNCTION_ASSEMBLY","1/201","23/11404",0.335949920484492,0.574891483862968,0.504941473092997,"ARHGAP6",1
"GOBP_NEGATIVE_REGULATION_OF_LYMPHOCYTE_MEDIATED_IMMUNITY","GOBP_NEGATIVE_REGULATION_OF_LYMPHOCYTE_MEDIATED_IMMUNITY","1/201","23/11404",0.335949920484492,0.574891483862968,0.504941473092997,"IL7R",1
"GOBP_PEPTIDYL_ASPARAGINE_MODIFICATION","GOBP_PEPTIDYL_ASPARAGINE_MODIFICATION","1/201","23/11404",0.335949920484492,0.574891483862968,0.504941473092997,"ST6GAL1",1
"GOBP_PHAGOSOME_MATURATION","GOBP_PHAGOSOME_MATURATION","1/201","23/11404",0.335949920484492,0.574891483862968,0.504941473092997,"RAB38",1
"GOBP_POSITIVE_REGULATION_OF_CARTILAGE_DEVELOPMENT","GOBP_POSITIVE_REGULATION_OF_CARTILAGE_DEVELOPMENT","1/201","23/11404",0.335949920484492,0.574891483862968,0.504941473092997,"SOX9",1
"GOBP_POSITIVE_REGULATION_OF_FILOPODIUM_ASSEMBLY","GOBP_POSITIVE_REGULATION_OF_FILOPODIUM_ASSEMBLY","1/201","23/11404",0.335949920484492,0.574891483862968,0.504941473092997,"DOCK11",1
"GOBP_POSITIVE_REGULATION_OF_MONOOXYGENASE_ACTIVITY","GOBP_POSITIVE_REGULATION_OF_MONOOXYGENASE_ACTIVITY","1/201","23/11404",0.335949920484492,0.574891483862968,0.504941473092997,"TERT",1
"GOBP_POSITIVE_REGULATION_OF_SODIUM_ION_TRANSPORT","GOBP_POSITIVE_REGULATION_OF_SODIUM_ION_TRANSPORT","1/201","23/11404",0.335949920484492,0.574891483862968,0.504941473092997,"SCN5A",1
"GOBP_REGULATION_OF_MACROPHAGE_MIGRATION","GOBP_REGULATION_OF_MACROPHAGE_MIGRATION","1/201","23/11404",0.335949920484492,0.574891483862968,0.504941473092997,"TRPV4",1
"GOBP_REGULATION_OF_NEURON_PROJECTION_REGENERATION","GOBP_REGULATION_OF_NEURON_PROJECTION_REGENERATION","1/201","23/11404",0.335949920484492,0.574891483862968,0.504941473092997,"RTN4R",1
"GOBP_REGULATION_OF_SMOOTH_MUSCLE_CELL_DIFFERENTIATION","GOBP_REGULATION_OF_SMOOTH_MUSCLE_CELL_DIFFERENTIATION","1/201","23/11404",0.335949920484492,0.574891483862968,0.504941473092997,"RBPMS2",1
"GOBP_RESPONSE_TO_PH","GOBP_RESPONSE_TO_PH","1/201","23/11404",0.335949920484492,0.574891483862968,0.504941473092997,"CTSS",1
"GOBP_T_HELPER_17_TYPE_IMMUNE_RESPONSE","GOBP_T_HELPER_17_TYPE_IMMUNE_RESPONSE","1/201","23/11404",0.335949920484492,0.574891483862968,0.504941473092997,"NLRP10",1
"GOBP_CELLULAR_AMINO_ACID_METABOLIC_PROCESS","GOBP_CELLULAR_AMINO_ACID_METABOLIC_PROCESS","5/201","217/11404",0.336280609915543,0.574891483862968,0.504941473092997,"SHMT2/RIMKLB/DDO/HPDL/GLYATL1",5
"GOBP_LEUKOCYTE_MEDIATED_IMMUNITY","GOBP_LEUKOCYTE_MEDIATED_IMMUNITY","5/201","217/11404",0.336280609915543,0.574891483862968,0.504941473092997,"ANXA3/NLRP3/IL1R1/IL13RA2/IL7R",5
"GOBP_POSITIVE_REGULATION_OF_ENDOTHELIAL_CELL_PROLIFERATION","GOBP_POSITIVE_REGULATION_OF_ENDOTHELIAL_CELL_PROLIFERATION","2/201","68/11404",0.337669952351688,0.575996066924192,0.50591165583834,"STAT5A/AGTR1",2
"GOBP_REGULATION_OF_LEUKOCYTE_CHEMOTAXIS","GOBP_REGULATION_OF_LEUKOCYTE_CHEMOTAXIS","2/201","68/11404",0.337669952351688,0.575996066924192,0.50591165583834,"TRPV4/EDN1",2
"GOBP_REGULATION_OF_MONONUCLEAR_CELL_MIGRATION","GOBP_REGULATION_OF_MONONUCLEAR_CELL_MIGRATION","2/201","68/11404",0.337669952351688,0.575996066924192,0.50591165583834,"TRPV4/ADTRP",2
"GOBP_INSULIN_SECRETION","GOBP_INSULIN_SECRETION","3/201","117/11404",0.340349959707629,0.576569682490917,0.506415476641711,"UCP2/AACS/EPHA5",3
"GOBP_POSITIVE_REGULATION_OF_CELL_GROWTH","GOBP_POSITIVE_REGULATION_OF_CELL_GROWTH","3/201","117/11404",0.340349959707629,0.576569682490917,0.506415476641711,"EDN1/SEMA7A/IGFBP1",3
"GOBP_CELL_ACTIVATION_INVOLVED_IN_IMMUNE_RESPONSE","GOBP_CELL_ACTIVATION_INVOLVED_IN_IMMUNE_RESPONSE","4/201","168/11404",0.343862968030973,0.576569682490917,0.506415476641711,"ANXA3/DOCK11/NLRP3/IL13RA2",4
"GOBP_LYMPHOCYTE_MEDIATED_IMMUNITY","GOBP_LYMPHOCYTE_MEDIATED_IMMUNITY","4/201","168/11404",0.343862968030973,0.576569682490917,0.506415476641711,"NLRP3/IL1R1/IL13RA2/IL7R",4
"GOBP_CELLULAR_RESPONSE_TO_KETONE","GOBP_CELLULAR_RESPONSE_TO_KETONE","2/201","69/11404",0.344109092295123,0.576569682490917,0.506415476641711,"AR/ADCY1",2
"GOBP_MITOTIC_CYTOKINESIS","GOBP_MITOTIC_CYTOKINESIS","2/201","69/11404",0.344109092295123,0.576569682490917,0.506415476641711,"TRIM36/MYH10",2
"GOBP_REGULATION_OF_BMP_SIGNALING_PATHWAY","GOBP_REGULATION_OF_BMP_SIGNALING_PATHWAY","2/201","69/11404",0.344109092295123,0.576569682490917,0.506415476641711,"CHRDL1/RBPMS2",2
"GOBP_REGULATION_OF_PH","GOBP_REGULATION_OF_PH","2/201","69/11404",0.344109092295123,0.576569682490917,0.506415476641711,"EDN1/RAB38",2
"GOBP_UNSATURATED_FATTY_ACID_METABOLIC_PROCESS","GOBP_UNSATURATED_FATTY_ACID_METABOLIC_PROCESS","2/201","69/11404",0.344109092295123,0.576569682490917,0.506415476641711,"EDN1/MGLL",2
"GOBP_DENDRITE_MORPHOGENESIS","GOBP_DENDRITE_MORPHOGENESIS","3/201","118/11404",0.34518279897347,0.576569682490917,0.506415476641711,"PHACTR1/PPFIA2/MAP6",3
"GOBP_INOSITOL_LIPID_MEDIATED_SIGNALING","GOBP_INOSITOL_LIPID_MEDIATED_SIGNALING","3/201","118/11404",0.34518279897347,0.576569682490917,0.506415476641711,"SOX9/EDN1/PLCB4",3
"GOBP_FATTY_ACID_METABOLIC_PROCESS","GOBP_FATTY_ACID_METABOLIC_PROCESS","6/201","272/11404",0.347151092592551,0.576569682490917,0.506415476641711,"SOX9/EDN1/AACS/ALDH1L2/ADTRP/MGLL",6
"GOBP_ALPHA_BETA_T_CELL_PROLIFERATION","GOBP_ALPHA_BETA_T_CELL_PROLIFERATION","1/201","24/11404",0.347677718216028,0.576569682490917,0.506415476641711,"CD274",1
"GOBP_ANION_HOMEOSTASIS","GOBP_ANION_HOMEOSTASIS","1/201","24/11404",0.347677718216028,0.576569682490917,0.506415476641711,"CA12",1
"GOBP_CELL_SURFACE_RECEPTOR_SIGNALING_PATHWAY_INVOLVED_IN_HEART_DEVELOPMENT","GOBP_CELL_SURFACE_RECEPTOR_SIGNALING_PATHWAY_INVOLVED_IN_HEART_DEVELOPMENT","1/201","24/11404",0.347677718216028,0.576569682490917,0.506415476641711,"ALPK2",1
"GOBP_CEREBELLAR_CORTEX_MORPHOGENESIS","GOBP_CEREBELLAR_CORTEX_MORPHOGENESIS","1/201","24/11404",0.347677718216028,0.576569682490917,0.506415476641711,"GLI2",1
"GOBP_CHONDROCYTE_DEVELOPMENT","GOBP_CHONDROCYTE_DEVELOPMENT","1/201","24/11404",0.347677718216028,0.576569682490917,0.506415476641711,"SOX9",1
"GOBP_COLLAGEN_CATABOLIC_PROCESS","GOBP_COLLAGEN_CATABOLIC_PROCESS","1/201","24/11404",0.347677718216028,0.576569682490917,0.506415476641711,"CTSS",1
"GOBP_DOPAMINE_METABOLIC_PROCESS","GOBP_DOPAMINE_METABOLIC_PROCESS","1/201","24/11404",0.347677718216028,0.576569682490917,0.506415476641711,"SNCAIP",1
"GOBP_GLYCOSPHINGOLIPID_BIOSYNTHETIC_PROCESS","GOBP_GLYCOSPHINGOLIPID_BIOSYNTHETIC_PROCESS","1/201","24/11404",0.347677718216028,0.576569682490917,0.506415476641711,"ST8SIA2",1
"GOBP_HEPARAN_SULFATE_PROTEOGLYCAN_BIOSYNTHETIC_PROCESS","GOBP_HEPARAN_SULFATE_PROTEOGLYCAN_BIOSYNTHETIC_PROCESS","1/201","24/11404",0.347677718216028,0.576569682490917,0.506415476641711,"HS3ST3B1",1
"GOBP_INNER_EAR_AUDITORY_RECEPTOR_CELL_DIFFERENTIATION","GOBP_INNER_EAR_AUDITORY_RECEPTOR_CELL_DIFFERENTIATION","1/201","24/11404",0.347677718216028,0.576569682490917,0.506415476641711,"MCOLN3",1
"GOBP_LYMPHOCYTE_COSTIMULATION","GOBP_LYMPHOCYTE_COSTIMULATION","1/201","24/11404",0.347677718216028,0.576569682490917,0.506415476641711,"CD274",1
"GOBP_METANEPHRIC_NEPHRON_DEVELOPMENT","GOBP_METANEPHRIC_NEPHRON_DEVELOPMENT","1/201","24/11404",0.347677718216028,0.576569682490917,0.506415476641711,"SOX9",1
"GOBP_MYELOID_LEUKOCYTE_CYTOKINE_PRODUCTION","GOBP_MYELOID_LEUKOCYTE_CYTOKINE_PRODUCTION","1/201","24/11404",0.347677718216028,0.576569682490917,0.506415476641711,"SEMA7A",1
"GOBP_NEGATIVE_REGULATION_OF_ADAPTIVE_IMMUNE_RESPONSE","GOBP_NEGATIVE_REGULATION_OF_ADAPTIVE_IMMUNE_RESPONSE","1/201","24/11404",0.347677718216028,0.576569682490917,0.506415476641711,"IL7R",1
"GOBP_NEGATIVE_REGULATION_OF_EXOCYTOSIS","GOBP_NEGATIVE_REGULATION_OF_EXOCYTOSIS","1/201","24/11404",0.347677718216028,0.576569682490917,0.506415476641711,"IL13RA2",1
"GOBP_NEGATIVE_REGULATION_OF_PEPTIDE_SECRETION","GOBP_NEGATIVE_REGULATION_OF_PEPTIDE_SECRETION","1/201","24/11404",0.347677718216028,0.576569682490917,0.506415476641711,"UCP2",1
"GOBP_PITUITARY_GLAND_DEVELOPMENT","GOBP_PITUITARY_GLAND_DEVELOPMENT","1/201","24/11404",0.347677718216028,0.576569682490917,0.506415476641711,"GLI2",1
"GOBP_POSITIVE_REGULATION_OF_ERBB_SIGNALING_PATHWAY","GOBP_POSITIVE_REGULATION_OF_ERBB_SIGNALING_PATHWAY","1/201","24/11404",0.347677718216028,0.576569682490917,0.506415476641711,"ADORA1",1
"GOBP_POSITIVE_REGULATION_OF_EXTRACELLULAR_MATRIX_ORGANIZATION","GOBP_POSITIVE_REGULATION_OF_EXTRACELLULAR_MATRIX_ORGANIZATION","1/201","24/11404",0.347677718216028,0.576569682490917,0.506415476641711,"SOX9",1
"GOBP_POSITIVE_REGULATION_OF_PROTEIN_DEACETYLATION","GOBP_POSITIVE_REGULATION_OF_PROTEIN_DEACETYLATION","1/201","24/11404",0.347677718216028,0.576569682490917,0.506415476641711,"JDP2",1
"GOBP_POSITIVE_REGULATION_OF_STEROL_TRANSPORT","GOBP_POSITIVE_REGULATION_OF_STEROL_TRANSPORT","1/201","24/11404",0.347677718216028,0.576569682490917,0.506415476641711,"PLTP",1
"GOBP_PROXIMAL_DISTAL_PATTERN_FORMATION","GOBP_PROXIMAL_DISTAL_PATTERN_FORMATION","1/201","24/11404",0.347677718216028,0.576569682490917,0.506415476641711,"GLI2",1
"GOBP_REGULATION_OF_CALCIUM_ION_IMPORT","GOBP_REGULATION_OF_CALCIUM_ION_IMPORT","1/201","24/11404",0.347677718216028,0.576569682490917,0.506415476641711,"SPINK1",1
"GOBP_REGULATION_OF_CELLULAR_EXTRAVASATION","GOBP_REGULATION_OF_CELLULAR_EXTRAVASATION","1/201","24/11404",0.347677718216028,0.576569682490917,0.506415476641711,"IL1R1",1
"GOBP_REGULATION_OF_CHOLESTEROL_METABOLIC_PROCESS","GOBP_REGULATION_OF_CHOLESTEROL_METABOLIC_PROCESS","1/201","24/11404",0.347677718216028,0.576569682490917,0.506415476641711,"FGF1",1
"GOBP_REGULATION_OF_EPIDERMAL_GROWTH_FACTOR_ACTIVATED_RECEPTOR_ACTIVITY","GOBP_REGULATION_OF_EPIDERMAL_GROWTH_FACTOR_ACTIVATED_RECEPTOR_ACTIVITY","1/201","24/11404",0.347677718216028,0.576569682490917,0.506415476641711,"ADORA1",1
"GOBP_RESPONSE_TO_GROWTH_HORMONE","GOBP_RESPONSE_TO_GROWTH_HORMONE","1/201","24/11404",0.347677718216028,0.576569682490917,0.506415476641711,"STAT5A",1
"GOBP_POSITIVE_REGULATION_OF_WNT_SIGNALING_PATHWAY","GOBP_POSITIVE_REGULATION_OF_WNT_SIGNALING_PATHWAY","3/201","119/11404",0.350012714561595,0.579627546170338,0.50910127428204,"LGR5/JUP/TERT",3
"GOBP_LEUKOCYTE_CELL_CELL_ADHESION","GOBP_LEUKOCYTE_CELL_CELL_ADHESION","5/201","221/11404",0.350269549406161,0.579627546170338,0.50910127428204,"CD274/NLRP3/ADTRP/GLI2/IL7R",5
"GOBP_POSITIVE_REGULATION_OF_CELL_ACTIVATION","GOBP_POSITIVE_REGULATION_OF_CELL_ACTIVATION","5/201","221/11404",0.350269549406161,0.579627546170338,0.50910127428204,"CD274/NLRP3/TSLP/GLI2/IL7R",5
"GOBP_POSITIVE_REGULATION_OF_CELL_JUNCTION_ASSEMBLY","GOBP_POSITIVE_REGULATION_OF_CELL_JUNCTION_ASSEMBLY","2/201","70/11404",0.350528215918332,0.579643031301651,0.50911487525759,"ST8SIA2/CLSTN2",2
"GOBP_SKELETAL_SYSTEM_MORPHOGENESIS","GOBP_SKELETAL_SYSTEM_MORPHOGENESIS","4/201","170/11404",0.351889294426748,0.579957370249553,0.509390966965086,"PAPPA2/SOX9/FBN2/TRPV4",4
"GOBP_LEUKOCYTE_PROLIFERATION","GOBP_LEUKOCYTE_PROLIFERATION","4/201","171/11404",0.355903354394651,0.579957370249553,0.509390966965086,"ST6GAL1/CD274/KITLG/IL7R",4
"GOBP_PROTEIN_LOCALIZATION_TO_CELL_PERIPHERY","GOBP_PROTEIN_LOCALIZATION_TO_CELL_PERIPHERY","6/201","275/11404",0.356588546941723,0.579957370249553,0.509390966965086,"GPC4/AR/RAB15/GBP1/FGF13/JUP",6
"GOBP_OLIGODENDROCYTE_DIFFERENTIATION","GOBP_OLIGODENDROCYTE_DIFFERENTIATION","2/201","71/11404",0.356926031274602,0.579957370249553,0.509390966965086,"SOX9/PTPRZ1",2
"GOBP_POSITIVE_REGULATION_OF_LYMPHOCYTE_MEDIATED_IMMUNITY","GOBP_POSITIVE_REGULATION_OF_LYMPHOCYTE_MEDIATED_IMMUNITY","2/201","71/11404",0.356926031274602,0.579957370249553,0.509390966965086,"NLRP3/IL1R1",2
"GOBP_NEGATIVE_REGULATION_OF_CELL_POPULATION_PROLIFERATION","GOBP_NEGATIVE_REGULATION_OF_CELL_POPULATION_PROLIFERATION","10/201","488/11404",0.358502728786026,0.579957370249553,0.509390966965086,"HSPA1A/RPS6KA2/SOX9/AR/CD274/DHCR24/FRZB/ADORA1/FABP6/CD33",10
"GOBP_REGULATION_OF_PROTEIN_KINASE_ACTIVITY","GOBP_REGULATION_OF_PROTEIN_KINASE_ACTIVITY","10/201","488/11404",0.358502728786026,0.579957370249553,0.509390966965086,"UCHL1/PTPRB/EDN1/RGS2/FGF1/SPRY3/ADORA1/KITLG/FGF13/TTN",10
"GOBP_CELL_VOLUME_HOMEOSTASIS","GOBP_CELL_VOLUME_HOMEOSTASIS","1/201","25/11404",0.359199403509401,0.579957370249553,0.509390966965086,"TRPV4",1
"GOBP_DNA_DEALKYLATION","GOBP_DNA_DEALKYLATION","1/201","25/11404",0.359199403509401,0.579957370249553,0.509390966965086,"MGMT",1
"GOBP_EMBRYONIC_AXIS_SPECIFICATION","GOBP_EMBRYONIC_AXIS_SPECIFICATION","1/201","25/11404",0.359199403509401,0.579957370249553,0.509390966965086,"COBL",1
"GOBP_FAT_SOLUBLE_VITAMIN_METABOLIC_PROCESS","GOBP_FAT_SOLUBLE_VITAMIN_METABOLIC_PROCESS","1/201","25/11404",0.359199403509401,0.579957370249553,0.509390966965086,"PLTP",1
"GOBP_GLUTAMATE_RECEPTOR_SIGNALING_PATHWAY","GOBP_GLUTAMATE_RECEPTOR_SIGNALING_PATHWAY","1/201","25/11404",0.359199403509401,0.579957370249553,0.509390966965086,"GRIN2B",1
"GOBP_HISTONE_LYSINE_DEMETHYLATION","GOBP_HISTONE_LYSINE_DEMETHYLATION","1/201","25/11404",0.359199403509401,0.579957370249553,0.509390966965086,"KDM7A",1
"GOBP_NEGATIVE_REGULATION_OF_BLOOD_VESSEL_ENDOTHELIAL_CELL_MIGRATION","GOBP_NEGATIVE_REGULATION_OF_BLOOD_VESSEL_ENDOTHELIAL_CELL_MIGRATION","1/201","25/11404",0.359199403509401,0.579957370249553,0.509390966965086,"JUP",1
"GOBP_NEGATIVE_REGULATION_OF_MUSCLE_CELL_APOPTOTIC_PROCESS","GOBP_NEGATIVE_REGULATION_OF_MUSCLE_CELL_APOPTOTIC_PROCESS","1/201","25/11404",0.359199403509401,0.579957370249553,0.509390966965086,"EDN1",1
"GOBP_NEGATIVE_REGULATION_OF_ORGAN_GROWTH","GOBP_NEGATIVE_REGULATION_OF_ORGAN_GROWTH","1/201","25/11404",0.359199403509401,0.579957370249553,0.509390966965086,"RGS2",1
"GOBP_NEGATIVE_REGULATION_OF_PROTEIN_LOCALIZATION_TO_CELL_PERIPHERY","GOBP_NEGATIVE_REGULATION_OF_PROTEIN_LOCALIZATION_TO_CELL_PERIPHERY","1/201","25/11404",0.359199403509401,0.579957370249553,0.509390966965086,"GBP1",1
"GOBP_ORGANIC_CATION_TRANSPORT","GOBP_ORGANIC_CATION_TRANSPORT","1/201","25/11404",0.359199403509401,0.579957370249553,0.509390966965086,"SLC44A5",1
"GOBP_POSITIVE_REGULATION_OF_GLUCOSE_IMPORT","GOBP_POSITIVE_REGULATION_OF_GLUCOSE_IMPORT","1/201","25/11404",0.359199403509401,0.579957370249553,0.509390966965086,"TERT",1
"GOBP_POSITIVE_REGULATION_OF_HEART_GROWTH","GOBP_POSITIVE_REGULATION_OF_HEART_GROWTH","1/201","25/11404",0.359199403509401,0.579957370249553,0.509390966965086,"EDN1",1
"GOBP_POSITIVE_REGULATION_OF_ORGANIC_ACID_TRANSPORT","GOBP_POSITIVE_REGULATION_OF_ORGANIC_ACID_TRANSPORT","1/201","25/11404",0.359199403509401,0.579957370249553,0.509390966965086,"EDN1",1
"GOBP_POSITIVE_REGULATION_OF_PHOSPHATASE_ACTIVITY","GOBP_POSITIVE_REGULATION_OF_PHOSPHATASE_ACTIVITY","1/201","25/11404",0.359199403509401,0.579957370249553,0.509390966965086,"CD33",1
"GOBP_POSITIVE_REGULATION_OF_SIGNAL_TRANSDUCTION_BY_P53_CLASS_MEDIATOR","GOBP_POSITIVE_REGULATION_OF_SIGNAL_TRANSDUCTION_BY_P53_CLASS_MEDIATOR","1/201","25/11404",0.359199403509401,0.579957370249553,0.509390966965086,"ANKRD1",1
"GOBP_REGULATION_OF_CHOLESTEROL_EFFLUX","GOBP_REGULATION_OF_CHOLESTEROL_EFFLUX","1/201","25/11404",0.359199403509401,0.579957370249553,0.509390966965086,"PLTP",1
"GOBP_REGULATION_OF_FATTY_ACID_OXIDATION","GOBP_REGULATION_OF_FATTY_ACID_OXIDATION","1/201","25/11404",0.359199403509401,0.579957370249553,0.509390966965086,"SOX9",1
"GOBP_REGULATION_OF_NEUROBLAST_PROLIFERATION","GOBP_REGULATION_OF_NEUROBLAST_PROLIFERATION","1/201","25/11404",0.359199403509401,0.579957370249553,0.509390966965086,"DMRTA2",1
"GOBP_REGULATION_OF_PHOSPHOLIPASE_C_ACTIVITY","GOBP_REGULATION_OF_PHOSPHOLIPASE_C_ACTIVITY","1/201","25/11404",0.359199403509401,0.579957370249553,0.509390966965086,"ARHGAP6",1
"GOBP_REGULATION_OF_PHOSPHOLIPID_METABOLIC_PROCESS","GOBP_REGULATION_OF_PHOSPHOLIPID_METABOLIC_PROCESS","1/201","25/11404",0.359199403509401,0.579957370249553,0.509390966965086,"RAB38",1
"GOBP_REGULATION_OF_PRESYNAPSE_ORGANIZATION","GOBP_REGULATION_OF_PRESYNAPSE_ORGANIZATION","1/201","25/11404",0.359199403509401,0.579957370249553,0.509390966965086,"GPC4",1
"GOBP_REGULATION_OF_SPROUTING_ANGIOGENESIS","GOBP_REGULATION_OF_SPROUTING_ANGIOGENESIS","1/201","25/11404",0.359199403509401,0.579957370249553,0.509390966965086,"FGF1",1
"GOBP_SARCOPLASMIC_RETICULUM_CALCIUM_ION_TRANSPORT","GOBP_SARCOPLASMIC_RETICULUM_CALCIUM_ION_TRANSPORT","1/201","25/11404",0.359199403509401,0.579957370249553,0.509390966965086,"RYR2",1
"GOBP_SOMATIC_STEM_CELL_POPULATION_MAINTENANCE","GOBP_SOMATIC_STEM_CELL_POPULATION_MAINTENANCE","1/201","25/11404",0.359199403509401,0.579957370249553,0.509390966965086,"SOX9",1
"GOBP_SPERM_EGG_RECOGNITION","GOBP_SPERM_EGG_RECOGNITION","1/201","25/11404",0.359199403509401,0.579957370249553,0.509390966965086,"HSPA1L",1
"GOBP_ZINC_ION_HOMEOSTASIS","GOBP_ZINC_ION_HOMEOSTASIS","1/201","25/11404",0.359199403509401,0.579957370249553,0.509390966965086,"MT1G",1
"GOBP_AMINE_METABOLIC_PROCESS","GOBP_AMINE_METABOLIC_PROCESS","2/201","72/11404",0.363301297700774,0.58576665544681,0.514493406481862,"RNF180/SNCAIP",2
"GOBP_NEGATIVE_REGULATION_OF_LEUKOCYTE_CELL_CELL_ADHESION","GOBP_NEGATIVE_REGULATION_OF_LEUKOCYTE_CELL_CELL_ADHESION","2/201","72/11404",0.363301297700774,0.58576665544681,0.514493406481862,"CD274/ADTRP",2
"GOBP_REGULATION_OF_SYNAPTIC_PLASTICITY","GOBP_REGULATION_OF_SYNAPTIC_PLASTICITY","3/201","122/11404",0.364477934602149,0.587256547435895,0.515802015631301,"ADORA1/GRIN2B/ADCY1",3
"GOBP_AGING","GOBP_AGING","5/201","226/11404",0.367799545986744,0.588024369056303,0.516476412436549,"UCP2/EDN1/IGFBP1/GFRA1/TERT",5
"GOBP_ESTABLISHMENT_OF_CELL_POLARITY","GOBP_ESTABLISHMENT_OF_CELL_POLARITY","3/201","123/11404",0.369289237340269,0.588024369056303,0.516476412436549,"ALPK2/FGF13/ANKFN1",3
"GOBP_NEGATIVE_REGULATION_OF_PEPTIDASE_ACTIVITY","GOBP_NEGATIVE_REGULATION_OF_PEPTIDASE_ACTIVITY","3/201","123/11404",0.369289237340269,0.588024369056303,0.516476412436549,"ANOS1/DHCR24/SPINK1",3
"GOBP_CELLULAR_AMINO_ACID_CATABOLIC_PROCESS","GOBP_CELLULAR_AMINO_ACID_CATABOLIC_PROCESS","2/201","73/11404",0.369652824426568,0.588024369056303,0.516476412436549,"SHMT2/DDO",2
"GOBP_POSITIVE_REGULATION_OF_PROTEIN_POLYMERIZATION","GOBP_POSITIVE_REGULATION_OF_PROTEIN_POLYMERIZATION","2/201","73/11404",0.369652824426568,0.588024369056303,0.516476412436549,"HSPA1A/NAV3",2
"GOBP_ANTIGEN_PROCESSING_AND_PRESENTATION_OF_EXOGENOUS_PEPTIDE_ANTIGEN_VIA_MHC_CLASS_II","GOBP_ANTIGEN_PROCESSING_AND_PRESENTATION_OF_EXOGENOUS_PEPTIDE_ANTIGEN_VIA_MHC_CLASS_II","1/201","26/11404",0.370518580932251,0.588024369056303,0.516476412436549,"CTSS",1
"GOBP_ESTABLISHMENT_OF_PROTEIN_LOCALIZATION_TO_CHROMOSOME","GOBP_ESTABLISHMENT_OF_PROTEIN_LOCALIZATION_TO_CHROMOSOME","1/201","26/11404",0.370518580932251,0.588024369056303,0.516476412436549,"TERT",1
"GOBP_ICOSANOID_TRANSPORT","GOBP_ICOSANOID_TRANSPORT","1/201","26/11404",0.370518580932251,0.588024369056303,0.516476412436549,"EDN1",1
"GOBP_MATERNAL_PLACENTA_DEVELOPMENT","GOBP_MATERNAL_PLACENTA_DEVELOPMENT","1/201","26/11404",0.370518580932251,0.588024369056303,0.516476412436549,"STOX2",1
"GOBP_NEGATIVE_REGULATION_OF_ALPHA_BETA_T_CELL_ACTIVATION","GOBP_NEGATIVE_REGULATION_OF_ALPHA_BETA_T_CELL_ACTIVATION","1/201","26/11404",0.370518580932251,0.588024369056303,0.516476412436549,"CD274",1
"GOBP_NEGATIVE_REGULATION_OF_OSSIFICATION","GOBP_NEGATIVE_REGULATION_OF_OSSIFICATION","1/201","26/11404",0.370518580932251,0.588024369056303,0.516476412436549,"SOX9",1
"GOBP_OLFACTORY_LOBE_DEVELOPMENT","GOBP_OLFACTORY_LOBE_DEVELOPMENT","1/201","26/11404",0.370518580932251,0.588024369056303,0.516476412436549,"SEMA7A",1
"GOBP_POSITIVE_REGULATION_OF_MRNA_PROCESSING","GOBP_POSITIVE_REGULATION_OF_MRNA_PROCESSING","1/201","26/11404",0.370518580932251,0.588024369056303,0.516476412436549,"CPEB1",1
"GOBP_POSITIVE_REGULATION_OF_SMOOTH_MUSCLE_CELL_MIGRATION","GOBP_POSITIVE_REGULATION_OF_SMOOTH_MUSCLE_CELL_MIGRATION","1/201","26/11404",0.370518580932251,0.588024369056303,0.516476412436549,"TERT",1
"GOBP_REGULATION_OF_CYTOPLASMIC_TRANSLATION","GOBP_REGULATION_OF_CYTOPLASMIC_TRANSLATION","1/201","26/11404",0.370518580932251,0.588024369056303,0.516476412436549,"CPEB1",1
"GOBP_REGULATION_OF_FIBROBLAST_GROWTH_FACTOR_RECEPTOR_SIGNALING_PATHWAY","GOBP_REGULATION_OF_FIBROBLAST_GROWTH_FACTOR_RECEPTOR_SIGNALING_PATHWAY","1/201","26/11404",0.370518580932251,0.588024369056303,0.516476412436549,"SPRY3",1
"GOBP_REGULATION_OF_LEUKOCYTE_DEGRANULATION","GOBP_REGULATION_OF_LEUKOCYTE_DEGRANULATION","1/201","26/11404",0.370518580932251,0.588024369056303,0.516476412436549,"IL13RA2",1
"GOBP_REGULATION_OF_MEGAKARYOCYTE_DIFFERENTIATION","GOBP_REGULATION_OF_MEGAKARYOCYTE_DIFFERENTIATION","1/201","26/11404",0.370518580932251,0.588024369056303,0.516476412436549,"LOX",1
"GOBP_REGULATION_OF_NITRIC_OXIDE_SYNTHASE_ACTIVITY","GOBP_REGULATION_OF_NITRIC_OXIDE_SYNTHASE_ACTIVITY","1/201","26/11404",0.370518580932251,0.588024369056303,0.516476412436549,"TERT",1
"GOBP_REGULATION_OF_RUFFLE_ASSEMBLY","GOBP_REGULATION_OF_RUFFLE_ASSEMBLY","1/201","26/11404",0.370518580932251,0.588024369056303,0.516476412436549,"COBL",1
"GOBP_RESPIRATORY_SYSTEM_PROCESS","GOBP_RESPIRATORY_SYSTEM_PROCESS","1/201","26/11404",0.370518580932251,0.588024369056303,0.516476412436549,"ADORA1",1
"GOBP_RESPONSE_TO_ZINC_ION","GOBP_RESPONSE_TO_ZINC_ION","1/201","26/11404",0.370518580932251,0.588024369056303,0.516476412436549,"MT1G",1
"GOBP_FAT_CELL_DIFFERENTIATION","GOBP_FAT_CELL_DIFFERENTIATION","4/201","175/11404",0.371955643643963,0.589500253218959,0.517772718164021,"TRPV4/RGS2/FRZB/JDP2",4
"GOBP_POSITIVE_REGULATION_OF_GROWTH","GOBP_POSITIVE_REGULATION_OF_GROWTH","4/201","175/11404",0.371955643643963,0.589500253218959,0.517772718164021,"EDN1/SEMA7A/IGFBP1/HOPX",4
"GOBP_GAMETE_GENERATION","GOBP_GAMETE_GENERATION","9/201","440/11404",0.37226434498951,0.589587603610771,0.517849440183314,"PCYT1B/RPS6KA2/SOX9/AR/EDN1/RGS2/SPINK1/LGR5/HSPA2",9
"GOBP_HORMONE_METABOLIC_PROCESS","GOBP_HORMONE_METABOLIC_PROCESS","3/201","124/11404",0.374094223706087,0.59056566021807,0.518708491600704,"DDO/FOXA1/FOXE1",3
"GOBP_SMOOTHENED_SIGNALING_PATHWAY","GOBP_SMOOTHENED_SIGNALING_PATHWAY","3/201","124/11404",0.374094223706087,0.59056566021807,0.518708491600704,"PTCHD1/FOXA1/GLI2",3
"GOBP_REGULATION_OF_LIPID_METABOLIC_PROCESS","GOBP_REGULATION_OF_LIPID_METABOLIC_PROCESS","5/201","228/11404",0.374817682511704,0.59056566021807,0.518708491600704,"SOX9/RAB38/FGF1/ADORA1/AGTR1",5
"GOBP_ORGANIC_ACID_CATABOLIC_PROCESS","GOBP_ORGANIC_ACID_CATABOLIC_PROCESS","4/201","176/11404",0.375965650452182,0.59056566021807,0.518708491600704,"SHMT2/DDO/ALDH1L2/ADTRP",4
"GOBP_LONG_CHAIN_FATTY_ACID_METABOLIC_PROCESS","GOBP_LONG_CHAIN_FATTY_ACID_METABOLIC_PROCESS","2/201","74/11404",0.375979469216601,0.59056566021807,0.518708491600704,"ADTRP/MGLL",2
"GOBP_REGULATION_OF_NIK_NF_KAPPAB_SIGNALING","GOBP_REGULATION_OF_NIK_NF_KAPPAB_SIGNALING","2/201","74/11404",0.375979469216601,0.59056566021807,0.518708491600704,"EDN1/NLRP3",2
"GOBP_NEGATIVE_REGULATION_OF_CELLULAR_AMIDE_METABOLIC_PROCESS","GOBP_NEGATIVE_REGULATION_OF_CELLULAR_AMIDE_METABOLIC_PROCESS","4/201","177/11404",0.379973617620274,0.59056566021807,0.518708491600704,"DAPK1/SHMT2/CPEB1/RGS2",4
"GOBP_REGULATION_OF_LEUKOCYTE_DIFFERENTIATION","GOBP_REGULATION_OF_LEUKOCYTE_DIFFERENTIATION","4/201","177/11404",0.379973617620274,0.59056566021807,0.518708491600704,"NLRP3/KITLG/GLI2/IL7R",4
"GOBP_AMINO_ACID_IMPORT_ACROSS_PLASMA_MEMBRANE","GOBP_AMINO_ACID_IMPORT_ACROSS_PLASMA_MEMBRANE","1/201","27/11404",0.38163879232552,0.59056566021807,0.518708491600704,"RGS2",1
"GOBP_BASEMENT_MEMBRANE_ORGANIZATION","GOBP_BASEMENT_MEMBRANE_ORGANIZATION","1/201","27/11404",0.38163879232552,0.59056566021807,0.518708491600704,"CTSS",1
"GOBP_CELLULAR_RESPONSE_TO_CADMIUM_ION","GOBP_CELLULAR_RESPONSE_TO_CADMIUM_ION","1/201","27/11404",0.38163879232552,0.59056566021807,0.518708491600704,"MT1G",1
"GOBP_EMBRYONIC_EYE_MORPHOGENESIS","GOBP_EMBRYONIC_EYE_MORPHOGENESIS","1/201","27/11404",0.38163879232552,0.59056566021807,0.518708491600704,"FBN2",1
"GOBP_ENDOCRINE_HORMONE_SECRETION","GOBP_ENDOCRINE_HORMONE_SECRETION","1/201","27/11404",0.38163879232552,0.59056566021807,0.518708491600704,"AGTR1",1
"GOBP_HYDROGEN_PEROXIDE_METABOLIC_PROCESS","GOBP_HYDROGEN_PEROXIDE_METABOLIC_PROCESS","1/201","27/11404",0.38163879232552,0.59056566021807,0.518708491600704,"GPX3",1
"GOBP_ICOSANOID_BIOSYNTHETIC_PROCESS","GOBP_ICOSANOID_BIOSYNTHETIC_PROCESS","1/201","27/11404",0.38163879232552,0.59056566021807,0.518708491600704,"EDN1",1
"GOBP_MONOAMINE_TRANSPORT","GOBP_MONOAMINE_TRANSPORT","1/201","27/11404",0.38163879232552,0.59056566021807,0.518708491600704,"GPM6B",1
"GOBP_MONOCYTE_DIFFERENTIATION","GOBP_MONOCYTE_DIFFERENTIATION","1/201","27/11404",0.38163879232552,0.59056566021807,0.518708491600704,"MT1G",1
"GOBP_NEGATIVE_REGULATION_OF_CELL_MATRIX_ADHESION","GOBP_NEGATIVE_REGULATION_OF_CELL_MATRIX_ADHESION","1/201","27/11404",0.38163879232552,0.59056566021807,0.518708491600704,"ARHGAP6",1
"GOBP_NEGATIVE_REGULATION_OF_EPITHELIAL_TO_MESENCHYMAL_TRANSITION","GOBP_NEGATIVE_REGULATION_OF_EPITHELIAL_TO_MESENCHYMAL_TRANSITION","1/201","27/11404",0.38163879232552,0.59056566021807,0.518708491600704,"FOXA1",1
"GOBP_NEGATIVE_REGULATION_OF_INTRINSIC_APOPTOTIC_SIGNALING_PATHWAY_IN_RESPONSE_TO_DNA_DAMAGE","GOBP_NEGATIVE_REGULATION_OF_INTRINSIC_APOPTOTIC_SIGNALING_PATHWAY_IN_RESPONSE_TO_DNA_DAMAGE","1/201","27/11404",0.38163879232552,0.59056566021807,0.518708491600704,"BID",1
"GOBP_NEGATIVE_REGULATION_OF_STRIATED_MUSCLE_CELL_DIFFERENTIATION","GOBP_NEGATIVE_REGULATION_OF_STRIATED_MUSCLE_CELL_DIFFERENTIATION","1/201","27/11404",0.38163879232552,0.59056566021807,0.518708491600704,"RGS2",1
"GOBP_PHOTORECEPTOR_CELL_DEVELOPMENT","GOBP_PHOTORECEPTOR_CELL_DEVELOPMENT","1/201","27/11404",0.38163879232552,0.59056566021807,0.518708491600704,"RORB",1
"GOBP_PIGMENT_GRANULE_ORGANIZATION","GOBP_PIGMENT_GRANULE_ORGANIZATION","1/201","27/11404",0.38163879232552,0.59056566021807,0.518708491600704,"RAB38",1
"GOBP_POSITIVE_REGULATION_OF_ANION_TRANSPORT","GOBP_POSITIVE_REGULATION_OF_ANION_TRANSPORT","1/201","27/11404",0.38163879232552,0.59056566021807,0.518708491600704,"EDN1",1
"GOBP_POSITIVE_REGULATION_OF_CALCIUM_ION_TRANSPORT_INTO_CYTOSOL","GOBP_POSITIVE_REGULATION_OF_CALCIUM_ION_TRANSPORT_INTO_CYTOSOL","1/201","27/11404",0.38163879232552,0.59056566021807,0.518708491600704,"JPH2",1
"GOBP_POSITIVE_REGULATION_OF_NITRIC_OXIDE_METABOLIC_PROCESS","GOBP_POSITIVE_REGULATION_OF_NITRIC_OXIDE_METABOLIC_PROCESS","1/201","27/11404",0.38163879232552,0.59056566021807,0.518708491600704,"EDN1",1
"GOBP_PROTEIN_LOCALIZATION_TO_POSTSYNAPSE","GOBP_PROTEIN_LOCALIZATION_TO_POSTSYNAPSE","1/201","27/11404",0.38163879232552,0.59056566021807,0.518708491600704,"GPC4",1
"GOBP_REGULATION_OF_CYCLASE_ACTIVITY","GOBP_REGULATION_OF_CYCLASE_ACTIVITY","1/201","27/11404",0.38163879232552,0.59056566021807,0.518708491600704,"RGS2",1
"GOBP_RESPONSE_TO_COCAINE","GOBP_RESPONSE_TO_COCAINE","1/201","27/11404",0.38163879232552,0.59056566021807,0.518708491600704,"ST8SIA2",1
"GOBP_RESPONSE_TO_NICOTINE","GOBP_RESPONSE_TO_NICOTINE","1/201","27/11404",0.38163879232552,0.59056566021807,0.518708491600704,"EDN1",1
"GOBP_SECRETORY_GRANULE_ORGANIZATION","GOBP_SECRETORY_GRANULE_ORGANIZATION","1/201","27/11404",0.38163879232552,0.59056566021807,0.518708491600704,"RAB38",1
"GOBP_T_CELL_MEDIATED_CYTOTOXICITY","GOBP_T_CELL_MEDIATED_CYTOTOXICITY","1/201","27/11404",0.38163879232552,0.59056566021807,0.518708491600704,"IL7R",1
"GOBP_VITAMIN_TRANSPORT","GOBP_VITAMIN_TRANSPORT","1/201","27/11404",0.38163879232552,0.59056566021807,0.518708491600704,"SLC25A32",1
"GOBP_XENOBIOTIC_TRANSPORT","GOBP_XENOBIOTIC_TRANSPORT","1/201","27/11404",0.38163879232552,0.59056566021807,0.518708491600704,"ATP8B1",1
"GOBP_NEURON_PROJECTION_ORGANIZATION","GOBP_NEURON_PROJECTION_ORGANIZATION","2/201","75/11404",0.382280137044385,0.59056566021807,0.518708491600704,"GRIN2B/PPFIA2",2
"GOBP_POSITIVE_REGULATION_OF_PROTEIN_LOCALIZATION_TO_NUCLEUS","GOBP_POSITIVE_REGULATION_OF_PROTEIN_LOCALIZATION_TO_NUCLEUS","2/201","75/11404",0.382280137044385,0.59056566021807,0.518708491600704,"JUP/TERT",2
"GOBP_REGULATION_OF_PROTEIN_DEPHOSPHORYLATION","GOBP_REGULATION_OF_PROTEIN_DEPHOSPHORYLATION","2/201","75/11404",0.382280137044385,0.59056566021807,0.518708491600704,"ADORA1/CD33",2
"GOBP_PATTERN_RECOGNITION_RECEPTOR_SIGNALING_PATHWAY","GOBP_PATTERN_RECOGNITION_RECEPTOR_SIGNALING_PATHWAY","3/201","126/11404",0.383682704919003,0.592338837275353,0.520265917063581,"HSPA1A/INAVA/CTSS",3
"GOBP_PROTEIN_FOLDING","GOBP_PROTEIN_FOLDING","4/201","178/11404",0.383979147383774,0.592403130502505,0.520322387402314,"HSPA1A/DNAJA4/HSPA1L/HSPA2",4
"GOBP_PROTEIN_LOCALIZATION_TO_PLASMA_MEMBRANE","GOBP_PROTEIN_LOCALIZATION_TO_PLASMA_MEMBRANE","5/201","231/11404",0.385344363530619,0.594115149342631,0.521826096083624,"AR/RAB15/GBP1/FGF13/JUP",5
"GOBP_REGULATION_OF_WOUND_HEALING","GOBP_REGULATION_OF_WOUND_HEALING","2/201","76/11404",0.388553778797602,0.598332838301563,0.525530597082074,"EDN1/ADTRP",2
"GOBP_CELLULAR_PROCESS_INVOLVED_IN_REPRODUCTION_IN_MULTICELLULAR_ORGANISM","GOBP_CELLULAR_PROCESS_INVOLVED_IN_REPRODUCTION_IN_MULTICELLULAR_ORGANISM","5/201","232/11404",0.388852008031682,0.598332838301563,0.525530597082074,"RPS6KA2/EDN1/SPINK1/LGR5/HSPA2",5
"GOBP_NEGATIVE_REGULATION_OF_CELLULAR_MACROMOLECULE_BIOSYNTHETIC_PROCESS","GOBP_NEGATIVE_REGULATION_OF_CELLULAR_MACROMOLECULE_BIOSYNTHETIC_PROCESS","5/201","232/11404",0.388852008031682,0.598332838301563,0.525530597082074,"DAPK1/SHMT2/CPEB1/ANKRD1/RGS2",5
"GOBP_CENTRAL_NERVOUS_SYSTEM_NEURON_AXONOGENESIS","GOBP_CENTRAL_NERVOUS_SYSTEM_NEURON_AXONOGENESIS","1/201","28/11404",0.392563517889603,0.598498478093985,0.525676082626975,"GLI2",1
"GOBP_HAIR_CELL_DIFFERENTIATION","GOBP_HAIR_CELL_DIFFERENTIATION","1/201","28/11404",0.392563517889603,0.598498478093985,0.525676082626975,"MCOLN3",1
"GOBP_MULTICELLULAR_ORGANISM_AGING","GOBP_MULTICELLULAR_ORGANISM_AGING","1/201","28/11404",0.392563517889603,0.598498478093985,0.525676082626975,"EDN1",1
"GOBP_NEGATIVE_REGULATION_OF_PROTEIN_LOCALIZATION_TO_MEMBRANE","GOBP_NEGATIVE_REGULATION_OF_PROTEIN_LOCALIZATION_TO_MEMBRANE","1/201","28/11404",0.392563517889603,0.598498478093985,0.525676082626975,"GBP1",1
"GOBP_NUCLEOTIDE_TRANSPORT","GOBP_NUCLEOTIDE_TRANSPORT","1/201","28/11404",0.392563517889603,0.598498478093985,0.525676082626975,"SLC25A32",1
"GOBP_POSITIVE_REGULATION_OF_ERYTHROCYTE_DIFFERENTIATION","GOBP_POSITIVE_REGULATION_OF_ERYTHROCYTE_DIFFERENTIATION","1/201","28/11404",0.392563517889603,0.598498478093985,0.525676082626975,"HSPA1A",1
"GOBP_POSITIVE_REGULATION_OF_PROTEIN_CONTAINING_COMPLEX_DISASSEMBLY","GOBP_POSITIVE_REGULATION_OF_PROTEIN_CONTAINING_COMPLEX_DISASSEMBLY","1/201","28/11404",0.392563517889603,0.598498478093985,0.525676082626975,"TRPV4",1
"GOBP_REGULATION_OF_MITOCHONDRIAL_GENE_EXPRESSION","GOBP_REGULATION_OF_MITOCHONDRIAL_GENE_EXPRESSION","1/201","28/11404",0.392563517889603,0.598498478093985,0.525676082626975,"SHMT2",1
"GOBP_REGULATION_OF_MRNA_3_END_PROCESSING","GOBP_REGULATION_OF_MRNA_3_END_PROCESSING","1/201","28/11404",0.392563517889603,0.598498478093985,0.525676082626975,"CPEB1",1
"GOBP_REGULATION_OF_OLIGODENDROCYTE_DIFFERENTIATION","GOBP_REGULATION_OF_OLIGODENDROCYTE_DIFFERENTIATION","1/201","28/11404",0.392563517889603,0.598498478093985,0.525676082626975,"PTPRZ1",1
"GOBP_REGULATION_OF_SPINDLE_ASSEMBLY","GOBP_REGULATION_OF_SPINDLE_ASSEMBLY","1/201","28/11404",0.392563517889603,0.598498478093985,0.525676082626975,"HSPA1A",1
"GOBP_REGULATION_OF_TRANSCRIPTION_BY_RNA_POLYMERASE_III","GOBP_REGULATION_OF_TRANSCRIPTION_BY_RNA_POLYMERASE_III","1/201","28/11404",0.392563517889603,0.598498478093985,0.525676082626975,"AR",1
"GOBP_SKELETAL_MUSCLE_TISSUE_REGENERATION","GOBP_SKELETAL_MUSCLE_TISSUE_REGENERATION","1/201","28/11404",0.392563517889603,0.598498478093985,0.525676082626975,"HOPX",1
"GOBP_VESICLE_DOCKING_INVOLVED_IN_EXOCYTOSIS","GOBP_VESICLE_DOCKING_INVOLVED_IN_EXOCYTOSIS","1/201","28/11404",0.392563517889603,0.598498478093985,0.525676082626975,"RAB15",1
"GOBP_MONOCARBOXYLIC_ACID_BIOSYNTHETIC_PROCESS","GOBP_MONOCARBOXYLIC_ACID_BIOSYNTHETIC_PROCESS","3/201","128/11404",0.393238424018899,0.599134558220144,0.52623476760479,"OSBPL6/EDN1/MGLL",3
"GOBP_DEVELOPMENT_OF_PRIMARY_FEMALE_SEXUAL_CHARACTERISTICS","GOBP_DEVELOPMENT_OF_PRIMARY_FEMALE_SEXUAL_CHARACTERISTICS","2/201","77/11404",0.394799390013984,0.599548387839655,0.526598244440942,"PCYT1B/KITLG",2
"GOBP_METENCEPHALON_DEVELOPMENT","GOBP_METENCEPHALON_DEVELOPMENT","2/201","77/11404",0.394799390013984,0.599548387839655,0.526598244440942,"SCN5A/GLI2",2
"GOBP_NEPHRON_EPITHELIUM_DEVELOPMENT","GOBP_NEPHRON_EPITHELIUM_DEVELOPMENT","2/201","77/11404",0.394799390013984,0.599548387839655,0.526598244440942,"SOX9/FGF1",2
"GOBP_PROTEIN_LOCALIZATION_TO_CELL_JUNCTION","GOBP_PROTEIN_LOCALIZATION_TO_CELL_JUNCTION","2/201","77/11404",0.394799390013984,0.599548387839655,0.526598244440942,"GPC4/CGNL1",2
"GOBP_RESPONSE_TO_RETINOIC_ACID","GOBP_RESPONSE_TO_RETINOIC_ACID","2/201","77/11404",0.394799390013984,0.599548387839655,0.526598244440942,"SOX9/RORB",2
"GOBP_NEGATIVE_REGULATION_OF_APOPTOTIC_SIGNALING_PATHWAY","GOBP_NEGATIVE_REGULATION_OF_APOPTOTIC_SIGNALING_PATHWAY","4/201","181/11404",0.395977212316452,0.600296806728811,0.527255599345283,"HSPA1A/BID/AR/TERT",4
"GOBP_CELLULAR_RESPONSE_TO_OXYGEN_LEVELS","GOBP_CELLULAR_RESPONSE_TO_OXYGEN_LEVELS","3/201","129/11404",0.398002506350831,0.600296806728811,0.527255599345283,"EDN1/CPEB1/TERT",3
"GOBP_EPITHELIAL_TO_MESENCHYMAL_TRANSITION","GOBP_EPITHELIAL_TO_MESENCHYMAL_TRANSITION","3/201","129/11404",0.398002506350831,0.600296806728811,0.527255599345283,"SOX9/EDN1/FOXA1",3
"GOBP_MONOCARBOXYLIC_ACID_METABOLIC_PROCESS","GOBP_MONOCARBOXYLIC_ACID_METABOLIC_PROCESS","8/201","396/11404",0.398107017262819,0.600296806728811,0.527255599345283,"SOX9/OSBPL6/EDN1/AACS/ALDH1L2/ATP8B1/ADTRP/MGLL",8
"GOBP_ARTERY_DEVELOPMENT","GOBP_ARTERY_DEVELOPMENT","2/201","78/11404",0.401016009647119,0.600296806728811,0.527255599345283,"EDN1/LOX",2
"GOBP_CARBOHYDRATE_TRANSMEMBRANE_TRANSPORT","GOBP_CARBOHYDRATE_TRANSMEMBRANE_TRANSPORT","2/201","78/11404",0.401016009647119,0.600296806728811,0.527255599345283,"EDN1/TERT",2
"GOBP_ORGANELLE_TRANSPORT_ALONG_MICROTUBULE","GOBP_ORGANELLE_TRANSPORT_ALONG_MICROTUBULE","2/201","78/11404",0.401016009647119,0.600296806728811,0.527255599345283,"UCHL1/SYBU",2
"GOBP_RESPONSE_TO_FIBROBLAST_GROWTH_FACTOR","GOBP_RESPONSE_TO_FIBROBLAST_GROWTH_FACTOR","2/201","78/11404",0.401016009647119,0.600296806728811,0.527255599345283,"FGF1/SPRY3",2
"GOBP_STEROL_TRANSPORT","GOBP_STEROL_TRANSPORT","2/201","78/11404",0.401016009647119,0.600296806728811,0.527255599345283,"OSBPL6/PLTP",2
"GOBP_ACTIN_FILAMENT_POLYMERIZATION","GOBP_ACTIN_FILAMENT_POLYMERIZATION","3/201","130/11404",0.402756634156976,0.600296806728811,0.527255599345283,"CYRIA/ARHGAP6/COBL",3
"GOBP_CELLULAR_RESPONSE_TO_MOLECULE_OF_BACTERIAL_ORIGIN","GOBP_CELLULAR_RESPONSE_TO_MOLECULE_OF_BACTERIAL_ORIGIN","3/201","130/11404",0.402756634156976,0.600296806728811,0.527255599345283,"CD274/ANKRD1/NLRP3",3
"GOBP_TEMPERATURE_HOMEOSTASIS","GOBP_TEMPERATURE_HOMEOSTASIS","3/201","130/11404",0.402756634156976,0.600296806728811,0.527255599345283,"UCP2/G0S2/ADORA1",3
"GOBP_ANTIGEN_PROCESSING_AND_PRESENTATION_OF_PEPTIDE_OR_POLYSACCHARIDE_ANTIGEN_VIA_MHC_CLASS_II","GOBP_ANTIGEN_PROCESSING_AND_PRESENTATION_OF_PEPTIDE_OR_POLYSACCHARIDE_ANTIGEN_VIA_MHC_CLASS_II","1/201","29/11404",0.403296177251786,0.600296806728811,0.527255599345283,"CTSS",1
"GOBP_CELL_DIFFERENTIATION_IN_SPINAL_CORD","GOBP_CELL_DIFFERENTIATION_IN_SPINAL_CORD","1/201","29/11404",0.403296177251786,0.600296806728811,0.527255599345283,"GLI2",1
"GOBP_CELLULAR_CARBOHYDRATE_CATABOLIC_PROCESS","GOBP_CELLULAR_CARBOHYDRATE_CATABOLIC_PROCESS","1/201","29/11404",0.403296177251786,0.600296806728811,0.527255599345283,"MGAM",1
"GOBP_HEPARAN_SULFATE_PROTEOGLYCAN_METABOLIC_PROCESS","GOBP_HEPARAN_SULFATE_PROTEOGLYCAN_METABOLIC_PROCESS","1/201","29/11404",0.403296177251786,0.600296806728811,0.527255599345283,"HS3ST3B1",1
"GOBP_MACROPHAGE_MIGRATION","GOBP_MACROPHAGE_MIGRATION","1/201","29/11404",0.403296177251786,0.600296806728811,0.527255599345283,"TRPV4",1
"GOBP_MALE_MEIOTIC_NUCLEAR_DIVISION","GOBP_MALE_MEIOTIC_NUCLEAR_DIVISION","1/201","29/11404",0.403296177251786,0.600296806728811,0.527255599345283,"HSPA2",1
"GOBP_MAMMARY_GLAND_MORPHOGENESIS","GOBP_MAMMARY_GLAND_MORPHOGENESIS","1/201","29/11404",0.403296177251786,0.600296806728811,0.527255599345283,"AR",1
"GOBP_NEUROTROPHIN_SIGNALING_PATHWAY","GOBP_NEUROTROPHIN_SIGNALING_PATHWAY","1/201","29/11404",0.403296177251786,0.600296806728811,0.527255599345283,"GFRA1",1
"GOBP_POSITIVE_REGULATION_OF_GLIAL_CELL_DIFFERENTIATION","GOBP_POSITIVE_REGULATION_OF_GLIAL_CELL_DIFFERENTIATION","1/201","29/11404",0.403296177251786,0.600296806728811,0.527255599345283,"PTPRZ1",1
"GOBP_POSITIVE_REGULATION_OF_REGULATED_SECRETORY_PATHWAY","GOBP_POSITIVE_REGULATION_OF_REGULATED_SECRETORY_PATHWAY","1/201","29/11404",0.403296177251786,0.600296806728811,0.527255599345283,"RAB15",1
"GOBP_PROSTANOID_METABOLIC_PROCESS","GOBP_PROSTANOID_METABOLIC_PROCESS","1/201","29/11404",0.403296177251786,0.600296806728811,0.527255599345283,"EDN1",1
"GOBP_PYRIDINE_CONTAINING_COMPOUND_METABOLIC_PROCESS","GOBP_PYRIDINE_CONTAINING_COMPOUND_METABOLIC_PROCESS","1/201","29/11404",0.403296177251786,0.600296806728811,0.527255599345283,"NMNAT2",1
"GOBP_REGULATION_OF_ENDOPLASMIC_RETICULUM_STRESS_INDUCED_INTRINSIC_APOPTOTIC_SIGNALING_PATHWAY","GOBP_REGULATION_OF_ENDOPLASMIC_RETICULUM_STRESS_INDUCED_INTRINSIC_APOPTOTIC_SIGNALING_PATHWAY","1/201","29/11404",0.403296177251786,0.600296806728811,0.527255599345283,"HSPA1A",1
"GOBP_REGULATION_OF_ENDOTHELIAL_CELL_DIFFERENTIATION","GOBP_REGULATION_OF_ENDOTHELIAL_CELL_DIFFERENTIATION","1/201","29/11404",0.403296177251786,0.600296806728811,0.527255599345283,"S1PR3",1
"GOBP_REGULATION_OF_HEMATOPOIETIC_PROGENITOR_CELL_DIFFERENTIATION","GOBP_REGULATION_OF_HEMATOPOIETIC_PROGENITOR_CELL_DIFFERENTIATION","1/201","29/11404",0.403296177251786,0.600296806728811,0.527255599345283,"KITLG",1
"GOBP_REGULATION_OF_VASCULAR_PERMEABILITY","GOBP_REGULATION_OF_VASCULAR_PERMEABILITY","1/201","29/11404",0.403296177251786,0.600296806728811,0.527255599345283,"TRPV4",1
"GOBP_REGULATION_OF_VIRAL_ENTRY_INTO_HOST_CELL","GOBP_REGULATION_OF_VIRAL_ENTRY_INTO_HOST_CELL","1/201","29/11404",0.403296177251786,0.600296806728811,0.527255599345283,"TRIM22",1
"GOBP_STRIATED_MUSCLE_CELL_APOPTOTIC_PROCESS","GOBP_STRIATED_MUSCLE_CELL_APOPTOTIC_PROCESS","1/201","29/11404",0.403296177251786,0.600296806728811,0.527255599345283,"RPS6KA2",1
"GOBP_VIRAL_PROTEIN_PROCESSING","GOBP_VIRAL_PROTEIN_PROCESSING","1/201","29/11404",0.403296177251786,0.600296806728811,0.527255599345283,"ST6GAL1",1
"GOBP_REGULATION_OF_PROTEIN_SERINE_THREONINE_KINASE_ACTIVITY","GOBP_REGULATION_OF_PROTEIN_SERINE_THREONINE_KINASE_ACTIVITY","6/201","290/11404",0.403947607743562,0.600511044451672,0.527443769659872,"UCHL1/EDN1/RGS2/FGF1/SPRY3/KITLG",6
"GOBP_DENDRITE_DEVELOPMENT","GOBP_DENDRITE_DEVELOPMENT","4/201","183/11404",0.403956676783834,0.600511044451672,0.527443769659872,"PHACTR1/PPFIA2/MAP6/COBL",4
"GOBP_HUMORAL_IMMUNE_RESPONSE","GOBP_HUMORAL_IMMUNE_RESPONSE","2/201","79/11404",0.407202718861541,0.604563423597116,0.531003074942118,"ST6GAL1/SPNS2",2
"GOBP_NEUTRAL_LIPID_METABOLIC_PROCESS","GOBP_NEUTRAL_LIPID_METABOLIC_PROCESS","2/201","79/11404",0.407202718861541,0.604563423597116,0.531003074942118,"DGKE/MGLL",2
"GOBP_SODIUM_ION_TRANSPORT","GOBP_SODIUM_ION_TRANSPORT","3/201","131/11404",0.407500246080367,0.604619063265382,0.531051944645089,"EDN1/FGF13/SCN5A",3
"GOBP_NOTCH_SIGNALING_PATHWAY","GOBP_NOTCH_SIGNALING_PATHWAY","3/201","132/11404",0.412232793402227,0.607052557380476,0.533189342985003,"SOX9/FOXA1/S1PR3",3
"GOBP_REGULATION_OF_LEUKOCYTE_PROLIFERATION","GOBP_REGULATION_OF_LEUKOCYTE_PROLIFERATION","3/201","132/11404",0.412232793402227,0.607052557380476,0.533189342985003,"ST6GAL1/CD274/KITLG",3
"GOBP_PEPTIDYL_TYROSINE_DEPHOSPHORYLATION","GOBP_PEPTIDYL_TYROSINE_DEPHOSPHORYLATION","2/201","80/11404",0.41335863985645,0.607052557380476,0.533189342985003,"PTPRB/PTPRZ1",2
"GOBP_ARACHIDONIC_ACID_METABOLIC_PROCESS","GOBP_ARACHIDONIC_ACID_METABOLIC_PROCESS","1/201","30/11404",0.413840130515293,0.607052557380476,0.533189342985003,"MGLL",1
"GOBP_ENDOCARDIAL_CUSHION_MORPHOGENESIS","GOBP_ENDOCARDIAL_CUSHION_MORPHOGENESIS","1/201","30/11404",0.413840130515293,0.607052557380476,0.533189342985003,"SOX9",1
"GOBP_ENERGY_HOMEOSTASIS","GOBP_ENERGY_HOMEOSTASIS","1/201","30/11404",0.413840130515293,0.607052557380476,0.533189342985003,"TRPV4",1
"GOBP_MICROTUBULE_ORGANIZING_CENTER_LOCALIZATION","GOBP_MICROTUBULE_ORGANIZING_CENTER_LOCALIZATION","1/201","30/11404",0.413840130515293,0.607052557380476,0.533189342985003,"PLXNA2",1
"GOBP_NADP_METABOLIC_PROCESS","GOBP_NADP_METABOLIC_PROCESS","1/201","30/11404",0.413840130515293,0.607052557380476,0.533189342985003,"ALDH1L2",1
"GOBP_NEURAL_TUBE_PATTERNING","GOBP_NEURAL_TUBE_PATTERNING","1/201","30/11404",0.413840130515293,0.607052557380476,0.533189342985003,"FOXA1",1
"GOBP_PHOSPHATIDIC_ACID_METABOLIC_PROCESS","GOBP_PHOSPHATIDIC_ACID_METABOLIC_PROCESS","1/201","30/11404",0.413840130515293,0.607052557380476,0.533189342985003,"DGKE",1
"GOBP_POSITIVE_REGULATION_OF_CELL_CYCLE_G2_M_PHASE_TRANSITION","GOBP_POSITIVE_REGULATION_OF_CELL_CYCLE_G2_M_PHASE_TRANSITION","1/201","30/11404",0.413840130515293,0.607052557380476,0.533189342985003,"HSPA2",1
"GOBP_POSITIVE_REGULATION_OF_GLUCOSE_TRANSMEMBRANE_TRANSPORT","GOBP_POSITIVE_REGULATION_OF_GLUCOSE_TRANSMEMBRANE_TRANSPORT","1/201","30/11404",0.413840130515293,0.607052557380476,0.533189342985003,"TERT",1
"GOBP_POSITIVE_REGULATION_OF_TYROSINE_PHOSPHORYLATION_OF_STAT_PROTEIN","GOBP_POSITIVE_REGULATION_OF_TYROSINE_PHOSPHORYLATION_OF_STAT_PROTEIN","1/201","30/11404",0.413840130515293,0.607052557380476,0.533189342985003,"TSLP",1
"GOBP_PROTEIN_LOCALIZATION_TO_CHROMOSOME_TELOMERIC_REGION","GOBP_PROTEIN_LOCALIZATION_TO_CHROMOSOME_TELOMERIC_REGION","1/201","30/11404",0.413840130515293,0.607052557380476,0.533189342985003,"TERT",1
"GOBP_RESPONSE_TO_DEXAMETHASONE","GOBP_RESPONSE_TO_DEXAMETHASONE","1/201","30/11404",0.413840130515293,0.607052557380476,0.533189342985003,"EDN1",1
"GOBP_TRANSMISSION_OF_NERVE_IMPULSE","GOBP_TRANSMISSION_OF_NERVE_IMPULSE","1/201","30/11404",0.413840130515293,0.607052557380476,0.533189342985003,"SCN5A",1
"GOBP_VENTRAL_SPINAL_CORD_DEVELOPMENT","GOBP_VENTRAL_SPINAL_CORD_DEVELOPMENT","1/201","30/11404",0.413840130515293,0.607052557380476,0.533189342985003,"GLI2",1
"GOBP_VENTRICULAR_CARDIAC_MUSCLE_TISSUE_MORPHOGENESIS","GOBP_VENTRICULAR_CARDIAC_MUSCLE_TISSUE_MORPHOGENESIS","1/201","30/11404",0.413840130515293,0.607052557380476,0.533189342985003,"RYR2",1
"GOBP_HORMONE_MEDIATED_SIGNALING_PATHWAY","GOBP_HORMONE_MEDIATED_SIGNALING_PATHWAY","3/201","133/11404",0.41695373995023,0.610849051911963,0.536523898453518,"AR/FOXA1/LGR5",3
"GOBP_PROTEIN_KINASE_B_SIGNALING","GOBP_PROTEIN_KINASE_B_SIGNALING","3/201","133/11404",0.41695373995023,0.610849051911963,0.536523898453518,"SOX9/LOX/ADTRP",3
"GOBP_REGULATION_OF_CELL_MORPHOGENESIS_INVOLVED_IN_DIFFERENTIATION","GOBP_REGULATION_OF_CELL_MORPHOGENESIS_INVOLVED_IN_DIFFERENTIATION","2/201","81/11404",0.419482934717449,0.612585049285617,0.538048668076558,"ST6GAL1/GBP1",2
"GOBP_GLYCEROPHOSPHOLIPID_BIOSYNTHETIC_PROCESS","GOBP_GLYCEROPHOSPHOLIPID_BIOSYNTHETIC_PROCESS","4/201","187/11404",0.419856180162246,0.612585049285617,0.538048668076558,"PCYT1B/SLC44A5/RAB38/DGKE",4
"GOBP_NEGATIVE_REGULATION_OF_KINASE_ACTIVITY","GOBP_NEGATIVE_REGULATION_OF_KINASE_ACTIVITY","4/201","188/11404",0.423816608271907,0.612585049285617,0.538048668076558,"UCHL1/PTPRB/RGS2/SPRY3",4
"GOBP_ESTABLISHMENT_OF_SPINDLE_ORIENTATION","GOBP_ESTABLISHMENT_OF_SPINDLE_ORIENTATION","1/201","31/11404",0.424198679290255,0.612585049285617,0.538048668076558,"ANKFN1",1
"GOBP_HINDBRAIN_MORPHOGENESIS","GOBP_HINDBRAIN_MORPHOGENESIS","1/201","31/11404",0.424198679290255,0.612585049285617,0.538048668076558,"GLI2",1
"GOBP_MAST_CELL_ACTIVATION_INVOLVED_IN_IMMUNE_RESPONSE","GOBP_MAST_CELL_ACTIVATION_INVOLVED_IN_IMMUNE_RESPONSE","1/201","31/11404",0.424198679290255,0.612585049285617,0.538048668076558,"IL13RA2",1
"GOBP_NEUTRAL_AMINO_ACID_TRANSPORT","GOBP_NEUTRAL_AMINO_ACID_TRANSPORT","1/201","31/11404",0.424198679290255,0.612585049285617,0.538048668076558,"RGS2",1
"GOBP_NUCLEOBASE_METABOLIC_PROCESS","GOBP_NUCLEOBASE_METABOLIC_PROCESS","1/201","31/11404",0.424198679290255,0.612585049285617,0.538048668076558,"SHMT2",1
"GOBP_O_GLYCAN_PROCESSING","GOBP_O_GLYCAN_PROCESSING","1/201","31/11404",0.424198679290255,0.612585049285617,0.538048668076558,"ST6GAL1",1
"GOBP_POSITIVE_REGULATION_OF_ALPHA_BETA_T_CELL_DIFFERENTIATION","GOBP_POSITIVE_REGULATION_OF_ALPHA_BETA_T_CELL_DIFFERENTIATION","1/201","31/11404",0.424198679290255,0.612585049285617,0.538048668076558,"NLRP3",1
"GOBP_POSITIVE_REGULATION_OF_MITOTIC_NUCLEAR_DIVISION","GOBP_POSITIVE_REGULATION_OF_MITOTIC_NUCLEAR_DIVISION","1/201","31/11404",0.424198679290255,0.612585049285617,0.538048668076558,"EDN1",1
"GOBP_POSITIVE_REGULATION_OF_MYELOID_LEUKOCYTE_DIFFERENTIATION","GOBP_POSITIVE_REGULATION_OF_MYELOID_LEUKOCYTE_DIFFERENTIATION","1/201","31/11404",0.424198679290255,0.612585049285617,0.538048668076558,"KITLG",1
"GOBP_POSITIVE_REGULATION_OF_ORGAN_GROWTH","GOBP_POSITIVE_REGULATION_OF_ORGAN_GROWTH","1/201","31/11404",0.424198679290255,0.612585049285617,0.538048668076558,"EDN1",1
"GOBP_POSITIVE_REGULATION_OF_RNA_SPLICING","GOBP_POSITIVE_REGULATION_OF_RNA_SPLICING","1/201","31/11404",0.424198679290255,0.612585049285617,0.538048668076558,"HSPA1A",1
"GOBP_PROTEIN_DEMETHYLATION","GOBP_PROTEIN_DEMETHYLATION","1/201","31/11404",0.424198679290255,0.612585049285617,0.538048668076558,"KDM7A",1
"GOBP_REGULATION_OF_CD4_POSITIVE_ALPHA_BETA_T_CELL_DIFFERENTIATION","GOBP_REGULATION_OF_CD4_POSITIVE_ALPHA_BETA_T_CELL_DIFFERENTIATION","1/201","31/11404",0.424198679290255,0.612585049285617,0.538048668076558,"NLRP3",1
"GOBP_REGULATION_OF_MEIOTIC_CELL_CYCLE","GOBP_REGULATION_OF_MEIOTIC_CELL_CYCLE","1/201","31/11404",0.424198679290255,0.612585049285617,0.538048668076558,"RPS6KA2",1
"GOBP_REGULATION_OF_T_CELL_RECEPTOR_SIGNALING_PATHWAY","GOBP_REGULATION_OF_T_CELL_RECEPTOR_SIGNALING_PATHWAY","1/201","31/11404",0.424198679290255,0.612585049285617,0.538048668076558,"GBP1",1
"GOBP_RESPONSE_TO_COPPER_ION","GOBP_RESPONSE_TO_COPPER_ION","1/201","31/11404",0.424198679290255,0.612585049285617,0.538048668076558,"MT1G",1
"GOBP_SEMI_LUNAR_VALVE_DEVELOPMENT","GOBP_SEMI_LUNAR_VALVE_DEVELOPMENT","1/201","31/11404",0.424198679290255,0.612585049285617,0.538048668076558,"SOX9",1
"GOBP_SERINE_FAMILY_AMINO_ACID_METABOLIC_PROCESS","GOBP_SERINE_FAMILY_AMINO_ACID_METABOLIC_PROCESS","1/201","31/11404",0.424198679290255,0.612585049285617,0.538048668076558,"SHMT2",1
"GOBP_TOXIN_TRANSPORT","GOBP_TOXIN_TRANSPORT","1/201","31/11404",0.424198679290255,0.612585049285617,0.538048668076558,"CD274",1
"GOBP_VISUAL_BEHAVIOR","GOBP_VISUAL_BEHAVIOR","1/201","31/11404",0.424198679290255,0.612585049285617,0.538048668076558,"TAFA2",1
"GOBP_POSITIVE_REGULATION_OF_CHEMOTAXIS","GOBP_POSITIVE_REGULATION_OF_CHEMOTAXIS","2/201","82/11404",0.425574804295667,0.613429274635726,0.538790172175804,"TRPV4/EDN1",2
"GOBP_POSITIVE_REGULATION_OF_LEUKOCYTE_MEDIATED_IMMUNITY","GOBP_POSITIVE_REGULATION_OF_LEUKOCYTE_MEDIATED_IMMUNITY","2/201","82/11404",0.425574804295667,0.613429274635726,0.538790172175804,"NLRP3/IL1R1",2
"GOBP_POSITIVE_REGULATION_OF_MITOTIC_CELL_CYCLE_PHASE_TRANSITION","GOBP_POSITIVE_REGULATION_OF_MITOTIC_CELL_CYCLE_PHASE_TRANSITION","2/201","82/11404",0.425574804295667,0.613429274635726,0.538790172175804,"TERT/HSPA2",2
"GOBP_POSITIVE_REGULATION_OF_PROTEOLYSIS","GOBP_POSITIVE_REGULATION_OF_PROTEOLYSIS","6/201","297/11404",0.426015035568065,0.613683369080391,0.53901334963937,"HSPA1A/DAPK1/BID/NLRP3/RNF180/GRIN2B",6
"GOBP_CELLULAR_RESPONSE_TO_EXTERNAL_STIMULUS","GOBP_CELLULAR_RESPONSE_TO_EXTERNAL_STIMULUS","5/201","244/11404",0.43078442312512,0.620169525551644,0.544710302012536,"UCP2/SOX9/RRAGD/ANKRD1/PIEZO2",5
"GOBP_NEGATIVE_REGULATION_OF_INFLAMMATORY_RESPONSE","GOBP_NEGATIVE_REGULATION_OF_INFLAMMATORY_RESPONSE","2/201","83/11404",0.431633487113691,0.621007337586219,0.545446173137415,"NLRP3/ADORA1",2
"GOBP_AMINO_SUGAR_METABOLIC_PROCESS","GOBP_AMINO_SUGAR_METABOLIC_PROCESS","1/201","32/11404",0.434375067706914,0.622256335439664,0.546543198982659,"ST6GAL1",1
"GOBP_CHOLESTEROL_EFFLUX","GOBP_CHOLESTEROL_EFFLUX","1/201","32/11404",0.434375067706914,0.622256335439664,0.546543198982659,"PLTP",1
"GOBP_ESTABLISHMENT_OF_MITOTIC_SPINDLE_LOCALIZATION","GOBP_ESTABLISHMENT_OF_MITOTIC_SPINDLE_LOCALIZATION","1/201","32/11404",0.434375067706914,0.622256335439664,0.546543198982659,"ANKFN1",1
"GOBP_POSITIVE_REGULATION_OF_PATTERN_RECOGNITION_RECEPTOR_SIGNALING_PATHWAY","GOBP_POSITIVE_REGULATION_OF_PATTERN_RECOGNITION_RECEPTOR_SIGNALING_PATHWAY","1/201","32/11404",0.434375067706914,0.622256335439664,0.546543198982659,"HSPA1A",1
"GOBP_POSITIVE_REGULATION_OF_SMOOTHENED_SIGNALING_PATHWAY","GOBP_POSITIVE_REGULATION_OF_SMOOTHENED_SIGNALING_PATHWAY","1/201","32/11404",0.434375067706914,0.622256335439664,0.546543198982659,"FOXA1",1
"GOBP_REGULATION_OF_BEHAVIOR","GOBP_REGULATION_OF_BEHAVIOR","1/201","32/11404",0.434375067706914,0.622256335439664,0.546543198982659,"ADORA1",1
"GOBP_REGULATION_OF_MYOBLAST_DIFFERENTIATION","GOBP_REGULATION_OF_MYOBLAST_DIFFERENTIATION","1/201","32/11404",0.434375067706914,0.622256335439664,0.546543198982659,"SOX9",1
"GOBP_RESPONSE_TO_KETONE","GOBP_RESPONSE_TO_KETONE","3/201","137/11404",0.435711228638742,0.623786087798691,0.547886818485325,"AR/EDN1/ADCY1",3
"GOBP_APPENDAGE_DEVELOPMENT","GOBP_APPENDAGE_DEVELOPMENT","3/201","138/11404",0.440366560982624,0.62928841689281,0.552719650830583,"PLXNA2/SOX9/FBN2",3
"GOBP_REGULATION_OF_PROTEIN_LOCALIZATION_TO_MEMBRANE","GOBP_REGULATION_OF_PROTEIN_LOCALIZATION_TO_MEMBRANE","3/201","138/11404",0.440366560982624,0.62928841689281,0.552719650830583,"GPC4/AR/GBP1",3
"GOBP_VESICLE_MEDIATED_TRANSPORT_IN_SYNAPSE","GOBP_VESICLE_MEDIATED_TRANSPORT_IN_SYNAPSE","3/201","138/11404",0.440366560982624,0.62928841689281,0.552719650830583,"SV2A/ADCY1/APBA1",3
"GOBP_POSITIVE_REGULATION_OF_PROTEASOMAL_UBIQUITIN_DEPENDENT_PROTEIN_CATABOLIC_PROCESS","GOBP_POSITIVE_REGULATION_OF_PROTEASOMAL_UBIQUITIN_DEPENDENT_PROTEIN_CATABOLIC_PROCESS","2/201","85/11404",0.443648428535169,0.630363650964858,0.553664055629575,"HSPA1A/RNF180",2
"GOBP_ANTIGEN_PROCESSING_AND_PRESENTATION_OF_EXOGENOUS_PEPTIDE_ANTIGEN","GOBP_ANTIGEN_PROCESSING_AND_PRESENTATION_OF_EXOGENOUS_PEPTIDE_ANTIGEN","1/201","33/11404",0.444372483411356,0.630363650964858,0.553664055629575,"CTSS",1
"GOBP_NEGATIVE_REGULATION_OF_DNA_BIOSYNTHETIC_PROCESS","GOBP_NEGATIVE_REGULATION_OF_DNA_BIOSYNTHETIC_PROCESS","1/201","33/11404",0.444372483411356,0.630363650964858,0.553664055629575,"ANKRD1",1
"GOBP_NEGATIVE_REGULATION_OF_EPITHELIAL_CELL_APOPTOTIC_PROCESS","GOBP_NEGATIVE_REGULATION_OF_EPITHELIAL_CELL_APOPTOTIC_PROCESS","1/201","33/11404",0.444372483411356,0.630363650964858,0.553664055629575,"TERT",1
"GOBP_POSITIVE_REGULATION_OF_AXON_EXTENSION","GOBP_POSITIVE_REGULATION_OF_AXON_EXTENSION","1/201","33/11404",0.444372483411356,0.630363650964858,0.553664055629575,"SEMA7A",1
"GOBP_POSITIVE_REGULATION_OF_JUN_KINASE_ACTIVITY","GOBP_POSITIVE_REGULATION_OF_JUN_KINASE_ACTIVITY","1/201","33/11404",0.444372483411356,0.630363650964858,0.553664055629575,"EDN1",1
"GOBP_POSITIVE_REGULATION_OF_NEURAL_PRECURSOR_CELL_PROLIFERATION","GOBP_POSITIVE_REGULATION_OF_NEURAL_PRECURSOR_CELL_PROLIFERATION","1/201","33/11404",0.444372483411356,0.630363650964858,0.553664055629575,"DMRTA2",1
"GOBP_REGULATION_OF_ALCOHOL_BIOSYNTHETIC_PROCESS","GOBP_REGULATION_OF_ALCOHOL_BIOSYNTHETIC_PROCESS","1/201","33/11404",0.444372483411356,0.630363650964858,0.553664055629575,"FGF1",1
"GOBP_REGULATION_OF_LIPID_CATABOLIC_PROCESS","GOBP_REGULATION_OF_LIPID_CATABOLIC_PROCESS","1/201","33/11404",0.444372483411356,0.630363650964858,0.553664055629575,"ADORA1",1
"GOBP_REGULATION_OF_MYELOID_LEUKOCYTE_MEDIATED_IMMUNITY","GOBP_REGULATION_OF_MYELOID_LEUKOCYTE_MEDIATED_IMMUNITY","1/201","33/11404",0.444372483411356,0.630363650964858,0.553664055629575,"IL13RA2",1
"GOBP_REGULATION_OF_NEURON_MIGRATION","GOBP_REGULATION_OF_NEURON_MIGRATION","1/201","33/11404",0.444372483411356,0.630363650964858,0.553664055629575,"PHACTR1",1
"GOBP_REGULATION_OF_PROTEIN_LOCALIZATION_TO_CELL_SURFACE","GOBP_REGULATION_OF_PROTEIN_LOCALIZATION_TO_CELL_SURFACE","1/201","33/11404",0.444372483411356,0.630363650964858,0.553664055629575,"GPM6B",1
"GOBP_APOPTOTIC_MITOCHONDRIAL_CHANGES","GOBP_APOPTOTIC_MITOCHONDRIAL_CHANGES","2/201","86/11404",0.449603343057808,0.635113575470828,0.557836032332046,"HSPA1A/BID",2
"GOBP_FEMALE_SEX_DIFFERENTIATION","GOBP_FEMALE_SEX_DIFFERENTIATION","2/201","86/11404",0.449603343057808,0.635113575470828,0.557836032332046,"PCYT1B/KITLG",2
"GOBP_POSITIVE_REGULATION_OF_PLASMA_MEMBRANE_BOUNDED_CELL_PROJECTION_ASSEMBLY","GOBP_POSITIVE_REGULATION_OF_PLASMA_MEMBRANE_BOUNDED_CELL_PROJECTION_ASSEMBLY","2/201","86/11404",0.449603343057808,0.635113575470828,0.557836032332046,"DOCK11/COBL",2
"GOBP_REGULATION_OF_PROTEIN_LOCALIZATION_TO_PLASMA_MEMBRANE","GOBP_REGULATION_OF_PROTEIN_LOCALIZATION_TO_PLASMA_MEMBRANE","2/201","86/11404",0.449603343057808,0.635113575470828,0.557836032332046,"AR/GBP1",2
"GOBP_HEMOSTASIS","GOBP_HEMOSTASIS","3/201","140/11404",0.449633094720423,0.635113575470828,0.557836032332046,"EDN1/DGKE/ADTRP",3
"GOBP_MEIOTIC_CELL_CYCLE_PROCESS","GOBP_MEIOTIC_CELL_CYCLE_PROCESS","3/201","140/11404",0.449633094720423,0.635113575470828,0.557836032332046,"RPS6KA2/EDN1/HSPA2",3
"GOBP_REGULATION_OF_CELL_CYCLE_G1_S_PHASE_TRANSITION","GOBP_REGULATION_OF_CELL_CYCLE_G1_S_PHASE_TRANSITION","3/201","140/11404",0.449633094720423,0.635113575470828,0.557836032332046,"BID/FHL1/TERT",3
"GOBP_APOPTOTIC_SIGNALING_PATHWAY","GOBP_APOPTOTIC_SIGNALING_PATHWAY","9/201","471/11404",0.450666864609669,0.636187286106545,0.558779099059059,"HSPA1A/DAPK1/BID/AR/G0S2/ADORA1/KITLG/ZNF385B/TERT",9
"GOBP_CELLULAR_RESPONSE_TO_ABIOTIC_STIMULUS","GOBP_CELLULAR_RESPONSE_TO_ABIOTIC_STIMULUS","5/201","250/11404",0.451554447902235,0.636528743890903,0.559079009914364,"SOX9/TRPV4/ANKRD1/MGMT/PIEZO2",5
"GOBP_AMINO_ACID_IMPORT","GOBP_AMINO_ACID_IMPORT","1/201","34/11404",0.454194058544089,0.636528743890903,0.559079009914364,"RGS2",1
"GOBP_ENDOCRINE_PANCREAS_DEVELOPMENT","GOBP_ENDOCRINE_PANCREAS_DEVELOPMENT","1/201","34/11404",0.454194058544089,0.636528743890903,0.559079009914364,"SOX9",1
"GOBP_NEGATIVE_REGULATION_OF_G_PROTEIN_COUPLED_RECEPTOR_SIGNALING_PATHWAY","GOBP_NEGATIVE_REGULATION_OF_G_PROTEIN_COUPLED_RECEPTOR_SIGNALING_PATHWAY","1/201","34/11404",0.454194058544089,0.636528743890903,0.559079009914364,"RGS2",1
"GOBP_NEGATIVE_REGULATION_OF_T_CELL_PROLIFERATION","GOBP_NEGATIVE_REGULATION_OF_T_CELL_PROLIFERATION","1/201","34/11404",0.454194058544089,0.636528743890903,0.559079009914364,"CD274",1
"GOBP_POSITIVE_REGULATION_OF_ESTABLISHMENT_OF_PROTEIN_LOCALIZATION_TO_MITOCHONDRION","GOBP_POSITIVE_REGULATION_OF_ESTABLISHMENT_OF_PROTEIN_LOCALIZATION_TO_MITOCHONDRION","1/201","34/11404",0.454194058544089,0.636528743890903,0.559079009914364,"HSPA1L",1
"GOBP_POSITIVE_REGULATION_OF_PROTEIN_TYROSINE_KINASE_ACTIVITY","GOBP_POSITIVE_REGULATION_OF_PROTEIN_TYROSINE_KINASE_ACTIVITY","1/201","34/11404",0.454194058544089,0.636528743890903,0.559079009914364,"ADORA1",1
"GOBP_PROTEIN_K63_LINKED_DEUBIQUITINATION","GOBP_PROTEIN_K63_LINKED_DEUBIQUITINATION","1/201","34/11404",0.454194058544089,0.636528743890903,0.559079009914364,"SHMT2",1
"GOBP_REGULATION_OF_LYMPHOCYTE_MIGRATION","GOBP_REGULATION_OF_LYMPHOCYTE_MIGRATION","1/201","34/11404",0.454194058544089,0.636528743890903,0.559079009914364,"ADTRP",1
"GOBP_SUPEROXIDE_METABOLIC_PROCESS","GOBP_SUPEROXIDE_METABOLIC_PROCESS","1/201","34/11404",0.454194058544089,0.636528743890903,0.559079009914364,"EDN1",1
"GOBP_TRABECULA_MORPHOGENESIS","GOBP_TRABECULA_MORPHOGENESIS","1/201","34/11404",0.454194058544089,0.636528743890903,0.559079009914364,"FBN2",1
"GOBP_UNSATURATED_FATTY_ACID_BIOSYNTHETIC_PROCESS","GOBP_UNSATURATED_FATTY_ACID_BIOSYNTHETIC_PROCESS","1/201","34/11404",0.454194058544089,0.636528743890903,0.559079009914364,"EDN1",1
"GOBP_REGULATION_OF_VASCULATURE_DEVELOPMENT","GOBP_REGULATION_OF_VASCULATURE_DEVELOPMENT","4/201","196/11404",0.455239819749433,0.636854801568496,0.559365394473292,"ANXA3/FGF1/JUP/TERT",4
"GOBP_POSITIVE_REGULATION_OF_CANONICAL_WNT_SIGNALING_PATHWAY","GOBP_POSITIVE_REGULATION_OF_CANONICAL_WNT_SIGNALING_PATHWAY","2/201","87/11404",0.455522380648778,0.636854801568496,0.559365394473292,"LGR5/JUP",2
"GOBP_RESPONSE_TO_PURINE_CONTAINING_COMPOUND","GOBP_RESPONSE_TO_PURINE_CONTAINING_COMPOUND","2/201","87/11404",0.455522380648778,0.636854801568496,0.559365394473292,"ABCC9/RYR2",2
"GOBP_SPHINGOLIPID_BIOSYNTHETIC_PROCESS","GOBP_SPHINGOLIPID_BIOSYNTHETIC_PROCESS","2/201","87/11404",0.455522380648778,0.636854801568496,0.559365394473292,"ST8SIA2/SPNS2",2
"GOBP_LIPID_OXIDATION","GOBP_LIPID_OXIDATION","2/201","88/11404",0.461404952674058,0.642690509166613,0.56449104144119,"SOX9/ALDH1L2",2
"GOBP_POSITIVE_REGULATION_OF_RESPONSE_TO_EXTERNAL_STIMULUS","GOBP_POSITIVE_REGULATION_OF_RESPONSE_TO_EXTERNAL_STIMULUS","5/201","253/11404",0.46186812905167,0.642690509166613,0.56449104144119,"TRPV4/EDN1/TSLP/AGTR1/NLRP10",5
"GOBP_TRANSMEMBRANE_RECEPTOR_PROTEIN_SERINE_THREONINE_KINASE_SIGNALING_PATHWAY","GOBP_TRANSMEMBRANE_RECEPTOR_PROTEIN_SERINE_THREONINE_KINASE_SIGNALING_PATHWAY","5/201","253/11404",0.46186812905167,0.642690509166613,0.56449104144119,"HSPA1A/CHRDL1/FBN2/LOX/RBPMS2",5
"GOBP_MUSCLE_CELL_PROLIFERATION","GOBP_MUSCLE_CELL_PROLIFERATION","3/201","143/11404",0.463415974593455,0.642690509166613,0.56449104144119,"EDN1/RBPMS2/TERT",3
"GOBP_RESPONSE_TO_TOPOLOGICALLY_INCORRECT_PROTEIN","GOBP_RESPONSE_TO_TOPOLOGICALLY_INCORRECT_PROTEIN","3/201","143/11404",0.463415974593455,0.642690509166613,0.56449104144119,"HSPA1A/HSPA1L/HSPA2",3
"GOBP_BLASTOCYST_FORMATION","GOBP_BLASTOCYST_FORMATION","1/201","35/11404",0.463842870701753,0.642690509166613,0.56449104144119,"HOPX",1
"GOBP_CELL_CELL_RECOGNITION","GOBP_CELL_CELL_RECOGNITION","1/201","35/11404",0.463842870701753,0.642690509166613,0.56449104144119,"HSPA1L",1
"GOBP_CELLULAR_RESPONSE_TO_OSMOTIC_STRESS","GOBP_CELLULAR_RESPONSE_TO_OSMOTIC_STRESS","1/201","35/11404",0.463842870701753,0.642690509166613,0.56449104144119,"TRPV4",1
"GOBP_LACTATION","GOBP_LACTATION","1/201","35/11404",0.463842870701753,0.642690509166613,0.56449104144119,"STAT5A",1
"GOBP_MICROTUBULE_NUCLEATION","GOBP_MICROTUBULE_NUCLEATION","1/201","35/11404",0.463842870701753,0.642690509166613,0.56449104144119,"HSPA1A",1
"GOBP_POSITIVE_REGULATION_OF_PROTEIN_IMPORT","GOBP_POSITIVE_REGULATION_OF_PROTEIN_IMPORT","1/201","35/11404",0.463842870701753,0.642690509166613,0.56449104144119,"JUP",1
"GOBP_REGULATION_OF_BIOLOGICAL_PROCESS_INVOLVED_IN_SYMBIOTIC_INTERACTION","GOBP_REGULATION_OF_BIOLOGICAL_PROCESS_INVOLVED_IN_SYMBIOTIC_INTERACTION","1/201","35/11404",0.463842870701753,0.642690509166613,0.56449104144119,"TRIM22",1
"GOBP_REGULATION_OF_DNA_DAMAGE_RESPONSE_SIGNAL_TRANSDUCTION_BY_P53_CLASS_MEDIATOR","GOBP_REGULATION_OF_DNA_DAMAGE_RESPONSE_SIGNAL_TRANSDUCTION_BY_P53_CLASS_MEDIATOR","1/201","35/11404",0.463842870701753,0.642690509166613,0.56449104144119,"ANKRD1",1
"GOBP_REGULATION_OF_INTRINSIC_APOPTOTIC_SIGNALING_PATHWAY_IN_RESPONSE_TO_DNA_DAMAGE","GOBP_REGULATION_OF_INTRINSIC_APOPTOTIC_SIGNALING_PATHWAY_IN_RESPONSE_TO_DNA_DAMAGE","1/201","35/11404",0.463842870701753,0.642690509166613,0.56449104144119,"BID",1
"GOBP_THYMUS_DEVELOPMENT","GOBP_THYMUS_DEVELOPMENT","1/201","35/11404",0.463842870701753,0.642690509166613,0.56449104144119,"FOXE1",1
"GOBP_ANATOMICAL_STRUCTURE_HOMEOSTASIS","GOBP_ANATOMICAL_STRUCTURE_HOMEOSTASIS","4/201","199/11404",0.466883599739779,0.645105354791527,0.566612060348868,"SOX9/LOX/INAVA/ADORA1",4
"GOBP_HISTONE_DEACETYLATION","GOBP_HISTONE_DEACETYLATION","2/201","89/11404",0.467250502137175,0.645105354791527,0.566612060348868,"JDP2/HOPX",2
"GOBP_NEGATIVE_REGULATION_OF_EPITHELIAL_CELL_PROLIFERATION","GOBP_NEGATIVE_REGULATION_OF_EPITHELIAL_CELL_PROLIFERATION","2/201","89/11404",0.467250502137175,0.645105354791527,0.566612060348868,"SOX9/AR",2
"GOBP_NEGATIVE_REGULATION_OF_INTRINSIC_APOPTOTIC_SIGNALING_PATHWAY","GOBP_NEGATIVE_REGULATION_OF_INTRINSIC_APOPTOTIC_SIGNALING_PATHWAY","2/201","89/11404",0.467250502137175,0.645105354791527,0.566612060348868,"HSPA1A/BID",2
"GOBP_PHOSPHATIDYLINOSITOL_3_KINASE_SIGNALING","GOBP_PHOSPHATIDYLINOSITOL_3_KINASE_SIGNALING","2/201","89/11404",0.467250502137175,0.645105354791527,0.566612060348868,"SOX9/EDN1",2
"GOBP_SUBSTRATE_ADHESION_DEPENDENT_CELL_SPREADING","GOBP_SUBSTRATE_ADHESION_DEPENDENT_CELL_SPREADING","2/201","89/11404",0.467250502137175,0.645105354791527,0.566612060348868,"ST6GAL1/GBP1",2
"GOBP_TRANSPORT_ALONG_MICROTUBULE","GOBP_TRANSPORT_ALONG_MICROTUBULE","3/201","144/11404",0.467977411485193,0.645725508429124,0.567156756696095,"UCHL1/SYBU/APBA1",3
"GOBP_REGULATION_OF_CELL_ACTIVATION","GOBP_REGULATION_OF_CELL_ACTIVATION","7/201","367/11404",0.470340666379068,0.646956801602708,0.568238232081156,"CD274/NLRP3/TSLP/CD33/IL13RA2/GLI2/IL7R",7
"GOBP_BIOLOGICAL_PROCESS_INVOLVED_IN_SYMBIOTIC_INTERACTION","GOBP_BIOLOGICAL_PROCESS_INVOLVED_IN_SYMBIOTIC_INTERACTION","4/201","200/11404",0.470745533464292,0.646956801602708,0.568238232081156,"HSPA1A/TRIM22/AGTR1/NECTIN4",4
"GOBP_REGULATION_OF_T_CELL_ACTIVATION","GOBP_REGULATION_OF_T_CELL_ACTIVATION","4/201","200/11404",0.470745533464292,0.646956801602708,0.568238232081156,"CD274/NLRP3/GLI2/IL7R",4
"GOBP_FATTY_ACID_CATABOLIC_PROCESS","GOBP_FATTY_ACID_CATABOLIC_PROCESS","2/201","90/11404",0.473058502756876,0.646956801602708,0.568238232081156,"ALDH1L2/ADTRP",2
"GOBP_CRANIAL_NERVE_DEVELOPMENT","GOBP_CRANIAL_NERVE_DEVELOPMENT","1/201","36/11404",0.473321943882239,0.646956801602708,0.568238232081156,"ATP8B1",1
"GOBP_ENDODERMAL_CELL_DIFFERENTIATION","GOBP_ENDODERMAL_CELL_DIFFERENTIATION","1/201","36/11404",0.473321943882239,0.646956801602708,0.568238232081156,"COL5A2",1
"GOBP_EXOCRINE_SYSTEM_DEVELOPMENT","GOBP_EXOCRINE_SYSTEM_DEVELOPMENT","1/201","36/11404",0.473321943882239,0.646956801602708,0.568238232081156,"SOX9",1
"GOBP_GLANDULAR_EPITHELIAL_CELL_DIFFERENTIATION","GOBP_GLANDULAR_EPITHELIAL_CELL_DIFFERENTIATION","1/201","36/11404",0.473321943882239,0.646956801602708,0.568238232081156,"FOXA1",1
"GOBP_HETEROTYPIC_CELL_CELL_ADHESION","GOBP_HETEROTYPIC_CELL_CELL_ADHESION","1/201","36/11404",0.473321943882239,0.646956801602708,0.568238232081156,"JUP",1
"GOBP_INTERMEMBRANE_LIPID_TRANSFER","GOBP_INTERMEMBRANE_LIPID_TRANSFER","1/201","36/11404",0.473321943882239,0.646956801602708,0.568238232081156,"PLTP",1
"GOBP_NEGATIVE_REGULATION_OF_REPRODUCTIVE_PROCESS","GOBP_NEGATIVE_REGULATION_OF_REPRODUCTIVE_PROCESS","1/201","36/11404",0.473321943882239,0.646956801602708,0.568238232081156,"RPS6KA2",1
"GOBP_POSITIVE_REGULATION_OF_DNA_REPLICATION","GOBP_POSITIVE_REGULATION_OF_DNA_REPLICATION","1/201","36/11404",0.473321943882239,0.646956801602708,0.568238232081156,"GLI2",1
"GOBP_REACTIVE_OXYGEN_SPECIES_BIOSYNTHETIC_PROCESS","GOBP_REACTIVE_OXYGEN_SPECIES_BIOSYNTHETIC_PROCESS","1/201","36/11404",0.473321943882239,0.646956801602708,0.568238232081156,"INAVA",1
"GOBP_REGULATION_OF_LEUKOCYTE_MEDIATED_CYTOTOXICITY","GOBP_REGULATION_OF_LEUKOCYTE_MEDIATED_CYTOTOXICITY","1/201","36/11404",0.473321943882239,0.646956801602708,0.568238232081156,"IL7R",1
"GOBP_REGULATION_OF_MYELINATION","GOBP_REGULATION_OF_MYELINATION","1/201","36/11404",0.473321943882239,0.646956801602708,0.568238232081156,"PTPRZ1",1
"GOBP_RESPONSE_TO_DSRNA","GOBP_RESPONSE_TO_DSRNA","1/201","36/11404",0.473321943882239,0.646956801602708,0.568238232081156,"KCNJ8",1
"GOBP_ORGANIC_ACID_BIOSYNTHETIC_PROCESS","GOBP_ORGANIC_ACID_BIOSYNTHETIC_PROCESS","4/201","201/11404",0.474597339880938,0.648318927863209,0.569434621416921,"SHMT2/OSBPL6/EDN1/MGLL",4
"GOBP_NEGATIVE_REGULATION_OF_HYDROLASE_ACTIVITY","GOBP_NEGATIVE_REGULATION_OF_HYDROLASE_ACTIVITY","4/201","202/11404",0.478438748371694,0.653182671734696,0.573706568495896,"ANOS1/RGS2/DHCR24/SPINK1",4
"GOBP_INSULIN_RECEPTOR_SIGNALING_PATHWAY","GOBP_INSULIN_RECEPTOR_SIGNALING_PATHWAY","2/201","91/11404",0.478828458067208,0.653331082750152,0.573836921577949,"IGFBP1/IRS4",2
"GOBP_REGULATION_OF_MYELOID_CELL_DIFFERENTIATION","GOBP_REGULATION_OF_MYELOID_CELL_DIFFERENTIATION","3/201","147/11404",0.481557636991879,0.654681814402829,0.575023302746571,"HSPA1A/LOX/KITLG",3
"GOBP_TRANSFORMING_GROWTH_FACTOR_BETA_RECEPTOR_SIGNALING_PATHWAY","GOBP_TRANSFORMING_GROWTH_FACTOR_BETA_RECEPTOR_SIGNALING_PATHWAY","3/201","147/11404",0.481557636991879,0.654681814402829,0.575023302746571,"HSPA1A/FBN2/LOX",3
"GOBP_ANDROGEN_RECEPTOR_SIGNALING_PATHWAY","GOBP_ANDROGEN_RECEPTOR_SIGNALING_PATHWAY","1/201","37/11404",0.482634249413527,0.654681814402829,0.575023302746571,"AR",1
"GOBP_ANTIGEN_PROCESSING_AND_PRESENTATION_OF_EXOGENOUS_ANTIGEN","GOBP_ANTIGEN_PROCESSING_AND_PRESENTATION_OF_EXOGENOUS_ANTIGEN","1/201","37/11404",0.482634249413527,0.654681814402829,0.575023302746571,"CTSS",1
"GOBP_DNA_STRAND_ELONGATION","GOBP_DNA_STRAND_ELONGATION","1/201","37/11404",0.482634249413527,0.654681814402829,0.575023302746571,"TERT",1
"GOBP_ENDOTHELIAL_CELL_APOPTOTIC_PROCESS","GOBP_ENDOTHELIAL_CELL_APOPTOTIC_PROCESS","1/201","37/11404",0.482634249413527,0.654681814402829,0.575023302746571,"TERT",1
"GOBP_PH_REDUCTION","GOBP_PH_REDUCTION","1/201","37/11404",0.482634249413527,0.654681814402829,0.575023302746571,"RAB38",1
"GOBP_REGULATION_OF_HISTONE_DEACETYLATION","GOBP_REGULATION_OF_HISTONE_DEACETYLATION","1/201","37/11404",0.482634249413527,0.654681814402829,0.575023302746571,"JDP2",1
"GOBP_REGULATION_OF_MONOOXYGENASE_ACTIVITY","GOBP_REGULATION_OF_MONOOXYGENASE_ACTIVITY","1/201","37/11404",0.482634249413527,0.654681814402829,0.575023302746571,"TERT",1
"GOBP_RESPONSE_TO_ISCHEMIA","GOBP_RESPONSE_TO_ISCHEMIA","1/201","37/11404",0.482634249413527,0.654681814402829,0.575023302746571,"UCHL1",1
"GOBP_CYTOSKELETON_DEPENDENT_CYTOKINESIS","GOBP_CYTOSKELETON_DEPENDENT_CYTOKINESIS","2/201","92/11404",0.484559900539518,0.656527837269452,0.576644710493599,"TRIM36/MYH10",2
"GOBP_SODIUM_ION_TRANSMEMBRANE_TRANSPORT","GOBP_SODIUM_ION_TRANSMEMBRANE_TRANSPORT","2/201","92/11404",0.484559900539518,0.656527837269452,0.576644710493599,"FGF13/SCN5A",2
"GOBP_MAINTENANCE_OF_LOCATION_IN_CELL","GOBP_MAINTENANCE_OF_LOCATION_IN_CELL","3/201","148/11404",0.486048443990724,0.658161113732344,0.57807925778868,"MCOLN3/JPH2/RYR2",3
"GOBP_HEMATOPOIETIC_PROGENITOR_CELL_DIFFERENTIATION","GOBP_HEMATOPOIETIC_PROGENITOR_CELL_DIFFERENTIATION","2/201","93/11404",0.490252390725881,0.660540030886538,0.580168719827905,"KITLG/PTPRZ1",2
"GOBP_REGULATION_OF_PROTEIN_CONTAINING_COMPLEX_ASSEMBLY","GOBP_REGULATION_OF_PROTEIN_CONTAINING_COMPLEX_ASSEMBLY","6/201","318/11404",0.491299105464626,0.660540030886538,0.580168719827905,"HSPA1A/TRABD2A/SOX9/BID/CYRIA/NAV3",6
"GOBP_CEREBELLAR_CORTEX_DEVELOPMENT","GOBP_CEREBELLAR_CORTEX_DEVELOPMENT","1/201","38/11404",0.491782706866494,0.660540030886538,0.580168719827905,"GLI2",1
"GOBP_CEREBRAL_CORTEX_CELL_MIGRATION","GOBP_CEREBRAL_CORTEX_CELL_MIGRATION","1/201","38/11404",0.491782706866494,0.660540030886538,0.580168719827905,"FGF13",1
"GOBP_ENDOCARDIAL_CUSHION_DEVELOPMENT","GOBP_ENDOCARDIAL_CUSHION_DEVELOPMENT","1/201","38/11404",0.491782706866494,0.660540030886538,0.580168719827905,"SOX9",1
"GOBP_INOSITOL_PHOSPHATE_MEDIATED_SIGNALING","GOBP_INOSITOL_PHOSPHATE_MEDIATED_SIGNALING","1/201","38/11404",0.491782706866494,0.660540030886538,0.580168719827905,"EDN1",1
"GOBP_L_ALPHA_AMINO_ACID_TRANSMEMBRANE_TRANSPORT","GOBP_L_ALPHA_AMINO_ACID_TRANSMEMBRANE_TRANSPORT","1/201","38/11404",0.491782706866494,0.660540030886538,0.580168719827905,"RGS2",1
"GOBP_POSITIVE_REGULATION_OF_G1_S_TRANSITION_OF_MITOTIC_CELL_CYCLE","GOBP_POSITIVE_REGULATION_OF_G1_S_TRANSITION_OF_MITOTIC_CELL_CYCLE","1/201","38/11404",0.491782706866494,0.660540030886538,0.580168719827905,"TERT",1
"GOBP_REGULATION_OF_DENDRITIC_SPINE_MORPHOGENESIS","GOBP_REGULATION_OF_DENDRITIC_SPINE_MORPHOGENESIS","1/201","38/11404",0.491782706866494,0.660540030886538,0.580168719827905,"PPFIA2",1
"GOBP_REGULATION_OF_NEUROTRANSMITTER_RECEPTOR_ACTIVITY","GOBP_REGULATION_OF_NEUROTRANSMITTER_RECEPTOR_ACTIVITY","1/201","38/11404",0.491782706866494,0.660540030886538,0.580168719827905,"DAPK1",1
"GOBP_REGULATION_OF_RELEASE_OF_CYTOCHROME_C_FROM_MITOCHONDRIA","GOBP_REGULATION_OF_RELEASE_OF_CYTOCHROME_C_FROM_MITOCHONDRIA","1/201","38/11404",0.491782706866494,0.660540030886538,0.580168719827905,"BID",1
"GOBP_REGULATION_OF_SYNAPTIC_TRANSMISSION_GLUTAMATERGIC","GOBP_REGULATION_OF_SYNAPTIC_TRANSMISSION_GLUTAMATERGIC","1/201","38/11404",0.491782706866494,0.660540030886538,0.580168719827905,"ADORA1",1
"GOBP_RUFFLE_ASSEMBLY","GOBP_RUFFLE_ASSEMBLY","1/201","38/11404",0.491782706866494,0.660540030886538,0.580168719827905,"COBL",1
"GOBP_WATER_HOMEOSTASIS","GOBP_WATER_HOMEOSTASIS","1/201","38/11404",0.491782706866494,0.660540030886538,0.580168719827905,"TRPV4",1
"GOBP_IMMUNE_RESPONSE_REGULATING_SIGNALING_PATHWAY","GOBP_IMMUNE_RESPONSE_REGULATING_SIGNALING_PATHWAY","5/201","262/11404",0.492454410025769,0.661060336784015,0.58062571742433,"HSPA1A/INAVA/GBP1/CTSS/CD33",5
"GOBP_RESPONSE_TO_CARBOHYDRATE","GOBP_RESPONSE_TO_CARBOHYDRATE","3/201","150/11404",0.494974037266545,0.664059224838267,0.583259715307861,"UCP2/RPS6KA2/EPHA5",3
"GOBP_MITOCHONDRIAL_TRANSMEMBRANE_TRANSPORT","GOBP_MITOCHONDRIAL_TRANSMEMBRANE_TRANSPORT","2/201","94/11404",0.49590551642348,0.66492521665778,0.58402033743796,"UCP2/SLC25A32",2
"GOBP_ASPARTATE_FAMILY_AMINO_ACID_METABOLIC_PROCESS","GOBP_ASPARTATE_FAMILY_AMINO_ACID_METABOLIC_PROCESS","1/201","39/11404",0.500770184951998,0.668595999755325,0.587244477430823,"DDO",1
"GOBP_DEFENSE_RESPONSE_TO_GRAM_POSITIVE_BACTERIUM","GOBP_DEFENSE_RESPONSE_TO_GRAM_POSITIVE_BACTERIUM","1/201","39/11404",0.500770184951998,0.668595999755325,0.587244477430823,"IL7R",1
"GOBP_GLYCEROLIPID_CATABOLIC_PROCESS","GOBP_GLYCEROLIPID_CATABOLIC_PROCESS","1/201","39/11404",0.500770184951998,0.668595999755325,0.587244477430823,"MGLL",1
"GOBP_POSITIVE_REGULATION_OF_EPITHELIAL_CELL_DIFFERENTIATION","GOBP_POSITIVE_REGULATION_OF_EPITHELIAL_CELL_DIFFERENTIATION","1/201","39/11404",0.500770184951998,0.668595999755325,0.587244477430823,"SOX9",1
"GOBP_POSITIVE_REGULATION_OF_NUCLEAR_DIVISION","GOBP_POSITIVE_REGULATION_OF_NUCLEAR_DIVISION","1/201","39/11404",0.500770184951998,0.668595999755325,0.587244477430823,"EDN1",1
"GOBP_PRESYNAPSE_ORGANIZATION","GOBP_PRESYNAPSE_ORGANIZATION","1/201","39/11404",0.500770184951998,0.668595999755325,0.587244477430823,"GPC4",1
"GOBP_REGULATION_OF_TUMOR_NECROSIS_FACTOR_MEDIATED_SIGNALING_PATHWAY","GOBP_REGULATION_OF_TUMOR_NECROSIS_FACTOR_MEDIATED_SIGNALING_PATHWAY","1/201","39/11404",0.500770184951998,0.668595999755325,0.587244477430823,"HSPA1A",1
"GOBP_ALPHA_BETA_T_CELL_ACTIVATION","GOBP_ALPHA_BETA_T_CELL_ACTIVATION","2/201","95/11404",0.501518891859478,0.668595999755325,0.587244477430823,"CD274/NLRP3",2
"GOBP_CARDIAC_VENTRICLE_DEVELOPMENT","GOBP_CARDIAC_VENTRICLE_DEVELOPMENT","2/201","95/11404",0.501518891859478,0.668595999755325,0.587244477430823,"SCN5A/RYR2",2
"GOBP_PROTEIN_TARGETING_TO_MITOCHONDRION","GOBP_PROTEIN_TARGETING_TO_MITOCHONDRION","2/201","95/11404",0.501518891859478,0.668595999755325,0.587244477430823,"BID/HSPA1L",2
"GOBP_ERBB_SIGNALING_PATHWAY","GOBP_ERBB_SIGNALING_PATHWAY","2/201","96/11404",0.507092156895915,0.670905347160673,0.589272834631219,"SOX9/ADORA1",2
"GOBP_NIK_NF_KAPPAB_SIGNALING","GOBP_NIK_NF_KAPPAB_SIGNALING","2/201","96/11404",0.507092156895915,0.670905347160673,0.589272834631219,"EDN1/NLRP3",2
"GOBP_ORGANIC_ACID_TRANSMEMBRANE_TRANSPORT","GOBP_ORGANIC_ACID_TRANSMEMBRANE_TRANSPORT","2/201","96/11404",0.507092156895915,0.670905347160673,0.589272834631219,"RGS2/SLC25A32",2
"GOBP_CELLULAR_RESPONSE_TO_BIOTIC_STIMULUS","GOBP_CELLULAR_RESPONSE_TO_BIOTIC_STIMULUS","3/201","153/11404",0.508217434025503,0.670905347160673,0.589272834631219,"CD274/ANKRD1/NLRP3",3
"GOBP_CHROMOSOME_CONDENSATION","GOBP_CHROMOSOME_CONDENSATION","1/201","40/11404",0.509599502402473,0.670905347160673,0.589272834631219,"TTN",1
"GOBP_IRON_ION_TRANSPORT","GOBP_IRON_ION_TRANSPORT","1/201","40/11404",0.509599502402473,0.670905347160673,0.589272834631219,"FLVCR2",1
"GOBP_MESENCHYME_MORPHOGENESIS","GOBP_MESENCHYME_MORPHOGENESIS","1/201","40/11404",0.509599502402473,0.670905347160673,0.589272834631219,"SOX9",1
"GOBP_NEGATIVE_REGULATION_OF_MITOCHONDRION_ORGANIZATION","GOBP_NEGATIVE_REGULATION_OF_MITOCHONDRION_ORGANIZATION","1/201","40/11404",0.509599502402473,0.670905347160673,0.589272834631219,"HSPA1A",1
"GOBP_NEGATIVE_REGULATION_OF_RESPONSE_TO_ENDOPLASMIC_RETICULUM_STRESS","GOBP_NEGATIVE_REGULATION_OF_RESPONSE_TO_ENDOPLASMIC_RETICULUM_STRESS","1/201","40/11404",0.509599502402473,0.670905347160673,0.589272834631219,"HSPA1A",1
"GOBP_POSITIVE_REGULATION_OF_ALPHA_BETA_T_CELL_ACTIVATION","GOBP_POSITIVE_REGULATION_OF_ALPHA_BETA_T_CELL_ACTIVATION","1/201","40/11404",0.509599502402473,0.670905347160673,0.589272834631219,"NLRP3",1
"GOBP_POSITIVE_REGULATION_OF_TOR_SIGNALING","GOBP_POSITIVE_REGULATION_OF_TOR_SIGNALING","1/201","40/11404",0.509599502402473,0.670905347160673,0.589272834631219,"RRAGD",1
"GOBP_PROTEIN_HOMOTETRAMERIZATION","GOBP_PROTEIN_HOMOTETRAMERIZATION","1/201","40/11404",0.509599502402473,0.670905347160673,0.589272834631219,"SHMT2",1
"GOBP_PURINE_NUCLEOTIDE_CATABOLIC_PROCESS","GOBP_PURINE_NUCLEOTIDE_CATABOLIC_PROCESS","1/201","40/11404",0.509599502402473,0.670905347160673,0.589272834631219,"NUDT10",1
"GOBP_REGULATION_OF_ANTIGEN_RECEPTOR_MEDIATED_SIGNALING_PATHWAY","GOBP_REGULATION_OF_ANTIGEN_RECEPTOR_MEDIATED_SIGNALING_PATHWAY","1/201","40/11404",0.509599502402473,0.670905347160673,0.589272834631219,"GBP1",1
"GOBP_REGULATION_OF_CELL_AGING","GOBP_REGULATION_OF_CELL_AGING","1/201","40/11404",0.509599502402473,0.670905347160673,0.589272834631219,"TERT",1
"GOBP_REGULATION_OF_CHONDROCYTE_DIFFERENTIATION","GOBP_REGULATION_OF_CHONDROCYTE_DIFFERENTIATION","1/201","40/11404",0.509599502402473,0.670905347160673,0.589272834631219,"SOX9",1
"GOBP_REGULATION_OF_GLUCOSE_IMPORT","GOBP_REGULATION_OF_GLUCOSE_IMPORT","1/201","40/11404",0.509599502402473,0.670905347160673,0.589272834631219,"TERT",1
"GOBP_REGULATION_OF_NITRIC_OXIDE_METABOLIC_PROCESS","GOBP_REGULATION_OF_NITRIC_OXIDE_METABOLIC_PROCESS","1/201","40/11404",0.509599502402473,0.670905347160673,0.589272834631219,"EDN1",1
"GOBP_REGULATION_OF_POSTSYNAPTIC_MEMBRANE_NEUROTRANSMITTER_RECEPTOR_LEVELS","GOBP_REGULATION_OF_POSTSYNAPTIC_MEMBRANE_NEUROTRANSMITTER_RECEPTOR_LEVELS","1/201","40/11404",0.509599502402473,0.670905347160673,0.589272834631219,"GPC4",1
"GOBP_RIBONUCLEOTIDE_CATABOLIC_PROCESS","GOBP_RIBONUCLEOTIDE_CATABOLIC_PROCESS","1/201","40/11404",0.509599502402473,0.670905347160673,0.589272834631219,"NUDT10",1
"GOBP_SENSORY_PERCEPTION_OF_CHEMICAL_STIMULUS","GOBP_SENSORY_PERCEPTION_OF_CHEMICAL_STIMULUS","1/201","40/11404",0.509599502402473,0.670905347160673,0.589272834631219,"NCAM2",1
"GOBP_SULFUR_COMPOUND_TRANSPORT","GOBP_SULFUR_COMPOUND_TRANSPORT","1/201","40/11404",0.509599502402473,0.670905347160673,0.589272834631219,"MGST1",1
"GOBP_GLYCEROLIPID_BIOSYNTHETIC_PROCESS","GOBP_GLYCEROLIPID_BIOSYNTHETIC_PROCESS","4/201","211/11404",0.512501438252868,0.673743962572634,0.591766061071153,"PCYT1B/SLC44A5/RAB38/DGKE",4
"GOBP_REGULATION_OF_ACTIN_FILAMENT_ORGANIZATION","GOBP_REGULATION_OF_ACTIN_FILAMENT_ORGANIZATION","4/201","211/11404",0.512501438252868,0.673743962572634,0.591766061071153,"CYRIA/CORO2B/ARHGAP6/CGNL1",4
"GOBP_FATTY_ACID_BIOSYNTHETIC_PROCESS","GOBP_FATTY_ACID_BIOSYNTHETIC_PROCESS","2/201","97/11404",0.512624976254189,0.673743962572634,0.591766061071153,"EDN1/MGLL",2
"GOBP_ACTIN_POLYMERIZATION_OR_DEPOLYMERIZATION","GOBP_ACTIN_POLYMERIZATION_OR_DEPOLYMERIZATION","3/201","155/11404",0.516946098308048,0.67581924960691,0.593588837232555,"CYRIA/ARHGAP6/COBL",3
"GOBP_CELL_CELL_JUNCTION_ASSEMBLY","GOBP_CELL_CELL_JUNCTION_ASSEMBLY","2/201","98/11404",0.51811703875868,0.67581924960691,0.593588837232555,"TRPV4/JUP",2
"GOBP_KIDNEY_EPITHELIUM_DEVELOPMENT","GOBP_KIDNEY_EPITHELIUM_DEVELOPMENT","2/201","98/11404",0.51811703875868,0.67581924960691,0.593588837232555,"SOX9/FGF1",2
"GOBP_MONOCARBOXYLIC_ACID_CATABOLIC_PROCESS","GOBP_MONOCARBOXYLIC_ACID_CATABOLIC_PROCESS","2/201","98/11404",0.51811703875868,0.67581924960691,0.593588837232555,"ALDH1L2/ADTRP",2
"GOBP_POSITIVE_REGULATION_OF_STRESS_ACTIVATED_PROTEIN_KINASE_SIGNALING_CASCADE","GOBP_POSITIVE_REGULATION_OF_STRESS_ACTIVATED_PROTEIN_KINASE_SIGNALING_CASCADE","2/201","98/11404",0.51811703875868,0.67581924960691,0.593588837232555,"TRPV4/INAVA",2
"GOBP_POSITIVE_REGULATION_OF_UBIQUITIN_DEPENDENT_PROTEIN_CATABOLIC_PROCESS","GOBP_POSITIVE_REGULATION_OF_UBIQUITIN_DEPENDENT_PROTEIN_CATABOLIC_PROCESS","2/201","98/11404",0.51811703875868,0.67581924960691,0.593588837232555,"HSPA1A/RNF180",2
"GOBP_EPHRIN_RECEPTOR_SIGNALING_PATHWAY","GOBP_EPHRIN_RECEPTOR_SIGNALING_PATHWAY","1/201","41/11404",0.518273428838332,0.67581924960691,0.593588837232555,"EPHA5",1
"GOBP_EXTRACELLULAR_MATRIX_DISASSEMBLY","GOBP_EXTRACELLULAR_MATRIX_DISASSEMBLY","1/201","41/11404",0.518273428838332,0.67581924960691,0.593588837232555,"CTSS",1
"GOBP_FEEDING_BEHAVIOR","GOBP_FEEDING_BEHAVIOR","1/201","41/11404",0.518273428838332,0.67581924960691,0.593588837232555,"UCHL1",1
"GOBP_MEGAKARYOCYTE_DIFFERENTIATION","GOBP_MEGAKARYOCYTE_DIFFERENTIATION","1/201","41/11404",0.518273428838332,0.67581924960691,0.593588837232555,"LOX",1
"GOBP_POSITIVE_REGULATION_OF_MIRNA_TRANSCRIPTION","GOBP_POSITIVE_REGULATION_OF_MIRNA_TRANSCRIPTION","1/201","41/11404",0.518273428838332,0.67581924960691,0.593588837232555,"TERT",1
"GOBP_REGULATION_OF_ALPHA_BETA_T_CELL_DIFFERENTIATION","GOBP_REGULATION_OF_ALPHA_BETA_T_CELL_DIFFERENTIATION","1/201","41/11404",0.518273428838332,0.67581924960691,0.593588837232555,"NLRP3",1
"GOBP_REGULATION_OF_ERYTHROCYTE_DIFFERENTIATION","GOBP_REGULATION_OF_ERYTHROCYTE_DIFFERENTIATION","1/201","41/11404",0.518273428838332,0.67581924960691,0.593588837232555,"HSPA1A",1
"GOBP_REGULATION_OF_FILOPODIUM_ASSEMBLY","GOBP_REGULATION_OF_FILOPODIUM_ASSEMBLY","1/201","41/11404",0.518273428838332,0.67581924960691,0.593588837232555,"DOCK11",1
"GOBP_DEFENSE_RESPONSE_TO_SYMBIONT","GOBP_DEFENSE_RESPONSE_TO_SYMBIONT","4/201","213/11404",0.5199357736918,0.677606879951478,0.595158957376736,"ABCC9/GBP1/TRIM22/KCNJ8",4
"GOBP_PLASMA_MEMBRANE_ORGANIZATION","GOBP_PLASMA_MEMBRANE_ORGANIZATION","2/201","99/11404",0.523568056599097,0.679310950673959,0.596655685028854,"AR/ATP8B1",2
"GOBP_REGULATION_OF_CELL_CYCLE_G2_M_PHASE_TRANSITION","GOBP_REGULATION_OF_CELL_CYCLE_G2_M_PHASE_TRANSITION","2/201","99/11404",0.523568056599097,0.679310950673959,0.596655685028854,"FHL1/HSPA2",2
"GOBP_POSITIVE_REGULATION_OF_PROTEIN_SERINE_THREONINE_KINASE_ACTIVITY","GOBP_POSITIVE_REGULATION_OF_PROTEIN_SERINE_THREONINE_KINASE_ACTIVITY","3/201","157/11404",0.525591874240372,0.679310950673959,0.596655685028854,"EDN1/FGF1/KITLG",3
"GOBP_REGULATION_OF_PROTEIN_BINDING","GOBP_REGULATION_OF_PROTEIN_BINDING","3/201","157/11404",0.525591874240372,0.679310950673959,0.596655685028854,"LOX/HOPX/TERT",3
"GOBP_INNATE_IMMUNE_RESPONSE","GOBP_INNATE_IMMUNE_RESPONSE","8/201","444/11404",0.525808677659634,0.679310950673959,0.596655685028854,"DAPK1/SHMT2/EDN1/INAVA/NLRP3/GBP1/TRIM22/NLRP10",8
"GOBP_CELLULAR_EXTRAVASATION","GOBP_CELLULAR_EXTRAVASATION","1/201","42/11404",0.526794685619419,0.679310950673959,0.596655685028854,"IL1R1",1
"GOBP_CELLULAR_RESPONSE_TO_CORTICOSTEROID_STIMULUS","GOBP_CELLULAR_RESPONSE_TO_CORTICOSTEROID_STIMULUS","1/201","42/11404",0.526794685619419,0.679310950673959,0.596655685028854,"EDN1",1
"GOBP_EMBRYONIC_PATTERN_SPECIFICATION","GOBP_EMBRYONIC_PATTERN_SPECIFICATION","1/201","42/11404",0.526794685619419,0.679310950673959,0.596655685028854,"COBL",1
"GOBP_ENDODERM_FORMATION","GOBP_ENDODERM_FORMATION","1/201","42/11404",0.526794685619419,0.679310950673959,0.596655685028854,"COL5A2",1
"GOBP_ESTABLISHMENT_OF_PROTEIN_LOCALIZATION_TO_ENDOPLASMIC_RETICULUM","GOBP_ESTABLISHMENT_OF_PROTEIN_LOCALIZATION_TO_ENDOPLASMIC_RETICULUM","1/201","42/11404",0.526794685619419,0.679310950673959,0.596655685028854,"RYR2",1
"GOBP_NEGATIVE_REGULATION_OF_LEUKOCYTE_PROLIFERATION","GOBP_NEGATIVE_REGULATION_OF_LEUKOCYTE_PROLIFERATION","1/201","42/11404",0.526794685619419,0.679310950673959,0.596655685028854,"CD274",1
"GOBP_POSITIVE_REGULATION_OF_CELL_MATRIX_ADHESION","GOBP_POSITIVE_REGULATION_OF_CELL_MATRIX_ADHESION","1/201","42/11404",0.526794685619419,0.679310950673959,0.596655685028854,"JUP",1
"GOBP_POSITIVE_REGULATION_OF_INTERFERON_GAMMA_PRODUCTION","GOBP_POSITIVE_REGULATION_OF_INTERFERON_GAMMA_PRODUCTION","1/201","42/11404",0.526794685619419,0.679310950673959,0.596655685028854,"IL1R1",1
"GOBP_POSITIVE_REGULATION_OF_PHOSPHATIDYLINOSITOL_3_KINASE_SIGNALING","GOBP_POSITIVE_REGULATION_OF_PHOSPHATIDYLINOSITOL_3_KINASE_SIGNALING","1/201","42/11404",0.526794685619419,0.679310950673959,0.596655685028854,"SOX9",1
"GOBP_RECEPTOR_LOCALIZATION_TO_SYNAPSE","GOBP_RECEPTOR_LOCALIZATION_TO_SYNAPSE","1/201","42/11404",0.526794685619419,0.679310950673959,0.596655685028854,"GPC4",1
"GOBP_REGULATION_OF_GENE_SILENCING_BY_RNA","GOBP_REGULATION_OF_GENE_SILENCING_BY_RNA","1/201","42/11404",0.526794685619419,0.679310950673959,0.596655685028854,"TERT",1
"GOBP_REGULATION_OF_SPINDLE_ORGANIZATION","GOBP_REGULATION_OF_SPINDLE_ORGANIZATION","1/201","42/11404",0.526794685619419,0.679310950673959,0.596655685028854,"HSPA1A",1
"GOBP_TYROSINE_PHOSPHORYLATION_OF_STAT_PROTEIN","GOBP_TYROSINE_PHOSPHORYLATION_OF_STAT_PROTEIN","1/201","42/11404",0.526794685619419,0.679310950673959,0.596655685028854,"TSLP",1
"GOBP_ZYMOGEN_ACTIVATION","GOBP_ZYMOGEN_ACTIVATION","1/201","42/11404",0.526794685619419,0.679310950673959,0.596655685028854,"DHCR24",1
"GOBP_MONONUCLEAR_CELL_DIFFERENTIATION","GOBP_MONONUCLEAR_CELL_DIFFERENTIATION","5/201","273/11404",0.528952126291431,0.680992969391381,0.598133043857059,"DOCK11/MT1G/NLRP3/GLI2/IL7R",5
"GOBP_POSITIVE_REGULATION_OF_APOPTOTIC_SIGNALING_PATHWAY","GOBP_POSITIVE_REGULATION_OF_APOPTOTIC_SIGNALING_PATHWAY","2/201","100/11404",0.528977764611111,0.680992969391381,0.598133043857059,"BID/G0S2",2
"GOBP_SPERMATID_DIFFERENTIATION","GOBP_SPERMATID_DIFFERENTIATION","2/201","100/11404",0.528977764611111,0.680992969391381,0.598133043857059,"SPINK1/HSPA2",2
"GOBP_MALE_GAMETE_GENERATION","GOBP_MALE_GAMETE_GENERATION","6/201","332/11404",0.53349633732622,0.684411895508871,0.601135971607113,"PCYT1B/SOX9/AR/RGS2/SPINK1/HSPA2",6
"GOBP_REGULATION_OF_PROTEIN_POLYMERIZATION","GOBP_REGULATION_OF_PROTEIN_POLYMERIZATION","3/201","159/11404",0.534152642876941,0.684411895508871,0.601135971607113,"HSPA1A/CYRIA/NAV3",3
"GOBP_POSITIVE_REGULATION_OF_CELL_CYCLE_PHASE_TRANSITION","GOBP_POSITIVE_REGULATION_OF_CELL_CYCLE_PHASE_TRANSITION","2/201","101/11404",0.534345919574888,0.684411895508871,0.601135971607113,"TERT/HSPA2",2
"GOBP_REGULATION_OF_GENERATION_OF_PRECURSOR_METABOLITES_AND_ENERGY","GOBP_REGULATION_OF_GENERATION_OF_PRECURSOR_METABOLITES_AND_ENERGY","2/201","101/11404",0.534345919574888,0.684411895508871,0.601135971607113,"SHMT2/TRPV4",2
"GOBP_RESPONSE_TO_CORTICOSTEROID","GOBP_RESPONSE_TO_CORTICOSTEROID","2/201","101/11404",0.534345919574888,0.684411895508871,0.601135971607113,"ANXA3/EDN1",2
"GOBP_HEART_VALVE_MORPHOGENESIS","GOBP_HEART_VALVE_MORPHOGENESIS","1/201","43/11404",0.535165946681776,0.684411895508871,0.601135971607113,"SOX9",1
"GOBP_INOSITOL_PHOSPHATE_METABOLIC_PROCESS","GOBP_INOSITOL_PHOSPHATE_METABOLIC_PROCESS","1/201","43/11404",0.535165946681776,0.684411895508871,0.601135971607113,"NUDT10",1
"GOBP_NEURON_PROJECTION_REGENERATION","GOBP_NEURON_PROJECTION_REGENERATION","1/201","43/11404",0.535165946681776,0.684411895508871,0.601135971607113,"RTN4R",1
"GOBP_POSITIVE_REGULATION_OF_FAT_CELL_DIFFERENTIATION","GOBP_POSITIVE_REGULATION_OF_FAT_CELL_DIFFERENTIATION","1/201","43/11404",0.535165946681776,0.684411895508871,0.601135971607113,"FRZB",1
"GOBP_POSITIVE_REGULATION_OF_GLIOGENESIS","GOBP_POSITIVE_REGULATION_OF_GLIOGENESIS","1/201","43/11404",0.535165946681776,0.684411895508871,0.601135971607113,"PTPRZ1",1
"GOBP_PROTEIN_DESTABILIZATION","GOBP_PROTEIN_DESTABILIZATION","1/201","43/11404",0.535165946681776,0.684411895508871,0.601135971607113,"CCDC88C",1
"GOBP_RESPONSE_TO_EPIDERMAL_GROWTH_FACTOR","GOBP_RESPONSE_TO_EPIDERMAL_GROWTH_FACTOR","1/201","43/11404",0.535165946681776,0.684411895508871,0.601135971607113,"SOX9",1
"GOBP_CELLULAR_GLUCOSE_HOMEOSTASIS","GOBP_CELLULAR_GLUCOSE_HOMEOSTASIS","2/201","102/11404",0.53967229953109,0.688659767513603,0.604866983124568,"UCP2/EPHA5",2
"GOBP_NEGATIVE_REGULATION_OF_IMMUNE_RESPONSE","GOBP_NEGATIVE_REGULATION_OF_IMMUNE_RESPONSE","2/201","102/11404",0.53967229953109,0.688659767513603,0.604866983124568,"IL13RA2/IL7R",2
"GOBP_SECONDARY_ALCOHOL_METABOLIC_PROCESS","GOBP_SECONDARY_ALCOHOL_METABOLIC_PROCESS","2/201","102/11404",0.53967229953109,0.688659767513603,0.604866983124568,"FGF1/DHCR24",2
"GOBP_STEROL_METABOLIC_PROCESS","GOBP_STEROL_METABOLIC_PROCESS","2/201","102/11404",0.53967229953109,0.688659767513603,0.604866983124568,"FGF1/DHCR24",2
"GOBP_CELLULAR_LIPID_CATABOLIC_PROCESS","GOBP_CELLULAR_LIPID_CATABOLIC_PROCESS","3/201","161/11404",0.54262643494617,0.690749795796572,0.606702706890934,"ALDH1L2/ADTRP/MGLL",3
"GOBP_NEGATIVE_REGULATION_OF_PEPTIDYL_TYROSINE_PHOSPHORYLATION","GOBP_NEGATIVE_REGULATION_OF_PEPTIDYL_TYROSINE_PHOSPHORYLATION","1/201","44/11404",0.54338983935997,0.690749795796572,0.606702706890934,"SPINK1",1
"GOBP_NEGATIVE_REGULATION_OF_SYNAPTIC_TRANSMISSION","GOBP_NEGATIVE_REGULATION_OF_SYNAPTIC_TRANSMISSION","1/201","44/11404",0.54338983935997,0.690749795796572,0.606702706890934,"ADORA1",1
"GOBP_NEUTROPHIL_CHEMOTAXIS","GOBP_NEUTROPHIL_CHEMOTAXIS","1/201","44/11404",0.54338983935997,0.690749795796572,0.606702706890934,"EDN1",1
"GOBP_POSITIVE_REGULATION_OF_INSULIN_SECRETION","GOBP_POSITIVE_REGULATION_OF_INSULIN_SECRETION","1/201","44/11404",0.54338983935997,0.690749795796572,0.606702706890934,"AACS",1
"GOBP_PURINE_CONTAINING_COMPOUND_CATABOLIC_PROCESS","GOBP_PURINE_CONTAINING_COMPOUND_CATABOLIC_PROCESS","1/201","44/11404",0.54338983935997,0.690749795796572,0.606702706890934,"NUDT10",1
"GOBP_REGULATION_OF_CELL_KILLING","GOBP_REGULATION_OF_CELL_KILLING","1/201","44/11404",0.54338983935997,0.690749795796572,0.606702706890934,"IL7R",1
"GOBP_ACTIVATION_OF_PROTEIN_KINASE_ACTIVITY","GOBP_ACTIVATION_OF_PROTEIN_KINASE_ACTIVITY","2/201","103/11404",0.544956703113982,0.691229860741957,0.607124359859376,"FGF1/FGF13",2
"GOBP_EPITHELIAL_TUBE_FORMATION","GOBP_EPITHELIAL_TUBE_FORMATION","2/201","103/11404",0.544956703113982,0.691229860741957,0.607124359859376,"SOX9/COBL",2
"GOBP_REGULATION_OF_DEPHOSPHORYLATION","GOBP_REGULATION_OF_DEPHOSPHORYLATION","2/201","103/11404",0.544956703113982,0.691229860741957,0.607124359859376,"ADORA1/CD33",2
"GOBP_TUMOR_NECROSIS_FACTOR_SUPERFAMILY_CYTOKINE_PRODUCTION","GOBP_TUMOR_NECROSIS_FACTOR_SUPERFAMILY_CYTOKINE_PRODUCTION","2/201","103/11404",0.544956703113982,0.691229860741957,0.607124359859376,"CD274/CD33",2
"GOBP_ALCOHOL_BIOSYNTHETIC_PROCESS","GOBP_ALCOHOL_BIOSYNTHETIC_PROCESS","2/201","104/11404",0.550198948901235,0.696738865030159,0.611963055193439,"FGF1/DHCR24",2
"GOBP_CARBOHYDRATE_TRANSPORT","GOBP_CARBOHYDRATE_TRANSPORT","2/201","104/11404",0.550198948901235,0.696738865030159,0.611963055193439,"EDN1/TERT",2
"GOBP_MITOCHONDRIAL_MEMBRANE_ORGANIZATION","GOBP_MITOCHONDRIAL_MEMBRANE_ORGANIZATION","2/201","104/11404",0.550198948901235,0.696738865030159,0.611963055193439,"HSPA1A/BID",2
"GOBP_REGULATION_OF_CALCIUM_MEDIATED_SIGNALING","GOBP_REGULATION_OF_CALCIUM_MEDIATED_SIGNALING","1/201","45/11404",0.551468945195238,0.697207883403441,0.612375005683158,"GBP1",1
"GOBP_REGULATION_OF_DENDRITIC_SPINE_DEVELOPMENT","GOBP_REGULATION_OF_DENDRITIC_SPINE_DEVELOPMENT","1/201","45/11404",0.551468945195238,0.697207883403441,0.612375005683158,"PPFIA2",1
"GOBP_REGULATION_OF_ESTABLISHMENT_OF_PROTEIN_LOCALIZATION_TO_MITOCHONDRION","GOBP_REGULATION_OF_ESTABLISHMENT_OF_PROTEIN_LOCALIZATION_TO_MITOCHONDRION","1/201","45/11404",0.551468945195238,0.697207883403441,0.612375005683158,"HSPA1L",1
"GOBP_NEGATIVE_REGULATION_OF_TRANSFERASE_ACTIVITY","GOBP_NEGATIVE_REGULATION_OF_TRANSFERASE_ACTIVITY","4/201","222/11404",0.552712114059739,0.698399818037442,0.613421911485065,"UCHL1/PTPRB/RGS2/SPRY3",4
"GOBP_RHYTHMIC_PROCESS","GOBP_RHYTHMIC_PROCESS","4/201","223/11404",0.556281696525609,0.701898805556671,0.616495159153341,"C3orf70/ADORA1/RORB/ADCY1",4
"GOBP_POSITIVE_REGULATION_OF_KINASE_ACTIVITY","GOBP_POSITIVE_REGULATION_OF_KINASE_ACTIVITY","6/201","340/11404",0.556955699884751,0.701898805556671,0.616495159153341,"EDN1/EPHA5/FGF1/ADORA1/KITLG/FGF13",6
"GOBP_AMYLOID_PRECURSOR_PROTEIN_CATABOLIC_PROCESS","GOBP_AMYLOID_PRECURSOR_PROTEIN_CATABOLIC_PROCESS","1/201","46/11404",0.559405800729682,0.701898805556671,0.616495159153341,"DHCR24",1
"GOBP_CELL_MIGRATION_INVOLVED_IN_SPROUTING_ANGIOGENESIS","GOBP_CELL_MIGRATION_INVOLVED_IN_SPROUTING_ANGIOGENESIS","1/201","46/11404",0.559405800729682,0.701898805556671,0.616495159153341,"ADTRP",1
"GOBP_GLYCOSPHINGOLIPID_METABOLIC_PROCESS","GOBP_GLYCOSPHINGOLIPID_METABOLIC_PROCESS","1/201","46/11404",0.559405800729682,0.701898805556671,0.616495159153341,"ST8SIA2",1
"GOBP_PLATELET_DERIVED_GROWTH_FACTOR_RECEPTOR_SIGNALING_PATHWAY","GOBP_PLATELET_DERIVED_GROWTH_FACTOR_RECEPTOR_SIGNALING_PATHWAY","1/201","46/11404",0.559405800729682,0.701898805556671,0.616495159153341,"LOX",1
"GOBP_POSITIVE_REGULATION_OF_REACTIVE_OXYGEN_SPECIES_METABOLIC_PROCESS","GOBP_POSITIVE_REGULATION_OF_REACTIVE_OXYGEN_SPECIES_METABOLIC_PROCESS","1/201","46/11404",0.559405800729682,0.701898805556671,0.616495159153341,"AGTR1",1
"GOBP_PROTEOGLYCAN_BIOSYNTHETIC_PROCESS","GOBP_PROTEOGLYCAN_BIOSYNTHETIC_PROCESS","1/201","46/11404",0.559405800729682,0.701898805556671,0.616495159153341,"HS3ST3B1",1
"GOBP_REGULATION_OF_JUN_KINASE_ACTIVITY","GOBP_REGULATION_OF_JUN_KINASE_ACTIVITY","1/201","46/11404",0.559405800729682,0.701898805556671,0.616495159153341,"EDN1",1
"GOBP_REGULATION_OF_MULTICELLULAR_ORGANISM_GROWTH","GOBP_REGULATION_OF_MULTICELLULAR_ORGANISM_GROWTH","1/201","46/11404",0.559405800729682,0.701898805556671,0.616495159153341,"STAT5A",1
"GOBP_REGULATION_OF_PHOSPHOPROTEIN_PHOSPHATASE_ACTIVITY","GOBP_REGULATION_OF_PHOSPHOPROTEIN_PHOSPHATASE_ACTIVITY","1/201","46/11404",0.559405800729682,0.701898805556671,0.616495159153341,"CD33",1
"GOBP_RUFFLE_ORGANIZATION","GOBP_RUFFLE_ORGANIZATION","1/201","46/11404",0.559405800729682,0.701898805556671,0.616495159153341,"COBL",1
"GOBP_SPINDLE_LOCALIZATION","GOBP_SPINDLE_LOCALIZATION","1/201","46/11404",0.559405800729682,0.701898805556671,0.616495159153341,"ANKFN1",1
"GOBP_STEROID_HORMONE_MEDIATED_SIGNALING_PATHWAY","GOBP_STEROID_HORMONE_MEDIATED_SIGNALING_PATHWAY","2/201","106/11404",0.560556337329313,0.702898049843009,0.617372820235625,"AR/FOXA1",2
"GOBP_POSITIVE_REGULATION_OF_PROTEIN_KINASE_ACTIVITY","GOBP_POSITIVE_REGULATION_OF_PROTEIN_KINASE_ACTIVITY","5/201","283/11404",0.561109152906935,0.702898049843009,0.617372820235625,"EDN1/FGF1/ADORA1/KITLG/FGF13",5
"GOBP_RESPONSE_TO_VIRUS","GOBP_RESPONSE_TO_VIRUS","5/201","283/11404",0.561109152906935,0.702898049843009,0.617372820235625,"ABCC9/NLRP3/GBP1/TRIM22/KCNJ8",5
"GOBP_REGULATION_OF_MITOTIC_CELL_CYCLE","GOBP_REGULATION_OF_MITOTIC_CELL_CYCLE","7/201","400/11404",0.561875550253448,0.703479081496643,0.617883154772377,"BID/EDN1/FOXA1/TTC28/FHL1/TERT/HSPA2",7
"GOBP_MAINTENANCE_OF_LOCATION","GOBP_MAINTENANCE_OF_LOCATION","4/201","225/11404",0.56337548015674,0.704458727840132,0.618743602494559,"FBN2/MCOLN3/JPH2/RYR2",4
"GOBP_PHOSPHOLIPID_BIOSYNTHETIC_PROCESS","GOBP_PHOSPHOLIPID_BIOSYNTHETIC_PROCESS","4/201","225/11404",0.56337548015674,0.704458727840132,0.618743602494559,"PCYT1B/SLC44A5/RAB38/DGKE",4
"GOBP_WOUND_HEALING","GOBP_WOUND_HEALING","5/201","284/11404",0.564265370222266,0.704458727840132,0.618743602494559,"EDN1/LOX/FGF1/DGKE/ADTRP",5
"GOBP_ENDOTHELIAL_CELL_PROLIFERATION","GOBP_ENDOTHELIAL_CELL_PROLIFERATION","2/201","107/11404",0.565671211217162,0.704458727840132,0.618743602494559,"STAT5A/AGTR1",2
"GOBP_CAMERA_TYPE_EYE_DEVELOPMENT","GOBP_CAMERA_TYPE_EYE_DEVELOPMENT","4/201","226/11404",0.566899370862506,0.704458727840132,0.618743602494559,"SOX9/FBN2/IGFN1/RORB",4
"GOBP_DSRNA_PROCESSING","GOBP_DSRNA_PROCESSING","1/201","47/11404",0.567202898286764,0.704458727840132,0.618743602494559,"TERT",1
"GOBP_NEGATIVE_REGULATION_OF_NEURON_DIFFERENTIATION","GOBP_NEGATIVE_REGULATION_OF_NEURON_DIFFERENTIATION","1/201","47/11404",0.567202898286764,0.704458727840132,0.618743602494559,"SOX9",1
"GOBP_POSITIVE_REGULATION_OF_INTRINSIC_APOPTOTIC_SIGNALING_PATHWAY","GOBP_POSITIVE_REGULATION_OF_INTRINSIC_APOPTOTIC_SIGNALING_PATHWAY","1/201","47/11404",0.567202898286764,0.704458727840132,0.618743602494559,"BID",1
"GOBP_POSITIVE_REGULATION_OF_NIK_NF_KAPPAB_SIGNALING","GOBP_POSITIVE_REGULATION_OF_NIK_NF_KAPPAB_SIGNALING","1/201","47/11404",0.567202898286764,0.704458727840132,0.618743602494559,"EDN1",1
"GOBP_REGULATION_OF_ESTABLISHMENT_OF_PLANAR_POLARITY","GOBP_REGULATION_OF_ESTABLISHMENT_OF_PLANAR_POLARITY","1/201","47/11404",0.567202898286764,0.704458727840132,0.618743602494559,"GPC4",1
"GOBP_REGULATION_OF_PROTEIN_MATURATION","GOBP_REGULATION_OF_PROTEIN_MATURATION","1/201","47/11404",0.567202898286764,0.704458727840132,0.618743602494559,"RPS6KA2",1
"GOBP_RELEASE_OF_CYTOCHROME_C_FROM_MITOCHONDRIA","GOBP_RELEASE_OF_CYTOCHROME_C_FROM_MITOCHONDRIA","1/201","47/11404",0.567202898286764,0.704458727840132,0.618743602494559,"BID",1
"GOBP_RNA_POLYADENYLATION","GOBP_RNA_POLYADENYLATION","1/201","47/11404",0.567202898286764,0.704458727840132,0.618743602494559,"CPEB1",1
"GOBP_T_CELL_DIFFERENTIATION_INVOLVED_IN_IMMUNE_RESPONSE","GOBP_T_CELL_DIFFERENTIATION_INVOLVED_IN_IMMUNE_RESPONSE","1/201","47/11404",0.567202898286764,0.704458727840132,0.618743602494559,"NLRP3",1
"GOBP_TORC1_SIGNALING","GOBP_TORC1_SIGNALING","1/201","47/11404",0.567202898286764,0.704458727840132,0.618743602494559,"RRAGD",1
"GOBP_PROTEIN_PROCESSING","GOBP_PROTEIN_PROCESSING","3/201","167/11404",0.567508412514051,0.704461857498756,0.618746351351482,"RPS6KA2/DHCR24/CTSS",3
"GOBP_MULTICELLULAR_ORGANISMAL_HOMEOSTASIS","GOBP_MULTICELLULAR_ORGANISMAL_HOMEOSTASIS","6/201","344/11404",0.56848253147681,0.705294496095829,0.619477678517672,"UCP2/SOX9/TRPV4/INAVA/G0S2/ADORA1",6
"GOBP_REGULATION_OF_APOPTOTIC_SIGNALING_PATHWAY","GOBP_REGULATION_OF_APOPTOTIC_SIGNALING_PATHWAY","5/201","286/11404",0.570543672213201,0.707344551453987,0.621278293071074,"HSPA1A/BID/AR/G0S2/TERT",5
"GOBP_POSITIVE_REGULATION_OF_RESPONSE_TO_BIOTIC_STIMULUS","GOBP_POSITIVE_REGULATION_OF_RESPONSE_TO_BIOTIC_STIMULUS","2/201","108/11404",0.570743388614056,0.707344551453987,0.621278293071074,"CD274/NLRP10",2
"GOBP_T_CELL_DIFFERENTIATION","GOBP_T_CELL_DIFFERENTIATION","3/201","168/11404",0.571574693322835,0.707997422469681,0.621851725904326,"NLRP3/GLI2/IL7R",3
"GOBP_AORTA_DEVELOPMENT","GOBP_AORTA_DEVELOPMENT","1/201","48/11404",0.574862686738324,0.709424493984396,0.623105158270392,"LOX",1
"GOBP_CELLULAR_PIGMENTATION","GOBP_CELLULAR_PIGMENTATION","1/201","48/11404",0.574862686738324,0.709424493984396,0.623105158270392,"RAB38",1
"GOBP_CELLULAR_RESPONSE_TO_VASCULAR_ENDOTHELIAL_GROWTH_FACTOR_STIMULUS","GOBP_CELLULAR_RESPONSE_TO_VASCULAR_ENDOTHELIAL_GROWTH_FACTOR_STIMULUS","1/201","48/11404",0.574862686738324,0.709424493984396,0.623105158270392,"MT1G",1
"GOBP_NEGATIVE_REGULATION_OF_NUCLEAR_DIVISION","GOBP_NEGATIVE_REGULATION_OF_NUCLEAR_DIVISION","1/201","48/11404",0.574862686738324,0.709424493984396,0.623105158270392,"RPS6KA2",1
"GOBP_POSITIVE_REGULATION_OF_BLOOD_VESSEL_ENDOTHELIAL_CELL_MIGRATION","GOBP_POSITIVE_REGULATION_OF_BLOOD_VESSEL_ENDOTHELIAL_CELL_MIGRATION","1/201","48/11404",0.574862686738324,0.709424493984396,0.623105158270392,"STAT5A",1
"GOBP_REGULATION_OF_STEROID_BIOSYNTHETIC_PROCESS","GOBP_REGULATION_OF_STEROID_BIOSYNTHETIC_PROCESS","1/201","48/11404",0.574862686738324,0.709424493984396,0.623105158270392,"FGF1",1
"GOBP_VESICLE_DOCKING","GOBP_VESICLE_DOCKING","1/201","48/11404",0.574862686738324,0.709424493984396,0.623105158270392,"RAB15",1
"GOBP_AEROBIC_RESPIRATION","GOBP_AEROBIC_RESPIRATION","3/201","169/11404",0.575617446431021,0.70997907848919,0.623592263619255,"SHMT2/BID/TRPV4",3
"GOBP_REGULATION_OF_NUCLEAR_DIVISION","GOBP_REGULATION_OF_NUCLEAR_DIVISION","2/201","110/11404",0.580759306709671,0.714538841952876,0.627597217153856,"RPS6KA2/EDN1",2
"GOBP_ADULT_LOCOMOTORY_BEHAVIOR","GOBP_ADULT_LOCOMOTORY_BEHAVIOR","1/201","49/11404",0.582387572258366,0.714538841952876,0.627597217153856,"UCHL1",1
"GOBP_B_CELL_PROLIFERATION","GOBP_B_CELL_PROLIFERATION","1/201","49/11404",0.582387572258366,0.714538841952876,0.627597217153856,"IL7R",1
"GOBP_CARDIAC_VENTRICLE_MORPHOGENESIS","GOBP_CARDIAC_VENTRICLE_MORPHOGENESIS","1/201","49/11404",0.582387572258366,0.714538841952876,0.627597217153856,"RYR2",1
"GOBP_FOREBRAIN_CELL_MIGRATION","GOBP_FOREBRAIN_CELL_MIGRATION","1/201","49/11404",0.582387572258366,0.714538841952876,0.627597217153856,"FGF13",1
"GOBP_GLUCOSE_IMPORT","GOBP_GLUCOSE_IMPORT","1/201","49/11404",0.582387572258366,0.714538841952876,0.627597217153856,"TERT",1
"GOBP_POSITIVE_REGULATION_OF_CELL_CYCLE_G1_S_PHASE_TRANSITION","GOBP_POSITIVE_REGULATION_OF_CELL_CYCLE_G1_S_PHASE_TRANSITION","1/201","49/11404",0.582387572258366,0.714538841952876,0.627597217153856,"TERT",1
"GOBP_REGULATION_OF_DNA_TEMPLATED_TRANSCRIPTION_IN_RESPONSE_TO_STRESS","GOBP_REGULATION_OF_DNA_TEMPLATED_TRANSCRIPTION_IN_RESPONSE_TO_STRESS","1/201","49/11404",0.582387572258366,0.714538841952876,0.627597217153856,"HSPA1A",1
"GOBP_REGULATION_OF_GLIAL_CELL_DIFFERENTIATION","GOBP_REGULATION_OF_GLIAL_CELL_DIFFERENTIATION","1/201","49/11404",0.582387572258366,0.714538841952876,0.627597217153856,"PTPRZ1",1
"GOBP_SYNAPTIC_TRANSMISSION_GLUTAMATERGIC","GOBP_SYNAPTIC_TRANSMISSION_GLUTAMATERGIC","1/201","49/11404",0.582387572258366,0.714538841952876,0.627597217153856,"ADORA1",1
"GOBP_MICROTUBULE_BASED_TRANSPORT","GOBP_MICROTUBULE_BASED_TRANSPORT","3/201","172/11404",0.587603009984807,0.72055748850985,0.632883543954322,"UCHL1/SYBU/APBA1",3
"GOBP_ANTIGEN_PROCESSING_AND_PRESENTATION_OF_PEPTIDE_ANTIGEN","GOBP_ANTIGEN_PROCESSING_AND_PRESENTATION_OF_PEPTIDE_ANTIGEN","1/201","50/11404",0.589779919063832,0.720566637847298,0.632891580044712,"CTSS",1
"GOBP_ASTROCYTE_DIFFERENTIATION","GOBP_ASTROCYTE_DIFFERENTIATION","1/201","50/11404",0.589779919063832,0.720566637847298,0.632891580044712,"SOX9",1
"GOBP_DENDRITIC_SPINE_MORPHOGENESIS","GOBP_DENDRITIC_SPINE_MORPHOGENESIS","1/201","50/11404",0.589779919063832,0.720566637847298,0.632891580044712,"PPFIA2",1
"GOBP_POSITIVE_REGULATION_OF_OSTEOBLAST_DIFFERENTIATION","GOBP_POSITIVE_REGULATION_OF_OSTEOBLAST_DIFFERENTIATION","1/201","50/11404",0.589779919063832,0.720566637847298,0.632891580044712,"FBN2",1
"GOBP_POSITIVE_REGULATION_OF_T_CELL_PROLIFERATION","GOBP_POSITIVE_REGULATION_OF_T_CELL_PROLIFERATION","1/201","50/11404",0.589779919063832,0.720566637847298,0.632891580044712,"CD274",1
"GOBP_REGULATION_OF_IMMUNOGLOBULIN_PRODUCTION","GOBP_REGULATION_OF_IMMUNOGLOBULIN_PRODUCTION","1/201","50/11404",0.589779919063832,0.720566637847298,0.632891580044712,"IL13RA2",1
"GOBP_XENOBIOTIC_METABOLIC_PROCESS","GOBP_XENOBIOTIC_METABOLIC_PROCESS","1/201","50/11404",0.589779919063832,0.720566637847298,0.632891580044712,"AOX1",1
"GOBP_LEUKOCYTE_CHEMOTAXIS","GOBP_LEUKOCYTE_CHEMOTAXIS","2/201","112/11404",0.590603557644235,0.721193945127545,0.633442559614007,"TRPV4/EDN1",2
"GOBP_EPIDERMAL_CELL_DIFFERENTIATION","GOBP_EPIDERMAL_CELL_DIFFERENTIATION","2/201","113/11404",0.59546120847713,0.726005631057276,0.63766878290939,"MCOLN3/TCHH",2
"GOBP_TOR_SIGNALING","GOBP_TOR_SIGNALING","2/201","113/11404",0.59546120847713,0.726005631057276,0.63766878290939,"RRAGD/RHEBL1",2
"GOBP_CRANIAL_SKELETAL_SYSTEM_DEVELOPMENT","GOBP_CRANIAL_SKELETAL_SYSTEM_DEVELOPMENT","1/201","51/11404",0.597042050142585,0.726005631057276,0.63766878290939,"FOXE1",1
"GOBP_FILOPODIUM_ASSEMBLY","GOBP_FILOPODIUM_ASSEMBLY","1/201","51/11404",0.597042050142585,0.726005631057276,0.63766878290939,"DOCK11",1
"GOBP_HEART_VALVE_DEVELOPMENT","GOBP_HEART_VALVE_DEVELOPMENT","1/201","51/11404",0.597042050142585,0.726005631057276,0.63766878290939,"SOX9",1
"GOBP_REGULATION_OF_PROTEIN_DEACETYLATION","GOBP_REGULATION_OF_PROTEIN_DEACETYLATION","1/201","51/11404",0.597042050142585,0.726005631057276,0.63766878290939,"JDP2",1
"GOBP_REGULATION_OF_PROTEIN_IMPORT","GOBP_REGULATION_OF_PROTEIN_IMPORT","1/201","51/11404",0.597042050142585,0.726005631057276,0.63766878290939,"JUP",1
"GOBP_REGULATION_OF_STEM_CELL_DIFFERENTIATION","GOBP_REGULATION_OF_STEM_CELL_DIFFERENTIATION","1/201","51/11404",0.597042050142585,0.726005631057276,0.63766878290939,"SOX9",1
"GOBP_GLYCEROLIPID_METABOLIC_PROCESS","GOBP_GLYCEROLIPID_METABOLIC_PROCESS","5/201","295/11404",0.598210143084387,0.727045782891375,0.638582374107195,"PCYT1B/SLC44A5/RAB38/DGKE/MGLL",5
"GOBP_DNA_BIOSYNTHETIC_PROCESS","GOBP_DNA_BIOSYNTHETIC_PROCESS","3/201","175/11404",0.599371635813112,0.728076830337245,0.639487968694626,"LOX/ANKRD1/TERT",3
"GOBP_POSITIVE_REGULATION_OF_NEURON_PROJECTION_DEVELOPMENT","GOBP_POSITIVE_REGULATION_OF_NEURON_PROJECTION_DEVELOPMENT","2/201","114/11404",0.600275852349104,0.728794442147085,0.640118264975821,"RGS2/COBL",2
"GOBP_ASSOCIATIVE_LEARNING","GOBP_ASSOCIATIVE_LEARNING","1/201","52/11404",0.604176247968829,0.732000925756919,0.6429345991934,"TAFA2",1
"GOBP_CELLULAR_GLUCAN_METABOLIC_PROCESS","GOBP_CELLULAR_GLUCAN_METABOLIC_PROCESS","1/201","52/11404",0.604176247968829,0.732000925756919,0.6429345991934,"MGAM",1
"GOBP_DNA_METHYLATION","GOBP_DNA_METHYLATION","1/201","52/11404",0.604176247968829,0.732000925756919,0.6429345991934,"MGMT",1
"GOBP_TRANSCRIPTION_BY_RNA_POLYMERASE_III","GOBP_TRANSCRIPTION_BY_RNA_POLYMERASE_III","1/201","52/11404",0.604176247968829,0.732000925756919,0.6429345991934,"AR",1
"GOBP_REGULATION_OF_PROTEIN_LOCALIZATION_TO_NUCLEUS","GOBP_REGULATION_OF_PROTEIN_LOCALIZATION_TO_NUCLEUS","2/201","115/11404",0.605047488718499,0.732674693370058,0.643526386027351,"JUP/TERT",2
"GOBP_LEUKOCYTE_DIFFERENTIATION","GOBP_LEUKOCYTE_DIFFERENTIATION","6/201","358/11404",0.607652230051814,0.73544582762648,0.645960342091848,"DOCK11/MT1G/NLRP3/KITLG/GLI2/IL7R",6
"GOBP_SKELETAL_MUSCLE_ORGAN_DEVELOPMENT","GOBP_SKELETAL_MUSCLE_ORGAN_DEVELOPMENT","2/201","116/11404",0.609776130358248,0.737248831556384,0.647543965237979,"ANKRD1/DMRTA2",2
"GOBP_TUBE_FORMATION","GOBP_TUBE_FORMATION","2/201","116/11404",0.609776130358248,0.737248831556384,0.647543965237979,"SOX9/COBL",2
"GOBP_CD4_POSITIVE_ALPHA_BETA_T_CELL_DIFFERENTIATION","GOBP_CD4_POSITIVE_ALPHA_BETA_T_CELL_DIFFERENTIATION","1/201","53/11404",0.611184755206167,0.73749460372896,0.647759833043207,"NLRP3",1
"GOBP_CERAMIDE_BIOSYNTHETIC_PROCESS","GOBP_CERAMIDE_BIOSYNTHETIC_PROCESS","1/201","53/11404",0.611184755206167,0.73749460372896,0.647759833043207,"ST8SIA2",1
"GOBP_PROTEIN_LOCALIZATION_TO_SYNAPSE","GOBP_PROTEIN_LOCALIZATION_TO_SYNAPSE","1/201","53/11404",0.611184755206167,0.73749460372896,0.647759833043207,"GPC4",1
"GOBP_PROTEIN_DEPHOSPHORYLATION","GOBP_PROTEIN_DEPHOSPHORYLATION","4/201","239/11404",0.611248215649766,0.73749460372896,0.647759833043207,"PTPRB/ADORA1/CD33/PTPRZ1",4
"GOBP_PROTEIN_LOCALIZATION_TO_MITOCHONDRION","GOBP_PROTEIN_LOCALIZATION_TO_MITOCHONDRION","2/201","117/11404",0.614461802891303,0.74091467845053,0.650763769640759,"BID/HSPA1L",2
"GOBP_MEIOTIC_CELL_CYCLE","GOBP_MEIOTIC_CELL_CYCLE","3/201","179/11404",0.614720178378956,0.74091467845053,0.650763769640759,"RPS6KA2/EDN1/HSPA2",3
"GOBP_CORTICAL_CYTOSKELETON_ORGANIZATION","GOBP_CORTICAL_CYTOSKELETON_ORGANIZATION","1/201","54/11404",0.618069775398535,0.742733779972253,0.652361531701718,"TRPV4",1
"GOBP_POSITIVE_REGULATION_OF_NUCLEOCYTOPLASMIC_TRANSPORT","GOBP_POSITIVE_REGULATION_OF_NUCLEOCYTOPLASMIC_TRANSPORT","1/201","54/11404",0.618069775398535,0.742733779972253,0.652361531701718,"JUP",1
"GOBP_RESPONSE_TO_TYPE_I_INTERFERON","GOBP_RESPONSE_TO_TYPE_I_INTERFERON","1/201","54/11404",0.618069775398535,0.742733779972253,0.652361531701718,"SHMT2",1
"GOBP_SPERM_MOTILITY","GOBP_SPERM_MOTILITY","1/201","54/11404",0.618069775398535,0.742733779972253,0.652361531701718,"PLTP",1
"GOBP_NEGATIVE_REGULATION_OF_PHOSPHORYLATION","GOBP_NEGATIVE_REGULATION_OF_PHOSPHORYLATION","5/201","302/11404",0.619031385964211,0.742733779972253,0.652361531701718,"UCHL1/PTPRB/RGS2/SPRY3/SPINK1",5
"GOBP_MACROMOLECULE_DEACYLATION","GOBP_MACROMOLECULE_DEACYLATION","2/201","118/11404",0.619104544338162,0.742733779972253,0.652361531701718,"JDP2/HOPX",2
"GOBP_NEGATIVE_REGULATION_OF_CELL_ACTIVATION","GOBP_NEGATIVE_REGULATION_OF_CELL_ACTIVATION","2/201","118/11404",0.619104544338162,0.742733779972253,0.652361531701718,"CD274/IL13RA2",2
"GOBP_POSITIVE_REGULATION_OF_PROTEOLYSIS_INVOLVED_IN_CELLULAR_PROTEIN_CATABOLIC_PROCESS","GOBP_POSITIVE_REGULATION_OF_PROTEOLYSIS_INVOLVED_IN_CELLULAR_PROTEIN_CATABOLIC_PROCESS","2/201","118/11404",0.619104544338162,0.742733779972253,0.652361531701718,"HSPA1A/RNF180",2
"GOBP_REGULATION_OF_LIPID_BIOSYNTHETIC_PROCESS","GOBP_REGULATION_OF_LIPID_BIOSYNTHETIC_PROCESS","2/201","118/11404",0.619104544338162,0.742733779972253,0.652361531701718,"RAB38/FGF1",2
"GOBP_MITOCHONDRIAL_TRANSPORT","GOBP_MITOCHONDRIAL_TRANSPORT","3/201","181/11404",0.622245719860314,0.746117224690681,0.655333295257463,"HSPA1A/BID/HSPA1L",3
"GOBP_ARTERY_MORPHOGENESIS","GOBP_ARTERY_MORPHOGENESIS","1/201","55/11404",0.624833473649186,0.747713605109658,0.656735435840514,"EDN1",1
"GOBP_PIGMENT_BIOSYNTHETIC_PROCESS","GOBP_PIGMENT_BIOSYNTHETIC_PROCESS","1/201","55/11404",0.624833473649186,0.747713605109658,0.656735435840514,"SHMT2",1
"GOBP_RESPONSE_TO_CATECHOLAMINE","GOBP_RESPONSE_TO_CATECHOLAMINE","1/201","55/11404",0.624833473649186,0.747713605109658,0.656735435840514,"RYR2",1
"GOBP_POSITIVE_REGULATION_OF_IMMUNE_RESPONSE","GOBP_POSITIVE_REGULATION_OF_IMMUNE_RESPONSE","5/201","304/11404",0.624863455797017,0.747713605109658,0.656735435840514,"CD274/NLRP3/GBP1/IL1R1/NLRP10",5
"GOBP_ESTABLISHMENT_OR_MAINTENANCE_OF_CELL_POLARITY","GOBP_ESTABLISHMENT_OR_MAINTENANCE_OF_CELL_POLARITY","3/201","182/11404",0.62597102602628,0.748653619090073,0.657561073473567,"ALPK2/FGF13/ANKFN1",3
"GOBP_LYMPHOCYTE_ACTIVATION_INVOLVED_IN_IMMUNE_RESPONSE","GOBP_LYMPHOCYTE_ACTIVATION_INVOLVED_IN_IMMUNE_RESPONSE","2/201","120/11404",0.628261445410677,0.750620688889941,0.659288799749399,"DOCK11/NLRP3",2
"GOBP_MEMBRANE_LIPID_BIOSYNTHETIC_PROCESS","GOBP_MEMBRANE_LIPID_BIOSYNTHETIC_PROCESS","2/201","120/11404",0.628261445410677,0.750620688889941,0.659288799749399,"ST8SIA2/SPNS2",2
"GOBP_REGULATION_OF_CELL_PROJECTION_ASSEMBLY","GOBP_REGULATION_OF_CELL_PROJECTION_ASSEMBLY","3/201","183/11404",0.629671265180321,0.7519186910859,0.660428867326155,"DOCK11/ATP8B1/COBL",3
"GOBP_POSITIVE_REGULATION_OF_EXOCYTOSIS","GOBP_POSITIVE_REGULATION_OF_EXOCYTOSIS","1/201","56/11404",0.631477977287966,0.752530136952599,0.660965915421864,"RAB15",1
"GOBP_PROTEIN_LOCALIZATION_TO_CELL_SURFACE","GOBP_PROTEIN_LOCALIZATION_TO_CELL_SURFACE","1/201","56/11404",0.631477977287966,0.752530136952599,0.660965915421864,"GPM6B",1
"GOBP_SMOOTH_MUSCLE_CELL_MIGRATION","GOBP_SMOOTH_MUSCLE_CELL_MIGRATION","1/201","56/11404",0.631477977287966,0.752530136952599,0.660965915421864,"TERT",1
"GOBP_TRIGLYCERIDE_METABOLIC_PROCESS","GOBP_TRIGLYCERIDE_METABOLIC_PROCESS","1/201","56/11404",0.631477977287966,0.752530136952599,0.660965915421864,"MGLL",1
"GOBP_AMINO_ACID_TRANSMEMBRANE_TRANSPORT","GOBP_AMINO_ACID_TRANSMEMBRANE_TRANSPORT","1/201","57/11404",0.638005376527049,0.757203930793971,0.6650710246702,"RGS2",1
"GOBP_GLYCOLIPID_BIOSYNTHETIC_PROCESS","GOBP_GLYCOLIPID_BIOSYNTHETIC_PROCESS","1/201","57/11404",0.638005376527049,0.757203930793971,0.6650710246702,"ST8SIA2",1
"GOBP_INTRINSIC_APOPTOTIC_SIGNALING_PATHWAY_IN_RESPONSE_TO_ENDOPLASMIC_RETICULUM_STRESS","GOBP_INTRINSIC_APOPTOTIC_SIGNALING_PATHWAY_IN_RESPONSE_TO_ENDOPLASMIC_RETICULUM_STRESS","1/201","57/11404",0.638005376527049,0.757203930793971,0.6650710246702,"HSPA1A",1
"GOBP_NEGATIVE_REGULATION_OF_CELL_CYCLE_G2_M_PHASE_TRANSITION","GOBP_NEGATIVE_REGULATION_OF_CELL_CYCLE_G2_M_PHASE_TRANSITION","1/201","57/11404",0.638005376527049,0.757203930793971,0.6650710246702,"FHL1",1
"GOBP_NEGATIVE_REGULATION_OF_ION_TRANSMEMBRANE_TRANSPORT","GOBP_NEGATIVE_REGULATION_OF_ION_TRANSMEMBRANE_TRANSPORT","1/201","57/11404",0.638005376527049,0.757203930793971,0.6650710246702,"RGS2",1
"GOBP_PANCREAS_DEVELOPMENT","GOBP_PANCREAS_DEVELOPMENT","1/201","57/11404",0.638005376527049,0.757203930793971,0.6650710246702,"SOX9",1
"GOBP_POSITIVE_REGULATION_OF_CELL_DIVISION","GOBP_POSITIVE_REGULATION_OF_CELL_DIVISION","1/201","57/11404",0.638005376527049,0.757203930793971,0.6650710246702,"FGF1",1
"GOBP_RESPONSE_TO_VITAMIN","GOBP_RESPONSE_TO_VITAMIN","1/201","57/11404",0.638005376527049,0.757203930793971,0.6650710246702,"MGMT",1
"GOBP_POSITIVE_REGULATION_OF_RESPONSE_TO_DNA_DAMAGE_STIMULUS","GOBP_POSITIVE_REGULATION_OF_RESPONSE_TO_DNA_DAMAGE_STIMULUS","2/201","123/11404",0.641676429263877,0.76117229491761,0.668556537471494,"ANKRD1/MGMT",2
"GOBP_GLYCEROPHOSPHOLIPID_METABOLIC_PROCESS","GOBP_GLYCEROPHOSPHOLIPID_METABOLIC_PROCESS","4/201","249/11404",0.643414407348013,0.762091155071188,0.669363595172883,"PCYT1B/SLC44A5/RAB38/DGKE",4
"GOBP_VIRAL_LIFE_CYCLE","GOBP_VIRAL_LIFE_CYCLE","4/201","249/11404",0.643414407348013,0.762091155071188,0.669363595172883,"HSPA1A/TRIM22/AGTR1/NECTIN4",4
"GOBP_AXIS_SPECIFICATION","GOBP_AXIS_SPECIFICATION","1/201","58/11404",0.644417725105358,0.762091155071188,0.669363595172883,"COBL",1
"GOBP_B_CELL_ACTIVATION_INVOLVED_IN_IMMUNE_RESPONSE","GOBP_B_CELL_ACTIVATION_INVOLVED_IN_IMMUNE_RESPONSE","1/201","58/11404",0.644417725105358,0.762091155071188,0.669363595172883,"DOCK11",1
"GOBP_MYOBLAST_DIFFERENTIATION","GOBP_MYOBLAST_DIFFERENTIATION","1/201","58/11404",0.644417725105358,0.762091155071188,0.669363595172883,"SOX9",1
"GOBP_REGULATION_OF_EPITHELIAL_CELL_APOPTOTIC_PROCESS","GOBP_REGULATION_OF_EPITHELIAL_CELL_APOPTOTIC_PROCESS","1/201","58/11404",0.644417725105358,0.762091155071188,0.669363595172883,"TERT",1
"GOBP_POSITIVE_REGULATION_OF_AUTOPHAGY","GOBP_POSITIVE_REGULATION_OF_AUTOPHAGY","2/201","124/11404",0.646063022797612,0.763648463652489,0.670731417990189,"DAPK1/TRIM22",2
"GOBP_OXIDATIVE_PHOSPHORYLATION","GOBP_OXIDATIVE_PHOSPHORYLATION","2/201","125/11404",0.650407262927251,0.766810501846569,0.673508714694893,"SHMT2/BID",2
"GOBP_SPHINGOLIPID_METABOLIC_PROCESS","GOBP_SPHINGOLIPID_METABOLIC_PROCESS","2/201","125/11404",0.650407262927251,0.766810501846569,0.673508714694893,"ST8SIA2/SPNS2",2
"GOBP_AMYLOID_PRECURSOR_PROTEIN_METABOLIC_PROCESS","GOBP_AMYLOID_PRECURSOR_PROTEIN_METABOLIC_PROCESS","1/201","59/11404",0.650717040921841,0.766810501846569,0.673508714694893,"DHCR24",1
"GOBP_DEMETHYLATION","GOBP_DEMETHYLATION","1/201","59/11404",0.650717040921841,0.766810501846569,0.673508714694893,"KDM7A",1
"GOBP_POSITIVE_REGULATION_OF_NEURON_DIFFERENTIATION","GOBP_POSITIVE_REGULATION_OF_NEURON_DIFFERENTIATION","1/201","59/11404",0.650717040921841,0.766810501846569,0.673508714694893,"FOXA1",1
"GOBP_REGULATION_OF_FATTY_ACID_METABOLIC_PROCESS","GOBP_REGULATION_OF_FATTY_ACID_METABOLIC_PROCESS","1/201","59/11404",0.650717040921841,0.766810501846569,0.673508714694893,"SOX9",1
"GOBP_REGULATION_OF_MITOCHONDRION_ORGANIZATION","GOBP_REGULATION_OF_MITOCHONDRION_ORGANIZATION","2/201","126/11404",0.654709271927384,0.769035668670412,0.675463133999139,"HSPA1A/BID",2
"GOBP_RESPONSE_TO_WOUNDING","GOBP_RESPONSE_TO_WOUNDING","6/201","376/11404",0.65505156733142,0.769035668670412,0.675463133999139,"EDN1/LOX/FGF1/DGKE/ADTRP/RTN4R",6
"GOBP_CENTRAL_NERVOUS_SYSTEM_NEURON_DEVELOPMENT","GOBP_CENTRAL_NERVOUS_SYSTEM_NEURON_DEVELOPMENT","1/201","60/11404",0.656905306657823,0.769035668670412,0.675463133999139,"GLI2",1
"GOBP_COLLAGEN_METABOLIC_PROCESS","GOBP_COLLAGEN_METABOLIC_PROCESS","1/201","60/11404",0.656905306657823,0.769035668670412,0.675463133999139,"CTSS",1
"GOBP_HOMOTYPIC_CELL_CELL_ADHESION","GOBP_HOMOTYPIC_CELL_CELL_ADHESION","1/201","60/11404",0.656905306657823,0.769035668670412,0.675463133999139,"JUP",1
"GOBP_METANEPHROS_DEVELOPMENT","GOBP_METANEPHROS_DEVELOPMENT","1/201","60/11404",0.656905306657823,0.769035668670412,0.675463133999139,"SOX9",1
"GOBP_NEGATIVE_REGULATION_OF_CYSTEINE_TYPE_ENDOPEPTIDASE_ACTIVITY","GOBP_NEGATIVE_REGULATION_OF_CYSTEINE_TYPE_ENDOPEPTIDASE_ACTIVITY","1/201","60/11404",0.656905306657823,0.769035668670412,0.675463133999139,"DHCR24",1
"GOBP_NEGATIVE_REGULATION_OF_NF_KAPPAB_TRANSCRIPTION_FACTOR_ACTIVITY","GOBP_NEGATIVE_REGULATION_OF_NF_KAPPAB_TRANSCRIPTION_FACTOR_ACTIVITY","1/201","60/11404",0.656905306657823,0.769035668670412,0.675463133999139,"NLRP3",1
"GOBP_OUTFLOW_TRACT_MORPHOGENESIS","GOBP_OUTFLOW_TRACT_MORPHOGENESIS","1/201","60/11404",0.656905306657823,0.769035668670412,0.675463133999139,"EDN1",1
"GOBP_PROTEIN_N_LINKED_GLYCOSYLATION","GOBP_PROTEIN_N_LINKED_GLYCOSYLATION","1/201","60/11404",0.656905306657823,0.769035668670412,0.675463133999139,"ST6GAL1",1
"GOBP_REGULATION_OF_ERBB_SIGNALING_PATHWAY","GOBP_REGULATION_OF_ERBB_SIGNALING_PATHWAY","1/201","60/11404",0.656905306657823,0.769035668670412,0.675463133999139,"ADORA1",1
"GOBP_RESPONSE_TO_AXON_INJURY","GOBP_RESPONSE_TO_AXON_INJURY","1/201","60/11404",0.656905306657823,0.769035668670412,0.675463133999139,"RTN4R",1
"GOBP_T_CELL_ACTIVATION_INVOLVED_IN_IMMUNE_RESPONSE","GOBP_T_CELL_ACTIVATION_INVOLVED_IN_IMMUNE_RESPONSE","1/201","60/11404",0.656905306657823,0.769035668670412,0.675463133999139,"NLRP3",1
"GOBP_CARDIAC_CHAMBER_DEVELOPMENT","GOBP_CARDIAC_CHAMBER_DEVELOPMENT","2/201","127/11404",0.658969180898316,0.770288258214472,0.676563314515484,"SCN5A/RYR2",2
"GOBP_POSITIVE_REGULATION_OF_PROTEIN_MODIFICATION_BY_SMALL_PROTEIN_CONJUGATION_OR_REMOVAL","GOBP_POSITIVE_REGULATION_OF_PROTEIN_MODIFICATION_BY_SMALL_PROTEIN_CONJUGATION_OR_REMOVAL","2/201","127/11404",0.658969180898316,0.770288258214472,0.676563314515484,"INAVA/RNF180",2
"GOBP_REGULATION_OF_PROTEASOMAL_UBIQUITIN_DEPENDENT_PROTEIN_CATABOLIC_PROCESS","GOBP_REGULATION_OF_PROTEASOMAL_UBIQUITIN_DEPENDENT_PROTEIN_CATABOLIC_PROCESS","2/201","127/11404",0.658969180898316,0.770288258214472,0.676563314515484,"HSPA1A/RNF180",2
"GOBP_STRESS_ACTIVATED_PROTEIN_KINASE_SIGNALING_CASCADE","GOBP_STRESS_ACTIVATED_PROTEIN_KINASE_SIGNALING_CASCADE","3/201","192/11404",0.66183735346579,0.77211320776264,0.67816621304336,"TRPV4/INAVA/CCDC88C",3
"GOBP_CELLULAR_AMINO_ACID_BIOSYNTHETIC_PROCESS","GOBP_CELLULAR_AMINO_ACID_BIOSYNTHETIC_PROCESS","1/201","61/11404",0.662984470388586,0.77211320776264,0.67816621304336,"SHMT2",1
"GOBP_ESTABLISHMENT_OF_TISSUE_POLARITY","GOBP_ESTABLISHMENT_OF_TISSUE_POLARITY","1/201","61/11404",0.662984470388586,0.77211320776264,0.67816621304336,"GPC4",1
"GOBP_LEUKOCYTE_MEDIATED_CYTOTOXICITY","GOBP_LEUKOCYTE_MEDIATED_CYTOTOXICITY","1/201","61/11404",0.662984470388586,0.77211320776264,0.67816621304336,"IL7R",1
"GOBP_MRNA_3_END_PROCESSING","GOBP_MRNA_3_END_PROCESSING","1/201","61/11404",0.662984470388586,0.77211320776264,0.67816621304336,"CPEB1",1
"GOBP_PROTEOGLYCAN_METABOLIC_PROCESS","GOBP_PROTEOGLYCAN_METABOLIC_PROCESS","1/201","61/11404",0.662984470388586,0.77211320776264,0.67816621304336,"HS3ST3B1",1
"GOBP_VESICLE_CYTOSKELETAL_TRAFFICKING","GOBP_VESICLE_CYTOSKELETAL_TRAFFICKING","1/201","61/11404",0.662984470388586,0.77211320776264,0.67816621304336,"PPFIA2",1
"GOBP_POSTSYNAPSE_ORGANIZATION","GOBP_POSTSYNAPSE_ORGANIZATION","2/201","128/11404",0.663187129420211,0.77211320776264,0.67816621304336,"GRIN2B/PPFIA2",2
"GOBP_POSITIVE_REGULATION_OF_CELL_CYCLE_PROCESS","GOBP_POSITIVE_REGULATION_OF_CELL_CYCLE_PROCESS","3/201","193/11404",0.665284546277268,0.774167452499823,0.679970507232443,"EDN1/TERT/HSPA2",3
"GOBP_ACTIVATION_OF_CYSTEINE_TYPE_ENDOPEPTIDASE_ACTIVITY_INVOLVED_IN_APOPTOTIC_PROCESS","GOBP_ACTIVATION_OF_CYSTEINE_TYPE_ENDOPEPTIDASE_ACTIVITY_INVOLVED_IN_APOPTOTIC_PROCESS","1/201","62/11404",0.668956446184398,0.775722562283654,0.681336398791302,"BID",1
"GOBP_COLUMNAR_CUBOIDAL_EPITHELIAL_CELL_DIFFERENTIATION","GOBP_COLUMNAR_CUBOIDAL_EPITHELIAL_CELL_DIFFERENTIATION","1/201","62/11404",0.668956446184398,0.775722562283654,0.681336398791302,"FOXA1",1
"GOBP_ENDODERM_DEVELOPMENT","GOBP_ENDODERM_DEVELOPMENT","1/201","62/11404",0.668956446184398,0.775722562283654,0.681336398791302,"COL5A2",1
"GOBP_POSITIVE_REGULATION_OF_DOUBLE_STRAND_BREAK_REPAIR","GOBP_POSITIVE_REGULATION_OF_DOUBLE_STRAND_BREAK_REPAIR","1/201","62/11404",0.668956446184398,0.775722562283654,0.681336398791302,"MGMT",1
"GOBP_POSITIVE_REGULATION_OF_MITOCHONDRION_ORGANIZATION","GOBP_POSITIVE_REGULATION_OF_MITOCHONDRION_ORGANIZATION","1/201","62/11404",0.668956446184398,0.775722562283654,0.681336398791302,"BID",1
"GOBP_PROTEIN_LOCALIZATION_TO_VACUOLE","GOBP_PROTEIN_LOCALIZATION_TO_VACUOLE","1/201","62/11404",0.668956446184398,0.775722562283654,0.681336398791302,"GBP1",1
"GOBP_REGULATION_OF_PHOSPHATASE_ACTIVITY","GOBP_REGULATION_OF_PHOSPHATASE_ACTIVITY","1/201","62/11404",0.668956446184398,0.775722562283654,0.681336398791302,"CD33",1
"GOBP_MYELOID_CELL_HOMEOSTASIS","GOBP_MYELOID_CELL_HOMEOSTASIS","2/201","130/11404",0.671497743826886,0.778281283348709,0.68358378707255,"HSPA1A/KITLG",2
"GOBP_NEGATIVE_REGULATION_OF_PROTEOLYSIS","GOBP_NEGATIVE_REGULATION_OF_PROTEOLYSIS","3/201","195/11404",0.672102661944075,0.778594264583944,0.683858686267278,"ANOS1/DHCR24/SPINK1",3
"GOBP_POSITIVE_REGULATION_OF_CELL_CYCLE","GOBP_POSITIVE_REGULATION_OF_CELL_CYCLE","4/201","259/11404",0.673801122755178,0.780173112751887,0.685245427838669,"EDN1/FOXA1/TERT/HSPA2",4
"GOBP_CELLULAR_RESPONSE_TO_VIRUS","GOBP_CELLULAR_RESPONSE_TO_VIRUS","1/201","63/11404",0.674823114701144,0.780578975960279,0.685601907578015,"NLRP3",1
"GOBP_NEGATIVE_REGULATION_OF_SMALL_MOLECULE_METABOLIC_PROCESS","GOBP_NEGATIVE_REGULATION_OF_SMALL_MOLECULE_METABOLIC_PROCESS","1/201","63/11404",0.674823114701144,0.780578975960279,0.685601907578015,"SOX9",1
"GOBP_RESPONSE_TO_MONOSACCHARIDE","GOBP_RESPONSE_TO_MONOSACCHARIDE","2/201","131/11404",0.675590728288072,0.781078291034196,0.686040468412604,"UCP2/EPHA5",2
"GOBP_REGULATION_OF_NEURON_DIFFERENTIATION","GOBP_REGULATION_OF_NEURON_DIFFERENTIATION","2/201","132/11404",0.679642388824778,0.784902382313373,0.68939926279024,"SOX9/FOXA1",2
"GOBP_LYTIC_VACUOLE_ORGANIZATION","GOBP_LYTIC_VACUOLE_ORGANIZATION","1/201","64/11404",0.680586323760757,0.784902382313373,0.68939926279024,"ATP10B",1
"GOBP_MIDBRAIN_DEVELOPMENT","GOBP_MIDBRAIN_DEVELOPMENT","1/201","64/11404",0.680586323760757,0.784902382313373,0.68939926279024,"KDM7A",1
"GOBP_REGULATION_OF_CELLULAR_PH","GOBP_REGULATION_OF_CELLULAR_PH","1/201","64/11404",0.680586323760757,0.784902382313373,0.68939926279024,"RAB38",1
"GOBP_SPINAL_CORD_DEVELOPMENT","GOBP_SPINAL_CORD_DEVELOPMENT","1/201","64/11404",0.680586323760757,0.784902382313373,0.68939926279024,"GLI2",1
"GOBP_AMINOGLYCAN_BIOSYNTHETIC_PROCESS","GOBP_AMINOGLYCAN_BIOSYNTHETIC_PROCESS","1/201","65/11404",0.686247888921611,0.789864525615221,0.693757636533572,"HS3ST3B1",1
"GOBP_REGULATION_OF_GLIOGENESIS","GOBP_REGULATION_OF_GLIOGENESIS","1/201","65/11404",0.686247888921611,0.789864525615221,0.693757636533572,"PTPRZ1",1
"GOBP_REGULATION_OF_PHOSPHATIDYLINOSITOL_3_KINASE_SIGNALING","GOBP_REGULATION_OF_PHOSPHATIDYLINOSITOL_3_KINASE_SIGNALING","1/201","65/11404",0.686247888921611,0.789864525615221,0.693757636533572,"SOX9",1
"GOBP_REGULATION_OF_PROTEIN_TYROSINE_KINASE_ACTIVITY","GOBP_REGULATION_OF_PROTEIN_TYROSINE_KINASE_ACTIVITY","1/201","65/11404",0.686247888921611,0.789864525615221,0.693757636533572,"ADORA1",1
"GOBP_POSITIVE_REGULATION_OF_PROTEIN_CATABOLIC_PROCESS","GOBP_POSITIVE_REGULATION_OF_PROTEIN_CATABOLIC_PROCESS","3/201","200/11404",0.688703306656726,0.792298460156798,0.695895421711008,"HSPA1A/SOX9/RNF180",3
"GOBP_ORGANELLE_LOCALIZATION","GOBP_ORGANELLE_LOCALIZATION","7/201","452/11404",0.689589602635252,0.792925730033116,0.696446368427502,"UCHL1/RAB15/SYBU/IL13RA2/PPFIA2/MAP6/ANKFN1",7
"GOBP_PIGMENT_METABOLIC_PROCESS","GOBP_PIGMENT_METABOLIC_PROCESS","1/201","66/11404",0.69180959403906,0.794299904267069,0.697653339797675,"SHMT2",1
"GOBP_PROTEIN_LOCALIZATION_TO_ENDOPLASMIC_RETICULUM","GOBP_PROTEIN_LOCALIZATION_TO_ENDOPLASMIC_RETICULUM","1/201","66/11404",0.69180959403906,0.794299904267069,0.697653339797675,"RYR2",1
"GOBP_REGULATION_OF_ATP_METABOLIC_PROCESS","GOBP_REGULATION_OF_ATP_METABOLIC_PROCESS","1/201","66/11404",0.69180959403906,0.794299904267069,0.697653339797675,"SHMT2",1
"GOBP_CELL_CYCLE_G1_S_PHASE_TRANSITION","GOBP_CELL_CYCLE_G1_S_PHASE_TRANSITION","3/201","202/11404",0.695166058889797,0.797759667778271,0.700692136045205,"BID/FHL1/TERT",3
"GOBP_RESPONSE_TO_EXTRACELLULAR_STIMULUS","GOBP_RESPONSE_TO_EXTRACELLULAR_STIMULUS","5/201","330/11404",0.695686564813173,0.797815044770107,0.700740775032941,"UCP2/TRPV4/RRAGD/MGMT/SPINK1",5
"GOBP_CELLULAR_RESPONSE_TO_IONIZING_RADIATION","GOBP_CELLULAR_RESPONSE_TO_IONIZING_RADIATION","1/201","67/11404",0.697273191816283,0.797815044770107,0.700740775032941,"MGMT",1
"GOBP_CILIUM_OR_FLAGELLUM_DEPENDENT_CELL_MOTILITY","GOBP_CILIUM_OR_FLAGELLUM_DEPENDENT_CELL_MOTILITY","1/201","67/11404",0.697273191816283,0.797815044770107,0.700740775032941,"PLTP",1
"GOBP_FATTY_ACID_BETA_OXIDATION","GOBP_FATTY_ACID_BETA_OXIDATION","1/201","67/11404",0.697273191816283,0.797815044770107,0.700740775032941,"ALDH1L2",1
"GOBP_NUCLEOSIDE_PHOSPHATE_CATABOLIC_PROCESS","GOBP_NUCLEOSIDE_PHOSPHATE_CATABOLIC_PROCESS","1/201","67/11404",0.697273191816283,0.797815044770107,0.700740775032941,"NUDT10",1
"GOBP_RNA_DEPENDENT_DNA_BIOSYNTHETIC_PROCESS","GOBP_RNA_DEPENDENT_DNA_BIOSYNTHETIC_PROCESS","1/201","67/11404",0.697273191816283,0.797815044770107,0.700740775032941,"TERT",1
"GOBP_GENERATION_OF_PRECURSOR_METABOLITES_AND_ENERGY","GOBP_GENERATION_OF_PRECURSOR_METABOLITES_AND_ENERGY","6/201","394/11404",0.698807229733254,0.799176984323569,0.701937000379275,"SHMT2/BID/TRPV4/AACS/ACSS3/ALDH1L2",6
"GOBP_POSITIVE_REGULATION_OF_INTRACELLULAR_PROTEIN_TRANSPORT","GOBP_POSITIVE_REGULATION_OF_INTRACELLULAR_PROTEIN_TRANSPORT","2/201","137/11404",0.699287256370042,0.799289462362945,0.702035792635705,"HSPA1L/JUP",2
"GOBP_REGULATION_OF_MITOTIC_CELL_CYCLE_PHASE_TRANSITION","GOBP_REGULATION_OF_MITOTIC_CELL_CYCLE_PHASE_TRANSITION","4/201","268/11404",0.699593142326277,0.799289462362945,0.702035792635705,"BID/FHL1/TERT/HSPA2",4
"GOBP_CELLULAR_RESPIRATION","GOBP_CELLULAR_RESPIRATION","3/201","204/11404",0.701527719192758,0.800144725525319,0.702786991519691,"SHMT2/BID/TRPV4",3
"GOBP_DNA_DAMAGE_RESPONSE_SIGNAL_TRANSDUCTION_BY_P53_CLASS_MEDIATOR","GOBP_DNA_DAMAGE_RESPONSE_SIGNAL_TRANSDUCTION_BY_P53_CLASS_MEDIATOR","1/201","68/11404",0.702640404345605,0.800144725525319,0.702786991519691,"ANKRD1",1
"GOBP_MITOTIC_SPINDLE_ASSEMBLY","GOBP_MITOTIC_SPINDLE_ASSEMBLY","1/201","68/11404",0.702640404345605,0.800144725525319,0.702786991519691,"HSPA1A",1
"GOBP_MUSCLE_CELL_MIGRATION","GOBP_MUSCLE_CELL_MIGRATION","1/201","68/11404",0.702640404345605,0.800144725525319,0.702786991519691,"TERT",1
"GOBP_NEGATIVE_REGULATION_OF_CELL_CYCLE_G1_S_PHASE_TRANSITION","GOBP_NEGATIVE_REGULATION_OF_CELL_CYCLE_G1_S_PHASE_TRANSITION","1/201","68/11404",0.702640404345605,0.800144725525319,0.702786991519691,"FHL1",1
"GOBP_REGULATION_OF_PROTEIN_TARGETING","GOBP_REGULATION_OF_PROTEIN_TARGETING","1/201","68/11404",0.702640404345605,0.800144725525319,0.702786991519691,"HSPA1L",1
"GOBP_CELLULAR_RESPONSE_TO_STARVATION","GOBP_CELLULAR_RESPONSE_TO_STARVATION","2/201","138/11404",0.703094913655151,0.800144725525319,0.702786991519691,"UCP2/RRAGD",2
"GOBP_POSITIVE_REGULATION_OF_CELLULAR_PROTEIN_CATABOLIC_PROCESS","GOBP_POSITIVE_REGULATION_OF_CELLULAR_PROTEIN_CATABOLIC_PROCESS","2/201","138/11404",0.703094913655151,0.800144725525319,0.702786991519691,"HSPA1A/RNF180",2
"GOBP_MICROTUBULE_BASED_MOVEMENT","GOBP_MICROTUBULE_BASED_MOVEMENT","4/201","270/11404",0.705123077828428,0.802060252422258,0.70446944638333,"UCHL1/PLTP/SYBU/APBA1",4
"GOBP_NON_MEMBRANE_BOUNDED_ORGANELLE_ASSEMBLY","GOBP_NON_MEMBRANE_BOUNDED_ORGANELLE_ASSEMBLY","5/201","335/11404",0.708207954424301,0.805175302707335,0.707205472440172,"HSPA1A/EDN1/ANKRD1/PGM5/TTN",5
"GOBP_CELLULAR_RESPONSE_TO_HYDROGEN_PEROXIDE","GOBP_CELLULAR_RESPONSE_TO_HYDROGEN_PEROXIDE","1/201","70/11404",0.713092412158177,0.809567103304621,0.711062900016283,"EDN1",1
"GOBP_ROOF_OF_MOUTH_DEVELOPMENT","GOBP_ROOF_OF_MOUTH_DEVELOPMENT","1/201","70/11404",0.713092412158177,0.809567103304621,0.711062900016283,"FOXE1",1
"GOBP_VIRAL_PROCESS","GOBP_VIRAL_PROCESS","5/201","337/11404",0.713115452717361,0.809567103304621,0.711062900016283,"HSPA1A/ST6GAL1/TRIM22/AGTR1/NECTIN4",5
"GOBP_REGULATION_OF_INTRINSIC_APOPTOTIC_SIGNALING_PATHWAY","GOBP_REGULATION_OF_INTRINSIC_APOPTOTIC_SIGNALING_PATHWAY","2/201","142/11404",0.717928188043196,0.812935574588244,0.714021512032232,"HSPA1A/BID",2
"GOBP_CELLULAR_SENESCENCE","GOBP_CELLULAR_SENESCENCE","1/201","71/11404",0.718180503313657,0.812935574588244,0.714021512032232,"TERT",1
"GOBP_DNA_METHYLATION_OR_DEMETHYLATION","GOBP_DNA_METHYLATION_OR_DEMETHYLATION","1/201","71/11404",0.718180503313657,0.812935574588244,0.714021512032232,"MGMT",1
"GOBP_MEMBRANE_DOCKING","GOBP_MEMBRANE_DOCKING","1/201","71/11404",0.718180503313657,0.812935574588244,0.714021512032232,"RAB15",1
"GOBP_POSITIVE_REGULATION_OF_JNK_CASCADE","GOBP_POSITIVE_REGULATION_OF_JNK_CASCADE","1/201","71/11404",0.718180503313657,0.812935574588244,0.714021512032232,"TRPV4",1
"GOBP_REGULATION_OF_SMOOTHENED_SIGNALING_PATHWAY","GOBP_REGULATION_OF_SMOOTHENED_SIGNALING_PATHWAY","1/201","71/11404",0.718180503313657,0.812935574588244,0.714021512032232,"FOXA1",1
"GOBP_SMALL_MOLECULE_CATABOLIC_PROCESS","GOBP_SMALL_MOLECULE_CATABOLIC_PROCESS","4/201","276/11404",0.72127288435892,0.8159418896356,0.716662033228326,"SHMT2/DDO/ALDH1L2/ADTRP",4
"GOBP_CELL_CYCLE_G2_M_PHASE_TRANSITION","GOBP_CELL_CYCLE_G2_M_PHASE_TRANSITION","2/201","143/11404",0.721538290361632,0.8159418896356,0.716662033228326,"FHL1/HSPA2",2
"GOBP_ESTABLISHMENT_OF_ORGANELLE_LOCALIZATION","GOBP_ESTABLISHMENT_OF_ORGANELLE_LOCALIZATION","5/201","341/11404",0.722756887894393,0.81620908476379,0.716896717347709,"UCHL1/SYBU/IL13RA2/PPFIA2/ANKFN1",5
"GOBP_ALPHA_BETA_T_CELL_DIFFERENTIATION","GOBP_ALPHA_BETA_T_CELL_DIFFERENTIATION","1/201","72/11404",0.723178801984261,0.81620908476379,0.716896717347709,"NLRP3",1
"GOBP_INTRINSIC_APOPTOTIC_SIGNALING_PATHWAY_BY_P53_CLASS_MEDIATOR","GOBP_INTRINSIC_APOPTOTIC_SIGNALING_PATHWAY_BY_P53_CLASS_MEDIATOR","1/201","72/11404",0.723178801984261,0.81620908476379,0.716896717347709,"ZNF385B",1
"GOBP_MITOCHONDRIAL_TRANSLATION","GOBP_MITOCHONDRIAL_TRANSLATION","1/201","72/11404",0.723178801984261,0.81620908476379,0.716896717347709,"SHMT2",1
"GOBP_PROTEIN_CONTAINING_COMPLEX_DISASSEMBLY","GOBP_PROTEIN_CONTAINING_COMPLEX_DISASSEMBLY","3/201","212/11404",0.725970576037123,0.818962440216551,0.719315057847248,"TRPV4/FGF13/NAV3",3
"GOBP_POSITIVE_REGULATION_OF_PROTEIN_BINDING","GOBP_POSITIVE_REGULATION_OF_PROTEIN_BINDING","1/201","73/11404",0.728088885005896,0.819987062414226,0.720215008979558,"TERT",1
"GOBP_PROTEIN_O_LINKED_GLYCOSYLATION","GOBP_PROTEIN_O_LINKED_GLYCOSYLATION","1/201","73/11404",0.728088885005896,0.819987062414226,0.720215008979558,"ST6GAL1",1
"GOBP_TRANSITION_METAL_ION_TRANSPORT","GOBP_TRANSITION_METAL_ION_TRANSPORT","1/201","73/11404",0.728088885005896,0.819987062414226,0.720215008979558,"FLVCR2",1
"GOBP_PHAGOCYTOSIS","GOBP_PHAGOCYTOSIS","2/201","145/11404",0.728642267074318,0.819987062414226,0.720215008979558,"ANXA3/ADORA1",2
"GOBP_PROTEIN_MODIFICATION_BY_SMALL_PROTEIN_REMOVAL","GOBP_PROTEIN_MODIFICATION_BY_SMALL_PROTEIN_REMOVAL","2/201","145/11404",0.728642267074318,0.819987062414226,0.720215008979558,"SHMT2/UCHL1",2
"GOBP_REGULATION_OF_LYMPHOCYTE_ACTIVATION","GOBP_REGULATION_OF_LYMPHOCYTE_ACTIVATION","4/201","280/11404",0.731673703653344,0.821610945689857,0.7216413060049,"CD274/NLRP3/GLI2/IL7R",4
"GOBP_MYELOID_LEUKOCYTE_DIFFERENTIATION","GOBP_MYELOID_LEUKOCYTE_DIFFERENTIATION","2/201","146/11404",0.732136623282879,0.821610945689857,0.7216413060049,"MT1G/KITLG",2
"GOBP_NEGATIVE_REGULATION_OF_DEFENSE_RESPONSE","GOBP_NEGATIVE_REGULATION_OF_DEFENSE_RESPONSE","2/201","146/11404",0.732136623282879,0.821610945689857,0.7216413060049,"NLRP3/ADORA1",2
"GOBP_NEGATIVE_REGULATION_OF_PHOSPHORUS_METABOLIC_PROCESS","GOBP_NEGATIVE_REGULATION_OF_PHOSPHORUS_METABOLIC_PROCESS","5/201","345/11404",0.732166842814659,0.821610945689857,0.7216413060049,"UCHL1/PTPRB/RGS2/SPRY3/SPINK1",5
"GOBP_KERATINOCYTE_DIFFERENTIATION","GOBP_KERATINOCYTE_DIFFERENTIATION","1/201","74/11404",0.732912301660544,0.821610945689857,0.7216413060049,"TCHH",1
"GOBP_REGULATION_OF_MYELOID_LEUKOCYTE_DIFFERENTIATION","GOBP_REGULATION_OF_MYELOID_LEUKOCYTE_DIFFERENTIATION","1/201","74/11404",0.732912301660544,0.821610945689857,0.7216413060049,"KITLG",1
"GOBP_REGULATION_OF_PATTERN_RECOGNITION_RECEPTOR_SIGNALING_PATHWAY","GOBP_REGULATION_OF_PATTERN_RECOGNITION_RECEPTOR_SIGNALING_PATHWAY","1/201","74/11404",0.732912301660544,0.821610945689857,0.7216413060049,"HSPA1A",1
"GOBP_REGULATION_OF_RESPONSE_TO_ENDOPLASMIC_RETICULUM_STRESS","GOBP_REGULATION_OF_RESPONSE_TO_ENDOPLASMIC_RETICULUM_STRESS","1/201","74/11404",0.732912301660544,0.821610945689857,0.7216413060049,"HSPA1A",1
"GOBP_MICROTUBULE_CYTOSKELETON_ORGANIZATION_INVOLVED_IN_MITOSIS","GOBP_MICROTUBULE_CYTOSKELETON_ORGANIZATION_INVOLVED_IN_MITOSIS","2/201","147/11404",0.735592885162754,0.824218533977544,0.723931615581861,"HSPA1A/ANKFN1",2
"GOBP_POLYSACCHARIDE_METABOLIC_PROCESS","GOBP_POLYSACCHARIDE_METABOLIC_PROCESS","1/201","76/11404",0.74230519809346,0.831035962848264,0.729919532733733,"MGAM",1
"GOBP_ANTERIOR_POSTERIOR_PATTERN_SPECIFICATION","GOBP_ANTERIOR_POSTERIOR_PATTERN_SPECIFICATION","2/201","149/11404",0.742392126811116,0.831035962848264,0.729919532733733,"PLXNA2/COBL",2
"GOBP_CYTOKINESIS","GOBP_CYTOKINESIS","2/201","150/11404",0.745735614507664,0.832449913627814,0.731161440832126,"TRIM36/MYH10",2
"GOBP_ANTIGEN_PROCESSING_AND_PRESENTATION","GOBP_ANTIGEN_PROCESSING_AND_PRESENTATION","1/201","77/11404",0.746877642936611,0.832449913627814,0.731161440832126,"CTSS",1
"GOBP_CELLULAR_MONOVALENT_INORGANIC_CATION_HOMEOSTASIS","GOBP_CELLULAR_MONOVALENT_INORGANIC_CATION_HOMEOSTASIS","1/201","77/11404",0.746877642936611,0.832449913627814,0.731161440832126,"RAB38",1
"GOBP_DENDRITIC_SPINE_DEVELOPMENT","GOBP_DENDRITIC_SPINE_DEVELOPMENT","1/201","77/11404",0.746877642936611,0.832449913627814,0.731161440832126,"PPFIA2",1
"GOBP_INTEGRIN_MEDIATED_SIGNALING_PATHWAY","GOBP_INTEGRIN_MEDIATED_SIGNALING_PATHWAY","1/201","77/11404",0.746877642936611,0.832449913627814,0.731161440832126,"SEMA7A",1
"GOBP_MAINTENANCE_OF_PROTEIN_LOCATION","GOBP_MAINTENANCE_OF_PROTEIN_LOCATION","1/201","77/11404",0.746877642936611,0.832449913627814,0.731161440832126,"FBN2",1
"GOBP_REGULATION_OF_DENDRITE_DEVELOPMENT","GOBP_REGULATION_OF_DENDRITE_DEVELOPMENT","1/201","77/11404",0.746877642936611,0.832449913627814,0.731161440832126,"COBL",1
"GOBP_TELOMERE_MAINTENANCE_VIA_TELOMERE_LENGTHENING","GOBP_TELOMERE_MAINTENANCE_VIA_TELOMERE_LENGTHENING","1/201","77/11404",0.746877642936611,0.832449913627814,0.731161440832126,"TERT",1
"GOBP_TUMOR_NECROSIS_FACTOR_MEDIATED_SIGNALING_PATHWAY","GOBP_TUMOR_NECROSIS_FACTOR_MEDIATED_SIGNALING_PATHWAY","1/201","77/11404",0.746877642936611,0.832449913627814,0.731161440832126,"HSPA1A",1
"GOBP_POSITIVE_REGULATION_OF_TRANSFERASE_ACTIVITY","GOBP_POSITIVE_REGULATION_OF_TRANSFERASE_ACTIVITY","6/201","418/11404",0.751178001976975,0.836253587586957,0.734502302170321,"EDN1/EPHA5/FGF1/ADORA1/KITLG/FGF13",6
"GOBP_CELL_KILLING","GOBP_CELL_KILLING","1/201","78/11404",0.751369352459851,0.836253587586957,0.734502302170321,"IL7R",1
"GOBP_NEGATIVE_REGULATION_OF_RESPONSE_TO_DNA_DAMAGE_STIMULUS","GOBP_NEGATIVE_REGULATION_OF_RESPONSE_TO_DNA_DAMAGE_STIMULUS","1/201","78/11404",0.751369352459851,0.836253587586957,0.734502302170321,"BID",1
"GOBP_REGULATION_OF_UBIQUITIN_DEPENDENT_PROTEIN_CATABOLIC_PROCESS","GOBP_REGULATION_OF_UBIQUITIN_DEPENDENT_PROTEIN_CATABOLIC_PROCESS","2/201","152/11404",0.752311614041202,0.836901675907079,0.73507153424323,"HSPA1A/RNF180",2
"GOBP_NEGATIVE_REGULATION_OF_TRANSMEMBRANE_TRANSPORT","GOBP_NEGATIVE_REGULATION_OF_TRANSMEMBRANE_TRANSPORT","1/201","79/11404",0.755781745198291,0.839958201522957,0.737756156629106,"RGS2",1
"GOBP_REGULATION_OF_EPITHELIAL_TO_MESENCHYMAL_TRANSITION","GOBP_REGULATION_OF_EPITHELIAL_TO_MESENCHYMAL_TRANSITION","1/201","79/11404",0.755781745198291,0.839958201522957,0.737756156629106,"FOXA1",1
"GOBP_MYELOID_CELL_DIFFERENTIATION","GOBP_MYELOID_CELL_DIFFERENTIATION","4/201","290/11404",0.756406726822912,0.840251141836249,0.738013453384187,"HSPA1A/LOX/MT1G/KITLG",4
"GOBP_ATP_METABOLIC_PROCESS","GOBP_ATP_METABOLIC_PROCESS","3/201","224/11404",0.75968015967067,0.843484417972448,0.740853320143316,"HSPA1A/SHMT2/BID",3
"GOBP_GLIAL_CELL_DIFFERENTIATION","GOBP_GLIAL_CELL_DIFFERENTIATION","2/201","155/11404",0.761902117907529,0.845144286323953,0.742311223754825,"SOX9/PTPRZ1",2
"GOBP_REGULATION_OF_STRESS_ACTIVATED_PROTEIN_KINASE_SIGNALING_CASCADE","GOBP_REGULATION_OF_STRESS_ACTIVATED_PROTEIN_KINASE_SIGNALING_CASCADE","2/201","155/11404",0.761902117907529,0.845144286323953,0.742311223754825,"TRPV4/INAVA",2
"GOBP_REGULATION_OF_PROTEIN_MODIFICATION_BY_SMALL_PROTEIN_CONJUGATION_OR_REMOVAL","GOBP_REGULATION_OF_PROTEIN_MODIFICATION_BY_SMALL_PROTEIN_CONJUGATION_OR_REMOVAL","3/201","225/11404",0.762332925610047,0.845218908938178,0.74237676665085,"HSPA1A/INAVA/RNF180",3
"GOBP_B_CELL_DIFFERENTIATION","GOBP_B_CELL_DIFFERENTIATION","1/201","81/11404",0.764374130888271,0.845786009373325,0.742874865052292,"DOCK11",1
"GOBP_MORPHOGENESIS_OF_A_POLARIZED_EPITHELIUM","GOBP_MORPHOGENESIS_OF_A_POLARIZED_EPITHELIUM","1/201","81/11404",0.764374130888271,0.845786009373325,0.742874865052292,"GPC4",1
"GOBP_OLEFINIC_COMPOUND_METABOLIC_PROCESS","GOBP_OLEFINIC_COMPOUND_METABOLIC_PROCESS","1/201","81/11404",0.764374130888271,0.845786009373325,0.742874865052292,"MGLL",1
"GOBP_RESPONSE_TO_ESTRADIOL","GOBP_RESPONSE_TO_ESTRADIOL","1/201","81/11404",0.764374130888271,0.845786009373325,0.742874865052292,"FOXA1",1
"GOBP_POSITIVE_REGULATION_OF_I_KAPPAB_KINASE_NF_KAPPAB_SIGNALING","GOBP_POSITIVE_REGULATION_OF_I_KAPPAB_KINASE_NF_KAPPAB_SIGNALING","2/201","156/11404",0.765027087188001,0.845786009373325,0.742874865052292,"INAVA/TRIM22",2
"GOBP_RESPONSE_TO_REACTIVE_OXYGEN_SPECIES","GOBP_RESPONSE_TO_REACTIVE_OXYGEN_SPECIES","2/201","156/11404",0.765027087188001,0.845786009373325,0.742874865052292,"UCP2/EDN1",2
"GOBP_NEGATIVE_REGULATION_OF_PROTEIN_MODIFICATION_PROCESS","GOBP_NEGATIVE_REGULATION_OF_PROTEIN_MODIFICATION_PROCESS","6/201","426/11404",0.767101534310909,0.847271052537107,0.744179215358002,"HSPA1A/UCHL1/PTPRB/RGS2/SPRY3/SPINK1",6
"GOBP_CELLULAR_TRANSITION_METAL_ION_HOMEOSTASIS","GOBP_CELLULAR_TRANSITION_METAL_ION_HOMEOSTASIS","1/201","82/11404",0.768556838623982,0.847271052537107,0.744179215358002,"MT1G",1
"GOBP_CERAMIDE_METABOLIC_PROCESS","GOBP_CERAMIDE_METABOLIC_PROCESS","1/201","82/11404",0.768556838623982,0.847271052537107,0.744179215358002,"ST8SIA2",1
"GOBP_CHONDROCYTE_DIFFERENTIATION","GOBP_CHONDROCYTE_DIFFERENTIATION","1/201","82/11404",0.768556838623982,0.847271052537107,0.744179215358002,"SOX9",1
"GOBP_LIPOSACCHARIDE_METABOLIC_PROCESS","GOBP_LIPOSACCHARIDE_METABOLIC_PROCESS","1/201","82/11404",0.768556838623982,0.847271052537107,0.744179215358002,"ST8SIA2",1
"GOBP_PLATELET_ACTIVATION","GOBP_PLATELET_ACTIVATION","1/201","82/11404",0.768556838623982,0.847271052537107,0.744179215358002,"DGKE",1
"GOBP_PROTEIN_MATURATION","GOBP_PROTEIN_MATURATION","3/201","228/11404",0.770149945939016,0.848624940430432,0.7453683687312,"RPS6KA2/DHCR24/CTSS",3
"GOBP_PURINE_CONTAINING_COMPOUND_BIOSYNTHETIC_PROCESS","GOBP_PURINE_CONTAINING_COMPOUND_BIOSYNTHETIC_PROCESS","2/201","158/11404",0.771170850252831,0.848945183161852,0.745649645878435,"SHMT2/ADCY1",2
"GOBP_SIGNAL_TRANSDUCTION_BY_P53_CLASS_MEDIATOR","GOBP_SIGNAL_TRANSDUCTION_BY_P53_CLASS_MEDIATOR","2/201","158/11404",0.771170850252831,0.848945183161852,0.745649645878435,"ANKRD1/ZNF385B",2
"GOBP_TOLL_LIKE_RECEPTOR_SIGNALING_PATHWAY","GOBP_TOLL_LIKE_RECEPTOR_SIGNALING_PATHWAY","1/201","83/11404",0.772665659983864,0.850188196622094,0.74674141548245,"CTSS",1
"GOBP_I_KAPPAB_KINASE_NF_KAPPAB_SIGNALING","GOBP_I_KAPPAB_KINASE_NF_KAPPAB_SIGNALING","3/201","230/11404",0.77524461135958,0.852622384773427,0.748879423411635,"EDN1/INAVA/TRIM22",3
"GOBP_ACTIVATION_OF_GTPASE_ACTIVITY","GOBP_ACTIVATION_OF_GTPASE_ACTIVITY","1/201","84/11404",0.776701893739119,0.853821230706124,0.749932399578893,"RAP1GAP2",1
"GOBP_RESPONSE_TO_STARVATION","GOBP_RESPONSE_TO_STARVATION","2/201","160/11404",0.777174869741769,0.853937415949722,0.750034447964894,"UCP2/RRAGD",2
"GOBP_REGULATION_OF_RESPONSE_TO_BIOTIC_STIMULUS","GOBP_REGULATION_OF_RESPONSE_TO_BIOTIC_STIMULUS","3/201","231/11404",0.777757264098822,0.854173660382504,0.750241947319551,"DAPK1/CD274/NLRP10",3
"GOBP_ATP_SYNTHESIS_COUPLED_ELECTRON_TRANSPORT","GOBP_ATP_SYNTHESIS_COUPLED_ELECTRON_TRANSPORT","1/201","85/11404",0.780666815943928,0.85575216740671,0.751628389255922,"BID",1
"GOBP_B_CELL_MEDIATED_IMMUNITY","GOBP_B_CELL_MEDIATED_IMMUNITY","1/201","85/11404",0.780666815943928,0.85575216740671,0.751628389255922,"IL13RA2",1
"GOBP_NEGATIVE_REGULATION_OF_LYMPHOCYTE_ACTIVATION","GOBP_NEGATIVE_REGULATION_OF_LYMPHOCYTE_ACTIVATION","1/201","85/11404",0.780666815943928,0.85575216740671,0.751628389255922,"CD274",1
"GOBP_POSITIVE_REGULATION_OF_SMALL_MOLECULE_METABOLIC_PROCESS","GOBP_POSITIVE_REGULATION_OF_SMALL_MOLECULE_METABOLIC_PROCESS","1/201","85/11404",0.780666815943928,0.85575216740671,0.751628389255922,"FGF1",1
"GOBP_MEMBRANE_LIPID_METABOLIC_PROCESS","GOBP_MEMBRANE_LIPID_METABOLIC_PROCESS","2/201","162/11404",0.783041352335272,0.85795058632399,0.7535593152093,"ST8SIA2/SPNS2",2
"GOBP_CILIUM_MOVEMENT","GOBP_CILIUM_MOVEMENT","1/201","86/11404",0.784561680330824,0.858806924090944,0.754311457945187,"PLTP",1
"GOBP_NUCLEOSOME_ASSEMBLY","GOBP_NUCLEOSOME_ASSEMBLY","1/201","86/11404",0.784561680330824,0.858806924090944,0.754311457945187,"SOX9",1
"GOBP_T_CELL_ACTIVATION","GOBP_T_CELL_ACTIVATION","4/201","303/11404",0.785901589549339,0.859756775785969,0.755145736287393,"CD274/NLRP3/GLI2/IL7R",4
"GOBP_PHOSPHOLIPID_METABOLIC_PROCESS","GOBP_PHOSPHOLIPID_METABOLIC_PROCESS","4/201","304/11404",0.788048764666037,0.859756775785969,0.755145736287393,"PCYT1B/SLC44A5/RAB38/DGKE",4
"GOBP_FORMATION_OF_PRIMARY_GERM_LAYER","GOBP_FORMATION_OF_PRIMARY_GERM_LAYER","1/201","87/11404",0.788387718699219,0.859756775785969,0.755145736287393,"COL5A2",1
"GOBP_MEIOSIS_I_CELL_CYCLE_PROCESS","GOBP_MEIOSIS_I_CELL_CYCLE_PROCESS","1/201","87/11404",0.788387718699219,0.859756775785969,0.755145736287393,"HSPA2",1
"GOBP_NEURAL_TUBE_FORMATION","GOBP_NEURAL_TUBE_FORMATION","1/201","87/11404",0.788387718699219,0.859756775785969,0.755145736287393,"COBL",1
"GOBP_NEUROMUSCULAR_PROCESS","GOBP_NEUROMUSCULAR_PROCESS","1/201","87/11404",0.788387718699219,0.859756775785969,0.755145736287393,"UCHL1",1
"GOBP_POLYOL_METABOLIC_PROCESS","GOBP_POLYOL_METABOLIC_PROCESS","1/201","87/11404",0.788387718699219,0.859756775785969,0.755145736287393,"NUDT10",1
"GOBP_REGULATION_OF_CELLULAR_KETONE_METABOLIC_PROCESS","GOBP_REGULATION_OF_CELLULAR_KETONE_METABOLIC_PROCESS","1/201","87/11404",0.788387718699219,0.859756775785969,0.755145736287393,"SOX9",1
"GOBP_POSITIVE_REGULATION_OF_CATABOLIC_PROCESS","GOBP_POSITIVE_REGULATION_OF_CATABOLIC_PROCESS","6/201","438/11404",0.789564398181993,0.860499219165001,0.755797842752734,"HSPA1A/DAPK1/SOX9/RNF180/ADORA1/TRIM22",6
"GOBP_REGULATION_OF_RESPONSE_TO_DNA_DAMAGE_STIMULUS","GOBP_REGULATION_OF_RESPONSE_TO_DNA_DAMAGE_STIMULUS","3/201","236/11404",0.789978237338779,0.860499219165001,0.755797842752734,"BID/ANKRD1/MGMT",3
"GOBP_REGULATION_OF_AUTOPHAGY","GOBP_REGULATION_OF_AUTOPHAGY","4/201","305/11404",0.790178852867646,0.860499219165001,0.755797842752734,"DAPK1/UCHL1/RRAGD/TRIM22",4
"GOBP_B_CELL_ACTIVATION","GOBP_B_CELL_ACTIVATION","2/201","165/11404",0.791588062746247,0.861630264927446,0.756791268346008,"DOCK11/IL7R",2
"GOBP_NEGATIVE_REGULATION_OF_PROTEIN_MODIFICATION_BY_SMALL_PROTEIN_CONJUGATION_OR_REMOVAL","GOBP_NEGATIVE_REGULATION_OF_PROTEIN_MODIFICATION_BY_SMALL_PROTEIN_CONJUGATION_OR_REMOVAL","1/201","88/11404",0.79214614129721,0.86183424357324,0.756970427858329,"HSPA1A",1
"GOBP_SIGNAL_TRANSDUCTION_IN_RESPONSE_TO_DNA_DAMAGE","GOBP_SIGNAL_TRANSDUCTION_IN_RESPONSE_TO_DNA_DAMAGE","2/201","166/11404",0.794370615112945,0.863426817070675,0.75836922472761,"BID/ANKRD1",2
"GOBP_CARDIAC_CHAMBER_MORPHOGENESIS","GOBP_CARDIAC_CHAMBER_MORPHOGENESIS","1/201","89/11404",0.795838137196756,0.863426817070675,0.75836922472761,"RYR2",1
"GOBP_INTRINSIC_APOPTOTIC_SIGNALING_PATHWAY_IN_RESPONSE_TO_DNA_DAMAGE","GOBP_INTRINSIC_APOPTOTIC_SIGNALING_PATHWAY_IN_RESPONSE_TO_DNA_DAMAGE","1/201","89/11404",0.795838137196756,0.863426817070675,0.75836922472761,"BID",1
"GOBP_POSITIVE_REGULATION_OF_DNA_REPAIR","GOBP_POSITIVE_REGULATION_OF_DNA_REPAIR","1/201","89/11404",0.795838137196756,0.863426817070675,0.75836922472761,"MGMT",1
"GOBP_PROTEIN_LOCALIZATION_TO_CHROMOSOME","GOBP_PROTEIN_LOCALIZATION_TO_CHROMOSOME","1/201","89/11404",0.795838137196756,0.863426817070675,0.75836922472761,"TERT",1
"GOBP_REGULATION_OF_T_CELL_PROLIFERATION","GOBP_REGULATION_OF_T_CELL_PROLIFERATION","1/201","89/11404",0.795838137196756,0.863426817070675,0.75836922472761,"CD274",1
"GOBP_BLASTOCYST_DEVELOPMENT","GOBP_BLASTOCYST_DEVELOPMENT","1/201","90/11404",0.799464874662372,0.866552836172501,0.761114884968717,"HOPX",1
"GOBP_DNA_MODIFICATION","GOBP_DNA_MODIFICATION","1/201","90/11404",0.799464874662372,0.866552836172501,0.761114884968717,"MGMT",1
"GOBP_GLYCOPROTEIN_BIOSYNTHETIC_PROCESS","GOBP_GLYCOPROTEIN_BIOSYNTHETIC_PROCESS","3/201","241/11404",0.801639498204449,0.868505048147877,0.762829561248164,"ST6GAL1/ST8SIA2/HS3ST3B1",3
"GOBP_IMMUNOGLOBULIN_PRODUCTION","GOBP_IMMUNOGLOBULIN_PRODUCTION","1/201","91/11404",0.80302750151343,0.869198762113,0.763438867458617,"IL13RA2",1
"GOBP_T_CELL_RECEPTOR_SIGNALING_PATHWAY","GOBP_T_CELL_RECEPTOR_SIGNALING_PATHWAY","1/201","91/11404",0.80302750151343,0.869198762113,0.763438867458617,"GBP1",1
"GOBP_VIRAL_GENE_EXPRESSION","GOBP_VIRAL_GENE_EXPRESSION","1/201","92/11404",0.806527145480176,0.872580555254262,0.766409180393104,"ST6GAL1",1
"GOBP_REGULATION_OF_TOR_SIGNALING","GOBP_REGULATION_OF_TOR_SIGNALING","1/201","93/11404",0.809964914553592,0.875331493221259,0.768825397554836,"RRAGD",1
"GOBP_SPECIFICATION_OF_SYMMETRY","GOBP_SPECIFICATION_OF_SYMMETRY","1/201","93/11404",0.809964914553592,0.875331493221259,0.768825397554836,"RNF207",1
"GOBP_REGULATION_OF_PROTEASOMAL_PROTEIN_CATABOLIC_PROCESS","GOBP_REGULATION_OF_PROTEASOMAL_PROTEIN_CATABOLIC_PROCESS","2/201","172/11404",0.810388931988067,0.875331493221259,0.768825397554836,"HSPA1A/RNF180",2
"GOBP_ALCOHOL_METABOLIC_PROCESS","GOBP_ALCOHOL_METABOLIC_PROCESS","3/201","245/11404",0.810575787056074,0.875331493221259,0.768825397554836,"FGF1/DHCR24/NUDT10",3
"GOBP_POSITIVE_REGULATION_OF_INTRACELLULAR_TRANSPORT","GOBP_POSITIVE_REGULATION_OF_INTRACELLULAR_TRANSPORT","2/201","173/11404",0.812948449779197,0.876283554814807,0.769661616905818,"HSPA1L/JUP",2
"GOBP_PROTEIN_COMPLEX_OLIGOMERIZATION","GOBP_PROTEIN_COMPLEX_OLIGOMERIZATION","2/201","173/11404",0.812948449779197,0.876283554814807,0.769661616905818,"SHMT2/GRIN2B",2
"GOBP_AMINOGLYCAN_METABOLIC_PROCESS","GOBP_AMINOGLYCAN_METABOLIC_PROCESS","1/201","94/11404",0.813341897329185,0.876283554814807,0.769661616905818,"HS3ST3B1",1
"GOBP_POSITIVE_REGULATION_OF_HISTONE_MODIFICATION","GOBP_POSITIVE_REGULATION_OF_HISTONE_MODIFICATION","1/201","94/11404",0.813341897329185,0.876283554814807,0.769661616905818,"JDP2",1
"GOBP_REGULATION_OF_MITOTIC_NUCLEAR_DIVISION","GOBP_REGULATION_OF_MITOTIC_NUCLEAR_DIVISION","1/201","94/11404",0.813341897329185,0.876283554814807,0.769661616905818,"EDN1",1
"GOBP_IN_UTERO_EMBRYONIC_DEVELOPMENT","GOBP_IN_UTERO_EMBRYONIC_DEVELOPMENT","4/201","317/11404",0.814431286310449,0.8770508293987,0.770335533235304,"AR/EDN1/HOPX/APBA1",4
"GOBP_ORGANOPHOSPHATE_BIOSYNTHETIC_PROCESS","GOBP_ORGANOPHOSPHATE_BIOSYNTHETIC_PROCESS","6/201","453/11404",0.815293145442807,0.87757248294191,0.770793714502458,"PCYT1B/SLC44A5/RAB38/DGKE/NMNAT2/ADCY1",6
"GOBP_REGULATION_OF_NUCLEOCYTOPLASMIC_TRANSPORT","GOBP_REGULATION_OF_NUCLEOCYTOPLASMIC_TRANSPORT","1/201","95/11404",0.81665916334482,0.878470415127134,0.771582390649299,"JUP",1
"GOBP_CELLULAR_COMPONENT_DISASSEMBLY","GOBP_CELLULAR_COMPONENT_DISASSEMBLY","5/201","387/11404",0.817260863621502,0.878470415127134,0.771582390649299,"TRPV4/CTSS/FGF13/NAV3/HSPA2",5
"GOBP_ESTABLISHMENT_OF_PROTEIN_LOCALIZATION_TO_ORGANELLE","GOBP_ESTABLISHMENT_OF_PROTEIN_LOCALIZATION_TO_ORGANELLE","5/201","387/11404",0.817260863621502,0.878470415127134,0.771582390649299,"BID/HSPA1L/RYR2/JUP/TERT",5
"GOBP_EMBRYONIC_APPENDAGE_MORPHOGENESIS","GOBP_EMBRYONIC_APPENDAGE_MORPHOGENESIS","1/201","96/11404",0.819917763412703,0.880512147775767,0.773375695160153,"FBN2",1
"GOBP_REGULATION_OF_REACTIVE_OXYGEN_SPECIES_METABOLIC_PROCESS","GOBP_REGULATION_OF_REACTIVE_OXYGEN_SPECIES_METABOLIC_PROCESS","1/201","96/11404",0.819917763412703,0.880512147775767,0.773375695160153,"AGTR1",1
"GOBP_REGULATION_OF_SIGNAL_TRANSDUCTION_BY_P53_CLASS_MEDIATOR","GOBP_REGULATION_OF_SIGNAL_TRANSDUCTION_BY_P53_CLASS_MEDIATOR","1/201","97/11404",0.823118729945604,0.883541573002553,0.776036514600997,"ANKRD1",1
"GOBP_INTRINSIC_APOPTOTIC_SIGNALING_PATHWAY","GOBP_INTRINSIC_APOPTOTIC_SIGNALING_PATHWAY","3/201","253/11404",0.827435926135556,0.887765818304185,0.779746774198129,"HSPA1A/BID/ZNF385B",3
"GOBP_LIPID_HOMEOSTASIS","GOBP_LIPID_HOMEOSTASIS","1/201","99/11404",0.829351801978228,0.889000894236689,0.78083157207433,"ADORA1",1
"GOBP_RESPONSE_TO_NUTRIENT","GOBP_RESPONSE_TO_NUTRIENT","1/201","99/11404",0.829351801978228,0.889000894236689,0.78083157207433,"MGMT",1
"GOBP_SENSORY_PERCEPTION_OF_LIGHT_STIMULUS","GOBP_SENSORY_PERCEPTION_OF_LIGHT_STIMULUS","1/201","100/11404",0.832385883163754,0.891842017675451,0.783327001376514,"RORB",1
"GOBP_CELL_AGING","GOBP_CELL_AGING","1/201","101/11404",0.835366282799643,0.894211145262049,0.785407864995302,"TERT",1
"GOBP_TRANSITION_METAL_ION_HOMEOSTASIS","GOBP_TRANSITION_METAL_ION_HOMEOSTASIS","1/201","101/11404",0.835366282799643,0.894211145262049,0.785407864995302,"MT1G",1
"GOBP_RESPONSE_TO_HYDROGEN_PEROXIDE","GOBP_RESPONSE_TO_HYDROGEN_PEROXIDE","1/201","102/11404",0.838293946000321,0.896932086723768,0.787797735481204,"EDN1",1
"GOBP_SPINDLE_ORGANIZATION","GOBP_SPINDLE_ORGANIZATION","2/201","184/11404",0.839136401781686,0.897420484886118,0.788226707721141,"HSPA1A/TRIM36",2
"GOBP_MITOCHONDRION_ORGANIZATION","GOBP_MITOCHONDRION_ORGANIZATION","6/201","469/11404",0.839966056625417,0.897894750185791,0.788643266716665,"HSPA1A/BID/EDN1/RAB38/HSPA1L/TERT",6
"GOBP_PROTEIN_LOCALIZATION_TO_NUCLEUS","GOBP_PROTEIN_LOCALIZATION_TO_NUCLEUS","3/201","261/11404",0.843002760663393,0.899719311991214,0.790245824680455,"SOX9/JUP/TERT",3
"GOBP_POSITIVE_REGULATION_OF_ORGANELLE_ORGANIZATION","GOBP_POSITIVE_REGULATION_OF_ORGANELLE_ORGANIZATION","5/201","403/11404",0.843420483712843,0.899719311991214,0.790245824680455,"HSPA1A/BID/TRPV4/EDN1/NAV3",5
"GOBP_GENE_SILENCING_BY_RNA","GOBP_GENE_SILENCING_BY_RNA","1/201","104/11404",0.843994761054984,0.899719311991214,0.790245824680455,"TERT",1
"GOBP_MITOCHONDRIAL_GENE_EXPRESSION","GOBP_MITOCHONDRIAL_GENE_EXPRESSION","1/201","104/11404",0.843994761054984,0.899719311991214,0.790245824680455,"SHMT2",1
"GOBP_RESPIRATORY_ELECTRON_TRANSPORT_CHAIN","GOBP_RESPIRATORY_ELECTRON_TRANSPORT_CHAIN","1/201","104/11404",0.843994761054984,0.899719311991214,0.790245824680455,"BID",1
"GOBP_RNA_3_END_PROCESSING","GOBP_RNA_3_END_PROCESSING","1/201","104/11404",0.843994761054984,0.899719311991214,0.790245824680455,"CPEB1",1
"GOBP_ORGANELLE_FISSION","GOBP_ORGANELLE_FISSION","5/201","404/11404",0.844948722650982,0.900323455620317,0.790776459039464,"HSPA1A/RPS6KA2/EDN1/TTN/HSPA2",5
"GOBP_ENSHEATHMENT_OF_NEURONS","GOBP_ENSHEATHMENT_OF_NEURONS","1/201","106/11404",0.849495563253941,0.904602676388348,0.794535004954565,"PTPRZ1",1
"GOBP_DEPHOSPHORYLATION","GOBP_DEPHOSPHORYLATION","4/201","337/11404",0.84974290117512,0.904602676388348,0.794535004954565,"PTPRB/ADORA1/CD33/PTPRZ1",4
"GOBP_ENERGY_DERIVATION_BY_OXIDATION_OF_ORGANIC_COMPOUNDS","GOBP_ENERGY_DERIVATION_BY_OXIDATION_OF_ORGANIC_COMPOUNDS","3/201","265/11404",0.850322905336518,0.904805837486226,0.794713446394241,"SHMT2/BID/TRPV4",3
"GOBP_NUCLEOBASE_CONTAINING_COMPOUND_TRANSPORT","GOBP_NUCLEOBASE_CONTAINING_COMPOUND_TRANSPORT","2/201","190/11404",0.851986050789555,0.90511766888654,0.79498733566039,"ADORA1/SLC25A32",2
"GOBP_CARBOHYDRATE_CATABOLIC_PROCESS","GOBP_CARBOHYDRATE_CATABOLIC_PROCESS","1/201","107/11404",0.852173151480703,0.90511766888654,0.79498733566039,"MGAM",1
"GOBP_NEGATIVE_REGULATION_OF_DNA_METABOLIC_PROCESS","GOBP_NEGATIVE_REGULATION_OF_DNA_METABOLIC_PROCESS","1/201","107/11404",0.852173151480703,0.90511766888654,0.79498733566039,"ANKRD1",1
"GOBP_REGULATION_OF_DOUBLE_STRAND_BREAK_REPAIR","GOBP_REGULATION_OF_DOUBLE_STRAND_BREAK_REPAIR","1/201","107/11404",0.852173151480703,0.90511766888654,0.79498733566039,"MGMT",1
"GOBP_MITOTIC_NUCLEAR_DIVISION","GOBP_MITOTIC_NUCLEAR_DIVISION","3/201","267/11404",0.853871007847516,0.90650689189291,0.796207524741255,"HSPA1A/EDN1/TTN",3
"GOBP_ERYTHROCYTE_HOMEOSTASIS","GOBP_ERYTHROCYTE_HOMEOSTASIS","1/201","108/11404",0.854803336180392,0.906668684589147,0.796349631285997,"HSPA1A",1
"GOBP_REGULATION_OF_JNK_CASCADE","GOBP_REGULATION_OF_JNK_CASCADE","1/201","108/11404",0.854803336180392,0.906668684589147,0.796349631285997,"TRPV4",1
"GOBP_REGULATION_OF_PROTEIN_STABILITY","GOBP_REGULATION_OF_PROTEIN_STABILITY","3/201","268/11404",0.855617549721341,0.907118469266812,0.796744688343006,"HSPA1A/CCDC88C/TERT",3
"GOBP_LYSOSOMAL_TRANSPORT","GOBP_LYSOSOMAL_TRANSPORT","1/201","109/11404",0.857386952454094,0.908166134148414,0.79766487843709,"HSPA1A",1
"GOBP_PROTEIN_TARGETING_TO_MEMBRANE","GOBP_PROTEIN_TARGETING_TO_MEMBRANE","1/201","109/11404",0.857386952454094,0.908166134148414,0.79766487843709,"ADORA1",1
"GOBP_ANTIGEN_RECEPTOR_MEDIATED_SIGNALING_PATHWAY","GOBP_ANTIGEN_RECEPTOR_MEDIATED_SIGNALING_PATHWAY","1/201","110/11404",0.859924820763676,0.908480391971207,0.797940898890386,"GBP1",1
"GOBP_CELLULAR_RESPONSE_TO_REACTIVE_OXYGEN_SPECIES","GOBP_CELLULAR_RESPONSE_TO_REACTIVE_OXYGEN_SPECIES","1/201","110/11404",0.859924820763676,0.908480391971207,0.797940898890386,"EDN1",1
"GOBP_MAINTENANCE_OF_CELL_NUMBER","GOBP_MAINTENANCE_OF_CELL_NUMBER","1/201","110/11404",0.859924820763676,0.908480391971207,0.797940898890386,"SOX9",1
"GOBP_POSITIVE_REGULATION_OF_MRNA_METABOLIC_PROCESS","GOBP_POSITIVE_REGULATION_OF_MRNA_METABOLIC_PROCESS","1/201","110/11404",0.859924820763676,0.908480391971207,0.797940898890386,"CPEB1",1
"GOBP_CELLULAR_RESPONSE_TO_EXTRACELLULAR_STIMULUS","GOBP_CELLULAR_RESPONSE_TO_EXTRACELLULAR_STIMULUS","2/201","194/11404",0.860028104399409,0.908480391971207,0.797940898890386,"UCP2/RRAGD",2
"GOBP_DNA_PACKAGING","GOBP_DNA_PACKAGING","2/201","194/11404",0.860028104399409,0.908480391971207,0.797940898890386,"SOX9/TTN",2
"GOBP_REGULATION_OF_CELL_CYCLE_PHASE_TRANSITION","GOBP_REGULATION_OF_CELL_CYCLE_PHASE_TRANSITION","4/201","344/11404",0.860691869852728,0.90876866367284,0.798194095087859,"BID/FHL1/TERT/HSPA2",4
"GOBP_LIPOPROTEIN_METABOLIC_PROCESS","GOBP_LIPOPROTEIN_METABOLIC_PROCESS","1/201","111/11404",0.862417747187131,0.909352046353777,0.798706494590301,"APOL6",1
"GOBP_PLACENTA_DEVELOPMENT","GOBP_PLACENTA_DEVELOPMENT","1/201","111/11404",0.862417747187131,0.909352046353777,0.798706494590301,"STOX2",1
"GOBP_REGULATION_OF_DNA_BIOSYNTHETIC_PROCESS","GOBP_REGULATION_OF_DNA_BIOSYNTHETIC_PROCESS","1/201","111/11404",0.862417747187131,0.909352046353777,0.798706494590301,"ANKRD1",1
"GOBP_REGULATION_OF_INTRACELLULAR_PROTEIN_TRANSPORT","GOBP_REGULATION_OF_INTRACELLULAR_PROTEIN_TRANSPORT","2/201","196/11404",0.863898218634148,0.910500162431729,0.799714913465785,"HSPA1L/JUP",2
"GOBP_T_CELL_PROLIFERATION","GOBP_T_CELL_PROLIFERATION","1/201","112/11404",0.864866523669499,0.911107688052372,0.800248518311987,"CD274",1
"GOBP_GLYCOSYLATION","GOBP_GLYCOSYLATION","2/201","197/11404",0.865796466012564,0.911674267880077,0.800746159450979,"ST6GAL1/ST8SIA2",2
"GOBP_NEGATIVE_REGULATION_OF_PROTEIN_CONTAINING_COMPLEX_ASSEMBLY","GOBP_NEGATIVE_REGULATION_OF_PROTEIN_CONTAINING_COMPLEX_ASSEMBLY","1/201","114/11404",0.869634725401469,0.915301374630338,0.803931937422911,"SOX9",1
"GOBP_PROTON_TRANSMEMBRANE_TRANSPORT","GOBP_PROTON_TRANSMEMBRANE_TRANSPORT","1/201","115/11404",0.871955666074127,0.916914031489075,0.805348374007382,"UCP2",1
"GOBP_REGULATION_OF_DNA_RECOMBINATION","GOBP_REGULATION_OF_DNA_RECOMBINATION","1/201","115/11404",0.871955666074127,0.916914031489075,0.805348374007382,"IL7R",1
"GOBP_NUCLEOSIDE_PHOSPHATE_BIOSYNTHETIC_PROCESS","GOBP_NUCLEOSIDE_PHOSPHATE_BIOSYNTHETIC_PROCESS","2/201","201/11404",0.873150087319659,0.917754951635717,0.806086975064309,"NMNAT2/ADCY1",2
"GOBP_CENTRAL_NERVOUS_SYSTEM_NEURON_DIFFERENTIATION","GOBP_CENTRAL_NERVOUS_SYSTEM_NEURON_DIFFERENTIATION","1/201","117/11404",0.8764749164448,0.920833339690086,0.808790799773069,"GLI2",1
"GOBP_GLIOGENESIS","GOBP_GLIOGENESIS","2/201","204/11404",0.878421096000509,0.922310876738032,0.810088557270756,"SOX9/PTPRZ1",2
"GOBP_PHOSPHATIDYLINOSITOL_BIOSYNTHETIC_PROCESS","GOBP_PHOSPHATIDYLINOSITOL_BIOSYNTHETIC_PROCESS","1/201","118/11404",0.878674663214943,0.922310876738032,0.810088557270756,"DGKE",1
"GOBP_ORGANOPHOSPHATE_CATABOLIC_PROCESS","GOBP_ORGANOPHOSPHATE_CATABOLIC_PROCESS","1/201","119/11404",0.880835428117813,0.923696706249762,0.811305765760968,"NUDT10",1
"GOBP_SPINDLE_ASSEMBLY","GOBP_SPINDLE_ASSEMBLY","1/201","119/11404",0.880835428117813,0.923696706249762,0.811305765760968,"HSPA1A",1
"GOBP_PROTEIN_TARGETING","GOBP_PROTEIN_TARGETING","3/201","284/11404",0.881186793316977,0.923696706249762,0.811305765760968,"BID/ADORA1/HSPA1L",3
"GOBP_REGULATION_OF_DNA_REPLICATION","GOBP_REGULATION_OF_DNA_REPLICATION","1/201","121/11404",0.885042749889097,0.92690287995142,0.814121827778496,"GLI2",1
"GOBP_REGULATION_OF_VIRAL_PROCESS","GOBP_REGULATION_OF_VIRAL_PROCESS","1/201","121/11404",0.885042749889097,0.92690287995142,0.814121827778496,"TRIM22",1
"GOBP_REGULATION_OF_DNA_METABOLIC_PROCESS","GOBP_REGULATION_OF_DNA_METABOLIC_PROCESS","4/201","362/11404",0.885779272766149,0.927256555236964,0.814432469568629,"ANXA3/ANKRD1/MGMT/IL7R",4
"GOBP_MITOTIC_SPINDLE_ORGANIZATION","GOBP_MITOTIC_SPINDLE_ORGANIZATION","1/201","122/11404",0.887090645597002,0.927793860104827,0.814904397783074,"HSPA1A",1
"GOBP_NEGATIVE_REGULATION_OF_DNA_BINDING_TRANSCRIPTION_FACTOR_ACTIVITY","GOBP_NEGATIVE_REGULATION_OF_DNA_BINDING_TRANSCRIPTION_FACTOR_ACTIVITY","1/201","122/11404",0.887090645597002,0.927793860104827,0.814904397783074,"NLRP3",1
"GOBP_GLYCOPROTEIN_METABOLIC_PROCESS","GOBP_GLYCOPROTEIN_METABOLIC_PROCESS","3/201","289/11404",0.888312898581933,0.928227526837413,0.815285298048481,"ST6GAL1/ST8SIA2/HS3ST3B1",3
"GOBP_POSITIVE_REGULATION_OF_DNA_METABOLIC_PROCESS","GOBP_POSITIVE_REGULATION_OF_DNA_METABOLIC_PROCESS","2/201","210/11404",0.888364285772266,0.928227526837413,0.815285298048481,"ANXA3/MGMT",2
"GOBP_PROTEIN_HOMOOLIGOMERIZATION","GOBP_PROTEIN_HOMOOLIGOMERIZATION","1/201","123/11404",0.889102237534159,0.928227526837413,0.815285298048481,"SHMT2",1
"GOBP_REGULATION_OF_ACTIN_FILAMENT_LENGTH","GOBP_REGULATION_OF_ACTIN_FILAMENT_LENGTH","1/201","123/11404",0.889102237534159,0.928227526837413,0.815285298048481,"CYRIA",1
"GOBP_CHROMATIN_REMODELING","GOBP_CHROMATIN_REMODELING","2/201","212/11404",0.891508372724047,0.930321798286988,0.817124748693495,"SOX9/FOXA1",2
"GOBP_REGULATION_OF_MRNA_PROCESSING","GOBP_REGULATION_OF_MRNA_PROCESSING","1/201","126/11404",0.894925538798252,0.933468765233708,0.819888807947207,"CPEB1",1
"GOBP_TELOMERE_MAINTENANCE","GOBP_TELOMERE_MAINTENANCE","1/201","127/11404",0.896798208305394,0.93500261628253,0.821236027430949,"TERT",1
"GOBP_REGULATION_OF_VESICLE_MEDIATED_TRANSPORT","GOBP_REGULATION_OF_VESICLE_MEDIATED_TRANSPORT","4/201","372/11404",0.897952160305454,0.935786092653599,0.821924174192635,"RAB15/IL13RA2/ADCY1/APBA1",4
"GOBP_CARBOHYDRATE_DERIVATIVE_CATABOLIC_PROCESS","GOBP_CARBOHYDRATE_DERIVATIVE_CATABOLIC_PROCESS","1/201","130/11404",0.90221927790396,0.939390873769237,0.825090343005012,"NUDT10",1
"GOBP_RESPONSE_TO_IONIZING_RADIATION","GOBP_RESPONSE_TO_IONIZING_RADIATION","1/201","130/11404",0.90221927790396,0.939390873769237,0.825090343005012,"MGMT",1
"GOBP_REGULATION_OF_BINDING","GOBP_REGULATION_OF_BINDING","3/201","301/11404",0.903886948273938,0.940363751933674,0.825944846067381,"LOX/HOPX/TERT",3
"GOBP_NUCLEOSOME_ORGANIZATION","GOBP_NUCLEOSOME_ORGANIZATION","1/201","131/11404",0.903962574439467,0.940363751933674,0.825944846067381,"SOX9",1
"GOBP_JNK_CASCADE","GOBP_JNK_CASCADE","1/201","132/11404",0.905674942268587,0.940995588176301,0.826499803536853,"TRPV4",1
"GOBP_PROTEIN_CONTAINING_COMPLEX_LOCALIZATION","GOBP_PROTEIN_CONTAINING_COMPLEX_LOCALIZATION","1/201","132/11404",0.905674942268587,0.940995588176301,0.826499803536853,"GPC4",1
"GOBP_MITOTIC_CELL_CYCLE_PHASE_TRANSITION","GOBP_MITOTIC_CELL_CYCLE_PHASE_TRANSITION","4/201","379/11404",0.905784140360671,0.940995588176301,0.826499803536853,"BID/FHL1/TERT/HSPA2",4
"GOBP_LYMPHOCYTE_ACTIVATION","GOBP_LYMPHOCYTE_ACTIVATION","5/201","454/11404",0.907050215773195,0.941890018612183,0.827285404010248,"DOCK11/CD274/NLRP3/GLI2/IL7R",5
"GOBP_PROTEIN_POLYUBIQUITINATION","GOBP_PROTEIN_POLYUBIQUITINATION","2/201","225/11404",0.910027792896441,0.9445600975376,0.829630600666868,"RNF180/TRIM22",2
"GOBP_GOLGI_ORGANIZATION","GOBP_GOLGI_ORGANIZATION","1/201","135/11404",0.910631885991128,0.944765343565093,0.829810873352023,"ATP8B1",1
"GOBP_ESTABLISHMENT_OF_PROTEIN_LOCALIZATION_TO_MEMBRANE","GOBP_ESTABLISHMENT_OF_PROTEIN_LOCALIZATION_TO_MEMBRANE","2/201","226/11404",0.911323022506491,0.945060672313824,0.830070267929289,"BID/ADORA1",2
"GOBP_GASTRULATION","GOBP_GASTRULATION","1/201","136/11404",0.912225904175154,0.945575223899792,0.830522211370954,"COL5A2",1
"GOBP_REGULATION_OF_CELL_DIVISION","GOBP_REGULATION_OF_CELL_DIVISION","1/201","137/11404",0.913791629526662,0.945856255046959,0.830769048009553,"FGF1",1
"GOBP_REGULATION_OF_RNA_SPLICING","GOBP_REGULATION_OF_RNA_SPLICING","1/201","137/11404",0.913791629526662,0.945856255046959,0.830769048009553,"HSPA1A",1
"GOBP_REGULATION_OF_CELLULAR_PROTEIN_CATABOLIC_PROCESS","GOBP_REGULATION_OF_CELLULAR_PROTEIN_CATABOLIC_PROCESS","2/201","229/11404",0.915105110146754,0.945856255046959,0.830769048009553,"HSPA1A/RNF180",2
"GOBP_REGULATION_OF_SMALL_MOLECULE_METABOLIC_PROCESS","GOBP_REGULATION_OF_SMALL_MOLECULE_METABOLIC_PROCESS","2/201","229/11404",0.915105110146754,0.945856255046959,0.830769048009553,"SOX9/FGF1",2
"GOBP_CELLULAR_KETONE_METABOLIC_PROCESS","GOBP_CELLULAR_KETONE_METABOLIC_PROCESS","1/201","138/11404",0.915329561759301,0.945856255046959,0.830769048009553,"SOX9",1
"GOBP_PHOSPHATIDYLINOSITOL_METABOLIC_PROCESS","GOBP_PHOSPHATIDYLINOSITOL_METABOLIC_PROCESS","1/201","138/11404",0.915329561759301,0.945856255046959,0.830769048009553,"DGKE",1
"GOBP_PURINE_CONTAINING_COMPOUND_METABOLIC_PROCESS","GOBP_PURINE_CONTAINING_COMPOUND_METABOLIC_PROCESS","3/201","311/11404",0.91534476294867,0.945856255046959,0.830769048009553,"SHMT2/NUDT10/ADCY1",3
"GOBP_POSTTRANSCRIPTIONAL_REGULATION_OF_GENE_EXPRESSION","GOBP_POSTTRANSCRIPTIONAL_REGULATION_OF_GENE_EXPRESSION","5/201","465/11404",0.917382361867483,0.947540644754286,0.832248489337097,"DAPK1/SHMT2/CPEB1/RGS2/TERT",5
"GOBP_IMPORT_INTO_NUCLEUS","GOBP_IMPORT_INTO_NUCLEUS","1/201","141/11404",0.919781466062279,0.949596762253463,0.834054428419567,"JUP",1
"GOBP_VACUOLAR_TRANSPORT","GOBP_VACUOLAR_TRANSPORT","1/201","142/11404",0.92121304959433,0.950652614428236,0.834981809616651,"HSPA1A",1
"GOBP_REGULATION_OF_CELLULAR_AMIDE_METABOLIC_PROCESS","GOBP_REGULATION_OF_CELLULAR_AMIDE_METABOLIC_PROCESS","4/201","395/11404",0.921728328758208,0.950762362184043,0.83507820379719,"DAPK1/SHMT2/CPEB1/RGS2",4
"GOBP_ELECTRON_TRANSPORT_CHAIN","GOBP_ELECTRON_TRANSPORT_CHAIN","1/201","144/11404",0.924000396160999,0.952683335287948,0.836765442199715,"BID",1
"GOBP_CYTOPLASMIC_TRANSLATION","GOBP_CYTOPLASMIC_TRANSLATION","1/201","145/11404",0.925357049835213,0.953659193646662,0.837622562840758,"CPEB1",1
"GOBP_REGULATION_OF_DNA_REPAIR","GOBP_REGULATION_OF_DNA_REPAIR","1/201","146/11404",0.926689604501091,0.954186594537217,0.838085792145875,"MGMT",1
"GOBP_TELOMERE_ORGANIZATION","GOBP_TELOMERE_ORGANIZATION","1/201","146/11404",0.926689604501091,0.954186594537217,0.838085792145875,"TERT",1
"GOBP_GLUCOSE_METABOLIC_PROCESS","GOBP_GLUCOSE_METABOLIC_PROCESS","1/201","147/11404",0.927998486140394,0.954266466287668,0.838155945488659,"PGM5",1
"GOBP_IMMUNE_RESPONSE_REGULATING_CELL_SURFACE_RECEPTOR_SIGNALING_PATHWAY","GOBP_IMMUNE_RESPONSE_REGULATING_CELL_SURFACE_RECEPTOR_SIGNALING_PATHWAY","1/201","147/11404",0.927998486140394,0.954266466287668,0.838155945488659,"GBP1",1
"GOBP_POSITIVE_REGULATION_OF_BINDING","GOBP_POSITIVE_REGULATION_OF_BINDING","1/201","147/11404",0.927998486140394,0.954266466287668,0.838155945488659,"TERT",1
"GOBP_REGULATION_OF_MACROAUTOPHAGY","GOBP_REGULATION_OF_MACROAUTOPHAGY","1/201","148/11404",0.929284113242267,0.955166031515593,0.838946055977476,"UCHL1",1
"GOBP_CELLULAR_RESPONSE_TO_RADIATION","GOBP_CELLULAR_RESPONSE_TO_RADIATION","1/201","151/11404",0.933005542563351,0.958143942782593,0.841561629427609,"MGMT",1
"GOBP_NEGATIVE_REGULATION_OF_MITOTIC_CELL_CYCLE_PHASE_TRANSITION","GOBP_NEGATIVE_REGULATION_OF_MITOTIC_CELL_CYCLE_PHASE_TRANSITION","1/201","151/11404",0.933005542563351,0.958143942782593,0.841561629427609,"FHL1",1
"GOBP_NEGATIVE_REGULATION_OF_CELL_CYCLE_PROCESS","GOBP_NEGATIVE_REGULATION_OF_CELL_CYCLE_PROCESS","2/201","249/11404",0.936709321097733,0.961522813047341,0.844529375127037,"RPS6KA2/FHL1",2
"GOBP_PROTEIN_DNA_COMPLEX_ASSEMBLY","GOBP_PROTEIN_DNA_COMPLEX_ASSEMBLY","1/201","157/11404",0.939873809755948,0.964345369674571,0.847008496737371,"SOX9",1
"GOBP_CYTOSOLIC_TRANSPORT","GOBP_CYTOSOLIC_TRANSPORT","1/201","158/11404",0.94094835089928,0.965022018456473,0.847602814173428,"PPFIA2",1
"GOBP_REGULATION_OF_PROTEIN_CATABOLIC_PROCESS","GOBP_REGULATION_OF_PROTEIN_CATABOLIC_PROCESS","3/201","341/11404",0.942675225074529,0.966315129102278,0.848738585380156,"HSPA1A/SOX9/RNF180",3
"GOBP_RIBOSE_PHOSPHATE_BIOSYNTHETIC_PROCESS","GOBP_RIBOSE_PHOSPHATE_BIOSYNTHETIC_PROCESS","1/201","160/11404",0.94304044212175,0.966315129102278,0.848738585380156,"ADCY1",1
"GOBP_MITOTIC_SISTER_CHROMATID_SEGREGATION","GOBP_MITOTIC_SISTER_CHROMATID_SEGREGATION","1/201","162/11404",0.945058770123981,0.967530444975014,0.849806027504936,"TTN",1
"GOBP_REGULATION_OF_HISTONE_MODIFICATION","GOBP_REGULATION_OF_HISTONE_MODIFICATION","1/201","162/11404",0.945058770123981,0.967530444975014,0.849806027504936,"JDP2",1
"GOBP_SULFUR_COMPOUND_METABOLIC_PROCESS","GOBP_SULFUR_COMPOUND_METABOLIC_PROCESS","2/201","260/11404",0.946264936195413,0.968338898175323,0.850516112036277,"STAT5A/HS3ST3B1",2
"GOBP_VESICLE_LOCALIZATION","GOBP_VESICLE_LOCALIZATION","1/201","164/11404",0.947005923112565,0.968670818845892,0.850807646207598,"PPFIA2",1
"GOBP_PROTEIN_STABILIZATION","GOBP_PROTEIN_STABILIZATION","1/201","165/11404",0.947953592992847,0.969213765922766,0.851284530114393,"HSPA1A",1
"GOBP_NUCLEOBASE_CONTAINING_SMALL_MOLECULE_METABOLIC_PROCESS","GOBP_NUCLEOBASE_CONTAINING_SMALL_MOLECULE_METABOLIC_PROCESS","4/201","433/11404",0.950355966787352,0.971164153747831,0.852997604197303,"SHMT2/NMNAT2/NUDT10/ADCY1",4
"GOBP_VACUOLE_ORGANIZATION","GOBP_VACUOLE_ORGANIZATION","1/201","168/11404",0.950696608141963,0.971164153747831,0.852997604197303,"ATP10B",1
"GOBP_PROTEIN_AUTOPHOSPHORYLATION","GOBP_PROTEIN_AUTOPHOSPHORYLATION","1/201","177/11404",0.958092003178876,0.978288936052212,0.859255477505961,"DAPK1",1
"GOBP_CHROMATIN_ASSEMBLY_OR_DISASSEMBLY","GOBP_CHROMATIN_ASSEMBLY_OR_DISASSEMBLY","1/201","180/11404",0.960303009539324,0.980116109384956,0.860860329239078,"SOX9",1
"GOBP_ACTIVATION_OF_IMMUNE_RESPONSE","GOBP_ACTIVATION_OF_IMMUNE_RESPONSE","1/201","183/11404",0.962397916098498,0.981823236037301,0.862359740990317,"GBP1",1
"GOBP_CELL_CYCLE_PHASE_TRANSITION","GOBP_CELL_CYCLE_PHASE_TRANSITION","4/201","458/11404",0.963591492306175,0.981892767253915,0.862420811985329,"BID/FHL1/TERT/HSPA2",4
"GOBP_REGULATION_OF_INTRACELLULAR_TRANSPORT","GOBP_REGULATION_OF_INTRACELLULAR_TRANSPORT","2/201","286/11404",0.963702861515562,0.981892767253915,0.862420811985329,"HSPA1L/JUP",2
"GOBP_PROTEIN_IMPORT","GOBP_PROTEIN_IMPORT","1/201","185/11404",0.96373303005309,0.981892767253915,0.862420811985329,"JUP",1
"GOBP_CELLULAR_NITROGEN_COMPOUND_CATABOLIC_PROCESS","GOBP_CELLULAR_NITROGEN_COMPOUND_CATABOLIC_PROCESS","3/201","376/11404",0.964180982778177,0.981918872080272,0.862443740502876,"HSPA1A/ALDH1L2/NUDT10",3
"GOBP_DNA_CONFORMATION_CHANGE","GOBP_DNA_CONFORMATION_CHANGE","2/201","289/11404",0.965325335282939,0.982653854874271,0.863089294151029,"SOX9/TTN",2
"GOBP_SISTER_CHROMATID_SEGREGATION","GOBP_SISTER_CHROMATID_SEGREGATION","1/201","190/11404",0.966868026245756,0.98350271534612,0.863834869392857,"TTN",1
"GOBP_PROTEASOME_MEDIATED_UBIQUITIN_DEPENDENT_PROTEIN_CATABOLIC_PROCESS","GOBP_PROTEASOME_MEDIATED_UBIQUITIN_DEPENDENT_PROTEIN_CATABOLIC_PROCESS","3/201","382/11404",0.96700525044354,0.98350271534612,0.863834869392857,"HSPA1A/UCHL1/RNF180",3
"GOBP_NEGATIVE_REGULATION_OF_MITOTIC_CELL_CYCLE","GOBP_NEGATIVE_REGULATION_OF_MITOTIC_CELL_CYCLE","1/201","191/11404",0.96746188452332,0.983536896159475,0.863864891250427,"FHL1",1
"GOBP_MONOSACCHARIDE_METABOLIC_PROCESS","GOBP_MONOSACCHARIDE_METABOLIC_PROCESS","1/201","196/11404",0.970276001720592,0.985966653846318,0.865999007792578,"PGM5",1
"GOBP_RIBOSE_PHOSPHATE_METABOLIC_PROCESS","GOBP_RIBOSE_PHOSPHATE_METABOLIC_PROCESS","2/201","306/11404",0.973285580677731,0.988265505521681,0.868018146332568,"NUDT10/ADCY1",2
"GOBP_PROTEIN_DNA_COMPLEX_SUBUNIT_ORGANIZATION","GOBP_PROTEIN_DNA_COMPLEX_SUBUNIT_ORGANIZATION","1/201","203/11404",0.973813450817278,0.988265505521681,0.868018146332568,"SOX9",1
"GOBP_REGULATION_OF_ORGANELLE_ASSEMBLY","GOBP_REGULATION_OF_ORGANELLE_ASSEMBLY","1/201","203/11404",0.973813450817278,0.988265505521681,0.868018146332568,"HSPA1A",1
"GOBP_PROCESS_UTILIZING_AUTOPHAGIC_MECHANISM","GOBP_PROCESS_UTILIZING_AUTOPHAGIC_MECHANISM","4/201","487/11404",0.974831102424036,0.988839804391789,0.868522567298278,"DAPK1/UCHL1/RRAGD/TRIM22",4
"GOBP_ORGANIC_CYCLIC_COMPOUND_CATABOLIC_PROCESS","GOBP_ORGANIC_CYCLIC_COMPOUND_CATABOLIC_PROCESS","3/201","403/11404",0.975328200298786,0.988839804391789,0.868522567298278,"HSPA1A/ALDH1L2/NUDT10",3
"GOBP_NEGATIVE_REGULATION_OF_CELL_CYCLE","GOBP_NEGATIVE_REGULATION_OF_CELL_CYCLE","2/201","313/11404",0.976024781527984,0.988839804391789,0.868522567298278,"RPS6KA2/FHL1",2
"GOBP_CELLULAR_CARBOHYDRATE_METABOLIC_PROCESS","GOBP_CELLULAR_CARBOHYDRATE_METABOLIC_PROCESS","1/201","208/11404",0.976080581109315,0.988839804391789,0.868522567298278,"MGAM",1
"GOBP_CARBOHYDRATE_DERIVATIVE_BIOSYNTHETIC_PROCESS","GOBP_CARBOHYDRATE_DERIVATIVE_BIOSYNTHETIC_PROCESS","4/201","493/11404",0.976710009886567,0.98904650391388,0.868704116623849,"ST6GAL1/ST8SIA2/HS3ST3B1/ADCY1",4
"GOBP_MRNA_CATABOLIC_PROCESS","GOBP_MRNA_CATABOLIC_PROCESS","1/201","211/11404",0.977345967015526,0.989240737206822,0.868874716550644,"HSPA1A",1
"GOBP_NEGATIVE_REGULATION_OF_CELL_CYCLE_PHASE_TRANSITION","GOBP_NEGATIVE_REGULATION_OF_CELL_CYCLE_PHASE_TRANSITION","1/201","212/11404",0.977752780258614,0.989240737206822,0.868874716550644,"FHL1",1
"GOBP_RESPONSE_TO_RADIATION","GOBP_RESPONSE_TO_RADIATION","2/201","332/11404",0.982164401721138,0.993243311183355,0.872390276715657,"MGMT/TAFA2",2
"GOBP_RESPONSE_TO_ENDOPLASMIC_RETICULUM_STRESS","GOBP_RESPONSE_TO_ENDOPLASMIC_RETICULUM_STRESS","1/201","226/11404",0.98274065919219,0.993243311183355,0.872390276715657,"HSPA1A",1
"GOBP_ENDOMEMBRANE_SYSTEM_ORGANIZATION","GOBP_ENDOMEMBRANE_SYSTEM_ORGANIZATION","3/201","430/11404",0.983139254734958,0.993243311183355,0.872390276715657,"AR/RAB38/ATP8B1",3
"GOBP_RESPONSE_TO_LIGHT_STIMULUS","GOBP_RESPONSE_TO_LIGHT_STIMULUS","1/201","229/11404",0.983655157249678,0.993243311183355,0.872390276715657,"TAFA2",1
"GOBP_CARBOHYDRATE_METABOLIC_PROCESS","GOBP_CARBOHYDRATE_METABOLIC_PROCESS","3/201","433/11404",0.983844879851727,0.993243311183355,0.872390276715657,"ST8SIA2/MGAM/PGM5",3
"GOBP_HISTONE_MODIFICATION","GOBP_HISTONE_MODIFICATION","3/201","444/11404",0.986199015850735,0.995187808963958,0.874098177426182,"KDM7A/JDP2/HOPX",3
"GOBP_PROTEASOMAL_PROTEIN_CATABOLIC_PROCESS","GOBP_PROTEASOMAL_PROTEIN_CATABOLIC_PROCESS","3/201","451/11404",0.98752258986374,0.995915772857654,0.874737566199818,"HSPA1A/UCHL1/RNF180",3
"GOBP_NUCLEAR_CHROMOSOME_SEGREGATION","GOBP_NUCLEAR_CHROMOSOME_SEGREGATION","1/201","245/11404",0.987777106326774,0.995915772857654,0.874737566199818,"TTN",1
"GOBP_RNA_CATABOLIC_PROCESS","GOBP_RNA_CATABOLIC_PROCESS","1/201","251/11404",0.989040280647335,0.996169729844286,0.874960622930578,"HSPA1A",1
"GOBP_CELL_PROJECTION_ASSEMBLY","GOBP_CELL_PROJECTION_ASSEMBLY","3/201","466/11404",0.989962065350842,0.996169729844286,0.874960622930578,"DOCK11/ATP8B1/COBL",3
"GOBP_DOUBLE_STRAND_BREAK_REPAIR","GOBP_DOUBLE_STRAND_BREAK_REPAIR","1/201","257/11404",0.990173494367106,0.996169729844286,0.874960622930578,"MGMT",1
"GOBP_REGULATION_OF_MRNA_METABOLIC_PROCESS","GOBP_REGULATION_OF_MRNA_METABOLIC_PROCESS","1/201","257/11404",0.990173494367106,0.996169729844286,0.874960622930578,"CPEB1",1
"GOBP_NEGATIVE_REGULATION_OF_CATABOLIC_PROCESS","GOBP_NEGATIVE_REGULATION_OF_CATABOLIC_PROCESS","1/201","260/11404",0.990695580370271,0.996169729844286,0.874960622930578,"ADORA1",1
"GOBP_VESICLE_ORGANIZATION","GOBP_VESICLE_ORGANIZATION","1/201","260/11404",0.990695580370271,0.996169729844286,0.874960622930578,"RAB38",1
"GOBP_PEPTIDYL_SERINE_MODIFICATION","GOBP_PEPTIDYL_SERINE_MODIFICATION","1/201","262/11404",0.991028208657993,0.996169729844286,0.874960622930578,"RPS6KA2",1
"GOBP_DNA_REPLICATION","GOBP_DNA_REPLICATION","1/201","266/11404",0.991658381516397,0.99637240148039,0.875138634463817,"GLI2",1
"GOBP_DNA_RECOMBINATION","GOBP_DNA_RECOMBINATION","1/201","274/11404",0.99278961860355,0.997032765150472,0.875718648281569,"IL7R",1
"GOBP_NUCLEAR_TRANSPORT","GOBP_NUCLEAR_TRANSPORT","1/201","277/11404",0.993173283478922,0.997032765150472,0.875718648281569,"JUP",1
"GOBP_CHROMATIN_ORGANIZATION","GOBP_CHROMATIN_ORGANIZATION","3/201","499/11404",0.993822471433602,0.997253882642695,0.875912861268513,"KDM7A/SOX9/FOXA1",3
"GOBP_MACROAUTOPHAGY","GOBP_MACROAUTOPHAGY","1/201","288/11404",0.994414185076302,0.997417161476446,0.876056273124756,"UCHL1",1
"GOBP_CHROMOSOME_SEGREGATION","GOBP_CHROMOSOME_SEGREGATION","1/201","304/11404",0.995829353735697,0.99840588505196,0.876924693605343,"TTN",1
"GOBP_METHYLATION","GOBP_METHYLATION","1/201","320/11404",0.996887312877845,0.99903577691422,0.877477943277232,"MGMT",1
"GOBP_PEPTIDYL_LYSINE_MODIFICATION","GOBP_PEPTIDYL_LYSINE_MODIFICATION","1/201","357/11404",0.998420278290916,0.99988115926767,0.878220463601258,"LOX",1
"GOBP_RNA_SPLICING","GOBP_RNA_SPLICING","1/201","380/11404",0.99896491344522,0.99988115926767,0.878220463601258,"HSPA1A",1
"GOBP_ENDOCYTOSIS","GOBP_ENDOCYTOSIS","1/201","413/11404",0.999436532884724,0.99988115926767,0.878220463601258,"SCARF2",1
"GOBP_MRNA_PROCESSING","GOBP_MRNA_PROCESSING","1/201","432/11404",0.999603317480342,0.99988115926767,0.878220463601258,"CPEB1",1
"GOBP_DNA_REPAIR","GOBP_DNA_REPAIR","1/201","497/11404",0.99988115926767,0.99988115926767,0.878220463601258,"MGMT",1
