"ID","Description","GeneRatio","BgRatio","pvalue","p.adjust","qvalue","geneID","Count"
"GOBP_PEPTIDE_ANTIGEN_ASSEMBLY_WITH_MHC_CLASS_II_PROTEIN_COMPLEX","GOBP_PEPTIDE_ANTIGEN_ASSEMBLY_WITH_MHC_CLASS_II_PROTEIN_COMPLEX","12/219","13/11404",2.37967774524852e-20,6.27045085872985e-17,4.78690965386307e-17,"HLA-DRA/HLA-DPB1/HLA-DPA1/HLA-DQB1/HLA-DRB1/HLA-DQA1/HLA-DRB5/HLA-DMB/HLA-DMA/HLA-DQB2/HLA-DOA/HLA-DOB",12
"GOBP_ANTIGEN_PROCESSING_AND_PRESENTATION_OF_EXOGENOUS_PEPTIDE_ANTIGEN","GOBP_ANTIGEN_PROCESSING_AND_PRESENTATION_OF_EXOGENOUS_PEPTIDE_ANTIGEN","15/219","33/11404",8.41914881625722e-18,9.29825239225606e-15,7.09835626549539e-15,"HLA-DRA/HLA-DPB1/HLA-DPA1/HLA-DQB1/HLA-DRB1/HLA-DQA1/HLA-DRB5/CD74/HLA-DMB/HLA-DMA/HLA-E/HLA-F/HLA-DQB2/HLA-DOA/HLA-DOB",15
"GOBP_PEPTIDE_ANTIGEN_ASSEMBLY_WITH_MHC_PROTEIN_COMPLEX","GOBP_PEPTIDE_ANTIGEN_ASSEMBLY_WITH_MHC_PROTEIN_COMPLEX","12/219","17/11404",1.05862456078817e-17,9.29825239225606e-15,7.09835626549539e-15,"HLA-DRA/HLA-DPB1/HLA-DPA1/HLA-DQB1/HLA-DRB1/HLA-DQA1/HLA-DRB5/HLA-DMB/HLA-DMA/HLA-DQB2/HLA-DOA/HLA-DOB",12
"GOBP_ANTIGEN_PROCESSING_AND_PRESENTATION_OF_EXOGENOUS_ANTIGEN","GOBP_ANTIGEN_PROCESSING_AND_PRESENTATION_OF_EXOGENOUS_ANTIGEN","15/219","37/11404",7.10339936657249e-17,4.67936433272963e-14,3.57226215513685e-14,"HLA-DRA/HLA-DPB1/HLA-DPA1/HLA-DQB1/HLA-DRB1/HLA-DQA1/HLA-DRB5/CD74/HLA-DMB/HLA-DMA/HLA-E/HLA-F/HLA-DQB2/HLA-DOA/HLA-DOB",15
"GOBP_ANTIGEN_PROCESSING_AND_PRESENTATION_OF_EXOGENOUS_PEPTIDE_ANTIGEN_VIA_MHC_CLASS_II","GOBP_ANTIGEN_PROCESSING_AND_PRESENTATION_OF_EXOGENOUS_PEPTIDE_ANTIGEN_VIA_MHC_CLASS_II","13/219","26/11404",2.8231871503466e-16,1.48781962823266e-13,1.13581276722365e-13,"HLA-DRA/HLA-DPB1/HLA-DPA1/HLA-DQB1/HLA-DRB1/HLA-DQA1/HLA-DRB5/CD74/HLA-DMB/HLA-DMA/HLA-DQB2/HLA-DOA/HLA-DOB",13
"GOBP_ANTIGEN_PROCESSING_AND_PRESENTATION_OF_PEPTIDE_ANTIGEN","GOBP_ANTIGEN_PROCESSING_AND_PRESENTATION_OF_PEPTIDE_ANTIGEN","16/219","50/11404",5.46179031463006e-16,2.39863624650837e-13,1.83113706864176e-13,"HLA-DRA/HLA-DPB1/HLA-DPA1/HLA-DQB1/HLA-DRB1/HLA-DQA1/HLA-DRB5/CD74/HLA-DMB/HLA-DMA/HLA-E/HLA-B/HLA-F/HLA-DQB2/HLA-DOA/HLA-DOB",16
"GOBP_ANTIGEN_PROCESSING_AND_PRESENTATION_OF_PEPTIDE_OR_POLYSACCHARIDE_ANTIGEN_VIA_MHC_CLASS_II","GOBP_ANTIGEN_PROCESSING_AND_PRESENTATION_OF_PEPTIDE_OR_POLYSACCHARIDE_ANTIGEN_VIA_MHC_CLASS_II","13/219","29/11404",1.75088516327051e-15,6.59083200745399e-13,5.03149104813525e-13,"HLA-DRA/HLA-DPB1/HLA-DPA1/HLA-DQB1/HLA-DRB1/HLA-DQA1/HLA-DRB5/CD74/HLA-DMB/HLA-DMA/HLA-DQB2/HLA-DOA/HLA-DOB",13
"GOBP_B_CELL_MEDIATED_IMMUNITY","GOBP_B_CELL_MEDIATED_IMMUNITY","18/219","85/11404",2.42753383045737e-14,7.99568955406897e-12,6.10396993421584e-12,"HLA-DRA/HLA-DPB1/HLA-DPA1/HLA-DQB1/HLA-DRB1/HLA-DQA1/HLA-DRB5/CD74/HLA-DMB/HLA-DMA/HLA-E/HLA-DQB2/TGFB1/C1R/HLA-DOA/C1RL/HLA-DOB/CD70",18
"GOBP_ADAPTIVE_IMMUNE_RESPONSE_BASED_ON_SOMATIC_RECOMBINATION_OF_IMMUNE_RECEPTORS_BUILT_FROM_IMMUNOGLOBULIN_SUPERFAMILY_DOMAINS","GOBP_ADAPTIVE_IMMUNE_RESPONSE_BASED_ON_SOMATIC_RECOMBINATION_OF_IMMUNE_RECEPTORS_BUILT_FROM_IMMUNOGLOBULIN_SUPERFAMILY_DOMAINS","24/219","179/11404",4.97872643577884e-14,1.45766046203081e-11,1.11278903143548e-11,"HLA-DRA/HLA-DPB1/HLA-DPA1/HLA-DQB1/HLA-DRB1/HLA-DQA1/HLA-DRB5/CD74/HLA-DMB/HLA-DMA/HLA-E/HLA-B/HLA-F/HLA-DQB2/TGFB1/C1R/RORA/HLA-DOA/TRPM4/ADA/C1RL/HLA-DOB/CD70/IL6",24
"GOBP_POSITIVE_REGULATION_OF_CELL_ACTIVATION","GOBP_POSITIVE_REGULATION_OF_CELL_ACTIVATION","25/219","221/11404",7.39961737574404e-13,1.94979917850855e-10,1.48849145316283e-10,"HLA-DRA/HLA-DPB1/HLA-DPA1/HLA-DQB1/HLA-DRB1/HLA-DQA1/HLA-DRB5/CD74/HLA-DMB/HLA-DMA/HLA-E/WNT5A/HLA-F/HLA-DQB2/TGFB1/HES1/HLA-DOA/ACTA2/ADA/NFATC2/HLA-DOB/CD70/TNFSF9/IL6/CD38",25
"GOBP_ANTIGEN_PROCESSING_AND_PRESENTATION","GOBP_ANTIGEN_PROCESSING_AND_PRESENTATION","16/219","77/11404",9.59937630019262e-13,2.13944469381584e-10,1.63326827519507e-10,"HLA-DRA/HLA-DPB1/HLA-DPA1/HLA-DQB1/HLA-DRB1/HLA-DQA1/HLA-DRB5/CD74/HLA-DMB/HLA-DMA/HLA-E/HLA-B/HLA-F/HLA-DQB2/HLA-DOA/HLA-DOB",16
"GOBP_LYMPHOCYTE_MEDIATED_IMMUNITY","GOBP_LYMPHOCYTE_MEDIATED_IMMUNITY","22/219","168/11404",9.74320164166605e-13,2.13944469381584e-10,1.63326827519507e-10,"HLA-DRA/HLA-DPB1/HLA-DPA1/HLA-DQB1/HLA-DRB1/HLA-DQA1/HLA-DRB5/CD74/HLA-DMB/HLA-DMA/HLA-E/HLA-B/HLA-F/HLA-DQB2/TGFB1/C1R/HLA-DOA/TRPM4/C1RL/HLA-DOB/CD70/IL6",22
"GOBP_ADAPTIVE_IMMUNE_RESPONSE","GOBP_ADAPTIVE_IMMUNE_RESPONSE","25/219","246/11404",8.23504849904712e-12,1.66918098422994e-09,1.27426539932624e-09,"HLA-DRA/HLA-DPB1/HLA-DPA1/HLA-DQB1/HLA-DRB1/HLA-DQA1/HLA-DRB5/CD74/HLA-DMB/HLA-DMA/HLA-E/HLA-B/HLA-F/HLA-DQB2/TGFB1/C1R/RORA/HLA-DOA/TRPM4/ADA/C1RL/TNFRSF11A/HLA-DOB/CD70/IL6",25
"GOBP_IMMUNOGLOBULIN_PRODUCTION_INVOLVED_IN_IMMUNOGLOBULIN_MEDIATED_IMMUNE_RESPONSE","GOBP_IMMUNOGLOBULIN_PRODUCTION_INVOLVED_IN_IMMUNOGLOBULIN_MEDIATED_IMMUNE_RESPONSE","13/219","54/11404",1.87240634589267e-11,3.52413622959084e-09,2.69035227594052e-09,"HLA-DRA/HLA-DPB1/HLA-DPA1/HLA-DQB1/HLA-DRB1/HLA-DQA1/HLA-DRB5/HLA-DMB/HLA-DMA/HLA-DQB2/TGFB1/HLA-DOA/HLA-DOB",13
"GOBP_POSITIVE_REGULATION_OF_LEUKOCYTE_CELL_CELL_ADHESION","GOBP_POSITIVE_REGULATION_OF_LEUKOCYTE_CELL_CELL_ADHESION","19/219","146/11404",4.14292606870157e-11,7.27774012735242e-09,5.55588190686926e-09,"HLA-DRA/HLA-DPB1/HLA-DPA1/HLA-DQB1/HLA-DRB1/HLA-DQA1/HLA-DRB5/CD74/HLA-DMB/HLA-DMA/HLA-E/HLA-DQB2/HES1/HLA-DOA/ADA/HLA-DOB/CD70/TNFSF9/IL6",19
"GOBP_PRODUCTION_OF_MOLECULAR_MEDIATOR_OF_IMMUNE_RESPONSE","GOBP_PRODUCTION_OF_MOLECULAR_MEDIATOR_OF_IMMUNE_RESPONSE","19/219","147/11404",4.67812407419612e-11,7.70428558469174e-09,5.88150993801894e-09,"HLA-DRA/HLA-DPB1/HLA-DPA1/HLA-DQB1/HLA-DRB1/HLA-DQA1/HLA-DRB5/CD74/HLA-DMB/HLA-DMA/HLA-E/WNT5A/HLA-F/HLA-DQB2/TGFB1/HLA-DOA/TRPM4/HLA-DOB/IL6",19
"GOBP_POSITIVE_REGULATION_OF_CELL_CELL_ADHESION","GOBP_POSITIVE_REGULATION_OF_CELL_CELL_ADHESION","20/219","174/11404",1.2355604515354e-10,1.91511869987987e-08,1.46201611324096e-08,"HLA-DRA/HLA-DPB1/HLA-DPA1/HLA-DQB1/HLA-DRB1/HLA-DQA1/HLA-DRB5/CD74/HLA-DMB/HLA-DMA/HLA-E/WNT5A/HLA-DQB2/HES1/HLA-DOA/ADA/HLA-DOB/CD70/TNFSF9/IL6",20
"GOBP_IMMUNOGLOBULIN_PRODUCTION","GOBP_IMMUNOGLOBULIN_PRODUCTION","15/219","91/11404",1.66593544211484e-10,2.31134586168378e-08,1.7644989280646e-08,"HLA-DRA/HLA-DPB1/HLA-DPA1/HLA-DQB1/HLA-DRB1/HLA-DQA1/HLA-DRB5/HLA-DMB/HLA-DMA/HLA-E/HLA-DQB2/TGFB1/HLA-DOA/HLA-DOB/IL6",15
"GOBP_LEUKOCYTE_MEDIATED_IMMUNITY","GOBP_LEUKOCYTE_MEDIATED_IMMUNITY","22/219","217/11404",1.66662509950633e-10,2.31134586168378e-08,1.7644989280646e-08,"HLA-DRA/HLA-DPB1/HLA-DPA1/HLA-DQB1/HLA-DRB1/HLA-DQA1/HLA-DRB5/CD74/HLA-DMB/HLA-DMA/HLA-E/HLA-B/HLA-F/HLA-DQB2/TGFB1/C1R/HLA-DOA/TRPM4/C1RL/HLA-DOB/CD70/IL6",22
"GOBP_IMMUNE_EFFECTOR_PROCESS","GOBP_IMMUNE_EFFECTOR_PROCESS","27/219","337/11404",2.83906095983567e-10,3.74046281458349e-08,2.8554976285505e-08,"HLA-DRA/HLA-DPB1/HLA-DPA1/HLA-DQB1/HLA-DRB1/HLA-DQA1/HLA-DRB5/CD74/HLA-DMB/HLA-DMA/HLA-E/WNT5A/HLA-B/HLA-F/HLA-DQB2/TGFB1/C1R/RORA/HLA-DOA/TRPM4/PTPRJ/ADA/C1RL/MFNG/HLA-DOB/CD70/IL6",27
"GOBP_REGULATION_OF_CELL_CELL_ADHESION","GOBP_REGULATION_OF_CELL_CELL_ADHESION","24/219","273/11404",4.57939765844371e-10,5.74605372857103e-08,4.38658091493029e-08,"HLA-DRA/HLA-DPB1/HLA-DPA1/HLA-DQB1/HLA-DRB1/HLA-DQA1/HLA-DRB5/CD74/HLA-DMB/HLA-DMA/HLA-E/WNT5A/HLA-DQB2/TGFB1/HES1/PPARA/HLA-DOA/ADA/MDGA1/HLA-DOB/CD70/TNFSF9/IL6/ABAT",24
"GOBP_REGULATION_OF_CELL_ACTIVATION","GOBP_REGULATION_OF_CELL_ACTIVATION","27/219","367/11404",1.88004475497327e-09,2.25178087697935e-07,1.71902656782485e-07,"HLA-DRA/HLA-DPB1/HLA-DPA1/HLA-DQB1/HLA-DRB1/HLA-DQA1/HLA-DRB5/CD74/HLA-DMB/HLA-DMA/HLA-E/WNT5A/HLA-F/HLA-DQB2/TGFB1/HES1/RORA/HLA-DOA/ACTA2/ADA/NFATC2/HLA-DOB/CD70/TNFSF9/IL6/CD38/ABAT",27
"GOBP_REGULATION_OF_LYMPHOCYTE_ACTIVATION","GOBP_REGULATION_OF_LYMPHOCYTE_ACTIVATION","23/219","280/11404",4.04278419151486e-09,4.63162449767028e-07,3.53581720365441e-07,"HLA-DRA/HLA-DPB1/HLA-DPA1/HLA-DQB1/HLA-DRB1/HLA-DQA1/HLA-DRB5/CD74/HLA-DMB/HLA-DMA/HLA-E/HLA-F/HLA-DQB2/TGFB1/HES1/HLA-DOA/ADA/NFATC2/HLA-DOB/CD70/TNFSF9/IL6/CD38",23
"GOBP_LEUKOCYTE_CELL_CELL_ADHESION","GOBP_LEUKOCYTE_CELL_CELL_ADHESION","20/219","221/11404",8.54643170872469e-09,9.38326981353732e-07,7.16325920849688e-07,"HLA-DRA/HLA-DPB1/HLA-DPA1/HLA-DQB1/HLA-DRB1/HLA-DQA1/HLA-DRB5/CD74/HLA-DMB/HLA-DMA/HLA-E/HLA-DQB2/HES1/PPARA/HLA-DOA/ADA/HLA-DOB/CD70/TNFSF9/IL6",20
"GOBP_REGULATION_OF_T_CELL_ACTIVATION","GOBP_REGULATION_OF_T_CELL_ACTIVATION","19/219","200/11404",9.23936923905758e-09,9.73829517796669e-07,7.43428825930065e-07,"HLA-DRA/HLA-DPB1/HLA-DPA1/HLA-DQB1/HLA-DRB1/HLA-DQA1/HLA-DRB5/CD74/HLA-DMB/HLA-DMA/HLA-E/HLA-DQB2/HES1/HLA-DOA/ADA/HLA-DOB/CD70/TNFSF9/IL6",19
"GOBP_REGULATION_OF_CELL_ADHESION","GOBP_REGULATION_OF_CELL_ADHESION","30/219","496/11404",2.16117637772842e-08,2.19026913665938e-06,1.67206803961093e-06,"HLA-DRA/HLA-DPB1/HLA-DPA1/HLA-DQB1/HLA-DRB1/HLA-DQA1/HLA-DRB5/MMP2/CD74/HLA-DMB/HLA-DMA/HLA-E/WNT5A/COL1A1/HLA-DQB2/TGFB1/HES1/ERBB3/PPARA/HLA-DOA/PLXNB3/PTPRJ/LAMA4/ADA/MDGA1/HLA-DOB/CD70/TNFSF9/IL6/ABAT",30
"GOBP_LYMPHOCYTE_ACTIVATION","GOBP_LYMPHOCYTE_ACTIVATION","28/219","454/11404",4.42986530420223e-08,4.32322039873069e-06,3.30037917985593e-06,"HLA-DRA/HLA-DPB1/HLA-DPA1/HLA-DQB1/HLA-DRB1/HLA-DQA1/HLA-DRB5/CD74/HLA-DMB/HLA-DMA/HLA-E/EGR1/HLA-F/HLA-DQB2/TGFB1/IL11/HES1/RORA/HLA-DOA/PTPRJ/ADA/NFATC2/MFNG/HLA-DOB/CD70/TNFSF9/IL6/CD38",28
"GOBP_POSITIVE_REGULATION_OF_LEUKOCYTE_PROLIFERATION","GOBP_POSITIVE_REGULATION_OF_LEUKOCYTE_PROLIFERATION","12/219","84/11404",6.23080297910303e-08,5.8636306606916e-06,4.47634003498717e-06,"HLA-DPB1/HLA-DPA1/CD74/HLA-DMB/HLA-E/HES1/ADA/NFATC2/CD70/TNFSF9/IL6/CD38",12
"GOBP_EXTERNAL_ENCAPSULATING_STRUCTURE_ORGANIZATION","GOBP_EXTERNAL_ENCAPSULATING_STRUCTURE_ORGANIZATION","18/219","203/11404",6.72205931782378e-08,6.10780217326402e-06,4.66274241610209e-06,"MMP2/COL1A1/TGFB1/MIA/COL18A1/ZNF469/SMOC1/LTBP3/COL5A1/APLP1/HMCN1/COL9A3/MMP24/OLFML2B/ADAMTS14/COL22A1/IL6/COL15A1",18
"GOBP_POSITIVE_REGULATION_OF_CELL_ADHESION","GOBP_POSITIVE_REGULATION_OF_CELL_ADHESION","21/219","289/11404",1.64448552270658e-07,1.44440645077728e-05,1.10267081890957e-05,"HLA-DRA/HLA-DPB1/HLA-DPA1/HLA-DQB1/HLA-DRB1/HLA-DQA1/HLA-DRB5/CD74/HLA-DMB/HLA-DMA/HLA-E/WNT5A/HLA-DQB2/HES1/HLA-DOA/PTPRJ/ADA/HLA-DOB/CD70/TNFSF9/IL6",21
"GOBP_CRANIAL_NERVE_DEVELOPMENT","GOBP_CRANIAL_NERVE_DEVELOPMENT","8/219","36/11404",3.10055354669687e-07,2.63547051469234e-05,2.01193814184643e-05,"TFAP2A/SLITRK6/HES1/ERBB3/ADARB1/HOXA3/SEMA3A/EGR2",8
"GOBP_T_CELL_ACTIVATION","GOBP_T_CELL_ACTIVATION","21/219","303/11404",3.6293547627701e-07,2.98854681246851e-05,2.28147926041239e-05,"HLA-DRA/HLA-DPB1/HLA-DPA1/HLA-DQB1/HLA-DRB1/HLA-DQA1/HLA-DRB5/CD74/HLA-DMB/HLA-DMA/HLA-E/EGR1/HLA-DQB2/HES1/RORA/HLA-DOA/ADA/HLA-DOB/CD70/TNFSF9/IL6",21
"GOBP_REGULATION_OF_SYNAPTIC_PLASTICITY","GOBP_REGULATION_OF_SYNAPTIC_PLASTICITY","13/219","122/11404",5.87392740184695e-07,4.69024203147476e-05,3.58056627270479e-05,"PLAT/DRD2/SYNGR1/PPFIA3/SNAP25/GRIK2/PTGS2/MAPT/GRIN2A/SHANK3/EGR2/CD38/SYP",13
"GOBP_PROTEIN_LOCALIZATION_TO_SYNAPSE","GOBP_PROTEIN_LOCALIZATION_TO_SYNAPSE","9/219","53/11404",6.41441185746709e-07,4.97116918953699e-05,3.7950281918327e-05,"WNT5A/CACNG7/GPC6/CLSTN3/SNAP25/BSN/MAPT/GRIN2A/ARHGAP44",9
"GOBP_ANTIGEN_PROCESSING_AND_PRESENTATION_OF_ENDOGENOUS_ANTIGEN","GOBP_ANTIGEN_PROCESSING_AND_PRESENTATION_OF_ENDOGENOUS_ANTIGEN","6/219","20/11404",1.44967673435453e-06,0.000106493689668734,8.1298088867253e-05,"HLA-DRA/HLA-DRB1/CD74/HLA-E/HLA-B/HLA-F",6
"GOBP_REGULATION_OF_LEUKOCYTE_PROLIFERATION","GOBP_REGULATION_OF_LEUKOCYTE_PROLIFERATION","13/219","132/11404",1.45494224974362e-06,0.000106493689668734,8.1298088867253e-05,"HLA-DPB1/HLA-DPA1/HLA-DRB1/CD74/HLA-DMB/HLA-E/HES1/ADA/NFATC2/CD70/TNFSF9/IL6/CD38",13
"GOBP_POSITIVE_REGULATION_OF_IMMUNE_RESPONSE","GOBP_POSITIVE_REGULATION_OF_IMMUNE_RESPONSE","20/219","304/11404",1.57876930255227e-06,0.000112433976006087,8.58329484260993e-05,"HLA-DRA/HLA-DPB1/HLA-DQB1/HLA-DRB1/CD74/HLA-DMB/HLA-E/FYB1/WNT5A/HLA-B/HLA-F/TGFB1/C1R/PTPRJ/ADA/C1RL/NFATC2/FPR1/IL6/CD38",20
"GOBP_BEHAVIOR","GOBP_BEHAVIOR","22/219","368/11404",2.29409515034933e-06,0.000159077387399223,0.00012144088178165,"EGR1/PAK6/SOBP/DRD2/SLITRK6/PPARA/RCAN1/ADARB1/INPP5F/FGF12/SNAP25/KIRREL3/GRIK2/PTGS2/MAPT/NHLH2/FOS/GRIN2A/SHANK3/EGR2/ABAT/SERPINF1",22
"GOBP_REGULATION_OF_SECRETION","GOBP_REGULATION_OF_SECRETION","22/219","372/11404",2.73858761364164e-06,0.000177724138027805,0.000135675952370373,"PTGES/HLA-DRB1/CD74/DRD2/HLA-F/TGFB1/IL11/ERBB3/TRPM4/SNAP25/ADA/TNFRSF11A/CDK5R2/GIPR/RAB3D/IL6/CD38/SYT5/ABAT/RAB26/CORIN/SYP",22
"GOBP_CYTOKINE_PRODUCTION","GOBP_CYTOKINE_PRODUCTION","25/219","462/11404",2.76220800479055e-06,0.000177724138027805,0.000135675952370373,"HLA-DPB1/HLA-DPA1/HLA-DRB1/CD74/HLA-E/EGR1/WNT5A/HLA-B/DRD2/HLA-F/TGFB1/PPARA/RORA/MAPK11/TRPM4/LTBP3/PTPRJ/NFATC2/SSC5D/GATA4/PTGS2/IL6/CCN4/PANX2/ARRB1",25
"GOBP_PARASYMPATHETIC_NERVOUS_SYSTEM_DEVELOPMENT","GOBP_PARASYMPATHETIC_NERVOUS_SYSTEM_DEVELOPMENT","5/219","13/11404",2.83279460993086e-06,0.000177724138027805,0.000135675952370373,"TFAP2A/HES1/ADARB1/SEMA3A/EGR2",5
"GOBP_POSITIVE_REGULATION_OF_ACUTE_INFLAMMATORY_RESPONSE","GOBP_POSITIVE_REGULATION_OF_ACUTE_INFLAMMATORY_RESPONSE","5/219","13/11404",2.83279460993086e-06,0.000177724138027805,0.000135675952370373,"HLA-E/TNFRSF11A/PTGS2/ALOX5AP/IL6",5
"GOBP_REGULATION_OF_TRANS_SYNAPTIC_SIGNALING","GOBP_REGULATION_OF_TRANS_SYNAPTIC_SIGNALING","18/219","264/11404",3.25009436425664e-06,0.000199162759298052,0.000152042358141847,"PLAT/DRD2/SYNGR1/CACNG7/S1PR2/CNIH2/PPFIA3/CLSTN3/SNAP25/GRIK2/PTGS2/MAPT/GRIN2A/SHANK3/EGR2/CD38/RAB26/SYP",18
"GOBP_SYNAPTIC_SIGNALING","GOBP_SYNAPTIC_SIGNALING","24/219","437/11404",3.43656118122288e-06,0.000205803152557325,0.000157111684624807,"PLAT/DRD2/SYNGR1/CACNG7/ADARB1/S1PR2/FGF12/CNIH2/PPFIA3/CLSTN3/SNAP25/PCDHB2/BSN/GRIK2/PTGS2/MAPT/GRIN2A/SHANK3/EGR2/CD38/SYT5/ABAT/RAB26/SYP",24
"GOBP_REGULATION_OF_NEURONAL_SYNAPTIC_PLASTICITY","GOBP_REGULATION_OF_NEURONAL_SYNAPTIC_PLASTICITY","7/219","35/11404",3.7245833623073e-06,0.000213552841582911,0.000163027855893316,"DRD2/SYNGR1/PPFIA3/GRIK2/SHANK3/EGR2/SYP",7
"GOBP_SYNAPTIC_TRANSMISSION_GLUTAMATERGIC","GOBP_SYNAPTIC_TRANSMISSION_GLUTAMATERGIC","8/219","49/11404",3.72805719651381e-06,0.000213552841582911,0.000163027855893316,"PLAT/DRD2/CACNG7/CNIH2/CLSTN3/GRIK2/PTGS2/SHANK3",8
"GOBP_NEGATIVE_REGULATION_OF_RESPONSE_TO_EXTERNAL_STIMULUS","GOBP_NEGATIVE_REGULATION_OF_RESPONSE_TO_EXTERNAL_STIMULUS","17/219","241/11404",3.89608345801231e-06,0.00021842935982686,0.000166750626836764,"HLA-DRB1/HLA-E/WNT5A/HLA-B/PLAT/DRD2/HLA-F/SERPINB2/PPARA/RORA/INPP5F/SEMA3A/ADA/SEMA3B/SEMA6B/ABAT/SERPINF1",17
"GOBP_POSITIVE_REGULATION_OF_T_CELL_PROLIFERATION","GOBP_POSITIVE_REGULATION_OF_T_CELL_PROLIFERATION","8/219","50/11404",4.36555000305905e-06,0.000239650505376262,0.000182951009996619,"HLA-DPB1/HLA-DPA1/HLA-DMB/HLA-E/HES1/CD70/TNFSF9/IL6",8
"GOBP_REGULATION_OF_ACUTE_INFLAMMATORY_RESPONSE","GOBP_REGULATION_OF_ACUTE_INFLAMMATORY_RESPONSE","6/219","25/11404",6.11217174366291e-06,0.000328685153970444,0.000250920734739846,"PTGES/HLA-E/TNFRSF11A/PTGS2/ALOX5AP/IL6",6
"GOBP_NERVE_DEVELOPMENT","GOBP_NERVE_DEVELOPMENT","8/219","55/11404",9.11698510218163e-06,0.000480465114884972,0.000366790705900402,"TFAP2A/SLITRK6/HES1/ERBB3/ADARB1/HOXA3/SEMA3A/EGR2",8
"GOBP_RESPONSE_TO_WOUNDING","GOBP_RESPONSE_TO_WOUNDING","21/219","376/11404",1.12741734633475e-05,0.000582498962272956,0.000444684117408816,"MMP2/TGFA/WNT5A/COL1A1/PLAT/DRD2/SERPINB2/TGFB1/ERBB3/PPARA/INPP5F/ACTA2/COL5A1/TBXA2R/GATA4/GRIN2A/GIPR/CYP1A1/IL6/CCN4/ABAT",21
"GOBP_SENSORY_PERCEPTION","GOBP_SENSORY_PERCEPTION","17/219","263/11404",1.24444739485479e-05,0.000630599785661995,0.00048140465011488,"PTGES/DHRS3/SOBP/COL1A1/TFAP2A/ATP6V0A4/DRD2/SLITRK6/COL18A1/EYA1/GRIK2/HMCN1/PTGS2/MMP24/GRIN2A/PDZD7/ALOXE3",17
"GOBP_POSITIVE_REGULATION_OF_T_CELL_MEDIATED_CYTOTOXICITY","GOBP_POSITIVE_REGULATION_OF_T_CELL_MEDIATED_CYTOTOXICITY","5/219","17/11404",1.27907422311401e-05,0.000635917090170835,0.000485463920629768,"HLA-DRA/HLA-DRB1/HLA-E/HLA-B/HLA-F",5
"GOBP_PROTEIN_LOCALIZATION_TO_CELL_JUNCTION","GOBP_PROTEIN_LOCALIZATION_TO_CELL_JUNCTION","9/219","77/11404",1.56670097923457e-05,0.000764492051904278,0.000583619019749956,"WNT5A/CACNG7/GPC6/CLSTN3/SNAP25/BSN/MAPT/GRIN2A/ARHGAP44",9
"GOBP_ANTIGEN_PROCESSING_AND_PRESENTATION_OF_ENDOGENOUS_PEPTIDE_ANTIGEN","GOBP_ANTIGEN_PROCESSING_AND_PRESENTATION_OF_ENDOGENOUS_PEPTIDE_ANTIGEN","5/219","18/11404",1.74344779560254e-05,0.000792128033082754,0.000604716536990369,"HLA-DRA/HLA-DRB1/HLA-E/HLA-B/HLA-F",5
"GOBP_REGULATION_OF_LONG_TERM_NEURONAL_SYNAPTIC_PLASTICITY","GOBP_REGULATION_OF_LONG_TERM_NEURONAL_SYNAPTIC_PLASTICITY","5/219","18/11404",1.74344779560254e-05,0.000792128033082754,0.000604716536990369,"DRD2/SYNGR1/GRIK2/SHANK3/SYP",5
"GOBP_REGULATION_OF_PROTEIN_LOCALIZATION_TO_SYNAPSE","GOBP_REGULATION_OF_PROTEIN_LOCALIZATION_TO_SYNAPSE","5/219","18/11404",1.74344779560254e-05,0.000792128033082754,0.000604716536990369,"WNT5A/GPC6/CLSTN3/MAPT/ARHGAP44",5
"GOBP_COLLAGEN_METABOLIC_PROCESS","GOBP_COLLAGEN_METABOLIC_PROCESS","8/219","60/11404",1.76437018613857e-05,0.000792128033082754,0.000604716536990369,"MMP2/CIITA/COL1A1/TGFB1/COL5A1/MMP24/ADAMTS14/IL6",8
"GOBP_OSSIFICATION","GOBP_OSSIFICATION","18/219","299/11404",1.81121454392164e-05,0.000792128033082754,0.000604716536990369,"MMP2/DHRS3/SLC26A2/WNT5A/COL1A1/TFAP2A/ATP6V0A4/TGFB1/MAPK11/TRPM4/SMOC1/LTBP3/TNFRSF11A/PTGS2/EGR2/IL6/CCN4/WNT7B",18
"GOBP_NEGATIVE_REGULATION_OF_SYNAPTIC_TRANSMISSION","GOBP_NEGATIVE_REGULATION_OF_SYNAPTIC_TRANSMISSION","7/219","44/11404",1.83281014632963e-05,0.000792128033082754,0.000604716536990369,"DRD2/S1PR2/GRIK2/PTGS2/MAPT/SHANK3/CD38",7
"GOBP_LEUKOCYTE_DIFFERENTIATION","GOBP_LEUKOCYTE_DIFFERENTIATION","20/219","358/11404",1.83376888114034e-05,0.000792128033082754,0.000604716536990369,"HLA-DRA/HLA-DRB1/CD74/EGR1/HLA-B/TGFB1/IL11/RORA/HLA-DOA/EVI2B/PTPRJ/ADA/TNFRSF11A/MFNG/DHRS2/FOS/TNFSF9/IL6/ZBTB46/CCN4",20
"GOBP_CRANIAL_NERVE_MORPHOGENESIS","GOBP_CRANIAL_NERVE_MORPHOGENESIS","5/219","19/11404",2.32927793746318e-05,0.00098994312342185,0.000755730074446881,"TFAP2A/ADARB1/HOXA3/SEMA3A/EGR2",5
"GOBP_LEUKOCYTE_PROLIFERATION","GOBP_LEUKOCYTE_PROLIFERATION","13/219","171/11404",2.51409272519619e-05,0.00104490250610883,0.000797686483241379,"HLA-DPB1/HLA-DPA1/HLA-DRB1/CD74/HLA-DMB/HLA-E/HES1/ADA/NFATC2/CD70/TNFSF9/IL6/CD38",13
"GOBP_REGULATION_OF_SHORT_TERM_NEURONAL_SYNAPTIC_PLASTICITY","GOBP_REGULATION_OF_SHORT_TERM_NEURONAL_SYNAPTIC_PLASTICITY","4/219","10/11404",2.53790362015049e-05,0.00104490250610883,0.000797686483241379,"SYNGR1/PPFIA3/GRIK2/SYP",4
"GOBP_SECOND_MESSENGER_MEDIATED_SIGNALING","GOBP_SECOND_MESSENGER_MEDIATED_SIGNALING","13/219","173/11404",2.84305956888816e-05,0.00115253260984928,0.000879852119213808,"ERBB3/RCAN1/TRPM4/PTPRJ/ADA/TBXA2R/KSR2/NFATC2/ADGRB2/FPR1/MAPT/GRIN2A/GIPR",13
"GOBP_REGULATION_OF_T_CELL_MEDIATED_CYTOTOXICITY","GOBP_REGULATION_OF_T_CELL_MEDIATED_CYTOTOXICITY","5/219","20/11404",3.05738135880575e-05,0.00122063634552321,0.00093184302658338,"HLA-DRA/HLA-DRB1/HLA-E/HLA-B/HLA-F",5
"GOBP_COCHLEA_DEVELOPMENT","GOBP_COCHLEA_DEVELOPMENT","6/219","33/11404",3.3619829004819e-05,0.00132221267802534,0.00100938716776448,"SOBP/WNT5A/SLITRK6/HES1/EYA1/IFT27",6
"GOBP_DETECTION_OF_OTHER_ORGANISM","GOBP_DETECTION_OF_OTHER_ORGANISM","4/219","11/11404",3.92816865344045e-05,0.00152216535320817,0.00116203255367255,"HLA-DRB1/HLA-B/DMBT1/SSC5D",4
"GOBP_T_CELL_MEDIATED_IMMUNITY","GOBP_T_CELL_MEDIATED_IMMUNITY","8/219","67/11404",4.00824767927777e-05,0.00153068588911549,0.00116853719528601,"HLA-DRA/HLA-DRB1/HLA-E/HLA-B/HLA-F/TRPM4/CD70/IL6",8
"GOBP_REGULATION_OF_T_CELL_MEDIATED_IMMUNITY","GOBP_REGULATION_OF_T_CELL_MEDIATED_IMMUNITY","7/219","50/11404",4.33277173096279e-05,0.00163097907301242,0.00124510177110825,"HLA-DRA/HLA-DRB1/HLA-E/HLA-B/HLA-F/TRPM4/IL6",7
"GOBP_REGULATION_OF_T_CELL_PROLIFERATION","GOBP_REGULATION_OF_T_CELL_PROLIFERATION","9/219","89/11404",5.0587013416909e-05,0.00187741944159937,0.00143323621408025,"HLA-DPB1/HLA-DPA1/HLA-DRB1/HLA-DMB/HLA-E/HES1/CD70/TNFSF9/IL6",9
"GOBP_DETECTION_OF_BIOTIC_STIMULUS","GOBP_DETECTION_OF_BIOTIC_STIMULUS","5/219","23/11404",6.33087009599368e-05,0.00228518393191005,0.00174452671282537,"HLA-DRB1/HLA-B/PTPRJ/DMBT1/SSC5D",5
"GOBP_POSITIVE_REGULATION_OF_VASCULAR_ENDOTHELIAL_GROWTH_FACTOR_PRODUCTION","GOBP_POSITIVE_REGULATION_OF_VASCULAR_ENDOTHELIAL_GROWTH_FACTOR_PRODUCTION","5/219","23/11404",6.33087009599368e-05,0.00228518393191005,0.00174452671282537,"TGFB1/RORA/GATA4/PTGS2/IL6",5
"GOBP_LOCOMOTORY_BEHAVIOR","GOBP_LOCOMOTORY_BEHAVIOR","10/219","115/11404",7.1386532047468e-05,0.00254193935060916,0.00194053574313956,"EGR1/PAK6/SOBP/DRD2/SLITRK6/RCAN1/INPP5F/FGF12/SNAP25/ABAT",10
"GOBP_SIGNAL_RELEASE","GOBP_SIGNAL_RELEASE","16/219","275/11404",8.02487131062877e-05,0.00281940478713424,0.00215235495784022,"PTGES/HLA-DRB1/DRD2/IL11/LTBP4/PPFIA3/TRPM4/SNAP25/TNFRSF11A/GIPR/IL6/CD38/SYT5/ABAT/PTPRN/SYP",16
"GOBP_HEAT_GENERATION","GOBP_HEAT_GENERATION","4/219","13/11404",8.25723258371454e-05,0.00286286945501156,0.0021855362143322,"PTGES/TNFRSF11A/PTGS2/ABAT",4
"GOBP_CALCIUM_MEDIATED_SIGNALING","GOBP_CALCIUM_MEDIATED_SIGNALING","10/219","118/11404",8.87799474903329e-05,0.00296316371676946,0.00226210161300168,"ERBB3/RCAN1/TRPM4/PTPRJ/ADA/KSR2/NFATC2/ADGRB2/MAPT/GRIN2A",10
"GOBP_POSITIVE_REGULATION_OF_IMMUNE_EFFECTOR_PROCESS","GOBP_POSITIVE_REGULATION_OF_IMMUNE_EFFECTOR_PROCESS","11/219","142/11404",8.97688599142281e-05,0.00296316371676946,0.00226210161300168,"HLA-DRA/HLA-DRB1/CD74/HLA-DMB/HLA-E/WNT5A/HLA-B/HLA-F/TGFB1/PTPRJ/IL6",11
"GOBP_POSITIVE_REGULATION_OF_T_CELL_MEDIATED_IMMUNITY","GOBP_POSITIVE_REGULATION_OF_T_CELL_MEDIATED_IMMUNITY","6/219","39/11404",8.99632247975549e-05,0.00296316371676946,0.00226210161300168,"HLA-DRA/HLA-DRB1/HLA-E/HLA-B/HLA-F/IL6",6
"GOBP_PRESYNAPSE_ORGANIZATION","GOBP_PRESYNAPSE_ORGANIZATION","6/219","39/11404",8.99632247975549e-05,0.00296316371676946,0.00226210161300168,"WNT5A/SLITRK6/GPC6/CLSTN3/BSN/MDGA1",6
"GOBP_MEMORY","GOBP_MEMORY","8/219","76/11404",9.99439829593225e-05,0.00321161457436359,0.00245177087850148,"PAK6/DRD2/RCAN1/PTGS2/MAPT/GRIN2A/SHANK3/SERPINF1",8
"GOBP_POSITIVE_REGULATION_OF_ADAPTIVE_IMMUNE_RESPONSE","GOBP_POSITIVE_REGULATION_OF_ADAPTIVE_IMMUNE_RESPONSE","8/219","76/11404",9.99439829593225e-05,0.00321161457436359,0.00245177087850148,"HLA-DRA/HLA-DRB1/HLA-E/HLA-B/HLA-F/TGFB1/ADA/IL6",8
"GOBP_LYMPHOCYTE_ACTIVATION_INVOLVED_IN_IMMUNE_RESPONSE","GOBP_LYMPHOCYTE_ACTIVATION_INVOLVED_IN_IMMUNE_RESPONSE","10/219","120/11404",0.000102270889080109,0.00324679268344683,0.0024786261132795,"HLA-DRA/HLA-DRB1/CD74/HLA-DMB/HLA-F/TGFB1/RORA/ADA/MFNG/IL6",10
"GOBP_VASOCONSTRICTION","GOBP_VASOCONSTRICTION","6/219","40/11404",0.000104159525168576,0.00326738510499046,0.0024943465237738,"MMP2/ACTA2/TRPM4/TBXA2R/PTGS2/CD38",6
"GOBP_DETECTION_OF_EXTERNAL_BIOTIC_STIMULUS","GOBP_DETECTION_OF_EXTERNAL_BIOTIC_STIMULUS","4/219","14/11404",0.000113866119217721,0.00350734059325974,0.00267753036001972,"HLA-DRB1/HLA-B/DMBT1/SSC5D",4
"GOBP_COGNITION","GOBP_COGNITION","13/219","198/11404",0.000114471078186087,0.00350734059325974,0.00267753036001972,"HLA-DRA/PAK6/SOBP/DRD2/RCAN1/SNAP25/PTGS2/MAPT/FOS/GRIN2A/SHANK3/EGR2/SERPINF1",13
"GOBP_RESPONSE_TO_XENOBIOTIC_STIMULUS","GOBP_RESPONSE_TO_XENOBIOTIC_STIMULUS","15/219","255/11404",0.000118959537944629,0.00360296991361033,0.0027505345071045,"MMP2/TGFA/AHRR/COL1A1/DRD2/RORA/TBXA2R/NFATC2/GATA4/PTGS2/FOS/GRIN2A/CYP1A1/CD38/ABAT",15
"GOBP_POSITIVE_REGULATION_OF_CYTOKINE_PRODUCTION","GOBP_POSITIVE_REGULATION_OF_CYTOKINE_PRODUCTION","16/219","288/11404",0.000137610072740832,0.00404244173368193,0.00308603062141862,"HLA-DPB1/HLA-DPA1/CD74/HLA-E/EGR1/WNT5A/DRD2/HLA-F/TGFB1/RORA/MAPK11/PTPRJ/GATA4/PTGS2/IL6/PANX2",16
"GOBP_REGULATION_OF_HORMONE_LEVELS","GOBP_REGULATION_OF_HORMONE_LEVELS","16/219","288/11404",0.000137610072740832,0.00404244173368193,0.00308603062141862,"HLA-DRB1/DHRS3/EGR1/DRD2/IL11/LTBP4/TRPM4/SNAP25/DHRS2/GIPR/CYP1A1/IL6/CD38/ABAT/CORIN/PTPRN",16
"GOBP_AUTONOMIC_NERVOUS_SYSTEM_DEVELOPMENT","GOBP_AUTONOMIC_NERVOUS_SYSTEM_DEVELOPMENT","5/219","27/11404",0.000142674414129951,0.00404244173368193,0.00308603062141862,"TFAP2A/HES1/ADARB1/SEMA3A/EGR2",5
"GOBP_POSITIVE_REGULATION_OF_CELL_KILLING","GOBP_POSITIVE_REGULATION_OF_CELL_KILLING","5/219","27/11404",0.000142674414129951,0.00404244173368193,0.00308603062141862,"HLA-DRA/HLA-DRB1/HLA-E/HLA-B/HLA-F",5
"GOBP_PROTEIN_LOCALIZATION_TO_POSTSYNAPSE","GOBP_PROTEIN_LOCALIZATION_TO_POSTSYNAPSE","5/219","27/11404",0.000142674414129951,0.00404244173368193,0.00308603062141862,"CACNG7/GPC6/SNAP25/GRIN2A/ARHGAP44",5
"GOBP_T_CELL_MEDIATED_CYTOTOXICITY","GOBP_T_CELL_MEDIATED_CYTOTOXICITY","5/219","27/11404",0.000142674414129951,0.00404244173368193,0.00308603062141862,"HLA-DRA/HLA-DRB1/HLA-E/HLA-B/HLA-F",5
"GOBP_REGULATION_OF_SYSTEM_PROCESS","GOBP_REGULATION_OF_SYSTEM_PROCESS","17/219","320/11404",0.000146251799446659,0.00407492573507522,0.00311082915399131,"MMP2/DRD2/PPARA/S1PR2/FGF12/CNIH2/TRPM4/SEMA3A/ADA/TBXA2R/GATA4/PTGS2/SHANK3/EGR2/CD38/ABAT/CORIN",17
"GOBP_NEGATIVE_REGULATION_OF_LOCOMOTION","GOBP_NEGATIVE_REGULATION_OF_LOCOMOTION","14/219","231/11404",0.000146913831055843,0.00407492573507522,0.00311082915399131,"CD74/WNT5A/DRD2/TGFB1/ADARB1/S1PR2/SEMA3A/PLXNB3/PTPRJ/ADA/TBXA2R/SEMA3B/SEMA6B/SERPINF1",14
"GOBP_BLOOD_VESSEL_MORPHOGENESIS","GOBP_BLOOD_VESSEL_MORPHOGENESIS","21/219","449/11404",0.000148945233486733,0.00408823635664105,0.00312099058325818,"MMP2/TGFA/WNT5A/TGFB1/HES1/HOXA5/RORA/COL18A1/SCG2/EYA1/HOXA3/TBXA2R/GATA4/ADGRB2/PTGS2/ANGPTL4/COL22A1/IL6/COL15A1/WNT7B/SERPINF1",21
"GOBP_POSITIVE_REGULATION_OF_VASOCONSTRICTION","GOBP_POSITIVE_REGULATION_OF_VASOCONSTRICTION","4/219","15/11404",0.000152942773175668,0.00415468254966892,0.00317171611002389,"TRPM4/TBXA2R/PTGS2/CD38",4
"GOBP_POSITIVE_REGULATION_OF_HEMOPOIESIS","GOBP_POSITIVE_REGULATION_OF_HEMOPOIESIS","9/219","103/11404",0.000158407779248699,0.00425922957469716,0.00325152810036803,"HLA-DRA/HLA-DRB1/CD74/TGFB1/EVI2B/ADA/FOS/TNFSF9/ZBTB46",9
"GOBP_INFLAMMATORY_RESPONSE","GOBP_INFLAMMATORY_RESPONSE","20/219","420/11404",0.000169360804506625,0.00450576980972745,0.00343973878213888,"PTGES/HLA-DRB1/CIITA/HLA-E/WNT5A/TGFB1/PPARA/RORA/SCG2/CHST1/ADA/TBXA2R/TNFRSF11A/PTGS2/FPR1/ALOX5AP/FOS/IL6/CCN4/SERPINF1",20
"GOBP_VASCULAR_ENDOTHELIAL_GROWTH_FACTOR_PRODUCTION","GOBP_VASCULAR_ENDOTHELIAL_GROWTH_FACTOR_PRODUCTION","5/219","28/11404",0.000170996956725899,0.00450576980972745,0.00343973878213888,"TGFB1/RORA/GATA4/PTGS2/IL6",5
"GOBP_REGULATION_OF_CELL_KILLING","GOBP_REGULATION_OF_CELL_KILLING","6/219","44/11404",0.000179692720229744,0.00468802294856808,0.00357887220801502,"HLA-DRA/HLA-DRB1/HLA-E/HLA-B/HLA-F/IL11",6
"GOBP_CYTOKINE_PRODUCTION_INVOLVED_IN_IMMUNE_RESPONSE","GOBP_CYTOKINE_PRODUCTION_INVOLVED_IN_IMMUNE_RESPONSE","7/219","63/11404",0.000194312639746983,0.00501974319346372,0.00383210995414328,"CD74/HLA-E/WNT5A/HLA-F/TGFB1/TRPM4/IL6",7
"GOBP_SYNAPSE_ASSEMBLY","GOBP_SYNAPSE_ASSEMBLY","10/219","130/11404",0.000198730859871302,0.00508403704622214,0.00388119236805374,"WNT5A/DRD2/SLITRK6/GPC6/CLSTN3/KIRREL3/PCDHB2/BSN/MDGA1/SHANK3",10
"GOBP_RESPONSE_TO_INTERLEUKIN_1","GOBP_RESPONSE_TO_INTERLEUKIN_1","8/219","84/11404",0.000202643874182058,0.00510483153053855,0.00389706703479843,"MMP2/EGR1/HES1/RORA/MAPK11/TNFRSF11A/IL6/CD38",8
"GOBP_COLLAGEN_BIOSYNTHETIC_PROCESS","GOBP_COLLAGEN_BIOSYNTHETIC_PROCESS","5/219","29/11404",0.000203418334233984,0.00510483153053855,0.00389706703479843,"CIITA/COL1A1/TGFB1/COL5A1/IL6",5
"GOBP_REGULATION_OF_INFLAMMATORY_RESPONSE","GOBP_REGULATION_OF_INFLAMMATORY_RESPONSE","13/219","210/11404",0.000205742613097225,0.00511445080670933,0.00390441046304665,"PTGES/HLA-DRB1/HLA-E/WNT5A/PPARA/RORA/ADA/TNFRSF11A/PTGS2/ALOX5AP/IL6/CCN4/SERPINF1",13
"GOBP_POSITIVE_REGULATION_OF_SECRETION","GOBP_POSITIVE_REGULATION_OF_SECRETION","12/219","186/11404",0.000246697841417066,0.00607522254330812,0.00463787087996078,"PTGES/HLA-DRB1/DRD2/HLA-F/TGFB1/TRPM4/TNFRSF11A/CDK5R2/GIPR/RAB3D/CD38/ABAT",12
"GOBP_MONONUCLEAR_CELL_DIFFERENTIATION","GOBP_MONONUCLEAR_CELL_DIFFERENTIATION","15/219","273/11404",0.000251070277980482,0.00612564983776455,0.00467636745829144,"HLA-DRA/HLA-DRB1/CD74/EGR1/HLA-B/IL11/RORA/HLA-DOA/PTPRJ/ADA/MFNG/DHRS2/TNFSF9/IL6/ZBTB46",15
"GOBP_POSITIVE_REGULATION_OF_SMOOTH_MUSCLE_CONTRACTION","GOBP_POSITIVE_REGULATION_OF_SMOOTH_MUSCLE_CONTRACTION","4/219","17/11404",0.000258735945483552,0.00614157542203813,0.0046885251698851,"ADA/TBXA2R/PTGS2/ABAT",4
"GOBP_POSITIVE_REGULATION_OF_MYELOID_CELL_DIFFERENTIATION","GOBP_POSITIVE_REGULATION_OF_MYELOID_CELL_DIFFERENTIATION","7/219","66/11404",0.000260531871629076,0.00614157542203813,0.0046885251698851,"HLA-DRB1/CD74/TGFB1/HOXA5/MAPK11/EVI2B/FOS",7
"GOBP_SMOOTH_MUSCLE_CONTRACTION","GOBP_SMOOTH_MUSCLE_CONTRACTION","7/219","66/11404",0.000260531871629076,0.00614157542203813,0.0046885251698851,"DRD2/ACTA2/ADA/TBXA2R/PTGS2/CD38/ABAT",7
"GOBP_REGULATION_OF_PEPTIDE_TRANSPORT","GOBP_REGULATION_OF_PEPTIDE_TRANSPORT","9/219","110/11404",0.000261046090044885,0.00614157542203813,0.0046885251698851,"HLA-DRB1/CD74/DRD2/TRPM4/SNAP25/GIPR/IL6/CD38/ABAT",9
"GOBP_POSITIVE_REGULATION_OF_MYELOID_LEUKOCYTE_DIFFERENTIATION","GOBP_POSITIVE_REGULATION_OF_MYELOID_LEUKOCYTE_DIFFERENTIATION","5/219","31/11404",0.000282096858454509,0.00657809930997904,0.00502177081049434,"HLA-DRB1/CD74/TGFB1/EVI2B/FOS",5
"GOBP_T_CELL_PROLIFERATION","GOBP_T_CELL_PROLIFERATION","9/219","112/11404",0.000298860814746031,0.00690787935838413,0.00527352739593412,"HLA-DPB1/HLA-DPA1/HLA-DRB1/HLA-DMB/HLA-E/HES1/CD70/TNFSF9/IL6",9
"GOBP_CONNECTIVE_TISSUE_DEVELOPMENT","GOBP_CONNECTIVE_TISSUE_DEVELOPMENT","12/219","191/11404",0.000314909187958441,0.00721552791539558,0.00550838863330508,"EGR1/WNT5A/COL1A1/TGFB1/HOXA5/ACTA2/HOXA3/TRPM4/LTBP3/COL5A1/CCN4/WNT7B",12
"GOBP_REGULATION_OF_VASOCONSTRICTION","GOBP_REGULATION_OF_VASOCONSTRICTION","5/219","32/11404",0.000329160789667814,0.00747705759288527,0.0057080423689219,"MMP2/TRPM4/TBXA2R/PTGS2/CD38",5
"GOBP_REGULATION_OF_ADAPTIVE_IMMUNE_RESPONSE","GOBP_REGULATION_OF_ADAPTIVE_IMMUNE_RESPONSE","9/219","114/11404",0.000341100371847071,0.007682046836043,0.00586453270894964,"HLA-DRA/HLA-DRB1/HLA-E/HLA-B/HLA-F/TGFB1/TRPM4/ADA/IL6",9
"GOBP_REGULATION_OF_IMMUNE_EFFECTOR_PROCESS","GOBP_REGULATION_OF_IMMUNE_EFFECTOR_PROCESS","12/219","194/11404",0.000363054065106229,0.00810718187758401,0.00618908401800182,"HLA-DRA/HLA-DRB1/CD74/HLA-DMB/HLA-E/WNT5A/HLA-B/HLA-F/TGFB1/TRPM4/PTPRJ/IL6",12
"GOBP_POSITIVE_REGULATION_OF_SYNAPTIC_TRANSMISSION","GOBP_POSITIVE_REGULATION_OF_SYNAPTIC_TRANSMISSION","8/219","92/11404",0.000379513387683235,0.00840351072727164,0.0064153037051098,"DRD2/CACNG7/CLSTN3/SNAP25/GRIK2/PTGS2/GRIN2A/SHANK3",8
"GOBP_WOUND_HEALING","GOBP_WOUND_HEALING","15/219","284/11404",0.000382911264590123,0.00840809318495812,0.00641880198799759,"TGFA/WNT5A/COL1A1/PLAT/SERPINB2/TGFB1/ERBB3/PPARA/ACTA2/COL5A1/TBXA2R/GATA4/IL6/CCN4/ABAT",15
"GOBP_DIGESTIVE_SYSTEM_DEVELOPMENT","GOBP_DIGESTIVE_SYSTEM_DEVELOPMENT","8/219","93/11404",0.000408489786037016,0.00878934605082737,0.00670985331194691,"DACT1/WNT5A/HES1/HOXA5/ADA/GATA4/CCDC40/CYP1A1",8
"GOBP_POSITIVE_REGULATION_OF_LYMPHOCYTE_MEDIATED_IMMUNITY","GOBP_POSITIVE_REGULATION_OF_LYMPHOCYTE_MEDIATED_IMMUNITY","7/219","71/11404",0.000410286094456119,0.00878934605082737,0.00670985331194691,"HLA-DRA/HLA-DRB1/HLA-E/HLA-B/HLA-F/TGFB1/IL6",7
"GOBP_CENTRAL_NERVOUS_SYSTEM_NEURON_DIFFERENTIATION","GOBP_CENTRAL_NERVOUS_SYSTEM_NEURON_DIFFERENTIATION","9/219","117/11404",0.000413616284744817,0.00878934605082737,0.00670985331194691,"DRD2/HES1/RORA/ADARB1/SEMA3A/MDGA1/MAPT/NHLH2/SHANK3",9
"GOBP_INSULIN_SECRETION","GOBP_INSULIN_SECRETION","9/219","117/11404",0.000413616284744817,0.00878934605082737,0.00670985331194691,"HLA-DRB1/DRD2/TRPM4/SNAP25/GIPR/IL6/CD38/ABAT/PTPRN",9
"GOBP_GLAND_DEVELOPMENT","GOBP_GLAND_DEVELOPMENT","16/219","318/11404",0.000421038634042916,0.00887549440562468,0.0067756196181559,"MMP2/TGFA/WNT5A/DRD2/TGFB1/HES1/HOXA5/HOXA3/SEMA3A/ADA/TNFRSF11A/CCDC40/CYP1A1/IL6/WNT7B/SERPINF1",16
"GOBP_NEGATIVE_REGULATION_OF_G_PROTEIN_COUPLED_RECEPTOR_SIGNALING_PATHWAY","GOBP_NEGATIVE_REGULATION_OF_G_PROTEIN_COUPLED_RECEPTOR_SIGNALING_PATHWAY","5/219","34/11404",0.000440860252698355,0.0092195775068267,0.00703829526237724,"DRD2/ADA/APLP1/GIPR/ARRB1",5
"GOBP_POSITIVE_REGULATION_OF_PEPTIDE_SECRETION","GOBP_POSITIVE_REGULATION_OF_PEPTIDE_SECRETION","6/219","52/11404",0.000456143404824925,0.00946407773002895,0.00722494858367535,"HLA-DRB1/DRD2/TRPM4/GIPR/CD38/ABAT",6
"GOBP_REGULATION_OF_INSULIN_SECRETION","GOBP_REGULATION_OF_INSULIN_SECRETION","8/219","95/11404",0.000471844932412251,0.00971337028833033,0.00741526040986687,"HLA-DRB1/DRD2/TRPM4/SNAP25/GIPR/IL6/CD38/ABAT",8
"GOBP_REGULATION_OF_BLOOD_CIRCULATION","GOBP_REGULATION_OF_BLOOD_CIRCULATION","10/219","145/11404",0.000479201742953761,0.00978834567971442,0.00747249719122511,"MMP2/DRD2/TRPM4/SEMA3A/ADA/TBXA2R/GATA4/PTGS2/CD38/CORIN",10
"GOBP_RESPONSE_TO_BACTERIUM","GOBP_RESPONSE_TO_BACTERIUM","16/219","323/11404",0.000499583908779682,0.0101261815356497,0.00773040364111718,"HLA-DRB1/HLA-E/WNT5A/HLA-B/TGFB1/TBXA2R/DMBT1/TNFRSF11A/SSC5D/HMCN1/PTGS2/FOS/CYP1A1/IL6/C15orf48/IL22RA1",16
"GOBP_ACUTE_INFLAMMATORY_RESPONSE","GOBP_ACUTE_INFLAMMATORY_RESPONSE","6/219","53/11404",0.000506245079965387,0.0101828685931969,0.00777367896997875,"PTGES/HLA-E/TNFRSF11A/PTGS2/ALOX5AP/IL6",6
"GOBP_POSITIVE_REGULATION_OF_NERVOUS_SYSTEM_DEVELOPMENT","GOBP_POSITIVE_REGULATION_OF_NERVOUS_SYSTEM_DEVELOPMENT","12/219","202/11404",0.000522889580184173,0.0104379851801916,0.0079684369037636,"DRD2/SLITRK6/TGFB1/HES1/CHODL/CLSTN3/PLXNB3/MAPT/SHANK3/EGR2/IL6/SERPINF1",12
"GOBP_REGULATION_OF_NERVOUS_SYSTEM_DEVELOPMENT","GOBP_REGULATION_OF_NERVOUS_SYSTEM_DEVELOPMENT","16/219","325/11404",0.000534358300791618,0.0105867227262099,0.00808198427236076,"WNT5A/DRD2/SLITRK6/TGFB1/HES1/CHODL/CLSTN3/SEMA3A/PLXNB3/SEMA3B/MAPT/SHANK3/EGR2/IL6/SEMA6B/SERPINF1",16
"GOBP_REGULATION_OF_LYMPHOCYTE_MEDIATED_IMMUNITY","GOBP_REGULATION_OF_LYMPHOCYTE_MEDIATED_IMMUNITY","8/219","97/11404",0.000542949625289771,0.0106766586764071,0.00815064205757072,"HLA-DRA/HLA-DRB1/HLA-E/HLA-B/HLA-F/TGFB1/TRPM4/IL6",8
"GOBP_FAT_CELL_DIFFERENTIATION","GOBP_FAT_CELL_DIFFERENTIATION","11/219","175/11404",0.000555916919806335,0.0108506746939977,0.00828348720272831,"WNT5A/TGFB1/IL11/HES1/RORA/TRPM4/PTGS2/EGR2/IL6/ALOXE3/CCN4",11
"GOBP_REGULATED_EXOCYTOSIS","GOBP_REGULATED_EXOCYTOSIS","10/219","148/11404",0.000563216635292058,0.0109123223087836,0.0083305494585381,"DRD2/HLA-F/SYNGR1/PPFIA3/SNAP25/CDK5R2/RAB3D/SYT5/RAB26/SYP",10
"GOBP_POSITIVE_REGULATION_OF_MAPK_CASCADE","GOBP_POSITIVE_REGULATION_OF_MAPK_CASCADE","15/219","295/11404",0.00057035825309356,0.0109700291744637,0.00837460331664843,"HLA-DRB1/CD74/TGFA/WNT5A/DRD2/TGFB1/IL11/ACTA2/SEMA3A/PTPRJ/TNFRSF11A/GATA4/IL6/ARRB1/WNT7B",15
"GOBP_REGULATION_OF_LEUKOCYTE_MEDIATED_CYTOTOXICITY","GOBP_REGULATION_OF_LEUKOCYTE_MEDIATED_CYTOTOXICITY","5/219","36/11404",0.000578970347882121,0.0110549772947057,0.00843945335471192,"HLA-DRA/HLA-DRB1/HLA-E/HLA-B/HLA-F",5
"GOBP_REGULATION_OF_LEUKOCYTE_DIFFERENTIATION","GOBP_REGULATION_OF_LEUKOCYTE_DIFFERENTIATION","11/219","177/11404",0.000611518177553551,0.0115295156625203,0.00880171953703241,"HLA-DRA/HLA-DRB1/CD74/HLA-B/TGFB1/HLA-DOA/EVI2B/ADA/FOS/TNFSF9/ZBTB46",11
"GOBP_ACUTE_PHASE_RESPONSE","GOBP_ACUTE_PHASE_RESPONSE","4/219","21/11404",0.000612573887192732,0.0115295156625203,0.00880171953703241,"PTGES/TNFRSF11A/PTGS2/IL6",4
"GOBP_POSITIVE_REGULATION_OF_B_CELL_ACTIVATION","GOBP_POSITIVE_REGULATION_OF_B_CELL_ACTIVATION","6/219","55/11404",0.000619226501867818,0.0115720697334872,0.00883420563694961,"CD74/TGFB1/ADA/NFATC2/IL6/CD38",6
"GOBP_HORMONE_TRANSPORT","GOBP_HORMONE_TRANSPORT","11/219","178/11404",0.000641012999961429,0.011894853907735,0.00908062151909778,"HLA-DRB1/DRD2/IL11/LTBP4/TRPM4/SNAP25/GIPR/IL6/CD38/ABAT/PTPRN",11
"GOBP_REGULATION_OF_FAT_CELL_DIFFERENTIATION","GOBP_REGULATION_OF_FAT_CELL_DIFFERENTIATION","8/219","100/11404",0.000665648023031544,0.0122656121726442,0.00936366118522843,"WNT5A/TGFB1/HES1/RORA/TRPM4/PTGS2/IL6/CCN4",8
"GOBP_CHEMICAL_SYNAPTIC_TRANSMISSION_POSTSYNAPTIC","GOBP_CHEMICAL_SYNAPTIC_TRANSMISSION_POSTSYNAPTIC","6/219","56/11404",0.00068258346002826,0.0124903292859338,0.00953521193065794,"DRD2/S1PR2/GRIK2/GRIN2A/SHANK3/ABAT",6
"GOBP_RESPONSE_TO_CORTICOSTEROID","GOBP_RESPONSE_TO_CORTICOSTEROID","8/219","101/11404",0.000711188057401817,0.0128400393514318,0.00980218324201988,"COL1A1/PLAT/KLF9/PTGS2/FOS/IL6/WNT7B/SERPINF1",8
"GOBP_PROTEIN_LOCALIZATION_TO_EXTRACELLULAR_REGION","GOBP_PROTEIN_LOCALIZATION_TO_EXTRACELLULAR_REGION","13/219","239/11404",0.000711440510553719,0.0128400393514318,0.00980218324201988,"HLA-DRB1/DRD2/TGFB1/SCG2/TRPM4/SNAP25/GIPR/RAB3D/IL6/OLFM2/CD38/ABAT/PTPRN",13
"GOBP_NEGATIVE_REGULATION_OF_AXON_EXTENSION_INVOLVED_IN_AXON_GUIDANCE","GOBP_NEGATIVE_REGULATION_OF_AXON_EXTENSION_INVOLVED_IN_AXON_GUIDANCE","4/219","22/11404",0.000737517405418461,0.0131264327772892,0.0100208181513631,"WNT5A/SEMA3A/SEMA3B/SEMA6B",4
"GOBP_EMBRYONIC_ORGAN_MORPHOGENESIS","GOBP_EMBRYONIC_ORGAN_MORPHOGENESIS","12/219","210/11404",0.000738302862901853,0.0131264327772892,0.0100208181513631,"SOBP/WNT5A/TFAP2A/SLITRK6/HES1/HOXA5/EYA1/HOXA3/GATA4/HOXA6/CCDC40/PDZD7",12
"GOBP_NEGATIVE_CHEMOTAXIS","GOBP_NEGATIVE_CHEMOTAXIS","5/219","38/11404",0.000747235262464281,0.0131264327772892,0.0100208181513631,"WNT5A/SEMA3A/SEMA3B/SEMA6B/UNC5C",5
"GOBP_REGULATION_OF_SYNAPTIC_TRANSMISSION_GLUTAMATERGIC","GOBP_REGULATION_OF_SYNAPTIC_TRANSMISSION_GLUTAMATERGIC","5/219","38/11404",0.000747235262464281,0.0131264327772892,0.0100208181513631,"DRD2/CACNG7/GRIK2/PTGS2/SHANK3",5
"GOBP_NEGATIVE_REGULATION_OF_NATURAL_KILLER_CELL_MEDIATED_IMMUNITY","GOBP_NEGATIVE_REGULATION_OF_NATURAL_KILLER_CELL_MEDIATED_IMMUNITY","3/219","10/11404",0.000758743841261956,0.0131532238271398,0.0100412706416316,"HLA-E/HLA-B/HLA-F",3
"GOBP_REGULATION_OF_ANTIGEN_PROCESSING_AND_PRESENTATION","GOBP_REGULATION_OF_ANTIGEN_PROCESSING_AND_PRESENTATION","3/219","10/11404",0.000758743841261956,0.0131532238271398,0.0100412706416316,"CD74/HLA-DOA/HLA-DOB",3
"GOBP_REGULATION_OF_NEUROGENESIS","GOBP_REGULATION_OF_NEUROGENESIS","14/219","272/11404",0.000770773572670575,0.0132726506544282,0.0101324419856636,"WNT5A/DRD2/TGFB1/HES1/CHODL/SEMA3A/PLXNB3/SEMA3B/MAPT/SHANK3/EGR2/IL6/SEMA6B/SERPINF1",14
"GOBP_CELL_MORPHOGENESIS_INVOLVED_IN_NEURON_DIFFERENTIATION","GOBP_CELL_MORPHOGENESIS_INVOLVED_IN_NEURON_DIFFERENTIATION","19/219","438/11404",0.000780109059141655,0.0132726506544282,0.0101324419856636,"WNT5A/DRD2/SLITRK6/HES1/CHODL/ADARB1/SEMA3A/PLXNB3/APLP1/SEMA3B/MAPT/CDK5R2/SHANK3/EGR2/PDZD7/ARHGAP44/SEMA6B/UNC5C/HECW1",19
"GOBP_HUMORAL_IMMUNE_RESPONSE","GOBP_HUMORAL_IMMUNE_RESPONSE","7/219","79/11404",0.000785781215214725,0.0132726506544282,0.0101324419856636,"HLA-DQB1/HLA-DRB1/HLA-E/C1R/C1RL/DMBT1/IL6",7
"GOBP_POSITIVE_REGULATION_OF_INFLAMMATORY_RESPONSE","GOBP_POSITIVE_REGULATION_OF_INFLAMMATORY_RESPONSE","7/219","79/11404",0.000785781215214725,0.0132726506544282,0.0101324419856636,"HLA-E/WNT5A/TNFRSF11A/PTGS2/ALOX5AP/IL6/CCN4",7
"GOBP_ACTIVATION_OF_IMMUNE_RESPONSE","GOBP_ACTIVATION_OF_IMMUNE_RESPONSE","11/219","183/11404",0.000806873127845525,0.0134670443644187,0.0102808436154615,"HLA-DPB1/HLA-DQB1/HLA-DRB1/FYB1/C1R/PTPRJ/ADA/C1RL/NFATC2/FPR1/CD38",11
"GOBP_PEPTIDE_TRANSPORT","GOBP_PEPTIDE_TRANSPORT","10/219","155/11404",0.000807511578587532,0.0134670443644187,0.0102808436154615,"HLA-DRB1/CD74/DRD2/TRPM4/SNAP25/GIPR/IL6/CD38/ABAT/PTPRN",10
"GOBP_RESPONSE_TO_OXYGEN_LEVELS","GOBP_RESPONSE_TO_OXYGEN_LEVELS","13/219","243/11404",0.000829998825980545,0.0137550119903065,0.010500680281025,"MMP2/EGR1/COL1A1/PLAT/DRD2/PPARA/RORA/ADA/PTGS2/ANGPTL4/CYP1A1/CD38/ABAT",13
"GOBP_ADULT_BEHAVIOR","GOBP_ADULT_BEHAVIOR","7/219","80/11404",0.000847333293604299,0.0139545201790458,0.0106529863426172,"DRD2/SLITRK6/PPARA/INPP5F/FGF12/SHANK3/ABAT",7
"GOBP_DEFENSE_RESPONSE_TO_GRAM_NEGATIVE_BACTERIUM","GOBP_DEFENSE_RESPONSE_TO_GRAM_NEGATIVE_BACTERIUM","4/219","23/11404",0.000879456080041308,0.0143935824280053,0.0109881697872438,"DMBT1/SSC5D/IL6/IL22RA1",4
"GOBP_REGULATION_OF_HEMOPOIESIS","GOBP_REGULATION_OF_HEMOPOIESIS","13/219","245/11404",0.000895247426275804,0.0145615862236836,0.0111164251566801,"HLA-DRA/HLA-DRB1/CD74/HLA-B/TGFB1/HOXA5/HLA-DOA/MAPK11/EVI2B/ADA/FOS/TNFSF9/ZBTB46",13
"GOBP_TAXIS","GOBP_TAXIS","17/219","376/11404",0.000937750678279239,0.015101387473712,0.0115285135173329,"CD74/WNT5A/TGFB1/SCG2/TRPM4/SEMA3A/PLXNB3/PTPRJ/TNFRSF11A/SEMA3B/FPR1/CDK5R2/EGR2/IL6/SEMA6B/UNC5C/DAPK2",17
"GOBP_RESPONSE_TO_MECHANICAL_STIMULUS","GOBP_RESPONSE_TO_MECHANICAL_STIMULUS","9/219","131/11404",0.000939896601779419,0.015101387473712,0.0115285135173329,"MMP2/COL1A1/DRD2/SLITRK6/GATA4/PTGS2/FOS/SHANK3/PDZD7",9
"GOBP_POSITIVE_REGULATION_OF_LEUKOCYTE_MEDIATED_IMMUNITY","GOBP_POSITIVE_REGULATION_OF_LEUKOCYTE_MEDIATED_IMMUNITY","7/219","82/11404",0.000981830737840362,0.0156771462499706,0.0119680521257141,"HLA-DRA/HLA-DRB1/HLA-E/HLA-B/HLA-F/TGFB1/IL6",7
"GOBP_T_CELL_ACTIVATION_INVOLVED_IN_IMMUNE_RESPONSE","GOBP_T_CELL_ACTIVATION_INVOLVED_IN_IMMUNE_RESPONSE","6/219","60/11404",0.000987630465842552,0.0156771462499706,0.0119680521257141,"HLA-DRA/HLA-DRB1/CD74/HLA-DMB/RORA/IL6",6
"GOBP_ENDOTHELIAL_CELL_MORPHOGENESIS","GOBP_ENDOTHELIAL_CELL_MORPHOGENESIS","3/219","11/11404",0.00102854214928479,0.0160367370613338,0.0122425664732683,"COL18A1/COL22A1/COL15A1",3
"GOBP_SLEEP","GOBP_SLEEP","3/219","11/11404",0.00102854214928479,0.0160367370613338,0.0122425664732683,"DRD2/FOS/GRIN2A",3
"GOBP_STARTLE_RESPONSE","GOBP_STARTLE_RESPONSE","3/219","11/11404",0.00102854214928479,0.0160367370613338,0.0122425664732683,"DRD2/SLITRK6/GRIN2A",3
"GOBP_POSITIVE_REGULATION_OF_MUSCLE_CONTRACTION","GOBP_POSITIVE_REGULATION_OF_MUSCLE_CONTRACTION","4/219","24/11404",0.00103960196590059,0.0160881947851311,0.0122818496891583,"ADA/TBXA2R/PTGS2/ABAT",4
"GOBP_CIRCULATORY_SYSTEM_PROCESS","GOBP_CIRCULATORY_SYSTEM_PROCESS","16/219","346/11404",0.00104405362742217,0.0160881947851311,0.0122818496891583,"MMP2/DRD2/TGFB1/PPARA/FGF12/ACTA2/TRPM4/SEMA3A/PTPRJ/ADA/TBXA2R/GATA4/PTGS2/CD38/ABAT/CORIN",16
"GOBP_REGULATION_OF_OSSIFICATION","GOBP_REGULATION_OF_OSSIFICATION","7/219","83/11404",0.00105509630663999,0.0161638300464906,0.0123395902202511,"DHRS3/WNT5A/TFAP2A/TGFB1/TRPM4/LTBP3/EGR2",7
"GOBP_ICOSANOID_METABOLIC_PROCESS","GOBP_ICOSANOID_METABOLIC_PROCESS","6/219","61/11404",0.00107810571052097,0.0164208586544668,0.0125358078053275,"PTGES/CD74/PTGS2/ALOX5AP/CYP1A1/ALOXE3",6
"GOBP_POSITIVE_REGULATION_OF_PEPTIDYL_TYROSINE_PHOSPHORYLATION","GOBP_POSITIVE_REGULATION_OF_PEPTIDYL_TYROSINE_PHOSPHORYLATION","8/219","108/11404",0.00110497528587877,0.0167333901051182,0.0127743966806675,"CD74/TGFA/TGFB1/IL11/HES1/ERBB3/PTPRJ/IL6",8
"GOBP_MESENCHYME_DEVELOPMENT","GOBP_MESENCHYME_DEVELOPMENT","12/219","221/11404",0.00115183300538059,0.0173433141095878,0.0132400172829012,"WNT5A/COL1A1/TGFB1/HES1/ERBB3/HOXA5/ACTA2/SEMA3A/GATA4/SEMA3B/IL6/SEMA6B",12
"GOBP_BONE_REMODELING","GOBP_BONE_REMODELING","6/219","62/11404",0.00117480845650263,0.017588751607298,0.0134273861266539,"TGFB1/LTBP3/TNFRSF11A/RAB3D/IL6/CD38",6
"GOBP_RECEPTOR_LOCALIZATION_TO_SYNAPSE","GOBP_RECEPTOR_LOCALIZATION_TO_SYNAPSE","5/219","42/11404",0.00119003335659424,0.0177160333029708,0.0135245539366732,"CACNG7/GPC6/CNIH2/SNAP25/ARHGAP44",5
"GOBP_REGULATION_OF_PRESYNAPSE_ORGANIZATION","GOBP_REGULATION_OF_PRESYNAPSE_ORGANIZATION","4/219","25/11404",0.00121916800312067,0.017946970325268,0.0137008530077248,"SLITRK6/GPC6/CLSTN3/MDGA1",4
"GOBP_RESPONSE_TO_IRON_ION","GOBP_RESPONSE_TO_IRON_ION","4/219","25/11404",0.00121916800312067,0.017946970325268,0.0137008530077248,"TFAP2A/DRD2/CYP1A1/ABAT",4
"GOBP_REGULATION_OF_PEPTIDYL_TYROSINE_PHOSPHORYLATION","GOBP_REGULATION_OF_PEPTIDYL_TYROSINE_PHOSPHORYLATION","10/219","164/11404",0.0012435988236637,0.0180213404872564,0.0137576277523807,"CD74/TGFA/TGFB1/IL11/HES1/ERBB3/INPP5F/PTPRJ/ZFYVE28/IL6",10
"GOBP_RHYTHMIC_PROCESS","GOBP_RHYTHMIC_PROCESS","12/219","223/11404",0.00124455730543778,0.0180213404872564,0.0137576277523807,"MMP2/EGR1/DRD2/PPARA/RORA/KLF9/TNFRSF11A/NHLH2/FBXL8/EGR2/PTPRN/SERPINF1",12
"GOBP_ANTIGEN_RECEPTOR_MEDIATED_SIGNALING_PATHWAY","GOBP_ANTIGEN_RECEPTOR_MEDIATED_SIGNALING_PATHWAY","8/219","110/11404",0.00124473774902492,0.0180213404872564,0.0137576277523807,"HLA-DPB1/HLA-DQB1/HLA-DRB1/FYB1/PTPRJ/ADA/NFATC2/CD38",8
"GOBP_INNER_EAR_MORPHOGENESIS","GOBP_INNER_EAR_MORPHOGENESIS","6/219","63/11404",0.00127801854247691,0.0184020702700911,0.0140482797507816,"SOBP/WNT5A/TFAP2A/SLITRK6/EYA1/PDZD7",6
"GOBP_REGULATION_OF_CHEMOTAXIS","GOBP_REGULATION_OF_CHEMOTAXIS","9/219","137/11404",0.00129028526608902,0.0184777265007857,0.0141060362900236,"CD74/WNT5A/TGFB1/SCG2/SEMA3A/SEMA3B/IL6/SEMA6B/DAPK2",9
"GOBP_B_CELL_ACTIVATION","GOBP_B_CELL_ACTIVATION","10/219","165/11404",0.00130208045437793,0.0185458486339775,0.0141580412421975,"CD74/TGFB1/IL11/PTPRJ/ADA/NFATC2/MFNG/CD70/IL6/CD38",10
"GOBP_POSITIVE_REGULATION_OF_ERK1_AND_ERK2_CASCADE","GOBP_POSITIVE_REGULATION_OF_ERK1_AND_ERK2_CASCADE","8/219","111/11404",0.00131971358227241,0.0185959641138385,0.0141962997789056,"HLA-DRB1/CD74/DRD2/TGFB1/ACTA2/TNFRSF11A/GATA4/ARRB1",8
"GOBP_TISSUE_REMODELING","GOBP_TISSUE_REMODELING","8/219","111/11404",0.00131971358227241,0.0185959641138385,0.0141962997789056,"MMP2/TGFB1/HOXA3/LTBP3/TNFRSF11A/RAB3D/IL6/CD38",8
"GOBP_ANATOMICAL_STRUCTURE_ARRANGEMENT","GOBP_ANATOMICAL_STRUCTURE_ARRANGEMENT","3/219","12/11404",0.00135204383722654,0.0187507132162733,0.0143144364151796,"TFAP2A/SEMA3A/EGR2",3
"GOBP_MACROPHAGE_CYTOKINE_PRODUCTION","GOBP_MACROPHAGE_CYTOKINE_PRODUCTION","3/219","12/11404",0.00135204383722654,0.0187507132162733,0.0143144364151796,"CD74/WNT5A/TGFB1",3
"GOBP_NEGATIVE_REGULATION_OF_CELL_KILLING","GOBP_NEGATIVE_REGULATION_OF_CELL_KILLING","3/219","12/11404",0.00135204383722654,0.0187507132162733,0.0143144364151796,"HLA-E/HLA-B/HLA-F",3
"GOBP_DEVELOPMENTAL_CELL_GROWTH","GOBP_DEVELOPMENTAL_CELL_GROWTH","10/219","166/11404",0.00136278576157195,0.0188007355065031,0.0143526238102177,"PAK6/WNT5A/CACNG7/PPARA/SEMA3A/SORBS2/GATA4/SEMA3B/MAPT/SEMA6B",10
"GOBP_MUSCLE_SYSTEM_PROCESS","GOBP_MUSCLE_SYSTEM_PROCESS","13/219","257/11404",0.00138387569337052,0.0189504354919133,0.0144669059123325,"DRD2/PPARA/INPP5F/FGF12/ACTA2/TRPM4/ADA/SORBS2/TBXA2R/GATA4/PTGS2/CD38/ABAT",13
"GOBP_CELLULAR_RESPONSE_TO_INTERLEUKIN_1","GOBP_CELLULAR_RESPONSE_TO_INTERLEUKIN_1","6/219","64/11404",0.00138802051231092,0.0189504354919133,0.0144669059123325,"MMP2/EGR1/HES1/RORA/MAPK11/IL6",6
"GOBP_REGULATION_OF_BONE_RESORPTION","GOBP_REGULATION_OF_BONE_RESORPTION","4/219","26/11404",0.00141936486092142,0.0192784866418966,0.014717342643629,"LTBP3/TNFRSF11A/IL6/CD38",4
"GOBP_RESPONSE_TO_METAL_ION","GOBP_RESPONSE_TO_METAL_ION","12/219","227/11404",0.00144863453919447,0.0195751385168073,0.0149438089306377,"WNT5A/TFAP2A/DRD2/PTGS2/MAPT/ALOX5AP/FOS/GIPR/CYP1A1/SYT5/ABAT/SERPINF1",12
"GOBP_BONE_RESORPTION","GOBP_BONE_RESORPTION","5/219","44/11404",0.00147281378808711,0.0196998189421804,0.0150389909112181,"LTBP3/TNFRSF11A/RAB3D/IL6/CD38",5
"GOBP_POSITIVE_REGULATION_OF_INSULIN_SECRETION","GOBP_POSITIVE_REGULATION_OF_INSULIN_SECRETION","5/219","44/11404",0.00147281378808711,0.0196998189421804,0.0150389909112181,"HLA-DRB1/TRPM4/GIPR/CD38/ABAT",5
"GOBP_CELL_ACTIVATION_INVOLVED_IN_IMMUNE_RESPONSE","GOBP_CELL_ACTIVATION_INVOLVED_IN_IMMUNE_RESPONSE","10/219","168/11404",0.00149111862809191,0.0198439271970817,0.0151490042439322,"HLA-DRA/HLA-DRB1/CD74/HLA-DMB/HLA-F/TGFB1/RORA/ADA/MFNG/IL6",10
"GOBP_REGULATION_OF_HORMONE_SECRETION","GOBP_REGULATION_OF_HORMONE_SECRETION","9/219","140/11404",0.00150131318960492,0.0198791972593416,0.0151759296764613,"HLA-DRB1/DRD2/IL11/TRPM4/SNAP25/GIPR/IL6/CD38/ABAT",9
"GOBP_DETECTION_OF_STIMULUS","GOBP_DETECTION_OF_STIMULUS","8/219","114/11404",0.00156642556464138,0.0206376568141502,0.0157549434422615,"HLA-DRB1/HLA-B/PTPRJ/DMBT1/SSC5D/GRIK2/MMP24/PDZD7",8
"GOBP_DIENCEPHALON_DEVELOPMENT","GOBP_DIENCEPHALON_DEVELOPMENT","5/219","45/11404",0.0016314089401815,0.0210979691845863,0.0161063493904901,"WNT5A/DRD2/HES1/SEMA3A/NHLH2",5
"GOBP_SENSORY_PERCEPTION_OF_PAIN","GOBP_SENSORY_PERCEPTION_OF_PAIN","5/219","45/11404",0.0016314089401815,0.0210979691845863,0.0161063493904901,"PTGES/PTGS2/MMP24/GRIN2A/ALOXE3",5
"GOBP_ICOSANOID_BIOSYNTHETIC_PROCESS","GOBP_ICOSANOID_BIOSYNTHETIC_PROCESS","4/219","27/11404",0.00164139798210254,0.0210979691845863,0.0161063493904901,"PTGES/CD74/PTGS2/ALOX5AP",4
"GOBP_POSITIVE_REGULATION_OF_B_CELL_PROLIFERATION","GOBP_POSITIVE_REGULATION_OF_B_CELL_PROLIFERATION","4/219","27/11404",0.00164139798210254,0.0210979691845863,0.0161063493904901,"CD74/ADA/NFATC2/CD38",4
"GOBP_RESPONSE_TO_NICOTINE","GOBP_RESPONSE_TO_NICOTINE","4/219","27/11404",0.00164139798210254,0.0210979691845863,0.0161063493904901,"MMP2/DRD2/PPARA/ABAT",4
"GOBP_SENSORY_PERCEPTION_OF_MECHANICAL_STIMULUS","GOBP_SENSORY_PERCEPTION_OF_MECHANICAL_STIMULUS","7/219","90/11404",0.00169602660427764,0.0216943208848135,0.0165616087929207,"SOBP/COL1A1/TFAP2A/ATP6V0A4/SLITRK6/EYA1/PDZD7",7
"GOBP_ADAPTATION_OF_SIGNALING_PATHWAY","GOBP_ADAPTATION_OF_SIGNALING_PATHWAY","3/219","13/11404",0.00173288529064336,0.0217435844802154,0.0165992169945837,"DRD2/GIPR/ARRB1",3
"GOBP_DOPAMINE_SECRETION","GOBP_DOPAMINE_SECRETION","3/219","13/11404",0.00173288529064336,0.0217435844802154,0.0165992169945837,"DRD2/SYT5/ABAT",3
"GOBP_REGULATION_OF_MONOCYTE_DIFFERENTIATION","GOBP_REGULATION_OF_MONOCYTE_DIFFERENTIATION","3/219","13/11404",0.00173288529064336,0.0217435844802154,0.0165992169945837,"HLA-DRB1/CD74/ZBTB46",3
"GOBP_TOOTH_MINERALIZATION","GOBP_TOOTH_MINERALIZATION","3/219","13/11404",0.00173288529064336,0.0217435844802154,0.0165992169945837,"COL1A1/TFAP2A/PPARA",3
"GOBP_ENDOCRINE_SYSTEM_DEVELOPMENT","GOBP_ENDOCRINE_SYSTEM_DEVELOPMENT","7/219","91/11404",0.00180800941645307,0.0225786957931462,0.0172367472928003,"WNT5A/DRD2/HES1/HOXA5/HOXA3/GIPR/IL6",7
"GOBP_ADENYLATE_CYCLASE_ACTIVATING_G_PROTEIN_COUPLED_RECEPTOR_SIGNALING_PATHWAY","GOBP_ADENYLATE_CYCLASE_ACTIVATING_G_PROTEIN_COUPLED_RECEPTOR_SIGNALING_PATHWAY","6/219","68/11404",0.00190179109904341,0.0235268523285418,0.0179605771696168,"DRD2/S1PR2/TBXA2R/APLP1/ADGRB2/GIPR",6
"GOBP_REGULATION_OF_POSTSYNAPTIC_MEMBRANE_POTENTIAL","GOBP_REGULATION_OF_POSTSYNAPTIC_MEMBRANE_POTENTIAL","6/219","68/11404",0.00190179109904341,0.0235268523285418,0.0179605771696168,"DRD2/S1PR2/GRIK2/GRIN2A/SHANK3/ABAT",6
"GOBP_POSITIVE_REGULATION_OF_NEUROGENESIS","GOBP_POSITIVE_REGULATION_OF_NEUROGENESIS","10/219","174/11404",0.00193619773239894,0.0238405655367813,0.0182000682076457,"DRD2/TGFB1/HES1/CHODL/PLXNB3/MAPT/SHANK3/EGR2/IL6/SERPINF1",10
"GOBP_EMBRYONIC_ORGAN_DEVELOPMENT","GOBP_EMBRYONIC_ORGAN_DEVELOPMENT","15/219","334/11404",0.00198541711693047,0.0241124003904347,0.0184075889927577,"SOBP/WNT5A/TFAP2A/SLITRK6/TGFB1/HES1/HOXA5/EYA1/HOXA3/ADA/GATA4/HOXA6/CCDC40/PDZD7/WNT7B",15
"GOBP_NEGATIVE_REGULATION_OF_FAT_CELL_DIFFERENTIATION","GOBP_NEGATIVE_REGULATION_OF_FAT_CELL_DIFFERENTIATION","5/219","47/11404",0.00198572709097697,0.0241124003904347,0.0184075889927577,"WNT5A/TGFB1/RORA/IL6/CCN4",5
"GOBP_OVULATION_CYCLE","GOBP_OVULATION_CYCLE","5/219","47/11404",0.00198572709097697,0.0241124003904347,0.0184075889927577,"MMP2/EGR1/NHLH2/PTPRN/SERPINF1",5
"GOBP_MYELOID_LEUKOCYTE_DIFFERENTIATION","GOBP_MYELOID_LEUKOCYTE_DIFFERENTIATION","9/219","146/11404",0.00200652306759571,0.0241424122516653,0.0184305002748157,"HLA-DRB1/CD74/TGFB1/EVI2B/TNFRSF11A/DHRS2/FOS/ZBTB46/CCN4",9
"GOBP_NEGATIVE_REGULATION_OF_DEFENSE_RESPONSE","GOBP_NEGATIVE_REGULATION_OF_DEFENSE_RESPONSE","9/219","146/11404",0.00200652306759571,0.0241424122516653,0.0184305002748157,"HLA-DRB1/HLA-E/HLA-B/DRD2/HLA-F/PPARA/RORA/ADA/SERPINF1",9
"GOBP_POSITIVE_REGULATION_OF_HORMONE_SECRETION","GOBP_POSITIVE_REGULATION_OF_HORMONE_SECRETION","6/219","69/11404",0.00205017061232976,0.0245554525613133,0.0187458183739817,"HLA-DRB1/DRD2/TRPM4/GIPR/CD38/ABAT",6
"GOBP_IMMUNE_RESPONSE_REGULATING_CELL_SURFACE_RECEPTOR_SIGNALING_PATHWAY","GOBP_IMMUNE_RESPONSE_REGULATING_CELL_SURFACE_RECEPTOR_SIGNALING_PATHWAY","9/219","147/11404",0.00210256016776935,0.0250689866157115,0.0191378541586436,"HLA-DPB1/HLA-DQB1/HLA-DRB1/FYB1/PTPRJ/ADA/NFATC2/FPR1/CD38",9
"GOBP_AXON_DEVELOPMENT","GOBP_AXON_DEVELOPMENT","16/219","371/11404",0.0021403755929859,0.0254049085023327,0.0193942994698723,"MMP2/WNT5A/DRD2/SLITRK6/CHODL/ADARB1/INPP5F/SEMA3A/PLXNB3/APLP1/SEMA3B/MAPT/CDK5R2/EGR2/SEMA6B/UNC5C",16
"GOBP_REGULATION_OF_VIRAL_ENTRY_INTO_HOST_CELL","GOBP_REGULATION_OF_VIRAL_ENTRY_INTO_HOST_CELL","4/219","29/11404",0.00215575225733433,0.0254726780182778,0.0194460352313708,"HLA-DRB1/CD74/CIITA/MID2",4
"GOBP_RESPONSE_TO_AUDITORY_STIMULUS","GOBP_RESPONSE_TO_AUDITORY_STIMULUS","3/219","14/11404",0.00217443597375943,0.0255600780145667,0.0195127570501696,"DRD2/SLITRK6/SHANK3",3
"GOBP_PROTEIN_SUMOYLATION","GOBP_PROTEIN_SUMOYLATION","5/219","48/11404",0.00218254935608255,0.0255600780145667,0.0195127570501696,"EGR1/HMG20B/EYA1/TRPM4/EGR2",5
"GOBP_NEGATIVE_REGULATION_OF_CELL_PROJECTION_ORGANIZATION","GOBP_NEGATIVE_REGULATION_OF_CELL_PROJECTION_ORGANIZATION","9/219","148/11404",0.00220222989289378,0.0256202813350435,0.0195587167207702,"WNT5A/HES1/INPP5F/SEMA3A/PLXNB3/SEMA3B/ARHGAP44/SEMA6B/CD38",9
"GOBP_POSITIVE_REGULATION_OF_NEURON_DEATH","GOBP_POSITIVE_REGULATION_OF_NEURON_DEATH","6/219","70/11404",0.00220713619091266,0.0256202813350435,0.0195587167207702,"EGR1/WNT5A/TFAP2A/GRIK2/MAPT/FOS",6
"GOBP_REGULATION_OF_BLOOD_PRESSURE","GOBP_REGULATION_OF_BLOOD_PRESSURE","7/219","95/11404",0.00231444260106148,0.0267480537447237,0.0204196667157363,"DRD2/PPARA/ACTA2/TBXA2R/PTGS2/ABAT/CORIN",7
"GOBP_B_CELL_PROLIFERATION","GOBP_B_CELL_PROLIFERATION","5/219","49/11404",0.00239321831869483,0.0272992652370601,0.0208404657417445,"CD74/ADA/NFATC2/CD70/CD38",5
"GOBP_POSITIVE_REGULATION_OF_CYTOKINE_PRODUCTION_INVOLVED_IN_IMMUNE_RESPONSE","GOBP_POSITIVE_REGULATION_OF_CYTOKINE_PRODUCTION_INVOLVED_IN_IMMUNE_RESPONSE","5/219","49/11404",0.00239321831869483,0.0272992652370601,0.0208404657417445,"CD74/HLA-E/WNT5A/HLA-F/IL6",5
"GOBP_REGULATION_OF_TISSUE_REMODELING","GOBP_REGULATION_OF_TISSUE_REMODELING","5/219","49/11404",0.00239321831869483,0.0272992652370601,0.0208404657417445,"TGFB1/LTBP3/TNFRSF11A/IL6/CD38",5
"GOBP_NEURON_PROJECTION_EXTENSION_INVOLVED_IN_NEURON_PROJECTION_GUIDANCE","GOBP_NEURON_PROJECTION_EXTENSION_INVOLVED_IN_NEURON_PROJECTION_GUIDANCE","4/219","30/11404",0.00245043420603153,0.0278314402279875,0.0212467321584676,"WNT5A/SEMA3A/SEMA3B/SEMA6B",4
"GOBP_REGULATION_OF_NEURON_PROJECTION_DEVELOPMENT","GOBP_REGULATION_OF_NEURON_PROJECTION_DEVELOPMENT","15/219","342/11404",0.00249335091879161,0.028197337643845,0.0215260610156348,"WNT5A/HES1/CHODL/INPP5F/SNAP25/SEMA3A/PLXNB3/SEMA3B/MAPT/SHANK3/ARHGAP44/SEMA6B/CD38/HECW1/SERPINF1",15
"GOBP_LEARNING","GOBP_LEARNING","7/219","97/11404",0.00260549256478776,0.0290588371882332,0.0221837362895091,"PAK6/DRD2/SNAP25/PTGS2/FOS/GRIN2A/SHANK3",7
"GOBP_INTERLEUKIN_8_PRODUCTION","GOBP_INTERLEUKIN_8_PRODUCTION","5/219","50/11404",0.00261829015725975,0.0290588371882332,0.0221837362895091,"CD74/WNT5A/SSC5D/IL6/ARRB1",5
"GOBP_SYNAPSE_ORGANIZATION","GOBP_SYNAPSE_ORGANIZATION","14/219","310/11404",0.00264682630418133,0.0290588371882332,0.0221837362895091,"WNT5A/DRD2/SLITRK6/GPC6/PPFIA3/CLSTN3/KIRREL3/PCDHB2/BSN/MDGA1/MAPT/SHANK3/ARHGAP44/WNT7B",14
"GOBP_SENSORY_ORGAN_DEVELOPMENT","GOBP_SENSORY_ORGAN_DEVELOPMENT","16/219","379/11404",0.00264925207809112,0.0290588371882332,0.0221837362895091,"SOBP/WNT5A/TFAP2A/DRD2/SLITRK6/HES1/EYA1/IFT27/SMOC1/COL5A1/HCN1/MEIS3/CYP1A1/PDZD7/WNT7B/SERPINF1",16
"GOBP_MAMMARY_GLAND_ALVEOLUS_DEVELOPMENT","GOBP_MAMMARY_GLAND_ALVEOLUS_DEVELOPMENT","3/219","15/11404",0.00267980927390538,0.0290588371882332,0.0221837362895091,"TGFA/HOXA5/TNFRSF11A",3
"GOBP_OVULATION","GOBP_OVULATION","3/219","15/11404",0.00267980927390538,0.0290588371882332,0.0221837362895091,"MMP2/PLAT/PTGS2",3
"GOBP_PHYSIOLOGICAL_CARDIAC_MUSCLE_HYPERTROPHY","GOBP_PHYSIOLOGICAL_CARDIAC_MUSCLE_HYPERTROPHY","3/219","15/11404",0.00267980927390538,0.0290588371882332,0.0221837362895091,"PPARA/SORBS2/GATA4",3
"GOBP_POSITIVE_REGULATION_OF_SYNAPTIC_TRANSMISSION_GLUTAMATERGIC","GOBP_POSITIVE_REGULATION_OF_SYNAPTIC_TRANSMISSION_GLUTAMATERGIC","3/219","15/11404",0.00267980927390538,0.0290588371882332,0.0221837362895091,"CACNG7/PTGS2/SHANK3",3
"GOBP_REGULATION_OF_AMPA_RECEPTOR_ACTIVITY","GOBP_REGULATION_OF_AMPA_RECEPTOR_ACTIVITY","3/219","15/11404",0.00267980927390538,0.0290588371882332,0.0221837362895091,"CACNG7/CNIH2/SHANK3",3
"GOBP_RESPONSE_TO_HYPEROXIA","GOBP_RESPONSE_TO_HYPEROXIA","3/219","15/11404",0.00267980927390538,0.0290588371882332,0.0221837362895091,"MMP2/COL1A1/CYP1A1",3
"GOBP_BIOMINERALIZATION","GOBP_BIOMINERALIZATION","7/219","98/11404",0.00276117498013109,0.0296967186638588,0.0226706998368658,"COL1A1/TFAP2A/TGFB1/PPARA/TRPM4/LTBP3/PTGS2",7
"GOBP_EMBRYONIC_SKELETAL_SYSTEM_DEVELOPMENT","GOBP_EMBRYONIC_SKELETAL_SYSTEM_DEVELOPMENT","7/219","98/11404",0.00276117498013109,0.0296967186638588,0.0226706998368658,"WNT5A/COL1A1/TFAP2A/HOXA5/EYA1/HOXA3/HOXA6",7
"GOBP_AMIDE_TRANSPORT","GOBP_AMIDE_TRANSPORT","10/219","183/11404",0.00279946111164388,0.0299860976796001,0.0228916139681277,"HLA-DRB1/CD74/DRD2/TRPM4/SNAP25/GIPR/IL6/CD38/ABAT/PTPRN",10
"GOBP_REGULATION_OF_RESPONSE_TO_WOUNDING","GOBP_REGULATION_OF_RESPONSE_TO_WOUNDING","7/219","99/11404",0.00292390099531948,0.0309789812025965,0.0236495887658692,"PLAT/SERPINB2/INPP5F/ACTA2/TBXA2R/CCN4/ABAT",7
"GOBP_REGULATION_OF_MYELOID_LEUKOCYTE_DIFFERENTIATION","GOBP_REGULATION_OF_MYELOID_LEUKOCYTE_DIFFERENTIATION","6/219","74/11404",0.00292713055143506,0.0309789812025965,0.0236495887658692,"HLA-DRB1/CD74/TGFB1/EVI2B/FOS/ZBTB46",6
"GOBP_NEGATIVE_REGULATION_OF_IMMUNE_SYSTEM_PROCESS","GOBP_NEGATIVE_REGULATION_OF_IMMUNE_SYSTEM_PROCESS","12/219","247/11404",0.00292742554817705,0.0309789812025965,0.0236495887658692,"HLA-DRB1/CD74/HLA-E/HLA-B/DRD2/HLA-F/TGFB1/HLA-DOA/PTPRJ/ADA/HLA-DOB/ZBTB46",12
"GOBP_REGULATION_OF_DEFENSE_RESPONSE","GOBP_REGULATION_OF_DEFENSE_RESPONSE","16/219","384/11404",0.00301567447982737,0.0317852090173805,0.0242650691829478,"PTGES/HLA-DRB1/HLA-E/WNT5A/HLA-B/DRD2/HLA-F/PPARA/RORA/ADA/TNFRSF11A/PTGS2/ALOX5AP/IL6/CCN4/SERPINF1",16
"GOBP_MUSCLE_STRUCTURE_DEVELOPMENT","GOBP_MUSCLE_STRUCTURE_DEVELOPMENT","18/219","457/11404",0.00309245842777933,0.0324646532159305,0.0247837620276213,"EGR1/HMG20B/WNT5A/TGFB1/HES1/ERBB3/PPARA/RORA/RCAN1/CHODL/ADARB1/MAPK11/SORBS2/NFATC2/GATA4/FOS/EGR2/OLFM2",18
"GOBP_INNER_EAR_RECEPTOR_CELL_DEVELOPMENT","GOBP_INNER_EAR_RECEPTOR_CELL_DEVELOPMENT","4/219","32/11404",0.00312059916563093,0.032630074608879,0.0249100459712644,"SLITRK6/HES1/IFT27/PDZD7",4
"GOBP_REGULATION_OF_RECEPTOR_LOCALIZATION_TO_SYNAPSE","GOBP_REGULATION_OF_RECEPTOR_LOCALIZATION_TO_SYNAPSE","3/219","16/11404",0.00325187299421552,0.0338035502069444,0.0258058861262242,"GPC6/CNIH2/ARHGAP44",3
"GOBP_ADENYLATE_CYCLASE_MODULATING_G_PROTEIN_COUPLED_RECEPTOR_SIGNALING_PATHWAY","GOBP_ADENYLATE_CYCLASE_MODULATING_G_PROTEIN_COUPLED_RECEPTOR_SIGNALING_PATHWAY","7/219","101/11404",0.00327131131034946,0.0338035502069444,0.0258058861262242,"DRD2/S1PR2/TBXA2R/APLP1/ADGRB2/FPR1/GIPR",7
"GOBP_NEGATIVE_REGULATION_OF_SECRETION","GOBP_NEGATIVE_REGULATION_OF_SECRETION","7/219","101/11404",0.00327131131034946,0.0338035502069444,0.0258058861262242,"CD74/DRD2/HLA-F/IL11/ERBB3/ADA/ABAT",7
"GOBP_MUSCLE_TISSUE_DEVELOPMENT","GOBP_MUSCLE_TISSUE_DEVELOPMENT","13/219","284/11404",0.00332261022459059,0.0341821769262289,0.0260949326299904,"EGR1/HMG20B/WNT5A/TGFB1/ERBB3/PPARA/RCAN1/EYA1/MAPK11/SORBS2/GATA4/FOS/EGR2",13
"GOBP_REGULATION_OF_TUBE_SIZE","GOBP_REGULATION_OF_TUBE_SIZE","6/219","76/11404",0.00334686969524367,0.0341821769262289,0.0260949326299904,"MMP2/ACTA2/TRPM4/TBXA2R/PTGS2/CD38",6
"GOBP_REGULATION_OF_WOUND_HEALING","GOBP_REGULATION_OF_WOUND_HEALING","6/219","76/11404",0.00334686969524367,0.0341821769262289,0.0260949326299904,"PLAT/SERPINB2/ACTA2/TBXA2R/CCN4/ABAT",6
"GOBP_FOREBRAIN_NEURON_DIFFERENTIATION","GOBP_FOREBRAIN_NEURON_DIFFERENTIATION","4/219","33/11404",0.00349834581451592,0.0351837451192727,0.0268595373705903,"HES1/SEMA3A/NHLH2/SHANK3",4
"GOBP_NEGATIVE_REGULATION_OF_AXON_EXTENSION","GOBP_NEGATIVE_REGULATION_OF_AXON_EXTENSION","4/219","33/11404",0.00349834581451592,0.0351837451192727,0.0268595373705903,"WNT5A/SEMA3A/SEMA3B/SEMA6B",4
"GOBP_NEGATIVE_REGULATION_OF_EPITHELIAL_CELL_APOPTOTIC_PROCESS","GOBP_NEGATIVE_REGULATION_OF_EPITHELIAL_CELL_APOPTOTIC_PROCESS","4/219","33/11404",0.00349834581451592,0.0351837451192727,0.0268595373705903,"IL11/PPARA/SCG2/ANGPTL4",4
"GOBP_REGULATION_OF_BONE_REMODELING","GOBP_REGULATION_OF_BONE_REMODELING","4/219","33/11404",0.00349834581451592,0.0351837451192727,0.0268595373705903,"LTBP3/TNFRSF11A/IL6/CD38",4
"GOBP_POSITIVE_REGULATION_OF_RESPONSE_TO_EXTERNAL_STIMULUS","GOBP_POSITIVE_REGULATION_OF_RESPONSE_TO_EXTERNAL_STIMULUS","12/219","253/11404",0.00355580919244851,0.0355258218008611,0.0271206812988897,"CD74/HLA-E/WNT5A/HLA-F/TGFB1/SCG2/TNFRSF11A/PTGS2/ALOX5AP/IL6/CCN4/DAPK2",12
"GOBP_TEMPERATURE_HOMEOSTASIS","GOBP_TEMPERATURE_HOMEOSTASIS","8/219","130/11404",0.00356331326518926,0.0355258218008611,0.0271206812988897,"PTGES/EGR1/DRD2/LAMA4/KSR2/TNFRSF11A/PTGS2/ABAT",8
"GOBP_RESPONSE_TO_RETINOIC_ACID","GOBP_RESPONSE_TO_RETINOIC_ACID","6/219","77/11404",0.00357280560805624,0.0355258218008611,0.0271206812988897,"MMP2/WNT5A/COL1A1/CD38/WNT7B/SERPINF1",6
"GOBP_REGULATION_OF_LEUKOCYTE_MEDIATED_IMMUNITY","GOBP_REGULATION_OF_LEUKOCYTE_MEDIATED_IMMUNITY","8/219","131/11404",0.0037339419912647,0.0368499518613576,0.0281315322109475,"HLA-DRA/HLA-DRB1/HLA-E/HLA-B/HLA-F/TGFB1/TRPM4/IL6",8
"GOBP_RESPONSE_TO_MONOSACCHARIDE","GOBP_RESPONSE_TO_MONOSACCHARIDE","8/219","131/11404",0.0037339419912647,0.0368499518613576,0.0281315322109475,"HLA-DRB1/EGR1/TRPM4/GATA4/PTGS2/GIPR/PTPRN/SERPINF1",8
"GOBP_CELL_KILLING","GOBP_CELL_KILLING","6/219","78/11404",0.00380988782997796,0.0371816830814516,0.0283847783356253,"HLA-DRA/HLA-DRB1/HLA-E/HLA-B/HLA-F/IL11",6
"GOBP_LIMBIC_SYSTEM_DEVELOPMENT","GOBP_LIMBIC_SYSTEM_DEVELOPMENT","6/219","78/11404",0.00380988782997796,0.0371816830814516,0.0283847783356253,"DRD2/SEMA3A/KIRREL3/NHLH2/CDK5R2/SEMA6B",6
"GOBP_REGULATION_OF_NERVOUS_SYSTEM_PROCESS","GOBP_REGULATION_OF_NERVOUS_SYSTEM_PROCESS","6/219","78/11404",0.00380988782997796,0.0371816830814516,0.0283847783356253,"S1PR2/FGF12/CNIH2/SHANK3/EGR2/ABAT",6
"GOBP_POSITIVE_REGULATION_OF_CELL_DEVELOPMENT","GOBP_POSITIVE_REGULATION_OF_CELL_DEVELOPMENT","11/219","223/11404",0.00385886028426774,0.0375206525795037,0.0286435502164912,"DRD2/TGFB1/HES1/CHODL/S1PR2/PLXNB3/MAPT/SHANK3/EGR2/IL6/SERPINF1",11
"GOBP_NEUROTRANSMITTER_RECEPTOR_TRANSPORT","GOBP_NEUROTRANSMITTER_RECEPTOR_TRANSPORT","3/219","17/11404",0.00389325950465809,0.03756327669818,0.02867608979136,"CACNG7/SNAP25/ARHGAP44",3
"GOBP_CALCINEURIN_MEDIATED_SIGNALING","GOBP_CALCINEURIN_MEDIATED_SIGNALING","4/219","34/11404",0.00390601055609158,0.03756327669818,0.02867608979136,"ERBB3/RCAN1/NFATC2/ADGRB2",4
"GOBP_ENDOCRINE_PANCREAS_DEVELOPMENT","GOBP_ENDOCRINE_PANCREAS_DEVELOPMENT","4/219","34/11404",0.00390601055609158,0.03756327669818,0.02867608979136,"WNT5A/HES1/GIPR/IL6",4
"GOBP_REGULATION_OF_PRODUCTION_OF_MOLECULAR_MEDIATOR_OF_IMMUNE_RESPONSE","GOBP_REGULATION_OF_PRODUCTION_OF_MOLECULAR_MEDIATOR_OF_IMMUNE_RESPONSE","7/219","106/11404",0.00427775957636164,0.0409887144862288,0.0312910949298645,"CD74/HLA-E/WNT5A/HLA-F/TGFB1/TRPM4/IL6",7
"GOBP_EAR_MORPHOGENESIS","GOBP_EAR_MORPHOGENESIS","6/219","80/11404",0.00431880490921121,0.0410832163746265,0.0313632383868615,"SOBP/WNT5A/TFAP2A/SLITRK6/EYA1/PDZD7",6
"GOBP_REGULATION_OF_REGULATED_SECRETORY_PATHWAY","GOBP_REGULATION_OF_REGULATED_SECRETORY_PATHWAY","6/219","80/11404",0.00431880490921121,0.0410832163746265,0.0313632383868615,"DRD2/HLA-F/CDK5R2/RAB3D/SYT5/SYP",6
"GOBP_REGULATION_OF_BIOLOGICAL_PROCESS_INVOLVED_IN_SYMBIOTIC_INTERACTION","GOBP_REGULATION_OF_BIOLOGICAL_PROCESS_INVOLVED_IN_SYMBIOTIC_INTERACTION","4/219","35/11404",0.00434467202100323,0.0411659443865378,0.0314263935774188,"HLA-DRB1/CD74/CIITA/MID2",4
"GOBP_RESPONSE_TO_INORGANIC_SUBSTANCE","GOBP_RESPONSE_TO_INORGANIC_SUBSTANCE","15/219","363/11404",0.00435874705269223,0.0411659443865378,0.0314263935774188,"MMP2/WNT5A/COL1A1/TFAP2A/DRD2/PTGS2/MAPT/ALOX5AP/FOS/GIPR/CYP1A1/IL6/SYT5/ABAT/SERPINF1",15
"GOBP_MUSCLE_CONTRACTION","GOBP_MUSCLE_CONTRACTION","10/219","196/11404",0.00456318635112399,0.0427387309992149,0.032627070783781,"DRD2/FGF12/ACTA2/TRPM4/ADA/TBXA2R/GATA4/PTGS2/CD38/ABAT",10
"GOBP_POSITIVE_REGULATION_OF_PRODUCTION_OF_MOLECULAR_MEDIATOR_OF_IMMUNE_RESPONSE","GOBP_POSITIVE_REGULATION_OF_PRODUCTION_OF_MOLECULAR_MEDIATOR_OF_IMMUNE_RESPONSE","6/219","81/11404",0.00459129887686228,0.0427387309992149,0.032627070783781,"CD74/HLA-E/WNT5A/HLA-F/TGFB1/IL6",6
"GOBP_CATECHOLAMINE_SECRETION","GOBP_CATECHOLAMINE_SECRETION","3/219","18/11404",0.00460637556120571,0.0427387309992149,0.032627070783781,"DRD2/SYT5/ABAT",3
"GOBP_DOPAMINE_TRANSPORT","GOBP_DOPAMINE_TRANSPORT","3/219","18/11404",0.00460637556120571,0.0427387309992149,0.032627070783781,"DRD2/SYT5/ABAT",3
"GOBP_MATURE_B_CELL_DIFFERENTIATION","GOBP_MATURE_B_CELL_DIFFERENTIATION","3/219","18/11404",0.00460637556120571,0.0427387309992149,0.032627070783781,"ADA/MFNG/IL6",3
"GOBP_PANCREAS_DEVELOPMENT","GOBP_PANCREAS_DEVELOPMENT","5/219","57/11404",0.00464391436039048,0.0429358397881717,0.0327775451254154,"WNT5A/HES1/GIPR/CCDC40/IL6",5
"GOBP_RESPONSE_TO_MOLECULE_OF_BACTERIAL_ORIGIN","GOBP_RESPONSE_TO_MOLECULE_OF_BACTERIAL_ORIGIN","10/219","197/11404",0.00472860075411563,0.0434612756866199,0.033178666867924,"WNT5A/TGFB1/TBXA2R/DMBT1/TNFRSF11A/SSC5D/PTGS2/FOS/CYP1A1/IL6",10
"GOBP_REGULATION_OF_PROTEIN_SECRETION","GOBP_REGULATION_OF_PROTEIN_SECRETION","9/219","166/11404",0.00473373287364703,0.0434612756866199,0.033178666867924,"HLA-DRB1/DRD2/TGFB1/TRPM4/SNAP25/GIPR/IL6/CD38/ABAT",9
"GOBP_NEGATIVE_REGULATION_OF_REPRODUCTIVE_PROCESS","GOBP_NEGATIVE_REGULATION_OF_REPRODUCTIVE_PROCESS","4/219","36/11404",0.00481538473014337,0.0440574262636382,0.0336337727313742,"WNT5A/PLAT/ADA/SERPINF1",4
"GOBP_NEGATIVE_REGULATION_OF_DEVELOPMENTAL_GROWTH","GOBP_NEGATIVE_REGULATION_OF_DEVELOPMENTAL_GROWTH","6/219","82/11404",0.00487625688783769,0.0441544223348876,0.0337078202664417,"WNT5A/PPARA/MAPK11/SEMA3A/SEMA3B/SEMA6B",6
"GOBP_POSITIVE_REGULATION_OF_CHEMOTAXIS","GOBP_POSITIVE_REGULATION_OF_CHEMOTAXIS","6/219","82/11404",0.00487625688783769,0.0441544223348876,0.0337078202664417,"CD74/WNT5A/TGFB1/SCG2/IL6/DAPK2",6
"GOBP_REGULATION_OF_B_CELL_ACTIVATION","GOBP_REGULATION_OF_B_CELL_ACTIVATION","6/219","82/11404",0.00487625688783769,0.0441544223348876,0.0337078202664417,"CD74/TGFB1/ADA/NFATC2/IL6/CD38",6
"GOBP_REGULATION_OF_EPITHELIAL_CELL_APOPTOTIC_PROCESS","GOBP_REGULATION_OF_EPITHELIAL_CELL_APOPTOTIC_PROCESS","5/219","58/11404",0.00500425837096195,0.0451582904365915,0.0344741807747234,"IL11/PPARA/SCG2/ANGPTL4/IL6",5
"GOBP_CELL_CELL_ADHESION_VIA_PLASMA_MEMBRANE_ADHESION_MOLECULES","GOBP_CELL_CELL_ADHESION_VIA_PLASMA_MEMBRANE_ADHESION_MOLECULES","9/219","168/11404",0.00511637065274882,0.045855907040793,0.0350067465714393,"PCDH1/GPC6/CLSTN3/KIRREL3/PCDHB2/PLXNB3/MDGA1/HMCN1/MMP24",9
"GOBP_T_CELL_DIFFERENTIATION","GOBP_T_CELL_DIFFERENTIATION","9/219","168/11404",0.00511637065274882,0.045855907040793,0.0350067465714393,"HLA-DRA/HLA-DRB1/CD74/EGR1/RORA/HLA-DOA/ADA/TNFSF9/IL6",9
"GOBP_REGULATION_OF_G_PROTEIN_COUPLED_RECEPTOR_SIGNALING_PATHWAY","GOBP_REGULATION_OF_G_PROTEIN_COUPLED_RECEPTOR_SIGNALING_PATHWAY","6/219","83/11404",0.00517400966039855,0.0460376181092561,0.0351454661766857,"DRD2/ADA/APLP1/GIPR/ARRB1/SYP",6
"GOBP_CELL_GROWTH","GOBP_CELL_GROWTH","15/219","370/11404",0.00518905980206796,0.0460376181092561,0.0351454661766857,"PAK6/WNT5A/TGFB1/CACNG7/PPARA/LTBP4/CLSTN3/SEMA3A/PTPRJ/SORBS2/GATA4/SEMA3B/MAPT/SEMA6B/CD38",15
"GOBP_REGULATION_OF_CELL_DEVELOPMENT","GOBP_REGULATION_OF_CELL_DEVELOPMENT","15/219","370/11404",0.00518905980206796,0.0460376181092561,0.0351454661766857,"WNT5A/DRD2/TGFB1/HES1/CHODL/S1PR2/SEMA3A/PLXNB3/SEMA3B/MAPT/SHANK3/EGR2/IL6/SEMA6B/SERPINF1",15
"GOBP_NEGATIVE_REGULATION_OF_NEURON_PROJECTION_DEVELOPMENT","GOBP_NEGATIVE_REGULATION_OF_NEURON_PROJECTION_DEVELOPMENT","7/219","110/11404",0.00523896916740769,0.0463244421346284,0.0353644298089583,"WNT5A/HES1/INPP5F/SEMA3A/SEMA3B/SEMA6B/CD38",7
"GOBP_POSITIVE_CHEMOTAXIS","GOBP_POSITIVE_CHEMOTAXIS","4/219","37/11404",0.00531917772275804,0.0465648946826161,0.0355479931043561,"WNT5A/SCG2/PLXNB3/PTPRJ",4
"GOBP_REGULATION_OF_MACROPHAGE_ACTIVATION","GOBP_REGULATION_OF_MACROPHAGE_ACTIVATION","4/219","37/11404",0.00531917772275804,0.0465648946826161,0.0355479931043561,"CD74/WNT5A/RORA/IL6",4
"GOBP_REGULATION_OF_SMOOTH_MUSCLE_CONTRACTION","GOBP_REGULATION_OF_SMOOTH_MUSCLE_CONTRACTION","4/219","37/11404",0.00531917772275804,0.0465648946826161,0.0355479931043561,"ADA/TBXA2R/PTGS2/ABAT",4
"GOBP_POSITIVE_REGULATION_OF_SMOOTH_MUSCLE_CELL_PROLIFERATION","GOBP_POSITIVE_REGULATION_OF_SMOOTH_MUSCLE_CELL_PROLIFERATION","5/219","59/11404",0.00538399453591735,0.0465955413118033,0.0355713889730775,"MMP2/TGFB1/PTGS2/IL6/CCN4",5
"GOBP_LONG_TERM_SYNAPTIC_DEPRESSION","GOBP_LONG_TERM_SYNAPTIC_DEPRESSION","3/219","19/11404",0.00539341180269451,0.0465955413118033,0.0355713889730775,"MAPT/SHANK3/CD38",3
"GOBP_MATING","GOBP_MATING","3/219","19/11404",0.00539341180269451,0.0465955413118033,0.0355713889730775,"ADA/NHLH2/ABAT",3
"GOBP_PROSTANOID_BIOSYNTHETIC_PROCESS","GOBP_PROSTANOID_BIOSYNTHETIC_PROCESS","3/219","19/11404",0.00539341180269451,0.0465955413118033,0.0355713889730775,"PTGES/CD74/PTGS2",3
"GOBP_EMBRYONIC_MORPHOGENESIS","GOBP_EMBRYONIC_MORPHOGENESIS","17/219","445/11404",0.00542366653017092,0.0467037951209163,0.0356540307504528,"MMP2/DACT1/SOBP/WNT5A/TFAP2A/SLITRK6/TGFB1/HES1/HOXA5/EYA1/HOXA3/COL5A1/GATA4/HOXA6/CCDC40/PDZD7/WNT7B",17
"GOBP_SKELETAL_SYSTEM_MORPHOGENESIS","GOBP_SKELETAL_SYSTEM_MORPHOGENESIS","9/219","170/11404",0.00552260608860357,0.0472808718479372,0.0360945754924231,"MMP2/DHRS3/COL1A1/TFAP2A/HOXA5/EYA1/HOXA3/LTBP3/HOXA6",9
"GOBP_RESPONSE_TO_STEROID_HORMONE","GOBP_RESPONSE_TO_STEROID_HORMONE","11/219","234/11404",0.00552656870177027,0.0472808718479372,0.0360945754924231,"COL1A1/PLAT/TGFB1/PPARA/KLF9/PTGS2/FOS/IL6/CD38/WNT7B/SERPINF1",11
"GOBP_CARTILAGE_DEVELOPMENT","GOBP_CARTILAGE_DEVELOPMENT","8/219","140/11404",0.00556954439722785,0.0474943349083993,0.0362575348087291,"WNT5A/COL1A1/TGFB1/HOXA5/HOXA3/LTBP3/CCN4/WNT7B",8
"GOBP_SENSORY_SYSTEM_DEVELOPMENT","GOBP_SENSORY_SYSTEM_DEVELOPMENT","12/219","268/11404",0.00561171840220321,0.0476996064187272,0.0364142406336514,"WNT5A/TFAP2A/DRD2/SLITRK6/SMOC1/SEMA3A/COL5A1/HCN1/MEIS3/CYP1A1/WNT7B/SERPINF1",12
"GOBP_LEUKOCYTE_CHEMOTAXIS","GOBP_LEUKOCYTE_CHEMOTAXIS","7/219","112/11404",0.00577640018295191,0.0488460084347935,0.0372894126111617,"CD74/WNT5A/SCG2/TRPM4/TNFRSF11A/IL6/DAPK2",7
"GOBP_CENTRAL_NERVOUS_SYSTEM_NEURON_DEVELOPMENT","GOBP_CENTRAL_NERVOUS_SYSTEM_NEURON_DEVELOPMENT","5/219","60/11404",0.00578366399683324,0.0488460084347935,0.0372894126111617,"DRD2/ADARB1/SEMA3A/MAPT/NHLH2",5
"GOBP_INOSITOL_PHOSPHATE_MEDIATED_SIGNALING","GOBP_INOSITOL_PHOSPHATE_MEDIATED_SIGNALING","4/219","38/11404",0.00585705330632202,0.0491507498794857,0.0375220545369808,"ERBB3/RCAN1/NFATC2/ADGRB2",4
"GOBP_REGULATION_OF_B_CELL_PROLIFERATION","GOBP_REGULATION_OF_B_CELL_PROLIFERATION","4/219","38/11404",0.00585705330632202,0.0491507498794857,0.0375220545369808,"CD74/ADA/NFATC2/CD38",4
"GOBP_NEGATIVE_REGULATION_OF_CELL_POPULATION_PROLIFERATION","GOBP_NEGATIVE_REGULATION_OF_CELL_POPULATION_PROLIFERATION","18/219","488/11404",0.00609602269583779,0.0509937136620082,0.038928987040087,"PTGES/HLA-DRB1/WNT5A/TFAP2A/DRD2/TGFB1/HES1/COL18A1/ADARB1/KLF9/S1PR2/SCG2/MAPK11/PTPRJ/DHRS2/PTGS2/IL6/SERPINF1",18
"GOBP_POSITIVE_REGULATION_OF_PROTEIN_SECRETION","GOBP_POSITIVE_REGULATION_OF_PROTEIN_SECRETION","6/219","86/11404",0.00614734275289395,0.0512602789679606,0.0391324850125927,"HLA-DRB1/TGFB1/TRPM4/GIPR/CD38/ABAT",6
"GOBP_LEUKOCYTE_MEDIATED_CYTOTOXICITY","GOBP_LEUKOCYTE_MEDIATED_CYTOTOXICITY","5/219","61/11404",0.00620380312953969,0.0515678903669939,0.0393673178832819,"HLA-DRA/HLA-DRB1/HLA-E/HLA-B/HLA-F",5
"GOBP_INNERVATION","GOBP_INNERVATION","3/219","20/11404",0.00625635193466682,0.0516786437236585,0.0394518678341801,"SLITRK6/ADARB1/SEMA3A",3
"GOBP_SYNAPTIC_VESICLE_MEMBRANE_ORGANIZATION","GOBP_SYNAPTIC_VESICLE_MEMBRANE_ORGANIZATION","3/219","20/11404",0.00625635193466682,0.0516786437236585,0.0394518678341801,"SYNGR1/SNAP25/SYP",3
"GOBP_CELL_SURFACE_RECEPTOR_SIGNALING_PATHWAY_INVOLVED_IN_CELL_CELL_SIGNALING","GOBP_CELL_SURFACE_RECEPTOR_SIGNALING_PATHWAY_INVOLVED_IN_CELL_CELL_SIGNALING","16/219","415/11404",0.00634222291451297,0.0521407455492969,0.0398046398660567,"DACT1/EGR1/WNT5A/COL1A1/DRD2/TGFB1/GPC6/S1PR2/TRPM4/GRIK2/GRIN2A/SHANK3/CCN4/ABAT/HECW1/WNT7B",16
"GOBP_POSITIVE_REGULATION_OF_PROTEIN_PHOSPHORYLATION","GOBP_POSITIVE_REGULATION_OF_PROTEIN_PHOSPHORYLATION","18/219","490/11404",0.00635187071018,0.0521407455492969,0.0398046398660567,"HLA-DRB1/CD74/TGFA/EGR1/WNT5A/DRD2/TGFB1/IL11/HES1/MAPRE3/ERBB3/S1PR2/PTPRJ/TNFRSF11A/PTGS2/CDK5R2/IL6/ARRB1",18
"GOBP_DEFENSE_RESPONSE_TO_GRAM_POSITIVE_BACTERIUM","GOBP_DEFENSE_RESPONSE_TO_GRAM_POSITIVE_BACTERIUM","4/219","39/11404",0.00642998592246598,0.052293249708944,0.0399210626960119,"HLA-E/DMBT1/SSC5D/IL6",4
"GOBP_FOREBRAIN_GENERATION_OF_NEURONS","GOBP_FOREBRAIN_GENERATION_OF_NEURONS","4/219","39/11404",0.00642998592246598,0.052293249708944,0.0399210626960119,"HES1/SEMA3A/NHLH2/SHANK3",4
"GOBP_POSITIVE_REGULATION_OF_INTERLEUKIN_1_PRODUCTION","GOBP_POSITIVE_REGULATION_OF_INTERLEUKIN_1_PRODUCTION","4/219","39/11404",0.00642998592246598,0.052293249708944,0.0399210626960119,"EGR1/WNT5A/IL6/PANX2",4
"GOBP_RESPONSE_TO_PURINE_CONTAINING_COMPOUND","GOBP_RESPONSE_TO_PURINE_CONTAINING_COMPOUND","6/219","87/11404",0.00649957878313151,0.0526965849032355,0.0402289718366456,"COL1A1/PLAT/TRPM4/PTGS2/HCN1/FOS",6
"GOBP_TISSUE_MORPHOGENESIS","GOBP_TISSUE_MORPHOGENESIS","17/219","454/11404",0.00658917297488378,0.0532591128491373,0.0406584099289729,"MMP2/DACT1/WNT5A/TFAP2A/RIPK4/TGFB1/HES1/HOXA5/GPC6/ADARB1/ACTA2/EYA1/SEMA3A/COL5A1/GATA4/CCDC40/WNT7B",17
"GOBP_MULTICELLULAR_ORGANISMAL_HOMEOSTASIS","GOBP_MULTICELLULAR_ORGANISMAL_HOMEOSTASIS","14/219","344/11404",0.00661647429528525,0.0533162378228643,0.0407020195663612,"PTGES/EGR1/DRD2/LTBP3/LAMA4/KSR2/TNFRSF11A/PTGS2/FLG/RAB3D/IL6/CD38/ALOXE3/ABAT",14
"GOBP_REGULATION_OF_ANATOMICAL_STRUCTURE_SIZE","GOBP_REGULATION_OF_ANATOMICAL_STRUCTURE_SIZE","14/219","346/11404",0.00695024368410043,0.0558350369134287,0.0426248898598072,"MMP2/WNT5A/ACTA2/TRPM4/SEMA3A/TBXA2R/SEMA3B/PTGS2/MAPT/SLC12A8/SHANK3/SEMA6B/CD38/WNT7B",14
"GOBP_POSITIVE_REGULATION_OF_ALPHA_BETA_T_CELL_ACTIVATION","GOBP_POSITIVE_REGULATION_OF_ALPHA_BETA_T_CELL_ACTIVATION","4/219","40/11404",0.00703892112344902,0.0558661360249644,0.0426486311569787,"HLA-DRA/HLA-DRB1/HLA-E/ADA",4
"GOBP_POSITIVE_REGULATION_OF_CHEMOKINE_PRODUCTION","GOBP_POSITIVE_REGULATION_OF_CHEMOKINE_PRODUCTION","4/219","40/11404",0.00703892112344902,0.0558661360249644,0.0426486311569787,"CD74/EGR1/WNT5A/IL6",4
"GOBP_REGULATION_OF_POSTSYNAPTIC_MEMBRANE_NEUROTRANSMITTER_RECEPTOR_LEVELS","GOBP_REGULATION_OF_POSTSYNAPTIC_MEMBRANE_NEUROTRANSMITTER_RECEPTOR_LEVELS","4/219","40/11404",0.00703892112344902,0.0558661360249644,0.0426486311569787,"CACNG7/GPC6/SNAP25/ARHGAP44",4
"GOBP_SEMAPHORIN_PLEXIN_SIGNALING_PATHWAY","GOBP_SEMAPHORIN_PLEXIN_SIGNALING_PATHWAY","4/219","40/11404",0.00703892112344902,0.0558661360249644,0.0426486311569787,"SEMA3A/PLXNB3/SEMA3B/SEMA6B",4
"GOBP_MACROPHAGE_ACTIVATION","GOBP_MACROPHAGE_ACTIVATION","5/219","63/11404",0.00710760891578276,0.0562418903696323,0.0429354848682183,"CD74/WNT5A/RORA/MAPT/IL6",5
"GOBP_NEGATIVE_REGULATION_OF_BIOMINERALIZATION","GOBP_NEGATIVE_REGULATION_OF_BIOMINERALIZATION","3/219","21/11404",0.00719698160924584,0.0562731351346077,0.0429593373583283,"TGFB1/TRPM4/LTBP3",3
"GOBP_NEGATIVE_REGULATION_OF_BLOOD_PRESSURE","GOBP_NEGATIVE_REGULATION_OF_BLOOD_PRESSURE","3/219","21/11404",0.00719698160924584,0.0562731351346077,0.0429593373583283,"DRD2/PPARA/ABAT",3
"GOBP_NEGATIVE_REGULATION_OF_ENDOTHELIAL_CELL_APOPTOTIC_PROCESS","GOBP_NEGATIVE_REGULATION_OF_ENDOTHELIAL_CELL_APOPTOTIC_PROCESS","3/219","21/11404",0.00719698160924584,0.0562731351346077,0.0429593373583283,"IL11/SCG2/ANGPTL4",3
"GOBP_RENAL_SYSTEM_VASCULATURE_DEVELOPMENT","GOBP_RENAL_SYSTEM_VASCULATURE_DEVELOPMENT","3/219","21/11404",0.00719698160924584,0.0562731351346077,0.0429593373583283,"EGR1/HES1/ACTA2",3
"GOBP_GLAND_MORPHOGENESIS","GOBP_GLAND_MORPHOGENESIS","6/219","89/11404",0.00724771033427444,0.0565021205053643,0.0431341465238195,"MMP2/TGFA/WNT5A/TGFB1/SEMA3A/IL6",6
"GOBP_EPITHELIAL_CELL_DIFFERENTIATION","GOBP_EPITHELIAL_CELL_DIFFERENTIATION","16/219","422/11404",0.0074028854087096,0.0573364475422781,0.0437710780997876,"WNT5A/SLITRK6/HES1/HOXA5/COL18A1/S1PR2/ACTA2/DMBT1/GATA4/KRT14/FLG/COL22A1/CYP1A1/PDZD7/COL15A1/WNT7B",16
"GOBP_EAR_DEVELOPMENT","GOBP_EAR_DEVELOPMENT","8/219","147/11404",0.00742001085841246,0.0573364475422781,0.0437710780997876,"SOBP/WNT5A/TFAP2A/SLITRK6/HES1/EYA1/IFT27/PDZD7",8
"GOBP_REGULATION_OF_MYELOID_CELL_DIFFERENTIATION","GOBP_REGULATION_OF_MYELOID_CELL_DIFFERENTIATION","8/219","147/11404",0.00742001085841246,0.0573364475422781,0.0437710780997876,"HLA-DRB1/CD74/TGFB1/HOXA5/MAPK11/EVI2B/FOS/ZBTB46",8
"GOBP_EPITHELIAL_CELL_PROLIFERATION","GOBP_EPITHELIAL_CELL_PROLIFERATION","12/219","278/11404",0.00744242451878594,0.0573414871549735,0.04377492537827,"TGFA/WNT5A/TGFB1/HES1/HOXA5/KLF9/SCG2/EYA1/PLXNB3/IL6/PTPRN/SERPINF1",12
"GOBP_NEGATIVE_REGULATION_OF_CELL_DIFFERENTIATION","GOBP_NEGATIVE_REGULATION_OF_CELL_DIFFERENTIATION","17/219","460/11404",0.00747356579208774,0.0574135447876129,0.0438299347205146,"CD74/WNT5A/TGFB1/HES1/PPARA/HOXA5/RORA/TRPM4/LTBP3/SEMA3A/COL5A1/NFATC2/SEMA3B/IL6/SEMA6B/ZBTB46/CCN4",17
"GOBP_MORPHOGENESIS_OF_AN_EPITHELIUM","GOBP_MORPHOGENESIS_OF_AN_EPITHELIUM","15/219","386/11404",0.00757385922977698,0.057987717873147,0.0442682628005928,"MMP2/DACT1/WNT5A/TFAP2A/RIPK4/TGFB1/HES1/HOXA5/GPC6/EYA1/SEMA3A/COL5A1/GATA4/CCDC40/WNT7B",15
"GOBP_PHENOL_CONTAINING_COMPOUND_METABOLIC_PROCESS","GOBP_PHENOL_CONTAINING_COMPOUND_METABOLIC_PROCESS","5/219","64/11404",0.0075923197974329,0.057987717873147,0.0442682628005928,"MFSD12/WNT5A/DRD2/GRIN2A/ABAT",5
"GOBP_REGULATION_OF_COAGULATION","GOBP_REGULATION_OF_COAGULATION","4/219","41/11404",0.00768477465387322,0.0583555654552044,0.0445490804294,"PLAT/SERPINB2/TBXA2R/ABAT",4
"GOBP_REGULATION_OF_ORGANIC_ACID_TRANSPORT","GOBP_REGULATION_OF_ORGANIC_ACID_TRANSPORT","4/219","41/11404",0.00768477465387322,0.0583555654552044,0.0445490804294,"PTGES/PPARA/TNFRSF11A/ABAT",4
"GOBP_CELLULAR_RESPONSE_TO_INORGANIC_SUBSTANCE","GOBP_CELLULAR_RESPONSE_TO_INORGANIC_SUBSTANCE","8/219","148/11404",0.00771816977072781,0.0584407394996201,0.044614102939688,"WNT5A/TFAP2A/PTGS2/ALOX5AP/FOS/CYP1A1/SYT5/SERPINF1",8
"GOBP_EXOCYTOSIS","GOBP_EXOCYTOSIS","11/219","246/11404",0.00794719076788268,0.0600024288635269,0.0458063084223309,"DRD2/HLA-F/SYNGR1/PPFIA3/SNAP25/CDK5R2/RAB3D/ARHGAP44/SYT5/RAB26/SYP",11
"GOBP_T_CELL_RECEPTOR_SIGNALING_PATHWAY","GOBP_T_CELL_RECEPTOR_SIGNALING_PATHWAY","6/219","91/11404",0.0080562297431204,0.0606173835008445,0.0462757694477635,"HLA-DPB1/HLA-DQB1/HLA-DRB1/FYB1/PTPRJ/ADA",6
"GOBP_FOREBRAIN_DEVELOPMENT","GOBP_FOREBRAIN_DEVELOPMENT","12/219","281/11404",0.00807464956690566,0.0606173835008445,0.0462757694477635,"WNT5A/DRD2/HES1/SEMA3A/KIRREL3/APLP1/MDGA1/NHLH2/CDK5R2/SHANK3/SEMA6B/WNT7B",12
"GOBP_INNER_EAR_RECEPTOR_CELL_STEREOCILIUM_ORGANIZATION","GOBP_INNER_EAR_RECEPTOR_CELL_STEREOCILIUM_ORGANIZATION","3/219","22/11404",0.00821689700985015,0.060648525548894,0.0462995435229947,"HES1/IFT27/PDZD7",3
"GOBP_POSITIVE_REGULATION_OF_PEPTIDYL_THREONINE_PHOSPHORYLATION","GOBP_POSITIVE_REGULATION_OF_PEPTIDYL_THREONINE_PHOSPHORYLATION","3/219","22/11404",0.00821689700985015,0.060648525548894,0.0462995435229947,"WNT5A/TGFB1/S1PR2",3
"GOBP_POSITIVE_REGULATION_OF_RECEPTOR_SIGNALING_PATHWAY_VIA_STAT","GOBP_POSITIVE_REGULATION_OF_RECEPTOR_SIGNALING_PATHWAY_VIA_STAT","3/219","22/11404",0.00821689700985015,0.060648525548894,0.0462995435229947,"TGFB1/HES1/IL6",3
"GOBP_REGULATION_OF_FATTY_ACID_TRANSPORT","GOBP_REGULATION_OF_FATTY_ACID_TRANSPORT","3/219","22/11404",0.00821689700985015,0.060648525548894,0.0462995435229947,"PTGES/PPARA/TNFRSF11A",3
"GOBP_REGULATION_OF_NATURAL_KILLER_CELL_MEDIATED_IMMUNITY","GOBP_REGULATION_OF_NATURAL_KILLER_CELL_MEDIATED_IMMUNITY","3/219","22/11404",0.00821689700985015,0.060648525548894,0.0462995435229947,"HLA-E/HLA-B/HLA-F",3
"GOBP_RESPONSE_TO_INCREASED_OXYGEN_LEVELS","GOBP_RESPONSE_TO_INCREASED_OXYGEN_LEVELS","3/219","22/11404",0.00821689700985015,0.060648525548894,0.0462995435229947,"MMP2/COL1A1/CYP1A1",3
"GOBP_RESPONSE_TO_ALCOHOL","GOBP_RESPONSE_TO_ALCOHOL","8/219","150/11404",0.00834145625231416,0.0609138600876451,0.0465021019185019,"DRD2/TGFB1/PPARA/KLF9/TBXA2R/FOS/GRIN2A/ABAT",8
"GOBP_RESPONSE_TO_CARBOHYDRATE","GOBP_RESPONSE_TO_CARBOHYDRATE","8/219","150/11404",0.00834145625231416,0.0609138600876451,0.0465021019185019,"HLA-DRB1/EGR1/TRPM4/GATA4/PTGS2/GIPR/PTPRN/SERPINF1",8
"GOBP_NEGATIVE_REGULATION_OF_CHEMOTAXIS","GOBP_NEGATIVE_REGULATION_OF_CHEMOTAXIS","4/219","42/11404",0.00836843163253417,0.0609138600876451,0.0465021019185019,"WNT5A/SEMA3A/SEMA3B/SEMA6B",4
"GOBP_RESPONSE_TO_FATTY_ACID","GOBP_RESPONSE_TO_FATTY_ACID","4/219","42/11404",0.00836843163253417,0.0609138600876451,0.0465021019185019,"PLAT/HES1/PTGS2/GIPR",4
"GOBP_ZYMOGEN_ACTIVATION","GOBP_ZYMOGEN_ACTIVATION","4/219","42/11404",0.00836843163253417,0.0609138600876451,0.0465021019185019,"PLAT/C1R/C1RL/GRIN2A",4
"GOBP_PATTERN_SPECIFICATION_PROCESS","GOBP_PATTERN_SPECIFICATION_PROCESS","13/219","319/11404",0.00864983087995523,0.0627272249378165,0.0478864383725825,"WNT5A/HES1/HOXA5/EYA1/HOXA3/SEMA3A/MFNG/GATA4/HOXA6/MEIS3/CCDC40/EGR2/WNT7B",13
"GOBP_REGULATION_OF_MEMBRANE_POTENTIAL","GOBP_REGULATION_OF_MEMBRANE_POTENTIAL","11/219","249/11404",0.00866516503884827,0.0627272249378165,0.0478864383725825,"DRD2/S1PR2/FGF12/CNIH2/TRPM4/GRIK2/MAPT/HCN1/GRIN2A/SHANK3/ABAT",11
"GOBP_CELLULAR_RESPONSE_TO_ORGANIC_CYCLIC_COMPOUND","GOBP_CELLULAR_RESPONSE_TO_ORGANIC_CYCLIC_COMPOUND","15/219","393/11404",0.00886131788142958,0.0639714318289505,0.048836275332118,"MMP2/EGR1/COL1A1/PLAT/DRD2/TGFB1/PPARA/RORA/KLF9/TRPM4/APLP1/PTGS2/HCN1/CYP1A1/SERPINF1",15
"GOBP_REGULATION_OF_T_CELL_DIFFERENTIATION","GOBP_REGULATION_OF_T_CELL_DIFFERENTIATION","6/219","93/11404",0.00892772421229997,0.0642747357907389,0.0490678198726064,"HLA-DRA/HLA-DRB1/CD74/HLA-DOA/ADA/TNFSF9",6
"GOBP_MECHANORECEPTOR_DIFFERENTIATION","GOBP_MECHANORECEPTOR_DIFFERENTIATION","4/219","43/11404",0.00909074582949209,0.0650927045128034,0.0496922633871836,"SLITRK6/HES1/IFT27/PDZD7",4
"GOBP_POSITIVE_REGULATION_OF_GLIOGENESIS","GOBP_POSITIVE_REGULATION_OF_GLIOGENESIS","4/219","43/11404",0.00909074582949209,0.0650927045128034,0.0496922633871836,"TGFB1/HES1/EGR2/IL6",4
"GOBP_HEART_FORMATION","GOBP_HEART_FORMATION","3/219","23/11404",0.00931751314932148,0.0661769464918116,0.0505199819218424,"WNT5A/HES1/EYA1",3
"GOBP_NEGATIVE_REGULATION_OF_LYMPHOCYTE_MEDIATED_IMMUNITY","GOBP_NEGATIVE_REGULATION_OF_LYMPHOCYTE_MEDIATED_IMMUNITY","3/219","23/11404",0.00931751314932148,0.0661769464918116,0.0505199819218424,"HLA-E/HLA-B/HLA-F",3
"GOBP_POSITIVE_REGULATION_OF_FATTY_ACID_METABOLIC_PROCESS","GOBP_POSITIVE_REGULATION_OF_FATTY_ACID_METABOLIC_PROCESS","3/219","23/11404",0.00931751314932148,0.0661769464918116,0.0505199819218424,"CD74/PPARA/PTGS2",3
"GOBP_REGULATION_OF_SYNAPSE_STRUCTURE_OR_ACTIVITY","GOBP_REGULATION_OF_SYNAPSE_STRUCTURE_OR_ACTIVITY","8/219","153/11404",0.00934623721798558,0.0662025136273978,0.0505395000666962,"WNT5A/DRD2/SLITRK6/GPC6/CLSTN3/MDGA1/SHANK3/ARHGAP44",8
"GOBP_CELLULAR_RESPONSE_TO_RETINOIC_ACID","GOBP_CELLULAR_RESPONSE_TO_RETINOIC_ACID","4/219","44/11404",0.0098525390336326,0.0695016354408678,0.0530580746339752,"WNT5A/COL1A1/WNT7B/SERPINF1",4
"GOBP_ALPHA_BETA_T_CELL_ACTIVATION","GOBP_ALPHA_BETA_T_CELL_ACTIVATION","6/219","95/11404",0.00986474825612317,0.0695016354408678,0.0530580746339752,"HLA-DRA/HLA-DRB1/HLA-E/RORA/ADA/IL6",6
"GOBP_NEGATIVE_REGULATION_OF_CELL_ADHESION","GOBP_NEGATIVE_REGULATION_OF_CELL_ADHESION","9/219","187/11404",0.0100642600729094,0.0707182007789767,0.0539868098226803,"HLA-DRB1/MMP2/CD74/COL1A1/TGFB1/ERBB3/PPARA/PLXNB3/ABAT",9
"GOBP_MYELOID_CELL_DIFFERENTIATION","GOBP_MYELOID_CELL_DIFFERENTIATION","12/219","290/11404",0.010226881910818,0.0716697708377801,0.0547132456091073,"HLA-DRB1/CD74/TGFB1/IL11/HOXA5/MAPK11/EVI2B/TNFRSF11A/DHRS2/FOS/ZBTB46/CCN4",12
"GOBP_REGULATION_OF_SYNAPSE_ASSEMBLY","GOBP_REGULATION_OF_SYNAPSE_ASSEMBLY","5/219","69/11404",0.010364211889139,0.0718641283887009,0.0548616196347977,"WNT5A/SLITRK6/GPC6/CLSTN3/MDGA1",5
"GOBP_UNSATURATED_FATTY_ACID_METABOLIC_PROCESS","GOBP_UNSATURATED_FATTY_ACID_METABOLIC_PROCESS","5/219","69/11404",0.010364211889139,0.0718641283887009,0.0548616196347977,"PTGES/CD74/PTGS2/CYP1A1/ALOXE3",5
"GOBP_COLLAGEN_CATABOLIC_PROCESS","GOBP_COLLAGEN_CATABOLIC_PROCESS","3/219","24/11404",0.0105000718898102,0.0718641283887009,0.0548616196347977,"MMP2/MMP24/ADAMTS14",3
"GOBP_DOPAMINE_METABOLIC_PROCESS","GOBP_DOPAMINE_METABOLIC_PROCESS","3/219","24/11404",0.0105000718898102,0.0718641283887009,0.0548616196347977,"DRD2/GRIN2A/ABAT",3
"GOBP_INNER_EAR_AUDITORY_RECEPTOR_CELL_DIFFERENTIATION","GOBP_INNER_EAR_AUDITORY_RECEPTOR_CELL_DIFFERENTIATION","3/219","24/11404",0.0105000718898102,0.0718641283887009,0.0548616196347977,"SLITRK6/HES1/PDZD7",3
"GOBP_MYELOID_LEUKOCYTE_CYTOKINE_PRODUCTION","GOBP_MYELOID_LEUKOCYTE_CYTOKINE_PRODUCTION","3/219","24/11404",0.0105000718898102,0.0718641283887009,0.0548616196347977,"CD74/WNT5A/TGFB1",3
"GOBP_PITUITARY_GLAND_DEVELOPMENT","GOBP_PITUITARY_GLAND_DEVELOPMENT","3/219","24/11404",0.0105000718898102,0.0718641283887009,0.0548616196347977,"WNT5A/DRD2/HES1",3
"GOBP_REGULATION_OF_COLLAGEN_METABOLIC_PROCESS","GOBP_REGULATION_OF_COLLAGEN_METABOLIC_PROCESS","3/219","24/11404",0.0105000718898102,0.0718641283887009,0.0548616196347977,"CIITA/TGFB1/IL6",3
"GOBP_T_CELL_CYTOKINE_PRODUCTION","GOBP_T_CELL_CYTOKINE_PRODUCTION","3/219","24/11404",0.0105000718898102,0.0718641283887009,0.0548616196347977,"HLA-F/TRPM4/IL6",3
"GOBP_REGULATION_OF_CALCIUM_MEDIATED_SIGNALING","GOBP_REGULATION_OF_CALCIUM_MEDIATED_SIGNALING","4/219","45/11404",0.0106546005061644,0.0725448897512745,0.055381318012458,"ERBB3/RCAN1/ADA/MAPT",4
"GOBP_SKELETAL_MUSCLE_CELL_DIFFERENTIATION","GOBP_SKELETAL_MUSCLE_CELL_DIFFERENTIATION","4/219","45/11404",0.0106546005061644,0.0725448897512745,0.055381318012458,"EGR1/HMG20B/FOS/EGR2",4
"GOBP_VASCULAR_PROCESS_IN_CIRCULATORY_SYSTEM","GOBP_VASCULAR_PROCESS_IN_CIRCULATORY_SYSTEM","8/219","157/11404",0.0108231336386637,0.0735024668502034,0.056112339618791,"MMP2/TGFB1/ACTA2/TRPM4/PTPRJ/TBXA2R/PTGS2/CD38",8
"GOBP_POSITIVE_REGULATION_OF_PEPTIDYL_SERINE_PHOSPHORYLATION","GOBP_POSITIVE_REGULATION_OF_PEPTIDYL_SERINE_PHOSPHORYLATION","5/219","70/11404",0.010991679250541,0.074455205206107,0.0568396672920685,"WNT5A/TGFB1/IL11/PTGS2/IL6",5
"GOBP_REGULATION_OF_AXONOGENESIS","GOBP_REGULATION_OF_AXONOGENESIS","7/219","127/11404",0.0112126158493715,0.0754062525848006,0.0575657040605429,"WNT5A/CHODL/SEMA3A/PLXNB3/SEMA3B/MAPT/SEMA6B",7
"GOBP_CELL_CHEMOTAXIS","GOBP_CELL_CHEMOTAXIS","8/219","158/11404",0.0112179320733366,0.0754062525848006,0.0575657040605429,"CD74/WNT5A/SCG2/TRPM4/PLXNB3/TNFRSF11A/IL6/DAPK2",8
"GOBP_EPITHELIAL_CELL_DEVELOPMENT","GOBP_EPITHELIAL_CELL_DEVELOPMENT","8/219","158/11404",0.0112179320733366,0.0754062525848006,0.0575657040605429,"WNT5A/HOXA5/COL18A1/S1PR2/ACTA2/COL22A1/COL15A1/WNT7B",8
"GOBP_DEVELOPMENTAL_MATURATION","GOBP_DEVELOPMENTAL_MATURATION","9/219","191/11404",0.0114555157877576,0.0768073386787307,0.0586353037910933,"MMP2/WNT5A/HES1/HOXA5/CDK5R2/ROPN1/PTPRN/ROPN1B/SYP",9
"GOBP_POSITIVE_REGULATION_OF_LYMPHOCYTE_DIFFERENTIATION","GOBP_POSITIVE_REGULATION_OF_LYMPHOCYTE_DIFFERENTIATION","5/219","71/11404",0.0116446095515866,0.0778770207320577,0.0594519071682662,"HLA-DRA/HLA-DRB1/CD74/ADA/TNFSF9",5
"GOBP_EPITHELIAL_CELL_MORPHOGENESIS","GOBP_EPITHELIAL_CELL_MORPHOGENESIS","3/219","25/11404",0.0117656496925406,0.0780919066494821,0.0596159527043485,"COL18A1/COL22A1/COL15A1",3
"GOBP_GLUTAMATE_RECEPTOR_SIGNALING_PATHWAY","GOBP_GLUTAMATE_RECEPTOR_SIGNALING_PATHWAY","3/219","25/11404",0.0117656496925406,0.0780919066494821,0.0596159527043485,"GRIK2/GRIN2A/SHANK3",3
"GOBP_POSITIVE_REGULATION_OF_ORGANIC_ACID_TRANSPORT","GOBP_POSITIVE_REGULATION_OF_ORGANIC_ACID_TRANSPORT","3/219","25/11404",0.0117656496925406,0.0780919066494821,0.0596159527043485,"PTGES/TNFRSF11A/ABAT",3
"GOBP_REGULATION_OF_PEPTIDYL_SERINE_PHOSPHORYLATION","GOBP_REGULATION_OF_PEPTIDYL_SERINE_PHOSPHORYLATION","6/219","99/11404",0.0119453987469478,0.0788875330782145,0.0602233399430612,"WNT5A/TGFB1/IL11/INPP5F/PTGS2/IL6",6
"GOBP_RESPONSE_TO_NUTRIENT","GOBP_RESPONSE_TO_NUTRIENT","6/219","99/11404",0.0119453987469478,0.0788875330782145,0.0602233399430612,"COL1A1/TBXA2R/GATA4/PTGS2/GIPR/CYP1A1",6
"GOBP_NEURON_PROJECTION_EXTENSION","GOBP_NEURON_PROJECTION_EXTENSION","7/219","129/11404",0.0121486251558373,0.0800290682140783,0.0610947965073819,"PAK6/WNT5A/CACNG7/SEMA3A/SEMA3B/MAPT/SEMA6B",7
"GOBP_ALPHA_BETA_T_CELL_DIFFERENTIATION","GOBP_ALPHA_BETA_T_CELL_DIFFERENTIATION","5/219","72/11404",0.0123234554700971,0.080562814986785,0.061502262834214,"HLA-DRA/HLA-DRB1/RORA/ADA/IL6",5
"GOBP_SYNAPTIC_VESICLE_EXOCYTOSIS","GOBP_SYNAPTIC_VESICLE_EXOCYTOSIS","5/219","72/11404",0.0123234554700971,0.080562814986785,0.061502262834214,"DRD2/PPFIA3/SNAP25/SYT5/SYP",5
"GOBP_ANIMAL_ORGAN_FORMATION","GOBP_ANIMAL_ORGAN_FORMATION","4/219","47/11404",0.0123825199505305,0.080562814986785,0.061502262834214,"WNT5A/HES1/EYA1/HOXA3",4
"GOBP_GLOMERULUS_DEVELOPMENT","GOBP_GLOMERULUS_DEVELOPMENT","4/219","47/11404",0.0123825199505305,0.080562814986785,0.061502262834214,"EGR1/HES1/ACTA2/KIRREL3",4
"GOBP_T_CELL_DIFFERENTIATION_INVOLVED_IN_IMMUNE_RESPONSE","GOBP_T_CELL_DIFFERENTIATION_INVOLVED_IN_IMMUNE_RESPONSE","4/219","47/11404",0.0123825199505305,0.080562814986785,0.061502262834214,"HLA-DRA/HLA-DRB1/RORA/IL6",4
"GOBP_REGULATION_OF_MUSCLE_CONTRACTION","GOBP_REGULATION_OF_MUSCLE_CONTRACTION","6/219","100/11404",0.0125103894951259,0.081194276649401,0.0619843254477201,"TRPM4/ADA/TBXA2R/GATA4/PTGS2/ABAT",6
"GOBP_TELENCEPHALON_DEVELOPMENT","GOBP_TELENCEPHALON_DEVELOPMENT","9/219","194/11404",0.0125900265017832,0.0815103681380801,0.0622256320830405,"WNT5A/DRD2/HES1/SEMA3A/KIRREL3/MDGA1/CDK5R2/SHANK3/SEMA6B",9
"GOBP_RESPONSE_TO_ETHANOL","GOBP_RESPONSE_TO_ETHANOL","5/219","73/11404",0.0130286596840669,0.0840035453621517,0.0641289424496442,"DRD2/PPARA/TBXA2R/GRIN2A/ABAT",5
"GOBP_UROGENITAL_SYSTEM_DEVELOPMENT","GOBP_UROGENITAL_SYSTEM_DEVELOPMENT","11/219","264/11404",0.0130388804755674,0.0840035453621517,0.0641289424496442,"MMP2/EGR1/WNT5A/TFAP2A/HES1/ACTA2/EYA1/IFT27/KIRREL3/WNT7B/SERPINF1",11
"GOBP_ANTIGEN_PROCESSING_AND_PRESENTATION_OF_PEPTIDE_ANTIGEN_VIA_MHC_CLASS_I","GOBP_ANTIGEN_PROCESSING_AND_PRESENTATION_OF_PEPTIDE_ANTIGEN_VIA_MHC_CLASS_I","3/219","26/11404",0.0131151651053605,0.0840374701399403,0.064154840881824,"HLA-E/HLA-B/HLA-F",3
"GOBP_ICOSANOID_TRANSPORT","GOBP_ICOSANOID_TRANSPORT","3/219","26/11404",0.0131151651053605,0.0840374701399403,0.064154840881824,"PTGES/DRD2/TNFRSF11A",3
"GOBP_REGULATION_OF_EXOCYTOSIS","GOBP_REGULATION_OF_EXOCYTOSIS","7/219","131/11404",0.0131398245531899,0.0840374701399403,0.064154840881824,"DRD2/HLA-F/CDK5R2/RAB3D/SYT5/RAB26/SYP",7
"GOBP_NEGATIVE_REGULATION_OF_INNATE_IMMUNE_RESPONSE","GOBP_NEGATIVE_REGULATION_OF_INNATE_IMMUNE_RESPONSE","4/219","48/11404",0.0133097900045713,0.084713276961462,0.0646707569253386,"HLA-E/HLA-B/DRD2/HLA-F",4
"GOBP_NEGATIVE_REGULATION_OF_RESPONSE_TO_WOUNDING","GOBP_NEGATIVE_REGULATION_OF_RESPONSE_TO_WOUNDING","4/219","48/11404",0.0133097900045713,0.084713276961462,0.0646707569253386,"PLAT/SERPINB2/INPP5F/ABAT",4
"GOBP_REGULATION_OF_SIGNALING_RECEPTOR_ACTIVITY","GOBP_REGULATION_OF_SIGNALING_RECEPTOR_ACTIVITY","6/219","102/11404",0.0136962537482905,0.086753914968138,0.0662285954275888,"TGFA/CACNG7/PPARA/CNIH2/ZFYVE28/SHANK3",6
"GOBP_SMOOTH_MUSCLE_CELL_PROLIFERATION","GOBP_SMOOTH_MUSCLE_CELL_PROLIFERATION","6/219","102/11404",0.0136962537482905,0.086753914968138,0.0662285954275888,"MMP2/TGFB1/S1PR2/PTGS2/IL6/CCN4",6
"GOBP_EMBRYONIC_SKELETAL_SYSTEM_MORPHOGENESIS","GOBP_EMBRYONIC_SKELETAL_SYSTEM_MORPHOGENESIS","5/219","74/11404",0.0137606545487504,0.0869528171126074,0.0663804388303976,"TFAP2A/HOXA5/EYA1/HOXA3/HOXA6",5
"GOBP_REGULATION_OF_CYTOSOLIC_CALCIUM_ION_CONCENTRATION","GOBP_REGULATION_OF_CYTOSOLIC_CALCIUM_ION_CONCENTRATION","8/219","164/11404",0.0138138772661241,0.0870803028618108,0.0664777624164268,"WNT5A/DRD2/TRPM4/TBXA2R/FPR1/GRIN2A/GIPR/CD38",8
"GOBP_SKELETAL_SYSTEM_DEVELOPMENT","GOBP_SKELETAL_SYSTEM_DEVELOPMENT","14/219","377/11404",0.0140629035045187,0.0884385459055055,0.0675146554380989,"MMP2/DHRS3/WNT5A/COL1A1/TFAP2A/TGFB1/HOXA5/EYA1/MAPK11/HOXA3/LTBP3/HOXA6/CCN4/WNT7B",14
"GOBP_PROTEIN_KINASE_B_SIGNALING","GOBP_PROTEIN_KINASE_B_SIGNALING","7/219","133/11404",0.0141878995945006,0.0885395660481476,0.0675917749797303,"DRD2/TGFB1/PPARA/INPP5F/PTPRJ/GATA4/MEIS3",7
"GOBP_ADULT_LOCOMOTORY_BEHAVIOR","GOBP_ADULT_LOCOMOTORY_BEHAVIOR","4/219","49/11404",0.0142801519322047,0.0885395660481476,0.0675917749797303,"DRD2/SLITRK6/INPP5F/FGF12",4
"GOBP_NEGATIVE_REGULATION_OF_EPITHELIAL_CELL_MIGRATION","GOBP_NEGATIVE_REGULATION_OF_EPITHELIAL_CELL_MIGRATION","4/219","49/11404",0.0142801519322047,0.0885395660481476,0.0675917749797303,"TGFB1/SEMA3A/TBXA2R/SERPINF1",4
"GOBP_REGULATION_OF_GLIAL_CELL_DIFFERENTIATION","GOBP_REGULATION_OF_GLIAL_CELL_DIFFERENTIATION","4/219","49/11404",0.0142801519322047,0.0885395660481476,0.0675917749797303,"TGFB1/HES1/EGR2/IL6",4
"GOBP_HEPATICOBILIARY_SYSTEM_DEVELOPMENT","GOBP_HEPATICOBILIARY_SYSTEM_DEVELOPMENT","6/219","103/11404",0.0143177088601194,0.0885395660481476,0.0675917749797303,"TGFA/HES1/ADA/CCDC40/CYP1A1/IL6",6
"GOBP_NEGATIVE_REGULATION_OF_NERVOUS_SYSTEM_DEVELOPMENT","GOBP_NEGATIVE_REGULATION_OF_NERVOUS_SYSTEM_DEVELOPMENT","6/219","103/11404",0.0143177088601194,0.0885395660481476,0.0675917749797303,"WNT5A/HES1/SEMA3A/SEMA3B/IL6/SEMA6B",6
"GOBP_BONE_MINERALIZATION","GOBP_BONE_MINERALIZATION","5/219","75/11404",0.0145198617909277,0.0885395660481476,0.0675917749797303,"TFAP2A/TGFB1/TRPM4/LTBP3/PTGS2",5
"GOBP_MUSCLE_ORGAN_DEVELOPMENT","GOBP_MUSCLE_ORGAN_DEVELOPMENT","10/219","233/11404",0.0145369631692847,0.0885395660481476,0.0675917749797303,"EGR1/HMG20B/WNT5A/TGFB1/ERBB3/RCAN1/CHODL/ADARB1/FOS/EGR2",10
"GOBP_DENDRITIC_CELL_DIFFERENTIATION","GOBP_DENDRITIC_CELL_DIFFERENTIATION","3/219","27/11404",0.0145493859957677,0.0885395660481476,0.0675917749797303,"HLA-B/DHRS2/ZBTB46",3
"GOBP_MONOAMINE_TRANSPORT","GOBP_MONOAMINE_TRANSPORT","3/219","27/11404",0.0145493859957677,0.0885395660481476,0.0675917749797303,"DRD2/SYT5/ABAT",3
"GOBP_MONOCYTE_DIFFERENTIATION","GOBP_MONOCYTE_DIFFERENTIATION","3/219","27/11404",0.0145493859957677,0.0885395660481476,0.0675917749797303,"HLA-DRB1/CD74/ZBTB46",3
"GOBP_NEURON_PROJECTION_ARBORIZATION","GOBP_NEURON_PROJECTION_ARBORIZATION","3/219","27/11404",0.0145493859957677,0.0885395660481476,0.0675917749797303,"PAK6/WNT5A/SEMA3A",3
"GOBP_POSITIVE_REGULATION_OF_ANION_TRANSPORT","GOBP_POSITIVE_REGULATION_OF_ANION_TRANSPORT","3/219","27/11404",0.0145493859957677,0.0885395660481476,0.0675917749797303,"PTGES/TNFRSF11A/ABAT",3
"GOBP_RHYTHMIC_BEHAVIOR","GOBP_RHYTHMIC_BEHAVIOR","3/219","27/11404",0.0145493859957677,0.0885395660481476,0.0675917749797303,"EGR1/DRD2/EGR2",3
"GOBP_POSITIVE_REGULATION_OF_DEFENSE_RESPONSE","GOBP_POSITIVE_REGULATION_OF_DEFENSE_RESPONSE","8/219","166/11404",0.0147695251457592,0.0896721169563953,0.0684563729166769,"HLA-E/WNT5A/HLA-F/TNFRSF11A/PTGS2/ALOX5AP/IL6/CCN4",8
"GOBP_FIBRINOLYSIS","GOBP_FIBRINOLYSIS","2/219","10/11404",0.0149250199777234,0.090196352331963,0.0688565781709303,"PLAT/SERPINB2",2
"GOBP_RENAL_SODIUM_EXCRETION","GOBP_RENAL_SODIUM_EXCRETION","2/219","10/11404",0.0149250199777234,0.090196352331963,0.0688565781709303,"DRD2/CORIN",2
"GOBP_NEPHRON_DEVELOPMENT","GOBP_NEPHRON_DEVELOPMENT","6/219","104/11404",0.0149585601400637,0.090196352331963,0.0688565781709303,"EGR1/HES1/ACTA2/EYA1/KIRREL3/WNT7B",6
"GOBP_EMBRYONIC_HEART_TUBE_MORPHOGENESIS","GOBP_EMBRYONIC_HEART_TUBE_MORPHOGENESIS","4/219","50/11404",0.0152942268691565,0.0920097894982358,0.0702409698316703,"WNT5A/HES1/GATA4/CCDC40",4
"GOBP_CELL_JUNCTION_ASSEMBLY","GOBP_CELL_JUNCTION_ASSEMBLY","12/219","308/11404",0.0158440973249454,0.0951006752875422,0.072600575441723,"WNT5A/DRD2/SLITRK6/GPC6/CLSTN3/KIRREL3/PCDHB2/PTPRJ/BSN/MICALL2/MDGA1/SHANK3",12
"GOBP_HAIR_CELL_DIFFERENTIATION","GOBP_HAIR_CELL_DIFFERENTIATION","3/219","28/11404",0.0160689365369,0.0955793403492809,0.0729659919734249,"SLITRK6/HES1/PDZD7",3
"GOBP_NEGATIVE_REGULATION_OF_COAGULATION","GOBP_NEGATIVE_REGULATION_OF_COAGULATION","3/219","28/11404",0.0160689365369,0.0955793403492809,0.0729659919734249,"PLAT/SERPINB2/ABAT",3
"GOBP_NEGATIVE_REGULATION_OF_LEUKOCYTE_MEDIATED_IMMUNITY","GOBP_NEGATIVE_REGULATION_OF_LEUKOCYTE_MEDIATED_IMMUNITY","3/219","28/11404",0.0160689365369,0.0955793403492809,0.0729659919734249,"HLA-E/HLA-B/HLA-F",3
"GOBP_VESICLE_DOCKING_INVOLVED_IN_EXOCYTOSIS","GOBP_VESICLE_DOCKING_INVOLVED_IN_EXOCYTOSIS","3/219","28/11404",0.0160689365369,0.0955793403492809,0.0729659919734249,"PPFIA3/SNAP25/RAB3D",3
"GOBP_EPITHELIAL_CELL_APOPTOTIC_PROCESS","GOBP_EPITHELIAL_CELL_APOPTOTIC_PROCESS","5/219","77/11404",0.0161215454571557,0.0956762889180298,0.0730400032447238,"IL11/PPARA/SCG2/ANGPTL4/IL6",5
"GOBP_NEGATIVE_REGULATION_OF_AXONOGENESIS","GOBP_NEGATIVE_REGULATION_OF_AXONOGENESIS","4/219","51/11404",0.0163526017152793,0.0966123442147104,0.073754594944297,"WNT5A/SEMA3A/SEMA3B/SEMA6B",4
"GOBP_POSITIVE_REGULATION_OF_LEUKOCYTE_CHEMOTAXIS","GOBP_POSITIVE_REGULATION_OF_LEUKOCYTE_CHEMOTAXIS","4/219","51/11404",0.0163526017152793,0.0966123442147104,0.073754594944297,"CD74/WNT5A/IL6/DAPK2",4
"GOBP_RESPONSE_TO_KETONE","GOBP_RESPONSE_TO_KETONE","7/219","137/11404",0.0164612783442176,0.0970368421409695,0.0740786598747199,"PLAT/TGFB1/KLF9/TBXA2R/FOS/CD38/SERPINF1",7
"GOBP_NEURON_DEATH","GOBP_NEURON_DEATH","11/219","274/11404",0.0167748138174538,0.0986643625200687,0.075321121252712,"EGR1/WNT5A/TFAP2A/HLA-F/ERBB3/PPARA/ADARB1/GRIK2/MAPT/FOS/SERPINF1",11
"GOBP_REPRODUCTIVE_SYSTEM_DEVELOPMENT","GOBP_REPRODUCTIVE_SYSTEM_DEVELOPMENT","12/219","312/11404",0.0173609254240849,0.0995064726129941,0.0759639944725583,"MMP2/WNT5A/HES1/SEMA3A/ADA/GATA4/PTGS2/COL9A3/NHLH2/PTPRN/WNT7B/SERPINF1",12
"GOBP_ASSOCIATIVE_LEARNING","GOBP_ASSOCIATIVE_LEARNING","4/219","52/11404",0.0174558290759657,0.0995064726129941,0.0759639944725583,"DRD2/SNAP25/FOS/GRIN2A",4
"GOBP_POSITIVE_REGULATION_OF_VIRAL_PROCESS","GOBP_POSITIVE_REGULATION_OF_VIRAL_PROCESS","4/219","52/11404",0.0174558290759657,0.0995064726129941,0.0759639944725583,"HLA-DRB1/CD74/PPARA/ADARB1",4
"GOBP_EXCRETION","GOBP_EXCRETION","3/219","29/11404",0.0176743039537729,0.0995064726129941,0.0759639944725583,"ATP6V0A4/DRD2/CORIN",3
"GOBP_POSITIVE_REGULATION_OF_GLIAL_CELL_DIFFERENTIATION","GOBP_POSITIVE_REGULATION_OF_GLIAL_CELL_DIFFERENTIATION","3/219","29/11404",0.0176743039537729,0.0995064726129941,0.0759639944725583,"TGFB1/HES1/EGR2",3
"GOBP_POSITIVE_REGULATION_OF_REGULATED_SECRETORY_PATHWAY","GOBP_POSITIVE_REGULATION_OF_REGULATED_SECRETORY_PATHWAY","3/219","29/11404",0.0176743039537729,0.0995064726129941,0.0759639944725583,"HLA-F/CDK5R2/RAB3D",3
"GOBP_PROSTANOID_METABOLIC_PROCESS","GOBP_PROSTANOID_METABOLIC_PROCESS","3/219","29/11404",0.0176743039537729,0.0995064726129941,0.0759639944725583,"PTGES/CD74/PTGS2",3
"GOBP_CELLULAR_RESPONSE_TO_ATP","GOBP_CELLULAR_RESPONSE_TO_ATP","2/219","11/11404",0.0180131261618209,0.0995064726129941,0.0759639944725583,"TRPM4/PTGS2",2
"GOBP_DETECTION_OF_TEMPERATURE_STIMULUS","GOBP_DETECTION_OF_TEMPERATURE_STIMULUS","2/219","11/11404",0.0180131261618209,0.0995064726129941,0.0759639944725583,"GRIK2/MMP24",2
"GOBP_GANGLION_DEVELOPMENT","GOBP_GANGLION_DEVELOPMENT","2/219","11/11404",0.0180131261618209,0.0995064726129941,0.0759639944725583,"SEMA3A/UNC5C",2
"GOBP_LYMPH_NODE_DEVELOPMENT","GOBP_LYMPH_NODE_DEVELOPMENT","2/219","11/11404",0.0180131261618209,0.0995064726129941,0.0759639944725583,"TGFB1/TNFRSF11A",2
"GOBP_NEGATIVE_REGULATION_OF_BONE_REMODELING","GOBP_NEGATIVE_REGULATION_OF_BONE_REMODELING","2/219","11/11404",0.0180131261618209,0.0995064726129941,0.0759639944725583,"IL6/CD38",2
"GOBP_NEGATIVE_REGULATION_OF_CYTOKINE_PRODUCTION_INVOLVED_IN_IMMUNE_RESPONSE","GOBP_NEGATIVE_REGULATION_OF_CYTOKINE_PRODUCTION_INVOLVED_IN_IMMUNE_RESPONSE","2/219","11/11404",0.0180131261618209,0.0995064726129941,0.0759639944725583,"HLA-F/TGFB1",2
"GOBP_NEUROTRANSMITTER_RECEPTOR_INTERNALIZATION","GOBP_NEUROTRANSMITTER_RECEPTOR_INTERNALIZATION","2/219","11/11404",0.0180131261618209,0.0995064726129941,0.0759639944725583,"CACNG7/SNAP25",2
"GOBP_NEUROTRANSMITTER_RECEPTOR_LOCALIZATION_TO_POSTSYNAPTIC_SPECIALIZATION_MEMBRANE","GOBP_NEUROTRANSMITTER_RECEPTOR_LOCALIZATION_TO_POSTSYNAPTIC_SPECIALIZATION_MEMBRANE","2/219","11/11404",0.0180131261618209,0.0995064726129941,0.0759639944725583,"CACNG7/GPC6",2
"GOBP_PARTURITION","GOBP_PARTURITION","2/219","11/11404",0.0180131261618209,0.0995064726129941,0.0759639944725583,"MMP2/CYP1A1",2
"GOBP_POSITIVE_REGULATION_OF_BONE_RESORPTION","GOBP_POSITIVE_REGULATION_OF_BONE_RESORPTION","2/219","11/11404",0.0180131261618209,0.0995064726129941,0.0759639944725583,"LTBP3/TNFRSF11A",2
"GOBP_POSITIVE_REGULATION_OF_FATTY_ACID_BIOSYNTHETIC_PROCESS","GOBP_POSITIVE_REGULATION_OF_FATTY_ACID_BIOSYNTHETIC_PROCESS","2/219","11/11404",0.0180131261618209,0.0995064726129941,0.0759639944725583,"CD74/PTGS2",2
"GOBP_POSITIVE_REGULATION_OF_INTERLEUKIN_17_PRODUCTION","GOBP_POSITIVE_REGULATION_OF_INTERLEUKIN_17_PRODUCTION","2/219","11/11404",0.0180131261618209,0.0995064726129941,0.0759639944725583,"TGFB1/IL6",2
"GOBP_POSITIVE_REGULATION_OF_REGULATORY_T_CELL_DIFFERENTIATION","GOBP_POSITIVE_REGULATION_OF_REGULATORY_T_CELL_DIFFERENTIATION","2/219","11/11404",0.0180131261618209,0.0995064726129941,0.0759639944725583,"HLA-DRA/HLA-DRB1",2
"GOBP_POSITIVE_REGULATION_OF_TYPE_2_IMMUNE_RESPONSE","GOBP_POSITIVE_REGULATION_OF_TYPE_2_IMMUNE_RESPONSE","2/219","11/11404",0.0180131261618209,0.0995064726129941,0.0759639944725583,"CD74/IL6",2
"GOBP_PROSTAGLANDIN_TRANSPORT","GOBP_PROSTAGLANDIN_TRANSPORT","2/219","11/11404",0.0180131261618209,0.0995064726129941,0.0759639944725583,"PTGES/TNFRSF11A",2
"GOBP_PROTEIN_TRIMERIZATION","GOBP_PROTEIN_TRIMERIZATION","2/219","11/11404",0.0180131261618209,0.0995064726129941,0.0759639944725583,"CD74/ALOX5AP",2
"GOBP_REGULATION_OF_CELL_FATE_COMMITMENT","GOBP_REGULATION_OF_CELL_FATE_COMMITMENT","2/219","11/11404",0.0180131261618209,0.0995064726129941,0.0759639944725583,"WNT5A/HES1",2
"GOBP_REGULATION_OF_EXCRETION","GOBP_REGULATION_OF_EXCRETION","2/219","11/11404",0.0180131261618209,0.0995064726129941,0.0759639944725583,"DRD2/CORIN",2
"GOBP_REGULATION_OF_SECONDARY_METABOLIC_PROCESS","GOBP_REGULATION_OF_SECONDARY_METABOLIC_PROCESS","2/219","11/11404",0.0180131261618209,0.0995064726129941,0.0759639944725583,"MFSD12/WNT5A",2
"GOBP_REGULATION_OF_SUPEROXIDE_ANION_GENERATION","GOBP_REGULATION_OF_SUPEROXIDE_ANION_GENERATION","2/219","11/11404",0.0180131261618209,0.0995064726129941,0.0759639944725583,"TGFB1/MAPT",2
"GOBP_RESPONSE_TO_VITAMIN_A","GOBP_RESPONSE_TO_VITAMIN_A","2/219","11/11404",0.0180131261618209,0.0995064726129941,0.0759639944725583,"GATA4/CYP1A1",2
"GOBP_SENSORY_PERCEPTION_OF_TEMPERATURE_STIMULUS","GOBP_SENSORY_PERCEPTION_OF_TEMPERATURE_STIMULUS","2/219","11/11404",0.0180131261618209,0.0995064726129941,0.0759639944725583,"GRIK2/MMP24",2
"GOBP_NEURON_PROJECTION_GUIDANCE","GOBP_NEURON_PROJECTION_GUIDANCE","8/219","173/11404",0.0184943757253946,0.101918224172674,0.07780514387056,"WNT5A/SEMA3A/PLXNB3/SEMA3B/CDK5R2/EGR2/SEMA6B/UNC5C",8
"GOBP_CD4_POSITIVE_ALPHA_BETA_T_CELL_DIFFERENTIATION","GOBP_CD4_POSITIVE_ALPHA_BETA_T_CELL_DIFFERENTIATION","4/219","53/11404",0.0186044272588448,0.101918224172674,0.07780514387056,"HLA-DRA/HLA-DRB1/RORA/IL6",4
"GOBP_LONG_TERM_SYNAPTIC_POTENTIATION","GOBP_LONG_TERM_SYNAPTIC_POTENTIATION","4/219","53/11404",0.0186044272588448,0.101918224172674,0.07780514387056,"DRD2/SNAP25/GRIN2A/SHANK3",4
"GOBP_REGULATION_OF_MIRNA_TRANSCRIPTION","GOBP_REGULATION_OF_MIRNA_TRANSCRIPTION","4/219","53/11404",0.0186044272588448,0.101918224172674,0.07780514387056,"EGR1/TGFB1/PPARA/FOS",4
"GOBP_DEVELOPMENTAL_GROWTH","GOBP_DEVELOPMENTAL_GROWTH","16/219","469/11404",0.0187354101015116,0.102422833231292,0.0781903662458803,"PAK6/WNT5A/DRD2/SLITRK6/CACNG7/PPARA/HOXA5/ADARB1/MAPK11/SEMA3A/SORBS2/GATA4/SEMA3B/MAPT/SEMA6B/WNT7B",16
"GOBP_HINDBRAIN_DEVELOPMENT","GOBP_HINDBRAIN_DEVELOPMENT","6/219","110/11404",0.0192263521598971,0.104353786650539,0.0796644707037575,"HES1/RORA/NHLH2/CDK5R2/EGR2/ABAT",6
"GOBP_HOMOPHILIC_CELL_ADHESION_VIA_PLASMA_MEMBRANE_ADHESION_MOLECULES","GOBP_HOMOPHILIC_CELL_ADHESION_VIA_PLASMA_MEMBRANE_ADHESION_MOLECULES","6/219","110/11404",0.0192263521598971,0.104353786650539,0.0796644707037575,"PCDH1/CLSTN3/KIRREL3/PCDHB2/PLXNB3/HMCN1",6
"GOBP_ARACHIDONIC_ACID_METABOLIC_PROCESS","GOBP_ARACHIDONIC_ACID_METABOLIC_PROCESS","3/219","30/11404",0.0193658450368553,0.104353786650539,0.0796644707037575,"PTGS2/CYP1A1/ALOXE3",3
"GOBP_REGULATION_OF_ACTIN_FILAMENT_BASED_MOVEMENT","GOBP_REGULATION_OF_ACTIN_FILAMENT_BASED_MOVEMENT","3/219","30/11404",0.0193658450368553,0.104353786650539,0.0796644707037575,"ACTA2/TRPM4/GATA4",3
"GOBP_RESPONSE_TO_PROGESTERONE","GOBP_RESPONSE_TO_PROGESTERONE","3/219","30/11404",0.0193658450368553,0.104353786650539,0.0796644707037575,"TGFB1/FOS/CD38",3
"GOBP_SECONDARY_METABOLIC_PROCESS","GOBP_SECONDARY_METABOLIC_PROCESS","3/219","30/11404",0.0193658450368553,0.104353786650539,0.0796644707037575,"MFSD12/WNT5A/CYP1A1",3
"GOBP_TRANSMISSION_OF_NERVE_IMPULSE","GOBP_TRANSMISSION_OF_NERVE_IMPULSE","3/219","30/11404",0.0193658450368553,0.104353786650539,0.0796644707037575,"CACNG7/FGF12/GRIK2",3
"GOBP_NEGATIVE_REGULATION_OF_CELL_GROWTH","GOBP_NEGATIVE_REGULATION_OF_CELL_GROWTH","7/219","142/11404",0.0196517745751139,0.105126202913001,0.0802541391258347,"WNT5A/TGFB1/PPARA/SEMA3A/PTPRJ/SEMA3B/SEMA6B",7
"GOBP_B_CELL_DIFFERENTIATION","GOBP_B_CELL_DIFFERENTIATION","5/219","81/11404",0.019668773448239,0.105126202913001,0.0802541391258347,"IL11/PTPRJ/ADA/MFNG/IL6",5
"GOBP_OLEFINIC_COMPOUND_METABOLIC_PROCESS","GOBP_OLEFINIC_COMPOUND_METABOLIC_PROCESS","5/219","81/11404",0.019668773448239,0.105126202913001,0.0802541391258347,"DHRS3/EGR1/PTGS2/CYP1A1/ALOXE3",5
"GOBP_RESPONSE_TO_ESTRADIOL","GOBP_RESPONSE_TO_ESTRADIOL","5/219","81/11404",0.019668773448239,0.105126202913001,0.0802541391258347,"MMP2/COL1A1/TGFB1/PTGS2/CD38",5
"GOBP_CHEMOKINE_PRODUCTION","GOBP_CHEMOKINE_PRODUCTION","4/219","54/11404",0.0197988803225762,0.105181551713686,0.0802963928192764,"CD74/EGR1/WNT5A/IL6",4
"GOBP_NEGATIVE_REGULATION_OF_IMMUNE_EFFECTOR_PROCESS","GOBP_NEGATIVE_REGULATION_OF_IMMUNE_EFFECTOR_PROCESS","4/219","54/11404",0.0197988803225762,0.105181551713686,0.0802963928192764,"HLA-E/HLA-B/HLA-F/TGFB1",4
"GOBP_REGULATION_OF_RECEPTOR_SIGNALING_PATHWAY_VIA_STAT","GOBP_REGULATION_OF_RECEPTOR_SIGNALING_PATHWAY_VIA_STAT","4/219","54/11404",0.0197988803225762,0.105181551713686,0.0802963928192764,"TGFB1/HES1/INPP5F/IL6",4
"GOBP_PEPTIDYL_TYROSINE_MODIFICATION","GOBP_PEPTIDYL_TYROSINE_MODIFICATION","10/219","245/11404",0.019930618307779,0.105668368694161,0.0806680325874526,"CD74/TGFA/TGFB1/IL11/HES1/ERBB3/INPP5F/PTPRJ/ZFYVE28/IL6",10
"GOBP_HEART_DEVELOPMENT","GOBP_HEART_DEVELOPMENT","15/219","434/11404",0.0202646588416352,0.107223646682146,0.0818553435771823,"MMP2/DHRS3/WNT5A/TGFB1/HES1/ERBB3/PPARA/RBM20/FGF12/EYA1/MAPK11/COL5A1/SORBS2/GATA4/CCDC40",15
"GOBP_MUSCLE_CELL_PROLIFERATION","GOBP_MUSCLE_CELL_PROLIFERATION","7/219","143/11404",0.0203383034185838,0.107397654324586,0.0819881823286862,"MMP2/TGFB1/S1PR2/MAPK11/PTGS2/IL6/CCN4",7
"GOBP_REGULATION_OF_LYMPHOCYTE_DIFFERENTIATION","GOBP_REGULATION_OF_LYMPHOCYTE_DIFFERENTIATION","6/219","112/11404",0.0208162641249914,0.109701711938705,0.0837471173533866,"HLA-DRA/HLA-DRB1/CD74/HLA-DOA/ADA/TNFSF9",6
"GOBP_REGULATION_OF_BONE_MINERALIZATION","GOBP_REGULATION_OF_BONE_MINERALIZATION","4/219","55/11404",0.0210396381746812,0.110284270238156,0.0841918467692462,"TFAP2A/TGFB1/TRPM4/LTBP3",4
"GOBP_DIGESTIVE_TRACT_MORPHOGENESIS","GOBP_DIGESTIVE_TRACT_MORPHOGENESIS","3/219","31/11404",0.0211437924298789,0.110284270238156,0.0841918467692462,"DACT1/WNT5A/GATA4",3
"GOBP_POSITIVE_REGULATION_OF_ALPHA_BETA_T_CELL_DIFFERENTIATION","GOBP_POSITIVE_REGULATION_OF_ALPHA_BETA_T_CELL_DIFFERENTIATION","3/219","31/11404",0.0211437924298789,0.110284270238156,0.0841918467692462,"HLA-DRA/HLA-DRB1/ADA",3
"GOBP_AUDITORY_RECEPTOR_CELL_MORPHOGENESIS","GOBP_AUDITORY_RECEPTOR_CELL_MORPHOGENESIS","2/219","12/11404",0.0213453426267398,0.110284270238156,0.0841918467692462,"SLITRK6/PDZD7",2
"GOBP_BONE_TRABECULA_MORPHOGENESIS","GOBP_BONE_TRABECULA_MORPHOGENESIS","2/219","12/11404",0.0213453426267398,0.110284270238156,0.0841918467692462,"MMP2/COL1A1",2
"GOBP_NEGATIVE_REGULATION_OF_AMINE_TRANSPORT","GOBP_NEGATIVE_REGULATION_OF_AMINE_TRANSPORT","2/219","12/11404",0.0213453426267398,0.110284270238156,0.0841918467692462,"DRD2/ABAT",2
"GOBP_NEGATIVE_REGULATION_OF_B_CELL_APOPTOTIC_PROCESS","GOBP_NEGATIVE_REGULATION_OF_B_CELL_APOPTOTIC_PROCESS","2/219","12/11404",0.0213453426267398,0.110284270238156,0.0841918467692462,"CD74/ADA",2
"GOBP_POSITIVE_REGULATION_OF_CARDIOCYTE_DIFFERENTIATION","GOBP_POSITIVE_REGULATION_OF_CARDIOCYTE_DIFFERENTIATION","2/219","12/11404",0.0213453426267398,0.110284270238156,0.0841918467692462,"TGFB1/GATA4",2
"GOBP_REGULATION_OF_ICOSANOID_SECRETION","GOBP_REGULATION_OF_ICOSANOID_SECRETION","2/219","12/11404",0.0213453426267398,0.110284270238156,0.0841918467692462,"PTGES/TNFRSF11A",2
"GOBP_SODIUM_ION_IMPORT_ACROSS_PLASMA_MEMBRANE","GOBP_SODIUM_ION_IMPORT_ACROSS_PLASMA_MEMBRANE","2/219","12/11404",0.0213453426267398,0.110284270238156,0.0841918467692462,"SLC9A7/TRPM4",2
"GOBP_DEVELOPMENTAL_GROWTH_INVOLVED_IN_MORPHOGENESIS","GOBP_DEVELOPMENTAL_GROWTH_INVOLVED_IN_MORPHOGENESIS","8/219","178/11404",0.0215378910215992,0.111050364090184,0.0847766886153371,"PAK6/WNT5A/CACNG7/SEMA3A/SEMA3B/MAPT/SEMA6B/WNT7B",8
"GOBP_MULTICELLULAR_ORGANISMAL_SIGNALING","GOBP_MULTICELLULAR_ORGANISMAL_SIGNALING","5/219","83/11404",0.0216200519082598,0.111050364090184,0.0847766886153371,"CACNG7/FGF12/TRPM4/GRIK2/CORIN",5
"GOBP_NEGATIVE_REGULATION_OF_INFLAMMATORY_RESPONSE","GOBP_NEGATIVE_REGULATION_OF_INFLAMMATORY_RESPONSE","5/219","83/11404",0.0216200519082598,0.111050364090184,0.0847766886153371,"HLA-DRB1/PPARA/RORA/ADA/SERPINF1",5
"GOBP_REGULATION_OF_CELL_SIZE","GOBP_REGULATION_OF_CELL_SIZE","7/219","145/11404",0.0217612700719489,0.111558261944719,0.0851644216823559,"WNT5A/SEMA3A/SEMA3B/MAPT/SLC12A8/SHANK3/SEMA6B",7
"GOBP_CARDIAC_SEPTUM_MORPHOGENESIS","GOBP_CARDIAC_SEPTUM_MORPHOGENESIS","4/219","56/11404",0.0223271167154771,0.113794879197838,0.0868718722249348,"DHRS3/WNT5A/HES1/GATA4",4
"GOBP_CELLULAR_RESPONSE_TO_CALCIUM_ION","GOBP_CELLULAR_RESPONSE_TO_CALCIUM_ION","4/219","56/11404",0.0223271167154771,0.113794879197838,0.0868718722249348,"WNT5A/ALOX5AP/FOS/SYT5",4
"GOBP_ENDOTHELIAL_CELL_DEVELOPMENT","GOBP_ENDOTHELIAL_CELL_DEVELOPMENT","4/219","56/11404",0.0223271167154771,0.113794879197838,0.0868718722249348,"COL18A1/S1PR2/COL22A1/COL15A1",4
"GOBP_REGULATION_OF_MUSCLE_SYSTEM_PROCESS","GOBP_REGULATION_OF_MUSCLE_SYSTEM_PROCESS","7/219","146/11404",0.022498065107891,0.114444790655006,0.0873680195512696,"PPARA/TRPM4/ADA/TBXA2R/GATA4/PTGS2/ABAT",7
"GOBP_CATECHOL_CONTAINING_COMPOUND_METABOLIC_PROCESS","GOBP_CATECHOL_CONTAINING_COMPOUND_METABOLIC_PROCESS","3/219","32/11404",0.0230082606985942,0.116589936424607,0.0890056400708774,"DRD2/GRIN2A/ABAT",3
"GOBP_MACROPHAGE_DIFFERENTIATION","GOBP_MACROPHAGE_DIFFERENTIATION","3/219","32/11404",0.0230082606985942,0.116589936424607,0.0890056400708774,"HLA-DRB1/TGFB1/ZBTB46",3
"GOBP_RESPONSE_TO_TOXIC_SUBSTANCE","GOBP_RESPONSE_TO_TOXIC_SUBSTANCE","7/219","147/11404",0.023251967820365,0.117598724005109,0.0897757561465149,"PTGES/DRD2/DHRS2/PTGS2/ALOX5AP/FOS/CYP1A1",7
"GOBP_SENSORY_ORGAN_MORPHOGENESIS","GOBP_SENSORY_ORGAN_MORPHOGENESIS","8/219","181/11404",0.0235257838156632,0.118755632862591,0.0906589491263005,"SOBP/WNT5A/TFAP2A/SLITRK6/EYA1/COL5A1/HCN1/PDZD7",8
"GOBP_RESPONSE_TO_VITAMIN","GOBP_RESPONSE_TO_VITAMIN","4/219","57/11404",0.0236616980252949,0.119144579770805,0.0909558741404205,"COL1A1/GATA4/PTGS2/CYP1A1",4
"GOBP_NEGATIVE_REGULATION_OF_ION_TRANSPORT","GOBP_NEGATIVE_REGULATION_OF_ION_TRANSPORT","5/219","85/11404",0.0236932674762435,0.119144579770805,0.0909558741404205,"DRD2/HES1/PTGS2/ABAT/HECW1",5
"GOBP_POSITIVE_REGULATION_OF_LOCOMOTION","GOBP_POSITIVE_REGULATION_OF_LOCOMOTION","14/219","404/11404",0.0239982060826375,0.120448139100476,0.0919510212008428,"MMP2/CD74/WNT5A/COL1A1/TGFB1/ACTA2/SCG2/SEMA3A/SEMA3B/PTGS2/IL6/SEMA6B/CCN4/DAPK2",14
"GOBP_HEART_MORPHOGENESIS","GOBP_HEART_MORPHOGENESIS","8/219","182/11404",0.024216203229064,0.120848479866462,0.0922566443722398,"DHRS3/WNT5A/TGFB1/HES1/EYA1/COL5A1/GATA4/CCDC40",8
"GOBP_POTASSIUM_ION_TRANSPORT","GOBP_POTASSIUM_ION_TRANSPORT","6/219","116/11404",0.0242588197290122,0.120848479866462,0.0922566443722398,"KCND1/DRD2/SLC9A7/SNAP25/SLC12A8/HCN1",6
"GOBP_SKELETAL_MUSCLE_ORGAN_DEVELOPMENT","GOBP_SKELETAL_MUSCLE_ORGAN_DEVELOPMENT","6/219","116/11404",0.0242588197290122,0.120848479866462,0.0922566443722398,"EGR1/HMG20B/TGFB1/RCAN1/FOS/EGR2",6
"GOBP_TRANSMEMBRANE_RECEPTOR_PROTEIN_SERINE_THREONINE_KINASE_SIGNALING_PATHWAY","GOBP_TRANSMEMBRANE_RECEPTOR_PROTEIN_SERINE_THREONINE_KINASE_SIGNALING_PATHWAY","10/219","253/11404",0.0242614215747091,0.120848479866462,0.0922566443722398,"DACT1/EGR1/WNT5A/TGFB1/HES1/PPARA/LTBP4/LTBP3/GATA4/FOS",10
"GOBP_INTERLEUKIN_6_PRODUCTION","GOBP_INTERLEUKIN_6_PRODUCTION","5/219","86/11404",0.0247763492492898,0.121082991028742,0.0924356719688112,"CD74/WNT5A/HLA-B/IL6/ARRB1",5
"GOBP_REGULATION_OF_EXTENT_OF_CELL_GROWTH","GOBP_REGULATION_OF_EXTENT_OF_CELL_GROWTH","5/219","86/11404",0.0247763492492898,0.121082991028742,0.0924356719688112,"WNT5A/SEMA3A/SEMA3B/MAPT/SEMA6B",5
"GOBP_ASTROCYTE_ACTIVATION","GOBP_ASTROCYTE_ACTIVATION","2/219","13/11404",0.0249112439605755,0.121082991028742,0.0924356719688112,"MAPT/IL6",2
"GOBP_HYPOTHALAMUS_DEVELOPMENT","GOBP_HYPOTHALAMUS_DEVELOPMENT","2/219","13/11404",0.0249112439605755,0.121082991028742,0.0924356719688112,"SEMA3A/NHLH2",2
"GOBP_METANEPHRIC_TUBULE_DEVELOPMENT","GOBP_METANEPHRIC_TUBULE_DEVELOPMENT","2/219","13/11404",0.0249112439605755,0.121082991028742,0.0924356719688112,"HES1/WNT7B",2
"GOBP_NEUROTRANSMITTER_RECEPTOR_TRANSPORT_TO_PLASMA_MEMBRANE","GOBP_NEUROTRANSMITTER_RECEPTOR_TRANSPORT_TO_PLASMA_MEMBRANE","2/219","13/11404",0.0249112439605755,0.121082991028742,0.0924356719688112,"SNAP25/ARHGAP44",2
"GOBP_POSITIVE_REGULATION_OF_NATURAL_KILLER_CELL_MEDIATED_CYTOTOXICITY","GOBP_POSITIVE_REGULATION_OF_NATURAL_KILLER_CELL_MEDIATED_CYTOTOXICITY","2/219","13/11404",0.0249112439605755,0.121082991028742,0.0924356719688112,"HLA-E/HLA-F",2
"GOBP_REGULATION_OF_EXTRACELLULAR_MATRIX_DISASSEMBLY","GOBP_REGULATION_OF_EXTRACELLULAR_MATRIX_DISASSEMBLY","2/219","13/11404",0.0249112439605755,0.121082991028742,0.0924356719688112,"TGFB1/IL6",2
"GOBP_RENAL_TUBULAR_SECRETION","GOBP_RENAL_TUBULAR_SECRETION","2/219","13/11404",0.0249112439605755,0.121082991028742,0.0924356719688112,"DRD2/CORIN",2
"GOBP_RESPONSE_TO_IMMOBILIZATION_STRESS","GOBP_RESPONSE_TO_IMMOBILIZATION_STRESS","2/219","13/11404",0.0249112439605755,0.121082991028742,0.0924356719688112,"FOS/CYP1A1",2
"GOBP_SYNAPTIC_TRANSMISSION_DOPAMINERGIC","GOBP_SYNAPTIC_TRANSMISSION_DOPAMINERGIC","2/219","13/11404",0.0249112439605755,0.121082991028742,0.0924356719688112,"DRD2/PTGS2",2
"GOBP_TOLERANCE_INDUCTION","GOBP_TOLERANCE_INDUCTION","2/219","13/11404",0.0249112439605755,0.121082991028742,0.0924356719688112,"HLA-E/HLA-B",2
"GOBP_LUNG_ALVEOLUS_DEVELOPMENT","GOBP_LUNG_ALVEOLUS_DEVELOPMENT","3/219","33/11404",0.024959252187002,0.121082991028742,0.0924356719688112,"HOXA5/LTBP3/ADA",3
"GOBP_POSITIVE_REGULATION_OF_INTERLEUKIN_1_BETA_PRODUCTION","GOBP_POSITIVE_REGULATION_OF_INTERLEUKIN_1_BETA_PRODUCTION","3/219","33/11404",0.024959252187002,0.121082991028742,0.0924356719688112,"EGR1/WNT5A/IL6",3
"GOBP_B_CELL_ACTIVATION_INVOLVED_IN_IMMUNE_RESPONSE","GOBP_B_CELL_ACTIVATION_INVOLVED_IN_IMMUNE_RESPONSE","4/219","58/11404",0.0250437305922826,0.121082991028742,0.0924356719688112,"TGFB1/ADA/MFNG/IL6",4
"GOBP_INTERLEUKIN_1_PRODUCTION","GOBP_INTERLEUKIN_1_PRODUCTION","4/219","58/11404",0.0250437305922826,0.121082991028742,0.0924356719688112,"EGR1/WNT5A/IL6/PANX2",4
"GOBP_NEGATIVE_REGULATION_OF_GROWTH","GOBP_NEGATIVE_REGULATION_OF_GROWTH","8/219","184/11404",0.0256395203478247,0.123736513033916,0.0944613907551435,"WNT5A/TGFB1/PPARA/MAPK11/SEMA3A/PTPRJ/SEMA3B/SEMA6B",8
"GOBP_NEUROMUSCULAR_PROCESS","GOBP_NEUROMUSCULAR_PROCESS","5/219","87/11404",0.025890786472836,0.124720699005344,0.0952127257761756,"DRD2/SLITRK6/ADARB1/FGF12/GRIN2A",5
"GOBP_RESPIRATORY_SYSTEM_DEVELOPMENT","GOBP_RESPIRATORY_SYSTEM_DEVELOPMENT","7/219","151/11404",0.0264420291684657,0.12706329770229,0.0970010833552685,"WNT5A/HES1/HOXA5/LTBP3/ADA/CCDC40/WNT7B",7
"GOBP_RESPONSE_TO_CAMP","GOBP_RESPONSE_TO_CAMP","4/219","59/11404",0.0264735295782,0.12706329770229,0.0970010833552685,"COL1A1/PLAT/HCN1/FOS",4
"GOBP_NEGATIVE_REGULATION_OF_CALCIUM_ION_TRANSPORT","GOBP_NEGATIVE_REGULATION_OF_CALCIUM_ION_TRANSPORT","3/219","34/11404",0.0269966626674127,0.128404704203308,0.0980251232328057,"DRD2/HES1/PTGS2",3
"GOBP_POSITIVE_REGULATION_OF_IMMUNOGLOBULIN_PRODUCTION","GOBP_POSITIVE_REGULATION_OF_IMMUNOGLOBULIN_PRODUCTION","3/219","34/11404",0.0269966626674127,0.128404704203308,0.0980251232328057,"HLA-E/TGFB1/IL6",3
"GOBP_REGULATION_OF_LYMPHOCYTE_APOPTOTIC_PROCESS","GOBP_REGULATION_OF_LYMPHOCYTE_APOPTOTIC_PROCESS","3/219","34/11404",0.0269966626674127,0.128404704203308,0.0980251232328057,"CD74/WNT5A/ADA",3
"GOBP_REGULATION_OF_PEPTIDYL_THREONINE_PHOSPHORYLATION","GOBP_REGULATION_OF_PEPTIDYL_THREONINE_PHOSPHORYLATION","3/219","34/11404",0.0269966626674127,0.128404704203308,0.0980251232328057,"WNT5A/TGFB1/S1PR2",3
"GOBP_UNSATURATED_FATTY_ACID_BIOSYNTHETIC_PROCESS","GOBP_UNSATURATED_FATTY_ACID_BIOSYNTHETIC_PROCESS","3/219","34/11404",0.0269966626674127,0.128404704203308,0.0980251232328057,"PTGES/CD74/PTGS2",3
"GOBP_POSITIVE_REGULATION_OF_WNT_SIGNALING_PATHWAY","GOBP_POSITIVE_REGULATION_OF_WNT_SIGNALING_PATHWAY","6/219","119/11404",0.0270776709477799,0.128557951256577,0.0981421131933758,"DACT1/WNT5A/COL1A1/TGFB1/TRPM4/CCN4",6
"GOBP_NEGATIVE_REGULATION_OF_TRANSPORT","GOBP_NEGATIVE_REGULATION_OF_TRANSPORT","11/219","295/11404",0.0271560958365635,0.128698403829757,0.0982493357509899,"CD74/DRD2/HLA-F/IL11/HES1/ERBB3/CNIH2/ADA/PTGS2/ABAT/HECW1",11
"GOBP_ANATOMICAL_STRUCTURE_MATURATION","GOBP_ANATOMICAL_STRUCTURE_MATURATION","7/219","152/11404",0.0272839721973528,0.129072292172396,0.0985347649421548,"MMP2/WNT5A/HES1/HOXA5/CDK5R2/ROPN1/ROPN1B",7
"GOBP_REGULATION_OF_VESICLE_MEDIATED_TRANSPORT","GOBP_REGULATION_OF_VESICLE_MEDIATED_TRANSPORT","13/219","372/11404",0.0273793637467791,0.129275856427909,0.0986901674358268,"WNT5A/DRD2/HLA-F/INPP5F/PTPRJ/BSN/CDK5R2/RAB3D/ARHGAP44/SYT5/RAB26/ARRB1/SYP",13
"GOBP_MESENCHYMAL_CELL_DIFFERENTIATION","GOBP_MESENCHYMAL_CELL_DIFFERENTIATION","8/219","187/11404",0.0278826166041888,0.129275856427909,0.0986901674358268,"WNT5A/COL1A1/TGFB1/HES1/SEMA3A/SEMA3B/IL6/SEMA6B",8
"GOBP_REGULATION_OF_ION_TRANSPORT","GOBP_REGULATION_OF_ION_TRANSPORT","13/219","373/11404",0.0279016848288914,0.129275856427909,0.0986901674358268,"PTGES/KCND1/DRD2/HES1/CACNG7/FGF12/CNIH2/TNFRSF11A/PTGS2/SHANK3/SYT5/ABAT/HECW1",13
"GOBP_FATTY_ACID_TRANSPORT","GOBP_FATTY_ACID_TRANSPORT","4/219","60/11404",0.0279513771197263,0.129275856427909,0.0986901674358268,"PTGES/DRD2/PPARA/TNFRSF11A",4
"GOBP_INTERFERON_GAMMA_PRODUCTION","GOBP_INTERFERON_GAMMA_PRODUCTION","4/219","60/11404",0.0279513771197263,0.129275856427909,0.0986901674358268,"HLA-DPB1/HLA-DPA1/HLA-DRB1/WNT5A",4
"GOBP_METANEPHROS_DEVELOPMENT","GOBP_METANEPHROS_DEVELOPMENT","4/219","60/11404",0.0279513771197263,0.129275856427909,0.0986901674358268,"EGR1/HES1/EYA1/WNT7B",4
"GOBP_OUTFLOW_TRACT_MORPHOGENESIS","GOBP_OUTFLOW_TRACT_MORPHOGENESIS","4/219","60/11404",0.0279513771197263,0.129275856427909,0.0986901674358268,"DHRS3/WNT5A/HES1/EYA1",4
"GOBP_REGULATION_OF_ALPHA_BETA_T_CELL_ACTIVATION","GOBP_REGULATION_OF_ALPHA_BETA_T_CELL_ACTIVATION","4/219","60/11404",0.0279513771197263,0.129275856427909,0.0986901674358268,"HLA-DRA/HLA-DRB1/HLA-E/ADA",4
"GOBP_RESPONSE_TO_AXON_INJURY","GOBP_RESPONSE_TO_AXON_INJURY","4/219","60/11404",0.0279513771197263,0.129275856427909,0.0986901674358268,"MMP2/DRD2/INPP5F/GIPR",4
"GOBP_REGULATION_OF_HEART_CONTRACTION","GOBP_REGULATION_OF_HEART_CONTRACTION","6/219","120/11404",0.0280635302308301,0.129275856427909,0.0986901674358268,"DRD2/TRPM4/SEMA3A/ADA/GATA4/CORIN",6
"GOBP_HEART_PROCESS","GOBP_HEART_PROCESS","7/219","153/11404",0.0281440005867745,0.129275856427909,0.0986901674358268,"DRD2/FGF12/TRPM4/SEMA3A/ADA/GATA4/CORIN",7
"GOBP_CARDIAC_CHAMBER_MORPHOGENESIS","GOBP_CARDIAC_CHAMBER_MORPHOGENESIS","5/219","89/11404",0.0282147668779706,0.129275856427909,0.0986901674358268,"DHRS3/WNT5A/TGFB1/HES1/GATA4",5
"GOBP_NEGATIVE_REGULATION_OF_EPITHELIAL_CELL_PROLIFERATION","GOBP_NEGATIVE_REGULATION_OF_EPITHELIAL_CELL_PROLIFERATION","5/219","89/11404",0.0282147668779706,0.129275856427909,0.0986901674358268,"WNT5A/TGFB1/KLF9/SCG2/SERPINF1",5
"GOBP_BLASTODERM_SEGMENTATION","GOBP_BLASTODERM_SEGMENTATION","2/219","14/11404",0.0287007119583782,0.129275856427909,0.0986901674358268,"WNT5A/SEMA3A",2
"GOBP_COCHLEA_MORPHOGENESIS","GOBP_COCHLEA_MORPHOGENESIS","2/219","14/11404",0.0287007119583782,0.129275856427909,0.0986901674358268,"WNT5A/EYA1",2
"GOBP_GLOMERULAR_MESANGIUM_DEVELOPMENT","GOBP_GLOMERULAR_MESANGIUM_DEVELOPMENT","2/219","14/11404",0.0287007119583782,0.129275856427909,0.0986901674358268,"EGR1/ACTA2",2
"GOBP_NEGATIVE_REGULATION_OF_BONE_MINERALIZATION","GOBP_NEGATIVE_REGULATION_OF_BONE_MINERALIZATION","2/219","14/11404",0.0287007119583782,0.129275856427909,0.0986901674358268,"TRPM4/LTBP3",2
"GOBP_NEGATIVE_REGULATION_OF_INTERLEUKIN_8_PRODUCTION","GOBP_NEGATIVE_REGULATION_OF_INTERLEUKIN_8_PRODUCTION","2/219","14/11404",0.0287007119583782,0.129275856427909,0.0986901674358268,"SSC5D/ARRB1",2
"GOBP_NEGATIVE_REGULATION_OF_TISSUE_REMODELING","GOBP_NEGATIVE_REGULATION_OF_TISSUE_REMODELING","2/219","14/11404",0.0287007119583782,0.129275856427909,0.0986901674358268,"IL6/CD38",2
"GOBP_NEGATIVE_REGULATION_OF_VIRAL_ENTRY_INTO_HOST_CELL","GOBP_NEGATIVE_REGULATION_OF_VIRAL_ENTRY_INTO_HOST_CELL","2/219","14/11404",0.0287007119583782,0.129275856427909,0.0986901674358268,"CIITA/MID2",2
"GOBP_POSITIVE_REGULATION_OF_FIBROBLAST_MIGRATION","GOBP_POSITIVE_REGULATION_OF_FIBROBLAST_MIGRATION","2/219","14/11404",0.0287007119583782,0.129275856427909,0.0986901674358268,"TGFB1/ACTA2",2
"GOBP_POSITIVE_REGULATION_OF_GRANULOCYTE_CHEMOTAXIS","GOBP_POSITIVE_REGULATION_OF_GRANULOCYTE_CHEMOTAXIS","2/219","14/11404",0.0287007119583782,0.129275856427909,0.0986901674358268,"CD74/DAPK2",2
"GOBP_POSITIVE_REGULATION_OF_NATURAL_KILLER_CELL_MEDIATED_IMMUNITY","GOBP_POSITIVE_REGULATION_OF_NATURAL_KILLER_CELL_MEDIATED_IMMUNITY","2/219","14/11404",0.0287007119583782,0.129275856427909,0.0986901674358268,"HLA-E/HLA-F",2
"GOBP_POSITIVE_REGULATION_OF_STEM_CELL_DIFFERENTIATION","GOBP_POSITIVE_REGULATION_OF_STEM_CELL_DIFFERENTIATION","2/219","14/11404",0.0287007119583782,0.129275856427909,0.0986901674358268,"LTBP3/GATA4",2
"GOBP_REGULATION_OF_CARDIAC_CONDUCTION","GOBP_REGULATION_OF_CARDIAC_CONDUCTION","2/219","14/11404",0.0287007119583782,0.129275856427909,0.0986901674358268,"TRPM4/CORIN",2
"GOBP_SPERM_CAPACITATION","GOBP_SPERM_CAPACITATION","2/219","14/11404",0.0287007119583782,0.129275856427909,0.0986901674358268,"ROPN1/ROPN1B",2
"GOBP_T_HELPER_17_CELL_DIFFERENTIATION","GOBP_T_HELPER_17_CELL_DIFFERENTIATION","2/219","14/11404",0.0287007119583782,0.129275856427909,0.0986901674358268,"RORA/IL6",2
"GOBP_THYMOCYTE_APOPTOTIC_PROCESS","GOBP_THYMOCYTE_APOPTOTIC_PROCESS","2/219","14/11404",0.0287007119583782,0.129275856427909,0.0986901674358268,"WNT5A/ADA",2
"GOBP_CIRCADIAN_RHYTHM","GOBP_CIRCADIAN_RHYTHM","7/219","154/11404",0.0290222654175326,0.130054162191531,0.0992843319476743,"EGR1/DRD2/PPARA/RORA/KLF9/TNFRSF11A/FBXL8",7
"GOBP_REGULATION_OF_VIRAL_PROCESS","GOBP_REGULATION_OF_VIRAL_PROCESS","6/219","121/11404",0.0290728344975238,0.130054162191531,0.0992843319476743,"HLA-DRB1/CD74/CIITA/PPARA/ADARB1/MID2",6
"GOBP_AMINE_TRANSPORT","GOBP_AMINE_TRANSPORT","3/219","35/11404",0.0291202867905136,0.130054162191531,0.0992843319476743,"DRD2/SYT5/ABAT",3
"GOBP_NEGATIVE_REGULATION_OF_PROTEIN_KINASE_B_SIGNALING","GOBP_NEGATIVE_REGULATION_OF_PROTEIN_KINASE_B_SIGNALING","3/219","35/11404",0.0291202867905136,0.130054162191531,0.0992843319476743,"DRD2/PPARA/PTPRJ",3
"GOBP_POSITIVE_REGULATION_OF_OSSIFICATION","GOBP_POSITIVE_REGULATION_OF_OSSIFICATION","3/219","35/11404",0.0291202867905136,0.130054162191531,0.0992843319476743,"WNT5A/TFAP2A/TGFB1",3
"GOBP_CIRCADIAN_REGULATION_OF_GENE_EXPRESSION","GOBP_CIRCADIAN_REGULATION_OF_GENE_EXPRESSION","4/219","61/11404",0.0294775226628972,0.130543314649973,0.099657754637411,"EGR1/DRD2/PPARA/RORA",4
"GOBP_EMBRYONIC_HEART_TUBE_DEVELOPMENT","GOBP_EMBRYONIC_HEART_TUBE_DEVELOPMENT","4/219","61/11404",0.0294775226628972,0.130543314649973,0.099657754637411,"WNT5A/HES1/GATA4/CCDC40",4
"GOBP_MUSCLE_HYPERTROPHY","GOBP_MUSCLE_HYPERTROPHY","4/219","61/11404",0.0294775226628972,0.130543314649973,0.099657754637411,"PPARA/INPP5F/SORBS2/GATA4",4
"GOBP_PERIPHERAL_NERVOUS_SYSTEM_DEVELOPMENT","GOBP_PERIPHERAL_NERVOUS_SYSTEM_DEVELOPMENT","4/219","61/11404",0.0294775226628972,0.130543314649973,0.099657754637411,"ERBB3/ADGRB2/NHLH2/EGR2",4
"GOBP_REGULATION_OF_HEART_RATE","GOBP_REGULATION_OF_HEART_RATE","4/219","61/11404",0.0294775226628972,0.130543314649973,0.099657754637411,"DRD2/TRPM4/SEMA3A/ADA",4
"GOBP_GLIAL_CELL_DIFFERENTIATION","GOBP_GLIAL_CELL_DIFFERENTIATION","7/219","155/11404",0.0299189142037753,0.13227573645461,0.100980298557779,"TGFB1/HES1/ERBB3/MAPT/MMP24/EGR2/IL6",7
"GOBP_CD4_POSITIVE_ALPHA_BETA_T_CELL_ACTIVATION","GOBP_CD4_POSITIVE_ALPHA_BETA_T_CELL_ACTIVATION","4/219","62/11404",0.0310521833283978,0.136678947855526,0.104341743474247,"HLA-DRA/HLA-DRB1/RORA/IL6",4
"GOBP_COLUMNAR_CUBOIDAL_EPITHELIAL_CELL_DIFFERENTIATION","GOBP_COLUMNAR_CUBOIDAL_EPITHELIAL_CELL_DIFFERENTIATION","4/219","62/11404",0.0310521833283978,0.136678947855526,0.104341743474247,"WNT5A/HES1/HOXA5/GATA4",4
"GOBP_RECEPTOR_METABOLIC_PROCESS","GOBP_RECEPTOR_METABOLIC_PROCESS","6/219","123/11404",0.0311625099294296,0.136678947855526,0.104341743474247,"DRD2/TGFB1/CACNG7/INPP5F/SNAP25/ARRB1",6
"GOBP_POSITIVE_REGULATION_OF_KINASE_ACTIVITY","GOBP_POSITIVE_REGULATION_OF_KINASE_ACTIVITY","12/219","340/11404",0.0312132389171927,0.136678947855526,0.104341743474247,"HLA-DRB1/CD74/TGFA/EGR1/WNT5A/DRD2/TGFB1/MAPRE3/ERBB3/TNFRSF11A/MAPT/CDK5R2",12
"GOBP_EXOCRINE_SYSTEM_DEVELOPMENT","GOBP_EXOCRINE_SYSTEM_DEVELOPMENT","3/219","36/11404",0.0313298233414563,0.136678947855526,0.104341743474247,"TGFB1/SEMA3A/RAB26",3
"GOBP_GLANDULAR_EPITHELIAL_CELL_DIFFERENTIATION","GOBP_GLANDULAR_EPITHELIAL_CELL_DIFFERENTIATION","3/219","36/11404",0.0313298233414563,0.136678947855526,0.104341743474247,"WNT5A/HES1/HOXA5",3
"GOBP_POSITIVE_REGULATION_OF_INTERLEUKIN_8_PRODUCTION","GOBP_POSITIVE_REGULATION_OF_INTERLEUKIN_8_PRODUCTION","3/219","36/11404",0.0313298233414563,0.136678947855526,0.104341743474247,"CD74/WNT5A/IL6",3
"GOBP_PROSTATE_GLAND_DEVELOPMENT","GOBP_PROSTATE_GLAND_DEVELOPMENT","3/219","36/11404",0.0313298233414563,0.136678947855526,0.104341743474247,"MMP2/WNT5A/SERPINF1",3
"GOBP_REGULATION_OF_DEVELOPMENTAL_GROWTH","GOBP_REGULATION_OF_DEVELOPMENTAL_GROWTH","9/219","228/11404",0.0319333787316224,0.138322391070678,0.10559636046582,"WNT5A/DRD2/CACNG7/PPARA/MAPK11/SEMA3A/SEMA3B/MAPT/SEMA6B",9
"GOBP_SODIUM_ION_TRANSMEMBRANE_TRANSPORT","GOBP_SODIUM_ION_TRANSMEMBRANE_TRANSPORT","5/219","92/11404",0.0319420524561439,0.138322391070678,0.10559636046582,"SLC9A7/FGF12/TRPM4/HCN1/HECW1",5
"GOBP_MUSCLE_CELL_DEVELOPMENT","GOBP_MUSCLE_CELL_DEVELOPMENT","6/219","124/11404",0.0322432305532624,0.138322391070678,0.10559636046582,"HES1/PPARA/RCAN1/SORBS2/NFATC2/GATA4",6
"GOBP_HEART_GROWTH","GOBP_HEART_GROWTH","4/219","63/11404",0.0326755443055242,0.138322391070678,0.10559636046582,"PPARA/MAPK11/SORBS2/GATA4",4
"GOBP_ACYLGLYCEROL_HOMEOSTASIS","GOBP_ACYLGLYCEROL_HOMEOSTASIS","2/219","15/11404",0.0327039277559894,0.138322391070678,0.10559636046582,"RORA/ANGPTL4",2
"GOBP_ANTIBACTERIAL_HUMORAL_RESPONSE","GOBP_ANTIBACTERIAL_HUMORAL_RESPONSE","2/219","15/11404",0.0327039277559894,0.138322391070678,0.10559636046582,"HLA-E/DMBT1",2
"GOBP_AUDITORY_RECEPTOR_CELL_DEVELOPMENT","GOBP_AUDITORY_RECEPTOR_CELL_DEVELOPMENT","2/219","15/11404",0.0327039277559894,0.138322391070678,0.10559636046582,"SLITRK6/PDZD7",2
"GOBP_LIVER_MORPHOGENESIS","GOBP_LIVER_MORPHOGENESIS","2/219","15/11404",0.0327039277559894,0.138322391070678,0.10559636046582,"TGFA/IL6",2
"GOBP_LONG_CHAIN_FATTY_ACID_BIOSYNTHETIC_PROCESS","GOBP_LONG_CHAIN_FATTY_ACID_BIOSYNTHETIC_PROCESS","2/219","15/11404",0.0327039277559894,0.138322391070678,0.10559636046582,"CYP1A1/ALOXE3",2
"GOBP_METANEPHRIC_EPITHELIUM_DEVELOPMENT","GOBP_METANEPHRIC_EPITHELIUM_DEVELOPMENT","2/219","15/11404",0.0327039277559894,0.138322391070678,0.10559636046582,"HES1/WNT7B",2
"GOBP_NEGATIVE_REGULATION_OF_LIPID_STORAGE","GOBP_NEGATIVE_REGULATION_OF_LIPID_STORAGE","2/219","15/11404",0.0327039277559894,0.138322391070678,0.10559636046582,"PPARA/IL6",2
"GOBP_NEGATIVE_REGULATION_OF_VIRAL_LIFE_CYCLE","GOBP_NEGATIVE_REGULATION_OF_VIRAL_LIFE_CYCLE","2/219","15/11404",0.0327039277559894,0.138322391070678,0.10559636046582,"CIITA/MID2",2
"GOBP_NEURONAL_ACTION_POTENTIAL","GOBP_NEURONAL_ACTION_POTENTIAL","2/219","15/11404",0.0327039277559894,0.138322391070678,0.10559636046582,"FGF12/GRIK2",2
"GOBP_POSITIVE_REGULATION_OF_FATTY_ACID_TRANSPORT","GOBP_POSITIVE_REGULATION_OF_FATTY_ACID_TRANSPORT","2/219","15/11404",0.0327039277559894,0.138322391070678,0.10559636046582,"PTGES/TNFRSF11A",2
"GOBP_POSITIVE_REGULATION_OF_HEART_RATE","GOBP_POSITIVE_REGULATION_OF_HEART_RATE","2/219","15/11404",0.0327039277559894,0.138322391070678,0.10559636046582,"TRPM4/ADA",2
"GOBP_REGULATION_OF_ENDOCYTIC_RECYCLING","GOBP_REGULATION_OF_ENDOCYTIC_RECYCLING","2/219","15/11404",0.0327039277559894,0.138322391070678,0.10559636046582,"INPP5F/ARHGAP44",2
"GOBP_REGULATION_OF_MACROPHAGE_DIFFERENTIATION","GOBP_REGULATION_OF_MACROPHAGE_DIFFERENTIATION","2/219","15/11404",0.0327039277559894,0.138322391070678,0.10559636046582,"TGFB1/ZBTB46",2
"GOBP_SEMAPHORIN_PLEXIN_SIGNALING_PATHWAY_INVOLVED_IN_NEURON_PROJECTION_GUIDANCE","GOBP_SEMAPHORIN_PLEXIN_SIGNALING_PATHWAY_INVOLVED_IN_NEURON_PROJECTION_GUIDANCE","2/219","15/11404",0.0327039277559894,0.138322391070678,0.10559636046582,"SEMA3A/PLXNB3",2
"GOBP_TRACHEA_DEVELOPMENT","GOBP_TRACHEA_DEVELOPMENT","2/219","15/11404",0.0327039277559894,0.138322391070678,0.10559636046582,"HOXA5/WNT7B",2
"GOBP_NEUROTRANSMITTER_SECRETION","GOBP_NEUROTRANSMITTER_SECRETION","5/219","93/11404",0.033249684742726,0.140405319386351,0.107186483710104,"DRD2/PPFIA3/SNAP25/SYT5/SYP",5
"GOBP_MUSCLE_CELL_DIFFERENTIATION","GOBP_MUSCLE_CELL_DIFFERENTIATION","10/219","267/11404",0.0334127700715503,0.140860985073267,0.107534342344957,"TGFB1/HES1/PPARA/RORA/RCAN1/MAPK11/SORBS2/NFATC2/GATA4/OLFM2",10
"GOBP_ANION_TRANSPORT","GOBP_ANION_TRANSPORT","11/219","305/11404",0.0334687449396728,0.140860985073267,0.107534342344957,"PTGES/MFSD12/SLC26A2/DRD2/SLC9A7/TTYH2/SLC37A1/TNFRSF11A/SLC12A8/SLCO5A1/ABAT",11
"GOBP_ENDOTHELIAL_CELL_APOPTOTIC_PROCESS","GOBP_ENDOTHELIAL_CELL_APOPTOTIC_PROCESS","3/219","37/11404",0.033624880307812,0.140860985073267,0.107534342344957,"IL11/SCG2/ANGPTL4",3
"GOBP_NEGATIVE_REGULATION_OF_WOUND_HEALING","GOBP_NEGATIVE_REGULATION_OF_WOUND_HEALING","3/219","37/11404",0.033624880307812,0.140860985073267,0.107534342344957,"PLAT/SERPINB2/ABAT",3
"GOBP_RESPONSE_TO_ISCHEMIA","GOBP_RESPONSE_TO_ISCHEMIA","3/219","37/11404",0.033624880307812,0.140860985073267,0.107534342344957,"EGR1/RCAN1/PANX2",3
"GOBP_CARBOHYDRATE_HOMEOSTASIS","GOBP_CARBOHYDRATE_HOMEOSTASIS","7/219","159/11404",0.0336921709852551,0.140918842136742,0.107578510865201,"HLA-DRB1/TRPM4/GATA4/IL6/CCN4/PTPRN/SERPINF1",7
"GOBP_CELLULAR_RESPONSE_TO_LIPID","GOBP_CELLULAR_RESPONSE_TO_LIPID","13/219","384/11404",0.0341394323477125,0.142563239677056,0.108833856395827,"MMP2/WNT5A/COL1A1/PLAT/TGFB1/HES1/PPARA/RORA/KLF9/TBXA2R/IL6/WNT7B/SERPINF1",13
"GOBP_NEURON_MIGRATION","GOBP_NEURON_MIGRATION","6/219","126/11404",0.0344772609795588,0.143746175128382,0.109736918274379,"DRD2/POMGNT2/SEMA3A/KIRREL3/MDGA1/CDK5R2",6
"GOBP_EPIDERMIS_DEVELOPMENT","GOBP_EPIDERMIS_DEVELOPMENT","8/219","196/11404",0.0354207560574785,0.14721402557012,0.11238430155378,"HLA-DRB1/WNT5A/SLITRK6/HES1/PPARA/KRT14/FLG/PDZD7",8
"GOBP_REGULATION_OF_VASCULATURE_DEVELOPMENT","GOBP_REGULATION_OF_VASCULATURE_DEVELOPMENT","8/219","196/11404",0.0354207560574785,0.14721402557012,0.11238430155378,"WNT5A/HOXA5/TBXA2R/GATA4/ADGRB2/ANGPTL4/IL6/SERPINF1",8
"GOBP_NEGATIVE_REGULATION_OF_CELL_DEVELOPMENT","GOBP_NEGATIVE_REGULATION_OF_CELL_DEVELOPMENT","6/219","127/11404",0.035630879746345,0.14785412304192,0.112872956809391,"WNT5A/HES1/SEMA3A/SEMA3B/IL6/SEMA6B",6
"GOBP_CARDIAC_MUSCLE_TISSUE_DEVELOPMENT","GOBP_CARDIAC_MUSCLE_TISSUE_DEVELOPMENT","7/219","161/11404",0.0356926664064737,0.147877635190343,0.112890906161488,"WNT5A/TGFB1/ERBB3/PPARA/MAPK11/SORBS2/GATA4",7
"GOBP_ENDOCARDIAL_CUSHION_DEVELOPMENT","GOBP_ENDOCARDIAL_CUSHION_DEVELOPMENT","3/219","38/11404",0.0360049797650826,0.148040008521287,0.113014863191523,"TGFB1/ERBB3/GATA4",3
"GOBP_REGULATION_OF_EXTRACELLULAR_MATRIX_ORGANIZATION","GOBP_REGULATION_OF_EXTRACELLULAR_MATRIX_ORGANIZATION","3/219","38/11404",0.0360049797650826,0.148040008521287,0.113014863191523,"TGFB1/ZNF469/IL6",3
"GOBP_REGULATION_OF_NEUROTRANSMITTER_RECEPTOR_ACTIVITY","GOBP_REGULATION_OF_NEUROTRANSMITTER_RECEPTOR_ACTIVITY","3/219","38/11404",0.0360049797650826,0.148040008521287,0.113014863191523,"CACNG7/CNIH2/SHANK3",3
"GOBP_ACTIN_MEDIATED_CELL_CONTRACTION","GOBP_ACTIN_MEDIATED_CELL_CONTRACTION","4/219","65/11404",0.0360689508427577,0.148040008521287,0.113014863191523,"FGF12/ACTA2/TRPM4/GATA4",4
"GOBP_CELLULAR_HORMONE_METABOLIC_PROCESS","GOBP_CELLULAR_HORMONE_METABOLIC_PROCESS","4/219","65/11404",0.0360689508427577,0.148040008521287,0.113014863191523,"DHRS3/EGR1/DHRS2/CYP1A1",4
"GOBP_REGULATION_OF_GLIOGENESIS","GOBP_REGULATION_OF_GLIOGENESIS","4/219","65/11404",0.0360689508427577,0.148040008521287,0.113014863191523,"TGFB1/HES1/EGR2/IL6",4
"GOBP_STEM_CELL_DIFFERENTIATION","GOBP_STEM_CELL_DIFFERENTIATION","7/219","162/11404",0.0367218213691005,0.148264397159516,0.113186163176605,"SHC4/HES1/LTBP3/SEMA3A/GATA4/SEMA3B/SEMA6B",7
"GOBP_MULTI_MULTICELLULAR_ORGANISM_PROCESS","GOBP_MULTI_MULTICELLULAR_ORGANISM_PROCESS","6/219","128/11404",0.0368090954025672,0.148264397159516,0.113186163176605,"MMP2/PTGS2/FOS/CYP1A1/CD38/CORIN",6
"GOBP_REGULATION_OF_NEUROTRANSMITTER_LEVELS","GOBP_REGULATION_OF_NEUROTRANSMITTER_LEVELS","6/219","128/11404",0.0368090954025672,0.148264397159516,0.113186163176605,"DRD2/PPFIA3/SNAP25/SYT5/ABAT/SYP",6
"GOBP_HUMORAL_IMMUNE_RESPONSE_MEDIATED_BY_CIRCULATING_IMMUNOGLOBULIN","GOBP_HUMORAL_IMMUNE_RESPONSE_MEDIATED_BY_CIRCULATING_IMMUNOGLOBULIN","2/219","16/11404",0.0369113641505286,0.148264397159516,0.113186163176605,"C1R/C1RL",2
"GOBP_INTESTINAL_EPITHELIAL_CELL_DIFFERENTIATION","GOBP_INTESTINAL_EPITHELIAL_CELL_DIFFERENTIATION","2/219","16/11404",0.0369113641505286,0.148264397159516,0.113186163176605,"HOXA5/GATA4",2
"GOBP_NEGATIVE_REGULATION_OF_MIRNA_TRANSCRIPTION","GOBP_NEGATIVE_REGULATION_OF_MIRNA_TRANSCRIPTION","2/219","16/11404",0.0369113641505286,0.148264397159516,0.113186163176605,"TGFB1/PPARA",2
"GOBP_POSITIVE_REGULATION_OF_LONG_TERM_SYNAPTIC_POTENTIATION","GOBP_POSITIVE_REGULATION_OF_LONG_TERM_SYNAPTIC_POTENTIATION","2/219","16/11404",0.0369113641505286,0.148264397159516,0.113186163176605,"DRD2/SHANK3",2
"GOBP_POSITIVE_REGULATION_OF_VIRAL_LIFE_CYCLE","GOBP_POSITIVE_REGULATION_OF_VIRAL_LIFE_CYCLE","2/219","16/11404",0.0369113641505286,0.148264397159516,0.113186163176605,"HLA-DRB1/CD74",2
"GOBP_REGULATION_OF_B_CELL_APOPTOTIC_PROCESS","GOBP_REGULATION_OF_B_CELL_APOPTOTIC_PROCESS","2/219","16/11404",0.0369113641505286,0.148264397159516,0.113186163176605,"CD74/ADA",2
"GOBP_REGULATION_OF_PLATELET_AGGREGATION","GOBP_REGULATION_OF_PLATELET_AGGREGATION","2/219","16/11404",0.0369113641505286,0.148264397159516,0.113186163176605,"IL6/ABAT",2
"GOBP_REGULATION_OF_SUPEROXIDE_METABOLIC_PROCESS","GOBP_REGULATION_OF_SUPEROXIDE_METABOLIC_PROCESS","2/219","16/11404",0.0369113641505286,0.148264397159516,0.113186163176605,"TGFB1/MAPT",2
"GOBP_SECONDARY_METABOLITE_BIOSYNTHETIC_PROCESS","GOBP_SECONDARY_METABOLITE_BIOSYNTHETIC_PROCESS","2/219","16/11404",0.0369113641505286,0.148264397159516,0.113186163176605,"MFSD12/WNT5A",2
"GOBP_STRIATUM_DEVELOPMENT","GOBP_STRIATUM_DEVELOPMENT","2/219","16/11404",0.0369113641505286,0.148264397159516,0.113186163176605,"DRD2/SHANK3",2
"GOBP_VASCULAR_ASSOCIATED_SMOOTH_MUSCLE_CONTRACTION","GOBP_VASCULAR_ASSOCIATED_SMOOTH_MUSCLE_CONTRACTION","2/219","16/11404",0.0369113641505286,0.148264397159516,0.113186163176605,"ACTA2/CD38",2
"GOBP_DEVELOPMENT_OF_PRIMARY_SEXUAL_CHARACTERISTICS","GOBP_DEVELOPMENT_OF_PRIMARY_SEXUAL_CHARACTERISTICS","7/219","163/11404",0.0377704051121379,0.151484044856139,0.115644066601451,"MMP2/WNT5A/SEMA3A/GATA4/COL9A3/NHLH2/PTPRN",7
"GOBP_REGULATION_OF_BIOMINERALIZATION","GOBP_REGULATION_OF_BIOMINERALIZATION","4/219","66/11404",0.0378392110304399,0.151529363320986,0.115678663060583,"TFAP2A/TGFB1/TRPM4/LTBP3",4
"GOBP_AXON_EXTENSION","GOBP_AXON_EXTENSION","5/219","97/11404",0.0388110237132363,0.154125795209362,0.117660798819571,"WNT5A/SEMA3A/SEMA3B/MAPT/SEMA6B",5
"GOBP_CELLULAR_RESPONSE_TO_CARBOHYDRATE_STIMULUS","GOBP_CELLULAR_RESPONSE_TO_CARBOHYDRATE_STIMULUS","5/219","97/11404",0.0388110237132363,0.154125795209362,0.117660798819571,"HLA-DRB1/TRPM4/GATA4/PTPRN/SERPINF1",5
"GOBP_FATTY_ACID_BIOSYNTHETIC_PROCESS","GOBP_FATTY_ACID_BIOSYNTHETIC_PROCESS","5/219","97/11404",0.0388110237132363,0.154125795209362,0.117660798819571,"PTGES/CD74/PTGS2/CYP1A1/ALOXE3",5
"GOBP_REGULATION_OF_OSTEOBLAST_DIFFERENTIATION","GOBP_REGULATION_OF_OSTEOBLAST_DIFFERENTIATION","5/219","97/11404",0.0388110237132363,0.154125795209362,0.117660798819571,"TRPM4/SMOC1/IL6/CCN4/WNT7B",5
"GOBP_RESPONSE_TO_CALCIUM_ION","GOBP_RESPONSE_TO_CALCIUM_ION","5/219","97/11404",0.0388110237132363,0.154125795209362,0.117660798819571,"WNT5A/ALOX5AP/FOS/GIPR/SYT5",5
"GOBP_NEGATIVE_REGULATION_OF_CYTOKINE_PRODUCTION","GOBP_NEGATIVE_REGULATION_OF_CYTOKINE_PRODUCTION","7/219","164/11404",0.0388385305575016,0.154125795209362,0.117660798819571,"HLA-DRB1/HLA-F/TGFB1/PPARA/SSC5D/IL6/ARRB1",7
"GOBP_LEUKOCYTE_MIGRATION","GOBP_LEUKOCYTE_MIGRATION","8/219","200/11404",0.0391758109242788,0.155230468850338,0.118504115039647,"CD74/WNT5A/SCG2/TRPM4/ADA/TNFRSF11A/IL6/DAPK2",8
"GOBP_POSITIVE_REGULATION_OF_TUMOR_NECROSIS_FACTOR_SUPERFAMILY_CYTOKINE_PRODUCTION","GOBP_POSITIVE_REGULATION_OF_TUMOR_NECROSIS_FACTOR_SUPERFAMILY_CYTOKINE_PRODUCTION","4/219","67/11404",0.0396586017413529,0.156907530913611,0.119784396914376,"HLA-E/WNT5A/PTPRJ/IL6",4
"GOBP_POSITIVE_REGULATION_OF_CELL_DEATH","GOBP_POSITIVE_REGULATION_OF_CELL_DEATH","14/219","434/11404",0.040360964545607,0.159446988872076,0.121723038343967,"MMP2/EGR1/WNT5A/TFAP2A/BMF/HOXA5/GRIK2/PTGS2/MAPT/FOS/GRIN2A/IL6/UNC5C/DAPK2",14
"GOBP_SODIUM_ION_TRANSPORT","GOBP_SODIUM_ION_TRANSPORT","6/219","131/11404",0.040492660952145,0.159727786839674,0.121937401638117,"DRD2/SLC9A7/FGF12/TRPM4/HCN1/HECW1",6
"GOBP_MESENCHYME_MORPHOGENESIS","GOBP_MESENCHYME_MORPHOGENESIS","3/219","40/11404",0.0410179929740995,0.160563134664049,0.122575112490961,"WNT5A/TGFB1/ACTA2",3
"GOBP_NATURAL_KILLER_CELL_MEDIATED_IMMUNITY","GOBP_NATURAL_KILLER_CELL_MEDIATED_IMMUNITY","3/219","40/11404",0.0410179929740995,0.160563134664049,0.122575112490961,"HLA-E/HLA-B/HLA-F",3
"GOBP_ERK1_AND_ERK2_CASCADE","GOBP_ERK1_AND_ERK2_CASCADE","8/219","202/11404",0.0411497389940399,0.160563134664049,0.122575112490961,"HLA-DRB1/CD74/DRD2/TGFB1/ACTA2/TNFRSF11A/GATA4/ARRB1",8
"GOBP_EXCITATORY_SYNAPSE_ASSEMBLY","GOBP_EXCITATORY_SYNAPSE_ASSEMBLY","2/219","17/11404",0.0413137781033113,0.160563134664049,0.122575112490961,"WNT5A/SHANK3",2
"GOBP_NEGATIVE_REGULATION_OF_PRODUCTION_OF_MOLECULAR_MEDIATOR_OF_IMMUNE_RESPONSE","GOBP_NEGATIVE_REGULATION_OF_PRODUCTION_OF_MOLECULAR_MEDIATOR_OF_IMMUNE_RESPONSE","2/219","17/11404",0.0413137781033113,0.160563134664049,0.122575112490961,"HLA-F/TGFB1",2
"GOBP_POSITIVE_REGULATION_OF_INSULIN_SECRETION_INVOLVED_IN_CELLULAR_RESPONSE_TO_GLUCOSE_STIMULUS","GOBP_POSITIVE_REGULATION_OF_INSULIN_SECRETION_INVOLVED_IN_CELLULAR_RESPONSE_TO_GLUCOSE_STIMULUS","2/219","17/11404",0.0413137781033113,0.160563134664049,0.122575112490961,"HLA-DRB1/TRPM4",2
"GOBP_POSITIVE_T_CELL_SELECTION","GOBP_POSITIVE_T_CELL_SELECTION","2/219","17/11404",0.0413137781033113,0.160563134664049,0.122575112490961,"CD74/IL6",2
"GOBP_PROTEIN_LOCALIZATION_TO_MICROTUBULE","GOBP_PROTEIN_LOCALIZATION_TO_MICROTUBULE","2/219","17/11404",0.0413137781033113,0.160563134664049,0.122575112490961,"MAPRE3/MID2",2
"GOBP_RESPONSE_TO_LEAD_ION","GOBP_RESPONSE_TO_LEAD_ION","2/219","17/11404",0.0413137781033113,0.160563134664049,0.122575112490961,"PTGS2/MAPT",2
"GOBP_TRABECULA_FORMATION","GOBP_TRABECULA_FORMATION","2/219","17/11404",0.0413137781033113,0.160563134664049,0.122575112490961,"MMP2/COL1A1",2
"GOBP_REGULATION_OF_LEUKOCYTE_CHEMOTAXIS","GOBP_REGULATION_OF_LEUKOCYTE_CHEMOTAXIS","4/219","68/11404",0.0415271552795656,0.161154718942055,0.123026732407178,"CD74/WNT5A/IL6/DAPK2",4
"GOBP_POSITIVE_REGULATION_OF_EPITHELIAL_CELL_PROLIFERATION","GOBP_POSITIVE_REGULATION_OF_EPITHELIAL_CELL_PROLIFERATION","6/219","132/11404",0.0417705663162998,0.16123354000971,0.123086905006914,"TGFA/WNT5A/SCG2/EYA1/PLXNB3/PTPRN",6
"GOBP_PROTEIN_CONTAINING_COMPLEX_LOCALIZATION","GOBP_PROTEIN_CONTAINING_COMPLEX_LOCALIZATION","6/219","132/11404",0.0417705663162998,0.16123354000971,0.123086905006914,"CACNG7/GPC6/CNIH2/IFT27/SNAP25/ARHGAP44",6
"GOBP_MONOVALENT_INORGANIC_CATION_HOMEOSTASIS","GOBP_MONOVALENT_INORGANIC_CATION_HOMEOSTASIS","5/219","99/11404",0.0417922230841109,0.16123354000971,0.123086905006914,"ATP6V0A4/DRD2/SLC9A7/SLC12A8/CORIN",5
"GOBP_REGULATION_OF_MUSCLE_CELL_DIFFERENTIATION","GOBP_REGULATION_OF_MUSCLE_CELL_DIFFERENTIATION","5/219","99/11404",0.0417922230841109,0.16123354000971,0.123086905006914,"TGFB1/PPARA/MAPK11/NFATC2/OLFM2",5
"GOBP_REGIONALIZATION","GOBP_REGIONALIZATION","9/219","241/11404",0.0430323741338873,0.165775300939756,0.126554119682762,"WNT5A/HES1/HOXA5/HOXA3/SEMA3A/GATA4/HOXA6/EGR2/WNT7B",9
"GOBP_GLIOGENESIS","GOBP_GLIOGENESIS","8/219","204/11404",0.0431888828902918,0.166135337833458,0.126828974572951,"TGFB1/HES1/ERBB3/MAPT/CDK5R2/MMP24/EGR2/IL6",8
"GOBP_DEFENSE_RESPONSE_TO_BACTERIUM","GOBP_DEFENSE_RESPONSE_TO_BACTERIUM","5/219","100/11404",0.0433333722203733,0.166205874527924,0.12688282281948,"HLA-E/DMBT1/SSC5D/IL6/IL22RA1",5
"GOBP_SENSORY_PERCEPTION_OF_LIGHT_STIMULUS","GOBP_SENSORY_PERCEPTION_OF_LIGHT_STIMULUS","5/219","100/11404",0.0433333722203733,0.166205874527924,0.12688282281948,"DHRS3/COL1A1/SLITRK6/COL18A1/HMCN1",5
"GOBP_EXTRACELLULAR_MATRIX_DISASSEMBLY","GOBP_EXTRACELLULAR_MATRIX_DISASSEMBLY","3/219","41/11404",0.0436495628414858,0.166690721865674,0.127252958947489,"MMP2/TGFB1/IL6",3
"GOBP_POSITIVE_REGULATION_OF_MIRNA_TRANSCRIPTION","GOBP_POSITIVE_REGULATION_OF_MIRNA_TRANSCRIPTION","3/219","41/11404",0.0436495628414858,0.166690721865674,0.127252958947489,"EGR1/TGFB1/FOS",3
"GOBP_REGULATION_OF_ALPHA_BETA_T_CELL_DIFFERENTIATION","GOBP_REGULATION_OF_ALPHA_BETA_T_CELL_DIFFERENTIATION","3/219","41/11404",0.0436495628414858,0.166690721865674,0.127252958947489,"HLA-DRA/HLA-DRB1/ADA",3
"GOBP_REGULATION_OF_BODY_FLUID_LEVELS","GOBP_REGULATION_OF_BODY_FLUID_LEVELS","9/219","242/11404",0.0439814123553679,0.167714937129369,0.128034852633267,"PLAT/DRD2/SERPINB2/ADA/TBXA2R/FLG/IL6/ALOXE3/ABAT",9
"GOBP_MESENCHYMAL_CELL_DEVELOPMENT","GOBP_MESENCHYMAL_CELL_DEVELOPMENT","4/219","70/11404",0.0454117352135669,0.172051644401894,0.131345527794675,"HES1/SEMA3A/SEMA3B/SEMA6B",4
"GOBP_ATRIAL_SEPTUM_DEVELOPMENT","GOBP_ATRIAL_SEPTUM_DEVELOPMENT","2/219","18/11404",0.0459022034210745,0.172051644401894,0.131345527794675,"WNT5A/GATA4",2
"GOBP_C21_STEROID_HORMONE_METABOLIC_PROCESS","GOBP_C21_STEROID_HORMONE_METABOLIC_PROCESS","2/219","18/11404",0.0459022034210745,0.172051644401894,0.131345527794675,"EGR1/DHRS2",2
"GOBP_CELL_PROLIFERATION_INVOLVED_IN_HEART_MORPHOGENESIS","GOBP_CELL_PROLIFERATION_INVOLVED_IN_HEART_MORPHOGENESIS","2/219","18/11404",0.0459022034210745,0.172051644401894,0.131345527794675,"HES1/EYA1",2
"GOBP_CELLULAR_RESPONSE_TO_FLUID_SHEAR_STRESS","GOBP_CELLULAR_RESPONSE_TO_FLUID_SHEAR_STRESS","2/219","18/11404",0.0459022034210745,0.172051644401894,0.131345527794675,"MMP2/PTGS2",2
"GOBP_GLYCOSAMINOGLYCAN_CATABOLIC_PROCESS","GOBP_GLYCOSAMINOGLYCAN_CATABOLIC_PROCESS","2/219","18/11404",0.0459022034210745,0.172051644401894,0.131345527794675,"FUCA1/TGFB1",2
"GOBP_NEGATIVE_REGULATION_OF_CHONDROCYTE_DIFFERENTIATION","GOBP_NEGATIVE_REGULATION_OF_CHONDROCYTE_DIFFERENTIATION","2/219","18/11404",0.0459022034210745,0.172051644401894,0.131345527794675,"LTBP3/CCN4",2
"GOBP_POSITIVE_REGULATION_OF_MYELOID_LEUKOCYTE_CYTOKINE_PRODUCTION_INVOLVED_IN_IMMUNE_RESPONSE","GOBP_POSITIVE_REGULATION_OF_MYELOID_LEUKOCYTE_CYTOKINE_PRODUCTION_INVOLVED_IN_IMMUNE_RESPONSE","2/219","18/11404",0.0459022034210745,0.172051644401894,0.131345527794675,"CD74/WNT5A",2
"GOBP_POSITIVE_REGULATION_OF_NATURAL_KILLER_CELL_ACTIVATION","GOBP_POSITIVE_REGULATION_OF_NATURAL_KILLER_CELL_ACTIVATION","2/219","18/11404",0.0459022034210745,0.172051644401894,0.131345527794675,"HLA-E/HLA-F",2
"GOBP_REGULATION_OF_PRODUCTION_OF_SMALL_RNA_INVOLVED_IN_GENE_SILENCING_BY_RNA","GOBP_REGULATION_OF_PRODUCTION_OF_SMALL_RNA_INVOLVED_IN_GENE_SILENCING_BY_RNA","2/219","18/11404",0.0459022034210745,0.172051644401894,0.131345527794675,"TGFB1/IL6",2
"GOBP_REGULATION_OF_WATER_LOSS_VIA_SKIN","GOBP_REGULATION_OF_WATER_LOSS_VIA_SKIN","2/219","18/11404",0.0459022034210745,0.172051644401894,0.131345527794675,"FLG/ALOXE3",2
"GOBP_RESPONSE_TO_THYROID_HORMONE","GOBP_RESPONSE_TO_THYROID_HORMONE","2/219","18/11404",0.0459022034210745,0.172051644401894,0.131345527794675,"HES1/KLF9",2
"GOBP_CELLULAR_RESPONSE_TO_CORTICOSTEROID_STIMULUS","GOBP_CELLULAR_RESPONSE_TO_CORTICOSTEROID_STIMULUS","3/219","42/11404",0.0463634960114051,0.172395022653525,0.131607665351398,"PLAT/KLF9/SERPINF1",3
"GOBP_EMBRYONIC_PATTERN_SPECIFICATION","GOBP_EMBRYONIC_PATTERN_SPECIFICATION","3/219","42/11404",0.0463634960114051,0.172395022653525,0.131607665351398,"WNT5A/SEMA3A/MEIS3",3
"GOBP_POSITIVE_REGULATION_OF_INTERFERON_GAMMA_PRODUCTION","GOBP_POSITIVE_REGULATION_OF_INTERFERON_GAMMA_PRODUCTION","3/219","42/11404",0.0463634960114051,0.172395022653525,0.131607665351398,"HLA-DPB1/HLA-DPA1/WNT5A",3
"GOBP_PRODUCTION_OF_MOLECULAR_MEDIATOR_INVOLVED_IN_INFLAMMATORY_RESPONSE","GOBP_PRODUCTION_OF_MOLECULAR_MEDIATOR_INVOLVED_IN_INFLAMMATORY_RESPONSE","3/219","42/11404",0.0463634960114051,0.172395022653525,0.131607665351398,"PPARA/ALOX5AP/IL6",3
"GOBP_TYROSINE_PHOSPHORYLATION_OF_STAT_PROTEIN","GOBP_TYROSINE_PHOSPHORYLATION_OF_STAT_PROTEIN","3/219","42/11404",0.0463634960114051,0.172395022653525,0.131607665351398,"HES1/INPP5F/IL6",3
"GOBP_CELLULAR_GLUCOSE_HOMEOSTASIS","GOBP_CELLULAR_GLUCOSE_HOMEOSTASIS","5/219","102/11404",0.0465172148412358,0.172395022653525,0.131607665351398,"HLA-DRB1/TRPM4/GATA4/PTPRN/SERPINF1",5
"GOBP_NEGATIVE_REGULATION_OF_IMMUNE_RESPONSE","GOBP_NEGATIVE_REGULATION_OF_IMMUNE_RESPONSE","5/219","102/11404",0.0465172148412358,0.172395022653525,0.131607665351398,"HLA-DRB1/HLA-E/HLA-B/DRD2/HLA-F",5
"GOBP_REGULATION_OF_REPRODUCTIVE_PROCESS","GOBP_REGULATION_OF_REPRODUCTIVE_PROCESS","5/219","102/11404",0.0465172148412358,0.172395022653525,0.131607665351398,"WNT5A/PLAT/SEMA3A/ADA/SERPINF1",5
"GOBP_MYELOID_LEUKOCYTE_ACTIVATION","GOBP_MYELOID_LEUKOCYTE_ACTIVATION","6/219","136/11404",0.0471352988819816,0.174440326620817,0.133169065883304,"CD74/WNT5A/RORA/DHRS2/MAPT/IL6",6
"GOBP_INNATE_IMMUNE_RESPONSE","GOBP_INNATE_IMMUNE_RESPONSE","14/219","444/11404",0.0472640782509664,0.17467159353618,0.13334561679722,"HLA-DPA1/CD74/CIITA/HLA-E/WNT5A/HLA-B/DRD2/HLA-F/C1R/ADARB1/C1RL/DMBT1/SSC5D/MID2",14
"GOBP_BONE_MORPHOGENESIS","GOBP_BONE_MORPHOGENESIS","4/219","71/11404",0.0474276830142822,0.175030734933661,0.133619788058814,"DHRS3/COL1A1/TFAP2A/LTBP3",4
"GOBP_MAMMARY_GLAND_DEVELOPMENT","GOBP_MAMMARY_GLAND_DEVELOPMENT","5/219","103/11404",0.0481600467790478,0.177484927640267,0.135493337349666,"TGFA/WNT5A/HOXA5/TNFRSF11A/WNT7B",5
"GOBP_REGULATION_OF_ESTABLISHMENT_OF_PROTEIN_LOCALIZATION","GOBP_REGULATION_OF_ESTABLISHMENT_OF_PROTEIN_LOCALIZATION","13/219","405/11404",0.0487342636905226,0.179350258134814,0.136917344770051,"HLA-DRB1/DRD2/TGFB1/TRPM4/SNAP25/MICALL2/PTGS2/MAPT/GIPR/IL6/ARHGAP44/CD38/ABAT",13
"GOBP_G_PROTEIN_COUPLED_RECEPTOR_SIGNALING_PATHWAY","GOBP_G_PROTEIN_COUPLED_RECEPTOR_SIGNALING_PATHWAY","12/219","365/11404",0.0491384717016686,0.179658584250698,0.137152723260994,"DRD2/TMEM145/S1PR2/ADA/TBXA2R/APLP1/ADGRB2/FPR1/GPR19/GIPR/ARRB1/SYP",12
"GOBP_COLLAGEN_FIBRIL_ORGANIZATION","GOBP_COLLAGEN_FIBRIL_ORGANIZATION","3/219","43/11404",0.0491589522750486,0.179658584250698,0.137152723260994,"COL1A1/COL5A1/ADAMTS14",3
"GOBP_FACE_DEVELOPMENT","GOBP_FACE_DEVELOPMENT","3/219","43/11404",0.0491589522750486,0.179658584250698,0.137152723260994,"MMP2/WNT5A/COL1A1",3
"GOBP_POSITIVE_REGULATION_OF_EPITHELIAL_TO_MESENCHYMAL_TRANSITION","GOBP_POSITIVE_REGULATION_OF_EPITHELIAL_TO_MESENCHYMAL_TRANSITION","3/219","43/11404",0.0491589522750486,0.179658584250698,0.137152723260994,"COL1A1/TGFB1/IL6",3
"GOBP_POSITIVE_REGULATION_OF_MUSCLE_CELL_DIFFERENTIATION","GOBP_POSITIVE_REGULATION_OF_MUSCLE_CELL_DIFFERENTIATION","3/219","43/11404",0.0491589522750486,0.179658584250698,0.137152723260994,"TGFB1/MAPK11/OLFM2",3
"GOBP_AMINE_METABOLIC_PROCESS","GOBP_AMINE_METABOLIC_PROCESS","4/219","72/11404",0.0494926375757049,0.179690486428303,0.137177077624882,"DRD2/GRIN2A/CYP1A1/ABAT",4
"GOBP_CARBOHYDRATE_TRANSPORT","GOBP_CARBOHYDRATE_TRANSPORT","5/219","104/11404",0.0498368895385925,0.179690486428303,0.137177077624882,"MFSD12/SLC2A12/RTN2/SLC37A1/SLC2A11",5
"GOBP_VESICLE_MEDIATED_TRANSPORT_IN_SYNAPSE","GOBP_VESICLE_MEDIATED_TRANSPORT_IN_SYNAPSE","6/219","138/11404",0.0499707837030685,0.179690486428303,0.137177077624882,"DRD2/PPFIA3/SNAP25/BSN/SYT5/SYP",6
"GOBP_ACID_SECRETION","GOBP_ACID_SECRETION","2/219","19/11404",0.0506679436114722,0.179690486428303,0.137177077624882,"DRD2/ABAT",2
"GOBP_INTERLEUKIN_17_PRODUCTION","GOBP_INTERLEUKIN_17_PRODUCTION","2/219","19/11404",0.0506679436114722,0.179690486428303,0.137177077624882,"TGFB1/IL6",2
"GOBP_INTERLEUKIN_4_PRODUCTION","GOBP_INTERLEUKIN_4_PRODUCTION","2/219","19/11404",0.0506679436114722,0.179690486428303,0.137177077624882,"HLA-DRB1/HLA-E",2
"GOBP_NEGATIVE_REGULATION_OF_CARDIAC_MUSCLE_TISSUE_GROWTH","GOBP_NEGATIVE_REGULATION_OF_CARDIAC_MUSCLE_TISSUE_GROWTH","2/219","19/11404",0.0506679436114722,0.179690486428303,0.137177077624882,"PPARA/MAPK11",2
"GOBP_POSITIVE_REGULATION_OF_AMINE_TRANSPORT","GOBP_POSITIVE_REGULATION_OF_AMINE_TRANSPORT","2/219","19/11404",0.0506679436114722,0.179690486428303,0.137177077624882,"DRD2/ABAT",2
"GOBP_POSITIVE_REGULATION_OF_CALCIUM_MEDIATED_SIGNALING","GOBP_POSITIVE_REGULATION_OF_CALCIUM_MEDIATED_SIGNALING","2/219","19/11404",0.0506679436114722,0.179690486428303,0.137177077624882,"ERBB3/ADA",2
"GOBP_POSITIVE_REGULATION_OF_CD4_POSITIVE_ALPHA_BETA_T_CELL_DIFFERENTIATION","GOBP_POSITIVE_REGULATION_OF_CD4_POSITIVE_ALPHA_BETA_T_CELL_DIFFERENTIATION","2/219","19/11404",0.0506679436114722,0.179690486428303,0.137177077624882,"HLA-DRA/HLA-DRB1",2
"GOBP_PROSTATE_GLAND_MORPHOGENESIS","GOBP_PROSTATE_GLAND_MORPHOGENESIS","2/219","19/11404",0.0506679436114722,0.179690486428303,0.137177077624882,"MMP2/WNT5A",2
"GOBP_REGULATION_OF_GLIAL_CELL_PROLIFERATION","GOBP_REGULATION_OF_GLIAL_CELL_PROLIFERATION","2/219","19/11404",0.0506679436114722,0.179690486428303,0.137177077624882,"HES1/IL6",2
"GOBP_REGULATION_OF_NEUTROPHIL_CHEMOTAXIS","GOBP_REGULATION_OF_NEUTROPHIL_CHEMOTAXIS","2/219","19/11404",0.0506679436114722,0.179690486428303,0.137177077624882,"CD74/DAPK2",2
"GOBP_REGULATION_OF_RENAL_SYSTEM_PROCESS","GOBP_REGULATION_OF_RENAL_SYSTEM_PROCESS","2/219","19/11404",0.0506679436114722,0.179690486428303,0.137177077624882,"DRD2/CORIN",2
"GOBP_REGULATION_OF_T_CELL_APOPTOTIC_PROCESS","GOBP_REGULATION_OF_T_CELL_APOPTOTIC_PROCESS","2/219","19/11404",0.0506679436114722,0.179690486428303,0.137177077624882,"WNT5A/ADA",2
"GOBP_RESPONSE_TO_ATP","GOBP_RESPONSE_TO_ATP","2/219","19/11404",0.0506679436114722,0.179690486428303,0.137177077624882,"TRPM4/PTGS2",2
"GOBP_RESPONSE_TO_FOOD","GOBP_RESPONSE_TO_FOOD","2/219","19/11404",0.0506679436114722,0.179690486428303,0.137177077624882,"PPARA/CYP1A1",2
"GOBP_SUBPALLIUM_DEVELOPMENT","GOBP_SUBPALLIUM_DEVELOPMENT","2/219","19/11404",0.0506679436114722,0.179690486428303,0.137177077624882,"DRD2/SHANK3",2
"GOBP_SUPEROXIDE_ANION_GENERATION","GOBP_SUPEROXIDE_ANION_GENERATION","2/219","19/11404",0.0506679436114722,0.179690486428303,0.137177077624882,"TGFB1/MAPT",2
"GOBP_SYNAPTIC_MEMBRANE_ADHESION","GOBP_SYNAPTIC_MEMBRANE_ADHESION","2/219","19/11404",0.0506679436114722,0.179690486428303,0.137177077624882,"GPC6/MDGA1",2
"GOBP_SYNAPTIC_VESICLE_CYTOSKELETAL_TRANSPORT","GOBP_SYNAPTIC_VESICLE_CYTOSKELETAL_TRANSPORT","2/219","19/11404",0.0506679436114722,0.179690486428303,0.137177077624882,"CNIH2/AP3B2",2
"GOBP_THYROID_GLAND_DEVELOPMENT","GOBP_THYROID_GLAND_DEVELOPMENT","2/219","19/11404",0.0506679436114722,0.179690486428303,0.137177077624882,"HOXA5/HOXA3",2
"GOBP_REGULATION_OF_CATION_CHANNEL_ACTIVITY","GOBP_REGULATION_OF_CATION_CHANNEL_ACTIVITY","5/219","105/11404",0.0515477796258141,0.182282982239667,0.139156208552883,"DRD2/CACNG7/FGF12/CNIH2/SHANK3",5
"GOBP_LEUKOCYTE_APOPTOTIC_PROCESS","GOBP_LEUKOCYTE_APOPTOTIC_PROCESS","4/219","73/11404",0.0516064913665244,0.182282982239667,0.139156208552883,"CD74/WNT5A/ADA/IL6",4
"GOBP_POSITIVE_REGULATION_OF_PROTEIN_BINDING","GOBP_POSITIVE_REGULATION_OF_PROTEIN_BINDING","4/219","73/11404",0.0516064913665244,0.182282982239667,0.139156208552883,"DACT1/WNT5A/MAPRE3/MFNG",4
"GOBP_NEURAL_CREST_CELL_MIGRATION","GOBP_NEURAL_CREST_CELL_MIGRATION","3/219","44/11404",0.0520350312927132,0.183305223872058,0.139936595553581,"SEMA3A/SEMA3B/SEMA6B",3
"GOBP_SMOOTH_MUSCLE_CELL_DIFFERENTIATION","GOBP_SMOOTH_MUSCLE_CELL_DIFFERENTIATION","3/219","44/11404",0.0520350312927132,0.183305223872058,0.139936595553581,"HES1/NFATC2/OLFM2",3
"GOBP_DETECTION_OF_STIMULUS_INVOLVED_IN_SENSORY_PERCEPTION","GOBP_DETECTION_OF_STIMULUS_INVOLVED_IN_SENSORY_PERCEPTION","3/219","45/11404",0.0549907763488952,0.193033937463687,0.147363569157338,"GRIK2/MMP24/PDZD7",3
"GOBP_INSULIN_SECRETION_INVOLVED_IN_CELLULAR_RESPONSE_TO_GLUCOSE_STIMULUS","GOBP_INSULIN_SECRETION_INVOLVED_IN_CELLULAR_RESPONSE_TO_GLUCOSE_STIMULUS","3/219","45/11404",0.0549907763488952,0.193033937463687,0.147363569157338,"HLA-DRB1/TRPM4/PTPRN",3
"GOBP_ACROSOME_REACTION","GOBP_ACROSOME_REACTION","2/219","20/11404",0.0556025649088949,0.193033937463687,0.147363569157338,"PLCD4/ROPN1B",2
"GOBP_AMINOGLYCAN_CATABOLIC_PROCESS","GOBP_AMINOGLYCAN_CATABOLIC_PROCESS","2/219","20/11404",0.0556025649088949,0.193033937463687,0.147363569157338,"FUCA1/TGFB1",2
"GOBP_CELL_CELL_ADHESION_MEDIATED_BY_CADHERIN","GOBP_CELL_CELL_ADHESION_MEDIATED_BY_CADHERIN","2/219","20/11404",0.0556025649088949,0.193033937463687,0.147363569157338,"WNT5A/MMP24",2
"GOBP_COMPLEMENT_ACTIVATION","GOBP_COMPLEMENT_ACTIVATION","2/219","20/11404",0.0556025649088949,0.193033937463687,0.147363569157338,"C1R/C1RL",2
"GOBP_EMBRYONIC_CAMERA_TYPE_EYE_MORPHOGENESIS","GOBP_EMBRYONIC_CAMERA_TYPE_EYE_MORPHOGENESIS","2/219","20/11404",0.0556025649088949,0.193033937463687,0.147363569157338,"WNT5A/TFAP2A",2
"GOBP_FOREBRAIN_NEURON_DEVELOPMENT","GOBP_FOREBRAIN_NEURON_DEVELOPMENT","2/219","20/11404",0.0556025649088949,0.193033937463687,0.147363569157338,"SEMA3A/NHLH2",2
"GOBP_POSITIVE_REGULATION_OF_NEUTROPHIL_MIGRATION","GOBP_POSITIVE_REGULATION_OF_NEUTROPHIL_MIGRATION","2/219","20/11404",0.0556025649088949,0.193033937463687,0.147363569157338,"CD74/DAPK2",2
"GOBP_REGULATION_OF_ASTROCYTE_DIFFERENTIATION","GOBP_REGULATION_OF_ASTROCYTE_DIFFERENTIATION","2/219","20/11404",0.0556025649088949,0.193033937463687,0.147363569157338,"HES1/IL6",2
"GOBP_RESPONSE_TO_AMPHETAMINE","GOBP_RESPONSE_TO_AMPHETAMINE","2/219","20/11404",0.0556025649088949,0.193033937463687,0.147363569157338,"DRD2/GRIN2A",2
"GOBP_CARDIOCYTE_DIFFERENTIATION","GOBP_CARDIOCYTE_DIFFERENTIATION","5/219","108/11404",0.056884905684878,0.196966789066562,0.150365937843284,"TGFB1/HES1/PPARA/SORBS2/GATA4",5
"GOBP_REGULATION_OF_JNK_CASCADE","GOBP_REGULATION_OF_JNK_CASCADE","5/219","108/11404",0.056884905684878,0.196966789066562,0.150365937843284,"DACT1/WNT5A/SEMA3A/GRIK2/WNT7B",5
"GOBP_RECEPTOR_INTERNALIZATION","GOBP_RECEPTOR_INTERNALIZATION","4/219","76/11404",0.0582399827700648,0.201394166140578,0.153745831017535,"DRD2/CACNG7/SNAP25/ARRB1",4
"GOBP_RESPONSE_TO_BMP","GOBP_RESPONSE_TO_BMP","5/219","109/11404",0.0587320932660419,0.202710948979586,0.154751073005089,"EGR1/WNT5A/TGFB1/HES1/GATA4",5
"GOBP_REGULATION_OF_CELL_JUNCTION_ASSEMBLY","GOBP_REGULATION_OF_CELL_JUNCTION_ASSEMBLY","6/219","144/11404",0.0590960593885891,0.202710948979586,0.154751073005089,"WNT5A/SLITRK6/GPC6/CLSTN3/PTPRJ/MDGA1",6
"GOBP_OSTEOBLAST_DIFFERENTIATION","GOBP_OSTEOBLAST_DIFFERENTIATION","7/219","181/11404",0.0600756756864046,0.202710948979586,0.154751073005089,"COL1A1/MAPK11/TRPM4/SMOC1/IL6/CCN4/WNT7B",7
"GOBP_NEGATIVE_REGULATION_OF_RESPONSE_TO_BIOTIC_STIMULUS","GOBP_NEGATIVE_REGULATION_OF_RESPONSE_TO_BIOTIC_STIMULUS","4/219","77/11404",0.0605478423488543,0.202710948979586,0.154751073005089,"HLA-E/HLA-B/DRD2/HLA-F",4
"GOBP_NEURAL_CREST_CELL_DIFFERENTIATION","GOBP_NEURAL_CREST_CELL_DIFFERENTIATION","4/219","77/11404",0.0605478423488543,0.202710948979586,0.154751073005089,"HES1/SEMA3A/SEMA3B/SEMA6B",4
"GOBP_NEGATIVE_REGULATION_OF_CELL_CELL_ADHESION","GOBP_NEGATIVE_REGULATION_OF_CELL_CELL_ADHESION","5/219","110/11404",0.0606133190330012,0.202710948979586,0.154751073005089,"HLA-DRB1/CD74/TGFB1/PPARA/ABAT",5
"GOBP_B_CELL_APOPTOTIC_PROCESS","GOBP_B_CELL_APOPTOTIC_PROCESS","2/219","21/11404",0.0606978894667528,0.202710948979586,0.154751073005089,"CD74/ADA",2
"GOBP_CELLULAR_RESPONSE_TO_DEXAMETHASONE_STIMULUS","GOBP_CELLULAR_RESPONSE_TO_DEXAMETHASONE_STIMULUS","2/219","21/11404",0.0606978894667528,0.202710948979586,0.154751073005089,"PLAT/SERPINF1",2
"GOBP_FOAM_CELL_DIFFERENTIATION","GOBP_FOAM_CELL_DIFFERENTIATION","2/219","21/11404",0.0606978894667528,0.202710948979586,0.154751073005089,"TGFB1/PPARA",2
"GOBP_INTERLEUKIN_1_MEDIATED_SIGNALING_PATHWAY","GOBP_INTERLEUKIN_1_MEDIATED_SIGNALING_PATHWAY","2/219","21/11404",0.0606978894667528,0.202710948979586,0.154751073005089,"EGR1/IL6",2
"GOBP_METANEPHROS_MORPHOGENESIS","GOBP_METANEPHROS_MORPHOGENESIS","2/219","21/11404",0.0606978894667528,0.202710948979586,0.154751073005089,"HES1/WNT7B",2
"GOBP_MOTOR_NEURON_AXON_GUIDANCE","GOBP_MOTOR_NEURON_AXON_GUIDANCE","2/219","21/11404",0.0606978894667528,0.202710948979586,0.154751073005089,"SEMA3A/EGR2",2
"GOBP_NEUROINFLAMMATORY_RESPONSE","GOBP_NEUROINFLAMMATORY_RESPONSE","2/219","21/11404",0.0606978894667528,0.202710948979586,0.154751073005089,"PTGS2/IL6",2
"GOBP_NEURONAL_STEM_CELL_POPULATION_MAINTENANCE","GOBP_NEURONAL_STEM_CELL_POPULATION_MAINTENANCE","2/219","21/11404",0.0606978894667528,0.202710948979586,0.154751073005089,"HES1/MMP24",2
"GOBP_NEUROTRANSMITTER_UPTAKE","GOBP_NEUROTRANSMITTER_UPTAKE","2/219","21/11404",0.0606978894667528,0.202710948979586,0.154751073005089,"DRD2/SNAP25",2
"GOBP_PHARYNGEAL_SYSTEM_DEVELOPMENT","GOBP_PHARYNGEAL_SYSTEM_DEVELOPMENT","2/219","21/11404",0.0606978894667528,0.202710948979586,0.154751073005089,"HES1/EYA1",2
"GOBP_POSITIVE_REGULATION_OF_BLOOD_CIRCULATION","GOBP_POSITIVE_REGULATION_OF_BLOOD_CIRCULATION","2/219","21/11404",0.0606978894667528,0.202710948979586,0.154751073005089,"TRPM4/ADA",2
"GOBP_POSITIVE_REGULATION_OF_NERVOUS_SYSTEM_PROCESS","GOBP_POSITIVE_REGULATION_OF_NERVOUS_SYSTEM_PROCESS","2/219","21/11404",0.0606978894667528,0.202710948979586,0.154751073005089,"EGR2/ABAT",2
"GOBP_POSITIVE_REGULATION_OF_RECEPTOR_INTERNALIZATION","GOBP_POSITIVE_REGULATION_OF_RECEPTOR_INTERNALIZATION","2/219","21/11404",0.0606978894667528,0.202710948979586,0.154751073005089,"DRD2/ARRB1",2
"GOBP_POSTSYNAPSE_ASSEMBLY","GOBP_POSTSYNAPSE_ASSEMBLY","2/219","21/11404",0.0606978894667528,0.202710948979586,0.154751073005089,"WNT5A/SHANK3",2
"GOBP_PROTEIN_KINASE_C_SIGNALING","GOBP_PROTEIN_KINASE_C_SIGNALING","2/219","21/11404",0.0606978894667528,0.202710948979586,0.154751073005089,"WNT5A/PRSS33",2
"GOBP_REGULATION_OF_CALCIUM_ION_DEPENDENT_EXOCYTOSIS","GOBP_REGULATION_OF_CALCIUM_ION_DEPENDENT_EXOCYTOSIS","2/219","21/11404",0.0606978894667528,0.202710948979586,0.154751073005089,"CDK5R2/SYT5",2
"GOBP_REGULATION_OF_CARDIOCYTE_DIFFERENTIATION","GOBP_REGULATION_OF_CARDIOCYTE_DIFFERENTIATION","2/219","21/11404",0.0606978894667528,0.202710948979586,0.154751073005089,"TGFB1/GATA4",2
"GOBP_REGULATION_OF_HOMOTYPIC_CELL_CELL_ADHESION","GOBP_REGULATION_OF_HOMOTYPIC_CELL_CELL_ADHESION","2/219","21/11404",0.0606978894667528,0.202710948979586,0.154751073005089,"IL6/ABAT",2
"GOBP_REGULATORY_T_CELL_DIFFERENTIATION","GOBP_REGULATORY_T_CELL_DIFFERENTIATION","2/219","21/11404",0.0606978894667528,0.202710948979586,0.154751073005089,"HLA-DRA/HLA-DRB1",2
"GOBP_RESPONSE_TO_STEROL","GOBP_RESPONSE_TO_STEROL","2/219","21/11404",0.0606978894667528,0.202710948979586,0.154751073005089,"TGFB1/RORA",2
"GOBP_VASCULAR_ASSOCIATED_SMOOTH_MUSCLE_CELL_DIFFERENTIATION","GOBP_VASCULAR_ASSOCIATED_SMOOTH_MUSCLE_CELL_DIFFERENTIATION","2/219","21/11404",0.0606978894667528,0.202710948979586,0.154751073005089,"HES1/NFATC2",2
"GOBP_REGULATION_OF_ESTABLISHMENT_OF_PLANAR_POLARITY","GOBP_REGULATION_OF_ESTABLISHMENT_OF_PLANAR_POLARITY","3/219","47/11404",0.0611371773752552,0.203661772925155,0.155476939203024,"DACT1/WNT5A/GPC6",3
"GOBP_STEM_CELL_PROLIFERATION","GOBP_STEM_CELL_PROLIFERATION","3/219","47/11404",0.0611371773752552,0.203661772925155,0.155476939203024,"WNT5A/LTBP3/WNT7B",3
"GOBP_REGULATION_OF_TRANSMEMBRANE_RECEPTOR_PROTEIN_SERINE_THREONINE_KINASE_SIGNALING_PATHWAY","GOBP_REGULATION_OF_TRANSMEMBRANE_RECEPTOR_PROTEIN_SERINE_THREONINE_KINASE_SIGNALING_PATHWAY","7/219","182/11404",0.0615100545846981,0.204645194230656,0.1562276904723,"DACT1/WNT5A/TGFB1/HES1/PPARA/LTBP4/GATA4",7
"GOBP_RESPONSE_TO_OXIDATIVE_STRESS","GOBP_RESPONSE_TO_OXIDATIVE_STRESS","11/219","339/11404",0.0625920231398957,0.207982321530423,0.158775278715525,"MMP2/COL1A1/RCAN1/DHRS2/GATA4/PTGS2/MAPT/FOS/IL6/CD38/PTPRN",11
"GOBP_POSITIVE_REGULATION_OF_BINDING","GOBP_POSITIVE_REGULATION_OF_BINDING","6/219","147/11404",0.0640087271355635,0.212421909322682,0.162164493644521,"DACT1/WNT5A/TGFB1/HES1/MAPRE3/MFNG",6
"GOBP_AORTA_DEVELOPMENT","GOBP_AORTA_DEVELOPMENT","3/219","48/11404",0.0643256698666341,0.212937361932891,0.162557994069212,"HES1/EYA1/EGR2",3
"GOBP_VESICLE_DOCKING","GOBP_VESICLE_DOCKING","3/219","48/11404",0.0643256698666341,0.212937361932891,0.162557994069212,"PPFIA3/SNAP25/RAB3D",3
"GOBP_ION_HOMEOSTASIS","GOBP_ION_HOMEOSTASIS","14/219","466/11404",0.0652755165913814,0.214622954395213,0.163844788115151,"WNT5A/ATP6V0A4/DRD2/SLC9A7/TRPM4/TBXA2R/GRIK2/FPR1/SLC12A8/HCN1/GRIN2A/GIPR/CD38/CORIN",14
"GOBP_POSITIVE_REGULATION_OF_LEUKOCYTE_MIGRATION","GOBP_POSITIVE_REGULATION_OF_LEUKOCYTE_MIGRATION","4/219","79/11404",0.0653072457167174,0.214622954395213,0.163844788115151,"CD74/WNT5A/IL6/DAPK2",4
"GOBP_SINGLE_FERTILIZATION","GOBP_SINGLE_FERTILIZATION","4/219","79/11404",0.0653072457167174,0.214622954395213,0.163844788115151,"PLAT/ATP8B3/PLCD4/ROPN1B",4
"GOBP_ORGANIC_ACID_TRANSPORT","GOBP_ORGANIC_ACID_TRANSPORT","7/219","185/11404",0.0659385601836712,0.214622954395213,0.163844788115151,"PTGES/MFSD12/SLC26A2/DRD2/PPARA/TNFRSF11A/ABAT",7
"GOBP_CARDIAC_ATRIUM_MORPHOGENESIS","GOBP_CARDIAC_ATRIUM_MORPHOGENESIS","2/219","22/11404",0.065945988712443,0.214622954395213,0.163844788115151,"WNT5A/GATA4",2
"GOBP_NEGATIVE_REGULATION_OF_CARTILAGE_DEVELOPMENT","GOBP_NEGATIVE_REGULATION_OF_CARTILAGE_DEVELOPMENT","2/219","22/11404",0.065945988712443,0.214622954395213,0.163844788115151,"LTBP3/CCN4",2
"GOBP_NEGATIVE_REGULATION_OF_LYMPHOCYTE_APOPTOTIC_PROCESS","GOBP_NEGATIVE_REGULATION_OF_LYMPHOCYTE_APOPTOTIC_PROCESS","2/219","22/11404",0.065945988712443,0.214622954395213,0.163844788115151,"CD74/ADA",2
"GOBP_POSITIVE_REGULATION_OF_CD4_POSITIVE_ALPHA_BETA_T_CELL_ACTIVATION","GOBP_POSITIVE_REGULATION_OF_CD4_POSITIVE_ALPHA_BETA_T_CELL_ACTIVATION","2/219","22/11404",0.065945988712443,0.214622954395213,0.163844788115151,"HLA-DRA/HLA-DRB1",2
"GOBP_REGULATION_OF_INFLAMMATORY_RESPONSE_TO_ANTIGENIC_STIMULUS","GOBP_REGULATION_OF_INFLAMMATORY_RESPONSE_TO_ANTIGENIC_STIMULUS","2/219","22/11404",0.065945988712443,0.214622954395213,0.163844788115151,"HLA-DRB1/HLA-E",2
"GOBP_REGULATION_OF_NON_CANONICAL_WNT_SIGNALING_PATHWAY","GOBP_REGULATION_OF_NON_CANONICAL_WNT_SIGNALING_PATHWAY","2/219","22/11404",0.065945988712443,0.214622954395213,0.163844788115151,"DACT1/WNT5A",2
"GOBP_REGULATION_OF_T_HELPER_CELL_DIFFERENTIATION","GOBP_REGULATION_OF_T_HELPER_CELL_DIFFERENTIATION","2/219","22/11404",0.065945988712443,0.214622954395213,0.163844788115151,"HLA-DRA/HLA-DRB1",2
"GOBP_T_CELL_SELECTION","GOBP_T_CELL_SELECTION","2/219","22/11404",0.065945988712443,0.214622954395213,0.163844788115151,"CD74/IL6",2
"GOBP_TYPE_2_IMMUNE_RESPONSE","GOBP_TYPE_2_IMMUNE_RESPONSE","2/219","22/11404",0.065945988712443,0.214622954395213,0.163844788115151,"CD74/IL6",2
"GOBP_IMMUNE_RESPONSE_REGULATING_SIGNALING_PATHWAY","GOBP_IMMUNE_RESPONSE_REGULATING_SIGNALING_PATHWAY","9/219","262/11404",0.0659751776319251,0.214622954395213,0.163844788115151,"HLA-DPB1/HLA-DQB1/HLA-DRB1/FYB1/PTPRJ/ADA/NFATC2/FPR1/CD38",9
"GOBP_EPIDERMAL_CELL_DIFFERENTIATION","GOBP_EPIDERMAL_CELL_DIFFERENTIATION","5/219","113/11404",0.0664607712757097,0.215670113684107,0.164644197443455,"WNT5A/SLITRK6/HES1/FLG/PDZD7",5
"GOBP_MYELOID_LEUKOCYTE_MIGRATION","GOBP_MYELOID_LEUKOCYTE_MIGRATION","5/219","113/11404",0.0664607712757097,0.215670113684107,0.164644197443455,"CD74/SCG2/TNFRSF11A/IL6/DAPK2",5
"GOBP_ANTERIOR_POSTERIOR_PATTERN_SPECIFICATION","GOBP_ANTERIOR_POSTERIOR_PATTERN_SPECIFICATION","6/219","149/11404",0.0674137752867729,0.218493601329209,0.166799669285975,"WNT5A/HES1/HOXA5/HOXA3/GATA4/HOXA6",6
"GOBP_FOREBRAIN_CELL_MIGRATION","GOBP_FOREBRAIN_CELL_MIGRATION","3/219","49/11404",0.0675895079927926,0.218525587191422,0.166824087535327,"DRD2/MDGA1/CDK5R2",3
"GOBP_LYMPHOCYTE_APOPTOTIC_PROCESS","GOBP_LYMPHOCYTE_APOPTOTIC_PROCESS","3/219","49/11404",0.0675895079927926,0.218525587191422,0.166824087535327,"CD74/WNT5A/ADA",3
"GOBP_MALE_SEX_DIFFERENTIATION","GOBP_MALE_SEX_DIFFERENTIATION","5/219","114/11404",0.0684776352250072,0.221125697080752,0.168809031108087,"WNT5A/SEMA3A/GATA4/COL9A3/NHLH2",5
"GOBP_AGING","GOBP_AGING","8/219","226/11404",0.0700798784469518,0.224854941422914,0.171655964469865,"MMP2/MAPK11/KRT14/PTGS2/FOS/CYP1A1/ABAT/SERPINF1",8
"GOBP_CAMERA_TYPE_EYE_DEVELOPMENT","GOBP_CAMERA_TYPE_EYE_DEVELOPMENT","8/219","226/11404",0.0700798784469518,0.224854941422914,0.171655964469865,"WNT5A/TFAP2A/DRD2/SLITRK6/HCN1/CYP1A1/WNT7B/SERPINF1",8
"GOBP_POSITIVE_REGULATION_OF_MAP_KINASE_ACTIVITY","GOBP_POSITIVE_REGULATION_OF_MAP_KINASE_ACTIVITY","4/219","81/11404",0.0702564101179532,0.224854941422914,0.171655964469865,"TGFA/WNT5A/TGFB1/TNFRSF11A",4
"GOBP_RESPONSE_TO_TRANSFORMING_GROWTH_FACTOR_BETA","GOBP_RESPONSE_TO_TRANSFORMING_GROWTH_FACTOR_BETA","7/219","188/11404",0.070555532472795,0.224854941422914,0.171655964469865,"WNT5A/COL1A1/TGFB1/PPARA/LTBP4/LTBP3/FOS",7
"GOBP_ASTROCYTE_DIFFERENTIATION","GOBP_ASTROCYTE_DIFFERENTIATION","3/219","50/11404",0.0709275046602587,0.224854941422914,0.171655964469865,"HES1/MAPT/IL6",3
"GOBP_CARDIAC_MUSCLE_CELL_CONTRACTION","GOBP_CARDIAC_MUSCLE_CELL_CONTRACTION","3/219","50/11404",0.0709275046602587,0.224854941422914,0.171655964469865,"FGF12/TRPM4/GATA4",3
"GOBP_INORGANIC_ION_IMPORT_ACROSS_PLASMA_MEMBRANE","GOBP_INORGANIC_ION_IMPORT_ACROSS_PLASMA_MEMBRANE","3/219","50/11404",0.0709275046602587,0.224854941422914,0.171655964469865,"SLC9A7/TRPM4/SLC12A8",3
"GOBP_MAMMARY_GLAND_EPITHELIUM_DEVELOPMENT","GOBP_MAMMARY_GLAND_EPITHELIUM_DEVELOPMENT","3/219","50/11404",0.0709275046602587,0.224854941422914,0.171655964469865,"WNT5A/HOXA5/WNT7B",3
"GOBP_MUSCLE_ORGAN_MORPHOGENESIS","GOBP_MUSCLE_ORGAN_MORPHOGENESIS","3/219","50/11404",0.0709275046602587,0.224854941422914,0.171655964469865,"WNT5A/TGFB1/ADARB1",3
"GOBP_POSITIVE_REGULATION_OF_OSTEOBLAST_DIFFERENTIATION","GOBP_POSITIVE_REGULATION_OF_OSTEOBLAST_DIFFERENTIATION","3/219","50/11404",0.0709275046602587,0.224854941422914,0.171655964469865,"IL6/CCN4/WNT7B",3
"GOBP_POSITIVE_REGULATION_OF_REPRODUCTIVE_PROCESS","GOBP_POSITIVE_REGULATION_OF_REPRODUCTIVE_PROCESS","3/219","50/11404",0.0709275046602587,0.224854941422914,0.171655964469865,"WNT5A/PLAT/SEMA3A",3
"GOBP_REGULATION_OF_IMMUNOGLOBULIN_PRODUCTION","GOBP_REGULATION_OF_IMMUNOGLOBULIN_PRODUCTION","3/219","50/11404",0.0709275046602587,0.224854941422914,0.171655964469865,"HLA-E/TGFB1/IL6",3
"GOBP_XENOBIOTIC_METABOLIC_PROCESS","GOBP_XENOBIOTIC_METABOLIC_PROCESS","3/219","50/11404",0.0709275046602587,0.224854941422914,0.171655964469865,"AHRR/RORA/CYP1A1",3
"GOBP_AORTIC_VALVE_MORPHOGENESIS","GOBP_AORTIC_VALVE_MORPHOGENESIS","2/219","23/11404",0.0713391768613117,0.224854941422914,0.171655964469865,"TGFB1/GATA4",2
"GOBP_CYCLIC_NUCLEOTIDE_METABOLIC_PROCESS","GOBP_CYCLIC_NUCLEOTIDE_METABOLIC_PROCESS","2/219","23/11404",0.0713391768613117,0.224854941422914,0.171655964469865,"RORA/PDE8B",2
"GOBP_ENTEROENDOCRINE_CELL_DIFFERENTIATION","GOBP_ENTEROENDOCRINE_CELL_DIFFERENTIATION","2/219","23/11404",0.0713391768613117,0.224854941422914,0.171655964469865,"WNT5A/HES1",2
"GOBP_GRANULOCYTE_DIFFERENTIATION","GOBP_GRANULOCYTE_DIFFERENTIATION","2/219","23/11404",0.0713391768613117,0.224854941422914,0.171655964469865,"EVI2B/ZBTB46",2
"GOBP_REGULATION_OF_PROTEIN_SUMOYLATION","GOBP_REGULATION_OF_PROTEIN_SUMOYLATION","2/219","23/11404",0.0713391768613117,0.224854941422914,0.171655964469865,"EGR1/HMG20B",2
"GOBP_REGULATION_OF_SMOOTH_MUSCLE_CELL_DIFFERENTIATION","GOBP_REGULATION_OF_SMOOTH_MUSCLE_CELL_DIFFERENTIATION","2/219","23/11404",0.0713391768613117,0.224854941422914,0.171655964469865,"NFATC2/OLFM2",2
"GOBP_T_HELPER_17_TYPE_IMMUNE_RESPONSE","GOBP_T_HELPER_17_TYPE_IMMUNE_RESPONSE","2/219","23/11404",0.0713391768613117,0.224854941422914,0.171655964469865,"RORA/IL6",2
"GOBP_SMALL_MOLECULE_BIOSYNTHETIC_PROCESS","GOBP_SMALL_MOLECULE_BIOSYNTHETIC_PROCESS","12/219","389/11404",0.0720372063020693,0.226783797617626,0.173128467890655,"PTGES/CD74/EGR1/PPARA/COQ2/ADA/TM7SF2/PTGS2/ALOX5AP/CYP1A1/ALOXE3/ABAT",12
"GOBP_DIVALENT_INORGANIC_CATION_HOMEOSTASIS","GOBP_DIVALENT_INORGANIC_CATION_HOMEOSTASIS","9/219","267/11404",0.0723951741073982,0.227638763452261,0.173781155281043,"WNT5A/DRD2/TRPM4/TBXA2R/GRIK2/FPR1/GRIN2A/GIPR/CD38",9
"GOBP_POSITIVE_REGULATION_OF_NF_KAPPAB_TRANSCRIPTION_FACTOR_ACTIVITY","GOBP_POSITIVE_REGULATION_OF_NF_KAPPAB_TRANSCRIPTION_FACTOR_ACTIVITY","5/219","116/11404",0.0726124274462896,0.228049757235963,0.174094911046809,"WNT5A/RIPK4/TNFRSF11A/MID2/IL6",5
"GOBP_CARBOXYLIC_ACID_TRANSPORT","GOBP_CARBOXYLIC_ACID_TRANSPORT","6/219","152/11404",0.0727160822338465,0.228103424626411,0.174135881138948,"PTGES/MFSD12/SLC26A2/DRD2/TNFRSF11A/ABAT",6
"GOBP_REGULATION_OF_STEM_CELL_DIFFERENTIATION","GOBP_REGULATION_OF_STEM_CELL_DIFFERENTIATION","3/219","51/11404",0.0743384360943199,0.232915314041062,0.177809313944859,"HES1/LTBP3/GATA4",3
"GOBP_CARDIAC_MUSCLE_CELL_DIFFERENTIATION","GOBP_CARDIAC_MUSCLE_CELL_DIFFERENTIATION","4/219","83/11404",0.0753928488605692,0.23593842844133,0.18011718236348,"TGFB1/PPARA/SORBS2/GATA4",4
"GOBP_ASTROCYTE_DEVELOPMENT","GOBP_ASTROCYTE_DEVELOPMENT","2/219","24/11404",0.0768700045859937,0.237180868950929,0.18106567085398,"MAPT/IL6",2
"GOBP_CELL_SURFACE_RECEPTOR_SIGNALING_PATHWAY_INVOLVED_IN_HEART_DEVELOPMENT","GOBP_CELL_SURFACE_RECEPTOR_SIGNALING_PATHWAY_INVOLVED_IN_HEART_DEVELOPMENT","2/219","24/11404",0.0768700045859937,0.237180868950929,0.18106567085398,"WNT5A/TGFB1",2
"GOBP_LIPID_EXPORT_FROM_CELL","GOBP_LIPID_EXPORT_FROM_CELL","2/219","24/11404",0.0768700045859937,0.237180868950929,0.18106567085398,"PTGES/TNFRSF11A",2
"GOBP_LUNG_EPITHELIUM_DEVELOPMENT","GOBP_LUNG_EPITHELIUM_DEVELOPMENT","2/219","24/11404",0.0768700045859937,0.237180868950929,0.18106567085398,"HOXA5/WNT7B",2
"GOBP_MAMMARY_GLAND_EPITHELIAL_CELL_PROLIFERATION","GOBP_MAMMARY_GLAND_EPITHELIAL_CELL_PROLIFERATION","2/219","24/11404",0.0768700045859937,0.237180868950929,0.18106567085398,"WNT5A/HOXA5",2
"GOBP_METANEPHRIC_NEPHRON_DEVELOPMENT","GOBP_METANEPHRIC_NEPHRON_DEVELOPMENT","2/219","24/11404",0.0768700045859937,0.237180868950929,0.18106567085398,"EGR1/HES1",2
"GOBP_NEGATIVE_REGULATION_OF_PEPTIDE_SECRETION","GOBP_NEGATIVE_REGULATION_OF_PEPTIDE_SECRETION","2/219","24/11404",0.0768700045859937,0.237180868950929,0.18106567085398,"CD74/DRD2",2
"GOBP_POSITIVE_REGULATION_OF_EXTRACELLULAR_MATRIX_ORGANIZATION","GOBP_POSITIVE_REGULATION_OF_EXTRACELLULAR_MATRIX_ORGANIZATION","2/219","24/11404",0.0768700045859937,0.237180868950929,0.18106567085398,"TGFB1/IL6",2
"GOBP_REGULATION_OF_CALCINEURIN_MEDIATED_SIGNALING","GOBP_REGULATION_OF_CALCINEURIN_MEDIATED_SIGNALING","2/219","24/11404",0.0768700045859937,0.237180868950929,0.18106567085398,"ERBB3/RCAN1",2
"GOBP_REGULATION_OF_EPIDERMAL_GROWTH_FACTOR_ACTIVATED_RECEPTOR_ACTIVITY","GOBP_REGULATION_OF_EPIDERMAL_GROWTH_FACTOR_ACTIVATED_RECEPTOR_ACTIVITY","2/219","24/11404",0.0768700045859937,0.237180868950929,0.18106567085398,"TGFA/ZFYVE28",2
"GOBP_REGULATION_OF_NATURAL_KILLER_CELL_ACTIVATION","GOBP_REGULATION_OF_NATURAL_KILLER_CELL_ACTIVATION","2/219","24/11404",0.0768700045859937,0.237180868950929,0.18106567085398,"HLA-E/HLA-F",2
"GOBP_RETINOL_METABOLIC_PROCESS","GOBP_RETINOL_METABOLIC_PROCESS","2/219","24/11404",0.0768700045859937,0.237180868950929,0.18106567085398,"DHRS3/CYP1A1",2
"GOBP_SEX_DIFFERENTIATION","GOBP_SEX_DIFFERENTIATION","7/219","192/11404",0.0770050144161472,0.237319547352687,0.1811715389957,"MMP2/WNT5A/SEMA3A/GATA4/COL9A3/NHLH2/PTPRN",7
"GOBP_REGULATION_OF_ANION_TRANSPORT","GOBP_REGULATION_OF_ANION_TRANSPORT","3/219","52/11404",0.0778210446872804,0.238995865677137,0.182451253094581,"PTGES/TNFRSF11A/ABAT",3
"GOBP_REGULATION_OF_CARTILAGE_DEVELOPMENT","GOBP_REGULATION_OF_CARTILAGE_DEVELOPMENT","3/219","52/11404",0.0778210446872804,0.238995865677137,0.182451253094581,"WNT5A/LTBP3/CCN4",3
"GOBP_REGULATION_OF_LEUKOCYTE_APOPTOTIC_PROCESS","GOBP_REGULATION_OF_LEUKOCYTE_APOPTOTIC_PROCESS","3/219","52/11404",0.0778210446872804,0.238995865677137,0.182451253094581,"CD74/WNT5A/ADA",3
"GOBP_RESPONSE_TO_REACTIVE_OXYGEN_SPECIES","GOBP_RESPONSE_TO_REACTIVE_OXYGEN_SPECIES","6/219","156/11404",0.0801481041511661,0.245855942303053,0.187688287522674,"MMP2/COL1A1/MAPT/FOS/IL6/PTPRN",6
"GOBP_RESPONSE_TO_INTERFERON_GAMMA","GOBP_RESPONSE_TO_INTERFERON_GAMMA","4/219","85/11404",0.0807137446348981,0.24730315943367,0.188793104035851,"HLA-DPA1/CD74/CIITA/WNT5A",4
"GOBP_POSITIVE_REGULATION_OF_LIPID_BIOSYNTHETIC_PROCESS","GOBP_POSITIVE_REGULATION_OF_LIPID_BIOSYNTHETIC_PROCESS","3/219","53/11404",0.0813740417329865,0.24903670147087,0.190116503150238,"CD74/PPARA/PTGS2",3
"GOBP_CELL_FATE_COMMITMENT","GOBP_CELL_FATE_COMMITMENT","6/219","157/11404",0.0820704949584668,0.249392031223706,0.190387764573455,"WNT5A/HES1/EYA1/GATA4/IL6/WNT7B",6
"GOBP_POSITIVE_REGULATION_OF_ION_TRANSPORT","GOBP_POSITIVE_REGULATION_OF_ION_TRANSPORT","6/219","157/11404",0.0820704949584668,0.249392031223706,0.190387764573455,"PTGES/DRD2/FGF12/TNFRSF11A/SHANK3/ABAT",6
"GOBP_POSITIVE_REGULATION_OF_PROTEIN_SERINE_THREONINE_KINASE_ACTIVITY","GOBP_POSITIVE_REGULATION_OF_PROTEIN_SERINE_THREONINE_KINASE_ACTIVITY","6/219","157/11404",0.0820704949584668,0.249392031223706,0.190387764573455,"TGFA/WNT5A/TGFB1/MAPRE3/TNFRSF11A/CDK5R2",6
"GOBP_AORTA_MORPHOGENESIS","GOBP_AORTA_MORPHOGENESIS","2/219","25/11404",0.0825312528375983,0.249392031223706,0.190387764573455,"HES1/EYA1",2
"GOBP_CELL_VOLUME_HOMEOSTASIS","GOBP_CELL_VOLUME_HOMEOSTASIS","2/219","25/11404",0.0825312528375983,0.249392031223706,0.190387764573455,"SLC12A8/SHANK3",2
"GOBP_GLYCOSYL_COMPOUND_CATABOLIC_PROCESS","GOBP_GLYCOSYL_COMPOUND_CATABOLIC_PROCESS","2/219","25/11404",0.0825312528375983,0.249392031223706,0.190387764573455,"FUCA1/ADA",2
"GOBP_ISOPRENOID_BIOSYNTHETIC_PROCESS","GOBP_ISOPRENOID_BIOSYNTHETIC_PROCESS","2/219","25/11404",0.0825312528375983,0.249392031223706,0.190387764573455,"COQ2/CYP1A1",2
"GOBP_MONOCYTE_CHEMOTAXIS","GOBP_MONOCYTE_CHEMOTAXIS","2/219","25/11404",0.0825312528375983,0.249392031223706,0.190387764573455,"TNFRSF11A/IL6",2
"GOBP_NEGATIVE_REGULATION_OF_BLOOD_VESSEL_ENDOTHELIAL_CELL_MIGRATION","GOBP_NEGATIVE_REGULATION_OF_BLOOD_VESSEL_ENDOTHELIAL_CELL_MIGRATION","2/219","25/11404",0.0825312528375983,0.249392031223706,0.190387764573455,"TGFB1/TBXA2R",2
"GOBP_NEGATIVE_REGULATION_OF_ORGAN_GROWTH","GOBP_NEGATIVE_REGULATION_OF_ORGAN_GROWTH","2/219","25/11404",0.0825312528375983,0.249392031223706,0.190387764573455,"PPARA/MAPK11",2
"GOBP_SODIUM_ION_HOMEOSTASIS","GOBP_SODIUM_ION_HOMEOSTASIS","2/219","25/11404",0.0825312528375983,0.249392031223706,0.190387764573455,"DRD2/CORIN",2
"GOBP_FEMALE_SEX_DIFFERENTIATION","GOBP_FEMALE_SEX_DIFFERENTIATION","4/219","86/11404",0.0834423980683423,0.251590894774035,0.192066393653523,"MMP2/WNT5A/COL9A3/PTPRN",4
"GOBP_PROTEIN_LOCALIZATION_TO_CELL_PERIPHERY","GOBP_PROTEIN_LOCALIZATION_TO_CELL_PERIPHERY","9/219","275/11404",0.0834498831242909,0.251590894774035,0.192066393653523,"FYB1/TGFB1/CACNG7/GPC6/SNAP25/GRIN2A/RAB3D/ARHGAP44/RAB26",9
"GOBP_BONE_DEVELOPMENT","GOBP_BONE_DEVELOPMENT","6/219","158/11404",0.0840185177331585,0.253015764830712,0.193154150241282,"DHRS3/COL1A1/TFAP2A/MAPK11/LTBP3/CCN4",6
"GOBP_SPERM_MOTILITY","GOBP_SPERM_MOTILITY","3/219","54/11404",0.0849961100512459,0.255667522813965,0.195178522359927,"ROPN1/CCDC40/ROPN1B",3
"GOBP_POSITIVE_REGULATION_OF_PROTEIN_LOCALIZATION","GOBP_POSITIVE_REGULATION_OF_PROTEIN_LOCALIZATION","11/219","359/11404",0.0857805186216711,0.257548104852299,0.196614172924295,"HLA-DRB1/WNT5A/TGFB1/CLSTN3/TRPM4/MICALL2/PTGS2/MAPT/GIPR/CD38/ABAT",11
"GOBP_NEUROTRANSMITTER_TRANSPORT","GOBP_NEUROTRANSMITTER_TRANSPORT","5/219","122/11404",0.0858167878786786,0.257548104852299,0.196614172924295,"DRD2/PPFIA3/SNAP25/SYT5/SYP",5
"GOBP_FORMATION_OF_PRIMARY_GERM_LAYER","GOBP_FORMATION_OF_PRIMARY_GERM_LAYER","4/219","87/11404",0.0862159697114993,0.257846137511877,0.196841693312773,"MMP2/WNT5A/EYA1/COL5A1",4
"GOBP_POSITIVE_REGULATION_OF_CANONICAL_WNT_SIGNALING_PATHWAY","GOBP_POSITIVE_REGULATION_OF_CANONICAL_WNT_SIGNALING_PATHWAY","4/219","87/11404",0.0862159697114993,0.257846137511877,0.196841693312773,"DACT1/COL1A1/TGFB1/TRPM4",4
"GOBP_REGULATION_OF_CELLULAR_KETONE_METABOLIC_PROCESS","GOBP_REGULATION_OF_CELLULAR_KETONE_METABOLIC_PROCESS","4/219","87/11404",0.0862159697114993,0.257846137511877,0.196841693312773,"CD74/EGR1/PPARA/PTGS2",4
"GOBP_REGULATION_OF_GROWTH","GOBP_REGULATION_OF_GROWTH","14/219","487/11404",0.0863075116832926,0.257846137511877,0.196841693312773,"WNT5A/DRD2/TGFB1/CACNG7/PPARA/LTBP4/MAPK11/CLSTN3/SEMA3A/PTPRJ/SEMA3B/MAPT/SEMA6B/CD38",14
"GOBP_MYOTUBE_CELL_DEVELOPMENT","GOBP_MYOTUBE_CELL_DEVELOPMENT","2/219","26/11404",0.0883159268152848,0.262359038509893,0.200286876098035,"RCAN1/NFATC2",2
"GOBP_NEGATIVE_REGULATION_OF_OSSIFICATION","GOBP_NEGATIVE_REGULATION_OF_OSSIFICATION","2/219","26/11404",0.0883159268152848,0.262359038509893,0.200286876098035,"TRPM4/LTBP3",2
"GOBP_OLFACTORY_LOBE_DEVELOPMENT","GOBP_OLFACTORY_LOBE_DEVELOPMENT","2/219","26/11404",0.0883159268152848,0.262359038509893,0.200286876098035,"WNT5A/SEMA3A",2
"GOBP_PHENOL_CONTAINING_COMPOUND_BIOSYNTHETIC_PROCESS","GOBP_PHENOL_CONTAINING_COMPOUND_BIOSYNTHETIC_PROCESS","2/219","26/11404",0.0883159268152848,0.262359038509893,0.200286876098035,"MFSD12/WNT5A",2
"GOBP_REGULATION_OF_FATTY_ACID_BIOSYNTHETIC_PROCESS","GOBP_REGULATION_OF_FATTY_ACID_BIOSYNTHETIC_PROCESS","2/219","26/11404",0.0883159268152848,0.262359038509893,0.200286876098035,"CD74/PTGS2",2
"GOBP_METAL_ION_TRANSPORT","GOBP_METAL_ION_TRANSPORT","14/219","489/11404",0.0885125772871914,0.26257007150834,0.200447980286603,"KCND1/DRD2/SLC9A7/HES1/CACNG7/FGF12/TRPM4/SNAP25/ORAI3/PTGS2/SLC12A8/HCN1/GRIN2A/HECW1",14
"GOBP_EXOCYTIC_PROCESS","GOBP_EXOCYTIC_PROCESS","3/219","55/11404",0.0886859065056632,0.26257007150834,0.200447980286603,"PPFIA3/SNAP25/RAB3D",3
"GOBP_PIGMENT_BIOSYNTHETIC_PROCESS","GOBP_PIGMENT_BIOSYNTHETIC_PROCESS","3/219","55/11404",0.0886859065056632,0.26257007150834,0.200447980286603,"MFSD12/WNT5A/ADA",3
"GOBP_ACTIN_FILAMENT_BASED_MOVEMENT","GOBP_ACTIN_FILAMENT_BASED_MOVEMENT","4/219","88/11404",0.0890340233952353,0.263304884002744,0.201008941707478,"FGF12/ACTA2/TRPM4/GATA4",4
"GOBP_TISSUE_MIGRATION","GOBP_TISSUE_MIGRATION","8/219","239/11404",0.0899255023713853,0.265643160032063,0.202793999329381,"WNT5A/TGFB1/ACTA2/SCG2/SEMA3A/TBXA2R/PTGS2/SERPINF1",8
"GOBP_HORMONE_METABOLIC_PROCESS","GOBP_HORMONE_METABOLIC_PROCESS","5/219","124/11404",0.0904809419272849,0.26698463827368,0.203818093974234,"DHRS3/EGR1/DHRS2/CYP1A1/CORIN",5
"GOBP_CELL_CELL_SIGNALING_BY_WNT","GOBP_CELL_CELL_SIGNALING_BY_WNT","11/219","363/11404",0.090981373984025,0.268160984841058,0.204716125848901,"DACT1/EGR1/WNT5A/COL1A1/DRD2/TGFB1/GPC6/TRPM4/CCN4/HECW1/WNT7B",11
"GOBP_CARDIAC_SEPTUM_DEVELOPMENT","GOBP_CARDIAC_SEPTUM_DEVELOPMENT","4/219","89/11404",0.0918961060548712,0.270554457491157,0.206543320988955,"DHRS3/WNT5A/HES1/GATA4",4
"GOBP_RESPONSE_TO_TUMOR_NECROSIS_FACTOR","GOBP_RESPONSE_TO_TUMOR_NECROSIS_FACTOR","6/219","162/11404",0.0920653821166394,0.270649821935845,0.206616122927954,"COL1A1/HES1/RORA/TNFRSF11A/PTGS2/CD70",6
"GOBP_GRANULOCYTE_CHEMOTAXIS","GOBP_GRANULOCYTE_CHEMOTAXIS","3/219","56/11404",0.0924420644183152,0.270649821935845,0.206616122927954,"CD74/SCG2/DAPK2",3
"GOBP_MONOCARBOXYLIC_ACID_TRANSPORT","GOBP_MONOCARBOXYLIC_ACID_TRANSPORT","3/219","56/11404",0.0924420644183152,0.270649821935845,0.206616122927954,"PTGES/DRD2/TNFRSF11A",3
"GOBP_POSITIVE_REGULATION_OF_EXOCYTOSIS","GOBP_POSITIVE_REGULATION_OF_EXOCYTOSIS","3/219","56/11404",0.0924420644183152,0.270649821935845,0.206616122927954,"HLA-F/CDK5R2/RAB3D",3
"GOBP_SMOOTH_MUSCLE_CELL_MIGRATION","GOBP_SMOOTH_MUSCLE_CELL_MIGRATION","3/219","56/11404",0.0924420644183152,0.270649821935845,0.206616122927954,"PLAT/S1PR2/CCN4",3
"GOBP_ORGANIC_ACID_BIOSYNTHETIC_PROCESS","GOBP_ORGANIC_ACID_BIOSYNTHETIC_PROCESS","7/219","201/11404",0.0927386511772088,0.271028879872303,0.206905498626175,"PTGES/CD74/PTGS2/ALOX5AP/CYP1A1/ALOXE3/ABAT",7
"GOBP_REGULATION_OF_LEUKOCYTE_MIGRATION","GOBP_REGULATION_OF_LEUKOCYTE_MIGRATION","5/219","125/11404",0.0928614772186005,0.271028879872303,0.206905498626175,"CD74/WNT5A/ADA/IL6/DAPK2",5
"GOBP_B_CELL_HOMEOSTASIS","GOBP_B_CELL_HOMEOSTASIS","2/219","27/11404",0.0942172500808462,0.271028879872303,0.206905498626175,"CD74/ADA",2
"GOBP_BLOOD_VESSEL_REMODELING","GOBP_BLOOD_VESSEL_REMODELING","2/219","27/11404",0.0942172500808462,0.271028879872303,0.206905498626175,"TGFB1/HOXA3",2
"GOBP_EMBRYONIC_EYE_MORPHOGENESIS","GOBP_EMBRYONIC_EYE_MORPHOGENESIS","2/219","27/11404",0.0942172500808462,0.271028879872303,0.206905498626175,"WNT5A/TFAP2A",2
"GOBP_GLIAL_CELL_PROLIFERATION","GOBP_GLIAL_CELL_PROLIFERATION","2/219","27/11404",0.0942172500808462,0.271028879872303,0.206905498626175,"HES1/IL6",2
"GOBP_MICROGLIAL_CELL_ACTIVATION","GOBP_MICROGLIAL_CELL_ACTIVATION","2/219","27/11404",0.0942172500808462,0.271028879872303,0.206905498626175,"MAPT/IL6",2
"GOBP_MODULATION_OF_EXCITATORY_POSTSYNAPTIC_POTENTIAL","GOBP_MODULATION_OF_EXCITATORY_POSTSYNAPTIC_POTENTIAL","2/219","27/11404",0.0942172500808462,0.271028879872303,0.206905498626175,"S1PR2/SHANK3",2
"GOBP_NEGATIVE_REGULATION_OF_PLASMA_MEMBRANE_BOUNDED_CELL_PROJECTION_ASSEMBLY","GOBP_NEGATIVE_REGULATION_OF_PLASMA_MEMBRANE_BOUNDED_CELL_PROJECTION_ASSEMBLY","2/219","27/11404",0.0942172500808462,0.271028879872303,0.206905498626175,"PLXNB3/ARHGAP44",2
"GOBP_POSITIVE_REGULATION_OF_B_CELL_MEDIATED_IMMUNITY","GOBP_POSITIVE_REGULATION_OF_B_CELL_MEDIATED_IMMUNITY","2/219","27/11404",0.0942172500808462,0.271028879872303,0.206905498626175,"HLA-E/TGFB1",2
"GOBP_POSITIVE_REGULATION_OF_POSTTRANSCRIPTIONAL_GENE_SILENCING","GOBP_POSITIVE_REGULATION_OF_POSTTRANSCRIPTIONAL_GENE_SILENCING","2/219","27/11404",0.0942172500808462,0.271028879872303,0.206905498626175,"TGFB1/IL6",2
"GOBP_REGULATION_OF_GRANULOCYTE_CHEMOTAXIS","GOBP_REGULATION_OF_GRANULOCYTE_CHEMOTAXIS","2/219","27/11404",0.0942172500808462,0.271028879872303,0.206905498626175,"CD74/DAPK2",2
"GOBP_REGULATION_OF_MICROTUBULE_BASED_MOVEMENT","GOBP_REGULATION_OF_MICROTUBULE_BASED_MOVEMENT","2/219","27/11404",0.0942172500808462,0.271028879872303,0.206905498626175,"CNIH2/CCDC40",2
"GOBP_REGULATION_OF_NEUTROPHIL_MIGRATION","GOBP_REGULATION_OF_NEUTROPHIL_MIGRATION","2/219","27/11404",0.0942172500808462,0.271028879872303,0.206905498626175,"CD74/DAPK2",2
"GOBP_REGULATION_OF_PLATELET_ACTIVATION","GOBP_REGULATION_OF_PLATELET_ACTIVATION","2/219","27/11404",0.0942172500808462,0.271028879872303,0.206905498626175,"IL6/ABAT",2
"GOBP_RESPONSE_TO_COCAINE","GOBP_RESPONSE_TO_COCAINE","2/219","27/11404",0.0942172500808462,0.271028879872303,0.206905498626175,"DRD2/ABAT",2
"GOBP_IMPORT_INTO_CELL","GOBP_IMPORT_INTO_CELL","5/219","126/11404",0.0952740481375691,0.273770029272077,0.208998112828898,"DRD2/SLC9A7/TRPM4/SNAP25/SLC12A8",5
"GOBP_POSITIVE_REGULATION_OF_PROTEIN_KINASE_ACTIVITY","GOBP_POSITIVE_REGULATION_OF_PROTEIN_KINASE_ACTIVITY","9/219","283/11404",0.0954704811688769,0.274035640392147,0.209200882368678,"TGFA/EGR1/WNT5A/DRD2/TGFB1/MAPRE3/ERBB3/TNFRSF11A/CDK5R2",9
"GOBP_POSITIVE_REGULATION_OF_CELL_DIVISION","GOBP_POSITIVE_REGULATION_OF_CELL_DIVISION","3/219","57/11404",0.0962631958845941,0.276010360343749,0.210708398528675,"TGFA/DRD2/TGFB1",3
"GOBP_CANONICAL_WNT_SIGNALING_PATHWAY","GOBP_CANONICAL_WNT_SIGNALING_PATHWAY","8/219","243/11404",0.0966270320910232,0.276752423434616,0.211274895109777,"DACT1/EGR1/WNT5A/COL1A1/TGFB1/TRPM4/HECW1/WNT7B",8
"GOBP_CARDIAC_CHAMBER_DEVELOPMENT","GOBP_CARDIAC_CHAMBER_DEVELOPMENT","5/219","127/11404",0.0977184402847504,0.279052970142645,0.213031149882191,"DHRS3/WNT5A/TGFB1/HES1/GATA4",5
"GOBP_VESICLE_MEDIATED_TRANSPORT_TO_THE_PLASMA_MEMBRANE","GOBP_VESICLE_MEDIATED_TRANSPORT_TO_THE_PLASMA_MEMBRANE","5/219","127/11404",0.0977184402847504,0.279052970142645,0.213031149882191,"INPP5F/SNAP25/MICALL2/ARHGAP44/RAB26",5
"GOBP_METAL_ION_HOMEOSTASIS","GOBP_METAL_ION_HOMEOSTASIS","11/219","368/11404",0.0977479663915222,0.279052970142645,0.213031149882191,"WNT5A/DRD2/TRPM4/TBXA2R/GRIK2/FPR1/SLC12A8/GRIN2A/GIPR/CD38/CORIN",11
"GOBP_POSITIVE_REGULATION_OF_ESTABLISHMENT_OF_PROTEIN_LOCALIZATION","GOBP_POSITIVE_REGULATION_OF_ESTABLISHMENT_OF_PROTEIN_LOCALIZATION","8/219","245/11404",0.100082005237253,0.281373852394608,0.214802928962787,"HLA-DRB1/TGFB1/TRPM4/MICALL2/PTGS2/GIPR/CD38/ABAT",8
"GOBP_CARDIAC_CELL_DEVELOPMENT","GOBP_CARDIAC_CELL_DEVELOPMENT","3/219","58/11404",0.100147893991448,0.281373852394608,0.214802928962787,"PPARA/SORBS2/GATA4",3
"GOBP_NON_CANONICAL_WNT_SIGNALING_PATHWAY","GOBP_NON_CANONICAL_WNT_SIGNALING_PATHWAY","3/219","58/11404",0.100147893991448,0.281373852394608,0.214802928962787,"DACT1/WNT5A/GPC6",3
"GOBP_REGULATION_OF_SODIUM_ION_TRANSPORT","GOBP_REGULATION_OF_SODIUM_ION_TRANSPORT","3/219","58/11404",0.100147893991448,0.281373852394608,0.214802928962787,"DRD2/FGF12/HECW1",3
"GOBP_MONOCARBOXYLIC_ACID_BIOSYNTHETIC_PROCESS","GOBP_MONOCARBOXYLIC_ACID_BIOSYNTHETIC_PROCESS","5/219","128/11404",0.100194429914107,0.281373852394608,0.214802928962787,"PTGES/CD74/PTGS2/CYP1A1/ALOXE3",5
"GOBP_BRAIN_MORPHOGENESIS","GOBP_BRAIN_MORPHOGENESIS","2/219","28/11404",0.100228658814996,0.281373852394608,0.214802928962787,"WNT5A/SHANK3",2
"GOBP_CARDIAC_ATRIUM_DEVELOPMENT","GOBP_CARDIAC_ATRIUM_DEVELOPMENT","2/219","28/11404",0.100228658814996,0.281373852394608,0.214802928962787,"WNT5A/GATA4",2
"GOBP_CYTOKINE_PRODUCTION_INVOLVED_IN_INFLAMMATORY_RESPONSE","GOBP_CYTOKINE_PRODUCTION_INVOLVED_IN_INFLAMMATORY_RESPONSE","2/219","28/11404",0.100228658814996,0.281373852394608,0.214802928962787,"PPARA/IL6",2
"GOBP_INTERLEUKIN_10_PRODUCTION","GOBP_INTERLEUKIN_10_PRODUCTION","2/219","28/11404",0.100228658814996,0.281373852394608,0.214802928962787,"HLA-DRB1/IL6",2
"GOBP_MAINTENANCE_OF_BLOOD_BRAIN_BARRIER","GOBP_MAINTENANCE_OF_BLOOD_BRAIN_BARRIER","2/219","28/11404",0.100228658814996,0.281373852394608,0.214802928962787,"PTGS2/IL6",2
"GOBP_NEGATIVE_REGULATION_OF_REACTIVE_OXYGEN_SPECIES_METABOLIC_PROCESS","GOBP_NEGATIVE_REGULATION_OF_REACTIVE_OXYGEN_SPECIES_METABOLIC_PROCESS","2/219","28/11404",0.100228658814996,0.281373852394608,0.214802928962787,"TFAP2A/PPARA",2
"GOBP_POSITIVE_REGULATION_OF_VIRAL_GENOME_REPLICATION","GOBP_POSITIVE_REGULATION_OF_VIRAL_GENOME_REPLICATION","2/219","28/11404",0.100228658814996,0.281373852394608,0.214802928962787,"PPARA/ADARB1",2
"GOBP_RESPONSE_TO_AMINE","GOBP_RESPONSE_TO_AMINE","2/219","28/11404",0.100228658814996,0.281373852394608,0.214802928962787,"DRD2/GRIN2A",2
"GOBP_RESPONSE_TO_FLUID_SHEAR_STRESS","GOBP_RESPONSE_TO_FLUID_SHEAR_STRESS","2/219","28/11404",0.100228658814996,0.281373852394608,0.214802928962787,"MMP2/PTGS2",2
"GOBP_SALIVARY_GLAND_DEVELOPMENT","GOBP_SALIVARY_GLAND_DEVELOPMENT","2/219","28/11404",0.100228658814996,0.281373852394608,0.214802928962787,"TGFB1/SEMA3A",2
"GOBP_REGULATION_OF_CANONICAL_WNT_SIGNALING_PATHWAY","GOBP_REGULATION_OF_CANONICAL_WNT_SIGNALING_PATHWAY","7/219","205/11404",0.10026946770343,0.281373852394608,0.214802928962787,"DACT1/EGR1/WNT5A/COL1A1/TGFB1/TRPM4/HECW1",7
"GOBP_REGULATION_OF_CIRCADIAN_RHYTHM","GOBP_REGULATION_OF_CIRCADIAN_RHYTHM","4/219","92/11404",0.100741756762265,0.282341639858995,0.215541745239404,"DRD2/PPARA/RORA/FBXL8",4
"GOBP_AMEBOIDAL_TYPE_CELL_MIGRATION","GOBP_AMEBOIDAL_TYPE_CELL_MIGRATION","10/219","328/11404",0.100828646340537,0.282341639858995,0.215541745239404,"WNT5A/TGFB1/ACTA2/SCG2/SEMA3A/TBXA2R/SEMA3B/PTGS2/SEMA6B/SERPINF1",10
"GOBP_ENDOCYTOSIS","GOBP_ENDOCYTOSIS","12/219","413/11404",0.100936117693368,0.282342537284528,0.21554243034085,"WNT5A/DRD2/CACNG7/INPP5F/SNAP25/DMBT1/APLP1/SSC5D/SYT5/XKR4/ARRB1/SYP",12
"GOBP_ORGANIC_ANION_TRANSPORT","GOBP_ORGANIC_ANION_TRANSPORT","7/219","206/11404",0.102203281609052,0.285583931113312,0.21801693492761,"PTGES/MFSD12/SLC26A2/DRD2/TNFRSF11A/SLCO5A1/ABAT",7
"GOBP_POSITIVE_REGULATION_OF_LIPID_METABOLIC_PROCESS","GOBP_POSITIVE_REGULATION_OF_LIPID_METABOLIC_PROCESS","4/219","93/11404",0.103775108313705,0.289030164986917,0.220647815955257,"CD74/TGFB1/PPARA/PTGS2",4
"GOBP_CELLULAR_OXIDANT_DETOXIFICATION","GOBP_CELLULAR_OXIDANT_DETOXIFICATION","3/219","59/11404",0.104094734942157,0.289030164986917,0.220647815955257,"PTGES/PTGS2/ALOX5AP",3
"GOBP_DETECTION_OF_ABIOTIC_STIMULUS","GOBP_DETECTION_OF_ABIOTIC_STIMULUS","3/219","59/11404",0.104094734942157,0.289030164986917,0.220647815955257,"GRIK2/MMP24/PDZD7",3
"GOBP_INORGANIC_ANION_TRANSMEMBRANE_TRANSPORT","GOBP_INORGANIC_ANION_TRANSMEMBRANE_TRANSPORT","3/219","59/11404",0.104094734942157,0.289030164986917,0.220647815955257,"SLC26A2/SLC37A1/SLC12A8",3
"GOBP_POSITIVE_REGULATION_OF_INTERLEUKIN_6_PRODUCTION","GOBP_POSITIVE_REGULATION_OF_INTERLEUKIN_6_PRODUCTION","3/219","59/11404",0.104094734942157,0.289030164986917,0.220647815955257,"CD74/WNT5A/IL6",3
"GOBP_REGULATION_OF_FATTY_ACID_METABOLIC_PROCESS","GOBP_REGULATION_OF_FATTY_ACID_METABOLIC_PROCESS","3/219","59/11404",0.104094734942157,0.289030164986917,0.220647815955257,"CD74/PPARA/PTGS2",3
"GOBP_CEREBRAL_CORTEX_RADIALLY_ORIENTED_CELL_MIGRATION","GOBP_CEREBRAL_CORTEX_RADIALLY_ORIENTED_CELL_MIGRATION","2/219","29/11404",0.106343796212123,0.292500942608502,0.223297433865914,"MDGA1/CDK5R2",2
"GOBP_ESTABLISHMENT_OF_EPITHELIAL_CELL_POLARITY","GOBP_ESTABLISHMENT_OF_EPITHELIAL_CELL_POLARITY","2/219","29/11404",0.106343796212123,0.292500942608502,0.223297433865914,"WNT5A/HES1",2
"GOBP_NEGATIVE_REGULATION_OF_ERBB_SIGNALING_PATHWAY","GOBP_NEGATIVE_REGULATION_OF_ERBB_SIGNALING_PATHWAY","2/219","29/11404",0.106343796212123,0.292500942608502,0.223297433865914,"PTPRJ/ZFYVE28",2
"GOBP_NEGATIVE_REGULATION_OF_LIPID_LOCALIZATION","GOBP_NEGATIVE_REGULATION_OF_LIPID_LOCALIZATION","2/219","29/11404",0.106343796212123,0.292500942608502,0.223297433865914,"PPARA/IL6",2
"GOBP_POSITIVE_REGULATION_OF_BMP_SIGNALING_PATHWAY","GOBP_POSITIVE_REGULATION_OF_BMP_SIGNALING_PATHWAY","2/219","29/11404",0.106343796212123,0.292500942608502,0.223297433865914,"HES1/GATA4",2
"GOBP_POSITIVE_REGULATION_OF_BONE_MINERALIZATION","GOBP_POSITIVE_REGULATION_OF_BONE_MINERALIZATION","2/219","29/11404",0.106343796212123,0.292500942608502,0.223297433865914,"TFAP2A/TGFB1",2
"GOBP_REGULATION_OF_LONG_TERM_SYNAPTIC_POTENTIATION","GOBP_REGULATION_OF_LONG_TERM_SYNAPTIC_POTENTIATION","2/219","29/11404",0.106343796212123,0.292500942608502,0.223297433865914,"DRD2/SHANK3",2
"GOBP_REGULATION_OF_VASCULAR_PERMEABILITY","GOBP_REGULATION_OF_VASCULAR_PERMEABILITY","2/219","29/11404",0.106343796212123,0.292500942608502,0.223297433865914,"TGFB1/PTPRJ",2
"GOBP_TRANSFORMING_GROWTH_FACTOR_BETA_PRODUCTION","GOBP_TRANSFORMING_GROWTH_FACTOR_BETA_PRODUCTION","2/219","29/11404",0.106343796212123,0.292500942608502,0.223297433865914,"LTBP3/PTGS2",2
"GOBP_RECEPTOR_SIGNALING_PATHWAY_VIA_STAT","GOBP_RECEPTOR_SIGNALING_PATHWAY_VIA_STAT","4/219","94/11404",0.10684999156381,0.293526281496596,0.224080185335062,"TGFB1/HES1/INPP5F/IL6",4
"GOBP_RESPONSE_TO_RADIATION","GOBP_RESPONSE_TO_RADIATION","10/219","332/11404",0.10693936631375,0.293526281496596,0.224080185335062,"MMP2/EGR1/DRD2/BMF/EYA1/TNFRSF11A/PTGS2/FOS/GRIN2A/FBXL8",10
"GOBP_POSITIVE_REGULATION_OF_TRANSFERASE_ACTIVITY","GOBP_POSITIVE_REGULATION_OF_TRANSFERASE_ACTIVITY","12/219","418/11404",0.107726910185238,0.295380237604685,0.22549550946272,"HLA-DRB1/CD74/TGFA/EGR1/WNT5A/DRD2/TGFB1/MAPRE3/ERBB3/TNFRSF11A/MAPT/CDK5R2",12
"GOBP_AXONAL_TRANSPORT","GOBP_AXONAL_TRANSPORT","3/219","60/11404",0.108102280090706,0.295487041534244,0.225577044391067,"CNIH2/MAPT/AP3B2",3
"GOBP_REGULATION_OF_ERBB_SIGNALING_PATHWAY","GOBP_REGULATION_OF_ERBB_SIGNALING_PATHWAY","3/219","60/11404",0.108102280090706,0.295487041534244,0.225577044391067,"TGFA/PTPRJ/ZFYVE28",3
"GOBP_RESPONSE_TO_ALKALOID","GOBP_RESPONSE_TO_ALKALOID","3/219","60/11404",0.108102280090706,0.295487041534244,0.225577044391067,"DRD2/HES1/ABAT",3
"GOBP_CARDIAC_VENTRICLE_DEVELOPMENT","GOBP_CARDIAC_VENTRICLE_DEVELOPMENT","4/219","95/11404",0.109965864891928,0.300269486000238,0.229227998700272,"WNT5A/TGFB1/HES1/GATA4",4
"GOBP_JNK_CASCADE","GOBP_JNK_CASCADE","5/219","132/11404",0.110409572708555,0.301168969034206,0.229914670857632,"DACT1/WNT5A/SEMA3A/GRIK2/WNT7B",5
"GOBP_ESTABLISHMENT_OF_TISSUE_POLARITY","GOBP_ESTABLISHMENT_OF_TISSUE_POLARITY","3/219","61/11404",0.112169077888696,0.303568470800707,0.231746468670788,"DACT1/WNT5A/GPC6",3
"GOBP_LENS_DEVELOPMENT_IN_CAMERA_TYPE_EYE","GOBP_LENS_DEVELOPMENT_IN_CAMERA_TYPE_EYE","3/219","61/11404",0.112169077888696,0.303568470800707,0.231746468670788,"WNT5A/SLITRK6/WNT7B",3
"GOBP_B_CELL_RECEPTOR_SIGNALING_PATHWAY","GOBP_B_CELL_RECEPTOR_SIGNALING_PATHWAY","2/219","30/11404",0.112556507010357,0.303568470800707,0.231746468670788,"NFATC2/CD38",2
"GOBP_EMBRYONIC_CAMERA_TYPE_EYE_DEVELOPMENT","GOBP_EMBRYONIC_CAMERA_TYPE_EYE_DEVELOPMENT","2/219","30/11404",0.112556507010357,0.303568470800707,0.231746468670788,"WNT5A/TFAP2A",2
"GOBP_HEAD_MORPHOGENESIS","GOBP_HEAD_MORPHOGENESIS","2/219","30/11404",0.112556507010357,0.303568470800707,0.231746468670788,"MMP2/COL1A1",2
"GOBP_LABYRINTHINE_LAYER_DEVELOPMENT","GOBP_LABYRINTHINE_LAYER_DEVELOPMENT","2/219","30/11404",0.112556507010357,0.303568470800707,0.231746468670788,"HES1/WNT7B",2
"GOBP_NEGATIVE_REGULATION_OF_LEUKOCYTE_APOPTOTIC_PROCESS","GOBP_NEGATIVE_REGULATION_OF_LEUKOCYTE_APOPTOTIC_PROCESS","2/219","30/11404",0.112556507010357,0.303568470800707,0.231746468670788,"CD74/ADA",2
"GOBP_POSITIVE_REGULATION_OF_TYROSINE_PHOSPHORYLATION_OF_STAT_PROTEIN","GOBP_POSITIVE_REGULATION_OF_TYROSINE_PHOSPHORYLATION_OF_STAT_PROTEIN","2/219","30/11404",0.112556507010357,0.303568470800707,0.231746468670788,"HES1/IL6",2
"GOBP_REGULATION_OF_MEMBRANE_DEPOLARIZATION","GOBP_REGULATION_OF_MEMBRANE_DEPOLARIZATION","2/219","30/11404",0.112556507010357,0.303568470800707,0.231746468670788,"TRPM4/HCN1",2
"GOBP_REGULATION_OF_MUSCLE_ORGAN_DEVELOPMENT","GOBP_REGULATION_OF_MUSCLE_ORGAN_DEVELOPMENT","2/219","30/11404",0.112556507010357,0.303568470800707,0.231746468670788,"TGFB1/ERBB3",2
"GOBP_RESPONSE_TO_DEXAMETHASONE","GOBP_RESPONSE_TO_DEXAMETHASONE","2/219","30/11404",0.112556507010357,0.303568470800707,0.231746468670788,"PLAT/SERPINF1",2
"GOBP_REGULATION_OF_MAP_KINASE_ACTIVITY","GOBP_REGULATION_OF_MAP_KINASE_ACTIVITY","5/219","133/11404",0.11303988084447,0.303850080020546,0.23196145128104,"TGFA/WNT5A/TGFB1/PTPRJ/TNFRSF11A",5
"GOBP_ERBB_SIGNALING_PATHWAY","GOBP_ERBB_SIGNALING_PATHWAY","4/219","96/11404",0.113122174003854,0.303850080020546,0.23196145128104,"TGFA/TGFB1/PTPRJ/ZFYVE28",4
"GOBP_MONONUCLEAR_CELL_MIGRATION","GOBP_MONONUCLEAR_CELL_MIGRATION","4/219","96/11404",0.113122174003854,0.303850080020546,0.23196145128104,"WNT5A/TRPM4/TNFRSF11A/IL6",4
"GOBP_REGULATION_OF_REACTIVE_OXYGEN_SPECIES_METABOLIC_PROCESS","GOBP_REGULATION_OF_REACTIVE_OXYGEN_SPECIES_METABOLIC_PROCESS","4/219","96/11404",0.113122174003854,0.303850080020546,0.23196145128104,"TFAP2A/TGFB1/PPARA/MAPT",4
"GOBP_RESPONSE_TO_TEMPERATURE_STIMULUS","GOBP_RESPONSE_TO_TEMPERATURE_STIMULUS","5/219","134/11404",0.115700259279365,0.310458435031697,0.23700631952285,"GRIK2/PTGS2/MAPT/MMP24/FOS",5
"GOBP_PROTEIN_COMPLEX_OLIGOMERIZATION","GOBP_PROTEIN_COMPLEX_OLIGOMERIZATION","6/219","173/11404",0.116250525742202,0.310784796394701,0.237255466257974,"HLA-DRB1/CD74/KCND1/TRPM4/ALOX5AP/HCN1",6
"GOBP_ENDODERM_DEVELOPMENT","GOBP_ENDODERM_DEVELOPMENT","3/219","62/11404",0.116293665747694,0.310784796394701,0.237255466257974,"MMP2/COL5A1/GATA4",3
"GOBP_HIPPOCAMPUS_DEVELOPMENT","GOBP_HIPPOCAMPUS_DEVELOPMENT","3/219","62/11404",0.116293665747694,0.310784796394701,0.237255466257974,"KIRREL3/CDK5R2/SEMA6B",3
"GOBP_VENTRICULAR_SEPTUM_DEVELOPMENT","GOBP_VENTRICULAR_SEPTUM_DEVELOPMENT","3/219","62/11404",0.116293665747694,0.310784796394701,0.237255466257974,"WNT5A/HES1/GATA4",3
"GOBP_ENDOTHELIAL_CELL_MIGRATION","GOBP_ENDOTHELIAL_CELL_MIGRATION","6/219","174/11404",0.118594599601696,0.312885407318046,0.238859088538814,"WNT5A/TGFB1/SCG2/TBXA2R/PTGS2/SERPINF1",6
"GOBP_ANOIKIS","GOBP_ANOIKIS","2/219","31/11404",0.118860832153838,0.312885407318046,0.238859088538814,"BMF/DAPK2",2
"GOBP_ANTIMICROBIAL_HUMORAL_RESPONSE","GOBP_ANTIMICROBIAL_HUMORAL_RESPONSE","2/219","31/11404",0.118860832153838,0.312885407318046,0.238859088538814,"HLA-E/DMBT1",2
"GOBP_HINDBRAIN_MORPHOGENESIS","GOBP_HINDBRAIN_MORPHOGENESIS","2/219","31/11404",0.118860832153838,0.312885407318046,0.238859088538814,"HES1/RORA",2
"GOBP_INTERLEUKIN_12_PRODUCTION","GOBP_INTERLEUKIN_12_PRODUCTION","2/219","31/11404",0.118860832153838,0.312885407318046,0.238859088538814,"HLA-B/MAPK11",2
"GOBP_NEGATIVE_REGULATION_OF_SIGNALING_RECEPTOR_ACTIVITY","GOBP_NEGATIVE_REGULATION_OF_SIGNALING_RECEPTOR_ACTIVITY","2/219","31/11404",0.118860832153838,0.312885407318046,0.238859088538814,"PPARA/ZFYVE28",2
"GOBP_POSITIVE_REGULATION_OF_CYCLIN_DEPENDENT_PROTEIN_KINASE_ACTIVITY","GOBP_POSITIVE_REGULATION_OF_CYCLIN_DEPENDENT_PROTEIN_KINASE_ACTIVITY","2/219","31/11404",0.118860832153838,0.312885407318046,0.238859088538814,"MAPRE3/CDK5R2",2
"GOBP_POSITIVE_REGULATION_OF_NOTCH_SIGNALING_PATHWAY","GOBP_POSITIVE_REGULATION_OF_NOTCH_SIGNALING_PATHWAY","2/219","31/11404",0.118860832153838,0.312885407318046,0.238859088538814,"HES1/MFNG",2
"GOBP_POSITIVE_REGULATION_OF_SIGNALING_RECEPTOR_ACTIVITY","GOBP_POSITIVE_REGULATION_OF_SIGNALING_RECEPTOR_ACTIVITY","2/219","31/11404",0.118860832153838,0.312885407318046,0.238859088538814,"TGFA/SHANK3",2
"GOBP_REGULATION_OF_CD4_POSITIVE_ALPHA_BETA_T_CELL_DIFFERENTIATION","GOBP_REGULATION_OF_CD4_POSITIVE_ALPHA_BETA_T_CELL_DIFFERENTIATION","2/219","31/11404",0.118860832153838,0.312885407318046,0.238859088538814,"HLA-DRA/HLA-DRB1",2
"GOBP_REGULATION_OF_FIBROBLAST_MIGRATION","GOBP_REGULATION_OF_FIBROBLAST_MIGRATION","2/219","31/11404",0.118860832153838,0.312885407318046,0.238859088538814,"TGFB1/ACTA2",2
"GOBP_REGULATION_OF_T_CELL_RECEPTOR_SIGNALING_PATHWAY","GOBP_REGULATION_OF_T_CELL_RECEPTOR_SIGNALING_PATHWAY","2/219","31/11404",0.118860832153838,0.312885407318046,0.238859088538814,"PTPRJ/ADA",2
"GOBP_SCHWANN_CELL_DIFFERENTIATION","GOBP_SCHWANN_CELL_DIFFERENTIATION","2/219","31/11404",0.118860832153838,0.312885407318046,0.238859088538814,"ERBB3/EGR2",2
"GOBP_SEMI_LUNAR_VALVE_DEVELOPMENT","GOBP_SEMI_LUNAR_VALVE_DEVELOPMENT","2/219","31/11404",0.118860832153838,0.312885407318046,0.238859088538814,"TGFB1/GATA4",2
"GOBP_VISUAL_BEHAVIOR","GOBP_VISUAL_BEHAVIOR","2/219","31/11404",0.118860832153838,0.312885407318046,0.238859088538814,"DRD2/GRIN2A",2
"GOBP_KIDNEY_MORPHOGENESIS","GOBP_KIDNEY_MORPHOGENESIS","3/219","63/11404",0.120474571819803,0.316816863019143,0.241860391582775,"HES1/EYA1/WNT7B",3
"GOBP_REGULATION_OF_ENDOTHELIAL_CELL_MIGRATION","GOBP_REGULATION_OF_ENDOTHELIAL_CELL_MIGRATION","5/219","136/11404",0.121110085944732,0.318170564770059,0.242893817747162,"WNT5A/TGFB1/TBXA2R/PTGS2/SERPINF1",5
"GOBP_ENDOTHELIUM_DEVELOPMENT","GOBP_ENDOTHELIUM_DEVELOPMENT","4/219","99/11404",0.122827995109441,0.322036726703871,0.245845275034893,"COL18A1/S1PR2/COL22A1/COL15A1",4
"GOBP_PLASMA_MEMBRANE_ORGANIZATION","GOBP_PLASMA_MEMBRANE_ORGANIZATION","4/219","99/11404",0.122827995109441,0.322036726703871,0.245845275034893,"COL5A1/FER1L4/XKR4/ROPN1B",4
"GOBP_CELLULAR_ION_HOMEOSTASIS","GOBP_CELLULAR_ION_HOMEOSTASIS","11/219","385/11404",0.122948367007246,0.322036726703871,0.245845275034893,"WNT5A/ATP6V0A4/DRD2/SLC9A7/TRPM4/TBXA2R/GRIK2/FPR1/GRIN2A/GIPR/CD38",11
"GOBP_LEUKOCYTE_HOMEOSTASIS","GOBP_LEUKOCYTE_HOMEOSTASIS","3/219","64/11404",0.124710316699167,0.325800981682463,0.248718935781558,"CD74/ADA/IL6",3
"GOBP_PROTEIN_TETRAMERIZATION","GOBP_PROTEIN_TETRAMERIZATION","3/219","64/11404",0.124710316699167,0.325800981682463,0.248718935781558,"HLA-DRB1/TRPM4/HCN1",3
"GOBP_KETONE_BIOSYNTHETIC_PROCESS","GOBP_KETONE_BIOSYNTHETIC_PROCESS","2/219","32/11404",0.125251003584188,0.325800981682463,0.248718935781558,"EGR1/COQ2",2
"GOBP_REGULATION_OF_CELL_MIGRATION_INVOLVED_IN_SPROUTING_ANGIOGENESIS","GOBP_REGULATION_OF_CELL_MIGRATION_INVOLVED_IN_SPROUTING_ANGIOGENESIS","2/219","32/11404",0.125251003584188,0.325800981682463,0.248718935781558,"TBXA2R/PTGS2",2
"GOBP_RESPONSE_TO_ARSENIC_CONTAINING_SUBSTANCE","GOBP_RESPONSE_TO_ARSENIC_CONTAINING_SUBSTANCE","2/219","32/11404",0.125251003584188,0.325800981682463,0.248718935781558,"CYP1A1/SERPINF1",2
"GOBP_SYNAPTIC_TRANSMISSION_GABAERGIC","GOBP_SYNAPTIC_TRANSMISSION_GABAERGIC","2/219","32/11404",0.125251003584188,0.325800981682463,0.248718935781558,"DRD2/CLSTN3",2
"GOBP_T_CELL_APOPTOTIC_PROCESS","GOBP_T_CELL_APOPTOTIC_PROCESS","2/219","32/11404",0.125251003584188,0.325800981682463,0.248718935781558,"WNT5A/ADA",2
"GOBP_ORGANOPHOSPHATE_ESTER_TRANSPORT","GOBP_ORGANOPHOSPHATE_ESTER_TRANSPORT","4/219","100/11404",0.126140271063153,0.327790546599021,0.250237784700181,"SLC37A1/ATP8B3/PITPNM3/XKR4",4
"GOBP_CELLULAR_KETONE_METABOLIC_PROCESS","GOBP_CELLULAR_KETONE_METABOLIC_PROCESS","5/219","138/11404",0.126636695072248,0.328756346320566,0.250975083518866,"CD74/EGR1/PPARA/COQ2/PTGS2",5
"GOBP_FIBROBLAST_PROLIFERATION","GOBP_FIBROBLAST_PROLIFERATION","3/219","65/11404",0.128999415047058,0.333248488871566,0.254404419148532,"CD74/WNT5A/WNT7B",3
"GOBP_REGULATION_OF_POSTSYNAPSE_ORGANIZATION","GOBP_REGULATION_OF_POSTSYNAPSE_ORGANIZATION","3/219","65/11404",0.128999415047058,0.333248488871566,0.254404419148532,"WNT5A/SHANK3/ARHGAP44",3
"GOBP_REGULATION_OF_PROTEIN_TYROSINE_KINASE_ACTIVITY","GOBP_REGULATION_OF_PROTEIN_TYROSINE_KINASE_ACTIVITY","3/219","65/11404",0.128999415047058,0.333248488871566,0.254404419148532,"TGFA/ERBB3/ZFYVE28",3
"GOBP_RENAL_TUBULE_DEVELOPMENT","GOBP_RENAL_TUBULE_DEVELOPMENT","3/219","65/11404",0.128999415047058,0.333248488871566,0.254404419148532,"HES1/EYA1/WNT7B",3
"GOBP_SEGMENTATION","GOBP_SEGMENTATION","3/219","65/11404",0.128999415047058,0.333248488871566,0.254404419148532,"WNT5A/SEMA3A/EGR2",3
"GOBP_FEMALE_GAMETE_GENERATION","GOBP_FEMALE_GAMETE_GENERATION","4/219","101/11404",0.1294900412431,0.333861309858678,0.254872251329246,"MMP2/PLAT/PTGS2/SPIRE2",4
"GOBP_FERTILIZATION","GOBP_FERTILIZATION","4/219","101/11404",0.1294900412431,0.333861309858678,0.254872251329246,"PLAT/ATP8B3/PLCD4/ROPN1B",4
"GOBP_CARDIAC_MUSCLE_CELL_ACTION_POTENTIAL_INVOLVED_IN_CONTRACTION","GOBP_CARDIAC_MUSCLE_CELL_ACTION_POTENTIAL_INVOLVED_IN_CONTRACTION","2/219","33/11404",0.1317214391582,0.338290440723057,0.258253483360336,"FGF12/TRPM4",2
"GOBP_NEGATIVE_REGULATION_OF_CARBOHYDRATE_METABOLIC_PROCESS","GOBP_NEGATIVE_REGULATION_OF_CARBOHYDRATE_METABOLIC_PROCESS","2/219","33/11404",0.1317214391582,0.338290440723057,0.258253483360336,"TGFB1/PPARA",2
"GOBP_OVULATION_CYCLE_PROCESS","GOBP_OVULATION_CYCLE_PROCESS","2/219","33/11404",0.1317214391582,0.338290440723057,0.258253483360336,"MMP2/PTPRN",2
"GOBP_POSITIVE_REGULATION_OF_JUN_KINASE_ACTIVITY","GOBP_POSITIVE_REGULATION_OF_JUN_KINASE_ACTIVITY","2/219","33/11404",0.1317214391582,0.338290440723057,0.258253483360336,"WNT5A/TNFRSF11A",2
"GOBP_HEMOSTASIS","GOBP_HEMOSTASIS","5/219","140/11404",0.132277613127912,0.339388033682619,0.259091394134619,"PLAT/SERPINB2/TBXA2R/IL6/ABAT",5
"GOBP_REGULATION_OF_LIPID_LOCALIZATION","GOBP_REGULATION_OF_LIPID_LOCALIZATION","4/219","102/11404",0.132876687218687,0.340457261407011,0.259907650673644,"PTGES/PPARA/TNFRSF11A/IL6",4
"GOBP_CHLORIDE_TRANSPORT","GOBP_CHLORIDE_TRANSPORT","3/219","66/11404",0.133340377143088,0.340457261407011,0.259907650673644,"SLC26A2/TTYH2/SLC12A8",3
"GOBP_NEGATIVE_REGULATION_OF_VASCULATURE_DEVELOPMENT","GOBP_NEGATIVE_REGULATION_OF_VASCULATURE_DEVELOPMENT","3/219","66/11404",0.133340377143088,0.340457261407011,0.259907650673644,"HOXA5/ADGRB2/SERPINF1",3
"GOBP_OSTEOCLAST_DIFFERENTIATION","GOBP_OSTEOCLAST_DIFFERENTIATION","3/219","66/11404",0.133340377143088,0.340457261407011,0.259907650673644,"TNFRSF11A/FOS/CCN4",3
"GOBP_PIGMENT_METABOLIC_PROCESS","GOBP_PIGMENT_METABOLIC_PROCESS","3/219","66/11404",0.133340377143088,0.340457261407011,0.259907650673644,"MFSD12/WNT5A/ADA",3
"GOBP_REACTIVE_OXYGEN_SPECIES_METABOLIC_PROCESS","GOBP_REACTIVE_OXYGEN_SPECIES_METABOLIC_PROCESS","5/219","141/11404",0.135140135016182,0.344718543821528,0.263160745927471,"TFAP2A/TGFB1/PPARA/MAPT/CYP1A1",5
"GOBP_NEGATIVE_REGULATION_OF_APOPTOTIC_SIGNALING_PATHWAY","GOBP_NEGATIVE_REGULATION_OF_APOPTOTIC_SIGNALING_PATHWAY","6/219","181/11404",0.135653301862692,0.345358889283279,0.263649590500488,"CD74/SCG2/EYA1/GATA4/PTGS2/MEIS3",6
"GOBP_REGULATION_OF_TRANSPORTER_ACTIVITY","GOBP_REGULATION_OF_TRANSPORTER_ACTIVITY","6/219","181/11404",0.135653301862692,0.345358889283279,0.263649590500488,"DRD2/CACNG7/FGF12/CNIH2/SHANK3/HECW1",6
"GOBP_TUMOR_NECROSIS_FACTOR_SUPERFAMILY_CYTOKINE_PRODUCTION","GOBP_TUMOR_NECROSIS_FACTOR_SUPERFAMILY_CYTOKINE_PRODUCTION","4/219","103/11404",0.136299581781904,0.346669303084283,0.264649970316215,"HLA-E/WNT5A/PTPRJ/IL6",4
"GOBP_CILIUM_OR_FLAGELLUM_DEPENDENT_CELL_MOTILITY","GOBP_CILIUM_OR_FLAGELLUM_DEPENDENT_CELL_MOTILITY","3/219","67/11404",0.137731710365044,0.347977892846402,0.265648957646849,"ROPN1/CCDC40/ROPN1B",3
"GOBP_PHOSPHOLIPID_TRANSPORT","GOBP_PHOSPHOLIPID_TRANSPORT","3/219","67/11404",0.137731710365044,0.347977892846402,0.265648957646849,"ATP8B3/PITPNM3/XKR4",3
"GOBP_POSITIVE_REGULATION_OF_AXONOGENESIS","GOBP_POSITIVE_REGULATION_OF_AXONOGENESIS","3/219","67/11404",0.137731710365044,0.347977892846402,0.265648957646849,"CHODL/PLXNB3/MAPT",3
"GOBP_EXTRACELLULAR_MATRIX_ASSEMBLY","GOBP_EXTRACELLULAR_MATRIX_ASSEMBLY","2/219","34/11404",0.138266737688874,0.347977892846402,0.265648957646849,"TGFB1/LTBP3",2
"GOBP_POSITIVE_REGULATION_OF_BIOMINERALIZATION","GOBP_POSITIVE_REGULATION_OF_BIOMINERALIZATION","2/219","34/11404",0.138266737688874,0.347977892846402,0.265648957646849,"TFAP2A/TGFB1",2
"GOBP_POSITIVE_REGULATION_OF_PROTEIN_TYROSINE_KINASE_ACTIVITY","GOBP_POSITIVE_REGULATION_OF_PROTEIN_TYROSINE_KINASE_ACTIVITY","2/219","34/11404",0.138266737688874,0.347977892846402,0.265648957646849,"TGFA/ERBB3",2
"GOBP_REGULATION_OF_LIPID_STORAGE","GOBP_REGULATION_OF_LIPID_STORAGE","2/219","34/11404",0.138266737688874,0.347977892846402,0.265648957646849,"PPARA/IL6",2
"GOBP_RESPONSE_TO_AMYLOID_BETA","GOBP_RESPONSE_TO_AMYLOID_BETA","2/219","34/11404",0.138266737688874,0.347977892846402,0.265648957646849,"MMP2/GRIN2A",2
"GOBP_RETINA_MORPHOGENESIS_IN_CAMERA_TYPE_EYE","GOBP_RETINA_MORPHOGENESIS_IN_CAMERA_TYPE_EYE","2/219","34/11404",0.138266737688874,0.347977892846402,0.265648957646849,"TFAP2A/HCN1",2
"GOBP_SUPEROXIDE_METABOLIC_PROCESS","GOBP_SUPEROXIDE_METABOLIC_PROCESS","2/219","34/11404",0.138266737688874,0.347977892846402,0.265648957646849,"TGFB1/MAPT",2
"GOBP_TRABECULA_MORPHOGENESIS","GOBP_TRABECULA_MORPHOGENESIS","2/219","34/11404",0.138266737688874,0.347977892846402,0.265648957646849,"MMP2/COL1A1",2
"GOBP_REGULATION_OF_WNT_SIGNALING_PATHWAY","GOBP_REGULATION_OF_WNT_SIGNALING_PATHWAY","8/219","266/11404",0.140443642433674,0.353119272722072,0.269573925964997,"DACT1/EGR1/WNT5A/COL1A1/TGFB1/TRPM4/CCN4/HECW1",8
"GOBP_ENDOCYTIC_RECYCLING","GOBP_ENDOCYTIC_RECYCLING","3/219","68/11404",0.142171920599758,0.355767341671759,0.271595481847491,"INPP5F/MICALL2/ARHGAP44",3
"GOBP_ISOPRENOID_METABOLIC_PROCESS","GOBP_ISOPRENOID_METABOLIC_PROCESS","3/219","68/11404",0.142171920599758,0.355767341671759,0.271595481847491,"DHRS3/COQ2/CYP1A1",3
"GOBP_MUSCLE_CELL_MIGRATION","GOBP_MUSCLE_CELL_MIGRATION","3/219","68/11404",0.142171920599758,0.355767341671759,0.271595481847491,"PLAT/S1PR2/CCN4",3
"GOBP_POSITIVE_REGULATION_OF_ENDOTHELIAL_CELL_PROLIFERATION","GOBP_POSITIVE_REGULATION_OF_ENDOTHELIAL_CELL_PROLIFERATION","3/219","68/11404",0.142171920599758,0.355767341671759,0.271595481847491,"WNT5A/SCG2/PLXNB3",3
"GOBP_POSITIVE_REGULATION_OF_PROTEIN_KINASE_B_SIGNALING","GOBP_POSITIVE_REGULATION_OF_PROTEIN_KINASE_B_SIGNALING","3/219","68/11404",0.142171920599758,0.355767341671759,0.271595481847491,"TGFB1/PTPRJ/MEIS3",3
"GOBP_REGULATION_OF_EPITHELIAL_CELL_MIGRATION","GOBP_REGULATION_OF_EPITHELIAL_CELL_MIGRATION","6/219","184/11404",0.143302137371697,0.358255343429243,0.273494841223722,"WNT5A/TGFB1/SEMA3A/TBXA2R/PTGS2/SERPINF1",6
"GOBP_BLASTOCYST_FORMATION","GOBP_BLASTOCYST_FORMATION","2/219","35/11404",0.144881674106956,0.360834793262599,0.275464012753351,"ADA/MFNG",2
"GOBP_POSITIVE_REGULATION_OF_PROTEIN_IMPORT","GOBP_POSITIVE_REGULATION_OF_PROTEIN_IMPORT","2/219","35/11404",0.144881674106956,0.360834793262599,0.275464012753351,"TGFB1/PTGS2",2
"GOBP_THYMUS_DEVELOPMENT","GOBP_THYMUS_DEVELOPMENT","2/219","35/11404",0.144881674106956,0.360834793262599,0.275464012753351,"HES1/HOXA3",2
"GOBP_VENTRICULAR_SEPTUM_MORPHOGENESIS","GOBP_VENTRICULAR_SEPTUM_MORPHOGENESIS","2/219","35/11404",0.144881674106956,0.360834793262599,0.275464012753351,"WNT5A/HES1",2
"GOBP_CELLULAR_RESPONSE_TO_KETONE","GOBP_CELLULAR_RESPONSE_TO_KETONE","3/219","69/11404",0.146659513587346,0.364229800473758,0.278055786959094,"PLAT/KLF9/SERPINF1",3
"GOBP_GRANULOCYTE_MIGRATION","GOBP_GRANULOCYTE_MIGRATION","3/219","69/11404",0.146659513587346,0.364229800473758,0.278055786959094,"CD74/SCG2/DAPK2",3
"GOBP_REGULATION_OF_BMP_SIGNALING_PATHWAY","GOBP_REGULATION_OF_BMP_SIGNALING_PATHWAY","3/219","69/11404",0.146659513587346,0.364229800473758,0.278055786959094,"WNT5A/HES1/GATA4",3
"GOBP_POSITIVE_REGULATION_OF_CELL_JUNCTION_ASSEMBLY","GOBP_POSITIVE_REGULATION_OF_CELL_JUNCTION_ASSEMBLY","3/219","70/11404",0.151192996201097,0.372459410461544,0.284338333523224,"SLITRK6/CLSTN3/PTPRJ",3
"GOBP_REGULATION_OF_NOTCH_SIGNALING_PATHWAY","GOBP_REGULATION_OF_NOTCH_SIGNALING_PATHWAY","3/219","70/11404",0.151192996201097,0.372459410461544,0.284338333523224,"HES1/MFNG/ARRB1",3
"GOBP_ROOF_OF_MOUTH_DEVELOPMENT","GOBP_ROOF_OF_MOUTH_DEVELOPMENT","3/219","70/11404",0.151192996201097,0.372459410461544,0.284338333523224,"DHRS3/WNT5A/TFAP2A",3
"GOBP_ENDODERMAL_CELL_DIFFERENTIATION","GOBP_ENDODERMAL_CELL_DIFFERENTIATION","2/219","36/11404",0.151561194740221,0.372459410461544,0.284338333523224,"MMP2/COL5A1",2
"GOBP_INFLAMMATORY_RESPONSE_TO_ANTIGENIC_STIMULUS","GOBP_INFLAMMATORY_RESPONSE_TO_ANTIGENIC_STIMULUS","2/219","36/11404",0.151561194740221,0.372459410461544,0.284338333523224,"HLA-DRB1/HLA-E",2
"GOBP_LIPID_TRANSLOCATION","GOBP_LIPID_TRANSLOCATION","2/219","36/11404",0.151561194740221,0.372459410461544,0.284338333523224,"ATP8B3/XKR4",2
"GOBP_PHOSPHOLIPASE_C_ACTIVATING_G_PROTEIN_COUPLED_RECEPTOR_SIGNALING_PATHWAY","GOBP_PHOSPHOLIPASE_C_ACTIVATING_G_PROTEIN_COUPLED_RECEPTOR_SIGNALING_PATHWAY","2/219","36/11404",0.151561194740221,0.372459410461544,0.284338333523224,"DRD2/FPR1",2
"GOBP_POSITIVE_REGULATION_OF_WOUND_HEALING","GOBP_POSITIVE_REGULATION_OF_WOUND_HEALING","2/219","36/11404",0.151561194740221,0.372459410461544,0.284338333523224,"TBXA2R/CCN4",2
"GOBP_REACTIVE_OXYGEN_SPECIES_BIOSYNTHETIC_PROCESS","GOBP_REACTIVE_OXYGEN_SPECIES_BIOSYNTHETIC_PROCESS","2/219","36/11404",0.151561194740221,0.372459410461544,0.284338333523224,"PPARA/CYP1A1",2
"GOBP_REGULATION_OF_ACTION_POTENTIAL","GOBP_REGULATION_OF_ACTION_POTENTIAL","2/219","36/11404",0.151561194740221,0.372459410461544,0.284338333523224,"FGF12/TRPM4",2
"GOBP_REGULATION_OF_SYNAPTIC_VESICLE_EXOCYTOSIS","GOBP_REGULATION_OF_SYNAPTIC_VESICLE_EXOCYTOSIS","2/219","36/11404",0.151561194740221,0.372459410461544,0.284338333523224,"DRD2/SYP",2
"GOBP_ORGANIC_HYDROXY_COMPOUND_METABOLIC_PROCESS","GOBP_ORGANIC_HYDROXY_COMPOUND_METABOLIC_PROCESS","10/219","358/11404",0.151669429762898,0.372459410461544,0.284338333523224,"MFSD12/DHRS3/WNT5A/DRD2/COQ2/TM7SF2/GRIN2A/IDH2/CYP1A1/ABAT",10
"GOBP_RESPONSE_TO_LIGHT_STIMULUS","GOBP_RESPONSE_TO_LIGHT_STIMULUS","7/219","229/11404",0.152090753615755,0.37314630891761,0.284862717004516,"MMP2/DRD2/BMF/PTGS2/FOS/GRIN2A/FBXL8",7
"GOBP_MORPHOGENESIS_OF_A_BRANCHING_STRUCTURE","GOBP_MORPHOGENESIS_OF_A_BRANCHING_STRUCTURE","5/219","147/11404",0.15288281885803,0.374392404917202,0.285813996123749,"WNT5A/DRD2/HOXA5/EYA1/SEMA3A",5
"GOBP_TRANSFORMING_GROWTH_FACTOR_BETA_RECEPTOR_SIGNALING_PATHWAY","GOBP_TRANSFORMING_GROWTH_FACTOR_BETA_RECEPTOR_SIGNALING_PATHWAY","5/219","147/11404",0.15288281885803,0.374392404917202,0.285813996123749,"TGFB1/PPARA/LTBP4/LTBP3/FOS",5
"GOBP_CYTOKINE_MEDIATED_SIGNALING_PATHWAY","GOBP_CYTOKINE_MEDIATED_SIGNALING_PATHWAY","8/219","272/11404",0.153288316894915,0.375036875597124,0.286305989919546,"CD74/EGR1/WNT5A/PTPRJ/TNFRSF11A/CD70/IL6/IL22RA1",8
"GOBP_POSITIVE_REGULATION_OF_RESPONSE_TO_BIOTIC_STIMULUS","GOBP_POSITIVE_REGULATION_OF_RESPONSE_TO_BIOTIC_STIMULUS","4/219","108/11404",0.153935282042211,0.376270378646777,0.287247655485465,"HLA-DRB1/HLA-E/WNT5A/HLA-F",4
"GOBP_I_KAPPAB_KINASE_NF_KAPPAB_SIGNALING","GOBP_I_KAPPAB_KINASE_NF_KAPPAB_SIGNALING","7/219","230/11404",0.154483323627344,0.37726001645788,0.288003152482177,"HLA-DRB1/CD74/WNT5A/RORA/SLC44A2/CXXC5/MID2",7
"GOBP_AXO_DENDRITIC_TRANSPORT","GOBP_AXO_DENDRITIC_TRANSPORT","3/219","71/11404",0.155770877665222,0.379349595792846,0.289598353164937,"CNIH2/MAPT/AP3B2",3
"GOBP_MEMBRANE_DOCKING","GOBP_MEMBRANE_DOCKING","3/219","71/11404",0.155770877665222,0.379349595792846,0.289598353164937,"PPFIA3/SNAP25/RAB3D",3
"GOBP_POSITIVE_REGULATION_OF_JNK_CASCADE","GOBP_POSITIVE_REGULATION_OF_JNK_CASCADE","3/219","71/11404",0.155770877665222,0.379349595792846,0.289598353164937,"WNT5A/SEMA3A/WNT7B",3
"GOBP_NEGATIVE_REGULATION_OF_CANONICAL_WNT_SIGNALING_PATHWAY","GOBP_NEGATIVE_REGULATION_OF_CANONICAL_WNT_SIGNALING_PATHWAY","4/219","109/11404",0.157562070186065,0.383357391449937,0.29265793470921,"DACT1/EGR1/WNT5A/HECW1",4
"GOBP_COLUMNAR_CUBOIDAL_EPITHELIAL_CELL_DEVELOPMENT","GOBP_COLUMNAR_CUBOIDAL_EPITHELIAL_CELL_DEVELOPMENT","2/219","37/11404",0.158300412707787,0.383383812026673,0.292678104377498,"WNT5A/HOXA5",2
"GOBP_PH_REDUCTION","GOBP_PH_REDUCTION","2/219","37/11404",0.158300412707787,0.383383812026673,0.292678104377498,"ATP6V0A4/SLC9A7",2
"GOBP_REGULATION_OF_B_CELL_MEDIATED_IMMUNITY","GOBP_REGULATION_OF_B_CELL_MEDIATED_IMMUNITY","2/219","37/11404",0.158300412707787,0.383383812026673,0.292678104377498,"HLA-E/TGFB1",2
"GOBP_REGULATION_OF_INSULIN_SECRETION_INVOLVED_IN_CELLULAR_RESPONSE_TO_GLUCOSE_STIMULUS","GOBP_REGULATION_OF_INSULIN_SECRETION_INVOLVED_IN_CELLULAR_RESPONSE_TO_GLUCOSE_STIMULUS","2/219","37/11404",0.158300412707787,0.383383812026673,0.292678104377498,"HLA-DRB1/TRPM4",2
"GOBP_RESPONSE_TO_NERVE_GROWTH_FACTOR","GOBP_RESPONSE_TO_NERVE_GROWTH_FACTOR","2/219","37/11404",0.158300412707787,0.383383812026673,0.292678104377498,"HES1/MAPT",2
"GOBP_REGULATION_OF_INNATE_IMMUNE_RESPONSE","GOBP_REGULATION_OF_INNATE_IMMUNE_RESPONSE","5/219","149/11404",0.159004752791115,0.384736018002377,0.293710388655764,"HLA-E/WNT5A/HLA-B/DRD2/HLA-F",5
"GOBP_REGULATION_OF_CELLULAR_COMPONENT_SIZE","GOBP_REGULATION_OF_CELLULAR_COMPONENT_SIZE","8/219","275/11404",0.159916858290904,0.386588001464709,0.295124206850718,"WNT5A/SEMA3A/SEMA3B/MAPT/SLC12A8/SHANK3/SEMA6B/WNT7B",8
"GOBP_NEGATIVE_REGULATION_OF_LEUKOCYTE_CELL_CELL_ADHESION","GOBP_NEGATIVE_REGULATION_OF_LEUKOCYTE_CELL_CELL_ADHESION","3/219","72/11404",0.160391670712592,0.387380432930962,0.295729155030887,"HLA-DRB1/CD74/PPARA",3
"GOBP_CELLULAR_RESPONSE_TO_REACTIVE_OXYGEN_SPECIES","GOBP_CELLULAR_RESPONSE_TO_REACTIVE_OXYGEN_SPECIES","4/219","110/11404",0.161220513625803,0.387605888142329,0.295901269245976,"MMP2/MAPT/FOS/IL6",4
"GOBP_EYE_MORPHOGENESIS","GOBP_EYE_MORPHOGENESIS","4/219","110/11404",0.161220513625803,0.387605888142329,0.295901269245976,"WNT5A/TFAP2A/COL5A1/HCN1",4
"GOBP_MORPHOGENESIS_OF_EMBRYONIC_EPITHELIUM","GOBP_MORPHOGENESIS_OF_EMBRYONIC_EPITHELIUM","4/219","110/11404",0.161220513625803,0.387605888142329,0.295901269245976,"WNT5A/TFAP2A/TGFB1/WNT7B",4
"GOBP_MULTICELLULAR_ORGANISM_GROWTH","GOBP_MULTICELLULAR_ORGANISM_GROWTH","4/219","110/11404",0.161220513625803,0.387605888142329,0.295901269245976,"DRD2/SLITRK6/HOXA5/ADARB1",4
"GOBP_POSITIVE_REGULATION_OF_VASCULATURE_DEVELOPMENT","GOBP_POSITIVE_REGULATION_OF_VASCULATURE_DEVELOPMENT","4/219","110/11404",0.161220513625803,0.387605888142329,0.295901269245976,"WNT5A/TBXA2R/GATA4/ANGPTL4",4
"GOBP_STRESS_ACTIVATED_PROTEIN_KINASE_SIGNALING_CASCADE","GOBP_STRESS_ACTIVATED_PROTEIN_KINASE_SIGNALING_CASCADE","6/219","192/11404",0.164635127553407,0.392621191362534,0.299729989690923,"DACT1/WNT5A/MAPK11/SEMA3A/GRIK2/WNT7B",6
"GOBP_ENTRY_INTO_HOST","GOBP_ENTRY_INTO_HOST","4/219","111/11404",0.164909933064108,0.392621191362534,0.299729989690923,"HLA-DRB1/CD74/CIITA/MID2",4
"GOBP_PLACENTA_DEVELOPMENT","GOBP_PLACENTA_DEVELOPMENT","4/219","111/11404",0.164909933064108,0.392621191362534,0.299729989690923,"HES1/ADA/PTGS2/WNT7B",4
"GOBP_BODY_MORPHOGENESIS","GOBP_BODY_MORPHOGENESIS","2/219","38/11404",0.165094603426826,0.392621191362534,0.299729989690923,"MMP2/COL1A1",2
"GOBP_CARDIAC_MUSCLE_TISSUE_MORPHOGENESIS","GOBP_CARDIAC_MUSCLE_TISSUE_MORPHOGENESIS","2/219","38/11404",0.165094603426826,0.392621191362534,0.299729989690923,"WNT5A/TGFB1",2
"GOBP_CEREBRAL_CORTEX_CELL_MIGRATION","GOBP_CEREBRAL_CORTEX_CELL_MIGRATION","2/219","38/11404",0.165094603426826,0.392621191362534,0.299729989690923,"MDGA1/CDK5R2",2
"GOBP_NEGATIVE_REGULATION_OF_HORMONE_SECRETION","GOBP_NEGATIVE_REGULATION_OF_HORMONE_SECRETION","2/219","38/11404",0.165094603426826,0.392621191362534,0.299729989690923,"DRD2/IL11",2
"GOBP_POSITIVE_REGULATION_OF_FIBROBLAST_PROLIFERATION","GOBP_POSITIVE_REGULATION_OF_FIBROBLAST_PROLIFERATION","2/219","38/11404",0.165094603426826,0.392621191362534,0.299729989690923,"CD74/WNT5A",2
"GOBP_REGULATION_OF_CD4_POSITIVE_ALPHA_BETA_T_CELL_ACTIVATION","GOBP_REGULATION_OF_CD4_POSITIVE_ALPHA_BETA_T_CELL_ACTIVATION","2/219","38/11404",0.165094603426826,0.392621191362534,0.299729989690923,"HLA-DRA/HLA-DRB1",2
"GOBP_REGULATION_OF_DENDRITIC_SPINE_MORPHOGENESIS","GOBP_REGULATION_OF_DENDRITIC_SPINE_MORPHOGENESIS","2/219","38/11404",0.165094603426826,0.392621191362534,0.299729989690923,"SHANK3/ARHGAP44",2
"GOBP_SYNAPTIC_VESICLE_TRANSPORT","GOBP_SYNAPTIC_VESICLE_TRANSPORT","2/219","38/11404",0.165094603426826,0.392621191362534,0.299729989690923,"CNIH2/AP3B2",2
"GOBP_WATER_HOMEOSTASIS","GOBP_WATER_HOMEOSTASIS","2/219","38/11404",0.165094603426826,0.392621191362534,0.299729989690923,"FLG/ALOXE3",2
"GOBP_STRIATED_MUSCLE_CELL_DIFFERENTIATION","GOBP_STRIATED_MUSCLE_CELL_DIFFERENTIATION","6/219","193/11404",0.167393374392823,0.397729072610539,0.303629384903122,"TGFB1/PPARA/RCAN1/SORBS2/NFATC2/GATA4",6
"GOBP_CALCIUM_ION_TRANSPORT","GOBP_CALCIUM_ION_TRANSPORT","7/219","236/11404",0.16920014609962,0.398477418017914,0.304200677452205,"DRD2/HES1/CACNG7/TRPM4/ORAI3/PTGS2/GRIN2A",7
"GOBP_CELLULAR_RESPONSE_TO_TOXIC_SUBSTANCE","GOBP_CELLULAR_RESPONSE_TO_TOXIC_SUBSTANCE","3/219","74/11404",0.169756066574903,0.398477418017914,0.304200677452205,"PTGES/PTGS2/ALOX5AP",3
"GOBP_LONG_CHAIN_FATTY_ACID_METABOLIC_PROCESS","GOBP_LONG_CHAIN_FATTY_ACID_METABOLIC_PROCESS","3/219","74/11404",0.169756066574903,0.398477418017914,0.304200677452205,"PTGS2/CYP1A1/ALOXE3",3
"GOBP_MOLTING_CYCLE","GOBP_MOLTING_CYCLE","3/219","74/11404",0.169756066574903,0.398477418017914,0.304200677452205,"WNT5A/KRT14/PTGS2",3
"GOBP_POSITIVE_REGULATION_OF_ENDOCYTOSIS","GOBP_POSITIVE_REGULATION_OF_ENDOCYTOSIS","3/219","74/11404",0.169756066574903,0.398477418017914,0.304200677452205,"WNT5A/DRD2/ARRB1",3
"GOBP_CALCIUM_ION_REGULATED_EXOCYTOSIS","GOBP_CALCIUM_ION_REGULATED_EXOCYTOSIS","2/219","39/11404",0.171939200229071,0.398477418017914,0.304200677452205,"CDK5R2/SYT5",2
"GOBP_PEPTIDYL_CYSTEINE_MODIFICATION","GOBP_PEPTIDYL_CYSTEINE_MODIFICATION","2/219","39/11404",0.171939200229071,0.398477418017914,0.304200677452205,"GOLGA7B/RAB3D",2
"GOBP_POSITIVE_REGULATION_OF_NUCLEAR_DIVISION","GOBP_POSITIVE_REGULATION_OF_NUCLEAR_DIVISION","2/219","39/11404",0.171939200229071,0.398477418017914,0.304200677452205,"TGFA/WNT5A",2
"GOBP_CELL_MATURATION","GOBP_CELL_MATURATION","4/219","113/11404",0.172378961282775,0.398477418017914,0.304200677452205,"HES1/HOXA5/ROPN1/ROPN1B",4
"GOBP_REGULATION_OF_PROTEIN_DEPHOSPHORYLATION","GOBP_REGULATION_OF_PROTEIN_DEPHOSPHORYLATION","3/219","75/11404",0.174496722019732,0.398477418017914,0.304200677452205,"DRD2/TGFB1/RCAN1",3
"GOBP_ACUTE_INFLAMMATORY_RESPONSE_TO_ANTIGENIC_STIMULUS","GOBP_ACUTE_INFLAMMATORY_RESPONSE_TO_ANTIGENIC_STIMULUS","1/219","10/11404",0.176328147783259,0.398477418017914,0.304200677452205,"HLA-E",1
"GOBP_BUNDLE_OF_HIS_CELL_TO_PURKINJE_MYOCYTE_COMMUNICATION","GOBP_BUNDLE_OF_HIS_CELL_TO_PURKINJE_MYOCYTE_COMMUNICATION","1/219","10/11404",0.176328147783259,0.398477418017914,0.304200677452205,"TRPM4",1
"GOBP_CD4_POSITIVE_OR_CD8_POSITIVE_ALPHA_BETA_T_CELL_LINEAGE_COMMITMENT","GOBP_CD4_POSITIVE_OR_CD8_POSITIVE_ALPHA_BETA_T_CELL_LINEAGE_COMMITMENT","1/219","10/11404",0.176328147783259,0.398477418017914,0.304200677452205,"IL6",1
"GOBP_CEREBELLAR_PURKINJE_CELL_LAYER_FORMATION","GOBP_CEREBELLAR_PURKINJE_CELL_LAYER_FORMATION","1/219","10/11404",0.176328147783259,0.398477418017914,0.304200677452205,"RORA",1
"GOBP_CIRCADIAN_SLEEP_WAKE_CYCLE","GOBP_CIRCADIAN_SLEEP_WAKE_CYCLE","1/219","10/11404",0.176328147783259,0.398477418017914,0.304200677452205,"DRD2",1
"GOBP_COLLAGEN_ACTIVATED_SIGNALING_PATHWAY","GOBP_COLLAGEN_ACTIVATED_SIGNALING_PATHWAY","1/219","10/11404",0.176328147783259,0.398477418017914,0.304200677452205,"COL1A1",1
"GOBP_CONNECTIVE_TISSUE_REPLACEMENT","GOBP_CONNECTIVE_TISSUE_REPLACEMENT","1/219","10/11404",0.176328147783259,0.398477418017914,0.304200677452205,"TGFB1",1
"GOBP_CYCLIC_NUCLEOTIDE_CATABOLIC_PROCESS","GOBP_CYCLIC_NUCLEOTIDE_CATABOLIC_PROCESS","1/219","10/11404",0.176328147783259,0.398477418017914,0.304200677452205,"PDE8B",1
"GOBP_DENDRITIC_CELL_CHEMOTAXIS","GOBP_DENDRITIC_CELL_CHEMOTAXIS","1/219","10/11404",0.176328147783259,0.398477418017914,0.304200677452205,"TRPM4",1
"GOBP_DEOXYRIBONUCLEOSIDE_METABOLIC_PROCESS","GOBP_DEOXYRIBONUCLEOSIDE_METABOLIC_PROCESS","1/219","10/11404",0.176328147783259,0.398477418017914,0.304200677452205,"ADA",1
"GOBP_ENGULFMENT_OF_APOPTOTIC_CELL","GOBP_ENGULFMENT_OF_APOPTOTIC_CELL","1/219","10/11404",0.176328147783259,0.398477418017914,0.304200677452205,"XKR4",1
"GOBP_ESTROUS_CYCLE","GOBP_ESTROUS_CYCLE","1/219","10/11404",0.176328147783259,0.398477418017914,0.304200677452205,"EGR1",1
"GOBP_FEMALE_GENITALIA_DEVELOPMENT","GOBP_FEMALE_GENITALIA_DEVELOPMENT","1/219","10/11404",0.176328147783259,0.398477418017914,0.304200677452205,"WNT5A",1
"GOBP_GAMMA_AMINOBUTYRIC_ACID_TRANSPORT","GOBP_GAMMA_AMINOBUTYRIC_ACID_TRANSPORT","1/219","10/11404",0.176328147783259,0.398477418017914,0.304200677452205,"ABAT",1
"GOBP_GLOMERULAR_MESANGIAL_CELL_PROLIFERATION","GOBP_GLOMERULAR_MESANGIAL_CELL_PROLIFERATION","1/219","10/11404",0.176328147783259,0.398477418017914,0.304200677452205,"EGR1",1
"GOBP_MATING_BEHAVIOR","GOBP_MATING_BEHAVIOR","1/219","10/11404",0.176328147783259,0.398477418017914,0.304200677452205,"NHLH2",1
"GOBP_MESODERMAL_CELL_FATE_COMMITMENT","GOBP_MESODERMAL_CELL_FATE_COMMITMENT","1/219","10/11404",0.176328147783259,0.398477418017914,0.304200677452205,"EYA1",1
"GOBP_MONOVALENT_INORGANIC_ANION_HOMEOSTASIS","GOBP_MONOVALENT_INORGANIC_ANION_HOMEOSTASIS","1/219","10/11404",0.176328147783259,0.398477418017914,0.304200677452205,"SLC12A8",1
"GOBP_NEGATIVE_REGULATION_OF_ADENYLATE_CYCLASE_ACTIVITY","GOBP_NEGATIVE_REGULATION_OF_ADENYLATE_CYCLASE_ACTIVITY","1/219","10/11404",0.176328147783259,0.398477418017914,0.304200677452205,"DRD2",1
"GOBP_NEGATIVE_REGULATION_OF_HOMOTYPIC_CELL_CELL_ADHESION","GOBP_NEGATIVE_REGULATION_OF_HOMOTYPIC_CELL_CELL_ADHESION","1/219","10/11404",0.176328147783259,0.398477418017914,0.304200677452205,"ABAT",1
"GOBP_NEGATIVE_REGULATION_OF_KERATINOCYTE_PROLIFERATION","GOBP_NEGATIVE_REGULATION_OF_KERATINOCYTE_PROLIFERATION","1/219","10/11404",0.176328147783259,0.398477418017914,0.304200677452205,"KLF9",1
"GOBP_NEGATIVE_REGULATION_OF_MEMBRANE_POTENTIAL","GOBP_NEGATIVE_REGULATION_OF_MEMBRANE_POTENTIAL","1/219","10/11404",0.176328147783259,0.398477418017914,0.304200677452205,"MAPT",1
"GOBP_NEGATIVE_REGULATION_OF_MUSCLE_ORGAN_DEVELOPMENT","GOBP_NEGATIVE_REGULATION_OF_MUSCLE_ORGAN_DEVELOPMENT","1/219","10/11404",0.176328147783259,0.398477418017914,0.304200677452205,"TGFB1",1
"GOBP_NEGATIVE_REGULATION_OF_OLIGODENDROCYTE_DIFFERENTIATION","GOBP_NEGATIVE_REGULATION_OF_OLIGODENDROCYTE_DIFFERENTIATION","1/219","10/11404",0.176328147783259,0.398477418017914,0.304200677452205,"HES1",1
"GOBP_NEGATIVE_REGULATION_OF_PROTEIN_SUMOYLATION","GOBP_NEGATIVE_REGULATION_OF_PROTEIN_SUMOYLATION","1/219","10/11404",0.176328147783259,0.398477418017914,0.304200677452205,"HMG20B",1
"GOBP_NEGATIVE_REGULATION_OF_REACTIVE_OXYGEN_SPECIES_BIOSYNTHETIC_PROCESS","GOBP_NEGATIVE_REGULATION_OF_REACTIVE_OXYGEN_SPECIES_BIOSYNTHETIC_PROCESS","1/219","10/11404",0.176328147783259,0.398477418017914,0.304200677452205,"PPARA",1
"GOBP_NEGATIVE_REGULATION_OF_TRANSCRIPTION_BY_COMPETITIVE_PROMOTER_BINDING","GOBP_NEGATIVE_REGULATION_OF_TRANSCRIPTION_BY_COMPETITIVE_PROMOTER_BINDING","1/219","10/11404",0.176328147783259,0.398477418017914,0.304200677452205,"TFAP2A",1
"GOBP_NEUROTRANSMITTER_GATED_ION_CHANNEL_CLUSTERING","GOBP_NEUROTRANSMITTER_GATED_ION_CHANNEL_CLUSTERING","1/219","10/11404",0.176328147783259,0.398477418017914,0.304200677452205,"SHANK3",1
"GOBP_NUCLEOSIDE_TRIPHOSPHATE_CATABOLIC_PROCESS","GOBP_NUCLEOSIDE_TRIPHOSPHATE_CATABOLIC_PROCESS","1/219","10/11404",0.176328147783259,0.398477418017914,0.304200677452205,"ADA",1
"GOBP_OTIC_VESICLE_DEVELOPMENT","GOBP_OTIC_VESICLE_DEVELOPMENT","1/219","10/11404",0.176328147783259,0.398477418017914,0.304200677452205,"EYA1",1
"GOBP_POSITIVE_REGULATION_OF_AMINO_ACID_TRANSPORT","GOBP_POSITIVE_REGULATION_OF_AMINO_ACID_TRANSPORT","1/219","10/11404",0.176328147783259,0.398477418017914,0.304200677452205,"ABAT",1
"GOBP_POSITIVE_REGULATION_OF_ASTROCYTE_DIFFERENTIATION","GOBP_POSITIVE_REGULATION_OF_ASTROCYTE_DIFFERENTIATION","1/219","10/11404",0.176328147783259,0.398477418017914,0.304200677452205,"HES1",1
"GOBP_POSITIVE_REGULATION_OF_EXTRACELLULAR_MATRIX_ASSEMBLY","GOBP_POSITIVE_REGULATION_OF_EXTRACELLULAR_MATRIX_ASSEMBLY","1/219","10/11404",0.176328147783259,0.398477418017914,0.304200677452205,"TGFB1",1
"GOBP_POSITIVE_REGULATION_OF_INTERLEUKIN_13_PRODUCTION","GOBP_POSITIVE_REGULATION_OF_INTERLEUKIN_13_PRODUCTION","1/219","10/11404",0.176328147783259,0.398477418017914,0.304200677452205,"HLA-E",1
"GOBP_POSITIVE_REGULATION_OF_RECEPTOR_RECYCLING","GOBP_POSITIVE_REGULATION_OF_RECEPTOR_RECYCLING","1/219","10/11404",0.176328147783259,0.398477418017914,0.304200677452205,"INPP5F",1
"GOBP_POSITIVE_REGULATION_OF_RESPONSE_TO_TUMOR_CELL","GOBP_POSITIVE_REGULATION_OF_RESPONSE_TO_TUMOR_CELL","1/219","10/11404",0.176328147783259,0.398477418017914,0.304200677452205,"HLA-DRB1",1
"GOBP_PRO_B_CELL_DIFFERENTIATION","GOBP_PRO_B_CELL_DIFFERENTIATION","1/219","10/11404",0.176328147783259,0.398477418017914,0.304200677452205,"HES1",1
"GOBP_PURINE_NUCLEOSIDE_BIOSYNTHETIC_PROCESS","GOBP_PURINE_NUCLEOSIDE_BIOSYNTHETIC_PROCESS","1/219","10/11404",0.176328147783259,0.398477418017914,0.304200677452205,"ADA",1
"GOBP_REGULATION_OF_CILIUM_BEAT_FREQUENCY","GOBP_REGULATION_OF_CILIUM_BEAT_FREQUENCY","1/219","10/11404",0.176328147783259,0.398477418017914,0.304200677452205,"CCDC40",1
"GOBP_REGULATION_OF_MICROTUBULE_BINDING","GOBP_REGULATION_OF_MICROTUBULE_BINDING","1/219","10/11404",0.176328147783259,0.398477418017914,0.304200677452205,"MAPRE3",1
"GOBP_REGULATION_OF_NEUROTRANSMITTER_UPTAKE","GOBP_REGULATION_OF_NEUROTRANSMITTER_UPTAKE","1/219","10/11404",0.176328147783259,0.398477418017914,0.304200677452205,"DRD2",1
"GOBP_RESPONSE_TO_COBALT_ION","GOBP_RESPONSE_TO_COBALT_ION","1/219","10/11404",0.176328147783259,0.398477418017914,0.304200677452205,"SERPINF1",1
"GOBP_RESPONSE_TO_LITHIUM_ION","GOBP_RESPONSE_TO_LITHIUM_ION","1/219","10/11404",0.176328147783259,0.398477418017914,0.304200677452205,"PTGS2",1
"GOBP_RESPONSE_TO_UV_A","GOBP_RESPONSE_TO_UV_A","1/219","10/11404",0.176328147783259,0.398477418017914,0.304200677452205,"MMP2",1
"GOBP_THYMIC_T_CELL_SELECTION","GOBP_THYMIC_T_CELL_SELECTION","1/219","10/11404",0.176328147783259,0.398477418017914,0.304200677452205,"CD74",1
"GOBP_TRANS_SYNAPTIC_SIGNALING_MODULATING_SYNAPTIC_TRANSMISSION","GOBP_TRANS_SYNAPTIC_SIGNALING_MODULATING_SYNAPTIC_TRANSMISSION","1/219","10/11404",0.176328147783259,0.398477418017914,0.304200677452205,"PLAT",1
"GOBP_VOCALIZATION_BEHAVIOR","GOBP_VOCALIZATION_BEHAVIOR","1/219","10/11404",0.176328147783259,0.398477418017914,0.304200677452205,"SHANK3",1
"GOBP_REGULATION_OF_STRESS_ACTIVATED_PROTEIN_KINASE_SIGNALING_CASCADE","GOBP_REGULATION_OF_STRESS_ACTIVATED_PROTEIN_KINASE_SIGNALING_CASCADE","5/219","155/11404",0.17795186708785,0.400014004136596,0.305373718927408,"DACT1/WNT5A/SEMA3A/GRIK2/WNT7B",5
"GOBP_CHLORIDE_TRANSMEMBRANE_TRANSPORT","GOBP_CHLORIDE_TRANSMEMBRANE_TRANSPORT","2/219","40/11404",0.178829790084596,0.400014004136596,0.305373718927408,"SLC26A2/SLC12A8",2
"GOBP_LUNG_MORPHOGENESIS","GOBP_LUNG_MORPHOGENESIS","2/219","40/11404",0.178829790084596,0.400014004136596,0.305373718927408,"HOXA5/WNT7B",2
"GOBP_NEURAL_RETINA_DEVELOPMENT","GOBP_NEURAL_RETINA_DEVELOPMENT","2/219","40/11404",0.178829790084596,0.400014004136596,0.305373718927408,"TFAP2A/HCN1",2
"GOBP_POSITIVE_REGULATION_OF_NEURON_APOPTOTIC_PROCESS","GOBP_POSITIVE_REGULATION_OF_NEURON_APOPTOTIC_PROCESS","2/219","40/11404",0.178829790084596,0.400014004136596,0.305373718927408,"TFAP2A/GRIK2",2
"GOBP_POSITIVE_REGULATION_OF_RECEPTOR_MEDIATED_ENDOCYTOSIS","GOBP_POSITIVE_REGULATION_OF_RECEPTOR_MEDIATED_ENDOCYTOSIS","2/219","40/11404",0.178829790084596,0.400014004136596,0.305373718927408,"DRD2/ARRB1",2
"GOBP_PROTEIN_HOMOTETRAMERIZATION","GOBP_PROTEIN_HOMOTETRAMERIZATION","2/219","40/11404",0.178829790084596,0.400014004136596,0.305373718927408,"TRPM4/HCN1",2
"GOBP_PURINE_NUCLEOTIDE_CATABOLIC_PROCESS","GOBP_PURINE_NUCLEOTIDE_CATABOLIC_PROCESS","2/219","40/11404",0.178829790084596,0.400014004136596,0.305373718927408,"ADA/PDE8B",2
"GOBP_REGULATION_OF_ANTIGEN_RECEPTOR_MEDIATED_SIGNALING_PATHWAY","GOBP_REGULATION_OF_ANTIGEN_RECEPTOR_MEDIATED_SIGNALING_PATHWAY","2/219","40/11404",0.178829790084596,0.400014004136596,0.305373718927408,"PTPRJ/ADA",2
"GOBP_REGULATION_OF_CHONDROCYTE_DIFFERENTIATION","GOBP_REGULATION_OF_CHONDROCYTE_DIFFERENTIATION","2/219","40/11404",0.178829790084596,0.400014004136596,0.305373718927408,"LTBP3/CCN4",2
"GOBP_RIBONUCLEOTIDE_CATABOLIC_PROCESS","GOBP_RIBONUCLEOTIDE_CATABOLIC_PROCESS","2/219","40/11404",0.178829790084596,0.400014004136596,0.305373718927408,"ADA/PDE8B",2
"GOBP_SULFUR_COMPOUND_TRANSPORT","GOBP_SULFUR_COMPOUND_TRANSPORT","2/219","40/11404",0.178829790084596,0.400014004136596,0.305373718927408,"MFSD12/SLC26A2",2
"GOBP_POSITIVE_REGULATION_OF_I_KAPPAB_KINASE_NF_KAPPAB_SIGNALING","GOBP_POSITIVE_REGULATION_OF_I_KAPPAB_KINASE_NF_KAPPAB_SIGNALING","5/219","156/11404",0.181190402284428,0.402097328319119,0.306964144379441,"HLA-DRB1/CD74/SLC44A2/CXXC5/MID2",5
"GOBP_POSITIVE_REGULATION_OF_DNA_BINDING_TRANSCRIPTION_FACTOR_ACTIVITY","GOBP_POSITIVE_REGULATION_OF_DNA_BINDING_TRANSCRIPTION_FACTOR_ACTIVITY","6/219","198/11404",0.18147296204587,0.402097328319119,0.306964144379441,"WNT5A/RIPK4/TNFRSF11A/MID2/NHLH2/IL6",6
"GOBP_ORGAN_GROWTH","GOBP_ORGAN_GROWTH","4/219","116/11404",0.183797612633401,0.402097328319119,0.306964144379441,"PPARA/MAPK11/SORBS2/GATA4",4
"GOBP_DEVELOPMENT_OF_PRIMARY_FEMALE_SEXUAL_CHARACTERISTICS","GOBP_DEVELOPMENT_OF_PRIMARY_FEMALE_SEXUAL_CHARACTERISTICS","3/219","77/11404",0.184087634906551,0.402097328319119,0.306964144379441,"MMP2/COL9A3/PTPRN",3
"GOBP_METENCEPHALON_DEVELOPMENT","GOBP_METENCEPHALON_DEVELOPMENT","3/219","77/11404",0.184087634906551,0.402097328319119,0.306964144379441,"RORA/CDK5R2/ABAT",3
"GOBP_NEPHRON_EPITHELIUM_DEVELOPMENT","GOBP_NEPHRON_EPITHELIUM_DEVELOPMENT","3/219","77/11404",0.184087634906551,0.402097328319119,0.306964144379441,"HES1/EYA1/WNT7B",3
"GOBP_ANATOMICAL_STRUCTURE_HOMEOSTASIS","GOBP_ANATOMICAL_STRUCTURE_HOMEOSTASIS","6/219","199/11404",0.184344760961182,0.402097328319119,0.306964144379441,"LTBP3/TNFRSF11A/PTGS2/RAB3D/IL6/CD38",6
"GOBP_REGULATION_OF_PROTEIN_BINDING","GOBP_REGULATION_OF_PROTEIN_BINDING","5/219","157/11404",0.18445092555173,0.402097328319119,0.306964144379441,"DACT1/WNT5A/MAPRE3/PPARA/MFNG",5
"GOBP_EMBRYO_IMPLANTATION","GOBP_EMBRYO_IMPLANTATION","2/219","41/11404",0.185762109430396,0.402097328319119,0.306964144379441,"MMP2/PTGS2",2
"GOBP_FEEDING_BEHAVIOR","GOBP_FEEDING_BEHAVIOR","2/219","41/11404",0.185762109430396,0.402097328319119,0.306964144379441,"DRD2/FOS",2
"GOBP_POSITIVE_REGULATION_OF_SYNAPSE_ASSEMBLY","GOBP_POSITIVE_REGULATION_OF_SYNAPSE_ASSEMBLY","2/219","41/11404",0.185762109430396,0.402097328319119,0.306964144379441,"SLITRK6/CLSTN3",2
"GOBP_RECEPTOR_CLUSTERING","GOBP_RECEPTOR_CLUSTERING","2/219","41/11404",0.185762109430396,0.402097328319119,0.306964144379441,"GRIK2/SHANK3",2
"GOBP_REGULATION_OF_ERYTHROCYTE_DIFFERENTIATION","GOBP_REGULATION_OF_ERYTHROCYTE_DIFFERENTIATION","2/219","41/11404",0.185762109430396,0.402097328319119,0.306964144379441,"HOXA5/MAPK11",2
"GOBP_RESPONSE_TO_ANTIBIOTIC","GOBP_RESPONSE_TO_ANTIBIOTIC","2/219","41/11404",0.185762109430396,0.402097328319119,0.306964144379441,"CIITA/CYP1A1",2
"GOBP_EPITHELIAL_TUBE_MORPHOGENESIS","GOBP_EPITHELIAL_TUBE_MORPHOGENESIS","7/219","243/11404",0.187117035857974,0.402097328319119,0.306964144379441,"WNT5A/TGFB1/HES1/HOXA5/EYA1/GATA4/CCDC40",7
"GOBP_INORGANIC_ANION_TRANSPORT","GOBP_INORGANIC_ANION_TRANSPORT","4/219","117/11404",0.187658407888059,0.402097328319119,0.306964144379441,"SLC26A2/TTYH2/SLC37A1/SLC12A8",4
"GOBP_LIPID_LOCALIZATION","GOBP_LIPID_LOCALIZATION","8/219","287/11404",0.187731893116233,0.402097328319119,0.306964144379441,"PTGES/DRD2/PPARA/ATP8B3/TNFRSF11A/PITPNM3/IL6/XKR4",8
"GOBP_ACTION_POTENTIAL","GOBP_ACTION_POTENTIAL","3/219","78/11404",0.188934993024706,0.402097328319119,0.306964144379441,"FGF12/TRPM4/GRIK2",3
"GOBP_ARTERY_DEVELOPMENT","GOBP_ARTERY_DEVELOPMENT","3/219","78/11404",0.188934993024706,0.402097328319119,0.306964144379441,"HES1/EYA1/EGR2",3
"GOBP_CARBOHYDRATE_TRANSMEMBRANE_TRANSPORT","GOBP_CARBOHYDRATE_TRANSMEMBRANE_TRANSPORT","3/219","78/11404",0.188934993024706,0.402097328319119,0.306964144379441,"SLC2A12/RTN2/SLC2A11",3
"GOBP_ORGANELLE_TRANSPORT_ALONG_MICROTUBULE","GOBP_ORGANELLE_TRANSPORT_ALONG_MICROTUBULE","3/219","78/11404",0.188934993024706,0.402097328319119,0.306964144379441,"CNIH2/MAPT/AP3B2",3
"GOBP_RESPONSE_TO_FIBROBLAST_GROWTH_FACTOR","GOBP_RESPONSE_TO_FIBROBLAST_GROWTH_FACTOR","3/219","78/11404",0.188934993024706,0.402097328319119,0.306964144379441,"WNT5A/COL1A1/FGF12",3
"GOBP_NEGATIVE_REGULATION_OF_NEURON_DEATH","GOBP_NEGATIVE_REGULATION_OF_NEURON_DEATH","5/219","159/11404",0.191036307344215,0.402097328319119,0.306964144379441,"HLA-F/ERBB3/PPARA/GRIK2/SERPINF1",5
"GOBP_DENDRITE_MORPHOGENESIS","GOBP_DENDRITE_MORPHOGENESIS","4/219","118/11404",0.191545325481479,0.402097328319119,0.306964144379441,"SEMA3A/SHANK3/ARHGAP44/HECW1",4
"GOBP_NEGATIVE_REGULATION_OF_CELL_ACTIVATION","GOBP_NEGATIVE_REGULATION_OF_CELL_ACTIVATION","4/219","118/11404",0.191545325481479,0.402097328319119,0.306964144379441,"HLA-DRB1/CD74/HLA-F/ABAT",4
"GOBP_REGULATION_OF_LIPID_BIOSYNTHETIC_PROCESS","GOBP_REGULATION_OF_LIPID_BIOSYNTHETIC_PROCESS","4/219","118/11404",0.191545325481479,0.402097328319119,0.306964144379441,"CD74/EGR1/PPARA/PTGS2",4
"GOBP_ATRIOVENTRICULAR_CANAL_DEVELOPMENT","GOBP_ATRIOVENTRICULAR_CANAL_DEVELOPMENT","1/219","11/11404",0.192159649945403,0.402097328319119,0.306964144379441,"GATA4",1
"GOBP_BASE_CONVERSION_OR_SUBSTITUTION_EDITING","GOBP_BASE_CONVERSION_OR_SUBSTITUTION_EDITING","1/219","11/11404",0.192159649945403,0.402097328319119,0.306964144379441,"ADARB1",1
"GOBP_CALCIUM_ION_REGULATED_EXOCYTOSIS_OF_NEUROTRANSMITTER","GOBP_CALCIUM_ION_REGULATED_EXOCYTOSIS_OF_NEUROTRANSMITTER","1/219","11/11404",0.192159649945403,0.402097328319119,0.306964144379441,"SYT5",1
"GOBP_CARDIAC_NEURAL_CREST_CELL_DEVELOPMENT_INVOLVED_IN_OUTFLOW_TRACT_MORPHOGENESIS","GOBP_CARDIAC_NEURAL_CREST_CELL_DEVELOPMENT_INVOLVED_IN_OUTFLOW_TRACT_MORPHOGENESIS","1/219","11/11404",0.192159649945403,0.402097328319119,0.306964144379441,"HES1",1
"GOBP_CD4_POSITIVE_ALPHA_BETA_T_CELL_CYTOKINE_PRODUCTION","GOBP_CD4_POSITIVE_ALPHA_BETA_T_CELL_CYTOKINE_PRODUCTION","1/219","11/11404",0.192159649945403,0.402097328319119,0.306964144379441,"IL6",1
"GOBP_DETECTION_OF_STIMULUS_INVOLVED_IN_SENSORY_PERCEPTION_OF_PAIN","GOBP_DETECTION_OF_STIMULUS_INVOLVED_IN_SENSORY_PERCEPTION_OF_PAIN","1/219","11/11404",0.192159649945403,0.402097328319119,0.306964144379441,"MMP24",1
"GOBP_ESTABLISHMENT_OF_PLANAR_POLARITY_INVOLVED_IN_NEURAL_TUBE_CLOSURE","GOBP_ESTABLISHMENT_OF_PLANAR_POLARITY_INVOLVED_IN_NEURAL_TUBE_CLOSURE","1/219","11/11404",0.192159649945403,0.402097328319119,0.306964144379441,"WNT5A",1
"GOBP_FUCOSE_METABOLIC_PROCESS","GOBP_FUCOSE_METABOLIC_PROCESS","1/219","11/11404",0.192159649945403,0.402097328319119,0.306964144379441,"FUCA1",1
"GOBP_GERMINAL_CENTER_FORMATION","GOBP_GERMINAL_CENTER_FORMATION","1/219","11/11404",0.192159649945403,0.402097328319119,0.306964144379441,"ADA",1
"GOBP_HEART_VALVE_FORMATION","GOBP_HEART_VALVE_FORMATION","1/219","11/11404",0.192159649945403,0.402097328319119,0.306964144379441,"GATA4",1
"GOBP_HEPATOCYTE_DIFFERENTIATION","GOBP_HEPATOCYTE_DIFFERENTIATION","1/219","11/11404",0.192159649945403,0.402097328319119,0.306964144379441,"CYP1A1",1
"GOBP_INDOLE_CONTAINING_COMPOUND_METABOLIC_PROCESS","GOBP_INDOLE_CONTAINING_COMPOUND_METABOLIC_PROCESS","1/219","11/11404",0.192159649945403,0.402097328319119,0.306964144379441,"GRIN2A",1
"GOBP_INHIBITORY_SYNAPSE_ASSEMBLY","GOBP_INHIBITORY_SYNAPSE_ASSEMBLY","1/219","11/11404",0.192159649945403,0.402097328319119,0.306964144379441,"WNT5A",1
"GOBP_INNER_DYNEIN_ARM_ASSEMBLY","GOBP_INNER_DYNEIN_ARM_ASSEMBLY","1/219","11/11404",0.192159649945403,0.402097328319119,0.306964144379441,"CCDC40",1
"GOBP_LAYER_FORMATION_IN_CEREBRAL_CORTEX","GOBP_LAYER_FORMATION_IN_CEREBRAL_CORTEX","1/219","11/11404",0.192159649945403,0.402097328319119,0.306964144379441,"CDK5R2",1
"GOBP_LENS_FIBER_CELL_DEVELOPMENT","GOBP_LENS_FIBER_CELL_DEVELOPMENT","1/219","11/11404",0.192159649945403,0.402097328319119,0.306964144379441,"WNT7B",1
"GOBP_LOCOMOTOR_RHYTHM","GOBP_LOCOMOTOR_RHYTHM","1/219","11/11404",0.192159649945403,0.402097328319119,0.306964144379441,"EGR1",1
"GOBP_MEMBRANE_DEPOLARIZATION_DURING_CARDIAC_MUSCLE_CELL_ACTION_POTENTIAL","GOBP_MEMBRANE_DEPOLARIZATION_DURING_CARDIAC_MUSCLE_CELL_ACTION_POTENTIAL","1/219","11/11404",0.192159649945403,0.402097328319119,0.306964144379441,"TRPM4",1
"GOBP_MEMBRANE_PROTEIN_INTRACELLULAR_DOMAIN_PROTEOLYSIS","GOBP_MEMBRANE_PROTEIN_INTRACELLULAR_DOMAIN_PROTEOLYSIS","1/219","11/11404",0.192159649945403,0.402097328319119,0.306964144379441,"TGFB1",1
"GOBP_MESENCHYMAL_STEM_CELL_DIFFERENTIATION","GOBP_MESENCHYMAL_STEM_CELL_DIFFERENTIATION","1/219","11/11404",0.192159649945403,0.402097328319119,0.306964144379441,"LTBP3",1
"GOBP_MIDBRAIN_DOPAMINERGIC_NEURON_DIFFERENTIATION","GOBP_MIDBRAIN_DOPAMINERGIC_NEURON_DIFFERENTIATION","1/219","11/11404",0.192159649945403,0.402097328319119,0.306964144379441,"WNT5A",1
"GOBP_MOTOR_BEHAVIOR","GOBP_MOTOR_BEHAVIOR","1/219","11/11404",0.192159649945403,0.402097328319119,0.306964144379441,"ADARB1",1
"GOBP_NEGATIVE_REGULATION_OF_CALCINEURIN_MEDIATED_SIGNALING","GOBP_NEGATIVE_REGULATION_OF_CALCINEURIN_MEDIATED_SIGNALING","1/219","11/11404",0.192159649945403,0.402097328319119,0.306964144379441,"RCAN1",1
"GOBP_NEGATIVE_REGULATION_OF_CARDIAC_MUSCLE_CELL_PROLIFERATION","GOBP_NEGATIVE_REGULATION_OF_CARDIAC_MUSCLE_CELL_PROLIFERATION","1/219","11/11404",0.192159649945403,0.402097328319119,0.306964144379441,"MAPK11",1
"GOBP_NEGATIVE_REGULATION_OF_CIRCADIAN_RHYTHM","GOBP_NEGATIVE_REGULATION_OF_CIRCADIAN_RHYTHM","1/219","11/11404",0.192159649945403,0.402097328319119,0.306964144379441,"DRD2",1
"GOBP_NEGATIVE_REGULATION_OF_MUSCLE_TISSUE_DEVELOPMENT","GOBP_NEGATIVE_REGULATION_OF_MUSCLE_TISSUE_DEVELOPMENT","1/219","11/11404",0.192159649945403,0.402097328319119,0.306964144379441,"TGFB1",1
"GOBP_NEGATIVE_REGULATION_OF_NEURON_PROJECTION_REGENERATION","GOBP_NEGATIVE_REGULATION_OF_NEURON_PROJECTION_REGENERATION","1/219","11/11404",0.192159649945403,0.402097328319119,0.306964144379441,"INPP5F",1
"GOBP_NEGATIVE_REGULATION_OF_T_CELL_APOPTOTIC_PROCESS","GOBP_NEGATIVE_REGULATION_OF_T_CELL_APOPTOTIC_PROCESS","1/219","11/11404",0.192159649945403,0.402097328319119,0.306964144379441,"ADA",1
"GOBP_PLASMA_MEMBRANE_PHOSPHOLIPID_SCRAMBLING","GOBP_PLASMA_MEMBRANE_PHOSPHOLIPID_SCRAMBLING","1/219","11/11404",0.192159649945403,0.402097328319119,0.306964144379441,"XKR4",1
"GOBP_POSITIVE_REGULATION_OF_ALPHA_BETA_T_CELL_PROLIFERATION","GOBP_POSITIVE_REGULATION_OF_ALPHA_BETA_T_CELL_PROLIFERATION","1/219","11/11404",0.192159649945403,0.402097328319119,0.306964144379441,"HLA-E",1
"GOBP_POSITIVE_REGULATION_OF_ATP_BIOSYNTHETIC_PROCESS","GOBP_POSITIVE_REGULATION_OF_ATP_BIOSYNTHETIC_PROCESS","1/219","11/11404",0.192159649945403,0.402097328319119,0.306964144379441,"PPARA",1
"GOBP_POSITIVE_REGULATION_OF_CALCINEURIN_MEDIATED_SIGNALING","GOBP_POSITIVE_REGULATION_OF_CALCINEURIN_MEDIATED_SIGNALING","1/219","11/11404",0.192159649945403,0.402097328319119,0.306964144379441,"ERBB3",1
"GOBP_POSITIVE_REGULATION_OF_GLIAL_CELL_PROLIFERATION","GOBP_POSITIVE_REGULATION_OF_GLIAL_CELL_PROLIFERATION","1/219","11/11404",0.192159649945403,0.402097328319119,0.306964144379441,"IL6",1
"GOBP_POSITIVE_REGULATION_OF_HORMONE_METABOLIC_PROCESS","GOBP_POSITIVE_REGULATION_OF_HORMONE_METABOLIC_PROCESS","1/219","11/11404",0.192159649945403,0.402097328319119,0.306964144379441,"EGR1",1
"GOBP_POSITIVE_REGULATION_OF_MACROPHAGE_DIFFERENTIATION","GOBP_POSITIVE_REGULATION_OF_MACROPHAGE_DIFFERENTIATION","1/219","11/11404",0.192159649945403,0.402097328319119,0.306964144379441,"TGFB1",1
"GOBP_POSITIVE_REGULATION_OF_OSTEOCLAST_DIFFERENTIATION","GOBP_POSITIVE_REGULATION_OF_OSTEOCLAST_DIFFERENTIATION","1/219","11/11404",0.192159649945403,0.402097328319119,0.306964144379441,"FOS",1
"GOBP_POSITIVE_REGULATION_OF_SYNCYTIUM_FORMATION_BY_PLASMA_MEMBRANE_FUSION","GOBP_POSITIVE_REGULATION_OF_SYNCYTIUM_FORMATION_BY_PLASMA_MEMBRANE_FUSION","1/219","11/11404",0.192159649945403,0.402097328319119,0.306964144379441,"NFATC2",1
"GOBP_POSTSYNAPTIC_MODULATION_OF_CHEMICAL_SYNAPTIC_TRANSMISSION","GOBP_POSTSYNAPTIC_MODULATION_OF_CHEMICAL_SYNAPTIC_TRANSMISSION","1/219","11/11404",0.192159649945403,0.402097328319119,0.306964144379441,"DRD2",1
"GOBP_PURINE_NUCLEOBASE_BIOSYNTHETIC_PROCESS","GOBP_PURINE_NUCLEOBASE_BIOSYNTHETIC_PROCESS","1/219","11/11404",0.192159649945403,0.402097328319119,0.306964144379441,"ADA",1
"GOBP_PURINERGIC_NUCLEOTIDE_RECEPTOR_SIGNALING_PATHWAY","GOBP_PURINERGIC_NUCLEOTIDE_RECEPTOR_SIGNALING_PATHWAY","1/219","11/11404",0.192159649945403,0.402097328319119,0.306964144379441,"ADA",1
"GOBP_REGULATION_OF_CARDIAC_EPITHELIAL_TO_MESENCHYMAL_TRANSITION","GOBP_REGULATION_OF_CARDIAC_EPITHELIAL_TO_MESENCHYMAL_TRANSITION","1/219","11/11404",0.192159649945403,0.402097328319119,0.306964144379441,"TGFB1",1
"GOBP_REGULATION_OF_CELL_GROWTH_INVOLVED_IN_CARDIAC_MUSCLE_CELL_DEVELOPMENT","GOBP_REGULATION_OF_CELL_GROWTH_INVOLVED_IN_CARDIAC_MUSCLE_CELL_DEVELOPMENT","1/219","11/11404",0.192159649945403,0.402097328319119,0.306964144379441,"PPARA",1
"GOBP_REGULATION_OF_LYMPHOCYTE_CHEMOTAXIS","GOBP_REGULATION_OF_LYMPHOCYTE_CHEMOTAXIS","1/219","11/11404",0.192159649945403,0.402097328319119,0.306964144379441,"WNT5A",1
"GOBP_REGULATION_OF_MYOBLAST_FUSION","GOBP_REGULATION_OF_MYOBLAST_FUSION","1/219","11/11404",0.192159649945403,0.402097328319119,0.306964144379441,"NFATC2",1
"GOBP_REGULATION_OF_RESPONSE_TO_OSMOTIC_STRESS","GOBP_REGULATION_OF_RESPONSE_TO_OSMOTIC_STRESS","1/219","11/11404",0.192159649945403,0.402097328319119,0.306964144379441,"PTGS2",1
"GOBP_REGULATION_OF_VENTRICULAR_CARDIAC_MUSCLE_CELL_ACTION_POTENTIAL","GOBP_REGULATION_OF_VENTRICULAR_CARDIAC_MUSCLE_CELL_ACTION_POTENTIAL","1/219","11/11404",0.192159649945403,0.402097328319119,0.306964144379441,"TRPM4",1
"GOBP_RIBONUCLEOSIDE_MONOPHOSPHATE_CATABOLIC_PROCESS","GOBP_RIBONUCLEOSIDE_MONOPHOSPHATE_CATABOLIC_PROCESS","1/219","11/11404",0.192159649945403,0.402097328319119,0.306964144379441,"ADA",1
"GOBP_SEQUESTERING_OF_TRIGLYCERIDE","GOBP_SEQUESTERING_OF_TRIGLYCERIDE","1/219","11/11404",0.192159649945403,0.402097328319119,0.306964144379441,"PPARA",1
"GOBP_SPHINGOLIPID_MEDIATED_SIGNALING_PATHWAY","GOBP_SPHINGOLIPID_MEDIATED_SIGNALING_PATHWAY","1/219","11/11404",0.192159649945403,0.402097328319119,0.306964144379441,"S1PR2",1
"GOBP_SULFATE_TRANSPORT","GOBP_SULFATE_TRANSPORT","1/219","11/11404",0.192159649945403,0.402097328319119,0.306964144379441,"SLC26A2",1
"GOBP_SYNAPTIC_VESICLE_MATURATION","GOBP_SYNAPTIC_VESICLE_MATURATION","1/219","11/11404",0.192159649945403,0.402097328319119,0.306964144379441,"SYP",1
"GOBP_T_CELL_CHEMOTAXIS","GOBP_T_CELL_CHEMOTAXIS","1/219","11/11404",0.192159649945403,0.402097328319119,0.306964144379441,"WNT5A",1
"GOBP_TRIPARTITE_REGIONAL_SUBDIVISION","GOBP_TRIPARTITE_REGIONAL_SUBDIVISION","1/219","11/11404",0.192159649945403,0.402097328319119,0.306964144379441,"WNT5A",1
"GOBP_VITAMIN_D_METABOLIC_PROCESS","GOBP_VITAMIN_D_METABOLIC_PROCESS","1/219","11/11404",0.192159649945403,0.402097328319119,0.306964144379441,"CYP1A1",1
"GOBP_ENDODERM_FORMATION","GOBP_ENDODERM_FORMATION","2/219","42/11404",0.192732040101346,0.402097328319119,0.306964144379441,"MMP2/COL5A1",2
"GOBP_REGULATION_OF_GENE_SILENCING_BY_RNA","GOBP_REGULATION_OF_GENE_SILENCING_BY_RNA","2/219","42/11404",0.192732040101346,0.402097328319119,0.306964144379441,"TGFB1/IL6",2
"GOBP_REGULATION_OF_MEMBRANE_LIPID_DISTRIBUTION","GOBP_REGULATION_OF_MEMBRANE_LIPID_DISTRIBUTION","2/219","42/11404",0.192732040101346,0.402097328319119,0.306964144379441,"ATP8B3/XKR4",2
"GOBP_REGULATION_OF_SODIUM_ION_TRANSMEMBRANE_TRANSPORT","GOBP_REGULATION_OF_SODIUM_ION_TRANSMEMBRANE_TRANSPORT","2/219","42/11404",0.192732040101346,0.402097328319119,0.306964144379441,"FGF12/HECW1",2
"GOBP_VESICLE_TRANSPORT_ALONG_MICROTUBULE","GOBP_VESICLE_TRANSPORT_ALONG_MICROTUBULE","2/219","42/11404",0.192732040101346,0.402097328319119,0.306964144379441,"CNIH2/AP3B2",2
"GOBP_REGULATION_OF_EPITHELIAL_TO_MESENCHYMAL_TRANSITION","GOBP_REGULATION_OF_EPITHELIAL_TO_MESENCHYMAL_TRANSITION","3/219","79/11404",0.1938150356816,0.40403688213688,0.30844481444665,"COL1A1/TGFB1/IL6",3
"GOBP_SKIN_DEVELOPMENT","GOBP_SKIN_DEVELOPMENT","5/219","160/11404",0.194360344268643,0.404853365334289,0.30906812390046,"WNT5A/COL1A1/COL5A1/FLG/ALOXE3",5
"GOBP_APOPTOTIC_SIGNALING_PATHWAY","GOBP_APOPTOTIC_SIGNALING_PATHWAY","12/219","471/11404",0.195373488014181,0.406642291403923,0.310433803604473,"CD74/TGFB1/BMF/ERBB3/SCG2/EYA1/GATA4/PTGS2/MEIS3/CD70/CD38/DAPK2",12
"GOBP_CELL_DIFFERENTIATION_INVOLVED_IN_KIDNEY_DEVELOPMENT","GOBP_CELL_DIFFERENTIATION_INVOLVED_IN_KIDNEY_DEVELOPMENT","2/219","43/11404",0.199735605361165,0.411163387299513,0.31388524243658,"HES1/ACTA2",2
"GOBP_FIBROBLAST_MIGRATION","GOBP_FIBROBLAST_MIGRATION","2/219","43/11404",0.199735605361165,0.411163387299513,0.31388524243658,"TGFB1/ACTA2",2
"GOBP_HEART_VALVE_MORPHOGENESIS","GOBP_HEART_VALVE_MORPHOGENESIS","2/219","43/11404",0.199735605361165,0.411163387299513,0.31388524243658,"TGFB1/GATA4",2
"GOBP_MESONEPHRIC_TUBULE_MORPHOGENESIS","GOBP_MESONEPHRIC_TUBULE_MORPHOGENESIS","2/219","43/11404",0.199735605361165,0.411163387299513,0.31388524243658,"HES1/EYA1",2
"GOBP_NEGATIVE_REGULATION_OF_ION_TRANSMEMBRANE_TRANSPORTER_ACTIVITY","GOBP_NEGATIVE_REGULATION_OF_ION_TRANSMEMBRANE_TRANSPORTER_ACTIVITY","2/219","43/11404",0.199735605361165,0.411163387299513,0.31388524243658,"DRD2/HECW1",2
"GOBP_NEURON_PROJECTION_REGENERATION","GOBP_NEURON_PROJECTION_REGENERATION","2/219","43/11404",0.199735605361165,0.411163387299513,0.31388524243658,"MMP2/INPP5F",2
"GOBP_POSITIVE_REGULATION_OF_FAT_CELL_DIFFERENTIATION","GOBP_POSITIVE_REGULATION_OF_FAT_CELL_DIFFERENTIATION","2/219","43/11404",0.199735605361165,0.411163387299513,0.31388524243658,"TRPM4/PTGS2",2
"GOBP_RESPONSE_TO_ACTIVITY","GOBP_RESPONSE_TO_ACTIVITY","2/219","43/11404",0.199735605361165,0.411163387299513,0.31388524243658,"MMP2/IL6",2
"GOBP_ANION_TRANSMEMBRANE_TRANSPORT","GOBP_ANION_TRANSMEMBRANE_TRANSPORT","5/219","162/11404",0.201069036765953,0.411163387299513,0.31388524243658,"MFSD12/SLC26A2/SLC9A7/SLC37A1/SLC12A8",5
"GOBP_CELLULAR_RESPONSE_TO_UV","GOBP_CELLULAR_RESPONSE_TO_UV","3/219","81/11404",0.203667489920229,0.411163387299513,0.31388524243658,"MMP2/BMF/PTGS2",3
"GOBP_MORPHOGENESIS_OF_A_POLARIZED_EPITHELIUM","GOBP_MORPHOGENESIS_OF_A_POLARIZED_EPITHELIUM","3/219","81/11404",0.203667489920229,0.411163387299513,0.31388524243658,"DACT1/WNT5A/GPC6",3
"GOBP_ANTEROGRADE_AXONAL_TRANSPORT","GOBP_ANTEROGRADE_AXONAL_TRANSPORT","2/219","44/11404",0.206768966031092,0.411163387299513,0.31388524243658,"CNIH2/AP3B2",2
"GOBP_NEGATIVE_REGULATION_OF_PEPTIDYL_TYROSINE_PHOSPHORYLATION","GOBP_NEGATIVE_REGULATION_OF_PEPTIDYL_TYROSINE_PHOSPHORYLATION","2/219","44/11404",0.206768966031092,0.411163387299513,0.31388524243658,"INPP5F/ZFYVE28",2
"GOBP_NEUTROPHIL_CHEMOTAXIS","GOBP_NEUTROPHIL_CHEMOTAXIS","2/219","44/11404",0.206768966031092,0.411163387299513,0.31388524243658,"CD74/DAPK2",2
"GOBP_PURINE_CONTAINING_COMPOUND_CATABOLIC_PROCESS","GOBP_PURINE_CONTAINING_COMPOUND_CATABOLIC_PROCESS","2/219","44/11404",0.206768966031092,0.411163387299513,0.31388524243658,"ADA/PDE8B",2
"GOBP_ACTIN_FILAMENT_NETWORK_FORMATION","GOBP_ACTIN_FILAMENT_NETWORK_FORMATION","1/219","12/11404",0.207688223338008,0.411163387299513,0.31388524243658,"SPIRE2",1
"GOBP_ACTIVATION_OF_ADENYLATE_CYCLASE_ACTIVITY","GOBP_ACTIVATION_OF_ADENYLATE_CYCLASE_ACTIVITY","1/219","12/11404",0.207688223338008,0.411163387299513,0.31388524243658,"GIPR",1
"GOBP_AMELOGENESIS","GOBP_AMELOGENESIS","1/219","12/11404",0.207688223338008,0.411163387299513,0.31388524243658,"PPARA",1
"GOBP_AMMONIUM_ION_METABOLIC_PROCESS","GOBP_AMMONIUM_ION_METABOLIC_PROCESS","1/219","12/11404",0.207688223338008,0.411163387299513,0.31388524243658,"GRIN2A",1
"GOBP_APOPTOTIC_DNA_FRAGMENTATION","GOBP_APOPTOTIC_DNA_FRAGMENTATION","1/219","12/11404",0.207688223338008,0.411163387299513,0.31388524243658,"IL6",1
"GOBP_ARACHIDONIC_ACID_SECRETION","GOBP_ARACHIDONIC_ACID_SECRETION","1/219","12/11404",0.207688223338008,0.411163387299513,0.31388524243658,"DRD2",1
"GOBP_ATRIAL_SEPTUM_MORPHOGENESIS","GOBP_ATRIAL_SEPTUM_MORPHOGENESIS","1/219","12/11404",0.207688223338008,0.411163387299513,0.31388524243658,"GATA4",1
"GOBP_C21_STEROID_HORMONE_BIOSYNTHETIC_PROCESS","GOBP_C21_STEROID_HORMONE_BIOSYNTHETIC_PROCESS","1/219","12/11404",0.207688223338008,0.411163387299513,0.31388524243658,"EGR1",1
"GOBP_CELL_CELL_ADHESION_MEDIATED_BY_INTEGRIN","GOBP_CELL_CELL_ADHESION_MEDIATED_BY_INTEGRIN","1/219","12/11404",0.207688223338008,0.411163387299513,0.31388524243658,"ADA",1
"GOBP_CELLULAR_RESPONSE_TO_THYROID_HORMONE_STIMULUS","GOBP_CELLULAR_RESPONSE_TO_THYROID_HORMONE_STIMULUS","1/219","12/11404",0.207688223338008,0.411163387299513,0.31388524243658,"KLF9",1
"GOBP_CEREBELLAR_PURKINJE_CELL_LAYER_MORPHOGENESIS","GOBP_CEREBELLAR_PURKINJE_CELL_LAYER_MORPHOGENESIS","1/219","12/11404",0.207688223338008,0.411163387299513,0.31388524243658,"RORA",1
"GOBP_CHOLESTEROL_STORAGE","GOBP_CHOLESTEROL_STORAGE","1/219","12/11404",0.207688223338008,0.411163387299513,0.31388524243658,"PPARA",1
"GOBP_ENDOSOME_TO_PLASMA_MEMBRANE_PROTEIN_TRANSPORT","GOBP_ENDOSOME_TO_PLASMA_MEMBRANE_PROTEIN_TRANSPORT","1/219","12/11404",0.207688223338008,0.411163387299513,0.31388524243658,"ARHGAP44",1
"GOBP_EYELID_DEVELOPMENT_IN_CAMERA_TYPE_EYE","GOBP_EYELID_DEVELOPMENT_IN_CAMERA_TYPE_EYE","1/219","12/11404",0.207688223338008,0.411163387299513,0.31388524243658,"TFAP2A",1
"GOBP_GLYCOLIPID_CATABOLIC_PROCESS","GOBP_GLYCOLIPID_CATABOLIC_PROCESS","1/219","12/11404",0.207688223338008,0.411163387299513,0.31388524243658,"FUCA1",1
"GOBP_HAIR_FOLLICLE_MATURATION","GOBP_HAIR_FOLLICLE_MATURATION","1/219","12/11404",0.207688223338008,0.411163387299513,0.31388524243658,"WNT5A",1
"GOBP_HYALURONAN_BIOSYNTHETIC_PROCESS","GOBP_HYALURONAN_BIOSYNTHETIC_PROCESS","1/219","12/11404",0.207688223338008,0.411163387299513,0.31388524243658,"TGFB1",1
"GOBP_HYDROGEN_PEROXIDE_BIOSYNTHETIC_PROCESS","GOBP_HYDROGEN_PEROXIDE_BIOSYNTHETIC_PROCESS","1/219","12/11404",0.207688223338008,0.411163387299513,0.31388524243658,"CYP1A1",1
"GOBP_INFLAMMATORY_RESPONSE_TO_WOUNDING","GOBP_INFLAMMATORY_RESPONSE_TO_WOUNDING","1/219","12/11404",0.207688223338008,0.411163387299513,0.31388524243658,"TGFB1",1
"GOBP_INTESTINAL_EPITHELIAL_CELL_DEVELOPMENT","GOBP_INTESTINAL_EPITHELIAL_CELL_DEVELOPMENT","1/219","12/11404",0.207688223338008,0.411163387299513,0.31388524243658,"HOXA5",1
"GOBP_LABYRINTHINE_LAYER_MORPHOGENESIS","GOBP_LABYRINTHINE_LAYER_MORPHOGENESIS","1/219","12/11404",0.207688223338008,0.411163387299513,0.31388524243658,"WNT7B",1
"GOBP_LINOLEIC_ACID_METABOLIC_PROCESS","GOBP_LINOLEIC_ACID_METABOLIC_PROCESS","1/219","12/11404",0.207688223338008,0.411163387299513,0.31388524243658,"ALOXE3",1
"GOBP_MITOCHONDRION_DISTRIBUTION","GOBP_MITOCHONDRION_DISTRIBUTION","1/219","12/11404",0.207688223338008,0.411163387299513,0.31388524243658,"MAPT",1
"GOBP_MODIFICATION_OF_POSTSYNAPTIC_STRUCTURE","GOBP_MODIFICATION_OF_POSTSYNAPTIC_STRUCTURE","1/219","12/11404",0.207688223338008,0.411163387299513,0.31388524243658,"ARHGAP44",1
"GOBP_MORPHOGENESIS_OF_AN_EPITHELIAL_FOLD","GOBP_MORPHOGENESIS_OF_AN_EPITHELIAL_FOLD","1/219","12/11404",0.207688223338008,0.411163387299513,0.31388524243658,"WNT5A",1
"GOBP_NEGATIVE_REGULATION_OF_CELL_MIGRATION_INVOLVED_IN_SPROUTING_ANGIOGENESIS","GOBP_NEGATIVE_REGULATION_OF_CELL_MIGRATION_INVOLVED_IN_SPROUTING_ANGIOGENESIS","1/219","12/11404",0.207688223338008,0.411163387299513,0.31388524243658,"TBXA2R",1
"GOBP_NEGATIVE_REGULATION_OF_CYTOKINE_PRODUCTION_INVOLVED_IN_INFLAMMATORY_RESPONSE","GOBP_NEGATIVE_REGULATION_OF_CYTOKINE_PRODUCTION_INVOLVED_IN_INFLAMMATORY_RESPONSE","1/219","12/11404",0.207688223338008,0.411163387299513,0.31388524243658,"PPARA",1
"GOBP_NEGATIVE_REGULATION_OF_LYASE_ACTIVITY","GOBP_NEGATIVE_REGULATION_OF_LYASE_ACTIVITY","1/219","12/11404",0.207688223338008,0.411163387299513,0.31388524243658,"DRD2",1
"GOBP_NEGATIVE_REGULATION_OF_NUCLEOTIDE_METABOLIC_PROCESS","GOBP_NEGATIVE_REGULATION_OF_NUCLEOTIDE_METABOLIC_PROCESS","1/219","12/11404",0.207688223338008,0.411163387299513,0.31388524243658,"PPARA",1
"GOBP_NEGATIVE_REGULATION_OF_TYROSINE_PHOSPHORYLATION_OF_STAT_PROTEIN","GOBP_NEGATIVE_REGULATION_OF_TYROSINE_PHOSPHORYLATION_OF_STAT_PROTEIN","1/219","12/11404",0.207688223338008,0.411163387299513,0.31388524243658,"INPP5F",1
"GOBP_NEGATIVE_REGULATION_OF_VASCULAR_PERMEABILITY","GOBP_NEGATIVE_REGULATION_OF_VASCULAR_PERMEABILITY","1/219","12/11404",0.207688223338008,0.411163387299513,0.31388524243658,"PTPRJ",1
"GOBP_NEUROMUSCULAR_PROCESS_CONTROLLING_POSTURE","GOBP_NEUROMUSCULAR_PROCESS_CONTROLLING_POSTURE","1/219","12/11404",0.207688223338008,0.411163387299513,0.31388524243658,"ADARB1",1
"GOBP_ORGAN_OR_TISSUE_SPECIFIC_IMMUNE_RESPONSE","GOBP_ORGAN_OR_TISSUE_SPECIFIC_IMMUNE_RESPONSE","1/219","12/11404",0.207688223338008,0.411163387299513,0.31388524243658,"IL6",1
"GOBP_POSITIVE_REGULATION_OF_BROWN_FAT_CELL_DIFFERENTIATION","GOBP_POSITIVE_REGULATION_OF_BROWN_FAT_CELL_DIFFERENTIATION","1/219","12/11404",0.207688223338008,0.411163387299513,0.31388524243658,"PTGS2",1
"GOBP_POSITIVE_REGULATION_OF_CYTOKINE_PRODUCTION_INVOLVED_IN_INFLAMMATORY_RESPONSE","GOBP_POSITIVE_REGULATION_OF_CYTOKINE_PRODUCTION_INVOLVED_IN_INFLAMMATORY_RESPONSE","1/219","12/11404",0.207688223338008,0.411163387299513,0.31388524243658,"IL6",1
"GOBP_POSITIVE_REGULATION_OF_FATTY_ACID_OXIDATION","GOBP_POSITIVE_REGULATION_OF_FATTY_ACID_OXIDATION","1/219","12/11404",0.207688223338008,0.411163387299513,0.31388524243658,"PPARA",1
"GOBP_POSITIVE_REGULATION_OF_G_PROTEIN_COUPLED_RECEPTOR_SIGNALING_PATHWAY","GOBP_POSITIVE_REGULATION_OF_G_PROTEIN_COUPLED_RECEPTOR_SIGNALING_PATHWAY","1/219","12/11404",0.207688223338008,0.411163387299513,0.31388524243658,"DRD2",1
"GOBP_POSITIVE_REGULATION_OF_MYELOID_LEUKOCYTE_MEDIATED_IMMUNITY","GOBP_POSITIVE_REGULATION_OF_MYELOID_LEUKOCYTE_MEDIATED_IMMUNITY","1/219","12/11404",0.207688223338008,0.411163387299513,0.31388524243658,"HLA-E",1
"GOBP_POSITIVE_REGULATION_OF_T_CELL_RECEPTOR_SIGNALING_PATHWAY","GOBP_POSITIVE_REGULATION_OF_T_CELL_RECEPTOR_SIGNALING_PATHWAY","1/219","12/11404",0.207688223338008,0.411163387299513,0.31388524243658,"ADA",1
"GOBP_POST_ANAL_TAIL_MORPHOGENESIS","GOBP_POST_ANAL_TAIL_MORPHOGENESIS","1/219","12/11404",0.207688223338008,0.411163387299513,0.31388524243658,"WNT5A",1
"GOBP_PRIMARY_MIRNA_PROCESSING","GOBP_PRIMARY_MIRNA_PROCESSING","1/219","12/11404",0.207688223338008,0.411163387299513,0.31388524243658,"IL6",1
"GOBP_PURINE_CONTAINING_COMPOUND_SALVAGE","GOBP_PURINE_CONTAINING_COMPOUND_SALVAGE","1/219","12/11404",0.207688223338008,0.411163387299513,0.31388524243658,"ADA",1
"GOBP_REGULATION_OF_CELL_PROLIFERATION_INVOLVED_IN_KIDNEY_DEVELOPMENT","GOBP_REGULATION_OF_CELL_PROLIFERATION_INVOLVED_IN_KIDNEY_DEVELOPMENT","1/219","12/11404",0.207688223338008,0.411163387299513,0.31388524243658,"EGR1",1
"GOBP_REGULATION_OF_DENDRITE_EXTENSION","GOBP_REGULATION_OF_DENDRITE_EXTENSION","1/219","12/11404",0.207688223338008,0.411163387299513,0.31388524243658,"CACNG7",1
"GOBP_REGULATION_OF_URINE_VOLUME","GOBP_REGULATION_OF_URINE_VOLUME","1/219","12/11404",0.207688223338008,0.411163387299513,0.31388524243658,"DRD2",1
"GOBP_REGULATION_OF_VASCULAR_ASSOCIATED_SMOOTH_MUSCLE_CELL_DIFFERENTIATION","GOBP_REGULATION_OF_VASCULAR_ASSOCIATED_SMOOTH_MUSCLE_CELL_DIFFERENTIATION","1/219","12/11404",0.207688223338008,0.411163387299513,0.31388524243658,"NFATC2",1
"GOBP_REGULATION_OF_WNT_SIGNALING_PATHWAY_PLANAR_CELL_POLARITY_PATHWAY","GOBP_REGULATION_OF_WNT_SIGNALING_PATHWAY_PLANAR_CELL_POLARITY_PATHWAY","1/219","12/11404",0.207688223338008,0.411163387299513,0.31388524243658,"DACT1",1
"GOBP_RESPONSE_TO_FOLLICLE_STIMULATING_HORMONE","GOBP_RESPONSE_TO_FOLLICLE_STIMULATING_HORMONE","1/219","12/11404",0.207688223338008,0.411163387299513,0.31388524243658,"PLAT",1
"GOBP_SMAD_PROTEIN_COMPLEX_ASSEMBLY","GOBP_SMAD_PROTEIN_COMPLEX_ASSEMBLY","1/219","12/11404",0.207688223338008,0.411163387299513,0.31388524243658,"TGFB1",1
"GOBP_TRICARBOXYLIC_ACID_METABOLIC_PROCESS","GOBP_TRICARBOXYLIC_ACID_METABOLIC_PROCESS","1/219","12/11404",0.207688223338008,0.411163387299513,0.31388524243658,"IDH2",1
"GOBP_ACTIN_CYTOSKELETON_REORGANIZATION","GOBP_ACTIN_CYTOSKELETON_REORGANIZATION","3/219","82/11404",0.208637088698219,0.412112990044833,0.314610176361001,"S1PR2/MICALL2/HMCN1",3
"GOBP_CHONDROCYTE_DIFFERENTIATION","GOBP_CHONDROCYTE_DIFFERENTIATION","3/219","82/11404",0.208637088698219,0.412112990044833,0.314610176361001,"TGFB1/LTBP3/CCN4",3
"GOBP_ODONTOGENESIS","GOBP_ODONTOGENESIS","3/219","82/11404",0.208637088698219,0.412112990044833,0.314610176361001,"COL1A1/TFAP2A/PPARA",3
"GOBP_PROTEIN_HOMOOLIGOMERIZATION","GOBP_PROTEIN_HOMOOLIGOMERIZATION","4/219","123/11404",0.211347129861443,0.41715332373401,0.318458005255445,"KCND1/TRPM4/ALOX5AP/HCN1",4
"GOBP_CARDIAC_MUSCLE_CONTRACTION","GOBP_CARDIAC_MUSCLE_CONTRACTION","3/219","83/11404",0.213633747692131,0.417479208872741,0.318706788437355,"FGF12/TRPM4/GATA4",3
"GOBP_POSITIVE_REGULATION_OF_TRANSMEMBRANE_RECEPTOR_PROTEIN_SERINE_THREONINE_KINASE_SIGNALING_PATHWAY","GOBP_POSITIVE_REGULATION_OF_TRANSMEMBRANE_RECEPTOR_PROTEIN_SERINE_THREONINE_KINASE_SIGNALING_PATHWAY","3/219","83/11404",0.213633747692131,0.417479208872741,0.318706788437355,"TGFB1/HES1/GATA4",3
"GOBP_PLATELET_AGGREGATION","GOBP_PLATELET_AGGREGATION","2/219","45/11404",0.213828416713985,0.417479208872741,0.318706788437355,"IL6/ABAT",2
"GOBP_POSITIVE_REGULATION_OF_DNA_BINDING","GOBP_POSITIVE_REGULATION_OF_DNA_BINDING","2/219","45/11404",0.213828416713985,0.417479208872741,0.318706788437355,"TGFB1/HES1",2
"GOBP_REGULATION_OF_ESTABLISHMENT_OF_PROTEIN_LOCALIZATION_TO_MITOCHONDRION","GOBP_REGULATION_OF_ESTABLISHMENT_OF_PROTEIN_LOCALIZATION_TO_MITOCHONDRION","2/219","45/11404",0.213828416713985,0.417479208872741,0.318706788437355,"MICALL2/MAPT",2
"GOBP_REGULATION_OF_RECEPTOR_INTERNALIZATION","GOBP_REGULATION_OF_RECEPTOR_INTERNALIZATION","2/219","45/11404",0.213828416713985,0.417479208872741,0.318706788437355,"DRD2/ARRB1",2
"GOBP_VASCULAR_ASSOCIATED_SMOOTH_MUSCLE_CELL_PROLIFERATION","GOBP_VASCULAR_ASSOCIATED_SMOOTH_MUSCLE_CELL_PROLIFERATION","2/219","45/11404",0.213828416713985,0.417479208872741,0.318706788437355,"MMP2/S1PR2",2
"GOBP_TRANSMEMBRANE_RECEPTOR_PROTEIN_TYROSINE_KINASE_SIGNALING_PATHWAY","GOBP_TRANSMEMBRANE_RECEPTOR_PROTEIN_TYROSINE_KINASE_SIGNALING_PATHWAY","11/219","435/11404",0.215437512111212,0.417479208872741,0.318706788437355,"MMP2/TGFA/SHC4/WNT5A/COL1A1/PLAT/TGFB1/ERBB3/FGF12/PTPRJ/ZFYVE28",11
"GOBP_PROTEIN_PROCESSING","GOBP_PROTEIN_PROCESSING","5/219","167/11404",0.218174769980923,0.417479208872741,0.318706788437355,"PLAT/C1R/C1RL/GRIN2A/CORIN",5
"GOBP_CELL_MIGRATION_INVOLVED_IN_SPROUTING_ANGIOGENESIS","GOBP_CELL_MIGRATION_INVOLVED_IN_SPROUTING_ANGIOGENESIS","2/219","46/11404",0.220910382111658,0.417479208872741,0.318706788437355,"TBXA2R/PTGS2",2
"GOBP_MEMBRANE_INVAGINATION","GOBP_MEMBRANE_INVAGINATION","2/219","46/11404",0.220910382111658,0.417479208872741,0.318706788437355,"SPIRE2/XKR4",2
"GOBP_NEGATIVE_REGULATION_OF_MUSCLE_CELL_DIFFERENTIATION","GOBP_NEGATIVE_REGULATION_OF_MUSCLE_CELL_DIFFERENTIATION","2/219","46/11404",0.220910382111658,0.417479208872741,0.318706788437355,"PPARA/NFATC2",2
"GOBP_PLATELET_DERIVED_GROWTH_FACTOR_RECEPTOR_SIGNALING_PATHWAY","GOBP_PLATELET_DERIVED_GROWTH_FACTOR_RECEPTOR_SIGNALING_PATHWAY","2/219","46/11404",0.220910382111658,0.417479208872741,0.318706788437355,"PLAT/PTPRJ",2
"GOBP_POSITIVE_REGULATION_OF_REACTIVE_OXYGEN_SPECIES_METABOLIC_PROCESS","GOBP_POSITIVE_REGULATION_OF_REACTIVE_OXYGEN_SPECIES_METABOLIC_PROCESS","2/219","46/11404",0.220910382111658,0.417479208872741,0.318706788437355,"TGFB1/MAPT",2
"GOBP_POSITIVE_REGULATION_OF_RESPONSE_TO_WOUNDING","GOBP_POSITIVE_REGULATION_OF_RESPONSE_TO_WOUNDING","2/219","46/11404",0.220910382111658,0.417479208872741,0.318706788437355,"TBXA2R/CCN4",2
"GOBP_REGULATION_OF_HEART_GROWTH","GOBP_REGULATION_OF_HEART_GROWTH","2/219","46/11404",0.220910382111658,0.417479208872741,0.318706788437355,"PPARA/MAPK11",2
"GOBP_REGULATION_OF_JUN_KINASE_ACTIVITY","GOBP_REGULATION_OF_JUN_KINASE_ACTIVITY","2/219","46/11404",0.220910382111658,0.417479208872741,0.318706788437355,"WNT5A/TNFRSF11A",2
"GOBP_REGULATION_OF_PHOSPHOPROTEIN_PHOSPHATASE_ACTIVITY","GOBP_REGULATION_OF_PHOSPHOPROTEIN_PHOSPHATASE_ACTIVITY","2/219","46/11404",0.220910382111658,0.417479208872741,0.318706788437355,"DRD2/RCAN1",2
"GOBP_SYNAPTIC_VESICLE_LOCALIZATION","GOBP_SYNAPTIC_VESICLE_LOCALIZATION","2/219","46/11404",0.220910382111658,0.417479208872741,0.318706788437355,"CNIH2/AP3B2",2
"GOBP_RESPONSE_TO_PEPTIDE","GOBP_RESPONSE_TO_PEPTIDE","9/219","346/11404",0.221616792451311,0.417479208872741,0.318706788437355,"MMP2/EGR1/COL1A1/PLAT/PPARA/PTGS2/GRIN2A/EGR2/SERPINF1",9
"GOBP_3_PHOSPHOADENOSINE_5_PHOSPHOSULFATE_METABOLIC_PROCESS","GOBP_3_PHOSPHOADENOSINE_5_PHOSPHOSULFATE_METABOLIC_PROCESS","1/219","13/11404",0.222919638286128,0.417479208872741,0.318706788437355,"SLC26A2",1
"GOBP_ADENYLATE_CYCLASE_ACTIVATING_ADRENERGIC_RECEPTOR_SIGNALING_PATHWAY","GOBP_ADENYLATE_CYCLASE_ACTIVATING_ADRENERGIC_RECEPTOR_SIGNALING_PATHWAY","1/219","13/11404",0.222919638286128,0.417479208872741,0.318706788437355,"DRD2",1
"GOBP_ALDITOL_METABOLIC_PROCESS","GOBP_ALDITOL_METABOLIC_PROCESS","1/219","13/11404",0.222919638286128,0.417479208872741,0.318706788437355,"COQ2",1
"GOBP_ASPARTATE_FAMILY_AMINO_ACID_CATABOLIC_PROCESS","GOBP_ASPARTATE_FAMILY_AMINO_ACID_CATABOLIC_PROCESS","1/219","13/11404",0.222919638286128,0.417479208872741,0.318706788437355,"HYKK",1
"GOBP_ATRIAL_CARDIAC_MUSCLE_CELL_TO_AV_NODE_CELL_SIGNALING","GOBP_ATRIAL_CARDIAC_MUSCLE_CELL_TO_AV_NODE_CELL_SIGNALING","1/219","13/11404",0.222919638286128,0.417479208872741,0.318706788437355,"TRPM4",1
"GOBP_BRANCH_ELONGATION_OF_AN_EPITHELIUM","GOBP_BRANCH_ELONGATION_OF_AN_EPITHELIUM","1/219","13/11404",0.222919638286128,0.417479208872741,0.318706788437355,"WNT5A",1
"GOBP_CELL_DIFFERENTIATION_IN_HINDBRAIN","GOBP_CELL_DIFFERENTIATION_IN_HINDBRAIN","1/219","13/11404",0.222919638286128,0.417479208872741,0.318706788437355,"RORA",1
"GOBP_CHEMOKINE_C_X_C_MOTIF_LIGAND_2_PRODUCTION","GOBP_CHEMOKINE_C_X_C_MOTIF_LIGAND_2_PRODUCTION","1/219","13/11404",0.222919638286128,0.417479208872741,0.318706788437355,"CD74",1
"GOBP_CONVERGENT_EXTENSION","GOBP_CONVERGENT_EXTENSION","1/219","13/11404",0.222919638286128,0.417479208872741,0.318706788437355,"WNT5A",1
"GOBP_DENDRITIC_CELL_MIGRATION","GOBP_DENDRITIC_CELL_MIGRATION","1/219","13/11404",0.222919638286128,0.417479208872741,0.318706788437355,"TRPM4",1
"GOBP_DETECTION_OF_MECHANICAL_STIMULUS_INVOLVED_IN_SENSORY_PERCEPTION","GOBP_DETECTION_OF_MECHANICAL_STIMULUS_INVOLVED_IN_SENSORY_PERCEPTION","1/219","13/11404",0.222919638286128,0.417479208872741,0.318706788437355,"PDZD7",1
"GOBP_EPITHELIAL_CELL_MATURATION","GOBP_EPITHELIAL_CELL_MATURATION","1/219","13/11404",0.222919638286128,0.417479208872741,0.318706788437355,"HOXA5",1
"GOBP_GLYCOSIDE_METABOLIC_PROCESS","GOBP_GLYCOSIDE_METABOLIC_PROCESS","1/219","13/11404",0.222919638286128,0.417479208872741,0.318706788437355,"FUCA1",1
"GOBP_GMP_BIOSYNTHETIC_PROCESS","GOBP_GMP_BIOSYNTHETIC_PROCESS","1/219","13/11404",0.222919638286128,0.417479208872741,0.318706788437355,"ADA",1
"GOBP_HEART_FIELD_SPECIFICATION","GOBP_HEART_FIELD_SPECIFICATION","1/219","13/11404",0.222919638286128,0.417479208872741,0.318706788437355,"WNT5A",1
"GOBP_INTERLEUKIN_13_PRODUCTION","GOBP_INTERLEUKIN_13_PRODUCTION","1/219","13/11404",0.222919638286128,0.417479208872741,0.318706788437355,"HLA-E",1
"GOBP_NEGATIVE_REGULATION_OF_CALCIUM_MEDIATED_SIGNALING","GOBP_NEGATIVE_REGULATION_OF_CALCIUM_MEDIATED_SIGNALING","1/219","13/11404",0.222919638286128,0.417479208872741,0.318706788437355,"RCAN1",1
"GOBP_NEGATIVE_REGULATION_OF_EPIDERMAL_GROWTH_FACTOR_ACTIVATED_RECEPTOR_ACTIVITY","GOBP_NEGATIVE_REGULATION_OF_EPIDERMAL_GROWTH_FACTOR_ACTIVATED_RECEPTOR_ACTIVITY","1/219","13/11404",0.222919638286128,0.417479208872741,0.318706788437355,"ZFYVE28",1
"GOBP_NEGATIVE_REGULATION_OF_NEURAL_PRECURSOR_CELL_PROLIFERATION","GOBP_NEGATIVE_REGULATION_OF_NEURAL_PRECURSOR_CELL_PROLIFERATION","1/219","13/11404",0.222919638286128,0.417479208872741,0.318706788437355,"WNT5A",1
"GOBP_NEGATIVE_REGULATION_OF_PLATELET_ACTIVATION","GOBP_NEGATIVE_REGULATION_OF_PLATELET_ACTIVATION","1/219","13/11404",0.222919638286128,0.417479208872741,0.318706788437355,"ABAT",1
"GOBP_NEGATIVE_REGULATION_OF_SMOOTH_MUSCLE_CELL_DIFFERENTIATION","GOBP_NEGATIVE_REGULATION_OF_SMOOTH_MUSCLE_CELL_DIFFERENTIATION","1/219","13/11404",0.222919638286128,0.417479208872741,0.318706788437355,"NFATC2",1
"GOBP_NEGATIVE_REGULATION_OF_SMOOTH_MUSCLE_CONTRACTION","GOBP_NEGATIVE_REGULATION_OF_SMOOTH_MUSCLE_CONTRACTION","1/219","13/11404",0.222919638286128,0.417479208872741,0.318706788437355,"PTGS2",1
"GOBP_NEGATIVE_REGULATION_OF_SODIUM_ION_TRANSPORT","GOBP_NEGATIVE_REGULATION_OF_SODIUM_ION_TRANSPORT","1/219","13/11404",0.222919638286128,0.417479208872741,0.318706788437355,"HECW1",1
"GOBP_NEUTROPHIL_HOMEOSTASIS","GOBP_NEUTROPHIL_HOMEOSTASIS","1/219","13/11404",0.222919638286128,0.417479208872741,0.318706788437355,"IL6",1
"GOBP_NOTOCHORD_DEVELOPMENT","GOBP_NOTOCHORD_DEVELOPMENT","1/219","13/11404",0.222919638286128,0.417479208872741,0.318706788437355,"WNT5A",1
"GOBP_OLEFINIC_COMPOUND_BIOSYNTHETIC_PROCESS","GOBP_OLEFINIC_COMPOUND_BIOSYNTHETIC_PROCESS","1/219","13/11404",0.222919638286128,0.417479208872741,0.318706788437355,"EGR1",1
"GOBP_PERICARDIUM_DEVELOPMENT","GOBP_PERICARDIUM_DEVELOPMENT","1/219","13/11404",0.222919638286128,0.417479208872741,0.318706788437355,"WNT5A",1
"GOBP_PHOSPHATE_ION_TRANSMEMBRANE_TRANSPORT","GOBP_PHOSPHATE_ION_TRANSMEMBRANE_TRANSPORT","1/219","13/11404",0.222919638286128,0.417479208872741,0.318706788437355,"SLC37A1",1
"GOBP_POSITIVE_REGULATION_OF_CYTOSOLIC_CALCIUM_ION_CONCENTRATION_INVOLVED_IN_PHOSPHOLIPASE_C_ACTIVATING_G_PROTEIN_COUPLED_SIGNALING_PATHWAY","GOBP_POSITIVE_REGULATION_OF_CYTOSOLIC_CALCIUM_ION_CONCENTRATION_INVOLVED_IN_PHOSPHOLIPASE_C_ACTIVATING_G_PROTEIN_COUPLED_SIGNALING_PATHWAY","1/219","13/11404",0.222919638286128,0.417479208872741,0.318706788437355,"DRD2",1
"GOBP_POSITIVE_REGULATION_OF_GLUCONEOGENESIS","GOBP_POSITIVE_REGULATION_OF_GLUCONEOGENESIS","1/219","13/11404",0.222919638286128,0.417479208872741,0.318706788437355,"PPARA",1
"GOBP_POSITIVE_REGULATION_OF_INTERLEUKIN_4_PRODUCTION","GOBP_POSITIVE_REGULATION_OF_INTERLEUKIN_4_PRODUCTION","1/219","13/11404",0.222919638286128,0.417479208872741,0.318706788437355,"HLA-E",1
"GOBP_POSITIVE_REGULATION_OF_LEUKOCYTE_ADHESION_TO_VASCULAR_ENDOTHELIAL_CELL","GOBP_POSITIVE_REGULATION_OF_LEUKOCYTE_ADHESION_TO_VASCULAR_ENDOTHELIAL_CELL","1/219","13/11404",0.222919638286128,0.417479208872741,0.318706788437355,"IL6",1
"GOBP_POSITIVE_REGULATION_OF_MYELINATION","GOBP_POSITIVE_REGULATION_OF_MYELINATION","1/219","13/11404",0.222919638286128,0.417479208872741,0.318706788437355,"EGR2",1
"GOBP_POSITIVE_REGULATION_OF_NON_CANONICAL_WNT_SIGNALING_PATHWAY","GOBP_POSITIVE_REGULATION_OF_NON_CANONICAL_WNT_SIGNALING_PATHWAY","1/219","13/11404",0.222919638286128,0.417479208872741,0.318706788437355,"WNT5A",1
"GOBP_POSITIVE_REGULATION_OF_NUCLEOTIDE_BIOSYNTHETIC_PROCESS","GOBP_POSITIVE_REGULATION_OF_NUCLEOTIDE_BIOSYNTHETIC_PROCESS","1/219","13/11404",0.222919638286128,0.417479208872741,0.318706788437355,"PPARA",1
"GOBP_POSITIVE_REGULATION_OF_VASCULAR_PERMEABILITY","GOBP_POSITIVE_REGULATION_OF_VASCULAR_PERMEABILITY","1/219","13/11404",0.222919638286128,0.417479208872741,0.318706788437355,"TGFB1",1
"GOBP_POTASSIUM_ION_HOMEOSTASIS","GOBP_POTASSIUM_ION_HOMEOSTASIS","1/219","13/11404",0.222919638286128,0.417479208872741,0.318706788437355,"SLC12A8",1
"GOBP_REGULATION_OF_CARDIAC_MUSCLE_CELL_DIFFERENTIATION","GOBP_REGULATION_OF_CARDIAC_MUSCLE_CELL_DIFFERENTIATION","1/219","13/11404",0.222919638286128,0.417479208872741,0.318706788437355,"TGFB1",1
"GOBP_REGULATION_OF_CD8_POSITIVE_ALPHA_BETA_T_CELL_ACTIVATION","GOBP_REGULATION_OF_CD8_POSITIVE_ALPHA_BETA_T_CELL_ACTIVATION","1/219","13/11404",0.222919638286128,0.417479208872741,0.318706788437355,"HLA-E",1
"GOBP_REGULATION_OF_HAIR_FOLLICLE_DEVELOPMENT","GOBP_REGULATION_OF_HAIR_FOLLICLE_DEVELOPMENT","1/219","13/11404",0.222919638286128,0.417479208872741,0.318706788437355,"WNT5A",1
"GOBP_REGULATION_OF_HISTONE_H4_ACETYLATION","GOBP_REGULATION_OF_HISTONE_H4_ACETYLATION","1/219","13/11404",0.222919638286128,0.417479208872741,0.318706788437355,"ARRB1",1
"GOBP_REGULATION_OF_MICROGLIAL_CELL_ACTIVATION","GOBP_REGULATION_OF_MICROGLIAL_CELL_ACTIVATION","1/219","13/11404",0.222919638286128,0.417479208872741,0.318706788437355,"IL6",1
"GOBP_REGULATION_OF_RETINOIC_ACID_RECEPTOR_SIGNALING_PATHWAY","GOBP_REGULATION_OF_RETINOIC_ACID_RECEPTOR_SIGNALING_PATHWAY","1/219","13/11404",0.222919638286128,0.417479208872741,0.318706788437355,"DHRS3",1
"GOBP_REGULATION_OF_TRANSCRIPTION_FROM_RNA_POLYMERASE_II_PROMOTER_IN_RESPONSE_TO_HYPOXIA","GOBP_REGULATION_OF_TRANSCRIPTION_FROM_RNA_POLYMERASE_II_PROMOTER_IN_RESPONSE_TO_HYPOXIA","1/219","13/11404",0.222919638286128,0.417479208872741,0.318706788437355,"EGR1",1
"GOBP_REPRODUCTIVE_BEHAVIOR","GOBP_REPRODUCTIVE_BEHAVIOR","1/219","13/11404",0.222919638286128,0.417479208872741,0.318706788437355,"NHLH2",1
"GOBP_RESPONSE_TO_HYDROPEROXIDE","GOBP_RESPONSE_TO_HYDROPEROXIDE","1/219","13/11404",0.222919638286128,0.417479208872741,0.318706788437355,"CD38",1
"GOBP_RETINA_LAYER_FORMATION","GOBP_RETINA_LAYER_FORMATION","1/219","13/11404",0.222919638286128,0.417479208872741,0.318706788437355,"TFAP2A",1
"GOBP_RIBONUCLEOSIDE_CATABOLIC_PROCESS","GOBP_RIBONUCLEOSIDE_CATABOLIC_PROCESS","1/219","13/11404",0.222919638286128,0.417479208872741,0.318706788437355,"ADA",1
"GOBP_SYMPATHETIC_NERVOUS_SYSTEM_DEVELOPMENT","GOBP_SYMPATHETIC_NERVOUS_SYSTEM_DEVELOPMENT","1/219","13/11404",0.222919638286128,0.417479208872741,0.318706788437355,"SEMA3A",1
"GOBP_TERPENOID_BIOSYNTHETIC_PROCESS","GOBP_TERPENOID_BIOSYNTHETIC_PROCESS","1/219","13/11404",0.222919638286128,0.417479208872741,0.318706788437355,"CYP1A1",1
"GOBP_UTERUS_DEVELOPMENT","GOBP_UTERUS_DEVELOPMENT","1/219","13/11404",0.222919638286128,0.417479208872741,0.318706788437355,"WNT5A",1
"GOBP_XENOBIOTIC_CATABOLIC_PROCESS","GOBP_XENOBIOTIC_CATABOLIC_PROCESS","1/219","13/11404",0.222919638286128,0.417479208872741,0.318706788437355,"CYP1A1",1
"GOBP_REGULATION_OF_CELLULAR_RESPONSE_TO_GROWTH_FACTOR_STIMULUS","GOBP_REGULATION_OF_CELLULAR_RESPONSE_TO_GROWTH_FACTOR_STIMULUS","6/219","212/11404",0.22321836345309,0.417741752627054,0.318907216326895,"WNT5A/TGFB1/HES1/PPARA/LTBP4/GATA4",6
"GOBP_NEGATIVE_REGULATION_OF_LYMPHOCYTE_ACTIVATION","GOBP_NEGATIVE_REGULATION_OF_LYMPHOCYTE_ACTIVATION","3/219","85/11404",0.22370276414025,0.417758173996853,0.318919752524912,"HLA-DRB1/CD74/HLA-F",3
"GOBP_POSITIVE_REGULATION_OF_SMALL_MOLECULE_METABOLIC_PROCESS","GOBP_POSITIVE_REGULATION_OF_SMALL_MOLECULE_METABOLIC_PROCESS","3/219","85/11404",0.22370276414025,0.417758173996853,0.318919752524912,"CD74/PPARA/PTGS2",3
"GOBP_REGULATION_OF_LIPID_TRANSPORT","GOBP_REGULATION_OF_LIPID_TRANSPORT","3/219","85/11404",0.22370276414025,0.417758173996853,0.318919752524912,"PTGES/PPARA/TNFRSF11A",3
"GOBP_NEGATIVE_REGULATION_OF_PHOSPHORYLATION","GOBP_NEGATIVE_REGULATION_OF_PHOSPHORYLATION","8/219","302/11404",0.225155815894655,0.420173919888397,0.320763951226097,"DRD2/TGFB1/PPARA/ADARB1/INPP5F/PTPRJ/ZFYVE28/MAPT",8
"GOBP_NEURAL_TUBE_DEVELOPMENT","GOBP_NEURAL_TUBE_DEVELOPMENT","4/219","127/11404",0.227586975402236,0.424001463935555,0.323685927326814,"DACT1/WNT5A/TGFB1/HES1",4
"GOBP_DSRNA_PROCESSING","GOBP_DSRNA_PROCESSING","2/219","47/11404",0.228011413433276,0.424001463935555,0.323685927326814,"TGFB1/IL6",2
"GOBP_LYMPHOCYTE_HOMEOSTASIS","GOBP_LYMPHOCYTE_HOMEOSTASIS","2/219","47/11404",0.228011413433276,0.424001463935555,0.323685927326814,"CD74/ADA",2
"GOBP_MORPHOGENESIS_OF_AN_EPITHELIAL_SHEET","GOBP_MORPHOGENESIS_OF_AN_EPITHELIAL_SHEET","2/219","47/11404",0.228011413433276,0.424001463935555,0.323685927326814,"WNT5A/COL5A1",2
"GOBP_REGULATION_OF_EMBRYONIC_DEVELOPMENT","GOBP_REGULATION_OF_EMBRYONIC_DEVELOPMENT","2/219","47/11404",0.228011413433276,0.424001463935555,0.323685927326814,"HES1/LAMA4",2
"GOBP_CILIUM_MOVEMENT","GOBP_CILIUM_MOVEMENT","3/219","86/11404",0.228772415925982,0.424517828144339,0.324080123672758,"ROPN1/CCDC40/ROPN1B",3
"GOBP_DETOXIFICATION","GOBP_DETOXIFICATION","3/219","86/11404",0.228772415925982,0.424517828144339,0.324080123672758,"PTGES/PTGS2/ALOX5AP",3
"GOBP_POSITIVE_REGULATION_OF_INNATE_IMMUNE_RESPONSE","GOBP_POSITIVE_REGULATION_OF_INNATE_IMMUNE_RESPONSE","3/219","86/11404",0.228772415925982,0.424517828144339,0.324080123672758,"HLA-E/WNT5A/HLA-F",3
"GOBP_REGULATION_OF_PROTEIN_KINASE_ACTIVITY","GOBP_REGULATION_OF_PROTEIN_KINASE_ACTIVITY","12/219","488/11404",0.228951028722308,0.424550289010051,0.324104904543377,"TGFA/EGR1/WNT5A/DRD2/TGFB1/MAPRE3/ERBB3/ADARB1/PTPRJ/ZFYVE28/TNFRSF11A/CDK5R2",12
"GOBP_REGULATION_OF_CATION_TRANSMEMBRANE_TRANSPORT","GOBP_REGULATION_OF_CATION_TRANSMEMBRANE_TRANSPORT","6/219","214/11404",0.229430392314475,0.425140002636176,0.324555096389786,"DRD2/CACNG7/FGF12/CNIH2/SHANK3/HECW1",6
"GOBP_POSITIVE_REGULATION_OF_CELL_CYCLE","GOBP_POSITIVE_REGULATION_OF_CELL_CYCLE","7/219","259/11404",0.230761954217723,0.426657542041416,0.325713597459761,"TGFA/WNT5A/DRD2/HES1/MAPRE3/CDK5R2/CYP1A1",7
"GOBP_CAMERA_TYPE_EYE_MORPHOGENESIS","GOBP_CAMERA_TYPE_EYE_MORPHOGENESIS","3/219","87/11404",0.233863717576499,0.426657542041416,0.325713597459761,"WNT5A/TFAP2A/HCN1",3
"GOBP_ATP_BIOSYNTHETIC_PROCESS","GOBP_ATP_BIOSYNTHETIC_PROCESS","2/219","48/11404",0.235128184892695,0.426657542041416,0.325713597459761,"TGFB1/PPARA",2
"GOBP_MEMBRANE_DEPOLARIZATION","GOBP_MEMBRANE_DEPOLARIZATION","2/219","48/11404",0.235128184892695,0.426657542041416,0.325713597459761,"TRPM4/HCN1",2
"GOBP_NEURAL_NUCLEUS_DEVELOPMENT","GOBP_NEURAL_NUCLEUS_DEVELOPMENT","2/219","48/11404",0.235128184892695,0.426657542041416,0.325713597459761,"KIRREL3/CDK5R2",2
"GOBP_POSITIVE_REGULATION_OF_BLOOD_VESSEL_ENDOTHELIAL_CELL_MIGRATION","GOBP_POSITIVE_REGULATION_OF_BLOOD_VESSEL_ENDOTHELIAL_CELL_MIGRATION","2/219","48/11404",0.235128184892695,0.426657542041416,0.325713597459761,"TGFB1/PTGS2",2
"GOBP_MICROTUBULE_BASED_TRANSPORT","GOBP_MICROTUBULE_BASED_TRANSPORT","5/219","172/11404",0.235715095746048,0.426657542041416,0.325713597459761,"CNIH2/IFT27/MAPT/CCDC40/AP3B2",5
"GOBP_EPITHELIAL_TO_MESENCHYMAL_TRANSITION","GOBP_EPITHELIAL_TO_MESENCHYMAL_TRANSITION","4/219","129/11404",0.235824240456372,0.426657542041416,0.325713597459761,"WNT5A/COL1A1/TGFB1/IL6",4
"GOBP_AMP_BIOSYNTHETIC_PROCESS","GOBP_AMP_BIOSYNTHETIC_PROCESS","1/219","14/11404",0.237859555695955,0.426657542041416,0.325713597459761,"ADA",1
"GOBP_APICAL_PROTEIN_LOCALIZATION","GOBP_APICAL_PROTEIN_LOCALIZATION","1/219","14/11404",0.237859555695955,0.426657542041416,0.325713597459761,"HCN1",1
"GOBP_CAMERA_TYPE_EYE_PHOTORECEPTOR_CELL_DIFFERENTIATION","GOBP_CAMERA_TYPE_EYE_PHOTORECEPTOR_CELL_DIFFERENTIATION","1/219","14/11404",0.237859555695955,0.426657542041416,0.325713597459761,"HCN1",1
"GOBP_CAMP_METABOLIC_PROCESS","GOBP_CAMP_METABOLIC_PROCESS","1/219","14/11404",0.237859555695955,0.426657542041416,0.325713597459761,"PDE8B",1
"GOBP_CARDIAC_NEURAL_CREST_CELL_DIFFERENTIATION_INVOLVED_IN_HEART_DEVELOPMENT","GOBP_CARDIAC_NEURAL_CREST_CELL_DIFFERENTIATION_INVOLVED_IN_HEART_DEVELOPMENT","1/219","14/11404",0.237859555695955,0.426657542041416,0.325713597459761,"HES1",1
"GOBP_CARDIOBLAST_DIFFERENTIATION","GOBP_CARDIOBLAST_DIFFERENTIATION","1/219","14/11404",0.237859555695955,0.426657542041416,0.325713597459761,"GATA4",1
"GOBP_CELL_MIGRATION_IN_HINDBRAIN","GOBP_CELL_MIGRATION_IN_HINDBRAIN","1/219","14/11404",0.237859555695955,0.426657542041416,0.325713597459761,"NHLH2",1
"GOBP_CELLULAR_RESPONSE_TO_GONADOTROPIN_STIMULUS","GOBP_CELLULAR_RESPONSE_TO_GONADOTROPIN_STIMULUS","1/219","14/11404",0.237859555695955,0.426657542041416,0.325713597459761,"PLAT",1
"GOBP_CELLULAR_RESPONSE_TO_STEROL","GOBP_CELLULAR_RESPONSE_TO_STEROL","1/219","14/11404",0.237859555695955,0.426657542041416,0.325713597459761,"RORA",1
"GOBP_ESTABLISHMENT_OF_PLANAR_POLARITY_OF_EMBRYONIC_EPITHELIUM","GOBP_ESTABLISHMENT_OF_PLANAR_POLARITY_OF_EMBRYONIC_EPITHELIUM","1/219","14/11404",0.237859555695955,0.426657542041416,0.325713597459761,"WNT5A",1
"GOBP_FOREBRAIN_REGIONALIZATION","GOBP_FOREBRAIN_REGIONALIZATION","1/219","14/11404",0.237859555695955,0.426657542041416,0.325713597459761,"WNT7B",1
"GOBP_INTERLEUKIN_6_MEDIATED_SIGNALING_PATHWAY","GOBP_INTERLEUKIN_6_MEDIATED_SIGNALING_PATHWAY","1/219","14/11404",0.237859555695955,0.426657542041416,0.325713597459761,"IL6",1
"GOBP_INTERMEDIATE_FILAMENT_ORGANIZATION","GOBP_INTERMEDIATE_FILAMENT_ORGANIZATION","1/219","14/11404",0.237859555695955,0.426657542041416,0.325713597459761,"KRT14",1
"GOBP_LEUKOTRIENE_METABOLIC_PROCESS","GOBP_LEUKOTRIENE_METABOLIC_PROCESS","1/219","14/11404",0.237859555695955,0.426657542041416,0.325713597459761,"ALOX5AP",1
"GOBP_MAMMARY_GLAND_EPITHELIAL_CELL_DIFFERENTIATION","GOBP_MAMMARY_GLAND_EPITHELIAL_CELL_DIFFERENTIATION","1/219","14/11404",0.237859555695955,0.426657542041416,0.325713597459761,"HOXA5",1
"GOBP_MYELOID_DENDRITIC_CELL_DIFFERENTIATION","GOBP_MYELOID_DENDRITIC_CELL_DIFFERENTIATION","1/219","14/11404",0.237859555695955,0.426657542041416,0.325713597459761,"DHRS2",1
"GOBP_N_ACETYLGLUCOSAMINE_METABOLIC_PROCESS","GOBP_N_ACETYLGLUCOSAMINE_METABOLIC_PROCESS","1/219","14/11404",0.237859555695955,0.426657542041416,0.325713597459761,"CHST1",1
"GOBP_NEGATIVE_REGULATION_OF_ANION_TRANSPORT","GOBP_NEGATIVE_REGULATION_OF_ANION_TRANSPORT","1/219","14/11404",0.237859555695955,0.426657542041416,0.325713597459761,"ABAT",1
"GOBP_NEGATIVE_REGULATION_OF_MYOBLAST_DIFFERENTIATION","GOBP_NEGATIVE_REGULATION_OF_MYOBLAST_DIFFERENTIATION","1/219","14/11404",0.237859555695955,0.426657542041416,0.325713597459761,"TGFB1",1
"GOBP_NEGATIVE_REGULATION_OF_VIRAL_TRANSCRIPTION","GOBP_NEGATIVE_REGULATION_OF_VIRAL_TRANSCRIPTION","1/219","14/11404",0.237859555695955,0.426657542041416,0.325713597459761,"MID2",1
"GOBP_NUCLEOBASE_CONTAINING_SMALL_MOLECULE_BIOSYNTHETIC_PROCESS","GOBP_NUCLEOBASE_CONTAINING_SMALL_MOLECULE_BIOSYNTHETIC_PROCESS","1/219","14/11404",0.237859555695955,0.426657542041416,0.325713597459761,"ADA",1
"GOBP_NUCLEOSIDE_MONOPHOSPHATE_CATABOLIC_PROCESS","GOBP_NUCLEOSIDE_MONOPHOSPHATE_CATABOLIC_PROCESS","1/219","14/11404",0.237859555695955,0.426657542041416,0.325713597459761,"ADA",1
"GOBP_PARAXIAL_MESODERM_DEVELOPMENT","GOBP_PARAXIAL_MESODERM_DEVELOPMENT","1/219","14/11404",0.237859555695955,0.426657542041416,0.325713597459761,"WNT5A",1
"GOBP_POSITIVE_REGULATION_OF_LEUKOCYTE_DEGRANULATION","GOBP_POSITIVE_REGULATION_OF_LEUKOCYTE_DEGRANULATION","1/219","14/11404",0.237859555695955,0.426657542041416,0.325713597459761,"HLA-F",1
"GOBP_POSITIVE_REGULATION_OF_MEIOTIC_CELL_CYCLE","GOBP_POSITIVE_REGULATION_OF_MEIOTIC_CELL_CYCLE","1/219","14/11404",0.237859555695955,0.426657542041416,0.325713597459761,"WNT5A",1
"GOBP_POSITIVE_REGULATION_OF_MUSCLE_TISSUE_DEVELOPMENT","GOBP_POSITIVE_REGULATION_OF_MUSCLE_TISSUE_DEVELOPMENT","1/219","14/11404",0.237859555695955,0.426657542041416,0.325713597459761,"ERBB3",1
"GOBP_POSTSYNAPTIC_SPECIALIZATION_ASSEMBLY","GOBP_POSTSYNAPTIC_SPECIALIZATION_ASSEMBLY","1/219","14/11404",0.237859555695955,0.426657542041416,0.325713597459761,"SHANK3",1
"GOBP_PURINE_DEOXYRIBONUCLEOTIDE_METABOLIC_PROCESS","GOBP_PURINE_DEOXYRIBONUCLEOTIDE_METABOLIC_PROCESS","1/219","14/11404",0.237859555695955,0.426657542041416,0.325713597459761,"ADA",1
"GOBP_REGULATION_OF_ENDOTHELIAL_CELL_DEVELOPMENT","GOBP_REGULATION_OF_ENDOTHELIAL_CELL_DEVELOPMENT","1/219","14/11404",0.237859555695955,0.426657542041416,0.325713597459761,"S1PR2",1
"GOBP_REGULATION_OF_EXTRACELLULAR_MATRIX_ASSEMBLY","GOBP_REGULATION_OF_EXTRACELLULAR_MATRIX_ASSEMBLY","1/219","14/11404",0.237859555695955,0.426657542041416,0.325713597459761,"TGFB1",1
"GOBP_REGULATION_OF_KETONE_BIOSYNTHETIC_PROCESS","GOBP_REGULATION_OF_KETONE_BIOSYNTHETIC_PROCESS","1/219","14/11404",0.237859555695955,0.426657542041416,0.325713597459761,"EGR1",1
"GOBP_REGULATION_OF_PROTEIN_KINASE_C_SIGNALING","GOBP_REGULATION_OF_PROTEIN_KINASE_C_SIGNALING","1/219","14/11404",0.237859555695955,0.426657542041416,0.325713597459761,"WNT5A",1
"GOBP_REGULATION_OF_RESPONSE_TO_TUMOR_CELL","GOBP_REGULATION_OF_RESPONSE_TO_TUMOR_CELL","1/219","14/11404",0.237859555695955,0.426657542041416,0.325713597459761,"HLA-DRB1",1
"GOBP_REGULATION_OF_SYNCYTIUM_FORMATION_BY_PLASMA_MEMBRANE_FUSION","GOBP_REGULATION_OF_SYNCYTIUM_FORMATION_BY_PLASMA_MEMBRANE_FUSION","1/219","14/11404",0.237859555695955,0.426657542041416,0.325713597459761,"NFATC2",1
"GOBP_RESPONSE_TO_ACIDIC_PH","GOBP_RESPONSE_TO_ACIDIC_PH","1/219","14/11404",0.237859555695955,0.426657542041416,0.325713597459761,"SERPINF1",1
"GOBP_RESPONSE_TO_ISOQUINOLINE_ALKALOID","GOBP_RESPONSE_TO_ISOQUINOLINE_ALKALOID","1/219","14/11404",0.237859555695955,0.426657542041416,0.325713597459761,"DRD2",1
"GOBP_RETINOIC_ACID_METABOLIC_PROCESS","GOBP_RETINOIC_ACID_METABOLIC_PROCESS","1/219","14/11404",0.237859555695955,0.426657542041416,0.325713597459761,"CYP1A1",1
"GOBP_STORE_OPERATED_CALCIUM_ENTRY","GOBP_STORE_OPERATED_CALCIUM_ENTRY","1/219","14/11404",0.237859555695955,0.426657542041416,0.325713597459761,"ORAI3",1
"GOBP_T_CELL_LINEAGE_COMMITMENT","GOBP_T_CELL_LINEAGE_COMMITMENT","1/219","14/11404",0.237859555695955,0.426657542041416,0.325713597459761,"IL6",1
"GOBP_EXTRINSIC_APOPTOTIC_SIGNALING_PATHWAY","GOBP_EXTRINSIC_APOPTOTIC_SIGNALING_PATHWAY","5/219","173/11404",0.239270588900924,0.428896599832609,0.32742291112758,"TGFB1/ERBB3/SCG2/EYA1/CD70",5
"GOBP_CARBOHYDRATE_DERIVATIVE_CATABOLIC_PROCESS","GOBP_CARBOHYDRATE_DERIVATIVE_CATABOLIC_PROCESS","4/219","130/11404",0.239969763609535,0.429273813381619,0.327710878806461,"FUCA1/TGFB1/ADA/PDE8B",4
"GOBP_CELLULAR_RESPONSE_TO_MOLECULE_OF_BACTERIAL_ORIGIN","GOBP_CELLULAR_RESPONSE_TO_MOLECULE_OF_BACTERIAL_ORIGIN","4/219","130/11404",0.239969763609535,0.429273813381619,0.327710878806461,"WNT5A/TGFB1/TBXA2R/IL6",4
"GOBP_REGENERATION","GOBP_REGENERATION","4/219","130/11404",0.239969763609535,0.429273813381619,0.327710878806461,"MMP2/INPP5F/GATA4/IL6",4
"GOBP_CARDIAC_VENTRICLE_MORPHOGENESIS","GOBP_CARDIAC_VENTRICLE_MORPHOGENESIS","2/219","49/11404",0.242257490292691,0.432778635200841,0.330386486315313,"TGFB1/GATA4",2
"GOBP_REGULATION_OF_MICROTUBULE_POLYMERIZATION","GOBP_REGULATION_OF_MICROTUBULE_POLYMERIZATION","2/219","49/11404",0.242257490292691,0.432778635200841,0.330386486315313,"MAPRE3/MAPT",2
"GOBP_RESPONSE_TO_GROWTH_FACTOR","GOBP_RESPONSE_TO_GROWTH_FACTOR","12/219","495/11404",0.243423222848095,0.434566525883963,0.331751375597425,"EGR1/WNT5A/COL1A1/TGFB1/HES1/PPARA/LTBP4/FGF12/LTBP3/GATA4/MAPT/FOS",12
"GOBP_ACTIN_FILAMENT_BUNDLE_ORGANIZATION","GOBP_ACTIN_FILAMENT_BUNDLE_ORGANIZATION","4/219","131/11404",0.244132288121797,0.435537291266714,0.332492465239464,"ASAP3/SPIRE2/SHANK3/ARRB1",4
"GOBP_NEGATIVE_REGULATION_OF_WNT_SIGNALING_PATHWAY","GOBP_NEGATIVE_REGULATION_OF_WNT_SIGNALING_PATHWAY","4/219","132/11404",0.248311122978461,0.437457691802648,0.333958513546334,"DACT1/EGR1/WNT5A/HECW1",4
"GOBP_NOTCH_SIGNALING_PATHWAY","GOBP_NOTCH_SIGNALING_PATHWAY","4/219","132/11404",0.248311122978461,0.437457691802648,0.333958513546334,"HES1/SORBS2/MFNG/ARRB1",4
"GOBP_DENDRITIC_SPINE_MORPHOGENESIS","GOBP_DENDRITIC_SPINE_MORPHOGENESIS","2/219","50/11404",0.249396239694042,0.437457691802648,0.333958513546334,"SHANK3/ARHGAP44",2
"GOBP_MESODERM_MORPHOGENESIS","GOBP_MESODERM_MORPHOGENESIS","2/219","50/11404",0.249396239694042,0.437457691802648,0.333958513546334,"WNT5A/EYA1",2
"GOBP_NATURAL_KILLER_CELL_ACTIVATION","GOBP_NATURAL_KILLER_CELL_ACTIVATION","2/219","50/11404",0.249396239694042,0.437457691802648,0.333958513546334,"HLA-E/HLA-F",2
"GOBP_NEGATIVE_REGULATION_OF_TRANSPORTER_ACTIVITY","GOBP_NEGATIVE_REGULATION_OF_TRANSPORTER_ACTIVITY","2/219","50/11404",0.249396239694042,0.437457691802648,0.333958513546334,"DRD2/HECW1",2
"GOBP_REGULATION_OF_SYSTEMIC_ARTERIAL_BLOOD_PRESSURE","GOBP_REGULATION_OF_SYSTEMIC_ARTERIAL_BLOOD_PRESSURE","2/219","50/11404",0.249396239694042,0.437457691802648,0.333958513546334,"DRD2/CORIN",2
"GOBP_2_OXOGLUTARATE_METABOLIC_PROCESS","GOBP_2_OXOGLUTARATE_METABOLIC_PROCESS","1/219","15/11404",0.252513529120238,0.437457691802648,0.333958513546334,"IDH2",1
"GOBP_AXONAL_TRANSPORT_OF_MITOCHONDRION","GOBP_AXONAL_TRANSPORT_OF_MITOCHONDRION","1/219","15/11404",0.252513529120238,0.437457691802648,0.333958513546334,"MAPT",1
"GOBP_BRANCHING_INVOLVED_IN_SALIVARY_GLAND_MORPHOGENESIS","GOBP_BRANCHING_INVOLVED_IN_SALIVARY_GLAND_MORPHOGENESIS","1/219","15/11404",0.252513529120238,0.437457691802648,0.333958513546334,"SEMA3A",1
"GOBP_DEOXYRIBONUCLEOSIDE_TRIPHOSPHATE_METABOLIC_PROCESS","GOBP_DEOXYRIBONUCLEOSIDE_TRIPHOSPHATE_METABOLIC_PROCESS","1/219","15/11404",0.252513529120238,0.437457691802648,0.333958513546334,"ADA",1
"GOBP_ESTROGEN_METABOLIC_PROCESS","GOBP_ESTROGEN_METABOLIC_PROCESS","1/219","15/11404",0.252513529120238,0.437457691802648,0.333958513546334,"CYP1A1",1
"GOBP_HEPATOCYTE_APOPTOTIC_PROCESS","GOBP_HEPATOCYTE_APOPTOTIC_PROCESS","1/219","15/11404",0.252513529120238,0.437457691802648,0.333958513546334,"PPARA",1
"GOBP_IMMUNE_RESPONSE_TO_TUMOR_CELL","GOBP_IMMUNE_RESPONSE_TO_TUMOR_CELL","1/219","15/11404",0.252513529120238,0.437457691802648,0.333958513546334,"HLA-DRB1",1
"GOBP_KERATAN_SULFATE_METABOLIC_PROCESS","GOBP_KERATAN_SULFATE_METABOLIC_PROCESS","1/219","15/11404",0.252513529120238,0.437457691802648,0.333958513546334,"CHST1",1
"GOBP_NEGATIVE_REGULATION_OF_CHEMOKINE_PRODUCTION","GOBP_NEGATIVE_REGULATION_OF_CHEMOKINE_PRODUCTION","1/219","15/11404",0.252513529120238,0.437457691802648,0.333958513546334,"IL6",1
"GOBP_NEGATIVE_REGULATION_OF_DNA_DAMAGE_RESPONSE_SIGNAL_TRANSDUCTION_BY_P53_CLASS_MEDIATOR","GOBP_NEGATIVE_REGULATION_OF_DNA_DAMAGE_RESPONSE_SIGNAL_TRANSDUCTION_BY_P53_CLASS_MEDIATOR","1/219","15/11404",0.252513529120238,0.437457691802648,0.333958513546334,"CD74",1
"GOBP_NEGATIVE_REGULATION_OF_ORGANIC_ACID_TRANSPORT","GOBP_NEGATIVE_REGULATION_OF_ORGANIC_ACID_TRANSPORT","1/219","15/11404",0.252513529120238,0.437457691802648,0.333958513546334,"ABAT",1
"GOBP_NEGATIVE_REGULATION_OF_REGULATED_SECRETORY_PATHWAY","GOBP_NEGATIVE_REGULATION_OF_REGULATED_SECRETORY_PATHWAY","1/219","15/11404",0.252513529120238,0.437457691802648,0.333958513546334,"HLA-F",1
"GOBP_NEUROEPITHELIAL_CELL_DIFFERENTIATION","GOBP_NEUROEPITHELIAL_CELL_DIFFERENTIATION","1/219","15/11404",0.252513529120238,0.437457691802648,0.333958513546334,"HES1",1
"GOBP_NEUROTRANSMITTER_METABOLIC_PROCESS","GOBP_NEUROTRANSMITTER_METABOLIC_PROCESS","1/219","15/11404",0.252513529120238,0.437457691802648,0.333958513546334,"ABAT",1
"GOBP_NITRIC_OXIDE_MEDIATED_SIGNAL_TRANSDUCTION","GOBP_NITRIC_OXIDE_MEDIATED_SIGNAL_TRANSDUCTION","1/219","15/11404",0.252513529120238,0.437457691802648,0.333958513546334,"FPR1",1
"GOBP_PEROXISOME_PROLIFERATOR_ACTIVATED_RECEPTOR_SIGNALING_PATHWAY","GOBP_PEROXISOME_PROLIFERATOR_ACTIVATED_RECEPTOR_SIGNALING_PATHWAY","1/219","15/11404",0.252513529120238,0.437457691802648,0.333958513546334,"ALOXE3",1
"GOBP_POSITIVE_REGULATION_OF_BLOOD_PRESSURE","GOBP_POSITIVE_REGULATION_OF_BLOOD_PRESSURE","1/219","15/11404",0.252513529120238,0.437457691802648,0.333958513546334,"TBXA2R",1
"GOBP_POSITIVE_REGULATION_OF_COAGULATION","GOBP_POSITIVE_REGULATION_OF_COAGULATION","1/219","15/11404",0.252513529120238,0.437457691802648,0.333958513546334,"TBXA2R",1
"GOBP_POSITIVE_REGULATION_OF_LIPID_CATABOLIC_PROCESS","GOBP_POSITIVE_REGULATION_OF_LIPID_CATABOLIC_PROCESS","1/219","15/11404",0.252513529120238,0.437457691802648,0.333958513546334,"PPARA",1
"GOBP_POSITIVE_REGULATION_OF_MACROPHAGE_ACTIVATION","GOBP_POSITIVE_REGULATION_OF_MACROPHAGE_ACTIVATION","1/219","15/11404",0.252513529120238,0.437457691802648,0.333958513546334,"WNT5A",1
"GOBP_POSITIVE_REGULATION_OF_NEURON_MIGRATION","GOBP_POSITIVE_REGULATION_OF_NEURON_MIGRATION","1/219","15/11404",0.252513529120238,0.437457691802648,0.333958513546334,"SEMA3A",1
"GOBP_POSITIVE_REGULATION_OF_NEUROTRANSMITTER_TRANSPORT","GOBP_POSITIVE_REGULATION_OF_NEUROTRANSMITTER_TRANSPORT","1/219","15/11404",0.252513529120238,0.437457691802648,0.333958513546334,"DRD2",1
"GOBP_POSITIVE_REGULATION_OF_TRANSFORMING_GROWTH_FACTOR_BETA_PRODUCTION","GOBP_POSITIVE_REGULATION_OF_TRANSFORMING_GROWTH_FACTOR_BETA_PRODUCTION","1/219","15/11404",0.252513529120238,0.437457691802648,0.333958513546334,"PTGS2",1
"GOBP_REGULATION_OF_CAMP_MEDIATED_SIGNALING","GOBP_REGULATION_OF_CAMP_MEDIATED_SIGNALING","1/219","15/11404",0.252513529120238,0.437457691802648,0.333958513546334,"GIPR",1
"GOBP_REGULATION_OF_CELL_CELL_ADHESION_MEDIATED_BY_CADHERIN","GOBP_REGULATION_OF_CELL_CELL_ADHESION_MEDIATED_BY_CADHERIN","1/219","15/11404",0.252513529120238,0.437457691802648,0.333958513546334,"WNT5A",1
"GOBP_REGULATION_OF_FATTY_ACID_BETA_OXIDATION","GOBP_REGULATION_OF_FATTY_ACID_BETA_OXIDATION","1/219","15/11404",0.252513529120238,0.437457691802648,0.333958513546334,"PPARA",1
"GOBP_REGULATION_OF_MACROPHAGE_DERIVED_FOAM_CELL_DIFFERENTIATION","GOBP_REGULATION_OF_MACROPHAGE_DERIVED_FOAM_CELL_DIFFERENTIATION","1/219","15/11404",0.252513529120238,0.437457691802648,0.333958513546334,"PPARA",1
"GOBP_REGULATION_OF_MAMMARY_GLAND_EPITHELIAL_CELL_PROLIFERATION","GOBP_REGULATION_OF_MAMMARY_GLAND_EPITHELIAL_CELL_PROLIFERATION","1/219","15/11404",0.252513529120238,0.437457691802648,0.333958513546334,"HOXA5",1
"GOBP_REGULATION_OF_NEURON_PROJECTION_ARBORIZATION","GOBP_REGULATION_OF_NEURON_PROJECTION_ARBORIZATION","1/219","15/11404",0.252513529120238,0.437457691802648,0.333958513546334,"WNT5A",1
"GOBP_REGULATION_OF_POSITIVE_CHEMOTAXIS","GOBP_REGULATION_OF_POSITIVE_CHEMOTAXIS","1/219","15/11404",0.252513529120238,0.437457691802648,0.333958513546334,"SCG2",1
"GOBP_REGULATION_OF_SKELETAL_MUSCLE_TISSUE_DEVELOPMENT","GOBP_REGULATION_OF_SKELETAL_MUSCLE_TISSUE_DEVELOPMENT","1/219","15/11404",0.252513529120238,0.437457691802648,0.333958513546334,"TGFB1",1
"GOBP_REGULATION_OF_SYSTEMIC_ARTERIAL_BLOOD_PRESSURE_BY_HORMONE","GOBP_REGULATION_OF_SYSTEMIC_ARTERIAL_BLOOD_PRESSURE_BY_HORMONE","1/219","15/11404",0.252513529120238,0.437457691802648,0.333958513546334,"CORIN",1
"GOBP_RESPONSE_TO_MANGANESE_ION","GOBP_RESPONSE_TO_MANGANESE_ION","1/219","15/11404",0.252513529120238,0.437457691802648,0.333958513546334,"PTGS2",1
"GOBP_SUPPRESSION_OF_VIRAL_RELEASE_BY_HOST","GOBP_SUPPRESSION_OF_VIRAL_RELEASE_BY_HOST","1/219","15/11404",0.252513529120238,0.437457691802648,0.333958513546334,"MID2",1
"GOBP_TROPHECTODERMAL_CELL_DIFFERENTIATION","GOBP_TROPHECTODERMAL_CELL_DIFFERENTIATION","1/219","15/11404",0.252513529120238,0.437457691802648,0.333958513546334,"ADA",1
"GOBP_VESICLE_FUSION_TO_PLASMA_MEMBRANE","GOBP_VESICLE_FUSION_TO_PLASMA_MEMBRANE","1/219","15/11404",0.252513529120238,0.437457691802648,0.333958513546334,"SNAP25",1
"GOBP_WOUND_HEALING_SPREADING_OF_EPIDERMAL_CELLS","GOBP_WOUND_HEALING_SPREADING_OF_EPIDERMAL_CELLS","1/219","15/11404",0.252513529120238,0.437457691802648,0.333958513546334,"COL5A1",1
"GOBP_RECEPTOR_MEDIATED_ENDOCYTOSIS","GOBP_RECEPTOR_MEDIATED_ENDOCYTOSIS","5/219","177/11404",0.253636263438006,0.439114030327954,0.335222974915298,"DRD2/CACNG7/INPP5F/SNAP25/ARRB1",5
"GOBP_CARDIAC_MUSCLE_CELL_ACTION_POTENTIAL","GOBP_CARDIAC_MUSCLE_CELL_ACTION_POTENTIAL","2/219","51/11404",0.256541456167501,0.442110357751056,0.337510393952768,"FGF12/TRPM4",2
"GOBP_DICARBOXYLIC_ACID_TRANSPORT","GOBP_DICARBOXYLIC_ACID_TRANSPORT","2/219","51/11404",0.256541456167501,0.442110357751056,0.337510393952768,"SLC26A2/ABAT",2
"GOBP_FILOPODIUM_ASSEMBLY","GOBP_FILOPODIUM_ASSEMBLY","2/219","51/11404",0.256541456167501,0.442110357751056,0.337510393952768,"S1PR2/ARHGAP44",2
"GOBP_HEART_VALVE_DEVELOPMENT","GOBP_HEART_VALVE_DEVELOPMENT","2/219","51/11404",0.256541456167501,0.442110357751056,0.337510393952768,"TGFB1/GATA4",2
"GOBP_REGULATION_OF_PROTEIN_IMPORT","GOBP_REGULATION_OF_PROTEIN_IMPORT","2/219","51/11404",0.256541456167501,0.442110357751056,0.337510393952768,"TGFB1/PTGS2",2
"GOBP_SIGNAL_TRANSDUCTION_IN_ABSENCE_OF_LIGAND","GOBP_SIGNAL_TRANSDUCTION_IN_ABSENCE_OF_LIGAND","2/219","51/11404",0.256541456167501,0.442110357751056,0.337510393952768,"ERBB3/EYA1",2
"GOBP_TERPENOID_METABOLIC_PROCESS","GOBP_TERPENOID_METABOLIC_PROCESS","2/219","51/11404",0.256541456167501,0.442110357751056,0.337510393952768,"DHRS3/CYP1A1",2
"GOBP_CELLULAR_RESPONSE_TO_CHEMICAL_STRESS","GOBP_CELLULAR_RESPONSE_TO_CHEMICAL_STRESS","7/219","268/11404",0.256715033159794,0.442120334886312,0.337518010573351,"MMP2/DHRS2/GATA4/PTGS2/MAPT/FOS/IL6",7
"GOBP_CELLULAR_RESPONSE_TO_XENOBIOTIC_STIMULUS","GOBP_CELLULAR_RESPONSE_TO_XENOBIOTIC_STIMULUS","3/219","92/11404",0.259599500974714,0.446594305979762,0.340933473974763,"AHRR/RORA/CYP1A1",3
"GOBP_REGULATION_OF_ION_TRANSMEMBRANE_TRANSPORT","GOBP_REGULATION_OF_ION_TRANSMEMBRANE_TRANSPORT","7/219","269/11404",0.25965179383719,0.446594305979762,0.340933473974763,"KCND1/DRD2/CACNG7/FGF12/CNIH2/SHANK3/HECW1",7
"GOBP_MICROTUBULE_BASED_MOVEMENT","GOBP_MICROTUBULE_BASED_MOVEMENT","7/219","270/11404",0.262598364090785,0.447358309718939,0.34151672021288,"CNIH2/IFT27/MAPT/ROPN1/CCDC40/AP3B2/ROPN1B",7
"GOBP_DNA_METHYLATION","GOBP_DNA_METHYLATION","2/219","52/11404",0.263690272626709,0.447358309718939,0.34151672021288,"FOS/CYP1A1",2
"GOBP_NEPHRON_MORPHOGENESIS","GOBP_NEPHRON_MORPHOGENESIS","2/219","52/11404",0.263690272626709,0.447358309718939,0.34151672021288,"HES1/EYA1",2
"GOBP_REGULATION_OF_CARDIAC_MUSCLE_CONTRACTION","GOBP_REGULATION_OF_CARDIAC_MUSCLE_CONTRACTION","2/219","52/11404",0.263690272626709,0.447358309718939,0.34151672021288,"TRPM4/GATA4",2
"GOBP_CALCIUM_ION_TRANSMEMBRANE_TRANSPORT","GOBP_CALCIUM_ION_TRANSMEMBRANE_TRANSPORT","5/219","180/11404",0.264549310155292,0.447358309718939,0.34151672021288,"DRD2/CACNG7/TRPM4/ORAI3/GRIN2A",5
"GOBP_CELLULAR_RESPONSE_TO_LIGHT_STIMULUS","GOBP_CELLULAR_RESPONSE_TO_LIGHT_STIMULUS","3/219","93/11404",0.264793647396748,0.447358309718939,0.34151672021288,"MMP2/BMF/PTGS2",3
"GOBP_NUCLEOSIDE_TRIPHOSPHATE_METABOLIC_PROCESS","GOBP_NUCLEOSIDE_TRIPHOSPHATE_METABOLIC_PROCESS","3/219","93/11404",0.264793647396748,0.447358309718939,0.34151672021288,"TGFB1/PPARA/ADA",3
"GOBP_POSITIVE_REGULATION_OF_ENDOTHELIAL_CELL_MIGRATION","GOBP_POSITIVE_REGULATION_OF_ENDOTHELIAL_CELL_MIGRATION","3/219","93/11404",0.264793647396748,0.447358309718939,0.34151672021288,"WNT5A/TGFB1/PTGS2",3
"GOBP_SPECIFICATION_OF_SYMMETRY","GOBP_SPECIFICATION_OF_SYMMETRY","3/219","93/11404",0.264793647396748,0.447358309718939,0.34151672021288,"WNT5A/GATA4/CCDC40",3
"GOBP_GASTRULATION","GOBP_GASTRULATION","4/219","136/11404",0.265175853420357,0.447358309718939,0.34151672021288,"MMP2/WNT5A/EYA1/COL5A1",4
"GOBP_ACTIVATION_OF_CYSTEINE_TYPE_ENDOPEPTIDASE_ACTIVITY","GOBP_ACTIVATION_OF_CYSTEINE_TYPE_ENDOPEPTIDASE_ACTIVITY","1/219","16/11404",0.266887006784885,0.447358309718939,0.34151672021288,"GRIN2A",1
"GOBP_AXONAL_FASCICULATION","GOBP_AXONAL_FASCICULATION","1/219","16/11404",0.266887006784885,0.447358309718939,0.34151672021288,"SEMA3A",1
"GOBP_CALCIUM_MEDIATED_SIGNALING_USING_INTRACELLULAR_CALCIUM_SOURCE","GOBP_CALCIUM_MEDIATED_SIGNALING_USING_INTRACELLULAR_CALCIUM_SOURCE","1/219","16/11404",0.266887006784885,0.447358309718939,0.34151672021288,"PTPRJ",1
"GOBP_CD8_POSITIVE_ALPHA_BETA_T_CELL_ACTIVATION","GOBP_CD8_POSITIVE_ALPHA_BETA_T_CELL_ACTIVATION","1/219","16/11404",0.266887006784885,0.447358309718939,0.34151672021288,"HLA-E",1
"GOBP_CELL_PROLIFERATION_INVOLVED_IN_KIDNEY_DEVELOPMENT","GOBP_CELL_PROLIFERATION_INVOLVED_IN_KIDNEY_DEVELOPMENT","1/219","16/11404",0.266887006784885,0.447358309718939,0.34151672021288,"EGR1",1
"GOBP_CEREBELLAR_CORTEX_FORMATION","GOBP_CEREBELLAR_CORTEX_FORMATION","1/219","16/11404",0.266887006784885,0.447358309718939,0.34151672021288,"RORA",1
"GOBP_EMBRYONIC_PLACENTA_MORPHOGENESIS","GOBP_EMBRYONIC_PLACENTA_MORPHOGENESIS","1/219","16/11404",0.266887006784885,0.447358309718939,0.34151672021288,"WNT7B",1
"GOBP_ESTABLISHMENT_OF_EPITHELIAL_CELL_APICAL_BASAL_POLARITY","GOBP_ESTABLISHMENT_OF_EPITHELIAL_CELL_APICAL_BASAL_POLARITY","1/219","16/11404",0.266887006784885,0.447358309718939,0.34151672021288,"WNT5A",1
"GOBP_EXPLORATION_BEHAVIOR","GOBP_EXPLORATION_BEHAVIOR","1/219","16/11404",0.266887006784885,0.447358309718939,0.34151672021288,"ABAT",1
"GOBP_LUNG_CELL_DIFFERENTIATION","GOBP_LUNG_CELL_DIFFERENTIATION","1/219","16/11404",0.266887006784885,0.447358309718939,0.34151672021288,"HOXA5",1
"GOBP_LYMPHOID_PROGENITOR_CELL_DIFFERENTIATION","GOBP_LYMPHOID_PROGENITOR_CELL_DIFFERENTIATION","1/219","16/11404",0.266887006784885,0.447358309718939,0.34151672021288,"HES1",1
"GOBP_MAINTENANCE_OF_SYNAPSE_STRUCTURE","GOBP_MAINTENANCE_OF_SYNAPSE_STRUCTURE","1/219","16/11404",0.266887006784885,0.447358309718939,0.34151672021288,"BSN",1
"GOBP_MYELOID_DENDRITIC_CELL_ACTIVATION","GOBP_MYELOID_DENDRITIC_CELL_ACTIVATION","1/219","16/11404",0.266887006784885,0.447358309718939,0.34151672021288,"DHRS2",1
"GOBP_NEGATIVE_REGULATION_OF_FIBROBLAST_GROWTH_FACTOR_RECEPTOR_SIGNALING_PATHWAY","GOBP_NEGATIVE_REGULATION_OF_FIBROBLAST_GROWTH_FACTOR_RECEPTOR_SIGNALING_PATHWAY","1/219","16/11404",0.266887006784885,0.447358309718939,0.34151672021288,"WNT5A",1
"GOBP_NEGATIVE_REGULATION_OF_INFLAMMATORY_RESPONSE_TO_ANTIGENIC_STIMULUS","GOBP_NEGATIVE_REGULATION_OF_INFLAMMATORY_RESPONSE_TO_ANTIGENIC_STIMULUS","1/219","16/11404",0.266887006784885,0.447358309718939,0.34151672021288,"HLA-DRB1",1
"GOBP_NEGATIVE_REGULATION_OF_POSTTRANSCRIPTIONAL_GENE_SILENCING","GOBP_NEGATIVE_REGULATION_OF_POSTTRANSCRIPTIONAL_GENE_SILENCING","1/219","16/11404",0.266887006784885,0.447358309718939,0.34151672021288,"TGFB1",1
"GOBP_NEGATIVE_REGULATION_OF_STRIATED_MUSCLE_CELL_APOPTOTIC_PROCESS","GOBP_NEGATIVE_REGULATION_OF_STRIATED_MUSCLE_CELL_APOPTOTIC_PROCESS","1/219","16/11404",0.266887006784885,0.447358309718939,0.34151672021288,"GATA4",1
"GOBP_NEUROTRANSMITTER_REUPTAKE","GOBP_NEUROTRANSMITTER_REUPTAKE","1/219","16/11404",0.266887006784885,0.447358309718939,0.34151672021288,"DRD2",1
"GOBP_NUCLEOTIDE_SALVAGE","GOBP_NUCLEOTIDE_SALVAGE","1/219","16/11404",0.266887006784885,0.447358309718939,0.34151672021288,"ADA",1
"GOBP_PEPTIDE_CROSS_LINKING","GOBP_PEPTIDE_CROSS_LINKING","1/219","16/11404",0.266887006784885,0.447358309718939,0.34151672021288,"FLG",1
"GOBP_PLASMINOGEN_ACTIVATION","GOBP_PLASMINOGEN_ACTIVATION","1/219","16/11404",0.266887006784885,0.447358309718939,0.34151672021288,"PLAT",1
"GOBP_POSITIVE_REGULATION_OF_ANTIGEN_RECEPTOR_MEDIATED_SIGNALING_PATHWAY","GOBP_POSITIVE_REGULATION_OF_ANTIGEN_RECEPTOR_MEDIATED_SIGNALING_PATHWAY","1/219","16/11404",0.266887006784885,0.447358309718939,0.34151672021288,"ADA",1
"GOBP_POSITIVE_REGULATION_OF_T_CELL_MIGRATION","GOBP_POSITIVE_REGULATION_OF_T_CELL_MIGRATION","1/219","16/11404",0.266887006784885,0.447358309718939,0.34151672021288,"WNT5A",1
"GOBP_POSITIVE_REGULATION_OF_TYPE_I_INTERFERON_MEDIATED_SIGNALING_PATHWAY","GOBP_POSITIVE_REGULATION_OF_TYPE_I_INTERFERON_MEDIATED_SIGNALING_PATHWAY","1/219","16/11404",0.266887006784885,0.447358309718939,0.34151672021288,"WNT5A",1
"GOBP_PROTEIN_O_LINKED_MANNOSYLATION","GOBP_PROTEIN_O_LINKED_MANNOSYLATION","1/219","16/11404",0.266887006784885,0.447358309718939,0.34151672021288,"POMGNT2",1
"GOBP_PURINE_NUCLEOBASE_METABOLIC_PROCESS","GOBP_PURINE_NUCLEOBASE_METABOLIC_PROCESS","1/219","16/11404",0.266887006784885,0.447358309718939,0.34151672021288,"ADA",1
"GOBP_REGULATION_OF_CELLULAR_AMINE_METABOLIC_PROCESS","GOBP_REGULATION_OF_CELLULAR_AMINE_METABOLIC_PROCESS","1/219","16/11404",0.266887006784885,0.447358309718939,0.34151672021288,"ABAT",1
"GOBP_REGULATION_OF_CILIUM_MOVEMENT","GOBP_REGULATION_OF_CILIUM_MOVEMENT","1/219","16/11404",0.266887006784885,0.447358309718939,0.34151672021288,"CCDC40",1
"GOBP_REGULATION_OF_NMDA_RECEPTOR_ACTIVITY","GOBP_REGULATION_OF_NMDA_RECEPTOR_ACTIVITY","1/219","16/11404",0.266887006784885,0.447358309718939,0.34151672021288,"CNIH2",1
"GOBP_REGULATION_OF_RESPONSE_TO_EXTRACELLULAR_STIMULUS","GOBP_REGULATION_OF_RESPONSE_TO_EXTRACELLULAR_STIMULUS","1/219","16/11404",0.266887006784885,0.447358309718939,0.34151672021288,"PPARA",1
"GOBP_FATTY_ACID_METABOLIC_PROCESS","GOBP_FATTY_ACID_METABOLIC_PROCESS","7/219","272/11404",0.268520044145165,0.449809482722511,0.343387964239576,"PTGES/CD74/PPARA/PTGS2/ALOX5AP/CYP1A1/ALOXE3",7
"GOBP_PALLIUM_DEVELOPMENT","GOBP_PALLIUM_DEVELOPMENT","4/219","137/11404",0.269425986014644,0.450753951205451,0.344108978629229,"KIRREL3/MDGA1/CDK5R2/SEMA6B",4
"GOBP_REGULATION_OF_CELL_DIVISION","GOBP_REGULATION_OF_CELL_DIVISION","4/219","137/11404",0.269425986014644,0.450753951205451,0.344108978629229,"TGFA/DRD2/TGFB1/EVI2B",4
"GOBP_AMINOGLYCAN_METABOLIC_PROCESS","GOBP_AMINOGLYCAN_METABOLIC_PROCESS","3/219","94/11404",0.270000581105526,0.451399881233647,0.344602086502547,"FUCA1/TGFB1/CHST1",3
"GOBP_CERAMIDE_BIOSYNTHETIC_PROCESS","GOBP_CERAMIDE_BIOSYNTHETIC_PROCESS","2/219","53/11404",0.270839928740188,0.451399881233647,0.344602086502547,"ALOXE3/CERS4",2
"GOBP_EXECUTION_PHASE_OF_APOPTOSIS","GOBP_EXECUTION_PHASE_OF_APOPTOSIS","2/219","53/11404",0.270839928740188,0.451399881233647,0.344602086502547,"IL6/XKR4",2
"GOBP_POSITIVE_REGULATION_OF_RESPONSE_TO_CYTOKINE_STIMULUS","GOBP_POSITIVE_REGULATION_OF_RESPONSE_TO_CYTOKINE_STIMULUS","2/219","53/11404",0.270839928740188,0.451399881233647,0.344602086502547,"CD74/WNT5A",2
"GOBP_PRESYNAPTIC_ENDOCYTOSIS","GOBP_PRESYNAPTIC_ENDOCYTOSIS","2/219","53/11404",0.270839928740188,0.451399881233647,0.344602086502547,"SYT5/SYP",2
"GOBP_REACTIVE_NITROGEN_SPECIES_METABOLIC_PROCESS","GOBP_REACTIVE_NITROGEN_SPECIES_METABOLIC_PROCESS","2/219","53/11404",0.270839928740188,0.451399881233647,0.344602086502547,"RORA/PTGS2",2
"GOBP_REGULATION_OF_DNA_BINDING_TRANSCRIPTION_FACTOR_ACTIVITY","GOBP_REGULATION_OF_DNA_BINDING_TRANSCRIPTION_FACTOR_ACTIVITY","8/219","320/11404",0.273280537639328,0.45517965656108,0.347487595601008,"WNT5A/RIPK4/HES1/TNFRSF11A/MID2/NHLH2/IL6/ARRB1",8
"GOBP_REGULATION_OF_LIPID_METABOLIC_PROCESS","GOBP_REGULATION_OF_LIPID_METABOLIC_PROCESS","6/219","228/11404",0.274327551350995,0.456634932286716,0.348598564106627,"CD74/EGR1/TGFB1/PPARA/RORA/PTGS2",6
"GOBP_BLOOD_VESSEL_ENDOTHELIAL_CELL_MIGRATION","GOBP_BLOOD_VESSEL_ENDOTHELIAL_CELL_MIGRATION","3/219","95/11404",0.275219104460317,0.456752840207692,0.348688575906082,"TGFB1/TBXA2R/PTGS2",3
"GOBP_REGULATION_OF_ANIMAL_ORGAN_MORPHOGENESIS","GOBP_REGULATION_OF_ANIMAL_ORGAN_MORPHOGENESIS","3/219","95/11404",0.275219104460317,0.456752840207692,0.348688575906082,"DACT1/WNT5A/GPC6",3
"GOBP_POSITIVE_REGULATION_OF_LIPID_TRANSPORT","GOBP_POSITIVE_REGULATION_OF_LIPID_TRANSPORT","2/219","54/11404",0.277987767920532,0.456752840207692,0.348688575906082,"PTGES/TNFRSF11A",2
"GOBP_POSITIVE_REGULATION_OF_NUCLEOCYTOPLASMIC_TRANSPORT","GOBP_POSITIVE_REGULATION_OF_NUCLEOCYTOPLASMIC_TRANSPORT","2/219","54/11404",0.277987767920532,0.456752840207692,0.348688575906082,"TGFB1/PTGS2",2
"GOBP_RETINA_DEVELOPMENT_IN_CAMERA_TYPE_EYE","GOBP_RETINA_DEVELOPMENT_IN_CAMERA_TYPE_EYE","3/219","96/11404",0.280448037700848,0.456752840207692,0.348688575906082,"TFAP2A/HCN1/SERPINF1",3
"GOBP_ADRENERGIC_RECEPTOR_SIGNALING_PATHWAY","GOBP_ADRENERGIC_RECEPTOR_SIGNALING_PATHWAY","1/219","17/11404",0.280985333577483,0.456752840207692,0.348688575906082,"DRD2",1
"GOBP_BRANCHING_INVOLVED_IN_MAMMARY_GLAND_DUCT_MORPHOGENESIS","GOBP_BRANCHING_INVOLVED_IN_MAMMARY_GLAND_DUCT_MORPHOGENESIS","1/219","17/11404",0.280985333577483,0.456752840207692,0.348688575906082,"WNT5A",1
"GOBP_CARDIAC_RIGHT_VENTRICLE_MORPHOGENESIS","GOBP_CARDIAC_RIGHT_VENTRICLE_MORPHOGENESIS","1/219","17/11404",0.280985333577483,0.456752840207692,0.348688575906082,"GATA4",1
"GOBP_CEREBRAL_CORTEX_NEURON_DIFFERENTIATION","GOBP_CEREBRAL_CORTEX_NEURON_DIFFERENTIATION","1/219","17/11404",0.280985333577483,0.456752840207692,0.348688575906082,"DRD2",1
"GOBP_DECIDUALIZATION","GOBP_DECIDUALIZATION","1/219","17/11404",0.280985333577483,0.456752840207692,0.348688575906082,"PTGS2",1
"GOBP_EPITHELIAL_TO_MESENCHYMAL_TRANSITION_INVOLVED_IN_ENDOCARDIAL_CUSHION_FORMATION","GOBP_EPITHELIAL_TO_MESENCHYMAL_TRANSITION_INVOLVED_IN_ENDOCARDIAL_CUSHION_FORMATION","1/219","17/11404",0.280985333577483,0.456752840207692,0.348688575906082,"TGFB1",1
"GOBP_GLUCOSAMINE_CONTAINING_COMPOUND_METABOLIC_PROCESS","GOBP_GLUCOSAMINE_CONTAINING_COMPOUND_METABOLIC_PROCESS","1/219","17/11404",0.280985333577483,0.456752840207692,0.348688575906082,"CHST1",1
"GOBP_INFLAMMATORY_CELL_APOPTOTIC_PROCESS","GOBP_INFLAMMATORY_CELL_APOPTOTIC_PROCESS","1/219","17/11404",0.280985333577483,0.456752840207692,0.348688575906082,"IL6",1
"GOBP_LABYRINTHINE_LAYER_BLOOD_VESSEL_DEVELOPMENT","GOBP_LABYRINTHINE_LAYER_BLOOD_VESSEL_DEVELOPMENT","1/219","17/11404",0.280985333577483,0.456752840207692,0.348688575906082,"HES1",1
"GOBP_MEMBRANE_DEPOLARIZATION_DURING_ACTION_POTENTIAL","GOBP_MEMBRANE_DEPOLARIZATION_DURING_ACTION_POTENTIAL","1/219","17/11404",0.280985333577483,0.456752840207692,0.348688575906082,"TRPM4",1
"GOBP_MIDDLE_EAR_MORPHOGENESIS","GOBP_MIDDLE_EAR_MORPHOGENESIS","1/219","17/11404",0.280985333577483,0.456752840207692,0.348688575906082,"EYA1",1
"GOBP_MUSCLE_HYPERTROPHY_IN_RESPONSE_TO_STRESS","GOBP_MUSCLE_HYPERTROPHY_IN_RESPONSE_TO_STRESS","1/219","17/11404",0.280985333577483,0.456752840207692,0.348688575906082,"INPP5F",1
"GOBP_NEGATIVE_REGULATION_OF_AMYLOID_PRECURSOR_PROTEIN_CATABOLIC_PROCESS","GOBP_NEGATIVE_REGULATION_OF_AMYLOID_PRECURSOR_PROTEIN_CATABOLIC_PROCESS","1/219","17/11404",0.280985333577483,0.456752840207692,0.348688575906082,"RTN2",1
"GOBP_NEGATIVE_REGULATION_OF_GLIAL_CELL_DIFFERENTIATION","GOBP_NEGATIVE_REGULATION_OF_GLIAL_CELL_DIFFERENTIATION","1/219","17/11404",0.280985333577483,0.456752840207692,0.348688575906082,"HES1",1
"GOBP_NEGATIVE_REGULATION_OF_T_CELL_RECEPTOR_SIGNALING_PATHWAY","GOBP_NEGATIVE_REGULATION_OF_T_CELL_RECEPTOR_SIGNALING_PATHWAY","1/219","17/11404",0.280985333577483,0.456752840207692,0.348688575906082,"PTPRJ",1
"GOBP_NEUTROPHIL_MEDIATED_IMMUNITY","GOBP_NEUTROPHIL_MEDIATED_IMMUNITY","1/219","17/11404",0.280985333577483,0.456752840207692,0.348688575906082,"IL6",1
"GOBP_NUCLEOSIDE_CATABOLIC_PROCESS","GOBP_NUCLEOSIDE_CATABOLIC_PROCESS","1/219","17/11404",0.280985333577483,0.456752840207692,0.348688575906082,"ADA",1
"GOBP_POSITIVE_REGULATION_OF_COLLAGEN_METABOLIC_PROCESS","GOBP_POSITIVE_REGULATION_OF_COLLAGEN_METABOLIC_PROCESS","1/219","17/11404",0.280985333577483,0.456752840207692,0.348688575906082,"TGFB1",1
"GOBP_POSITIVE_REGULATION_OF_LEUKOCYTE_APOPTOTIC_PROCESS","GOBP_POSITIVE_REGULATION_OF_LEUKOCYTE_APOPTOTIC_PROCESS","1/219","17/11404",0.280985333577483,0.456752840207692,0.348688575906082,"WNT5A",1
"GOBP_POSITIVE_REGULATION_OF_MESENCHYMAL_CELL_PROLIFERATION","GOBP_POSITIVE_REGULATION_OF_MESENCHYMAL_CELL_PROLIFERATION","1/219","17/11404",0.280985333577483,0.456752840207692,0.348688575906082,"WNT5A",1
"GOBP_POSITIVE_REGULATION_OF_SMAD_PROTEIN_SIGNAL_TRANSDUCTION","GOBP_POSITIVE_REGULATION_OF_SMAD_PROTEIN_SIGNAL_TRANSDUCTION","1/219","17/11404",0.280985333577483,0.456752840207692,0.348688575906082,"TGFB1",1
"GOBP_POSITIVE_REGULATION_OF_STEM_CELL_PROLIFERATION","GOBP_POSITIVE_REGULATION_OF_STEM_CELL_PROLIFERATION","1/219","17/11404",0.280985333577483,0.456752840207692,0.348688575906082,"LTBP3",1
"GOBP_PURINE_RIBONUCLEOSIDE_METABOLIC_PROCESS","GOBP_PURINE_RIBONUCLEOSIDE_METABOLIC_PROCESS","1/219","17/11404",0.280985333577483,0.456752840207692,0.348688575906082,"ADA",1
"GOBP_REGULATION_OF_ADENYLATE_CYCLASE_ACTIVITY","GOBP_REGULATION_OF_ADENYLATE_CYCLASE_ACTIVITY","1/219","17/11404",0.280985333577483,0.456752840207692,0.348688575906082,"DRD2",1
"GOBP_REGULATION_OF_BROWN_FAT_CELL_DIFFERENTIATION","GOBP_REGULATION_OF_BROWN_FAT_CELL_DIFFERENTIATION","1/219","17/11404",0.280985333577483,0.456752840207692,0.348688575906082,"PTGS2",1
"GOBP_REGULATION_OF_CELLULAR_RESPONSE_TO_HEAT","GOBP_REGULATION_OF_CELLULAR_RESPONSE_TO_HEAT","1/219","17/11404",0.280985333577483,0.456752840207692,0.348688575906082,"MAPT",1
"GOBP_REGULATION_OF_INTRINSIC_APOPTOTIC_SIGNALING_PATHWAY_IN_RESPONSE_TO_DNA_DAMAGE_BY_P53_CLASS_MEDIATOR","GOBP_REGULATION_OF_INTRINSIC_APOPTOTIC_SIGNALING_PATHWAY_IN_RESPONSE_TO_DNA_DAMAGE_BY_P53_CLASS_MEDIATOR","1/219","17/11404",0.280985333577483,0.456752840207692,0.348688575906082,"CD74",1
"GOBP_REGULATION_OF_LEUKOCYTE_ADHESION_TO_VASCULAR_ENDOTHELIAL_CELL","GOBP_REGULATION_OF_LEUKOCYTE_ADHESION_TO_VASCULAR_ENDOTHELIAL_CELL","1/219","17/11404",0.280985333577483,0.456752840207692,0.348688575906082,"IL6",1
"GOBP_REGULATION_OF_PLATELET_DERIVED_GROWTH_FACTOR_RECEPTOR_SIGNALING_PATHWAY","GOBP_REGULATION_OF_PLATELET_DERIVED_GROWTH_FACTOR_RECEPTOR_SIGNALING_PATHWAY","1/219","17/11404",0.280985333577483,0.456752840207692,0.348688575906082,"PTPRJ",1
"GOBP_REGULATION_OF_RECEPTOR_RECYCLING","GOBP_REGULATION_OF_RECEPTOR_RECYCLING","1/219","17/11404",0.280985333577483,0.456752840207692,0.348688575906082,"INPP5F",1
"GOBP_SECONDARY_PALATE_DEVELOPMENT","GOBP_SECONDARY_PALATE_DEVELOPMENT","1/219","17/11404",0.280985333577483,0.456752840207692,0.348688575906082,"WNT5A",1
"GOBP_SYNAPTIC_VESICLE_PRIMING","GOBP_SYNAPTIC_VESICLE_PRIMING","1/219","17/11404",0.280985333577483,0.456752840207692,0.348688575906082,"SNAP25",1
"GOBP_TYPE_B_PANCREATIC_CELL_PROLIFERATION","GOBP_TYPE_B_PANCREATIC_CELL_PROLIFERATION","1/219","17/11404",0.280985333577483,0.456752840207692,0.348688575906082,"PTPRN",1
"GOBP_REGULATION_OF_RESPONSE_TO_BIOTIC_STIMULUS","GOBP_REGULATION_OF_RESPONSE_TO_BIOTIC_STIMULUS","6/219","231/11404",0.284221876002187,0.461729126551024,0.35248751057186,"HLA-DRB1/HLA-E/WNT5A/HLA-B/DRD2/HLA-F",6
"GOBP_ARTERY_MORPHOGENESIS","GOBP_ARTERY_MORPHOGENESIS","2/219","55/11404",0.285131234389018,0.462351263147731,0.352962454359458,"HES1/EYA1",2
"GOBP_PROTEIN_LOCALIZATION_TO_CYTOSKELETON","GOBP_PROTEIN_LOCALIZATION_TO_CYTOSKELETON","2/219","55/11404",0.285131234389018,0.462351263147731,0.352962454359458,"MAPRE3/MID2",2
"GOBP_RESPONSE_TO_CATECHOLAMINE","GOBP_RESPONSE_TO_CATECHOLAMINE","2/219","55/11404",0.285131234389018,0.462351263147731,0.352962454359458,"DRD2/APLP1",2
"GOBP_IMPORT_ACROSS_PLASMA_MEMBRANE","GOBP_IMPORT_ACROSS_PLASMA_MEMBRANE","3/219","97/11404",0.285686219143078,0.462966289939736,0.353431970468325,"SLC9A7/TRPM4/SLC12A8",3
"GOBP_KIDNEY_EPITHELIUM_DEVELOPMENT","GOBP_KIDNEY_EPITHELIUM_DEVELOPMENT","3/219","98/11404",0.290932505352785,0.469954167665404,0.358766569223444,"HES1/EYA1/WNT7B",3
"GOBP_POSITIVE_REGULATION_OF_STRESS_ACTIVATED_PROTEIN_KINASE_SIGNALING_CASCADE","GOBP_POSITIVE_REGULATION_OF_STRESS_ACTIVATED_PROTEIN_KINASE_SIGNALING_CASCADE","3/219","98/11404",0.290932505352785,0.469954167665404,0.358766569223444,"WNT5A/SEMA3A/WNT7B",3
"GOBP_CARDIAC_CONDUCTION","GOBP_CARDIAC_CONDUCTION","2/219","56/11404",0.292267870313859,0.469954167665404,0.358766569223444,"TRPM4/CORIN",2
"GOBP_CELLULAR_RESPONSE_TO_MECHANICAL_STIMULUS","GOBP_CELLULAR_RESPONSE_TO_MECHANICAL_STIMULUS","2/219","56/11404",0.292267870313859,0.469954167665404,0.358766569223444,"COL1A1/PTGS2",2
"GOBP_FIBROBLAST_GROWTH_FACTOR_RECEPTOR_SIGNALING_PATHWAY","GOBP_FIBROBLAST_GROWTH_FACTOR_RECEPTOR_SIGNALING_PATHWAY","2/219","56/11404",0.292267870313859,0.469954167665404,0.358766569223444,"WNT5A/FGF12",2
"GOBP_NEUTROPHIL_MIGRATION","GOBP_NEUTROPHIL_MIGRATION","2/219","56/11404",0.292267870313859,0.469954167665404,0.358766569223444,"CD74/DAPK2",2
"GOBP_REGULATION_OF_NEURAL_PRECURSOR_CELL_PROLIFERATION","GOBP_REGULATION_OF_NEURAL_PRECURSOR_CELL_PROLIFERATION","2/219","56/11404",0.292267870313859,0.469954167665404,0.358766569223444,"WNT5A/DRD2",2
"GOBP_SMAD_PROTEIN_SIGNAL_TRANSDUCTION","GOBP_SMAD_PROTEIN_SIGNAL_TRANSDUCTION","2/219","56/11404",0.292267870313859,0.469954167665404,0.358766569223444,"TGFB1/FOS",2
"GOBP_C4_DICARBOXYLATE_TRANSPORT","GOBP_C4_DICARBOXYLATE_TRANSPORT","1/219","18/11404",0.294813752998449,0.469954167665404,0.358766569223444,"ABAT",1
"GOBP_DEOXYRIBONUCLEOSIDE_MONOPHOSPHATE_METABOLIC_PROCESS","GOBP_DEOXYRIBONUCLEOSIDE_MONOPHOSPHATE_METABOLIC_PROCESS","1/219","18/11404",0.294813752998449,0.469954167665404,0.358766569223444,"ADA",1
"GOBP_DOPAMINERGIC_NEURON_DIFFERENTIATION","GOBP_DOPAMINERGIC_NEURON_DIFFERENTIATION","1/219","18/11404",0.294813752998449,0.469954167665404,0.358766569223444,"WNT5A",1
"GOBP_GASTRULATION_WITH_MOUTH_FORMING_SECOND","GOBP_GASTRULATION_WITH_MOUTH_FORMING_SECOND","1/219","18/11404",0.294813752998449,0.469954167665404,0.358766569223444,"WNT5A",1
"GOBP_GLYCOSYL_COMPOUND_BIOSYNTHETIC_PROCESS","GOBP_GLYCOSYL_COMPOUND_BIOSYNTHETIC_PROCESS","1/219","18/11404",0.294813752998449,0.469954167665404,0.358766569223444,"ADA",1
"GOBP_METANEPHRIC_NEPHRON_MORPHOGENESIS","GOBP_METANEPHRIC_NEPHRON_MORPHOGENESIS","1/219","18/11404",0.294813752998449,0.469954167665404,0.358766569223444,"HES1",1
"GOBP_MODIFICATION_OF_SYNAPTIC_STRUCTURE","GOBP_MODIFICATION_OF_SYNAPTIC_STRUCTURE","1/219","18/11404",0.294813752998449,0.469954167665404,0.358766569223444,"ARHGAP44",1
"GOBP_NEUROMUSCULAR_SYNAPTIC_TRANSMISSION","GOBP_NEUROMUSCULAR_SYNAPTIC_TRANSMISSION","1/219","18/11404",0.294813752998449,0.469954167665404,0.358766569223444,"ADARB1",1
"GOBP_NEURON_CELLULAR_HOMEOSTASIS","GOBP_NEURON_CELLULAR_HOMEOSTASIS","1/219","18/11404",0.294813752998449,0.469954167665404,0.358766569223444,"IL6",1
"GOBP_NEURON_FATE_SPECIFICATION","GOBP_NEURON_FATE_SPECIFICATION","1/219","18/11404",0.294813752998449,0.469954167665404,0.358766569223444,"EYA1",1
"GOBP_ORGAN_INDUCTION","GOBP_ORGAN_INDUCTION","1/219","18/11404",0.294813752998449,0.469954167665404,0.358766569223444,"WNT5A",1
"GOBP_POSITIVE_REGULATION_OF_EXCITATORY_POSTSYNAPTIC_POTENTIAL","GOBP_POSITIVE_REGULATION_OF_EXCITATORY_POSTSYNAPTIC_POTENTIAL","1/219","18/11404",0.294813752998449,0.469954167665404,0.358766569223444,"SHANK3",1
"GOBP_POSITIVE_REGULATION_OF_MULTICELLULAR_ORGANISM_GROWTH","GOBP_POSITIVE_REGULATION_OF_MULTICELLULAR_ORGANISM_GROWTH","1/219","18/11404",0.294813752998449,0.469954167665404,0.358766569223444,"DRD2",1
"GOBP_REGULATION_OF_ATP_BIOSYNTHETIC_PROCESS","GOBP_REGULATION_OF_ATP_BIOSYNTHETIC_PROCESS","1/219","18/11404",0.294813752998449,0.469954167665404,0.358766569223444,"PPARA",1
"GOBP_REGULATION_OF_SYNAPTIC_TRANSMISSION_GABAERGIC","GOBP_REGULATION_OF_SYNAPTIC_TRANSMISSION_GABAERGIC","1/219","18/11404",0.294813752998449,0.469954167665404,0.358766569223444,"DRD2",1
"GOBP_REGULATION_OF_VIRAL_TRANSCRIPTION","GOBP_REGULATION_OF_VIRAL_TRANSCRIPTION","1/219","18/11404",0.294813752998449,0.469954167665404,0.358766569223444,"MID2",1
"GOBP_RESPONSE_TO_CHOLESTEROL","GOBP_RESPONSE_TO_CHOLESTEROL","1/219","18/11404",0.294813752998449,0.469954167665404,0.358766569223444,"TGFB1",1
"GOBP_TYPE_B_PANCREATIC_CELL_DEVELOPMENT","GOBP_TYPE_B_PANCREATIC_CELL_DEVELOPMENT","1/219","18/11404",0.294813752998449,0.469954167665404,0.358766569223444,"WNT5A",1
"GOBP_UBIQUINONE_METABOLIC_PROCESS","GOBP_UBIQUINONE_METABOLIC_PROCESS","1/219","18/11404",0.294813752998449,0.469954167665404,0.358766569223444,"COQ2",1
"GOBP_ESTABLISHMENT_OF_PROTEIN_LOCALIZATION_TO_PLASMA_MEMBRANE","GOBP_ESTABLISHMENT_OF_PROTEIN_LOCALIZATION_TO_PLASMA_MEMBRANE","2/219","57/11404",0.299395313020378,0.475669962731338,0.363130050446255,"ARHGAP44/RAB26",2
"GOBP_NEGATIVE_REGULATION_OF_ION_TRANSMEMBRANE_TRANSPORT","GOBP_NEGATIVE_REGULATION_OF_ION_TRANSMEMBRANE_TRANSPORT","2/219","57/11404",0.299395313020378,0.475669962731338,0.363130050446255,"DRD2/HECW1",2
"GOBP_PRIMARY_ALCOHOL_METABOLIC_PROCESS","GOBP_PRIMARY_ALCOHOL_METABOLIC_PROCESS","2/219","57/11404",0.299395313020378,0.475669962731338,0.363130050446255,"DHRS3/CYP1A1",2
"GOBP_PROTEIN_EXPORT_FROM_NUCLEUS","GOBP_PROTEIN_EXPORT_FROM_NUCLEUS","2/219","57/11404",0.299395313020378,0.475669962731338,0.363130050446255,"TGFB1/EGR2",2
"GOBP_T_CELL_DIFFERENTIATION_IN_THYMUS","GOBP_T_CELL_DIFFERENTIATION_IN_THYMUS","2/219","57/11404",0.299395313020378,0.475669962731338,0.363130050446255,"CD74/ADA",2
"GOBP_TRANSPORT_ALONG_MICROTUBULE","GOBP_TRANSPORT_ALONG_MICROTUBULE","4/219","144/11404",0.29948253061529,0.475669962731338,0.363130050446255,"CNIH2/IFT27/MAPT/AP3B2",4
"GOBP_RESPONSE_TO_EXTRACELLULAR_STIMULUS","GOBP_RESPONSE_TO_EXTRACELLULAR_STIMULUS","8/219","330/11404",0.301197585582967,0.478105806030795,0.36498959166078,"COL1A1/PPARA/TBXA2R/GATA4/PTGS2/FOS/GIPR/CYP1A1",8
"GOBP_RESPONSE_TO_VIRUS","GOBP_RESPONSE_TO_VIRUS","7/219","283/11404",0.301694822197673,0.478606776936103,0.365372036642322,"ADARB1/ACTA2/MAPK11/DMBT1/MID2/CYP1A1/IL6",7
"GOBP_BIOLOGICAL_PROCESS_INVOLVED_IN_INTERACTION_WITH_HOST","GOBP_BIOLOGICAL_PROCESS_INVOLVED_IN_INTERACTION_WITH_HOST","4/219","145/11404",0.303812168032958,0.481097970937804,0.367273833001955,"HLA-DRB1/CD74/CIITA/MID2",4
"GOBP_CELL_FATE_SPECIFICATION","GOBP_CELL_FATE_SPECIFICATION","2/219","58/11404",0.306511292271411,0.481097970937804,0.367273833001955,"WNT5A/EYA1",2
"GOBP_MYELOID_LEUKOCYTE_MEDIATED_IMMUNITY","GOBP_MYELOID_LEUKOCYTE_MEDIATED_IMMUNITY","2/219","58/11404",0.306511292271411,0.481097970937804,0.367273833001955,"HLA-E/IL6",2
"GOBP_REGULATION_OF_STRIATED_MUSCLE_CONTRACTION","GOBP_REGULATION_OF_STRIATED_MUSCLE_CONTRACTION","2/219","58/11404",0.306511292271411,0.481097970937804,0.367273833001955,"TRPM4/GATA4",2
"GOBP_REGULATION_OF_CELLULAR_RESPONSE_TO_TRANSFORMING_GROWTH_FACTOR_BETA_STIMULUS","GOBP_REGULATION_OF_CELLULAR_RESPONSE_TO_TRANSFORMING_GROWTH_FACTOR_BETA_STIMULUS","3/219","101/11404",0.306708835048896,0.481097970937804,0.367273833001955,"TGFB1/PPARA/LTBP4",3
"GOBP_AXIS_ELONGATION","GOBP_AXIS_ELONGATION","1/219","19/11404",0.308377409075503,0.481097970937804,0.367273833001955,"WNT5A",1
"GOBP_AXONEMAL_DYNEIN_COMPLEX_ASSEMBLY","GOBP_AXONEMAL_DYNEIN_COMPLEX_ASSEMBLY","1/219","19/11404",0.308377409075503,0.481097970937804,0.367273833001955,"CCDC40",1
"GOBP_BICARBONATE_TRANSPORT","GOBP_BICARBONATE_TRANSPORT","1/219","19/11404",0.308377409075503,0.481097970937804,0.367273833001955,"SLC26A2",1
"GOBP_CELLULAR_RESPONSE_TO_COPPER_ION","GOBP_CELLULAR_RESPONSE_TO_COPPER_ION","1/219","19/11404",0.308377409075503,0.481097970937804,0.367273833001955,"CYP1A1",1
"GOBP_CEREBELLAR_PURKINJE_CELL_LAYER_DEVELOPMENT","GOBP_CEREBELLAR_PURKINJE_CELL_LAYER_DEVELOPMENT","1/219","19/11404",0.308377409075503,0.481097970937804,0.367273833001955,"RORA",1
"GOBP_HYALURONAN_METABOLIC_PROCESS","GOBP_HYALURONAN_METABOLIC_PROCESS","1/219","19/11404",0.308377409075503,0.481097970937804,0.367273833001955,"TGFB1",1
"GOBP_LYMPHOCYTE_CHEMOTAXIS","GOBP_LYMPHOCYTE_CHEMOTAXIS","1/219","19/11404",0.308377409075503,0.481097970937804,0.367273833001955,"WNT5A",1
"GOBP_MAMMARY_GLAND_DUCT_MORPHOGENESIS","GOBP_MAMMARY_GLAND_DUCT_MORPHOGENESIS","1/219","19/11404",0.308377409075503,0.481097970937804,0.367273833001955,"WNT5A",1
"GOBP_NEGATIVE_REGULATION_OF_INTERFERON_GAMMA_PRODUCTION","GOBP_NEGATIVE_REGULATION_OF_INTERFERON_GAMMA_PRODUCTION","1/219","19/11404",0.308377409075503,0.481097970937804,0.367273833001955,"HLA-DRB1",1
"GOBP_NEGATIVE_REGULATION_OF_MUSCLE_CONTRACTION","GOBP_NEGATIVE_REGULATION_OF_MUSCLE_CONTRACTION","1/219","19/11404",0.308377409075503,0.481097970937804,0.367273833001955,"PTGS2",1
"GOBP_NEGATIVE_REGULATION_OF_STEM_CELL_DIFFERENTIATION","GOBP_NEGATIVE_REGULATION_OF_STEM_CELL_DIFFERENTIATION","1/219","19/11404",0.308377409075503,0.481097970937804,0.367273833001955,"HES1",1
"GOBP_NUCLEOBASE_BIOSYNTHETIC_PROCESS","GOBP_NUCLEOBASE_BIOSYNTHETIC_PROCESS","1/219","19/11404",0.308377409075503,0.481097970937804,0.367273833001955,"ADA",1
"GOBP_PHOSPHATE_ION_TRANSPORT","GOBP_PHOSPHATE_ION_TRANSPORT","1/219","19/11404",0.308377409075503,0.481097970937804,0.367273833001955,"SLC37A1",1
"GOBP_POSITIVE_REGULATION_OF_CELL_MIGRATION_INVOLVED_IN_SPROUTING_ANGIOGENESIS","GOBP_POSITIVE_REGULATION_OF_CELL_MIGRATION_INVOLVED_IN_SPROUTING_ANGIOGENESIS","1/219","19/11404",0.308377409075503,0.481097970937804,0.367273833001955,"PTGS2",1
"GOBP_POSITIVE_REGULATION_OF_LYMPHOCYTE_MIGRATION","GOBP_POSITIVE_REGULATION_OF_LYMPHOCYTE_MIGRATION","1/219","19/11404",0.308377409075503,0.481097970937804,0.367273833001955,"WNT5A",1
"GOBP_POSITIVE_REGULATION_OF_NEUROBLAST_PROLIFERATION","GOBP_POSITIVE_REGULATION_OF_NEUROBLAST_PROLIFERATION","1/219","19/11404",0.308377409075503,0.481097970937804,0.367273833001955,"DRD2",1
"GOBP_POSITIVE_REGULATION_OF_RHO_PROTEIN_SIGNAL_TRANSDUCTION","GOBP_POSITIVE_REGULATION_OF_RHO_PROTEIN_SIGNAL_TRANSDUCTION","1/219","19/11404",0.308377409075503,0.481097970937804,0.367273833001955,"ARRB1",1
"GOBP_REGULATION_OF_ACTIVIN_RECEPTOR_SIGNALING_PATHWAY","GOBP_REGULATION_OF_ACTIVIN_RECEPTOR_SIGNALING_PATHWAY","1/219","19/11404",0.308377409075503,0.481097970937804,0.367273833001955,"DACT1",1
"GOBP_REGULATION_OF_AMINO_ACID_TRANSPORT","GOBP_REGULATION_OF_AMINO_ACID_TRANSPORT","1/219","19/11404",0.308377409075503,0.481097970937804,0.367273833001955,"ABAT",1
"GOBP_REGULATION_OF_HAIR_CYCLE","GOBP_REGULATION_OF_HAIR_CYCLE","1/219","19/11404",0.308377409075503,0.481097970937804,0.367273833001955,"WNT5A",1
"GOBP_REGULATION_OF_HORMONE_BIOSYNTHETIC_PROCESS","GOBP_REGULATION_OF_HORMONE_BIOSYNTHETIC_PROCESS","1/219","19/11404",0.308377409075503,0.481097970937804,0.367273833001955,"EGR1",1
"GOBP_REGULATION_OF_MEIOTIC_NUCLEAR_DIVISION","GOBP_REGULATION_OF_MEIOTIC_NUCLEAR_DIVISION","1/219","19/11404",0.308377409075503,0.481097970937804,0.367273833001955,"WNT5A",1
"GOBP_RESPONSE_TO_GONADOTROPIN","GOBP_RESPONSE_TO_GONADOTROPIN","1/219","19/11404",0.308377409075503,0.481097970937804,0.367273833001955,"PLAT",1
"GOBP_STEROID_METABOLIC_PROCESS","GOBP_STEROID_METABOLIC_PROCESS","5/219","192/11404",0.309146639532524,0.482012659862841,0.367972113451668,"EGR1/RORA/TM7SF2/DHRS2/CYP1A1",5
"GOBP_REGULATION_OF_APOPTOTIC_SIGNALING_PATHWAY","GOBP_REGULATION_OF_APOPTOTIC_SIGNALING_PATHWAY","7/219","286/11404",0.31089518351686,0.484452281825503,0.36983453932629,"CD74/SCG2/EYA1/GATA4/PTGS2/MEIS3/DAPK2",7
"GOBP_RESPONSE_TO_HYDROGEN_PEROXIDE","GOBP_RESPONSE_TO_HYDROGEN_PEROXIDE","3/219","102/11404",0.311976475892236,0.485562914339068,0.37068240459481,"MMP2/COL1A1/IL6",3
"GOBP_STRIATED_MUSCLE_CONTRACTION","GOBP_STRIATED_MUSCLE_CONTRACTION","3/219","102/11404",0.311976475892236,0.485562914339068,0.37068240459481,"FGF12/TRPM4/GATA4",3
"GOBP_ENDOMEMBRANE_SYSTEM_ORGANIZATION","GOBP_ENDOMEMBRANE_SYSTEM_ORGANIZATION","10/219","430/11404",0.312968936971301,0.486820040684403,0.371642104363485,"SYNGR1/SNAP25/COL5A1/ATP8B3/ALS2CL/FER1L4/XKR4/PTPRN/ROPN1B/SYP",10
"GOBP_LIPID_STORAGE","GOBP_LIPID_STORAGE","2/219","59/11404",0.313613627616297,0.487247587717537,0.371968497005178,"PPARA/IL6",2
"GOBP_VASCULOGENESIS","GOBP_VASCULOGENESIS","2/219","59/11404",0.313613627616297,0.487247587717537,0.371968497005178,"TGFB1/WNT7B",2
"GOBP_REGULATION_OF_TRANSMEMBRANE_TRANSPORT","GOBP_REGULATION_OF_TRANSMEMBRANE_TRANSPORT","8/219","335/11404",0.315400549825627,0.489735090624942,0.373867475555483,"KCND1/DRD2/CACNG7/FGF12/CNIH2/RTN2/SHANK3/HECW1",8
"GOBP_ACTIVATION_OF_PROTEIN_KINASE_ACTIVITY","GOBP_ACTIVATION_OF_PROTEIN_KINASE_ACTIVITY","3/219","103/11404",0.317246782715546,0.492021937878436,0.375613272060598,"WNT5A/DRD2/CDK5R2",3
"GOBP_REGULATION_OF_DEPHOSPHORYLATION","GOBP_REGULATION_OF_DEPHOSPHORYLATION","3/219","103/11404",0.317246782715546,0.492021937878436,0.375613272060598,"DRD2/TGFB1/RCAN1",3
"GOBP_HOMOTYPIC_CELL_CELL_ADHESION","GOBP_HOMOTYPIC_CELL_CELL_ADHESION","2/219","60/11404",0.320700225806835,0.492808344545412,0.376213620863391,"IL6/ABAT",2
"GOBP_REGULATION_OF_NEUROTRANSMITTER_TRANSPORT","GOBP_REGULATION_OF_NEUROTRANSMITTER_TRANSPORT","2/219","60/11404",0.320700225806835,0.492808344545412,0.376213620863391,"DRD2/SYP",2
"GOBP_ACTIVATION_OF_PROTEIN_KINASE_B_ACTIVITY","GOBP_ACTIVATION_OF_PROTEIN_KINASE_B_ACTIVITY","1/219","20/11404",0.321681348242167,0.492808344545412,0.376213620863391,"WNT5A",1
"GOBP_CELL_CELL_SIGNALING_INVOLVED_IN_CARDIAC_CONDUCTION","GOBP_CELL_CELL_SIGNALING_INVOLVED_IN_CARDIAC_CONDUCTION","1/219","20/11404",0.321681348242167,0.492808344545412,0.376213620863391,"TRPM4",1
"GOBP_CENTRAL_NERVOUS_SYSTEM_PROJECTION_NEURON_AXONOGENESIS","GOBP_CENTRAL_NERVOUS_SYSTEM_PROJECTION_NEURON_AXONOGENESIS","1/219","20/11404",0.321681348242167,0.492808344545412,0.376213620863391,"ADARB1",1
"GOBP_DNA_CATABOLIC_PROCESS_ENDONUCLEOLYTIC","GOBP_DNA_CATABOLIC_PROCESS_ENDONUCLEOLYTIC","1/219","20/11404",0.321681348242167,0.492808344545412,0.376213620863391,"IL6",1
"GOBP_EYE_PHOTORECEPTOR_CELL_DEVELOPMENT","GOBP_EYE_PHOTORECEPTOR_CELL_DEVELOPMENT","1/219","20/11404",0.321681348242167,0.492808344545412,0.376213620863391,"HCN1",1
"GOBP_FC_GAMMA_RECEPTOR_SIGNALING_PATHWAY","GOBP_FC_GAMMA_RECEPTOR_SIGNALING_PATHWAY","1/219","20/11404",0.321681348242167,0.492808344545412,0.376213620863391,"PTPRJ",1
"GOBP_MESODERMAL_CELL_DIFFERENTIATION","GOBP_MESODERMAL_CELL_DIFFERENTIATION","1/219","20/11404",0.321681348242167,0.492808344545412,0.376213620863391,"EYA1",1
"GOBP_NAD_METABOLIC_PROCESS","GOBP_NAD_METABOLIC_PROCESS","1/219","20/11404",0.321681348242167,0.492808344545412,0.376213620863391,"CD38",1
"GOBP_NEGATIVE_REGULATION_OF_ATP_METABOLIC_PROCESS","GOBP_NEGATIVE_REGULATION_OF_ATP_METABOLIC_PROCESS","1/219","20/11404",0.321681348242167,0.492808344545412,0.376213620863391,"PPARA",1
"GOBP_NEGATIVE_REGULATION_OF_RECEPTOR_SIGNALING_PATHWAY_VIA_JAK_STAT","GOBP_NEGATIVE_REGULATION_OF_RECEPTOR_SIGNALING_PATHWAY_VIA_JAK_STAT","1/219","20/11404",0.321681348242167,0.492808344545412,0.376213620863391,"INPP5F",1
"GOBP_NEGATIVE_REGULATION_OF_VASCULAR_ASSOCIATED_SMOOTH_MUSCLE_CELL_PROLIFERATION","GOBP_NEGATIVE_REGULATION_OF_VASCULAR_ASSOCIATED_SMOOTH_MUSCLE_CELL_PROLIFERATION","1/219","20/11404",0.321681348242167,0.492808344545412,0.376213620863391,"S1PR2",1
"GOBP_POSITIVE_REGULATION_OF_T_CELL_CYTOKINE_PRODUCTION","GOBP_POSITIVE_REGULATION_OF_T_CELL_CYTOKINE_PRODUCTION","1/219","20/11404",0.321681348242167,0.492808344545412,0.376213620863391,"IL6",1
"GOBP_POSITIVE_REGULATION_OF_TRANSCRIPTION_REGULATORY_REGION_DNA_BINDING","GOBP_POSITIVE_REGULATION_OF_TRANSCRIPTION_REGULATORY_REGION_DNA_BINDING","1/219","20/11404",0.321681348242167,0.492808344545412,0.376213620863391,"TGFB1",1
"GOBP_POTASSIUM_ION_IMPORT_ACROSS_PLASMA_MEMBRANE","GOBP_POTASSIUM_ION_IMPORT_ACROSS_PLASMA_MEMBRANE","1/219","20/11404",0.321681348242167,0.492808344545412,0.376213620863391,"SLC12A8",1
"GOBP_REGULATION_OF_RAC_PROTEIN_SIGNAL_TRANSDUCTION","GOBP_REGULATION_OF_RAC_PROTEIN_SIGNAL_TRANSDUCTION","1/219","20/11404",0.321681348242167,0.492808344545412,0.376213620863391,"ARHGAP44",1
"GOBP_REGULATION_OF_T_CELL_DIFFERENTIATION_IN_THYMUS","GOBP_REGULATION_OF_T_CELL_DIFFERENTIATION_IN_THYMUS","1/219","20/11404",0.321681348242167,0.492808344545412,0.376213620863391,"ADA",1
"GOBP_REPLACEMENT_OSSIFICATION","GOBP_REPLACEMENT_OSSIFICATION","1/219","20/11404",0.321681348242167,0.492808344545412,0.376213620863391,"COL1A1",1
"GOBP_RESPONSE_TO_MUSCLE_STRETCH","GOBP_RESPONSE_TO_MUSCLE_STRETCH","1/219","20/11404",0.321681348242167,0.492808344545412,0.376213620863391,"FOS",1
"GOBP_WALKING_BEHAVIOR","GOBP_WALKING_BEHAVIOR","1/219","20/11404",0.321681348242167,0.492808344545412,0.376213620863391,"DRD2",1
"GOBP_GENE_SILENCING_BY_RNA","GOBP_GENE_SILENCING_BY_RNA","3/219","104/11404",0.322518724099028,0.493517327526678,0.376754863838403,"TGFB1/LINC00461/IL6",3
"GOBP_REGULATION_OF_PROTEIN_LOCALIZATION_TO_CELL_PERIPHERY","GOBP_REGULATION_OF_PROTEIN_LOCALIZATION_TO_CELL_PERIPHERY","3/219","104/11404",0.322518724099028,0.493517327526678,0.376754863838403,"TGFB1/GPC6/ARHGAP44",3
"GOBP_REGULATION_OF_PROTEIN_SERINE_THREONINE_KINASE_ACTIVITY","GOBP_REGULATION_OF_PROTEIN_SERINE_THREONINE_KINASE_ACTIVITY","7/219","290/11404",0.323245262110796,0.494341999803801,0.377384424897658,"TGFA/WNT5A/TGFB1/MAPRE3/PTPRJ/TNFRSF11A/CDK5R2",7
"GOBP_CELLULAR_RESPONSE_TO_HEAT","GOBP_CELLULAR_RESPONSE_TO_HEAT","2/219","61/11404",0.327769078278636,0.500422967942755,0.38202668200883,"PTGS2/MAPT",2
"GOBP_VESICLE_CYTOSKELETAL_TRAFFICKING","GOBP_VESICLE_CYTOSKELETAL_TRAFFICKING","2/219","61/11404",0.327769078278636,0.500422967942755,0.38202668200883,"CNIH2/AP3B2",2
"GOBP_NEURAL_PRECURSOR_CELL_PROLIFERATION","GOBP_NEURAL_PRECURSOR_CELL_PROLIFERATION","3/219","105/11404",0.327791287540491,0.500422967942755,0.38202668200883,"WNT5A/DRD2/RORA",3
"GOBP_CELLULAR_RESPONSE_TO_RADIATION","GOBP_CELLULAR_RESPONSE_TO_RADIATION","4/219","151/11404",0.329916317616881,0.501276199809568,0.382678045675056,"MMP2/EGR1/BMF/PTGS2",4
"GOBP_CELL_FATE_COMMITMENT_INVOLVED_IN_FORMATION_OF_PRIMARY_GERM_LAYER","GOBP_CELL_FATE_COMMITMENT_INVOLVED_IN_FORMATION_OF_PRIMARY_GERM_LAYER","1/219","21/11404",0.334730521180937,0.501276199809568,0.382678045675056,"EYA1",1
"GOBP_CELLULAR_RESPONSE_TO_FATTY_ACID","GOBP_CELLULAR_RESPONSE_TO_FATTY_ACID","1/219","21/11404",0.334730521180937,0.501276199809568,0.382678045675056,"HES1",1
"GOBP_CELLULAR_RESPONSE_TO_VITAMIN","GOBP_CELLULAR_RESPONSE_TO_VITAMIN","1/219","21/11404",0.334730521180937,0.501276199809568,0.382678045675056,"COL1A1",1
"GOBP_HEMATOPOIETIC_STEM_CELL_PROLIFERATION","GOBP_HEMATOPOIETIC_STEM_CELL_PROLIFERATION","1/219","21/11404",0.334730521180937,0.501276199809568,0.382678045675056,"WNT5A",1
"GOBP_INCLUSION_BODY_ASSEMBLY","GOBP_INCLUSION_BODY_ASSEMBLY","1/219","21/11404",0.334730521180937,0.501276199809568,0.382678045675056,"MAPT",1
"GOBP_NEGATIVE_REGULATION_OF_ANTIGEN_RECEPTOR_MEDIATED_SIGNALING_PATHWAY","GOBP_NEGATIVE_REGULATION_OF_ANTIGEN_RECEPTOR_MEDIATED_SIGNALING_PATHWAY","1/219","21/11404",0.334730521180937,0.501276199809568,0.382678045675056,"PTPRJ",1
"GOBP_NEGATIVE_REGULATION_OF_INTERLEUKIN_6_PRODUCTION","GOBP_NEGATIVE_REGULATION_OF_INTERLEUKIN_6_PRODUCTION","1/219","21/11404",0.334730521180937,0.501276199809568,0.382678045675056,"ARRB1",1
"GOBP_NEGATIVE_REGULATION_OF_INTRINSIC_APOPTOTIC_SIGNALING_PATHWAY_BY_P53_CLASS_MEDIATOR","GOBP_NEGATIVE_REGULATION_OF_INTRINSIC_APOPTOTIC_SIGNALING_PATHWAY_BY_P53_CLASS_MEDIATOR","1/219","21/11404",0.334730521180937,0.501276199809568,0.382678045675056,"CD74",1
"GOBP_NEGATIVE_REGULATION_OF_RECEPTOR_SIGNALING_PATHWAY_VIA_STAT","GOBP_NEGATIVE_REGULATION_OF_RECEPTOR_SIGNALING_PATHWAY_VIA_STAT","1/219","21/11404",0.334730521180937,0.501276199809568,0.382678045675056,"INPP5F",1
"GOBP_NEGATIVE_REGULATION_OF_SMOOTH_MUSCLE_CELL_MIGRATION","GOBP_NEGATIVE_REGULATION_OF_SMOOTH_MUSCLE_CELL_MIGRATION","1/219","21/11404",0.334730521180937,0.501276199809568,0.382678045675056,"S1PR2",1
"GOBP_PEPTIDYL_L_CYSTEINE_S_PALMITOYLATION","GOBP_PEPTIDYL_L_CYSTEINE_S_PALMITOYLATION","1/219","21/11404",0.334730521180937,0.501276199809568,0.382678045675056,"GOLGA7B",1
"GOBP_POLARIZED_EPITHELIAL_CELL_DIFFERENTIATION","GOBP_POLARIZED_EPITHELIAL_CELL_DIFFERENTIATION","1/219","21/11404",0.334730521180937,0.501276199809568,0.382678045675056,"WNT5A",1
"GOBP_POSITIVE_REGULATION_OF_INTERLEUKIN_10_PRODUCTION","GOBP_POSITIVE_REGULATION_OF_INTERLEUKIN_10_PRODUCTION","1/219","21/11404",0.334730521180937,0.501276199809568,0.382678045675056,"IL6",1
"GOBP_POSITIVE_REGULATION_OF_INTERLEUKIN_12_PRODUCTION","GOBP_POSITIVE_REGULATION_OF_INTERLEUKIN_12_PRODUCTION","1/219","21/11404",0.334730521180937,0.501276199809568,0.382678045675056,"MAPK11",1
"GOBP_POSITIVE_REGULATION_OF_LIPID_KINASE_ACTIVITY","GOBP_POSITIVE_REGULATION_OF_LIPID_KINASE_ACTIVITY","1/219","21/11404",0.334730521180937,0.501276199809568,0.382678045675056,"TGFB1",1
"GOBP_PROTEIN_MANNOSYLATION","GOBP_PROTEIN_MANNOSYLATION","1/219","21/11404",0.334730521180937,0.501276199809568,0.382678045675056,"POMGNT2",1
"GOBP_PURINE_NUCLEOSIDE_METABOLIC_PROCESS","GOBP_PURINE_NUCLEOSIDE_METABOLIC_PROCESS","1/219","21/11404",0.334730521180937,0.501276199809568,0.382678045675056,"ADA",1
"GOBP_PURINE_NUCLEOSIDE_MONOPHOSPHATE_BIOSYNTHETIC_PROCESS","GOBP_PURINE_NUCLEOSIDE_MONOPHOSPHATE_BIOSYNTHETIC_PROCESS","1/219","21/11404",0.334730521180937,0.501276199809568,0.382678045675056,"ADA",1
"GOBP_REGULATION_OF_ANIMAL_ORGAN_FORMATION","GOBP_REGULATION_OF_ANIMAL_ORGAN_FORMATION","1/219","21/11404",0.334730521180937,0.501276199809568,0.382678045675056,"WNT5A",1
"GOBP_REGULATION_OF_HEART_RATE_BY_CARDIAC_CONDUCTION","GOBP_REGULATION_OF_HEART_RATE_BY_CARDIAC_CONDUCTION","1/219","21/11404",0.334730521180937,0.501276199809568,0.382678045675056,"TRPM4",1
"GOBP_REGULATION_OF_SYSTEMIC_ARTERIAL_BLOOD_PRESSURE_MEDIATED_BY_A_CHEMICAL_SIGNAL","GOBP_REGULATION_OF_SYSTEMIC_ARTERIAL_BLOOD_PRESSURE_MEDIATED_BY_A_CHEMICAL_SIGNAL","1/219","21/11404",0.334730521180937,0.501276199809568,0.382678045675056,"CORIN",1
"GOBP_REGULATION_OF_TRANSCRIPTION_INVOLVED_IN_G1_S_TRANSITION_OF_MITOTIC_CELL_CYCLE","GOBP_REGULATION_OF_TRANSCRIPTION_INVOLVED_IN_G1_S_TRANSITION_OF_MITOTIC_CELL_CYCLE","1/219","21/11404",0.334730521180937,0.501276199809568,0.382678045675056,"CDK15",1
"GOBP_RESPONSE_TO_ANGIOTENSIN","GOBP_RESPONSE_TO_ANGIOTENSIN","1/219","21/11404",0.334730521180937,0.501276199809568,0.382678045675056,"PTGS2",1
"GOBP_RESPONSE_TO_MINERALOCORTICOID","GOBP_RESPONSE_TO_MINERALOCORTICOID","1/219","21/11404",0.334730521180937,0.501276199809568,0.382678045675056,"FOS",1
"GOBP_SENSORY_PERCEPTION_OF_SMELL","GOBP_SENSORY_PERCEPTION_OF_SMELL","1/219","21/11404",0.334730521180937,0.501276199809568,0.382678045675056,"DRD2",1
"GOBP_SIGNALING_RECEPTOR_LIGAND_PRECURSOR_PROCESSING","GOBP_SIGNALING_RECEPTOR_LIGAND_PRECURSOR_PROCESSING","1/219","21/11404",0.334730521180937,0.501276199809568,0.382678045675056,"CORIN",1
"GOBP_STEM_CELL_DIVISION","GOBP_STEM_CELL_DIVISION","1/219","21/11404",0.334730521180937,0.501276199809568,0.382678045675056,"EVI2B",1
"GOBP_TELENCEPHALON_GLIAL_CELL_MIGRATION","GOBP_TELENCEPHALON_GLIAL_CELL_MIGRATION","1/219","21/11404",0.334730521180937,0.501276199809568,0.382678045675056,"CDK5R2",1
"GOBP_TUBULIN_DEACETYLATION","GOBP_TUBULIN_DEACETYLATION","1/219","21/11404",0.334730521180937,0.501276199809568,0.382678045675056,"MAPT",1
"GOBP_REGULATION_OF_PHOSPHATASE_ACTIVITY","GOBP_REGULATION_OF_PHOSPHATASE_ACTIVITY","2/219","62/11404",0.334818258696334,0.501276199809568,0.382678045675056,"DRD2/RCAN1",2
"GOBP_REGULATION_OF_STEROID_METABOLIC_PROCESS","GOBP_REGULATION_OF_STEROID_METABOLIC_PROCESS","2/219","62/11404",0.334818258696334,0.501276199809568,0.382678045675056,"EGR1/RORA",2
"GOBP_REGULATION_OF_STRIATED_MUSCLE_CELL_DIFFERENTIATION","GOBP_REGULATION_OF_STRIATED_MUSCLE_CELL_DIFFERENTIATION","2/219","62/11404",0.334818258696334,0.501276199809568,0.382678045675056,"TGFB1/PPARA",2
"GOBP_RIBONUCLEOSIDE_TRIPHOSPHATE_BIOSYNTHETIC_PROCESS","GOBP_RIBONUCLEOSIDE_TRIPHOSPHATE_BIOSYNTHETIC_PROCESS","2/219","62/11404",0.334818258696334,0.501276199809568,0.382678045675056,"TGFB1/PPARA",2
"GOBP_ENDOTHELIAL_CELL_PROLIFERATION","GOBP_ENDOTHELIAL_CELL_PROLIFERATION","3/219","107/11404",0.338334325323351,0.505865079985506,0.386181231539919,"WNT5A/SCG2/PLXNB3",3
"GOBP_PEPTIDYL_THREONINE_MODIFICATION","GOBP_PEPTIDYL_THREONINE_MODIFICATION","3/219","107/11404",0.338334325323351,0.505865079985506,0.386181231539919,"WNT5A/TGFB1/S1PR2",3
"GOBP_CELLULAR_RESPONSE_TO_BIOTIC_STIMULUS","GOBP_CELLULAR_RESPONSE_TO_BIOTIC_STIMULUS","4/219","153/11404",0.338651233811929,0.505865079985506,0.386181231539919,"WNT5A/TGFB1/TBXA2R/IL6",4
"GOBP_CELLULAR_RESPONSE_TO_STEROID_HORMONE_STIMULUS","GOBP_CELLULAR_RESPONSE_TO_STEROID_HORMONE_STIMULUS","4/219","153/11404",0.338651233811929,0.505865079985506,0.386181231539919,"PLAT/PPARA/KLF9/SERPINF1",4
"GOBP_CELLULAR_RESPONSE_TO_VIRUS","GOBP_CELLULAR_RESPONSE_TO_VIRUS","2/219","63/11404",0.341845920561138,0.510058890531483,0.38938281825853,"MAPK11/IL6",2
"GOBP_SYNAPTIC_VESICLE_RECYCLING","GOBP_SYNAPTIC_VESICLE_RECYCLING","2/219","63/11404",0.341845920561138,0.510058890531483,0.38938281825853,"SYT5/SYP",2
"GOBP_MICROTUBULE_POLYMERIZATION_OR_DEPOLYMERIZATION","GOBP_MICROTUBULE_POLYMERIZATION_OR_DEPOLYMERIZATION","3/219","108/11404",0.343602869417098,0.511873103691917,0.390767802319087,"MAPRE3/MAPT/NCKAP5",3
"GOBP_NEGATIVE_REGULATION_OF_PHOSPHORUS_METABOLIC_PROCESS","GOBP_NEGATIVE_REGULATION_OF_PHOSPHORUS_METABOLIC_PROCESS","8/219","345/11404",0.344184926418197,0.511873103691917,0.390767802319087,"DRD2/TGFB1/PPARA/ADARB1/INPP5F/PTPRJ/ZFYVE28/MAPT",8
"GOBP_VIRAL_LIFE_CYCLE","GOBP_VIRAL_LIFE_CYCLE","6/219","249/11404",0.344955850917896,0.511873103691917,0.390767802319087,"HLA-DRB1/CD74/CIITA/PPARA/ADARB1/MID2",6
"GOBP_NEGATIVE_REGULATION_OF_HYDROLASE_ACTIVITY","GOBP_NEGATIVE_REGULATION_OF_HYDROLASE_ACTIVITY","5/219","202/11404",0.347082047304925,0.511873103691917,0.390767802319087,"SERPINB2/PLXNB3/PTGS2/ANGPTL4/SERPINF1",5
"GOBP_ACTIVATED_T_CELL_PROLIFERATION","GOBP_ACTIVATED_T_CELL_PROLIFERATION","1/219","22/11404",0.347529784631818,0.511873103691917,0.390767802319087,"TNFSF9",1
"GOBP_ATRIOVENTRICULAR_VALVE_DEVELOPMENT","GOBP_ATRIOVENTRICULAR_VALVE_DEVELOPMENT","1/219","22/11404",0.347529784631818,0.511873103691917,0.390767802319087,"GATA4",1
"GOBP_BINDING_OF_SPERM_TO_ZONA_PELLUCIDA","GOBP_BINDING_OF_SPERM_TO_ZONA_PELLUCIDA","1/219","22/11404",0.347529784631818,0.511873103691917,0.390767802319087,"ATP8B3",1
"GOBP_CELLULAR_COMPONENT_DISASSEMBLY_INVOLVED_IN_EXECUTION_PHASE_OF_APOPTOSIS","GOBP_CELLULAR_COMPONENT_DISASSEMBLY_INVOLVED_IN_EXECUTION_PHASE_OF_APOPTOSIS","1/219","22/11404",0.347529784631818,0.511873103691917,0.390767802319087,"IL6",1
"GOBP_DENDRITE_EXTENSION","GOBP_DENDRITE_EXTENSION","1/219","22/11404",0.347529784631818,0.511873103691917,0.390767802319087,"CACNG7",1
"GOBP_DETECTION_OF_MECHANICAL_STIMULUS","GOBP_DETECTION_OF_MECHANICAL_STIMULUS","1/219","22/11404",0.347529784631818,0.511873103691917,0.390767802319087,"PDZD7",1
"GOBP_EMBRYONIC_DIGESTIVE_TRACT_DEVELOPMENT","GOBP_EMBRYONIC_DIGESTIVE_TRACT_DEVELOPMENT","1/219","22/11404",0.347529784631818,0.511873103691917,0.390767802319087,"ADA",1
"GOBP_EMBRYONIC_FORELIMB_MORPHOGENESIS","GOBP_EMBRYONIC_FORELIMB_MORPHOGENESIS","1/219","22/11404",0.347529784631818,0.511873103691917,0.390767802319087,"TFAP2A",1
"GOBP_LIVER_REGENERATION","GOBP_LIVER_REGENERATION","1/219","22/11404",0.347529784631818,0.511873103691917,0.390767802319087,"IL6",1
"GOBP_NEGATIVE_REGULATION_OF_MUSCLE_HYPERTROPHY","GOBP_NEGATIVE_REGULATION_OF_MUSCLE_HYPERTROPHY","1/219","22/11404",0.347529784631818,0.511873103691917,0.390767802319087,"PPARA",1
"GOBP_NUCLEOBASE_CONTAINING_SMALL_MOLECULE_CATABOLIC_PROCESS","GOBP_NUCLEOBASE_CONTAINING_SMALL_MOLECULE_CATABOLIC_PROCESS","1/219","22/11404",0.347529784631818,0.511873103691917,0.390767802319087,"ADA",1
"GOBP_POSITIVE_REGULATION_OF_EPITHELIAL_CELL_APOPTOTIC_PROCESS","GOBP_POSITIVE_REGULATION_OF_EPITHELIAL_CELL_APOPTOTIC_PROCESS","1/219","22/11404",0.347529784631818,0.511873103691917,0.390767802319087,"IL6",1
"GOBP_POSITIVE_REGULATION_OF_FOCAL_ADHESION_ASSEMBLY","GOBP_POSITIVE_REGULATION_OF_FOCAL_ADHESION_ASSEMBLY","1/219","22/11404",0.347529784631818,0.511873103691917,0.390767802319087,"PTPRJ",1
"GOBP_POSITIVE_REGULATION_OF_ISOTYPE_SWITCHING","GOBP_POSITIVE_REGULATION_OF_ISOTYPE_SWITCHING","1/219","22/11404",0.347529784631818,0.511873103691917,0.390767802319087,"TGFB1",1
"GOBP_POSITIVE_REGULATION_OF_RELEASE_OF_CYTOCHROME_C_FROM_MITOCHONDRIA","GOBP_POSITIVE_REGULATION_OF_RELEASE_OF_CYTOCHROME_C_FROM_MITOCHONDRIA","1/219","22/11404",0.347529784631818,0.511873103691917,0.390767802319087,"BMF",1
"GOBP_REGULATION_OF_MESENCHYMAL_CELL_PROLIFERATION","GOBP_REGULATION_OF_MESENCHYMAL_CELL_PROLIFERATION","1/219","22/11404",0.347529784631818,0.511873103691917,0.390767802319087,"WNT5A",1
"GOBP_REGULATION_OF_VOLTAGE_GATED_CALCIUM_CHANNEL_ACTIVITY","GOBP_REGULATION_OF_VOLTAGE_GATED_CALCIUM_CHANNEL_ACTIVITY","1/219","22/11404",0.347529784631818,0.511873103691917,0.390767802319087,"DRD2",1
"GOBP_RESPONSE_TO_INTERLEUKIN_6","GOBP_RESPONSE_TO_INTERLEUKIN_6","1/219","22/11404",0.347529784631818,0.511873103691917,0.390767802319087,"IL6",1
"GOBP_VENTRICULAR_CARDIAC_MUSCLE_CELL_ACTION_POTENTIAL","GOBP_VENTRICULAR_CARDIAC_MUSCLE_CELL_ACTION_POTENTIAL","1/219","22/11404",0.347529784631818,0.511873103691917,0.390767802319087,"TRPM4",1
"GOBP_EMBRYONIC_PLACENTA_DEVELOPMENT","GOBP_EMBRYONIC_PLACENTA_DEVELOPMENT","2/219","64/11404",0.348850294879267,0.512100572148673,0.390941453460946,"HES1/WNT7B",2
"GOBP_MIDBRAIN_DEVELOPMENT","GOBP_MIDBRAIN_DEVELOPMENT","2/219","64/11404",0.348850294879267,0.512100572148673,0.390941453460946,"WNT5A/HES1",2
"GOBP_NEGATIVE_REGULATION_OF_HEMOPOIESIS","GOBP_NEGATIVE_REGULATION_OF_HEMOPOIESIS","2/219","64/11404",0.348850294879267,0.512100572148673,0.390941453460946,"CD74/ZBTB46",2
"GOBP_PROTEIN_LOCALIZATION_TO_CILIUM","GOBP_PROTEIN_LOCALIZATION_TO_CILIUM","2/219","64/11404",0.348850294879267,0.512100572148673,0.390941453460946,"ROPN1/ROPN1B",2
"GOBP_REGULATION_OF_CELLULAR_PH","GOBP_REGULATION_OF_CELLULAR_PH","2/219","64/11404",0.348850294879267,0.512100572148673,0.390941453460946,"ATP6V0A4/SLC9A7",2
"GOBP_SPINAL_CORD_DEVELOPMENT","GOBP_SPINAL_CORD_DEVELOPMENT","2/219","64/11404",0.348850294879267,0.512100572148673,0.390941453460946,"ADARB1/MDGA1",2
"GOBP_MONOCARBOXYLIC_ACID_METABOLIC_PROCESS","GOBP_MONOCARBOXYLIC_ACID_METABOLIC_PROCESS","9/219","396/11404",0.350876086354069,0.514787576582946,0.392992732987121,"PTGES/CD74/PPARA/PTGS2/ALOX5AP/IDH2/CYP1A1/ALOXE3/ABAT",9
"GOBP_BRANCHING_MORPHOGENESIS_OF_AN_EPITHELIAL_TUBE","GOBP_BRANCHING_MORPHOGENESIS_OF_AN_EPITHELIAL_TUBE","3/219","110/11404",0.354129324441597,0.518982630647168,0.396195269016973,"WNT5A/HOXA5/EYA1",3
"GOBP_POSITIVE_REGULATION_OF_DEVELOPMENTAL_GROWTH","GOBP_POSITIVE_REGULATION_OF_DEVELOPMENTAL_GROWTH","3/219","110/11404",0.354129324441597,0.518982630647168,0.396195269016973,"DRD2/CACNG7/MAPT",3
"GOBP_AMINOGLYCAN_BIOSYNTHETIC_PROCESS","GOBP_AMINOGLYCAN_BIOSYNTHETIC_PROCESS","2/219","65/11404",0.355829687889812,0.52031699644265,0.397213933966605,"TGFB1/CHST1",2
"GOBP_GLYCOSYL_COMPOUND_METABOLIC_PROCESS","GOBP_GLYCOSYL_COMPOUND_METABOLIC_PROCESS","2/219","65/11404",0.355829687889812,0.52031699644265,0.397213933966605,"FUCA1/ADA",2
"GOBP_MESONEPHROS_DEVELOPMENT","GOBP_MESONEPHROS_DEVELOPMENT","2/219","65/11404",0.355829687889812,0.52031699644265,0.397213933966605,"HES1/EYA1",2
"GOBP_REGULATION_OF_ORGAN_GROWTH","GOBP_REGULATION_OF_ORGAN_GROWTH","2/219","65/11404",0.355829687889812,0.52031699644265,0.397213933966605,"PPARA/MAPK11",2
"GOBP_REGULATION_OF_BINDING","GOBP_REGULATION_OF_BINDING","7/219","301/11404",0.357586518669227,0.521043978497872,0.397768917570931,"DACT1/WNT5A/TGFB1/HES1/MAPRE3/PPARA/MFNG",7
"GOBP_AMP_METABOLIC_PROCESS","GOBP_AMP_METABOLIC_PROCESS","1/219","23/11404",0.360083903166841,0.521043978497872,0.397768917570931,"ADA",1
"GOBP_CARTILAGE_DEVELOPMENT_INVOLVED_IN_ENDOCHONDRAL_BONE_MORPHOGENESIS","GOBP_CARTILAGE_DEVELOPMENT_INVOLVED_IN_ENDOCHONDRAL_BONE_MORPHOGENESIS","1/219","23/11404",0.360083903166841,0.521043978497872,0.397768917570931,"COL1A1",1
"GOBP_EPITHELIAL_TUBE_BRANCHING_INVOLVED_IN_LUNG_MORPHOGENESIS","GOBP_EPITHELIAL_TUBE_BRANCHING_INVOLVED_IN_LUNG_MORPHOGENESIS","1/219","23/11404",0.360083903166841,0.521043978497872,0.397768917570931,"HOXA5",1
"GOBP_ESTABLISHMENT_OR_MAINTENANCE_OF_MONOPOLAR_CELL_POLARITY","GOBP_ESTABLISHMENT_OR_MAINTENANCE_OF_MONOPOLAR_CELL_POLARITY","1/219","23/11404",0.360083903166841,0.521043978497872,0.397768917570931,"WNT5A",1
"GOBP_GLYCEROPHOSPHOLIPID_CATABOLIC_PROCESS","GOBP_GLYCEROPHOSPHOLIPID_CATABOLIC_PROCESS","1/219","23/11404",0.360083903166841,0.521043978497872,0.397768917570931,"INPP5F",1
"GOBP_GMP_METABOLIC_PROCESS","GOBP_GMP_METABOLIC_PROCESS","1/219","23/11404",0.360083903166841,0.521043978497872,0.397768917570931,"ADA",1
"GOBP_NEGATIVE_REGULATION_OF_CALCIUM_ION_TRANSMEMBRANE_TRANSPORT","GOBP_NEGATIVE_REGULATION_OF_CALCIUM_ION_TRANSMEMBRANE_TRANSPORT","1/219","23/11404",0.360083903166841,0.521043978497872,0.397768917570931,"DRD2",1
"GOBP_NEGATIVE_REGULATION_OF_CELL_JUNCTION_ASSEMBLY","GOBP_NEGATIVE_REGULATION_OF_CELL_JUNCTION_ASSEMBLY","1/219","23/11404",0.360083903166841,0.521043978497872,0.397768917570931,"WNT5A",1
"GOBP_NEGATIVE_REGULATION_OF_SIGNAL_TRANSDUCTION_IN_ABSENCE_OF_LIGAND","GOBP_NEGATIVE_REGULATION_OF_SIGNAL_TRANSDUCTION_IN_ABSENCE_OF_LIGAND","1/219","23/11404",0.360083903166841,0.521043978497872,0.397768917570931,"EYA1",1
"GOBP_POSITIVE_REGULATION_OF_ATP_METABOLIC_PROCESS","GOBP_POSITIVE_REGULATION_OF_ATP_METABOLIC_PROCESS","1/219","23/11404",0.360083903166841,0.521043978497872,0.397768917570931,"PPARA",1
"GOBP_POSITIVE_REGULATION_OF_CARTILAGE_DEVELOPMENT","GOBP_POSITIVE_REGULATION_OF_CARTILAGE_DEVELOPMENT","1/219","23/11404",0.360083903166841,0.521043978497872,0.397768917570931,"WNT5A",1
"GOBP_POSITIVE_REGULATION_OF_SODIUM_ION_TRANSPORT","GOBP_POSITIVE_REGULATION_OF_SODIUM_ION_TRANSPORT","1/219","23/11404",0.360083903166841,0.521043978497872,0.397768917570931,"FGF12",1
"GOBP_REGULATION_OF_NEURON_PROJECTION_REGENERATION","GOBP_REGULATION_OF_NEURON_PROJECTION_REGENERATION","1/219","23/11404",0.360083903166841,0.521043978497872,0.397768917570931,"INPP5F",1
"GOBP_REGULATION_OF_T_CELL_MIGRATION","GOBP_REGULATION_OF_T_CELL_MIGRATION","1/219","23/11404",0.360083903166841,0.521043978497872,0.397768917570931,"WNT5A",1
"GOBP_RESPONSE_TO_PH","GOBP_RESPONSE_TO_PH","1/219","23/11404",0.360083903166841,0.521043978497872,0.397768917570931,"SERPINF1",1
"GOBP_SECRETION_BY_TISSUE","GOBP_SECRETION_BY_TISSUE","1/219","23/11404",0.360083903166841,0.521043978497872,0.397768917570931,"ADA",1
"GOBP_STEROID_HORMONE_BIOSYNTHETIC_PROCESS","GOBP_STEROID_HORMONE_BIOSYNTHETIC_PROCESS","1/219","23/11404",0.360083903166841,0.521043978497872,0.397768917570931,"EGR1",1
"GOBP_VACUOLAR_ACIDIFICATION","GOBP_VACUOLAR_ACIDIFICATION","1/219","23/11404",0.360083903166841,0.521043978497872,0.397768917570931,"ATP6V0A4",1
"GOBP_PURINE_CONTAINING_COMPOUND_BIOSYNTHETIC_PROCESS","GOBP_PURINE_CONTAINING_COMPOUND_BIOSYNTHETIC_PROCESS","4/219","158/11404",0.360517461603552,0.521385022681317,0.398029273282332,"SLC26A2/TGFB1/PPARA/ADA",4
"GOBP_MICROTUBULE_BUNDLE_FORMATION","GOBP_MICROTUBULE_BUNDLE_FORMATION","2/219","66/11404",0.362782478850648,0.524085434085229,0.400090787790621,"NCKAP5/CCDC40",2
"GOBP_NEGATIVE_REGULATION_OF_MYELOID_CELL_DIFFERENTIATION","GOBP_NEGATIVE_REGULATION_OF_MYELOID_CELL_DIFFERENTIATION","2/219","66/11404",0.362782478850648,0.524085434085229,0.400090787790621,"HOXA5/ZBTB46",2
"GOBP_RIBOSE_PHOSPHATE_BIOSYNTHETIC_PROCESS","GOBP_RIBOSE_PHOSPHATE_BIOSYNTHETIC_PROCESS","4/219","160/11404",0.369263754054901,0.530414890110151,0.404922742435034,"SLC26A2/TGFB1/PPARA/ADA",4
"GOBP_NEGATIVE_REGULATION_OF_VIRAL_PROCESS","GOBP_NEGATIVE_REGULATION_OF_VIRAL_PROCESS","2/219","67/11404",0.369707117880974,0.530414890110151,0.404922742435034,"CIITA/MID2",2
"GOBP_NUCLEOSIDE_PHOSPHATE_CATABOLIC_PROCESS","GOBP_NUCLEOSIDE_PHOSPHATE_CATABOLIC_PROCESS","2/219","67/11404",0.369707117880974,0.530414890110151,0.404922742435034,"ADA/PDE8B",2
"GOBP_POSITIVE_REGULATION_OF_LIPID_LOCALIZATION","GOBP_POSITIVE_REGULATION_OF_LIPID_LOCALIZATION","2/219","67/11404",0.369707117880974,0.530414890110151,0.404922742435034,"PTGES/TNFRSF11A",2
"GOBP_ALPHA_BETA_T_CELL_PROLIFERATION","GOBP_ALPHA_BETA_T_CELL_PROLIFERATION","1/219","24/11404",0.372397550931226,0.530414890110151,0.404922742435034,"HLA-E",1
"GOBP_ANION_HOMEOSTASIS","GOBP_ANION_HOMEOSTASIS","1/219","24/11404",0.372397550931226,0.530414890110151,0.404922742435034,"SLC12A8",1
"GOBP_CEREBELLAR_CORTEX_MORPHOGENESIS","GOBP_CEREBELLAR_CORTEX_MORPHOGENESIS","1/219","24/11404",0.372397550931226,0.530414890110151,0.404922742435034,"RORA",1
"GOBP_DEOXYRIBOSE_PHOSPHATE_CATABOLIC_PROCESS","GOBP_DEOXYRIBOSE_PHOSPHATE_CATABOLIC_PROCESS","1/219","24/11404",0.372397550931226,0.530414890110151,0.404922742435034,"ADA",1
"GOBP_ENDOCARDIAL_CUSHION_FORMATION","GOBP_ENDOCARDIAL_CUSHION_FORMATION","1/219","24/11404",0.372397550931226,0.530414890110151,0.404922742435034,"TGFB1",1
"GOBP_FEAR_RESPONSE","GOBP_FEAR_RESPONSE","1/219","24/11404",0.372397550931226,0.530414890110151,0.404922742435034,"GRIK2",1
"GOBP_FEMALE_MEIOTIC_NUCLEAR_DIVISION","GOBP_FEMALE_MEIOTIC_NUCLEAR_DIVISION","1/219","24/11404",0.372397550931226,0.530414890110151,0.404922742435034,"SPIRE2",1
"GOBP_GLANDULAR_EPITHELIAL_CELL_DEVELOPMENT","GOBP_GLANDULAR_EPITHELIAL_CELL_DEVELOPMENT","1/219","24/11404",0.372397550931226,0.530414890110151,0.404922742435034,"WNT5A",1
"GOBP_MYELOID_CELL_APOPTOTIC_PROCESS","GOBP_MYELOID_CELL_APOPTOTIC_PROCESS","1/219","24/11404",0.372397550931226,0.530414890110151,0.404922742435034,"IL6",1
"GOBP_NEGATIVE_REGULATION_OF_ADAPTIVE_IMMUNE_RESPONSE","GOBP_NEGATIVE_REGULATION_OF_ADAPTIVE_IMMUNE_RESPONSE","1/219","24/11404",0.372397550931226,0.530414890110151,0.404922742435034,"HLA-F",1
"GOBP_NEGATIVE_REGULATION_OF_EXOCYTOSIS","GOBP_NEGATIVE_REGULATION_OF_EXOCYTOSIS","1/219","24/11404",0.372397550931226,0.530414890110151,0.404922742435034,"HLA-F",1
"GOBP_PHOSPHATIDYLCHOLINE_BIOSYNTHETIC_PROCESS","GOBP_PHOSPHATIDYLCHOLINE_BIOSYNTHETIC_PROCESS","1/219","24/11404",0.372397550931226,0.530414890110151,0.404922742435034,"SLC44A2",1
"GOBP_POSITIVE_REGULATION_OF_ERBB_SIGNALING_PATHWAY","GOBP_POSITIVE_REGULATION_OF_ERBB_SIGNALING_PATHWAY","1/219","24/11404",0.372397550931226,0.530414890110151,0.404922742435034,"TGFA",1
"GOBP_POSITIVE_REGULATION_OF_NUCLEOTIDE_METABOLIC_PROCESS","GOBP_POSITIVE_REGULATION_OF_NUCLEOTIDE_METABOLIC_PROCESS","1/219","24/11404",0.372397550931226,0.530414890110151,0.404922742435034,"PPARA",1
"GOBP_POSITIVE_REGULATION_OF_VASCULAR_ASSOCIATED_SMOOTH_MUSCLE_CELL_PROLIFERATION","GOBP_POSITIVE_REGULATION_OF_VASCULAR_ASSOCIATED_SMOOTH_MUSCLE_CELL_PROLIFERATION","1/219","24/11404",0.372397550931226,0.530414890110151,0.404922742435034,"MMP2",1
"GOBP_POSTSYNAPTIC_SPECIALIZATION_ORGANIZATION","GOBP_POSTSYNAPTIC_SPECIALIZATION_ORGANIZATION","1/219","24/11404",0.372397550931226,0.530414890110151,0.404922742435034,"SHANK3",1
"GOBP_REGULATION_OF_CALCIUM_ION_IMPORT","GOBP_REGULATION_OF_CALCIUM_ION_IMPORT","1/219","24/11404",0.372397550931226,0.530414890110151,0.404922742435034,"HES1",1
"GOBP_REGULATION_OF_CARDIAC_MUSCLE_CELL_ACTION_POTENTIAL","GOBP_REGULATION_OF_CARDIAC_MUSCLE_CELL_ACTION_POTENTIAL","1/219","24/11404",0.372397550931226,0.530414890110151,0.404922742435034,"TRPM4",1
"GOBP_REGULATION_OF_KERATINOCYTE_PROLIFERATION","GOBP_REGULATION_OF_KERATINOCYTE_PROLIFERATION","1/219","24/11404",0.372397550931226,0.530414890110151,0.404922742435034,"KLF9",1
"GOBP_REGULATION_OF_LYASE_ACTIVITY","GOBP_REGULATION_OF_LYASE_ACTIVITY","1/219","24/11404",0.372397550931226,0.530414890110151,0.404922742435034,"DRD2",1
"GOBP_RESPONSE_TO_TUMOR_CELL","GOBP_RESPONSE_TO_TUMOR_CELL","1/219","24/11404",0.372397550931226,0.530414890110151,0.404922742435034,"HLA-DRB1",1
"GOBP_RESPONSE_TO_VITAMIN_D","GOBP_RESPONSE_TO_VITAMIN_D","1/219","24/11404",0.372397550931226,0.530414890110151,0.404922742435034,"PTGS2",1
"GOBP_POSITIVE_REGULATION_OF_NEURON_PROJECTION_DEVELOPMENT","GOBP_POSITIVE_REGULATION_OF_NEURON_PROJECTION_DEVELOPMENT","3/219","114/11404",0.375114662753633,0.533707956995585,0.407436694624413,"WNT5A/PLXNB3/SERPINF1",3
"GOBP_STEROID_BIOSYNTHETIC_PROCESS","GOBP_STEROID_BIOSYNTHETIC_PROCESS","3/219","114/11404",0.375114662753633,0.533707956995585,0.407436694624413,"EGR1/TM7SF2/CYP1A1",3
"GOBP_MUSCLE_ADAPTATION","GOBP_MUSCLE_ADAPTATION","2/219","68/11404",0.376602123859193,0.535535130258485,0.408831572525303,"PPARA/INPP5F",2
"GOBP_INTRACELLULAR_RECEPTOR_SIGNALING_PATHWAY","GOBP_INTRACELLULAR_RECEPTOR_SIGNALING_PATHWAY","5/219","210/11404",0.377645890153818,0.536729730612357,0.409743539478763,"DHRS3/AHRR/PPARA/RORA/ALOXE3",5
"GOBP_MUCOPOLYSACCHARIDE_METABOLIC_PROCESS","GOBP_MUCOPOLYSACCHARIDE_METABOLIC_PROCESS","2/219","69/11404",0.383466082374771,0.539165753423084,0.411603217733552,"TGFB1/CHST1",2
"GOBP_REGULATION_OF_PH","GOBP_REGULATION_OF_PH","2/219","69/11404",0.383466082374771,0.539165753423084,0.411603217733552,"ATP6V0A4/SLC9A7",2
"GOBP_AMYLOID_FIBRIL_FORMATION","GOBP_AMYLOID_FIBRIL_FORMATION","1/219","25/11404",0.384475313351793,0.539165753423084,0.411603217733552,"MAPT",1
"GOBP_CELLULAR_METABOLIC_COMPOUND_SALVAGE","GOBP_CELLULAR_METABOLIC_COMPOUND_SALVAGE","1/219","25/11404",0.384475313351793,0.539165753423084,0.411603217733552,"ADA",1
"GOBP_DEVELOPMENTAL_INDUCTION","GOBP_DEVELOPMENTAL_INDUCTION","1/219","25/11404",0.384475313351793,0.539165753423084,0.411603217733552,"WNT5A",1
"GOBP_DNA_CATABOLIC_PROCESS","GOBP_DNA_CATABOLIC_PROCESS","1/219","25/11404",0.384475313351793,0.539165753423084,0.411603217733552,"IL6",1
"GOBP_EMBRYONIC_AXIS_SPECIFICATION","GOBP_EMBRYONIC_AXIS_SPECIFICATION","1/219","25/11404",0.384475313351793,0.539165753423084,0.411603217733552,"WNT5A",1
"GOBP_EYE_PHOTORECEPTOR_CELL_DIFFERENTIATION","GOBP_EYE_PHOTORECEPTOR_CELL_DIFFERENTIATION","1/219","25/11404",0.384475313351793,0.539165753423084,0.411603217733552,"HCN1",1
"GOBP_FAT_SOLUBLE_VITAMIN_METABOLIC_PROCESS","GOBP_FAT_SOLUBLE_VITAMIN_METABOLIC_PROCESS","1/219","25/11404",0.384475313351793,0.539165753423084,0.411603217733552,"CYP1A1",1
"GOBP_FC_RECEPTOR_MEDIATED_STIMULATORY_SIGNALING_PATHWAY","GOBP_FC_RECEPTOR_MEDIATED_STIMULATORY_SIGNALING_PATHWAY","1/219","25/11404",0.384475313351793,0.539165753423084,0.411603217733552,"PTPRJ",1
"GOBP_LONG_TERM_MEMORY","GOBP_LONG_TERM_MEMORY","1/219","25/11404",0.384475313351793,0.539165753423084,0.411603217733552,"DRD2",1
"GOBP_MYOBLAST_FUSION","GOBP_MYOBLAST_FUSION","1/219","25/11404",0.384475313351793,0.539165753423084,0.411603217733552,"NFATC2",1
"GOBP_NEGATIVE_REGULATION_OF_MUSCLE_CELL_APOPTOTIC_PROCESS","GOBP_NEGATIVE_REGULATION_OF_MUSCLE_CELL_APOPTOTIC_PROCESS","1/219","25/11404",0.384475313351793,0.539165753423084,0.411603217733552,"GATA4",1
"GOBP_NEGATIVE_REGULATION_OF_PEPTIDYL_SERINE_PHOSPHORYLATION","GOBP_NEGATIVE_REGULATION_OF_PEPTIDYL_SERINE_PHOSPHORYLATION","1/219","25/11404",0.384475313351793,0.539165753423084,0.411603217733552,"INPP5F",1
"GOBP_NEGATIVE_REGULATION_OF_PROTEIN_LOCALIZATION_TO_CELL_PERIPHERY","GOBP_NEGATIVE_REGULATION_OF_PROTEIN_LOCALIZATION_TO_CELL_PERIPHERY","1/219","25/11404",0.384475313351793,0.539165753423084,0.411603217733552,"TGFB1",1
"GOBP_ORGANIC_CATION_TRANSPORT","GOBP_ORGANIC_CATION_TRANSPORT","1/219","25/11404",0.384475313351793,0.539165753423084,0.411603217733552,"SLC44A2",1
"GOBP_RECEPTOR_CATABOLIC_PROCESS","GOBP_RECEPTOR_CATABOLIC_PROCESS","1/219","25/11404",0.384475313351793,0.539165753423084,0.411603217733552,"TGFB1",1
"GOBP_REGULATION_OF_FATTY_ACID_OXIDATION","GOBP_REGULATION_OF_FATTY_ACID_OXIDATION","1/219","25/11404",0.384475313351793,0.539165753423084,0.411603217733552,"PPARA",1
"GOBP_REGULATION_OF_NEUROBLAST_PROLIFERATION","GOBP_REGULATION_OF_NEUROBLAST_PROLIFERATION","1/219","25/11404",0.384475313351793,0.539165753423084,0.411603217733552,"DRD2",1
"GOBP_REGULATION_OF_NUCLEOTIDE_BIOSYNTHETIC_PROCESS","GOBP_REGULATION_OF_NUCLEOTIDE_BIOSYNTHETIC_PROCESS","1/219","25/11404",0.384475313351793,0.539165753423084,0.411603217733552,"PPARA",1
"GOBP_REGULATION_OF_SMAD_PROTEIN_SIGNAL_TRANSDUCTION","GOBP_REGULATION_OF_SMAD_PROTEIN_SIGNAL_TRANSDUCTION","1/219","25/11404",0.384475313351793,0.539165753423084,0.411603217733552,"TGFB1",1
"GOBP_RETINOIC_ACID_RECEPTOR_SIGNALING_PATHWAY","GOBP_RETINOIC_ACID_RECEPTOR_SIGNALING_PATHWAY","1/219","25/11404",0.384475313351793,0.539165753423084,0.411603217733552,"DHRS3",1
"GOBP_RIBONUCLEOSIDE_METABOLIC_PROCESS","GOBP_RIBONUCLEOSIDE_METABOLIC_PROCESS","1/219","25/11404",0.384475313351793,0.539165753423084,0.411603217733552,"ADA",1
"GOBP_SOMATIC_STEM_CELL_POPULATION_MAINTENANCE","GOBP_SOMATIC_STEM_CELL_POPULATION_MAINTENANCE","1/219","25/11404",0.384475313351793,0.539165753423084,0.411603217733552,"HES1",1
"GOBP_SPERM_EGG_RECOGNITION","GOBP_SPERM_EGG_RECOGNITION","1/219","25/11404",0.384475313351793,0.539165753423084,0.411603217733552,"ATP8B3",1
"GOBP_PEPTIDYL_SERINE_MODIFICATION","GOBP_PEPTIDYL_SERINE_MODIFICATION","6/219","262/11404",0.389613339511671,0.545878073904448,0.416727454002357,"WNT5A/TGFB1/IL11/INPP5F/PTGS2/IL6",6
"GOBP_CELLULAR_RESPONSE_TO_ACID_CHEMICAL","GOBP_CELLULAR_RESPONSE_TO_ACID_CHEMICAL","2/219","70/11404",0.390297643732819,0.545878073904448,0.416727454002357,"MMP2/COL1A1",2
"GOBP_NEGATIVE_REGULATION_OF_PROTEIN_BINDING","GOBP_NEGATIVE_REGULATION_OF_PROTEIN_BINDING","2/219","70/11404",0.390297643732819,0.545878073904448,0.416727454002357,"DACT1/PPARA",2
"GOBP_REGULATION_OF_VIRAL_GENOME_REPLICATION","GOBP_REGULATION_OF_VIRAL_GENOME_REPLICATION","2/219","70/11404",0.390297643732819,0.545878073904448,0.416727454002357,"PPARA/ADARB1",2
"GOBP_RENAL_SYSTEM_PROCESS","GOBP_RENAL_SYSTEM_PROCESS","2/219","70/11404",0.390297643732819,0.545878073904448,0.416727454002357,"DRD2/CORIN",2
"GOBP_POSITIVE_REGULATION_OF_CELL_GROWTH","GOBP_POSITIVE_REGULATION_OF_CELL_GROWTH","3/219","117/11404",0.390767847133111,0.546245770395622,0.41700815628724,"CACNG7/MAPT/CD38",3
"GOBP_INOSITOL_LIPID_MEDIATED_SIGNALING","GOBP_INOSITOL_LIPID_MEDIATED_SIGNALING","3/219","118/11404",0.395964956393589,0.548687308789576,0.418872045180018,"ERBB3/INPP5F/PLCD4",3
"GOBP_APOPTOTIC_PROCESS_INVOLVED_IN_DEVELOPMENT","GOBP_APOPTOTIC_PROCESS_INVOLVED_IN_DEVELOPMENT","1/219","26/11404",0.396321688813254,0.548687308789576,0.418872045180018,"XKR4",1
"GOBP_ESTABLISHMENT_OF_MITOCHONDRION_LOCALIZATION","GOBP_ESTABLISHMENT_OF_MITOCHONDRION_LOCALIZATION","1/219","26/11404",0.396321688813254,0.548687308789576,0.418872045180018,"MAPT",1
"GOBP_FORELIMB_MORPHOGENESIS","GOBP_FORELIMB_MORPHOGENESIS","1/219","26/11404",0.396321688813254,0.548687308789576,0.418872045180018,"TFAP2A",1
"GOBP_HETEROPHILIC_CELL_CELL_ADHESION_VIA_PLASMA_MEMBRANE_CELL_ADHESION_MOLECULES","GOBP_HETEROPHILIC_CELL_CELL_ADHESION_VIA_PLASMA_MEMBRANE_CELL_ADHESION_MOLECULES","1/219","26/11404",0.396321688813254,0.548687308789576,0.418872045180018,"HMCN1",1
"GOBP_MATERNAL_PLACENTA_DEVELOPMENT","GOBP_MATERNAL_PLACENTA_DEVELOPMENT","1/219","26/11404",0.396321688813254,0.548687308789576,0.418872045180018,"PTGS2",1
"GOBP_NEGATIVE_REGULATION_OF_GLIOGENESIS","GOBP_NEGATIVE_REGULATION_OF_GLIOGENESIS","1/219","26/11404",0.396321688813254,0.548687308789576,0.418872045180018,"HES1",1
"GOBP_PHOTOPERIODISM","GOBP_PHOTOPERIODISM","1/219","26/11404",0.396321688813254,0.548687308789576,0.418872045180018,"FBXL8",1
"GOBP_PLACENTA_BLOOD_VESSEL_DEVELOPMENT","GOBP_PLACENTA_BLOOD_VESSEL_DEVELOPMENT","1/219","26/11404",0.396321688813254,0.548687308789576,0.418872045180018,"HES1",1
"GOBP_POSITIVE_REGULATION_OF_ANIMAL_ORGAN_MORPHOGENESIS","GOBP_POSITIVE_REGULATION_OF_ANIMAL_ORGAN_MORPHOGENESIS","1/219","26/11404",0.396321688813254,0.548687308789576,0.418872045180018,"WNT5A",1
"GOBP_POSITIVE_REGULATION_OF_SMOOTH_MUSCLE_CELL_MIGRATION","GOBP_POSITIVE_REGULATION_OF_SMOOTH_MUSCLE_CELL_MIGRATION","1/219","26/11404",0.396321688813254,0.548687308789576,0.418872045180018,"CCN4",1
"GOBP_RECEPTOR_RECYCLING","GOBP_RECEPTOR_RECYCLING","1/219","26/11404",0.396321688813254,0.548687308789576,0.418872045180018,"INPP5F",1
"GOBP_REGULATION_OF_FIBROBLAST_GROWTH_FACTOR_RECEPTOR_SIGNALING_PATHWAY","GOBP_REGULATION_OF_FIBROBLAST_GROWTH_FACTOR_RECEPTOR_SIGNALING_PATHWAY","1/219","26/11404",0.396321688813254,0.548687308789576,0.418872045180018,"WNT5A",1
"GOBP_REGULATION_OF_LEUKOCYTE_DEGRANULATION","GOBP_REGULATION_OF_LEUKOCYTE_DEGRANULATION","1/219","26/11404",0.396321688813254,0.548687308789576,0.418872045180018,"HLA-F",1
"GOBP_RESPIRATORY_SYSTEM_PROCESS","GOBP_RESPIRATORY_SYSTEM_PROCESS","1/219","26/11404",0.396321688813254,0.548687308789576,0.418872045180018,"HOXA5",1
"GOBP_RESPONSE_TO_ELECTRICAL_STIMULUS","GOBP_RESPONSE_TO_ELECTRICAL_STIMULUS","1/219","26/11404",0.396321688813254,0.548687308789576,0.418872045180018,"MMP2",1
"GOBP_STRESS_GRANULE_ASSEMBLY","GOBP_STRESS_GRANULE_ASSEMBLY","1/219","26/11404",0.396321688813254,0.548687308789576,0.418872045180018,"MAPT",1
"GOBP_STRIATED_MUSCLE_ADAPTATION","GOBP_STRIATED_MUSCLE_ADAPTATION","1/219","26/11404",0.396321688813254,0.548687308789576,0.418872045180018,"INPP5F",1
"GOBP_HOMEOSTASIS_OF_NUMBER_OF_CELLS","GOBP_HOMEOSTASIS_OF_NUMBER_OF_CELLS","5/219","215/11404",0.396751603335371,0.548687308789576,0.418872045180018,"CD74/HOXA5/MAPK11/ADA/IL6",5
"GOBP_CELLULAR_RESPONSE_TO_INTERFERON_GAMMA","GOBP_CELLULAR_RESPONSE_TO_INTERFERON_GAMMA","2/219","71/11404",0.397095521010141,0.548687308789576,0.418872045180018,"HLA-DPA1/WNT5A",2
"GOBP_DNA_METHYLATION_OR_DEMETHYLATION","GOBP_DNA_METHYLATION_OR_DEMETHYLATION","2/219","71/11404",0.397095521010141,0.548687308789576,0.418872045180018,"FOS/CYP1A1",2
"GOBP_NUCLEOSIDE_TRIPHOSPHATE_BIOSYNTHETIC_PROCESS","GOBP_NUCLEOSIDE_TRIPHOSPHATE_BIOSYNTHETIC_PROCESS","2/219","71/11404",0.397095521010141,0.548687308789576,0.418872045180018,"TGFB1/PPARA",2
"GOBP_NEGATIVE_REGULATION_OF_INTRACELLULAR_SIGNAL_TRANSDUCTION","GOBP_NEGATIVE_REGULATION_OF_INTRACELLULAR_SIGNAL_TRANSDUCTION","9/219","414/11404",0.40025666346251,0.552765360704252,0.421985260883182,"CD74/DACT1/DRD2/PPARA/RORA/RCAN1/PTPRJ/PTGS2/ARHGAP44",9
"GOBP_ORGANOPHOSPHATE_CATABOLIC_PROCESS","GOBP_ORGANOPHOSPHATE_CATABOLIC_PROCESS","3/219","119/11404",0.401150489845616,0.553709555130014,0.422706066055511,"INPP5F/ADA/PDE8B",3
"GOBP_NEGATIVE_REGULATION_OF_EXTRINSIC_APOPTOTIC_SIGNALING_PATHWAY","GOBP_NEGATIVE_REGULATION_OF_EXTRINSIC_APOPTOTIC_SIGNALING_PATHWAY","2/219","72/11404",0.4038584881615,0.554943093933043,0.423647758915828,"SCG2/EYA1",2
"GOBP_REGULATION_OF_CARBOHYDRATE_BIOSYNTHETIC_PROCESS","GOBP_REGULATION_OF_CARBOHYDRATE_BIOSYNTHETIC_PROCESS","2/219","72/11404",0.4038584881615,0.554943093933043,0.423647758915828,"TGFB1/PPARA",2
"GOBP_ACTIVIN_RECEPTOR_SIGNALING_PATHWAY","GOBP_ACTIVIN_RECEPTOR_SIGNALING_PATHWAY","1/219","27/11404",0.407941090302962,0.554943093933043,0.423647758915828,"DACT1",1
"GOBP_BASEMENT_MEMBRANE_ORGANIZATION","GOBP_BASEMENT_MEMBRANE_ORGANIZATION","1/219","27/11404",0.407941090302962,0.554943093933043,0.423647758915828,"HMCN1",1
"GOBP_CALCIUM_DEPENDENT_CELL_CELL_ADHESION_VIA_PLASMA_MEMBRANE_CELL_ADHESION_MOLECULES","GOBP_CALCIUM_DEPENDENT_CELL_CELL_ADHESION_VIA_PLASMA_MEMBRANE_CELL_ADHESION_MOLECULES","1/219","27/11404",0.407941090302962,0.554943093933043,0.423647758915828,"PCDHB2",1
"GOBP_CELL_FATE_DETERMINATION","GOBP_CELL_FATE_DETERMINATION","1/219","27/11404",0.407941090302962,0.554943093933043,0.423647758915828,"HES1",1
"GOBP_CELLULAR_RESPONSE_TO_CADMIUM_ION","GOBP_CELLULAR_RESPONSE_TO_CADMIUM_ION","1/219","27/11404",0.407941090302962,0.554943093933043,0.423647758915828,"FOS",1
"GOBP_CELLULAR_RESPONSE_TO_GAMMA_RADIATION","GOBP_CELLULAR_RESPONSE_TO_GAMMA_RADIATION","1/219","27/11404",0.407941090302962,0.554943093933043,0.423647758915828,"EGR1",1
"GOBP_DOPAMINE_RECEPTOR_SIGNALING_PATHWAY","GOBP_DOPAMINE_RECEPTOR_SIGNALING_PATHWAY","1/219","27/11404",0.407941090302962,0.554943093933043,0.423647758915828,"DRD2",1
"GOBP_GENITALIA_DEVELOPMENT","GOBP_GENITALIA_DEVELOPMENT","1/219","27/11404",0.407941090302962,0.554943093933043,0.423647758915828,"WNT5A",1
"GOBP_HYDROGEN_PEROXIDE_METABOLIC_PROCESS","GOBP_HYDROGEN_PEROXIDE_METABOLIC_PROCESS","1/219","27/11404",0.407941090302962,0.554943093933043,0.423647758915828,"CYP1A1",1
"GOBP_MEMBRANE_LIPID_CATABOLIC_PROCESS","GOBP_MEMBRANE_LIPID_CATABOLIC_PROCESS","1/219","27/11404",0.407941090302962,0.554943093933043,0.423647758915828,"FUCA1",1
"GOBP_NEGATIVE_REGULATION_OF_ACTIN_FILAMENT_BUNDLE_ASSEMBLY","GOBP_NEGATIVE_REGULATION_OF_ACTIN_FILAMENT_BUNDLE_ASSEMBLY","1/219","27/11404",0.407941090302962,0.554943093933043,0.423647758915828,"SHANK3",1
"GOBP_NEGATIVE_REGULATION_OF_CATION_CHANNEL_ACTIVITY","GOBP_NEGATIVE_REGULATION_OF_CATION_CHANNEL_ACTIVITY","1/219","27/11404",0.407941090302962,0.554943093933043,0.423647758915828,"DRD2",1
"GOBP_NEGATIVE_REGULATION_OF_ENDOTHELIAL_CELL_PROLIFERATION","GOBP_NEGATIVE_REGULATION_OF_ENDOTHELIAL_CELL_PROLIFERATION","1/219","27/11404",0.407941090302962,0.554943093933043,0.423647758915828,"SCG2",1
"GOBP_NEGATIVE_REGULATION_OF_INTRINSIC_APOPTOTIC_SIGNALING_PATHWAY_IN_RESPONSE_TO_DNA_DAMAGE","GOBP_NEGATIVE_REGULATION_OF_INTRINSIC_APOPTOTIC_SIGNALING_PATHWAY_IN_RESPONSE_TO_DNA_DAMAGE","1/219","27/11404",0.407941090302962,0.554943093933043,0.423647758915828,"CD74",1
"GOBP_NEGATIVE_REGULATION_OF_PROTEIN_TYROSINE_KINASE_ACTIVITY","GOBP_NEGATIVE_REGULATION_OF_PROTEIN_TYROSINE_KINASE_ACTIVITY","1/219","27/11404",0.407941090302962,0.554943093933043,0.423647758915828,"ZFYVE28",1
"GOBP_NEGATIVE_REGULATION_OF_STRIATED_MUSCLE_CELL_DIFFERENTIATION","GOBP_NEGATIVE_REGULATION_OF_STRIATED_MUSCLE_CELL_DIFFERENTIATION","1/219","27/11404",0.407941090302962,0.554943093933043,0.423647758915828,"PPARA",1
"GOBP_ONE_CARBON_METABOLIC_PROCESS","GOBP_ONE_CARBON_METABOLIC_PROCESS","1/219","27/11404",0.407941090302962,0.554943093933043,0.423647758915828,"CA11",1
"GOBP_PHOTORECEPTOR_CELL_DEVELOPMENT","GOBP_PHOTORECEPTOR_CELL_DEVELOPMENT","1/219","27/11404",0.407941090302962,0.554943093933043,0.423647758915828,"HCN1",1
"GOBP_POSITIVE_REGULATION_OF_CELL_SUBSTRATE_JUNCTION_ORGANIZATION","GOBP_POSITIVE_REGULATION_OF_CELL_SUBSTRATE_JUNCTION_ORGANIZATION","1/219","27/11404",0.407941090302962,0.554943093933043,0.423647758915828,"PTPRJ",1
"GOBP_POSITIVE_REGULATION_OF_NITRIC_OXIDE_METABOLIC_PROCESS","GOBP_POSITIVE_REGULATION_OF_NITRIC_OXIDE_METABOLIC_PROCESS","1/219","27/11404",0.407941090302962,0.554943093933043,0.423647758915828,"PTGS2",1
"GOBP_REGULATION_OF_CYCLASE_ACTIVITY","GOBP_REGULATION_OF_CYCLASE_ACTIVITY","1/219","27/11404",0.407941090302962,0.554943093933043,0.423647758915828,"DRD2",1
"GOBP_REGULATION_OF_MITOCHONDRIAL_FISSION","GOBP_REGULATION_OF_MITOCHONDRIAL_FISSION","1/219","27/11404",0.407941090302962,0.554943093933043,0.423647758915828,"MAPT",1
"GOBP_REGULATION_OF_STEM_CELL_PROLIFERATION","GOBP_REGULATION_OF_STEM_CELL_PROLIFERATION","1/219","27/11404",0.407941090302962,0.554943093933043,0.423647758915828,"LTBP3",1
"GOBP_SECRETORY_GRANULE_ORGANIZATION","GOBP_SECRETORY_GRANULE_ORGANIZATION","1/219","27/11404",0.407941090302962,0.554943093933043,0.423647758915828,"PTPRN",1
"GOBP_SPECIFICATION_OF_ANIMAL_ORGAN_IDENTITY","GOBP_SPECIFICATION_OF_ANIMAL_ORGAN_IDENTITY","1/219","27/11404",0.407941090302962,0.554943093933043,0.423647758915828,"WNT5A",1
"GOBP_T_HELPER_1_TYPE_IMMUNE_RESPONSE","GOBP_T_HELPER_1_TYPE_IMMUNE_RESPONSE","1/219","27/11404",0.407941090302962,0.554943093933043,0.423647758915828,"HLA-DRB1",1
"GOBP_CELLULAR_AMINO_ACID_CATABOLIC_PROCESS","GOBP_CELLULAR_AMINO_ACID_CATABOLIC_PROCESS","2/219","73/11404",0.410585378174935,0.557964142078882,0.425954049940175,"HYKK/ABAT",2
"GOBP_PROTEIN_O_LINKED_GLYCOSYLATION","GOBP_PROTEIN_O_LINKED_GLYCOSYLATION","2/219","73/11404",0.410585378174935,0.557964142078882,0.425954049940175,"POMGNT2/GALNT10",2
"GOBP_KERATINOCYTE_DIFFERENTIATION","GOBP_KERATINOCYTE_DIFFERENTIATION","2/219","74/11404",0.417275081274935,0.565194489468125,0.431473751872001,"WNT5A/FLG",2
"GOBP_NEGATIVE_REGULATION_OF_AUTOPHAGY","GOBP_NEGATIVE_REGULATION_OF_AUTOPHAGY","2/219","74/11404",0.417275081274935,0.565194489468125,0.431473751872001,"BMF/GATA4",2
"GOBP_CELLULAR_RESPONSE_TO_ESTRADIOL_STIMULUS","GOBP_CELLULAR_RESPONSE_TO_ESTRADIOL_STIMULUS","1/219","28/11404",0.419337847024738,0.565194489468125,0.431473751872001,"MMP2",1
"GOBP_CELLULAR_RESPONSE_TO_NUTRIENT","GOBP_CELLULAR_RESPONSE_TO_NUTRIENT","1/219","28/11404",0.419337847024738,0.565194489468125,0.431473751872001,"COL1A1",1
"GOBP_CENTRAL_NERVOUS_SYSTEM_NEURON_AXONOGENESIS","GOBP_CENTRAL_NERVOUS_SYSTEM_NEURON_AXONOGENESIS","1/219","28/11404",0.419337847024738,0.565194489468125,0.431473751872001,"ADARB1",1
"GOBP_LEUKOCYTE_ADHESION_TO_VASCULAR_ENDOTHELIAL_CELL","GOBP_LEUKOCYTE_ADHESION_TO_VASCULAR_ENDOTHELIAL_CELL","1/219","28/11404",0.419337847024738,0.565194489468125,0.431473751872001,"IL6",1
"GOBP_NEGATIVE_REGULATION_OF_GTPASE_ACTIVITY","GOBP_NEGATIVE_REGULATION_OF_GTPASE_ACTIVITY","1/219","28/11404",0.419337847024738,0.565194489468125,0.431473751872001,"PLXNB3",1
"GOBP_NEGATIVE_REGULATION_OF_PROTEIN_LOCALIZATION_TO_MEMBRANE","GOBP_NEGATIVE_REGULATION_OF_PROTEIN_LOCALIZATION_TO_MEMBRANE","1/219","28/11404",0.419337847024738,0.565194489468125,0.431473751872001,"TGFB1",1
"GOBP_NEGATIVE_REGULATION_OF_T_CELL_DIFFERENTIATION","GOBP_NEGATIVE_REGULATION_OF_T_CELL_DIFFERENTIATION","1/219","28/11404",0.419337847024738,0.565194489468125,0.431473751872001,"CD74",1
"GOBP_POSITIVE_REGULATION_OF_CYTOKINESIS","GOBP_POSITIVE_REGULATION_OF_CYTOKINESIS","1/219","28/11404",0.419337847024738,0.565194489468125,0.431473751872001,"DRD2",1
"GOBP_POSITIVE_REGULATION_OF_ERYTHROCYTE_DIFFERENTIATION","GOBP_POSITIVE_REGULATION_OF_ERYTHROCYTE_DIFFERENTIATION","1/219","28/11404",0.419337847024738,0.565194489468125,0.431473751872001,"MAPK11",1
"GOBP_POSITIVE_REGULATION_OF_GLUCOSE_METABOLIC_PROCESS","GOBP_POSITIVE_REGULATION_OF_GLUCOSE_METABOLIC_PROCESS","1/219","28/11404",0.419337847024738,0.565194489468125,0.431473751872001,"PPARA",1
"GOBP_POSTSYNAPTIC_MEMBRANE_ORGANIZATION","GOBP_POSTSYNAPTIC_MEMBRANE_ORGANIZATION","1/219","28/11404",0.419337847024738,0.565194489468125,0.431473751872001,"SHANK3",1
"GOBP_REGULATION_OF_HORMONE_METABOLIC_PROCESS","GOBP_REGULATION_OF_HORMONE_METABOLIC_PROCESS","1/219","28/11404",0.419337847024738,0.565194489468125,0.431473751872001,"EGR1",1
"GOBP_REGULATION_OF_OLIGODENDROCYTE_DIFFERENTIATION","GOBP_REGULATION_OF_OLIGODENDROCYTE_DIFFERENTIATION","1/219","28/11404",0.419337847024738,0.565194489468125,0.431473751872001,"HES1",1
"GOBP_REGULATION_OF_REACTIVE_OXYGEN_SPECIES_BIOSYNTHETIC_PROCESS","GOBP_REGULATION_OF_REACTIVE_OXYGEN_SPECIES_BIOSYNTHETIC_PROCESS","1/219","28/11404",0.419337847024738,0.565194489468125,0.431473751872001,"PPARA",1
"GOBP_NEGATIVE_REGULATION_OF_PEPTIDASE_ACTIVITY","GOBP_NEGATIVE_REGULATION_OF_PEPTIDASE_ACTIVITY","3/219","123/11404",0.421762479565955,0.568171847472542,0.433746689511646,"SERPINB2/PTGS2/SERPINF1",3
"GOBP_NEURON_PROJECTION_ORGANIZATION","GOBP_NEURON_PROJECTION_ORGANIZATION","2/219","75/11404",0.423926543172338,0.57050380043877,0.435526920059319,"SHANK3/ARHGAP44",2
"GOBP_POSITIVE_REGULATION_OF_PROTEIN_LOCALIZATION_TO_NUCLEUS","GOBP_POSITIVE_REGULATION_OF_PROTEIN_LOCALIZATION_TO_NUCLEUS","2/219","75/11404",0.423926543172338,0.57050380043877,0.435526920059319,"TGFB1/PTGS2",2
"GOBP_SMOOTHENED_SIGNALING_PATHWAY","GOBP_SMOOTHENED_SIGNALING_PATHWAY","3/219","124/11404",0.426879499651246,0.571521229951199,0.43630363345121,"HES1/RORA/IFT27",3
"GOBP_CELLULAR_RESPONSE_TO_NITROGEN_COMPOUND","GOBP_CELLULAR_RESPONSE_TO_NITROGEN_COMPOUND","10/219","475/11404",0.429061480895146,0.571521229951199,0.43630363345121,"MMP2/EGR1/COL1A1/PLAT/DRD2/TRPM4/APLP1/PTGS2/HCN1/GRIN2A",10
"GOBP_ADENYLATE_CYCLASE_INHIBITING_G_PROTEIN_COUPLED_RECEPTOR_SIGNALING_PATHWAY","GOBP_ADENYLATE_CYCLASE_INHIBITING_G_PROTEIN_COUPLED_RECEPTOR_SIGNALING_PATHWAY","1/219","29/11404",0.430516205982332,0.571521229951199,0.43630363345121,"DRD2",1
"GOBP_BIOLOGICAL_PROCESS_INVOLVED_IN_INTRASPECIES_INTERACTION_BETWEEN_ORGANISMS","GOBP_BIOLOGICAL_PROCESS_INVOLVED_IN_INTRASPECIES_INTERACTION_BETWEEN_ORGANISMS","1/219","29/11404",0.430516205982332,0.571521229951199,0.43630363345121,"SHANK3",1
"GOBP_CARDIAC_EPITHELIAL_TO_MESENCHYMAL_TRANSITION","GOBP_CARDIAC_EPITHELIAL_TO_MESENCHYMAL_TRANSITION","1/219","29/11404",0.430516205982332,0.571521229951199,0.43630363345121,"TGFB1",1
"GOBP_CELL_DIFFERENTIATION_IN_SPINAL_CORD","GOBP_CELL_DIFFERENTIATION_IN_SPINAL_CORD","1/219","29/11404",0.430516205982332,0.571521229951199,0.43630363345121,"MDGA1",1
"GOBP_ENTRAINMENT_OF_CIRCADIAN_CLOCK","GOBP_ENTRAINMENT_OF_CIRCADIAN_CLOCK","1/219","29/11404",0.430516205982332,0.571521229951199,0.43630363345121,"FBXL8",1
"GOBP_KERATINOCYTE_PROLIFERATION","GOBP_KERATINOCYTE_PROLIFERATION","1/219","29/11404",0.430516205982332,0.571521229951199,0.43630363345121,"KLF9",1
"GOBP_MAMMARY_GLAND_MORPHOGENESIS","GOBP_MAMMARY_GLAND_MORPHOGENESIS","1/219","29/11404",0.430516205982332,0.571521229951199,0.43630363345121,"WNT5A",1
"GOBP_MESENCHYMAL_CELL_PROLIFERATION","GOBP_MESENCHYMAL_CELL_PROLIFERATION","1/219","29/11404",0.430516205982332,0.571521229951199,0.43630363345121,"WNT5A",1
"GOBP_NEGATIVE_REGULATION_OF_EPITHELIAL_CELL_DIFFERENTIATION","GOBP_NEGATIVE_REGULATION_OF_EPITHELIAL_CELL_DIFFERENTIATION","1/219","29/11404",0.430516205982332,0.571521229951199,0.43630363345121,"HES1",1
"GOBP_NEGATIVE_REGULATION_OF_JNK_CASCADE","GOBP_NEGATIVE_REGULATION_OF_JNK_CASCADE","1/219","29/11404",0.430516205982332,0.571521229951199,0.43630363345121,"DACT1",1
"GOBP_NEGATIVE_REGULATION_OF_LEUKOCYTE_MIGRATION","GOBP_NEGATIVE_REGULATION_OF_LEUKOCYTE_MIGRATION","1/219","29/11404",0.430516205982332,0.571521229951199,0.43630363345121,"ADA",1
"GOBP_NEGATIVE_REGULATION_OF_NOTCH_SIGNALING_PATHWAY","GOBP_NEGATIVE_REGULATION_OF_NOTCH_SIGNALING_PATHWAY","1/219","29/11404",0.430516205982332,0.571521229951199,0.43630363345121,"ARRB1",1
"GOBP_PHOSPHATIDYLINOSITOL_DEPHOSPHORYLATION","GOBP_PHOSPHATIDYLINOSITOL_DEPHOSPHORYLATION","1/219","29/11404",0.430516205982332,0.571521229951199,0.43630363345121,"INPP5F",1
"GOBP_POSITIVE_REGULATION_OF_HISTONE_ACETYLATION","GOBP_POSITIVE_REGULATION_OF_HISTONE_ACETYLATION","1/219","29/11404",0.430516205982332,0.571521229951199,0.43630363345121,"ARRB1",1
"GOBP_POSITIVE_REGULATION_OF_PATHWAY_RESTRICTED_SMAD_PROTEIN_PHOSPHORYLATION","GOBP_POSITIVE_REGULATION_OF_PATHWAY_RESTRICTED_SMAD_PROTEIN_PHOSPHORYLATION","1/219","29/11404",0.430516205982332,0.571521229951199,0.43630363345121,"TGFB1",1
"GOBP_POSITIVE_REGULATION_OF_STRIATED_MUSCLE_CELL_DIFFERENTIATION","GOBP_POSITIVE_REGULATION_OF_STRIATED_MUSCLE_CELL_DIFFERENTIATION","1/219","29/11404",0.430516205982332,0.571521229951199,0.43630363345121,"TGFB1",1
"GOBP_PROTEIN_PALMITOYLATION","GOBP_PROTEIN_PALMITOYLATION","1/219","29/11404",0.430516205982332,0.571521229951199,0.43630363345121,"GOLGA7B",1
"GOBP_REGULATION_OF_ENDOTHELIAL_CELL_DIFFERENTIATION","GOBP_REGULATION_OF_ENDOTHELIAL_CELL_DIFFERENTIATION","1/219","29/11404",0.430516205982332,0.571521229951199,0.43630363345121,"S1PR2",1
"GOBP_REGULATION_OF_HEMATOPOIETIC_PROGENITOR_CELL_DIFFERENTIATION","GOBP_REGULATION_OF_HEMATOPOIETIC_PROGENITOR_CELL_DIFFERENTIATION","1/219","29/11404",0.430516205982332,0.571521229951199,0.43630363345121,"HES1",1
"GOBP_REGULATION_OF_INTRINSIC_APOPTOTIC_SIGNALING_PATHWAY_BY_P53_CLASS_MEDIATOR","GOBP_REGULATION_OF_INTRINSIC_APOPTOTIC_SIGNALING_PATHWAY_BY_P53_CLASS_MEDIATOR","1/219","29/11404",0.430516205982332,0.571521229951199,0.43630363345121,"CD74",1
"GOBP_STRIATED_MUSCLE_CELL_APOPTOTIC_PROCESS","GOBP_STRIATED_MUSCLE_CELL_APOPTOTIC_PROCESS","1/219","29/11404",0.430516205982332,0.571521229951199,0.43630363345121,"GATA4",1
"GOBP_TRICARBOXYLIC_ACID_CYCLE","GOBP_TRICARBOXYLIC_ACID_CYCLE","1/219","29/11404",0.430516205982332,0.571521229951199,0.43630363345121,"IDH2",1
"GOBP_MICROTUBULE_POLYMERIZATION","GOBP_MICROTUBULE_POLYMERIZATION","2/219","76/11404",0.430538763359821,0.571521229951199,0.43630363345121,"MAPRE3/MAPT",2
"GOBP_POLYSACCHARIDE_METABOLIC_PROCESS","GOBP_POLYSACCHARIDE_METABOLIC_PROCESS","2/219","76/11404",0.430538763359821,0.571521229951199,0.43630363345121,"TGFB1/CHST1",2
"GOBP_RIBONUCLEOSIDE_TRIPHOSPHATE_METABOLIC_PROCESS","GOBP_RIBONUCLEOSIDE_TRIPHOSPHATE_METABOLIC_PROCESS","2/219","76/11404",0.430538763359821,0.571521229951199,0.43630363345121,"TGFB1/PPARA",2
"GOBP_REGULATION_OF_RESPONSE_TO_CYTOKINE_STIMULUS","GOBP_REGULATION_OF_RESPONSE_TO_CYTOKINE_STIMULUS","3/219","125/11404",0.431980813501185,0.573146749031029,0.43754456702219,"CD74/WNT5A/IL6",3
"GOBP_NEGATIVE_REGULATION_OF_PROTEIN_MODIFICATION_PROCESS","GOBP_NEGATIVE_REGULATION_OF_PROTEIN_MODIFICATION_PROCESS","9/219","426/11404",0.433336865854733,0.574656588589443,0.438697189970808,"HMG20B/DRD2/TGFB1/ADARB1/INPP5F/PTPRJ/ZFYVE28/MAPT/ARRB1",9
"GOBP_POSITIVE_REGULATION_OF_GROWTH","GOBP_POSITIVE_REGULATION_OF_GROWTH","4/219","175/11404",0.434373090016235,0.575740992048681,0.439525031780697,"DRD2/CACNG7/MAPT/CD38",4
"GOBP_CELLULAR_MONOVALENT_INORGANIC_CATION_HOMEOSTASIS","GOBP_CELLULAR_MONOVALENT_INORGANIC_CATION_HOMEOSTASIS","2/219","77/11404",0.437110793451908,0.57820629555511,0.441407063140244,"ATP6V0A4/SLC9A7",2
"GOBP_DENDRITIC_SPINE_DEVELOPMENT","GOBP_DENDRITIC_SPINE_DEVELOPMENT","2/219","77/11404",0.437110793451908,0.57820629555511,0.441407063140244,"SHANK3/ARHGAP44",2
"GOBP_REGULATION_OF_MICROTUBULE_POLYMERIZATION_OR_DEPOLYMERIZATION","GOBP_REGULATION_OF_MICROTUBULE_POLYMERIZATION_OR_DEPOLYMERIZATION","2/219","77/11404",0.437110793451908,0.57820629555511,0.441407063140244,"MAPRE3/MAPT",2
"GOBP_TUMOR_NECROSIS_FACTOR_MEDIATED_SIGNALING_PATHWAY","GOBP_TUMOR_NECROSIS_FACTOR_MEDIATED_SIGNALING_PATHWAY","2/219","77/11404",0.437110793451908,0.57820629555511,0.441407063140244,"TNFRSF11A/CD70",2
"GOBP_CYTOSKELETON_DEPENDENT_INTRACELLULAR_TRANSPORT","GOBP_CYTOSKELETON_DEPENDENT_INTRACELLULAR_TRANSPORT","4/219","176/11404",0.438660274577189,0.57962166360722,0.442487565825785,"CNIH2/IFT27/MAPT/AP3B2",4
"GOBP_ANTERIOR_POSTERIOR_AXIS_SPECIFICATION","GOBP_ANTERIOR_POSTERIOR_AXIS_SPECIFICATION","1/219","30/11404",0.441480333533089,0.57962166360722,0.442487565825785,"WNT5A",1
"GOBP_CAMP_MEDIATED_SIGNALING","GOBP_CAMP_MEDIATED_SIGNALING","1/219","30/11404",0.441480333533089,0.57962166360722,0.442487565825785,"GIPR",1
"GOBP_CARDIAC_CONDUCTION_SYSTEM_DEVELOPMENT","GOBP_CARDIAC_CONDUCTION_SYSTEM_DEVELOPMENT","1/219","30/11404",0.441480333533089,0.57962166360722,0.442487565825785,"GATA4",1
"GOBP_CELL_JUNCTION_MAINTENANCE","GOBP_CELL_JUNCTION_MAINTENANCE","1/219","30/11404",0.441480333533089,0.57962166360722,0.442487565825785,"BSN",1
"GOBP_ENDOCARDIAL_CUSHION_MORPHOGENESIS","GOBP_ENDOCARDIAL_CUSHION_MORPHOGENESIS","1/219","30/11404",0.441480333533089,0.57962166360722,0.442487565825785,"TGFB1",1
"GOBP_EPIBOLY","GOBP_EPIBOLY","1/219","30/11404",0.441480333533089,0.57962166360722,0.442487565825785,"COL5A1",1
"GOBP_LENS_FIBER_CELL_DIFFERENTIATION","GOBP_LENS_FIBER_CELL_DIFFERENTIATION","1/219","30/11404",0.441480333533089,0.57962166360722,0.442487565825785,"WNT7B",1
"GOBP_NADP_METABOLIC_PROCESS","GOBP_NADP_METABOLIC_PROCESS","1/219","30/11404",0.441480333533089,0.57962166360722,0.442487565825785,"IDH2",1
"GOBP_NEURAL_TUBE_PATTERNING","GOBP_NEURAL_TUBE_PATTERNING","1/219","30/11404",0.441480333533089,0.57962166360722,0.442487565825785,"HES1",1
"GOBP_POSITIVE_REGULATION_OF_DENDRITIC_SPINE_DEVELOPMENT","GOBP_POSITIVE_REGULATION_OF_DENDRITIC_SPINE_DEVELOPMENT","1/219","30/11404",0.441480333533089,0.57962166360722,0.442487565825785,"SHANK3",1
"GOBP_QUINONE_METABOLIC_PROCESS","GOBP_QUINONE_METABOLIC_PROCESS","1/219","30/11404",0.441480333533089,0.57962166360722,0.442487565825785,"COQ2",1
"GOBP_REGULATION_OF_CARDIAC_MUSCLE_CELL_PROLIFERATION","GOBP_REGULATION_OF_CARDIAC_MUSCLE_CELL_PROLIFERATION","1/219","30/11404",0.441480333533089,0.57962166360722,0.442487565825785,"MAPK11",1
"GOBP_REGULATION_OF_ISOTYPE_SWITCHING","GOBP_REGULATION_OF_ISOTYPE_SWITCHING","1/219","30/11404",0.441480333533089,0.57962166360722,0.442487565825785,"TGFB1",1
"GOBP_VENTRICULAR_CARDIAC_MUSCLE_TISSUE_MORPHOGENESIS","GOBP_VENTRICULAR_CARDIAC_MUSCLE_TISSUE_MORPHOGENESIS","1/219","30/11404",0.441480333533089,0.57962166360722,0.442487565825785,"TGFB1",1
"GOBP_GLIAL_CELL_DEVELOPMENT","GOBP_GLIAL_CELL_DEVELOPMENT","2/219","78/11404",0.443641735568414,0.581879528732091,0.444211237154509,"MAPT/IL6",2
"GOBP_MYOTUBE_DIFFERENTIATION","GOBP_MYOTUBE_DIFFERENTIATION","2/219","78/11404",0.443641735568414,0.581879528732091,0.444211237154509,"RCAN1/NFATC2",2
"GOBP_PROTEIN_MATURATION","GOBP_PROTEIN_MATURATION","5/219","228/11404",0.446087132025196,0.584795817356414,0.446437553967085,"PLAT/C1R/C1RL/GRIN2A/CORIN",5
"GOBP_POSITIVE_REGULATION_OF_EPITHELIAL_CELL_MIGRATION","GOBP_POSITIVE_REGULATION_OF_EPITHELIAL_CELL_MIGRATION","3/219","128/11404",0.447184327577427,0.585651442925706,0.447090745003904,"WNT5A/TGFB1/PTGS2",3
"GOBP_POSTSYNAPSE_ORGANIZATION","GOBP_POSTSYNAPSE_ORGANIZATION","3/219","128/11404",0.447184327577427,0.585651442925706,0.447090745003904,"WNT5A/SHANK3/ARHGAP44",3
"GOBP_REGULATION_OF_SMALL_MOLECULE_METABOLIC_PROCESS","GOBP_REGULATION_OF_SMALL_MOLECULE_METABOLIC_PROCESS","5/219","229/11404",0.44984763868198,0.587592418670694,0.448572500581123,"CD74/EGR1/PPARA/RORA/PTGS2",5
"GOBP_NEGATIVE_REGULATION_OF_TRANSMEMBRANE_TRANSPORT","GOBP_NEGATIVE_REGULATION_OF_TRANSMEMBRANE_TRANSPORT","2/219","79/11404",0.450130740760279,0.587592418670694,0.448572500581123,"DRD2/HECW1",2
"GOBP_CELLULAR_RESPONSE_TO_OXYGEN_LEVELS","GOBP_CELLULAR_RESPONSE_TO_OXYGEN_LEVELS","3/219","129/11404",0.452216710604118,0.587592418670694,0.448572500581123,"EGR1/RORA/PTGS2",3
"GOBP_EXTRACELLULAR_TRANSPORT","GOBP_EXTRACELLULAR_TRANSPORT","1/219","31/11404",0.452234316912398,0.587592418670694,0.448572500581123,"CCDC40",1
"GOBP_INTERMEDIATE_FILAMENT_BASED_PROCESS","GOBP_INTERMEDIATE_FILAMENT_BASED_PROCESS","1/219","31/11404",0.452234316912398,0.587592418670694,0.448572500581123,"KRT14",1
"GOBP_NEUTRAL_AMINO_ACID_TRANSPORT","GOBP_NEUTRAL_AMINO_ACID_TRANSPORT","1/219","31/11404",0.452234316912398,0.587592418670694,0.448572500581123,"MFSD12",1
"GOBP_NUCLEOBASE_METABOLIC_PROCESS","GOBP_NUCLEOBASE_METABOLIC_PROCESS","1/219","31/11404",0.452234316912398,0.587592418670694,0.448572500581123,"ADA",1
"GOBP_O_GLYCAN_PROCESSING","GOBP_O_GLYCAN_PROCESSING","1/219","31/11404",0.452234316912398,0.587592418670694,0.448572500581123,"GALNT10",1
"GOBP_POSITIVE_REGULATION_OF_MITOTIC_NUCLEAR_DIVISION","GOBP_POSITIVE_REGULATION_OF_MITOTIC_NUCLEAR_DIVISION","1/219","31/11404",0.452234316912398,0.587592418670694,0.448572500581123,"TGFA",1
"GOBP_POSITIVE_REGULATION_OF_RNA_SPLICING","GOBP_POSITIVE_REGULATION_OF_RNA_SPLICING","1/219","31/11404",0.452234316912398,0.587592418670694,0.448572500581123,"RBM20",1
"GOBP_REGULATION_OF_CELL_ADHESION_MEDIATED_BY_INTEGRIN","GOBP_REGULATION_OF_CELL_ADHESION_MEDIATED_BY_INTEGRIN","1/219","31/11404",0.452234316912398,0.587592418670694,0.448572500581123,"ADA",1
"GOBP_REGULATION_OF_GLYCOLYTIC_PROCESS","GOBP_REGULATION_OF_GLYCOLYTIC_PROCESS","1/219","31/11404",0.452234316912398,0.587592418670694,0.448572500581123,"PPARA",1
"GOBP_REGULATION_OF_MEIOTIC_CELL_CYCLE","GOBP_REGULATION_OF_MEIOTIC_CELL_CYCLE","1/219","31/11404",0.452234316912398,0.587592418670694,0.448572500581123,"WNT5A",1
"GOBP_REGULATION_OF_POLYSACCHARIDE_METABOLIC_PROCESS","GOBP_REGULATION_OF_POLYSACCHARIDE_METABOLIC_PROCESS","1/219","31/11404",0.452234316912398,0.587592418670694,0.448572500581123,"TGFB1",1
"GOBP_RESPONSE_TO_COPPER_ION","GOBP_RESPONSE_TO_COPPER_ION","1/219","31/11404",0.452234316912398,0.587592418670694,0.448572500581123,"CYP1A1",1
"GOBP_RIBONUCLEOSIDE_MONOPHOSPHATE_BIOSYNTHETIC_PROCESS","GOBP_RIBONUCLEOSIDE_MONOPHOSPHATE_BIOSYNTHETIC_PROCESS","1/219","31/11404",0.452234316912398,0.587592418670694,0.448572500581123,"ADA",1
"GOBP_REGULATION_OF_METAL_ION_TRANSPORT","GOBP_REGULATION_OF_METAL_ION_TRANSPORT","5/219","230/11404",0.45360170527248,0.589078606896493,0.449707067923379,"DRD2/HES1/FGF12/PTGS2/HECW1",5
"GOBP_PEPTIDYL_TYROSINE_DEPHOSPHORYLATION","GOBP_PEPTIDYL_TYROSINE_DEPHOSPHORYLATION","2/219","80/11404",0.456577007476788,0.592650450591791,0.452433840439793,"EYA1/PTPRJ",2
"GOBP_MYELOID_CELL_HOMEOSTASIS","GOBP_MYELOID_CELL_HOMEOSTASIS","3/219","130/11404",0.457230418013439,0.59306827650828,0.452752811907449,"HOXA5/MAPK11/IL6",3
"GOBP_PROTEIN_LOCALIZATION_TO_PLASMA_MEMBRANE","GOBP_PROTEIN_LOCALIZATION_TO_PLASMA_MEMBRANE","5/219","231/11404",0.457349046628017,0.59306827650828,0.452752811907449,"FYB1/TGFB1/RAB3D/ARHGAP44/RAB26",5
"GOBP_AMINO_SUGAR_METABOLIC_PROCESS","GOBP_AMINO_SUGAR_METABOLIC_PROCESS","1/219","32/11404",0.462782165729437,0.596845264428946,0.455636193078484,"CHST1",1
"GOBP_BROWN_FAT_CELL_DIFFERENTIATION","GOBP_BROWN_FAT_CELL_DIFFERENTIATION","1/219","32/11404",0.462782165729437,0.596845264428946,0.455636193078484,"PTGS2",1
"GOBP_CELLULAR_RESPONSE_TO_AMYLOID_BETA","GOBP_CELLULAR_RESPONSE_TO_AMYLOID_BETA","1/219","32/11404",0.462782165729437,0.596845264428946,0.455636193078484,"GRIN2A",1
"GOBP_CHAPERONE_COFACTOR_DEPENDENT_PROTEIN_REFOLDING","GOBP_CHAPERONE_COFACTOR_DEPENDENT_PROTEIN_REFOLDING","1/219","32/11404",0.462782165729437,0.596845264428946,0.455636193078484,"CD74",1
"GOBP_MANNOSYLATION","GOBP_MANNOSYLATION","1/219","32/11404",0.462782165729437,0.596845264428946,0.455636193078484,"POMGNT2",1
"GOBP_NEGATIVE_REGULATION_OF_SIGNAL_TRANSDUCTION_BY_P53_CLASS_MEDIATOR","GOBP_NEGATIVE_REGULATION_OF_SIGNAL_TRANSDUCTION_BY_P53_CLASS_MEDIATOR","1/219","32/11404",0.462782165729437,0.596845264428946,0.455636193078484,"CD74",1
"GOBP_POSITIVE_REGULATION_OF_PHAGOCYTOSIS","GOBP_POSITIVE_REGULATION_OF_PHAGOCYTOSIS","1/219","32/11404",0.462782165729437,0.596845264428946,0.455636193078484,"PTPRJ",1
"GOBP_REGULATION_OF_BEHAVIOR","GOBP_REGULATION_OF_BEHAVIOR","1/219","32/11404",0.462782165729437,0.596845264428946,0.455636193078484,"DRD2",1
"GOBP_REGULATION_OF_EXTRINSIC_APOPTOTIC_SIGNALING_PATHWAY_IN_ABSENCE_OF_LIGAND","GOBP_REGULATION_OF_EXTRINSIC_APOPTOTIC_SIGNALING_PATHWAY_IN_ABSENCE_OF_LIGAND","1/219","32/11404",0.462782165729437,0.596845264428946,0.455636193078484,"EYA1",1
"GOBP_REGULATION_OF_MYOBLAST_DIFFERENTIATION","GOBP_REGULATION_OF_MYOBLAST_DIFFERENTIATION","1/219","32/11404",0.462782165729437,0.596845264428946,0.455636193078484,"TGFB1",1
"GOBP_MESODERM_DEVELOPMENT","GOBP_MESODERM_DEVELOPMENT","2/219","81/11404",0.462979780073156,0.596845264428946,0.455636193078484,"WNT5A/EYA1",2
"GOBP_PIGMENTATION","GOBP_PIGMENTATION","2/219","81/11404",0.462979780073156,0.596845264428946,0.455636193078484,"MFSD12/DRD2",2
"GOBP_REGULATION_OF_CARBOHYDRATE_METABOLIC_PROCESS","GOBP_REGULATION_OF_CARBOHYDRATE_METABOLIC_PROCESS","3/219","132/11404",0.467199644559619,0.601696511932843,0.459339672147673,"TGFB1/PPARA/RORA",3
"GOBP_REGULATION_OF_NEURON_DIFFERENTIATION","GOBP_REGULATION_OF_NEURON_DIFFERENTIATION","3/219","132/11404",0.467199644559619,0.601696511932843,0.459339672147673,"HMG20B/HES1/EYA1",3
"GOBP_RESPONSE_TO_PEPTIDE_HORMONE","GOBP_RESPONSE_TO_PEPTIDE_HORMONE","6/219","285/11404",0.468242867924082,0.602348296810541,0.459837249657423,"EGR1/COL1A1/PLAT/PPARA/PTGS2/EGR2",6
"GOBP_DENDRITE_DEVELOPMENT","GOBP_DENDRITE_DEVELOPMENT","4/219","183/11404",0.468391521884174,0.602348296810541,0.459837249657423,"SEMA3A/SHANK3/ARHGAP44/HECW1",4
"GOBP_NEURON_APOPTOTIC_PROCESS","GOBP_NEURON_APOPTOTIC_PROCESS","4/219","183/11404",0.468391521884174,0.602348296810541,0.459837249657423,"TFAP2A/ERBB3/ADARB1/GRIK2",4
"GOBP_CELL_RECOGNITION","GOBP_CELL_RECOGNITION","2/219","82/11404",0.46933834735753,0.602683501601896,0.460093147532697,"SEMA3A/ATP8B3",2
"GOBP_CERAMIDE_METABOLIC_PROCESS","GOBP_CERAMIDE_METABOLIC_PROCESS","2/219","82/11404",0.46933834735753,0.602683501601896,0.460093147532697,"ALOXE3/CERS4",2
"GOBP_PLATELET_ACTIVATION","GOBP_PLATELET_ACTIVATION","2/219","82/11404",0.46933834735753,0.602683501601896,0.460093147532697,"IL6/ABAT",2
"GOBP_REGULATION_OF_INTRACELLULAR_TRANSPORT","GOBP_REGULATION_OF_INTRACELLULAR_TRANSPORT","6/219","286/11404",0.471614604018523,0.603724836997901,0.460888110857081,"TGFB1/INPP5F/CNIH2/MICALL2/PTGS2/ARHGAP44",6
"GOBP_RESPONSE_TO_UV","GOBP_RESPONSE_TO_UV","3/219","133/11404",0.472154122970252,0.603724836997901,0.460888110857081,"MMP2/BMF/PTGS2",3
"GOBP_ADIPOSE_TISSUE_DEVELOPMENT","GOBP_ADIPOSE_TISSUE_DEVELOPMENT","1/219","33/11404",0.473127813434788,0.603724836997901,0.460888110857081,"TRPM4",1
"GOBP_APOPTOTIC_CELL_CLEARANCE","GOBP_APOPTOTIC_CELL_CLEARANCE","1/219","33/11404",0.473127813434788,0.603724836997901,0.460888110857081,"XKR4",1
"GOBP_MOTILE_CILIUM_ASSEMBLY","GOBP_MOTILE_CILIUM_ASSEMBLY","1/219","33/11404",0.473127813434788,0.603724836997901,0.460888110857081,"CCDC40",1
"GOBP_NEGATIVE_REGULATION_OF_LYMPHOCYTE_DIFFERENTIATION","GOBP_NEGATIVE_REGULATION_OF_LYMPHOCYTE_DIFFERENTIATION","1/219","33/11404",0.473127813434788,0.603724836997901,0.460888110857081,"CD74",1
"GOBP_NEGATIVE_REGULATION_OF_MYELOID_LEUKOCYTE_DIFFERENTIATION","GOBP_NEGATIVE_REGULATION_OF_MYELOID_LEUKOCYTE_DIFFERENTIATION","1/219","33/11404",0.473127813434788,0.603724836997901,0.460888110857081,"ZBTB46",1
"GOBP_POSITIVE_REGULATION_OF_AXON_EXTENSION","GOBP_POSITIVE_REGULATION_OF_AXON_EXTENSION","1/219","33/11404",0.473127813434788,0.603724836997901,0.460888110857081,"MAPT",1
"GOBP_POSITIVE_REGULATION_OF_NEURAL_PRECURSOR_CELL_PROLIFERATION","GOBP_POSITIVE_REGULATION_OF_NEURAL_PRECURSOR_CELL_PROLIFERATION","1/219","33/11404",0.473127813434788,0.603724836997901,0.460888110857081,"DRD2",1
"GOBP_REGULATION_OF_AMYLOID_PRECURSOR_PROTEIN_CATABOLIC_PROCESS","GOBP_REGULATION_OF_AMYLOID_PRECURSOR_PROTEIN_CATABOLIC_PROCESS","1/219","33/11404",0.473127813434788,0.603724836997901,0.460888110857081,"RTN2",1
"GOBP_REGULATION_OF_LIPID_CATABOLIC_PROCESS","GOBP_REGULATION_OF_LIPID_CATABOLIC_PROCESS","1/219","33/11404",0.473127813434788,0.603724836997901,0.460888110857081,"PPARA",1
"GOBP_REGULATION_OF_MYELOID_LEUKOCYTE_MEDIATED_IMMUNITY","GOBP_REGULATION_OF_MYELOID_LEUKOCYTE_MEDIATED_IMMUNITY","1/219","33/11404",0.473127813434788,0.603724836997901,0.460888110857081,"HLA-E",1
"GOBP_REGULATION_OF_NEURON_MIGRATION","GOBP_REGULATION_OF_NEURON_MIGRATION","1/219","33/11404",0.473127813434788,0.603724836997901,0.460888110857081,"SEMA3A",1
"GOBP_REGULATION_OF_ACTIN_FILAMENT_BUNDLE_ASSEMBLY","GOBP_REGULATION_OF_ACTIN_FILAMENT_BUNDLE_ASSEMBLY","2/219","83/11404",0.475652041176428,0.606652046708562,0.463122764909642,"ASAP3/SHANK3",2
"GOBP_ACTIVATION_OF_GTPASE_ACTIVITY","GOBP_ACTIVATION_OF_GTPASE_ACTIVITY","2/219","84/11404",0.481920235037717,0.612815177061458,0.467827745276919,"WNT5A/SIPA1L2",2
"GOBP_REGULATION_OF_RECEPTOR_MEDIATED_ENDOCYTOSIS","GOBP_REGULATION_OF_RECEPTOR_MEDIATED_ENDOCYTOSIS","2/219","84/11404",0.481920235037717,0.612815177061458,0.467827745276919,"DRD2/ARRB1",2
"GOBP_CELLULAR_RESPONSE_TO_CAMP","GOBP_CELLULAR_RESPONSE_TO_CAMP","1/219","34/11404",0.483275118760422,0.612815177061458,0.467827745276919,"HCN1",1
"GOBP_FC_RECEPTOR_SIGNALING_PATHWAY","GOBP_FC_RECEPTOR_SIGNALING_PATHWAY","1/219","34/11404",0.483275118760422,0.612815177061458,0.467827745276919,"PTPRJ",1
"GOBP_NEGATIVE_REGULATION_OF_T_CELL_PROLIFERATION","GOBP_NEGATIVE_REGULATION_OF_T_CELL_PROLIFERATION","1/219","34/11404",0.483275118760422,0.612815177061458,0.467827745276919,"HLA-DRB1",1
"GOBP_NEURON_RECOGNITION","GOBP_NEURON_RECOGNITION","1/219","34/11404",0.483275118760422,0.612815177061458,0.467827745276919,"SEMA3A",1
"GOBP_PHOSPHOLIPID_CATABOLIC_PROCESS","GOBP_PHOSPHOLIPID_CATABOLIC_PROCESS","1/219","34/11404",0.483275118760422,0.612815177061458,0.467827745276919,"INPP5F",1
"GOBP_POSITIVE_REGULATION_OF_ESTABLISHMENT_OF_PROTEIN_LOCALIZATION_TO_MITOCHONDRION","GOBP_POSITIVE_REGULATION_OF_ESTABLISHMENT_OF_PROTEIN_LOCALIZATION_TO_MITOCHONDRION","1/219","34/11404",0.483275118760422,0.612815177061458,0.467827745276919,"MICALL2",1
"GOBP_POSITIVE_REGULATION_OF_MICROTUBULE_POLYMERIZATION_OR_DEPOLYMERIZATION","GOBP_POSITIVE_REGULATION_OF_MICROTUBULE_POLYMERIZATION_OR_DEPOLYMERIZATION","1/219","34/11404",0.483275118760422,0.612815177061458,0.467827745276919,"MAPT",1
"GOBP_REGULATION_OF_LAMELLIPODIUM_ASSEMBLY","GOBP_REGULATION_OF_LAMELLIPODIUM_ASSEMBLY","1/219","34/11404",0.483275118760422,0.612815177061458,0.467827745276919,"PLXNB3",1
"GOBP_REGULATION_OF_LYMPHOCYTE_MIGRATION","GOBP_REGULATION_OF_LYMPHOCYTE_MIGRATION","1/219","34/11404",0.483275118760422,0.612815177061458,0.467827745276919,"WNT5A",1
"GOBP_T_CELL_MIGRATION","GOBP_T_CELL_MIGRATION","1/219","34/11404",0.483275118760422,0.612815177061458,0.467827745276919,"WNT5A",1
"GOBP_PROTEIN_DEPHOSPHORYLATION","GOBP_PROTEIN_DEPHOSPHORYLATION","5/219","239/11404",0.487052805437848,0.617308389768509,0.471257897871815,"DRD2/TGFB1/RCAN1/EYA1/PTPRJ",5
"GOBP_NEGATIVE_REGULATION_OF_KINASE_ACTIVITY","GOBP_NEGATIVE_REGULATION_OF_KINASE_ACTIVITY","4/219","188/11404",0.489280277259803,0.61983342816326,0.47318553129731,"ADARB1/PTPRJ/ZFYVE28/MAPT",4
"GOBP_POSITIVE_REGULATION_OF_INTRACELLULAR_PROTEIN_TRANSPORT","GOBP_POSITIVE_REGULATION_OF_INTRACELLULAR_PROTEIN_TRANSPORT","3/219","137/11404",0.491759725794628,0.620656843311535,0.473814132654886,"TGFB1/MICALL2/PTGS2",3
"GOBP_AMYLOID_BETA_FORMATION","GOBP_AMYLOID_BETA_FORMATION","1/219","35/11404",0.493227867132582,0.620656843311535,0.473814132654886,"RTN2",1
"GOBP_CELL_CELL_RECOGNITION","GOBP_CELL_CELL_RECOGNITION","1/219","35/11404",0.493227867132582,0.620656843311535,0.473814132654886,"ATP8B3",1
"GOBP_CELLULAR_RESPONSE_TO_OSMOTIC_STRESS","GOBP_CELLULAR_RESPONSE_TO_OSMOTIC_STRESS","1/219","35/11404",0.493227867132582,0.620656843311535,0.473814132654886,"PTGS2",1
"GOBP_EMBRYONIC_CRANIAL_SKELETON_MORPHOGENESIS","GOBP_EMBRYONIC_CRANIAL_SKELETON_MORPHOGENESIS","1/219","35/11404",0.493227867132582,0.620656843311535,0.473814132654886,"TFAP2A",1
"GOBP_NEGATIVE_REGULATION_OF_I_KAPPAB_KINASE_NF_KAPPAB_SIGNALING","GOBP_NEGATIVE_REGULATION_OF_I_KAPPAB_KINASE_NF_KAPPAB_SIGNALING","1/219","35/11404",0.493227867132582,0.620656843311535,0.473814132654886,"RORA",1
"GOBP_PHOTORECEPTOR_CELL_DIFFERENTIATION","GOBP_PHOTORECEPTOR_CELL_DIFFERENTIATION","1/219","35/11404",0.493227867132582,0.620656843311535,0.473814132654886,"HCN1",1
"GOBP_POSITIVE_REGULATION_OF_CELLULAR_CARBOHYDRATE_METABOLIC_PROCESS","GOBP_POSITIVE_REGULATION_OF_CELLULAR_CARBOHYDRATE_METABOLIC_PROCESS","1/219","35/11404",0.493227867132582,0.620656843311535,0.473814132654886,"PPARA",1
"GOBP_POSITIVE_REGULATION_OF_PEPTIDYL_LYSINE_ACETYLATION","GOBP_POSITIVE_REGULATION_OF_PEPTIDYL_LYSINE_ACETYLATION","1/219","35/11404",0.493227867132582,0.620656843311535,0.473814132654886,"ARRB1",1
"GOBP_REGULATION_OF_DNA_DAMAGE_RESPONSE_SIGNAL_TRANSDUCTION_BY_P53_CLASS_MEDIATOR","GOBP_REGULATION_OF_DNA_DAMAGE_RESPONSE_SIGNAL_TRANSDUCTION_BY_P53_CLASS_MEDIATOR","1/219","35/11404",0.493227867132582,0.620656843311535,0.473814132654886,"CD74",1
"GOBP_REGULATION_OF_INTRINSIC_APOPTOTIC_SIGNALING_PATHWAY_IN_RESPONSE_TO_DNA_DAMAGE","GOBP_REGULATION_OF_INTRINSIC_APOPTOTIC_SIGNALING_PATHWAY_IN_RESPONSE_TO_DNA_DAMAGE","1/219","35/11404",0.493227867132582,0.620656843311535,0.473814132654886,"CD74",1
"GOBP_REGULATION_OF_MORPHOGENESIS_OF_A_BRANCHING_STRUCTURE","GOBP_REGULATION_OF_MORPHOGENESIS_OF_A_BRANCHING_STRUCTURE","1/219","35/11404",0.493227867132582,0.620656843311535,0.473814132654886,"WNT5A",1
"GOBP_RESPONSE_TO_TESTOSTERONE","GOBP_RESPONSE_TO_TESTOSTERONE","1/219","35/11404",0.493227867132582,0.620656843311535,0.473814132654886,"TBXA2R",1
"GOBP_SYNCYTIUM_FORMATION","GOBP_SYNCYTIUM_FORMATION","1/219","35/11404",0.493227867132582,0.620656843311535,0.473814132654886,"NFATC2",1
"GOBP_REGULATION_OF_PROTEIN_LOCALIZATION_TO_PLASMA_MEMBRANE","GOBP_REGULATION_OF_PROTEIN_LOCALIZATION_TO_PLASMA_MEMBRANE","2/219","86/11404",0.494317817218858,0.621731478936368,0.474634517626046,"TGFB1/ARHGAP44",2
"GOBP_APPENDAGE_DEVELOPMENT","GOBP_APPENDAGE_DEVELOPMENT","3/219","138/11404",0.49660575630321,0.623715999932773,0.47614951597784,"WNT5A/TFAP2A/SMOC1",3
"GOBP_PHOSPHATIDYLINOSITOL_METABOLIC_PROCESS","GOBP_PHOSPHATIDYLINOSITOL_METABOLIC_PROCESS","3/219","138/11404",0.49660575630321,0.623715999932773,0.47614951597784,"INPP5F/PITPNM3/PLCD4",3
"GOBP_REGULATION_OF_PROTEIN_LOCALIZATION_TO_MEMBRANE","GOBP_REGULATION_OF_PROTEIN_LOCALIZATION_TO_MEMBRANE","3/219","138/11404",0.49660575630321,0.623715999932773,0.47614951597784,"TGFB1/GPC6/ARHGAP44",3
"GOBP_AMINO_ACID_TRANSPORT","GOBP_AMINO_ACID_TRANSPORT","2/219","87/11404",0.500446148975149,0.627249431790363,0.478846964606565,"MFSD12/ABAT",2
"GOBP_NEURAL_TUBE_FORMATION","GOBP_NEURAL_TUBE_FORMATION","2/219","87/11404",0.500446148975149,0.627249431790363,0.478846964606565,"WNT5A/TGFB1",2
"GOBP_RESPONSE_TO_HEAT","GOBP_RESPONSE_TO_HEAT","2/219","87/11404",0.500446148975149,0.627249431790363,0.478846964606565,"PTGS2/MAPT",2
"GOBP_SPHINGOLIPID_BIOSYNTHETIC_PROCESS","GOBP_SPHINGOLIPID_BIOSYNTHETIC_PROCESS","2/219","87/11404",0.500446148975149,0.627249431790363,0.478846964606565,"ALOXE3/CERS4",2
"GOBP_ORGANIC_HYDROXY_COMPOUND_TRANSPORT","GOBP_ORGANIC_HYDROXY_COMPOUND_TRANSPORT","3/219","139/11404",0.501428773973854,0.627249431790363,0.478846964606565,"DRD2/SYT5/ABAT",3
"GOBP_ACIDIC_AMINO_ACID_TRANSPORT","GOBP_ACIDIC_AMINO_ACID_TRANSPORT","1/219","36/11404",0.502989772058078,0.627249431790363,0.478846964606565,"ABAT",1
"GOBP_EPITHELIAL_CELL_DIFFERENTIATION_INVOLVED_IN_KIDNEY_DEVELOPMENT","GOBP_EPITHELIAL_CELL_DIFFERENTIATION_INVOLVED_IN_KIDNEY_DEVELOPMENT","1/219","36/11404",0.502989772058078,0.627249431790363,0.478846964606565,"ACTA2",1
"GOBP_GLIAL_CELL_MIGRATION","GOBP_GLIAL_CELL_MIGRATION","1/219","36/11404",0.502989772058078,0.627249431790363,0.478846964606565,"CDK5R2",1
"GOBP_INTERMEMBRANE_LIPID_TRANSFER","GOBP_INTERMEMBRANE_LIPID_TRANSFER","1/219","36/11404",0.502989772058078,0.627249431790363,0.478846964606565,"PITPNM3",1
"GOBP_MITOCHONDRIAL_FISSION","GOBP_MITOCHONDRIAL_FISSION","1/219","36/11404",0.502989772058078,0.627249431790363,0.478846964606565,"MAPT",1
"GOBP_NEGATIVE_REGULATION_OF_BMP_SIGNALING_PATHWAY","GOBP_NEGATIVE_REGULATION_OF_BMP_SIGNALING_PATHWAY","1/219","36/11404",0.502989772058078,0.627249431790363,0.478846964606565,"WNT5A",1
"GOBP_POSITIVE_REGULATION_OF_MONONUCLEAR_CELL_MIGRATION","GOBP_POSITIVE_REGULATION_OF_MONONUCLEAR_CELL_MIGRATION","1/219","36/11404",0.502989772058078,0.627249431790363,0.478846964606565,"WNT5A",1
"GOBP_REGULATION_OF_MYELINATION","GOBP_REGULATION_OF_MYELINATION","1/219","36/11404",0.502989772058078,0.627249431790363,0.478846964606565,"EGR2",1
"GOBP_REGULATION_OF_TYPE_I_INTERFERON_MEDIATED_SIGNALING_PATHWAY","GOBP_REGULATION_OF_TYPE_I_INTERFERON_MEDIATED_SIGNALING_PATHWAY","1/219","36/11404",0.502989772058078,0.627249431790363,0.478846964606565,"WNT5A",1
"GOBP_RESPONSE_TO_DSRNA","GOBP_RESPONSE_TO_DSRNA","1/219","36/11404",0.502989772058078,0.627249431790363,0.478846964606565,"RFTN2",1
"GOBP_CALCIUM_ION_TRANSPORT_INTO_CYTOSOL","GOBP_CALCIUM_ION_TRANSPORT_INTO_CYTOSOL","2/219","88/11404",0.506526865141042,0.630764787167602,0.481530613513348,"DRD2/GRIN2A",2
"GOBP_NEGATIVE_REGULATION_OF_PROTEIN_MODIFICATION_BY_SMALL_PROTEIN_CONJUGATION_OR_REMOVAL","GOBP_NEGATIVE_REGULATION_OF_PROTEIN_MODIFICATION_BY_SMALL_PROTEIN_CONJUGATION_OR_REMOVAL","2/219","88/11404",0.506526865141042,0.630764787167602,0.481530613513348,"HMG20B/ARRB1",2
"GOBP_REGULATION_OF_CYCLIN_DEPENDENT_PROTEIN_KINASE_ACTIVITY","GOBP_REGULATION_OF_CYCLIN_DEPENDENT_PROTEIN_KINASE_ACTIVITY","2/219","88/11404",0.506526865141042,0.630764787167602,0.481530613513348,"MAPRE3/CDK5R2",2
"GOBP_ALCOHOL_METABOLIC_PROCESS","GOBP_ALCOHOL_METABOLIC_PROCESS","5/219","245/11404",0.50895578555257,0.633490077907899,0.483611121095374,"DHRS3/COQ2/TM7SF2/IDH2/CYP1A1",5
"GOBP_POSITIVE_REGULATION_OF_CELL_CYCLE_PROCESS","GOBP_POSITIVE_REGULATION_OF_CELL_CYCLE_PROCESS","4/219","193/11404",0.509830628730614,0.63427937049347,0.484213673030269,"TGFA/WNT5A/DRD2/CYP1A1",4
"GOBP_NEGATIVE_REGULATION_OF_INTRINSIC_APOPTOTIC_SIGNALING_PATHWAY","GOBP_NEGATIVE_REGULATION_OF_INTRINSIC_APOPTOTIC_SIGNALING_PATHWAY","2/219","89/11404",0.512559528126442,0.63557995084075,0.485206545912982,"CD74/PTGS2",2
"GOBP_POSITIVE_REGULATION_OF_DNA_REPAIR","GOBP_POSITIVE_REGULATION_OF_DNA_REPAIR","2/219","89/11404",0.512559528126442,0.63557995084075,0.485206545912982,"EYA1/SPIRE2",2
"GOBP_CELL_COMMUNICATION_INVOLVED_IN_CARDIAC_CONDUCTION","GOBP_CELL_COMMUNICATION_INVOLVED_IN_CARDIAC_CONDUCTION","1/219","37/11404",0.512564476484476,0.63557995084075,0.485206545912982,"TRPM4",1
"GOBP_INTRACILIARY_TRANSPORT","GOBP_INTRACILIARY_TRANSPORT","1/219","37/11404",0.512564476484476,0.63557995084075,0.485206545912982,"IFT27",1
"GOBP_NEGATIVE_REGULATION_OF_OSTEOBLAST_DIFFERENTIATION","GOBP_NEGATIVE_REGULATION_OF_OSTEOBLAST_DIFFERENTIATION","1/219","37/11404",0.512564476484476,0.63557995084075,0.485206545912982,"TRPM4",1
"GOBP_NEGATIVE_REGULATION_OF_OXIDATIVE_STRESS_INDUCED_CELL_DEATH","GOBP_NEGATIVE_REGULATION_OF_OXIDATIVE_STRESS_INDUCED_CELL_DEATH","1/219","37/11404",0.512564476484476,0.63557995084075,0.485206545912982,"GATA4",1
"GOBP_REGULATION_OF_PHOSPHATIDYLINOSITOL_3_KINASE_ACTIVITY","GOBP_REGULATION_OF_PHOSPHATIDYLINOSITOL_3_KINASE_ACTIVITY","1/219","37/11404",0.512564476484476,0.63557995084075,0.485206545912982,"TGFB1",1
"GOBP_ACTIN_FILAMENT_ORGANIZATION","GOBP_ACTIN_FILAMENT_ORGANIZATION","7/219","351/11404",0.513818019669809,0.63683465749292,0.486164398469578,"MICALL2/SORBS2/ASAP3/HMCN1/SPIRE2/SHANK3/ARRB1",7
"GOBP_REGULATION_OF_CALCIUM_ION_TRANSPORT","GOBP_REGULATION_OF_CALCIUM_ION_TRANSPORT","3/219","142/11404",0.515755752765754,0.638635530327896,0.487539198424692,"DRD2/HES1/PTGS2",3
"GOBP_REGULATION_OF_INTRINSIC_APOPTOTIC_SIGNALING_PATHWAY","GOBP_REGULATION_OF_INTRINSIC_APOPTOTIC_SIGNALING_PATHWAY","3/219","142/11404",0.515755752765754,0.638635530327896,0.487539198424692,"CD74/PTGS2/DAPK2",3
"GOBP_NEGATIVE_REGULATION_OF_PROTEOLYSIS","GOBP_NEGATIVE_REGULATION_OF_PROTEOLYSIS","4/219","195/11404",0.517947394787391,0.640582625575195,0.4890256256763,"PLAT/SERPINB2/PTGS2/SERPINF1",4
"GOBP_BLASTOCYST_DEVELOPMENT","GOBP_BLASTOCYST_DEVELOPMENT","2/219","90/11404",0.518543734478896,0.640582625575195,0.4890256256763,"ADA/MFNG",2
"GOBP_DNA_MODIFICATION","GOBP_DNA_MODIFICATION","2/219","90/11404",0.518543734478896,0.640582625575195,0.4890256256763,"FOS/CYP1A1",2
"GOBP_REGULATION_OF_GLUCOSE_METABOLIC_PROCESS","GOBP_REGULATION_OF_GLUCOSE_METABOLIC_PROCESS","2/219","90/11404",0.518543734478896,0.640582625575195,0.4890256256763,"PPARA/RORA",2
"GOBP_STRESS_FIBER_ASSEMBLY","GOBP_STRESS_FIBER_ASSEMBLY","2/219","90/11404",0.518543734478896,0.640582625575195,0.4890256256763,"ASAP3/ARRB1",2
"GOBP_CEREBELLAR_CORTEX_DEVELOPMENT","GOBP_CEREBELLAR_CORTEX_DEVELOPMENT","1/219","38/11404",0.521955554134682,0.641223241961907,0.489514677075484,"RORA",1
"GOBP_CYTOKINETIC_PROCESS","GOBP_CYTOKINETIC_PROCESS","1/219","38/11404",0.521955554134682,0.641223241961907,0.489514677075484,"SPIRE2",1
"GOBP_MATERNAL_PROCESS_INVOLVED_IN_FEMALE_PREGNANCY","GOBP_MATERNAL_PROCESS_INVOLVED_IN_FEMALE_PREGNANCY","1/219","38/11404",0.521955554134682,0.641223241961907,0.489514677075484,"PTGS2",1
"GOBP_NEGATIVE_REGULATION_OF_SMOOTH_MUSCLE_CELL_PROLIFERATION","GOBP_NEGATIVE_REGULATION_OF_SMOOTH_MUSCLE_CELL_PROLIFERATION","1/219","38/11404",0.521955554134682,0.641223241961907,0.489514677075484,"S1PR2",1
"GOBP_NEURON_FATE_COMMITMENT","GOBP_NEURON_FATE_COMMITMENT","1/219","38/11404",0.521955554134682,0.641223241961907,0.489514677075484,"EYA1",1
"GOBP_PHOSPHOLIPID_DEPHOSPHORYLATION","GOBP_PHOSPHOLIPID_DEPHOSPHORYLATION","1/219","38/11404",0.521955554134682,0.641223241961907,0.489514677075484,"INPP5F",1
"GOBP_POSITIVE_REGULATION_OF_G1_S_TRANSITION_OF_MITOTIC_CELL_CYCLE","GOBP_POSITIVE_REGULATION_OF_G1_S_TRANSITION_OF_MITOTIC_CELL_CYCLE","1/219","38/11404",0.521955554134682,0.641223241961907,0.489514677075484,"CYP1A1",1
"GOBP_POSITIVE_REGULATION_OF_PROTEIN_DEPHOSPHORYLATION","GOBP_POSITIVE_REGULATION_OF_PROTEIN_DEPHOSPHORYLATION","1/219","38/11404",0.521955554134682,0.641223241961907,0.489514677075484,"TGFB1",1
"GOBP_REGULATION_OF_RELEASE_OF_CYTOCHROME_C_FROM_MITOCHONDRIA","GOBP_REGULATION_OF_RELEASE_OF_CYTOCHROME_C_FROM_MITOCHONDRIA","1/219","38/11404",0.521955554134682,0.641223241961907,0.489514677075484,"BMF",1
"GOBP_VENTRICULAR_CARDIAC_MUSCLE_TISSUE_DEVELOPMENT","GOBP_VENTRICULAR_CARDIAC_MUSCLE_TISSUE_DEVELOPMENT","1/219","38/11404",0.521955554134682,0.641223241961907,0.489514677075484,"TGFB1",1
"GOBP_MONOSACCHARIDE_METABOLIC_PROCESS","GOBP_MONOSACCHARIDE_METABOLIC_PROCESS","4/219","196/11404",0.521982487289674,0.641223241961907,0.489514677075484,"FUCA1/PPARA/RORA/CHST1",4
"GOBP_REGULATION_OF_INTRACELLULAR_PROTEIN_TRANSPORT","GOBP_REGULATION_OF_INTRACELLULAR_PROTEIN_TRANSPORT","4/219","196/11404",0.521982487289674,0.641223241961907,0.489514677075484,"TGFB1/MICALL2/PTGS2/ARHGAP44",4
"GOBP_CELLULAR_RESPONSE_TO_ABIOTIC_STIMULUS","GOBP_CELLULAR_RESPONSE_TO_ABIOTIC_STIMULUS","5/219","250/11404",0.526921627499918,0.64698904401784,0.49391633401302,"MMP2/EGR1/COL1A1/BMF/PTGS2",5
"GOBP_REGULATION_OF_ACTIN_FILAMENT_BASED_PROCESS","GOBP_REGULATION_OF_ACTIN_FILAMENT_BASED_PROCESS","6/219","303/11404",0.527895487924555,0.647882911355939,0.494598719105643,"ACTA2/TRPM4/ASAP3/GATA4/SHANK3/ARHGAP44",6
"GOBP_CYTOSKELETON_DEPENDENT_CYTOKINESIS","GOBP_CYTOSKELETON_DEPENDENT_CYTOKINESIS","2/219","92/11404",0.530365327362015,0.648274088004278,0.494897346320254,"SPIRE2/ROPN1B",2
"GOBP_NEGATIVE_REGULATION_OF_TRANSMEMBRANE_RECEPTOR_PROTEIN_SERINE_THREONINE_KINASE_SIGNALING_PATHWAY","GOBP_NEGATIVE_REGULATION_OF_TRANSMEMBRANE_RECEPTOR_PROTEIN_SERINE_THREONINE_KINASE_SIGNALING_PATHWAY","2/219","92/11404",0.530365327362015,0.648274088004278,0.494897346320254,"WNT5A/PPARA",2
"GOBP_ASPARTATE_FAMILY_AMINO_ACID_METABOLIC_PROCESS","GOBP_ASPARTATE_FAMILY_AMINO_ACID_METABOLIC_PROCESS","1/219","39/11404",0.531166510816409,0.648274088004278,0.494897346320254,"HYKK",1
"GOBP_CARDIAC_MUSCLE_CELL_PROLIFERATION","GOBP_CARDIAC_MUSCLE_CELL_PROLIFERATION","1/219","39/11404",0.531166510816409,0.648274088004278,0.494897346320254,"MAPK11",1
"GOBP_DEOXYRIBOSE_PHOSPHATE_METABOLIC_PROCESS","GOBP_DEOXYRIBOSE_PHOSPHATE_METABOLIC_PROCESS","1/219","39/11404",0.531166510816409,0.648274088004278,0.494897346320254,"ADA",1
"GOBP_GLYCEROLIPID_CATABOLIC_PROCESS","GOBP_GLYCEROLIPID_CATABOLIC_PROCESS","1/219","39/11404",0.531166510816409,0.648274088004278,0.494897346320254,"INPP5F",1
"GOBP_GOLGI_TO_PLASMA_MEMBRANE_PROTEIN_TRANSPORT","GOBP_GOLGI_TO_PLASMA_MEMBRANE_PROTEIN_TRANSPORT","1/219","39/11404",0.531166510816409,0.648274088004278,0.494897346320254,"RAB26",1
"GOBP_HORMONE_BIOSYNTHETIC_PROCESS","GOBP_HORMONE_BIOSYNTHETIC_PROCESS","1/219","39/11404",0.531166510816409,0.648274088004278,0.494897346320254,"EGR1",1
"GOBP_MICROTUBULE_DEPOLYMERIZATION","GOBP_MICROTUBULE_DEPOLYMERIZATION","1/219","39/11404",0.531166510816409,0.648274088004278,0.494897346320254,"NCKAP5",1
"GOBP_NEGATIVE_REGULATION_OF_STRESS_ACTIVATED_PROTEIN_KINASE_SIGNALING_CASCADE","GOBP_NEGATIVE_REGULATION_OF_STRESS_ACTIVATED_PROTEIN_KINASE_SIGNALING_CASCADE","1/219","39/11404",0.531166510816409,0.648274088004278,0.494897346320254,"DACT1",1
"GOBP_NUCLEOSIDE_MONOPHOSPHATE_BIOSYNTHETIC_PROCESS","GOBP_NUCLEOSIDE_MONOPHOSPHATE_BIOSYNTHETIC_PROCESS","1/219","39/11404",0.531166510816409,0.648274088004278,0.494897346320254,"ADA",1
"GOBP_REGULATION_OF_GLUCONEOGENESIS","GOBP_REGULATION_OF_GLUCONEOGENESIS","1/219","39/11404",0.531166510816409,0.648274088004278,0.494897346320254,"PPARA",1
"GOBP_HEMATOPOIETIC_PROGENITOR_CELL_DIFFERENTIATION","GOBP_HEMATOPOIETIC_PROGENITOR_CELL_DIFFERENTIATION","2/219","93/11404",0.536202067581032,0.653548700797916,0.498924025656573,"TGFB1/HES1",2
"GOBP_NEGATIVE_REGULATION_OF_ESTABLISHMENT_OF_PROTEIN_LOCALIZATION","GOBP_NEGATIVE_REGULATION_OF_ESTABLISHMENT_OF_PROTEIN_LOCALIZATION","2/219","93/11404",0.536202067581032,0.653548700797916,0.498924025656573,"DRD2/MAPT",2
"GOBP_RIBOSE_PHOSPHATE_METABOLIC_PROCESS","GOBP_RIBOSE_PHOSPHATE_METABOLIC_PROCESS","6/219","306/11404",0.537585493323994,0.653548700797916,0.498924025656573,"SLC26A2/TGFB1/PPARA/RORA/ADA/PDE8B",6
"GOBP_BIOLOGICAL_PROCESS_INVOLVED_IN_SYMBIOTIC_INTERACTION","GOBP_BIOLOGICAL_PROCESS_INVOLVED_IN_SYMBIOTIC_INTERACTION","4/219","200/11404",0.537961432398305,0.653548700797916,0.498924025656573,"HLA-DRB1/CD74/CIITA/MID2",4
"GOBP_AMYLOID_BETA_METABOLIC_PROCESS","GOBP_AMYLOID_BETA_METABOLIC_PROCESS","1/219","40/11404",0.540200785706968,0.653548700797916,0.498924025656573,"RTN2",1
"GOBP_AXONEME_ASSEMBLY","GOBP_AXONEME_ASSEMBLY","1/219","40/11404",0.540200785706968,0.653548700797916,0.498924025656573,"CCDC40",1
"GOBP_INTRINSIC_APOPTOTIC_SIGNALING_PATHWAY_IN_RESPONSE_TO_DNA_DAMAGE_BY_P53_CLASS_MEDIATOR","GOBP_INTRINSIC_APOPTOTIC_SIGNALING_PATHWAY_IN_RESPONSE_TO_DNA_DAMAGE_BY_P53_CLASS_MEDIATOR","1/219","40/11404",0.540200785706968,0.653548700797916,0.498924025656573,"CD74",1
"GOBP_LONG_CHAIN_FATTY_ACID_TRANSPORT","GOBP_LONG_CHAIN_FATTY_ACID_TRANSPORT","1/219","40/11404",0.540200785706968,0.653548700797916,0.498924025656573,"DRD2",1
"GOBP_NEGATIVE_REGULATION_OF_MITOCHONDRION_ORGANIZATION","GOBP_NEGATIVE_REGULATION_OF_MITOCHONDRION_ORGANIZATION","1/219","40/11404",0.540200785706968,0.653548700797916,0.498924025656573,"MAPT",1
"GOBP_PROTEIN_LOCALIZATION_TO_LYSOSOME","GOBP_PROTEIN_LOCALIZATION_TO_LYSOSOME","1/219","40/11404",0.540200785706968,0.653548700797916,0.498924025656573,"CACNG7",1
"GOBP_PURINE_NUCLEOSIDE_MONOPHOSPHATE_METABOLIC_PROCESS","GOBP_PURINE_NUCLEOSIDE_MONOPHOSPHATE_METABOLIC_PROCESS","1/219","40/11404",0.540200785706968,0.653548700797916,0.498924025656573,"ADA",1
"GOBP_RAC_PROTEIN_SIGNAL_TRANSDUCTION","GOBP_RAC_PROTEIN_SIGNAL_TRANSDUCTION","1/219","40/11404",0.540200785706968,0.653548700797916,0.498924025656573,"ARHGAP44",1
"GOBP_REGULATION_OF_CARBOHYDRATE_CATABOLIC_PROCESS","GOBP_REGULATION_OF_CARBOHYDRATE_CATABOLIC_PROCESS","1/219","40/11404",0.540200785706968,0.653548700797916,0.498924025656573,"PPARA",1
"GOBP_REGULATION_OF_GLUCOSE_IMPORT","GOBP_REGULATION_OF_GLUCOSE_IMPORT","1/219","40/11404",0.540200785706968,0.653548700797916,0.498924025656573,"RTN2",1
"GOBP_REGULATION_OF_NITRIC_OXIDE_METABOLIC_PROCESS","GOBP_REGULATION_OF_NITRIC_OXIDE_METABOLIC_PROCESS","1/219","40/11404",0.540200785706968,0.653548700797916,0.498924025656573,"PTGS2",1
"GOBP_REGULATION_OF_OSTEOCLAST_DIFFERENTIATION","GOBP_REGULATION_OF_OSTEOCLAST_DIFFERENTIATION","1/219","40/11404",0.540200785706968,0.653548700797916,0.498924025656573,"FOS",1
"GOBP_RESPONSE_TO_COLD","GOBP_RESPONSE_TO_COLD","1/219","40/11404",0.540200785706968,0.653548700797916,0.498924025656573,"FOS",1
"GOBP_SENSORY_PERCEPTION_OF_CHEMICAL_STIMULUS","GOBP_SENSORY_PERCEPTION_OF_CHEMICAL_STIMULUS","1/219","40/11404",0.540200785706968,0.653548700797916,0.498924025656573,"DRD2",1
"GOBP_SOMATIC_DIVERSIFICATION_OF_IMMUNOGLOBULINS_INVOLVED_IN_IMMUNE_RESPONSE","GOBP_SOMATIC_DIVERSIFICATION_OF_IMMUNOGLOBULINS_INVOLVED_IN_IMMUNE_RESPONSE","1/219","40/11404",0.540200785706968,0.653548700797916,0.498924025656573,"TGFB1",1
"GOBP_NUCLEOSIDE_PHOSPHATE_BIOSYNTHETIC_PROCESS","GOBP_NUCLEOSIDE_PHOSPHATE_BIOSYNTHETIC_PROCESS","4/219","201/11404",0.541914562022076,0.655321189044594,0.500277156602105,"SLC26A2/TGFB1/PPARA/ADA",4
"GOBP_REGULATION_OF_NUCLEOCYTOPLASMIC_TRANSPORT","GOBP_REGULATION_OF_NUCLEOCYTOPLASMIC_TRANSPORT","2/219","95/11404",0.547726044631589,0.661535307790389,0.50502106189451,"TGFB1/PTGS2",2
"GOBP_DE_NOVO_PROTEIN_FOLDING","GOBP_DE_NOVO_PROTEIN_FOLDING","1/219","41/11404",0.549061752613882,0.661535307790389,0.50502106189451,"CD74",1
"GOBP_EPHRIN_RECEPTOR_SIGNALING_PATHWAY","GOBP_EPHRIN_RECEPTOR_SIGNALING_PATHWAY","1/219","41/11404",0.549061752613882,0.661535307790389,0.50502106189451,"MMP2",1
"GOBP_ESTABLISHMENT_OR_MAINTENANCE_OF_BIPOLAR_CELL_POLARITY","GOBP_ESTABLISHMENT_OR_MAINTENANCE_OF_BIPOLAR_CELL_POLARITY","1/219","41/11404",0.549061752613882,0.661535307790389,0.50502106189451,"WNT5A",1
"GOBP_LIPOPOLYSACCHARIDE_MEDIATED_SIGNALING_PATHWAY","GOBP_LIPOPOLYSACCHARIDE_MEDIATED_SIGNALING_PATHWAY","1/219","41/11404",0.549061752613882,0.661535307790389,0.50502106189451,"TGFB1",1
"GOBP_MEGAKARYOCYTE_DIFFERENTIATION","GOBP_MEGAKARYOCYTE_DIFFERENTIATION","1/219","41/11404",0.549061752613882,0.661535307790389,0.50502106189451,"IL11",1
"GOBP_OVARIAN_FOLLICLE_DEVELOPMENT","GOBP_OVARIAN_FOLLICLE_DEVELOPMENT","1/219","41/11404",0.549061752613882,0.661535307790389,0.50502106189451,"MMP2",1
"GOBP_REGULATION_OF_FILOPODIUM_ASSEMBLY","GOBP_REGULATION_OF_FILOPODIUM_ASSEMBLY","1/219","41/11404",0.549061752613882,0.661535307790389,0.50502106189451,"ARHGAP44",1
"GOBP_CYTOKINESIS","GOBP_CYTOKINESIS","3/219","150/11404",0.552856699712095,0.665566302079162,0.508098353449827,"DRD2/SPIRE2/ROPN1B",3
"GOBP_EMBRYONIC_APPENDAGE_MORPHOGENESIS","GOBP_EMBRYONIC_APPENDAGE_MORPHOGENESIS","2/219","96/11404",0.553412810736498,0.665566302079162,0.508098353449827,"WNT5A/TFAP2A",2
"GOBP_SPROUTING_ANGIOGENESIS","GOBP_SPROUTING_ANGIOGENESIS","2/219","96/11404",0.553412810736498,0.665566302079162,0.508098353449827,"TBXA2R/PTGS2",2
"GOBP_PURINE_CONTAINING_COMPOUND_METABOLIC_PROCESS","GOBP_PURINE_CONTAINING_COMPOUND_METABOLIC_PROCESS","6/219","311/11404",0.553546718666559,0.665566302079162,0.508098353449827,"SLC26A2/TGFB1/PPARA/RORA/ADA/PDE8B",6
"GOBP_REGULATION_OF_MICROTUBULE_BASED_PROCESS","GOBP_REGULATION_OF_MICROTUBULE_BASED_PROCESS","4/219","204/11404",0.553670335543652,0.665566302079162,0.508098353449827,"MAPRE3/CNIH2/MAPT/CCDC40",4
"GOBP_CLATHRIN_DEPENDENT_ENDOCYTOSIS","GOBP_CLATHRIN_DEPENDENT_ENDOCYTOSIS","1/219","42/11404",0.557752721211749,0.667428892094895,0.509520268767939,"INPP5F",1
"GOBP_ENDOCRINE_PROCESS","GOBP_ENDOCRINE_PROCESS","1/219","42/11404",0.557752721211749,0.667428892094895,0.509520268767939,"CORIN",1
"GOBP_ESTABLISHMENT_OF_ENDOTHELIAL_BARRIER","GOBP_ESTABLISHMENT_OF_ENDOTHELIAL_BARRIER","1/219","42/11404",0.557752721211749,0.667428892094895,0.509520268767939,"S1PR2",1
"GOBP_MITOCHONDRION_LOCALIZATION","GOBP_MITOCHONDRION_LOCALIZATION","1/219","42/11404",0.557752721211749,0.667428892094895,0.509520268767939,"MAPT",1
"GOBP_MULTICELLULAR_ORGANISMAL_RESPONSE_TO_STRESS","GOBP_MULTICELLULAR_ORGANISMAL_RESPONSE_TO_STRESS","1/219","42/11404",0.557752721211749,0.667428892094895,0.509520268767939,"GRIK2",1
"GOBP_NEGATIVE_REGULATION_OF_LEUKOCYTE_PROLIFERATION","GOBP_NEGATIVE_REGULATION_OF_LEUKOCYTE_PROLIFERATION","1/219","42/11404",0.557752721211749,0.667428892094895,0.509520268767939,"HLA-DRB1",1
"GOBP_PORPHYRIN_CONTAINING_COMPOUND_METABOLIC_PROCESS","GOBP_PORPHYRIN_CONTAINING_COMPOUND_METABOLIC_PROCESS","1/219","42/11404",0.557752721211749,0.667428892094895,0.509520268767939,"CYP1A1",1
"GOBP_POSITIVE_REGULATION_OF_CELL_MATRIX_ADHESION","GOBP_POSITIVE_REGULATION_OF_CELL_MATRIX_ADHESION","1/219","42/11404",0.557752721211749,0.667428892094895,0.509520268767939,"PTPRJ",1
"GOBP_POSITIVE_REGULATION_OF_PHOSPHATIDYLINOSITOL_3_KINASE_SIGNALING","GOBP_POSITIVE_REGULATION_OF_PHOSPHATIDYLINOSITOL_3_KINASE_SIGNALING","1/219","42/11404",0.557752721211749,0.667428892094895,0.509520268767939,"ERBB3",1
"GOBP_SOMITOGENESIS","GOBP_SOMITOGENESIS","1/219","42/11404",0.557752721211749,0.667428892094895,0.509520268767939,"WNT5A",1
"GOBP_CEREBRAL_CORTEX_DEVELOPMENT","GOBP_CEREBRAL_CORTEX_DEVELOPMENT","2/219","97/11404",0.559049160033201,0.668676594047883,0.510472773884152,"MDGA1/CDK5R2",2
"GOBP_CYCLIC_NUCLEOTIDE_MEDIATED_SIGNALING","GOBP_CYCLIC_NUCLEOTIDE_MEDIATED_SIGNALING","1/219","43/11404",0.566276938255811,0.673109860359577,0.51385716294703,"GIPR",1
"GOBP_ENDOCHONDRAL_BONE_MORPHOGENESIS","GOBP_ENDOCHONDRAL_BONE_MORPHOGENESIS","1/219","43/11404",0.566276938255811,0.673109860359577,0.51385716294703,"COL1A1",1
"GOBP_LEUKOCYTE_DEGRANULATION","GOBP_LEUKOCYTE_DEGRANULATION","1/219","43/11404",0.566276938255811,0.673109860359577,0.51385716294703,"HLA-F",1
"GOBP_MEMBRANE_PROTEIN_PROTEOLYSIS","GOBP_MEMBRANE_PROTEIN_PROTEOLYSIS","1/219","43/11404",0.566276938255811,0.673109860359577,0.51385716294703,"TGFB1",1
"GOBP_NEGATIVE_REGULATION_OF_COLD_INDUCED_THERMOGENESIS","GOBP_NEGATIVE_REGULATION_OF_COLD_INDUCED_THERMOGENESIS","1/219","43/11404",0.566276938255811,0.673109860359577,0.51385716294703,"LAMA4",1
"GOBP_NEGATIVE_REGULATION_OF_PROTEIN_SECRETION","GOBP_NEGATIVE_REGULATION_OF_PROTEIN_SECRETION","1/219","43/11404",0.566276938255811,0.673109860359577,0.51385716294703,"DRD2",1
"GOBP_PATHWAY_RESTRICTED_SMAD_PROTEIN_PHOSPHORYLATION","GOBP_PATHWAY_RESTRICTED_SMAD_PROTEIN_PHOSPHORYLATION","1/219","43/11404",0.566276938255811,0.673109860359577,0.51385716294703,"TGFB1",1
"GOBP_POSITIVE_REGULATION_OF_CATION_CHANNEL_ACTIVITY","GOBP_POSITIVE_REGULATION_OF_CATION_CHANNEL_ACTIVITY","1/219","43/11404",0.566276938255811,0.673109860359577,0.51385716294703,"SHANK3",1
"GOBP_POSITIVE_REGULATION_OF_SMALL_GTPASE_MEDIATED_SIGNAL_TRANSDUCTION","GOBP_POSITIVE_REGULATION_OF_SMALL_GTPASE_MEDIATED_SIGNAL_TRANSDUCTION","1/219","43/11404",0.566276938255811,0.673109860359577,0.51385716294703,"ARRB1",1
"GOBP_REGULATION_OF_MUSCLE_HYPERTROPHY","GOBP_REGULATION_OF_MUSCLE_HYPERTROPHY","1/219","43/11404",0.566276938255811,0.673109860359577,0.51385716294703,"PPARA",1
"GOBP_REGULATION_OF_TRANSCRIPTION_REGULATORY_REGION_DNA_BINDING","GOBP_REGULATION_OF_TRANSCRIPTION_REGULATORY_REGION_DNA_BINDING","1/219","43/11404",0.566276938255811,0.673109860359577,0.51385716294703,"TGFB1",1
"GOBP_RESPONSE_TO_DOPAMINE","GOBP_RESPONSE_TO_DOPAMINE","1/219","43/11404",0.566276938255811,0.673109860359577,0.51385716294703,"DRD2",1
"GOBP_RESPONSE_TO_EPIDERMAL_GROWTH_FACTOR","GOBP_RESPONSE_TO_EPIDERMAL_GROWTH_FACTOR","1/219","43/11404",0.566276938255811,0.673109860359577,0.51385716294703,"COL1A1",1
"GOBP_POSITIVE_REGULATION_OF_PROTEIN_CONTAINING_COMPLEX_ASSEMBLY","GOBP_POSITIVE_REGULATION_OF_PROTEIN_CONTAINING_COMPLEX_ASSEMBLY","3/219","153/11404",0.566331901486597,0.673109860359577,0.51385716294703,"TGFB1/BMF/MAPT",3
"GOBP_CELLULAR_CARBOHYDRATE_METABOLIC_PROCESS","GOBP_CELLULAR_CARBOHYDRATE_METABOLIC_PROCESS","4/219","208/11404",0.569094894966709,0.676088840503732,0.51613133894043,"PPARA/RORA/COQ2/IDH2",4
"GOBP_LIPID_HOMEOSTASIS","GOBP_LIPID_HOMEOSTASIS","2/219","99/11404",0.570169957741954,0.676755783175697,0.51664048802507,"RORA/ANGPTL4",2
"GOBP_RESPONSE_TO_ACID_CHEMICAL","GOBP_RESPONSE_TO_ACID_CHEMICAL","2/219","99/11404",0.570169957741954,0.676755783175697,0.51664048802507,"MMP2/COL1A1",2
"GOBP_NEGATIVE_REGULATION_OF_PROTEIN_LOCALIZATION","GOBP_NEGATIVE_REGULATION_OF_PROTEIN_LOCALIZATION","3/219","154/11404",0.570768515805719,0.677161206280085,0.516949991092078,"DRD2/TGFB1/MAPT",3
"GOBP_NEGATIVE_REGULATION_OF_MAP_KINASE_ACTIVITY","GOBP_NEGATIVE_REGULATION_OF_MAP_KINASE_ACTIVITY","1/219","44/11404",0.574637588772665,0.680201195144015,0.519270741604,"PTPRJ",1
"GOBP_POSITIVE_REGULATION_OF_PROTEIN_ACETYLATION","GOBP_POSITIVE_REGULATION_OF_PROTEIN_ACETYLATION","1/219","44/11404",0.574637588772665,0.680201195144015,0.519270741604,"ARRB1",1
"GOBP_REGULATION_OF_LAMELLIPODIUM_ORGANIZATION","GOBP_REGULATION_OF_LAMELLIPODIUM_ORGANIZATION","1/219","44/11404",0.574637588772665,0.680201195144015,0.519270741604,"PLXNB3",1
"GOBP_RESPONSE_TO_CADMIUM_ION","GOBP_RESPONSE_TO_CADMIUM_ION","1/219","44/11404",0.574637588772665,0.680201195144015,0.519270741604,"FOS",1
"GOBP_SCF_DEPENDENT_PROTEASOMAL_UBIQUITIN_DEPENDENT_PROTEIN_CATABOLIC_PROCESS","GOBP_SCF_DEPENDENT_PROTEASOMAL_UBIQUITIN_DEPENDENT_PROTEIN_CATABOLIC_PROCESS","1/219","44/11404",0.574637588772665,0.680201195144015,0.519270741604,"FBXL8",1
"GOBP_REGULATION_OF_PROTEIN_CONTAINING_COMPLEX_ASSEMBLY","GOBP_REGULATION_OF_PROTEIN_CONTAINING_COMPLEX_ASSEMBLY","6/219","318/11404",0.575465763044001,0.680201195144015,0.519270741604,"DACT1/TGFB1/BMF/HES1/MAPRE3/MAPT",6
"GOBP_REGULATION_OF_DNA_BINDING","GOBP_REGULATION_OF_DNA_BINDING","2/219","100/11404",0.575654142379945,0.680201195144015,0.519270741604,"TGFB1/HES1",2
"GOBP_REGULATION_OF_EPITHELIAL_CELL_DIFFERENTIATION","GOBP_REGULATION_OF_EPITHELIAL_CELL_DIFFERENTIATION","2/219","100/11404",0.575654142379945,0.680201195144015,0.519270741604,"HES1/S1PR2",2
"GOBP_SPERMATID_DIFFERENTIATION","GOBP_SPERMATID_DIFFERENTIATION","2/219","100/11404",0.575654142379945,0.680201195144015,0.519270741604,"ROPN1/ROPN1B",2
"GOBP_POSITIVE_REGULATION_OF_DNA_METABOLIC_PROCESS","GOBP_POSITIVE_REGULATION_OF_DNA_METABOLIC_PROCESS","4/219","210/11404",0.576696528600269,0.681127455339179,0.519977855648925,"TGFB1/EYA1/SPIRE2/IL6",4
"GOBP_ACTIN_NUCLEATION","GOBP_ACTIN_NUCLEATION","1/219","45/11404",0.582837797228543,0.685921212906303,0.523637446465173,"SPIRE2",1
"GOBP_ANIMAL_ORGAN_REGENERATION","GOBP_ANIMAL_ORGAN_REGENERATION","1/219","45/11404",0.582837797228543,0.685921212906303,0.523637446465173,"IL6",1
"GOBP_ESTABLISHMENT_OF_PROTEIN_LOCALIZATION_TO_VACUOLE","GOBP_ESTABLISHMENT_OF_PROTEIN_LOCALIZATION_TO_VACUOLE","1/219","45/11404",0.582837797228543,0.685921212906303,0.523637446465173,"CACNG7",1
"GOBP_NEGATIVE_REGULATION_OF_INTRACELLULAR_TRANSPORT","GOBP_NEGATIVE_REGULATION_OF_INTRACELLULAR_TRANSPORT","1/219","45/11404",0.582837797228543,0.685921212906303,0.523637446465173,"CNIH2",1
"GOBP_P38MAPK_CASCADE","GOBP_P38MAPK_CASCADE","1/219","45/11404",0.582837797228543,0.685921212906303,0.523637446465173,"MAPK11",1
"GOBP_REGULATION_OF_DENDRITIC_SPINE_DEVELOPMENT","GOBP_REGULATION_OF_DENDRITIC_SPINE_DEVELOPMENT","1/219","45/11404",0.582837797228543,0.685921212906303,0.523637446465173,"SHANK3",1
"GOBP_REGULATION_OF_MORPHOGENESIS_OF_AN_EPITHELIUM","GOBP_REGULATION_OF_MORPHOGENESIS_OF_AN_EPITHELIUM","1/219","45/11404",0.582837797228543,0.685921212906303,0.523637446465173,"WNT5A",1
"GOBP_STEROL_HOMEOSTASIS","GOBP_STEROL_HOMEOSTASIS","1/219","45/11404",0.582837797228543,0.685921212906303,0.523637446465173,"RORA",1
"GOBP_SECONDARY_ALCOHOL_METABOLIC_PROCESS","GOBP_SECONDARY_ALCOHOL_METABOLIC_PROCESS","2/219","102/11404",0.586469599012278,0.689887229195246,0.526665133323526,"TM7SF2/IDH2",2
"GOBP_DEFENSE_RESPONSE_TO_SYMBIONT","GOBP_DEFENSE_RESPONSE_TO_SYMBIONT","4/219","213/11404",0.587956608690017,0.691327828602497,0.527764897816587,"ADARB1/DMBT1/MID2/IL6",4
"GOBP_AMYLOID_PRECURSOR_PROTEIN_CATABOLIC_PROCESS","GOBP_AMYLOID_PRECURSOR_PROTEIN_CATABOLIC_PROCESS","1/219","46/11404",0.590880628675585,0.691986869582297,0.528268014689611,"RTN2",1
"GOBP_APICAL_JUNCTION_ASSEMBLY","GOBP_APICAL_JUNCTION_ASSEMBLY","1/219","46/11404",0.590880628675585,0.691986869582297,0.528268014689611,"MICALL2",1
"GOBP_CELLULAR_ALDEHYDE_METABOLIC_PROCESS","GOBP_CELLULAR_ALDEHYDE_METABOLIC_PROCESS","1/219","46/11404",0.590880628675585,0.691986869582297,0.528268014689611,"IDH2",1
"GOBP_NEGATIVE_REGULATION_OF_CELL_SUBSTRATE_ADHESION","GOBP_NEGATIVE_REGULATION_OF_CELL_SUBSTRATE_ADHESION","1/219","46/11404",0.590880628675585,0.691986869582297,0.528268014689611,"COL1A1",1
"GOBP_NEUROBLAST_PROLIFERATION","GOBP_NEUROBLAST_PROLIFERATION","1/219","46/11404",0.590880628675585,0.691986869582297,0.528268014689611,"DRD2",1
"GOBP_REGULATION_OF_EPIDERMIS_DEVELOPMENT","GOBP_REGULATION_OF_EPIDERMIS_DEVELOPMENT","1/219","46/11404",0.590880628675585,0.691986869582297,0.528268014689611,"HES1",1
"GOBP_REGULATION_OF_MULTICELLULAR_ORGANISM_GROWTH","GOBP_REGULATION_OF_MULTICELLULAR_ORGANISM_GROWTH","1/219","46/11404",0.590880628675585,0.691986869582297,0.528268014689611,"DRD2",1
"GOBP_SPINDLE_LOCALIZATION","GOBP_SPINDLE_LOCALIZATION","1/219","46/11404",0.590880628675585,0.691986869582297,0.528268014689611,"SPIRE2",1
"GOBP_VIRAL_TRANSCRIPTION","GOBP_VIRAL_TRANSCRIPTION","1/219","46/11404",0.590880628675585,0.691986869582297,0.528268014689611,"MID2",1
"GOBP_EPITHELIAL_TUBE_FORMATION","GOBP_EPITHELIAL_TUBE_FORMATION","2/219","103/11404",0.591800743889441,0.692756534939439,0.528855583049742,"WNT5A/TGFB1",2
"GOBP_REGULATION_OF_GTPASE_ACTIVITY","GOBP_REGULATION_OF_GTPASE_ACTIVITY","5/219","270/11404",0.595670796568779,0.696977153178833,0.532077634964446,"WNT5A/SIPA1L2/PLXNB3/ASAP3/ARHGAP44",5
"GOBP_LIPID_MODIFICATION","GOBP_LIPID_MODIFICATION","3/219","160/11404",0.596794976811758,0.697982584952944,0.532845189192081,"PPARA/INPP5F/CYP1A1",3
"GOBP_NEGATIVE_REGULATION_OF_NEURON_DIFFERENTIATION","GOBP_NEGATIVE_REGULATION_OF_NEURON_DIFFERENTIATION","1/219","47/11404",0.598769089876505,0.698740722685824,0.533423957276585,"HES1",1
"GOBP_POSITIVE_REGULATION_OF_DEPHOSPHORYLATION","GOBP_POSITIVE_REGULATION_OF_DEPHOSPHORYLATION","1/219","47/11404",0.598769089876505,0.698740722685824,0.533423957276585,"TGFB1",1
"GOBP_RELEASE_OF_CYTOCHROME_C_FROM_MITOCHONDRIA","GOBP_RELEASE_OF_CYTOCHROME_C_FROM_MITOCHONDRIA","1/219","47/11404",0.598769089876505,0.698740722685824,0.533423957276585,"BMF",1
"GOBP_RESPIRATORY_GASEOUS_EXCHANGE_BY_RESPIRATORY_SYSTEM","GOBP_RESPIRATORY_GASEOUS_EXCHANGE_BY_RESPIRATORY_SYSTEM","1/219","47/11404",0.598769089876505,0.698740722685824,0.533423957276585,"HOXA5",1
"GOBP_RESPONSE_TO_ESTROGEN","GOBP_RESPONSE_TO_ESTROGEN","1/219","47/11404",0.598769089876505,0.698740722685824,0.533423957276585,"MMP2",1
"GOBP_LIPID_CATABOLIC_PROCESS","GOBP_LIPID_CATABOLIC_PROCESS","4/219","216/11404",0.59904194506237,0.698749679167483,0.533430794722485,"FUCA1/PPARA/INPP5F/PLCD4",4
"GOBP_CELLULAR_LIPID_CATABOLIC_PROCESS","GOBP_CELLULAR_LIPID_CATABOLIC_PROCESS","3/219","161/11404",0.601032197548155,0.700451057292963,0.534729639663179,"FUCA1/PPARA/INPP5F",3
"GOBP_ORGANIC_HYDROXY_COMPOUND_BIOSYNTHETIC_PROCESS","GOBP_ORGANIC_HYDROXY_COMPOUND_BIOSYNTHETIC_PROCESS","3/219","161/11404",0.601032197548155,0.700451057292963,0.534729639663179,"MFSD12/WNT5A/TM7SF2",3
"GOBP_CYTOSOLIC_CALCIUM_ION_TRANSPORT","GOBP_CYTOSOLIC_CALCIUM_ION_TRANSPORT","2/219","105/11404",0.602309705744683,0.701629564384279,0.535629320898175,"DRD2/GRIN2A",2
"GOBP_MEMBRANE_LIPID_METABOLIC_PROCESS","GOBP_MEMBRANE_LIPID_METABOLIC_PROCESS","3/219","162/11404",0.60524028740236,0.703098835734835,0.536750973769807,"FUCA1/ALOXE3/CERS4",3
"GOBP_REGULATION_OF_ENDOCYTOSIS","GOBP_REGULATION_OF_ENDOCYTOSIS","3/219","162/11404",0.60524028740236,0.703098835734835,0.536750973769807,"WNT5A/DRD2/ARRB1",3
"GOBP_POSITIVE_REGULATION_OF_CELL_PROJECTION_ORGANIZATION","GOBP_POSITIVE_REGULATION_OF_CELL_PROJECTION_ORGANIZATION","5/219","273/11404",0.605500892109083,0.703098835734835,0.536750973769807,"WNT5A/CHODL/PLXNB3/MAPT/SERPINF1",5
"GOBP_EMBRYONIC_DIGIT_MORPHOGENESIS","GOBP_EMBRYONIC_DIGIT_MORPHOGENESIS","1/219","48/11404",0.606506130408076,0.703098835734835,0.536750973769807,"WNT5A",1
"GOBP_NEGATIVE_REGULATION_OF_SMALL_GTPASE_MEDIATED_SIGNAL_TRANSDUCTION","GOBP_NEGATIVE_REGULATION_OF_SMALL_GTPASE_MEDIATED_SIGNAL_TRANSDUCTION","1/219","48/11404",0.606506130408076,0.703098835734835,0.536750973769807,"ARHGAP44",1
"GOBP_NUCLEOSIDE_METABOLIC_PROCESS","GOBP_NUCLEOSIDE_METABOLIC_PROCESS","1/219","48/11404",0.606506130408076,0.703098835734835,0.536750973769807,"ADA",1
"GOBP_REGULATION_OF_LIPID_KINASE_ACTIVITY","GOBP_REGULATION_OF_LIPID_KINASE_ACTIVITY","1/219","48/11404",0.606506130408076,0.703098835734835,0.536750973769807,"TGFB1",1
"GOBP_REGULATION_OF_STEROID_BIOSYNTHETIC_PROCESS","GOBP_REGULATION_OF_STEROID_BIOSYNTHETIC_PROCESS","1/219","48/11404",0.606506130408076,0.703098835734835,0.536750973769807,"EGR1",1
"GOBP_STEROL_BIOSYNTHETIC_PROCESS","GOBP_STEROL_BIOSYNTHETIC_PROCESS","1/219","48/11404",0.606506130408076,0.703098835734835,0.536750973769807,"TM7SF2",1
"GOBP_TIGHT_JUNCTION_ORGANIZATION","GOBP_TIGHT_JUNCTION_ORGANIZATION","1/219","48/11404",0.606506130408076,0.703098835734835,0.536750973769807,"MICALL2",1
"GOBP_TISSUE_REGENERATION","GOBP_TISSUE_REGENERATION","1/219","48/11404",0.606506130408076,0.703098835734835,0.536750973769807,"GATA4",1
"GOBP_REGULATION_OF_CELLULAR_CARBOHYDRATE_METABOLIC_PROCESS","GOBP_REGULATION_OF_CELLULAR_CARBOHYDRATE_METABOLIC_PROCESS","2/219","106/11404",0.60748751778819,0.703617410712915,0.537146857833768,"PPARA/RORA",2
"GOBP_RHO_PROTEIN_SIGNAL_TRANSDUCTION","GOBP_RHO_PROTEIN_SIGNAL_TRANSDUCTION","2/219","106/11404",0.60748751778819,0.703617410712915,0.537146857833768,"ARRB1/ROPN1B",2
"GOBP_CALCIUM_ION_IMPORT","GOBP_CALCIUM_ION_IMPORT","1/219","49/11404",0.614094643743813,0.709710257133749,0.541798182915248,"HES1",1
"GOBP_CELLULAR_COMPONENT_MAINTENANCE","GOBP_CELLULAR_COMPONENT_MAINTENANCE","1/219","49/11404",0.614094643743813,0.709710257133749,0.541798182915248,"BSN",1
"GOBP_GLUCOSE_IMPORT","GOBP_GLUCOSE_IMPORT","1/219","49/11404",0.614094643743813,0.709710257133749,0.541798182915248,"RTN2",1
"GOBP_POSITIVE_REGULATION_OF_CELL_CYCLE_G1_S_PHASE_TRANSITION","GOBP_POSITIVE_REGULATION_OF_CELL_CYCLE_G1_S_PHASE_TRANSITION","1/219","49/11404",0.614094643743813,0.709710257133749,0.541798182915248,"CYP1A1",1
"GOBP_REGULATION_OF_DNA_TEMPLATED_TRANSCRIPTION_IN_RESPONSE_TO_STRESS","GOBP_REGULATION_OF_DNA_TEMPLATED_TRANSCRIPTION_IN_RESPONSE_TO_STRESS","1/219","49/11404",0.614094643743813,0.709710257133749,0.541798182915248,"EGR1",1
"GOBP_REGULATION_OF_PEPTIDASE_ACTIVITY","GOBP_REGULATION_OF_PEPTIDASE_ACTIVITY","5/219","276/11404",0.615194753346428,0.710358534210271,0.542293082543025,"SERPINB2/PTGS2/MAPT/GRIN2A/SERPINF1",5
"GOBP_SMALL_MOLECULE_CATABOLIC_PROCESS","GOBP_SMALL_MOLECULE_CATABOLIC_PROCESS","5/219","276/11404",0.615194753346428,0.710358534210271,0.542293082543025,"PPARA/ADA/HYKK/CYP1A1/ABAT",5
"GOBP_ERYTHROCYTE_HOMEOSTASIS","GOBP_ERYTHROCYTE_HOMEOSTASIS","2/219","108/11404",0.61768993160044,0.712303269044708,0.543777707837586,"HOXA5/MAPK11",2
"GOBP_NEGATIVE_REGULATION_OF_NEURON_APOPTOTIC_PROCESS","GOBP_NEGATIVE_REGULATION_OF_NEURON_APOPTOTIC_PROCESS","2/219","108/11404",0.61768993160044,0.712303269044708,0.543777707837586,"ERBB3/GRIK2",2
"GOBP_POSITIVE_REGULATION_OF_MITOTIC_CELL_CYCLE","GOBP_POSITIVE_REGULATION_OF_MITOTIC_CELL_CYCLE","2/219","108/11404",0.61768993160044,0.712303269044708,0.543777707837586,"HES1/CYP1A1",2
"GOBP_NEGATIVE_REGULATION_OF_TRANSFERASE_ACTIVITY","GOBP_NEGATIVE_REGULATION_OF_TRANSFERASE_ACTIVITY","4/219","222/11404",0.620673027096519,0.714239524209916,0.545255859688465,"ADARB1/PTPRJ/ZFYVE28/MAPT",4
"GOBP_CYTOPLASMIC_MICROTUBULE_ORGANIZATION","GOBP_CYTOPLASMIC_MICROTUBULE_ORGANIZATION","1/219","50/11404",0.621537468316257,0.714239524209916,0.545255859688465,"MAPT",1
"GOBP_MUSCLE_CELL_APOPTOTIC_PROCESS","GOBP_MUSCLE_CELL_APOPTOTIC_PROCESS","1/219","50/11404",0.621537468316257,0.714239524209916,0.545255859688465,"GATA4",1
"GOBP_POSITIVE_REGULATION_OF_CARBOHYDRATE_METABOLIC_PROCESS","GOBP_POSITIVE_REGULATION_OF_CARBOHYDRATE_METABOLIC_PROCESS","1/219","50/11404",0.621537468316257,0.714239524209916,0.545255859688465,"PPARA",1
"GOBP_REGULATION_OF_LIPASE_ACTIVITY","GOBP_REGULATION_OF_LIPASE_ACTIVITY","1/219","50/11404",0.621537468316257,0.714239524209916,0.545255859688465,"ANGPTL4",1
"GOBP_REGULATION_OF_PHAGOCYTOSIS","GOBP_REGULATION_OF_PHAGOCYTOSIS","1/219","50/11404",0.621537468316257,0.714239524209916,0.545255859688465,"PTPRJ",1
"GOBP_RESPONSE_TO_GAMMA_RADIATION","GOBP_RESPONSE_TO_GAMMA_RADIATION","1/219","50/11404",0.621537468316257,0.714239524209916,0.545255859688465,"EGR1",1
"GOBP_STRIATED_MUSCLE_CELL_PROLIFERATION","GOBP_STRIATED_MUSCLE_CELL_PROLIFERATION","1/219","50/11404",0.621537468316257,0.714239524209916,0.545255859688465,"MAPK11",1
"GOBP_VIRAL_GENOME_REPLICATION","GOBP_VIRAL_GENOME_REPLICATION","2/219","109/11404",0.622714637330248,0.715280326663123,0.546050416160282,"PPARA/ADARB1",2
"GOBP_PROTEIN_POLYMERIZATION","GOBP_PROTEIN_POLYMERIZATION","4/219","223/11404",0.62420681273112,0.716681896098693,0.547120384877501,"MAPRE3/MICALL2/MAPT/SPIRE2",4
"GOBP_MAINTENANCE_OF_CELL_NUMBER","GOBP_MAINTENANCE_OF_CELL_NUMBER","2/219","110/11404",0.627688439420779,0.719178176585754,0.549026064298562,"HES1/MMP24",2
"GOBP_REGULATION_OF_NUCLEAR_DIVISION","GOBP_REGULATION_OF_NUCLEAR_DIVISION","2/219","110/11404",0.627688439420779,0.719178176585754,0.549026064298562,"TGFA/WNT5A",2
"GOBP_CRANIAL_SKELETAL_SYSTEM_DEVELOPMENT","GOBP_CRANIAL_SKELETAL_SYSTEM_DEVELOPMENT","1/219","51/11404",0.628837388559232,0.719178176585754,0.549026064298562,"TFAP2A",1
"GOBP_INTRACELLULAR_PROTEIN_TRANSMEMBRANE_TRANSPORT","GOBP_INTRACELLULAR_PROTEIN_TRANSMEMBRANE_TRANSPORT","1/219","51/11404",0.628837388559232,0.719178176585754,0.549026064298562,"RTN2",1
"GOBP_LYMPHOCYTE_MIGRATION","GOBP_LYMPHOCYTE_MIGRATION","1/219","51/11404",0.628837388559232,0.719178176585754,0.549026064298562,"WNT5A",1
"GOBP_NEGATIVE_REGULATION_OF_RESPONSE_TO_CYTOKINE_STIMULUS","GOBP_NEGATIVE_REGULATION_OF_RESPONSE_TO_CYTOKINE_STIMULUS","1/219","51/11404",0.628837388559232,0.719178176585754,0.549026064298562,"IL6",1
"GOBP_PHOSPHATIDYLCHOLINE_METABOLIC_PROCESS","GOBP_PHOSPHATIDYLCHOLINE_METABOLIC_PROCESS","1/219","51/11404",0.628837388559232,0.719178176585754,0.549026064298562,"SLC44A2",1
"GOBP_REGULATION_OF_PROTEIN_DEACETYLATION","GOBP_REGULATION_OF_PROTEIN_DEACETYLATION","1/219","51/11404",0.628837388559232,0.719178176585754,0.549026064298562,"MAPT",1
"GOBP_RIBONUCLEOSIDE_MONOPHOSPHATE_METABOLIC_PROCESS","GOBP_RIBONUCLEOSIDE_MONOPHOSPHATE_METABOLIC_PROCESS","1/219","51/11404",0.628837388559232,0.719178176585754,0.549026064298562,"ADA",1
"GOBP_DEPHOSPHORYLATION","GOBP_DEPHOSPHORYLATION","6/219","337/11404",0.632139727867768,0.722327919744826,0.551430602070253,"DRD2/TGFB1/RCAN1/INPP5F/EYA1/PTPRJ",6
"GOBP_VIRAL_PROCESS","GOBP_VIRAL_PROCESS","6/219","337/11404",0.632139727867768,0.722327919744826,0.551430602070253,"HLA-DRB1/CD74/CIITA/PPARA/ADARB1/MID2",6
"GOBP_LIPOPROTEIN_METABOLIC_PROCESS","GOBP_LIPOPROTEIN_METABOLIC_PROCESS","2/219","111/11404",0.632611430627645,0.722553584613717,0.551602876339484,"PPARA/GOLGA7B",2
"GOBP_ESTABLISHMENT_OF_PROTEIN_LOCALIZATION_TO_MEMBRANE","GOBP_ESTABLISHMENT_OF_PROTEIN_LOCALIZATION_TO_MEMBRANE","4/219","226/11404",0.634683644582241,0.724606327328511,0.553169955667546,"GOLGA7B/SNAP25/ARHGAP44/RAB26",4
"GOBP_TETRAPYRROLE_METABOLIC_PROCESS","GOBP_TETRAPYRROLE_METABOLIC_PROCESS","1/219","52/11404",0.635997135930458,0.725791447889458,0.554074685675324,"CYP1A1",1
"GOBP_POSITIVE_REGULATION_OF_CYSTEINE_TYPE_ENDOPEPTIDASE_ACTIVITY","GOBP_POSITIVE_REGULATION_OF_CYSTEINE_TYPE_ENDOPEPTIDASE_ACTIVITY","2/219","112/11404",0.637483718865255,0.727172986670973,0.5551293628396,"MAPT/GRIN2A",2
"GOBP_APPENDAGE_MORPHOGENESIS","GOBP_APPENDAGE_MORPHOGENESIS","2/219","113/11404",0.642305426595779,0.73190327966554,0.558740504320722,"WNT5A/TFAP2A",2
"GOBP_ENDOSOME_TO_LYSOSOME_TRANSPORT","GOBP_ENDOSOME_TO_LYSOSOME_TRANSPORT","1/219","53/11404",0.643019389914886,0.73190327966554,0.558740504320722,"CACNG7",1
"GOBP_ODONTOGENESIS_OF_DENTIN_CONTAINING_TOOTH","GOBP_ODONTOGENESIS_OF_DENTIN_CONTAINING_TOOTH","1/219","53/11404",0.643019389914886,0.73190327966554,0.558740504320722,"PPARA",1
"GOBP_POLYSACCHARIDE_BIOSYNTHETIC_PROCESS","GOBP_POLYSACCHARIDE_BIOSYNTHETIC_PROCESS","1/219","53/11404",0.643019389914886,0.73190327966554,0.558740504320722,"TGFB1",1
"GOBP_REGULATION_OF_DENDRITE_MORPHOGENESIS","GOBP_REGULATION_OF_DENDRITE_MORPHOGENESIS","1/219","53/11404",0.643019389914886,0.73190327966554,0.558740504320722,"HECW1",1
"GOBP_POSITIVE_REGULATION_OF_INTRACELLULAR_TRANSPORT","GOBP_POSITIVE_REGULATION_OF_INTRACELLULAR_TRANSPORT","3/219","173/11404",0.649575594928611,0.737830401847924,0.56326531426401,"TGFB1/MICALL2/PTGS2",3
"GOBP_REGULATION_OF_CYSTEINE_TYPE_ENDOPEPTIDASE_ACTIVITY","GOBP_REGULATION_OF_CYSTEINE_TYPE_ENDOPEPTIDASE_ACTIVITY","3/219","173/11404",0.649575594928611,0.737830401847924,0.56326531426401,"PTGS2/MAPT/GRIN2A",3
"GOBP_MYELOID_CELL_DEVELOPMENT","GOBP_MYELOID_CELL_DEVELOPMENT","1/219","54/11404",0.64990677900912,0.737830401847924,0.56326531426401,"EVI2B",1
"GOBP_REGULATION_OF_GLUCOSE_TRANSMEMBRANE_TRANSPORT","GOBP_REGULATION_OF_GLUCOSE_TRANSMEMBRANE_TRANSPORT","1/219","54/11404",0.64990677900912,0.737830401847924,0.56326531426401,"RTN2",1
"GOBP_REGULATION_OF_MUSCLE_ADAPTATION","GOBP_REGULATION_OF_MUSCLE_ADAPTATION","1/219","54/11404",0.64990677900912,0.737830401847924,0.56326531426401,"PPARA",1
"GOBP_RESPONSE_TO_TYPE_I_INTERFERON","GOBP_RESPONSE_TO_TYPE_I_INTERFERON","1/219","54/11404",0.64990677900912,0.737830401847924,0.56326531426401,"WNT5A",1
"GOBP_PROTON_TRANSMEMBRANE_TRANSPORT","GOBP_PROTON_TRANSMEMBRANE_TRANSPORT","2/219","115/11404",0.651797659580307,0.739340005593676,0.564417757191457,"ATP6V0A4/SLC9A7",2
"GOBP_REGULATION_OF_PROTEIN_LOCALIZATION_TO_NUCLEUS","GOBP_REGULATION_OF_PROTEIN_LOCALIZATION_TO_NUCLEUS","2/219","115/11404",0.651797659580307,0.739340005593676,0.564417757191457,"TGFB1/PTGS2",2
"GOBP_ADAPTIVE_THERMOGENESIS","GOBP_ADAPTIVE_THERMOGENESIS","2/219","116/11404",0.656468497243234,0.742619767487535,0.566921552249547,"LAMA4/KSR2",2
"GOBP_REGULATION_OF_EXTRINSIC_APOPTOTIC_SIGNALING_PATHWAY","GOBP_REGULATION_OF_EXTRINSIC_APOPTOTIC_SIGNALING_PATHWAY","2/219","116/11404",0.656468497243234,0.742619767487535,0.566921552249547,"SCG2/EYA1",2
"GOBP_TUBE_FORMATION","GOBP_TUBE_FORMATION","2/219","116/11404",0.656468497243234,0.742619767487535,0.566921552249547,"WNT5A/TGFB1",2
"GOBP_CELL_ADHESION_MEDIATED_BY_INTEGRIN","GOBP_CELL_ADHESION_MEDIATED_BY_INTEGRIN","1/219","55/11404",0.65666188168727,0.742619767487535,0.566921552249547,"ADA",1
"GOBP_REGULATION_OF_CALCIUM_ION_TRANSMEMBRANE_TRANSPORTER_ACTIVITY","GOBP_REGULATION_OF_CALCIUM_ION_TRANSMEMBRANE_TRANSPORTER_ACTIVITY","1/219","55/11404",0.65666188168727,0.742619767487535,0.566921552249547,"DRD2",1
"GOBP_REGULATION_OF_OXIDATIVE_STRESS_INDUCED_CELL_DEATH","GOBP_REGULATION_OF_OXIDATIVE_STRESS_INDUCED_CELL_DEATH","1/219","55/11404",0.65666188168727,0.742619767487535,0.566921552249547,"GATA4",1
"GOBP_SOMITE_DEVELOPMENT","GOBP_SOMITE_DEVELOPMENT","1/219","55/11404",0.65666188168727,0.742619767487535,0.566921552249547,"WNT5A",1
"GOBP_ORGANIC_ACID_CATABOLIC_PROCESS","GOBP_ORGANIC_ACID_CATABOLIC_PROCESS","3/219","176/11404",0.661037666684955,0.746985639507835,0.570254492000189,"PPARA/HYKK/ABAT",3
"GOBP_PROTEIN_LOCALIZATION_TO_MITOCHONDRION","GOBP_PROTEIN_LOCALIZATION_TO_MITOCHONDRION","2/219","117/11404",0.661089378114714,0.746985639507835,0.570254492000189,"MICALL2/MAPT",2
"GOBP_NUCLEOSIDE_BISPHOSPHATE_BIOSYNTHETIC_PROCESS","GOBP_NUCLEOSIDE_BISPHOSPHATE_BIOSYNTHETIC_PROCESS","1/219","56/11404",0.663287227348604,0.748506143067911,0.571415255928404,"SLC26A2",1
"GOBP_REGULATION_OF_NUCLEOTIDE_METABOLIC_PROCESS","GOBP_REGULATION_OF_NUCLEOTIDE_METABOLIC_PROCESS","1/219","56/11404",0.663287227348604,0.748506143067911,0.571415255928404,"PPARA",1
"GOBP_SOMATIC_DIVERSIFICATION_OF_IMMUNOGLOBULINS","GOBP_SOMATIC_DIVERSIFICATION_OF_IMMUNOGLOBULINS","1/219","56/11404",0.663287227348604,0.748506143067911,0.571415255928404,"TGFB1",1
"GOBP_PHOSPHATIDYLINOSITOL_BIOSYNTHETIC_PROCESS","GOBP_PHOSPHATIDYLINOSITOL_BIOSYNTHETIC_PROCESS","2/219","118/11404",0.665660488834044,0.750862751745593,0.573214308832849,"INPP5F/PITPNM3",2
"GOBP_REGULATION_OF_RESPONSE_TO_DNA_DAMAGE_STIMULUS","GOBP_REGULATION_OF_RESPONSE_TO_DNA_DAMAGE_STIMULUS","4/219","236/11404",0.668232642217442,0.753441597023089,0.575183018839957,"CD74/EYA1/MAPT/SPIRE2",4
"GOBP_AMINO_ACID_TRANSMEMBRANE_TRANSPORT","GOBP_AMINO_ACID_TRANSMEMBRANE_TRANSPORT","1/219","57/11404",0.669785297247323,0.75486922936129,0.576272884174343,"MFSD12",1
"GOBP_MEMBRANE_LIPID_BIOSYNTHETIC_PROCESS","GOBP_MEMBRANE_LIPID_BIOSYNTHETIC_PROCESS","2/219","120/11404",0.674654202066039,0.760031561540835,0.580213847639883,"ALOXE3/CERS4",2
"GOBP_AXIS_SPECIFICATION","GOBP_AXIS_SPECIFICATION","1/219","58/11404",0.676158525404795,0.760425827759981,0.580514833456236,"WNT5A",1
"GOBP_GOLGI_TO_PLASMA_MEMBRANE_TRANSPORT","GOBP_GOLGI_TO_PLASMA_MEMBRANE_TRANSPORT","1/219","58/11404",0.676158525404795,0.760425827759981,0.580514833456236,"RAB26",1
"GOBP_MYOBLAST_DIFFERENTIATION","GOBP_MYOBLAST_DIFFERENTIATION","1/219","58/11404",0.676158525404795,0.760425827759981,0.580514833456236,"TGFB1",1
"GOBP_REGULATION_OF_POTASSIUM_ION_TRANSPORT","GOBP_REGULATION_OF_POTASSIUM_ION_TRANSPORT","1/219","58/11404",0.676158525404795,0.760425827759981,0.580514833456236,"DRD2",1
"GOBP_REGULATION_OF_SMALL_GTPASE_MEDIATED_SIGNAL_TRANSDUCTION","GOBP_REGULATION_OF_SMALL_GTPASE_MEDIATED_SIGNAL_TRANSDUCTION","4/219","239/11404",0.677878794660049,0.762035249116565,0.581743477903428,"SIPA1L2/PLEKHG4/ARHGAP44/ARRB1",4
"GOBP_AMYLOID_PRECURSOR_PROTEIN_METABOLIC_PROCESS","GOBP_AMYLOID_PRECURSOR_PROTEIN_METABOLIC_PROCESS","1/219","59/11404",0.682409299504597,0.765821339094809,0.584633807654122,"RTN2",1
"GOBP_DEMETHYLATION","GOBP_DEMETHYLATION","1/219","59/11404",0.682409299504597,0.765821339094809,0.584633807654122,"CYP1A1",1
"GOBP_LAMELLIPODIUM_ASSEMBLY","GOBP_LAMELLIPODIUM_ASSEMBLY","1/219","59/11404",0.682409299504597,0.765821339094809,0.584633807654122,"PLXNB3",1
"GOBP_POSITIVE_REGULATION_OF_NEURON_DIFFERENTIATION","GOBP_POSITIVE_REGULATION_OF_NEURON_DIFFERENTIATION","1/219","59/11404",0.682409299504597,0.765821339094809,0.584633807654122,"HMG20B",1
"GOBP_ESTABLISHMENT_OR_MAINTENANCE_OF_CELL_POLARITY","GOBP_ESTABLISHMENT_OR_MAINTENANCE_OF_CELL_POLARITY","3/219","182/11404",0.683146771303061,0.766322580835916,0.585016459393762,"WNT5A/HES1/WNT7B",3
"GOBP_NEGATIVE_REGULATION_OF_DNA_BINDING_TRANSCRIPTION_FACTOR_ACTIVITY","GOBP_NEGATIVE_REGULATION_OF_DNA_BINDING_TRANSCRIPTION_FACTOR_ACTIVITY","2/219","122/11404",0.683451345979401,0.766337998576903,0.585028229413946,"HES1/ARRB1",2
"GOBP_PEPTIDYL_LYSINE_MODIFICATION","GOBP_PEPTIDYL_LYSINE_MODIFICATION","6/219","357/11404",0.686800895235514,0.7681214222124,0.586389708518085,"EGR1/HMG20B/EYA1/TRPM4/EGR2/ARRB1",6
"GOBP_ESTABLISHMENT_OF_CELL_POLARITY","GOBP_ESTABLISHMENT_OF_CELL_POLARITY","2/219","123/11404",0.687776781787888,0.7681214222124,0.586389708518085,"WNT5A/HES1",2
"GOBP_MEMBRANE_FUSION","GOBP_MEMBRANE_FUSION","2/219","123/11404",0.687776781787888,0.7681214222124,0.586389708518085,"SNAP25/ROPN1B",2
"GOBP_POSITIVE_REGULATION_OF_RESPONSE_TO_DNA_DAMAGE_STIMULUS","GOBP_POSITIVE_REGULATION_OF_RESPONSE_TO_DNA_DAMAGE_STIMULUS","2/219","123/11404",0.687776781787888,0.7681214222124,0.586389708518085,"EYA1/SPIRE2",2
"GOBP_SULFUR_COMPOUND_BIOSYNTHETIC_PROCESS","GOBP_SULFUR_COMPOUND_BIOSYNTHETIC_PROCESS","2/219","123/11404",0.687776781787888,0.7681214222124,0.586389708518085,"SLC26A2/CHST1",2
"GOBP_ALPHA_AMINO_ACID_CATABOLIC_PROCESS","GOBP_ALPHA_AMINO_ACID_CATABOLIC_PROCESS","1/219","60/11404",0.68853996177066,0.7681214222124,0.586389708518085,"HYKK",1
"GOBP_BODY_FLUID_SECRETION","GOBP_BODY_FLUID_SECRETION","1/219","60/11404",0.68853996177066,0.7681214222124,0.586389708518085,"ADA",1
"GOBP_NEGATIVE_REGULATION_OF_CYSTEINE_TYPE_ENDOPEPTIDASE_ACTIVITY","GOBP_NEGATIVE_REGULATION_OF_CYSTEINE_TYPE_ENDOPEPTIDASE_ACTIVITY","1/219","60/11404",0.68853996177066,0.7681214222124,0.586389708518085,"PTGS2",1
"GOBP_NEGATIVE_REGULATION_OF_NF_KAPPAB_TRANSCRIPTION_FACTOR_ACTIVITY","GOBP_NEGATIVE_REGULATION_OF_NF_KAPPAB_TRANSCRIPTION_FACTOR_ACTIVITY","1/219","60/11404",0.68853996177066,0.7681214222124,0.586389708518085,"ARRB1",1
"GOBP_POSITIVE_REGULATION_OF_DNA_RECOMBINATION","GOBP_POSITIVE_REGULATION_OF_DNA_RECOMBINATION","1/219","60/11404",0.68853996177066,0.7681214222124,0.586389708518085,"TGFB1",1
"GOBP_REGULATION_OF_CELL_SUBSTRATE_JUNCTION_ORGANIZATION","GOBP_REGULATION_OF_CELL_SUBSTRATE_JUNCTION_ORGANIZATION","1/219","60/11404",0.68853996177066,0.7681214222124,0.586389708518085,"PTPRJ",1
"GOBP_RESPONSE_TO_OSMOTIC_STRESS","GOBP_RESPONSE_TO_OSMOTIC_STRESS","1/219","60/11404",0.68853996177066,0.7681214222124,0.586389708518085,"PTGS2",1
"GOBP_CELLULAR_RESPONSE_TO_EXTERNAL_STIMULUS","GOBP_CELLULAR_RESPONSE_TO_EXTERNAL_STIMULUS","4/219","244/11404",0.693521791676726,0.77286598559926,0.590011744124712,"COL1A1/PPARA/PTGS2/FOS",4
"GOBP_CARBOHYDRATE_DERIVATIVE_TRANSPORT","GOBP_CARBOHYDRATE_DERIVATIVE_TRANSPORT","1/219","61/11404",0.694552809828861,0.77286598559926,0.590011744124712,"SLC37A1",1
"GOBP_CELLULAR_AMINO_ACID_BIOSYNTHETIC_PROCESS","GOBP_CELLULAR_AMINO_ACID_BIOSYNTHETIC_PROCESS","1/219","61/11404",0.694552809828861,0.77286598559926,0.590011744124712,"ABAT",1
"GOBP_CELLULAR_RESPONSE_TO_ALCOHOL","GOBP_CELLULAR_RESPONSE_TO_ALCOHOL","1/219","61/11404",0.694552809828861,0.77286598559926,0.590011744124712,"KLF9",1
"GOBP_NEGATIVE_REGULATION_OF_TRANSFORMING_GROWTH_FACTOR_BETA_RECEPTOR_SIGNALING_PATHWAY","GOBP_NEGATIVE_REGULATION_OF_TRANSFORMING_GROWTH_FACTOR_BETA_RECEPTOR_SIGNALING_PATHWAY","1/219","61/11404",0.694552809828861,0.77286598559926,0.590011744124712,"PPARA",1
"GOBP_REGULATION_OF_MITOCHONDRIAL_MEMBRANE_POTENTIAL","GOBP_REGULATION_OF_MITOCHONDRIAL_MEMBRANE_POTENTIAL","1/219","61/11404",0.694552809828861,0.77286598559926,0.590011744124712,"MAPT",1
"GOBP_SPHINGOLIPID_METABOLIC_PROCESS","GOBP_SPHINGOLIPID_METABOLIC_PROCESS","2/219","125/11404",0.696282615240915,0.774463778454964,0.591231511286302,"ALOXE3/CERS4",2
"GOBP_ACTIVATION_OF_CYSTEINE_TYPE_ENDOPEPTIDASE_ACTIVITY_INVOLVED_IN_APOPTOTIC_PROCESS","GOBP_ACTIVATION_OF_CYSTEINE_TYPE_ENDOPEPTIDASE_ACTIVITY_INVOLVED_IN_APOPTOTIC_PROCESS","1/219","62/11404",0.700450097552345,0.776147967093089,0.592517233642222,"MAPT",1
"GOBP_MONOSACCHARIDE_BIOSYNTHETIC_PROCESS","GOBP_MONOSACCHARIDE_BIOSYNTHETIC_PROCESS","1/219","62/11404",0.700450097552345,0.776147967093089,0.592517233642222,"PPARA",1
"GOBP_POSITIVE_REGULATION_OF_DOUBLE_STRAND_BREAK_REPAIR","GOBP_POSITIVE_REGULATION_OF_DOUBLE_STRAND_BREAK_REPAIR","1/219","62/11404",0.700450097552345,0.776147967093089,0.592517233642222,"SPIRE2",1
"GOBP_POSITIVE_REGULATION_OF_MITOCHONDRION_ORGANIZATION","GOBP_POSITIVE_REGULATION_OF_MITOCHONDRION_ORGANIZATION","1/219","62/11404",0.700450097552345,0.776147967093089,0.592517233642222,"BMF",1
"GOBP_PROTEIN_LOCALIZATION_TO_VACUOLE","GOBP_PROTEIN_LOCALIZATION_TO_VACUOLE","1/219","62/11404",0.700450097552345,0.776147967093089,0.592517233642222,"CACNG7",1
"GOBP_PROTEIN_TRANSMEMBRANE_TRANSPORT","GOBP_PROTEIN_TRANSMEMBRANE_TRANSPORT","1/219","62/11404",0.700450097552345,0.776147967093089,0.592517233642222,"RTN2",1
"GOBP_SKIN_EPIDERMIS_DEVELOPMENT","GOBP_SKIN_EPIDERMIS_DEVELOPMENT","1/219","62/11404",0.700450097552345,0.776147967093089,0.592517233642222,"WNT5A",1
"GOBP_NEGATIVE_REGULATION_OF_BINDING","GOBP_NEGATIVE_REGULATION_OF_BINDING","2/219","126/11404",0.70046353171836,0.776147967093089,0.592517233642222,"DACT1/PPARA",2
"GOBP_REGULATION_OF_MITOCHONDRION_ORGANIZATION","GOBP_REGULATION_OF_MITOCHONDRION_ORGANIZATION","2/219","126/11404",0.70046353171836,0.776147967093089,0.592517233642222,"BMF/MAPT",2
"GOBP_GLYCEROPHOSPHOLIPID_BIOSYNTHETIC_PROCESS","GOBP_GLYCEROPHOSPHOLIPID_BIOSYNTHETIC_PROCESS","3/219","187/11404",0.70074232019524,0.776147967093089,0.592517233642222,"INPP5F/SLC44A2/PITPNM3",3
"GOBP_REGULATION_OF_AUTOPHAGY","GOBP_REGULATION_OF_AUTOPHAGY","5/219","305/11404",0.701413266627216,0.776564688051561,0.592835361576564,"BMF/GATA4/MID2/MAPT/DAPK2",5
"GOBP_NEGATIVE_REGULATION_OF_SMALL_MOLECULE_METABOLIC_PROCESS","GOBP_NEGATIVE_REGULATION_OF_SMALL_MOLECULE_METABOLIC_PROCESS","1/219","63/11404",0.706234035890912,0.781573576048952,0.596659184591849,"PPARA",1
"GOBP_GLYCEROPHOSPHOLIPID_METABOLIC_PROCESS","GOBP_GLYCEROPHOSPHOLIPID_METABOLIC_PROCESS","4/219","249/11404",0.708620687447808,0.783625247762643,0.598225446309562,"INPP5F/SLC44A2/PITPNM3/PLCD4",4
"GOBP_NEGATIVE_REGULATION_OF_MAPK_CASCADE","GOBP_NEGATIVE_REGULATION_OF_MAPK_CASCADE","2/219","128/11404",0.708682719323862,0.783625247762643,0.598225446309562,"DACT1/PTPRJ",2
"GOBP_POSITIVE_REGULATION_OF_COLD_INDUCED_THERMOGENESIS","GOBP_POSITIVE_REGULATION_OF_COLD_INDUCED_THERMOGENESIS","1/219","64/11404",0.711906793684748,0.786860067684275,0.600694932325836,"KSR2",1
"GOBP_ACTIN_FILAMENT_POLYMERIZATION","GOBP_ACTIN_FILAMENT_POLYMERIZATION","2/219","130/11404",0.71671360310831,0.791508945595304,0.60424392091586,"MICALL2/SPIRE2",2
"GOBP_RESPONSE_TO_IONIZING_RADIATION","GOBP_RESPONSE_TO_IONIZING_RADIATION","2/219","130/11404",0.71671360310831,0.791508945595304,0.60424392091586,"EGR1/EYA1",2
"GOBP_ADP_METABOLIC_PROCESS","GOBP_ADP_METABOLIC_PROCESS","1/219","65/11404",0.717470498462794,0.791681224225068,0.604375439725998,"PPARA",1
"GOBP_REGULATION_OF_PHOSPHATIDYLINOSITOL_3_KINASE_SIGNALING","GOBP_REGULATION_OF_PHOSPHATIDYLINOSITOL_3_KINASE_SIGNALING","1/219","65/11404",0.717470498462794,0.791681224225068,0.604375439725998,"ERBB3",1
"GOBP_POSITIVE_REGULATION_OF_GTPASE_ACTIVITY","GOBP_POSITIVE_REGULATION_OF_GTPASE_ACTIVITY","3/219","193/11404",0.720870185771173,0.79509959795188,0.606985052106678,"WNT5A/SIPA1L2/ASAP3",3
"GOBP_CHAPERONE_MEDIATED_PROTEIN_FOLDING","GOBP_CHAPERONE_MEDIATED_PROTEIN_FOLDING","1/219","66/11404",0.722927237226058,0.796035633134418,0.607699628450963,"CD74",1
"GOBP_NUCLEOSIDE_MONOPHOSPHATE_METABOLIC_PROCESS","GOBP_NUCLEOSIDE_MONOPHOSPHATE_METABOLIC_PROCESS","1/219","66/11404",0.722927237226058,0.796035633134418,0.607699628450963,"ADA",1
"GOBP_REGULATION_OF_ATP_METABOLIC_PROCESS","GOBP_REGULATION_OF_ATP_METABOLIC_PROCESS","1/219","66/11404",0.722927237226058,0.796035633134418,0.607699628450963,"PPARA",1
"GOBP_REGULATION_OF_PEPTIDYL_LYSINE_ACETYLATION","GOBP_REGULATION_OF_PEPTIDYL_LYSINE_ACETYLATION","1/219","66/11404",0.722927237226058,0.796035633134418,0.607699628450963,"ARRB1",1
"GOBP_CELLULAR_RESPONSE_TO_EXTRACELLULAR_STIMULUS","GOBP_CELLULAR_RESPONSE_TO_EXTRACELLULAR_STIMULUS","3/219","194/11404",0.724121078470977,0.796684359820887,0.608194871314377,"COL1A1/PPARA/FOS",3
"GOBP_RESPONSE_TO_INSULIN","GOBP_RESPONSE_TO_INSULIN","3/219","194/11404",0.724121078470977,0.796684359820887,0.608194871314377,"EGR1/PPARA/EGR2",3
"GOBP_CELLULAR_RESPONSE_TO_IONIZING_RADIATION","GOBP_CELLULAR_RESPONSE_TO_IONIZING_RADIATION","1/219","67/11404",0.728279057216135,0.799589714901882,0.610412841377208,"EGR1",1
"GOBP_FATTY_ACID_BETA_OXIDATION","GOBP_FATTY_ACID_BETA_OXIDATION","1/219","67/11404",0.728279057216135,0.799589714901882,0.610412841377208,"PPARA",1
"GOBP_HISTONE_H4_ACETYLATION","GOBP_HISTONE_H4_ACETYLATION","1/219","67/11404",0.728279057216135,0.799589714901882,0.610412841377208,"ARRB1",1
"GOBP_REGULATION_OF_RHO_PROTEIN_SIGNAL_TRANSDUCTION","GOBP_REGULATION_OF_RHO_PROTEIN_SIGNAL_TRANSDUCTION","1/219","67/11404",0.728279057216135,0.799589714901882,0.610412841377208,"ARRB1",1
"GOBP_SOMATIC_DIVERSIFICATION_OF_IMMUNE_RECEPTORS","GOBP_SOMATIC_DIVERSIFICATION_OF_IMMUNE_RECEPTORS","1/219","67/11404",0.728279057216135,0.799589714901882,0.610412841377208,"TGFB1",1
"GOBP_CARBOHYDRATE_METABOLIC_PROCESS","GOBP_CARBOHYDRATE_METABOLIC_PROCESS","7/219","433/11404",0.731145072295511,0.802402026446761,0.612559781300213,"FUCA1/TGFB1/PPARA/RORA/CHST1/COQ2/IDH2",7
"GOBP_DNA_DAMAGE_RESPONSE_SIGNAL_TRANSDUCTION_BY_P53_CLASS_MEDIATOR","GOBP_DNA_DAMAGE_RESPONSE_SIGNAL_TRANSDUCTION_BY_P53_CLASS_MEDIATOR","1/219","68/11404",0.733527966669224,0.803678250383952,0.613534060315083,"CD74",1
"GOBP_NEGATIVE_REGULATION_OF_CELL_CYCLE_G1_S_PHASE_TRANSITION","GOBP_NEGATIVE_REGULATION_OF_CELL_CYCLE_G1_S_PHASE_TRANSITION","1/219","68/11404",0.733527966669224,0.803678250383952,0.613534060315083,"DACT1",1
"GOBP_REGULATION_OF_MONONUCLEAR_CELL_MIGRATION","GOBP_REGULATION_OF_MONONUCLEAR_CELL_MIGRATION","1/219","68/11404",0.733527966669224,0.803678250383952,0.613534060315083,"WNT5A",1
"GOBP_REGULATION_OF_PROTEIN_TARGETING","GOBP_REGULATION_OF_PROTEIN_TARGETING","1/219","68/11404",0.733527966669224,0.803678250383952,0.613534060315083,"MICALL2",1
"GOBP_NEGATIVE_REGULATION_OF_CATABOLIC_PROCESS","GOBP_NEGATIVE_REGULATION_OF_CATABOLIC_PROCESS","4/219","260/11404",0.739926465991668,0.810015055208993,0.618371625089138,"BMF/PPARA/GATA4/GRIN2A",4
"GOBP_VESICLE_ORGANIZATION","GOBP_VESICLE_ORGANIZATION","4/219","260/11404",0.739926465991668,0.810015055208993,0.618371625089138,"SNAP25/ALS2CL/PTPRN/SYP",4
"GOBP_POSITIVE_REGULATION_OF_PROTEIN_CATABOLIC_PROCESS","GOBP_POSITIVE_REGULATION_OF_PROTEIN_CATABOLIC_PROCESS","3/219","200/11404",0.743011730105385,0.813054779413492,0.620692173558048,"DACT1/WNT5A/HECW1",3
"GOBP_CELLULAR_RESPONSE_TO_HYDROGEN_PEROXIDE","GOBP_CELLULAR_RESPONSE_TO_HYDROGEN_PEROXIDE","1/219","70/11404",0.743724896306966,0.813159793265085,0.620772341927326,"IL6",1
"GOBP_NUCLEOTIDE_PHOSPHORYLATION","GOBP_NUCLEOTIDE_PHOSPHORYLATION","1/219","70/11404",0.743724896306966,0.813159793265085,0.620772341927326,"PPARA",1
"GOBP_GAMETE_GENERATION","GOBP_GAMETE_GENERATION","7/219","440/11404",0.746187098615199,0.815513481895915,0.622569165645897,"MMP2/PLAT/IFT27/PTGS2/SPIRE2/ROPN1/ROPN1B",7
"GOBP_REGULATION_OF_MICROTUBULE_CYTOSKELETON_ORGANIZATION","GOBP_REGULATION_OF_MICROTUBULE_CYTOSKELETON_ORGANIZATION","2/219","138/11404",0.747002609194793,0.816066283262139,0.622991178393668,"MAPRE3/MAPT",2
"GOBP_CELLULAR_SENESCENCE","GOBP_CELLULAR_SENESCENCE","1/219","71/11404",0.748676744525492,0.81654106863604,0.623353633142304,"MAPK11",1
"GOBP_NEGATIVE_REGULATION_OF_CELLULAR_RESPONSE_TO_GROWTH_FACTOR_STIMULUS","GOBP_NEGATIVE_REGULATION_OF_CELLULAR_RESPONSE_TO_GROWTH_FACTOR_STIMULUS","1/219","71/11404",0.748676744525492,0.81654106863604,0.623353633142304,"WNT5A",1
"GOBP_OLIGODENDROCYTE_DIFFERENTIATION","GOBP_OLIGODENDROCYTE_DIFFERENTIATION","1/219","71/11404",0.748676744525492,0.81654106863604,0.623353633142304,"HES1",1
"GOBP_REGULATION_OF_SMOOTHENED_SIGNALING_PATHWAY","GOBP_REGULATION_OF_SMOOTHENED_SIGNALING_PATHWAY","1/219","71/11404",0.748676744525492,0.81654106863604,0.623353633142304,"RORA",1
"GOBP_CELL_CYCLE_G1_S_PHASE_TRANSITION","GOBP_CELL_CYCLE_G1_S_PHASE_TRANSITION","3/219","202/11404",0.749076869223282,0.816639449897951,0.623428738142408,"DACT1/CYP1A1/CDK15",3
"GOBP_DICARBOXYLIC_ACID_METABOLIC_PROCESS","GOBP_DICARBOXYLIC_ACID_METABOLIC_PROCESS","1/219","72/11404",0.753533339685548,0.820788968213987,0.626596511837383,"IDH2",1
"GOBP_INTRINSIC_APOPTOTIC_SIGNALING_PATHWAY_BY_P53_CLASS_MEDIATOR","GOBP_INTRINSIC_APOPTOTIC_SIGNALING_PATHWAY_BY_P53_CLASS_MEDIATOR","1/219","72/11404",0.753533339685548,0.820788968213987,0.626596511837383,"CD74",1
"GOBP_MEIOTIC_CELL_CYCLE_PROCESS","GOBP_MEIOTIC_CELL_CYCLE_PROCESS","2/219","140/11404",0.754129067190156,0.820788968213987,0.626596511837383,"WNT5A/SPIRE2",2
"GOBP_REGULATION_OF_CELL_CYCLE_G1_S_PHASE_TRANSITION","GOBP_REGULATION_OF_CELL_CYCLE_G1_S_PHASE_TRANSITION","2/219","140/11404",0.754129067190156,0.820788968213987,0.626596511837383,"DACT1/CYP1A1",2
"GOBP_POSITIVE_REGULATION_OF_CELLULAR_COMPONENT_BIOGENESIS","GOBP_POSITIVE_REGULATION_OF_CELLULAR_COMPONENT_BIOGENESIS","6/219","386/11404",0.756163232067573,0.82266313645667,0.628027266061598,"SLITRK6/TGFB1/BMF/CLSTN3/PTPRJ/MAPT",6
"GOBP_IMPORT_INTO_NUCLEUS","GOBP_IMPORT_INTO_NUCLEUS","2/219","141/11404",0.757627267326136,0.823623781050899,0.628760629417065,"TGFB1/PTGS2",2
"GOBP_FOCAL_ADHESION_ASSEMBLY","GOBP_FOCAL_ADHESION_ASSEMBLY","1/219","73/11404",0.75829650581764,0.823623781050899,0.628760629417065,"PTPRJ",1
"GOBP_POSITIVE_REGULATION_OF_PROTEIN_POLYMERIZATION","GOBP_POSITIVE_REGULATION_OF_PROTEIN_POLYMERIZATION","1/219","73/11404",0.75829650581764,0.823623781050899,0.628760629417065,"MAPT",1
"GOBP_REGULATION_OF_RESPONSE_TO_OXIDATIVE_STRESS","GOBP_REGULATION_OF_RESPONSE_TO_OXIDATIVE_STRESS","1/219","73/11404",0.75829650581764,0.823623781050899,0.628760629417065,"GATA4",1
"GOBP_CELL_DEATH_IN_RESPONSE_TO_OXIDATIVE_STRESS","GOBP_CELL_DEATH_IN_RESPONSE_TO_OXIDATIVE_STRESS","1/219","74/11404",0.762968032181239,0.828015142008881,0.632113027615689,"GATA4",1
"GOBP_REGULATION_OF_CYTOKINESIS","GOBP_REGULATION_OF_CYTOKINESIS","1/219","74/11404",0.762968032181239,0.828015142008881,0.632113027615689,"DRD2",1
"GOBP_ENDOSOMAL_TRANSPORT","GOBP_ENDOSOMAL_TRANSPORT","3/219","208/11404",0.766589893681332,0.831603281124047,0.634852240178989,"INPP5F/MICALL2/ARHGAP44",3
"GOBP_LAMELLIPODIUM_ORGANIZATION","GOBP_LAMELLIPODIUM_ORGANIZATION","1/219","75/11404",0.767549673924602,0.831618028865018,0.634863498716089,"PLXNB3",1
"GOBP_PYRUVATE_METABOLIC_PROCESS","GOBP_PYRUVATE_METABOLIC_PROCESS","1/219","75/11404",0.767549673924602,0.831618028865018,0.634863498716089,"PPARA",1
"GOBP_CELL_CELL_JUNCTION_ORGANIZATION","GOBP_CELL_CELL_JUNCTION_ORGANIZATION","2/219","144/11404",0.767865906728118,0.831618028865018,0.634863498716089,"TGFB1/MICALL2",2
"GOBP_ELECTRON_TRANSPORT_CHAIN","GOBP_ELECTRON_TRANSPORT_CHAIN","2/219","144/11404",0.767865906728118,0.831618028865018,0.634863498716089,"DHRS3/DHRS2",2
"GOBP_ORGANELLE_LOCALIZATION","GOBP_ORGANELLE_LOCALIZATION","7/219","452/11404",0.770583256880636,0.834218110879407,0.636848421008907,"CNIH2/PPFIA3/SNAP25/MAPT/SPIRE2/RAB3D/AP3B2",7
"GOBP_PHAGOCYTOSIS","GOBP_PHAGOCYTOSIS","2/219","145/11404",0.771194635285519,0.834537110462975,0.63709194770588,"PTPRJ/XKR4",2
"GOBP_REGULATION_OF_PROTEIN_ACETYLATION","GOBP_REGULATION_OF_PROTEIN_ACETYLATION","1/219","76/11404",0.772043152732133,0.834769678887636,0.637269492201847,"ARRB1",1
"GOBP_SEQUESTERING_OF_CALCIUM_ION","GOBP_SEQUESTERING_OF_CALCIUM_ION","1/219","76/11404",0.772043152732133,0.834769678887636,0.637269492201847,"DRD2",1
"GOBP_ORGANOPHOSPHATE_BIOSYNTHETIC_PROCESS","GOBP_ORGANOPHOSPHATE_BIOSYNTHETIC_PROCESS","7/219","453/11404",0.772537245178241,0.834961296572874,0.637415774593333,"SLC26A2/TGFB1/PPARA/INPP5F/SLC44A2/ADA/PITPNM3",7
"GOBP_CARBOHYDRATE_BIOSYNTHETIC_PROCESS","GOBP_CARBOHYDRATE_BIOSYNTHETIC_PROCESS","2/219","146/11404",0.774481878334272,0.836034309467762,0.638234920760169,"TGFB1/PPARA",2
"GOBP_NUCLEAR_EXPORT","GOBP_NUCLEAR_EXPORT","2/219","146/11404",0.774481878334272,0.836034309467762,0.638234920760169,"TGFB1/EGR2",2
"GOBP_REGULATION_OF_DNA_REPAIR","GOBP_REGULATION_OF_DNA_REPAIR","2/219","146/11404",0.774481878334272,0.836034309467762,0.638234920760169,"EYA1/SPIRE2",2
"GOBP_GLYCEROLIPID_BIOSYNTHETIC_PROCESS","GOBP_GLYCEROLIPID_BIOSYNTHETIC_PROCESS","3/219","211/11404",0.774968903860254,0.836217469972059,0.638374746875704,"INPP5F/SLC44A2/PITPNM3",3
"GOBP_ENDOSOME_ORGANIZATION","GOBP_ENDOSOME_ORGANIZATION","1/219","77/11404",0.776450157459504,0.836787797507482,0.638810139233715,"ALS2CL",1
"GOBP_INTEGRIN_MEDIATED_SIGNALING_PATHWAY","GOBP_INTEGRIN_MEDIATED_SIGNALING_PATHWAY","1/219","77/11404",0.776450157459504,0.836787797507482,0.638810139233715,"FYB1",1
"GOBP_REGULATION_OF_DENDRITE_DEVELOPMENT","GOBP_REGULATION_OF_DENDRITE_DEVELOPMENT","1/219","77/11404",0.776450157459504,0.836787797507482,0.638810139233715,"HECW1",1
"GOBP_GLUCOSE_METABOLIC_PROCESS","GOBP_GLUCOSE_METABOLIC_PROCESS","2/219","147/11404",0.777727992835645,0.837479877859389,0.639338478613519,"PPARA/RORA",2
"GOBP_POSITIVE_REGULATION_OF_PEPTIDASE_ACTIVITY","GOBP_POSITIVE_REGULATION_OF_PEPTIDASE_ACTIVITY","2/219","147/11404",0.777727992835645,0.837479877859389,0.639338478613519,"MAPT/GRIN2A",2
"GOBP_NEGATIVE_REGULATION_OF_RESPONSE_TO_DNA_DAMAGE_STIMULUS","GOBP_NEGATIVE_REGULATION_OF_RESPONSE_TO_DNA_DAMAGE_STIMULUS","1/219","78/11404",0.780772344756791,0.840071510181357,0.641316950347178,"CD74",1
"GOBP_RESPONSE_TO_LEUKEMIA_INHIBITORY_FACTOR","GOBP_RESPONSE_TO_LEUKEMIA_INHIBITORY_FACTOR","1/219","78/11404",0.780772344756791,0.840071510181357,0.641316950347178,"SYNGR1",1
"GOBP_POSITIVE_REGULATION_OF_TRANSPORTER_ACTIVITY","GOBP_POSITIVE_REGULATION_OF_TRANSPORTER_ACTIVITY","1/219","79/11404",0.785011339679823,0.843943239517068,0.644272657831666,"SHANK3",1
"GOBP_VITAMIN_METABOLIC_PROCESS","GOBP_VITAMIN_METABOLIC_PROCESS","1/219","79/11404",0.785011339679823,0.843943239517068,0.644272657831666,"CYP1A1",1
"GOBP_REGULATION_OF_RAS_PROTEIN_SIGNAL_TRANSDUCTION","GOBP_REGULATION_OF_RAS_PROTEIN_SIGNAL_TRANSDUCTION","2/219","150/11404",0.787223158184463,0.845975946907039,0.645824442041088,"ARHGAP44/ARRB1",2
"GOBP_REGULATION_OF_PROTEIN_CATABOLIC_PROCESS","GOBP_REGULATION_OF_PROTEIN_CATABOLIC_PROCESS","5/219","341/11404",0.788628124185936,0.847140280158965,0.646713302859795,"DACT1/WNT5A/GRIN2A/RAB26/HECW1",5
"GOBP_REGULATION_OF_ACTOMYOSIN_STRUCTURE_ORGANIZATION","GOBP_REGULATION_OF_ACTOMYOSIN_STRUCTURE_ORGANIZATION","1/219","80/11404",0.789168736289988,0.847375558322787,0.64689291599115,"ASAP3",1
"GOBP_LIPOSACCHARIDE_METABOLIC_PROCESS","GOBP_LIPOSACCHARIDE_METABOLIC_PROCESS","1/219","82/11404",0.797244959364738,0.855350353390099,0.652980934916001,"FUCA1",1
"GOBP_POSITIVE_REGULATION_OF_MITOTIC_CELL_CYCLE_PHASE_TRANSITION","GOBP_POSITIVE_REGULATION_OF_MITOTIC_CELL_CYCLE_PHASE_TRANSITION","1/219","82/11404",0.797244959364738,0.855350353390099,0.652980934916001,"CYP1A1",1
"GOBP_RAS_PROTEIN_SIGNAL_TRANSDUCTION","GOBP_RAS_PROTEIN_SIGNAL_TRANSDUCTION","4/219","284/11404",0.799321209766389,0.857228892036807,0.654415025539734,"KSR2/ARHGAP44/ARRB1/ROPN1B",4
"GOBP_ACTIN_POLYMERIZATION_OR_DEPOLYMERIZATION","GOBP_ACTIN_POLYMERIZATION_OR_DEPOLYMERIZATION","2/219","155/11404",0.802259572859499,0.860030095396575,0.656553485390134,"MICALL2/SPIRE2",2
"GOBP_SMALL_GTPASE_MEDIATED_SIGNAL_TRANSDUCTION","GOBP_SMALL_GTPASE_MEDIATED_SIGNAL_TRANSDUCTION","6/219","410/11404",0.804590644701461,0.862078425069497,0.658117195768624,"SIPA1L2/KSR2/PLEKHG4/ARHGAP44/ARRB1/ROPN1B",6
"GOBP_RIBONUCLEOSIDE_DIPHOSPHATE_METABOLIC_PROCESS","GOBP_RIBONUCLEOSIDE_DIPHOSPHATE_METABOLIC_PROCESS","1/219","84/11404",0.80501316866868,0.862078425069497,0.658117195768624,"PPARA",1
"GOBP_ACTOMYOSIN_STRUCTURE_ORGANIZATION","GOBP_ACTOMYOSIN_STRUCTURE_ORGANIZATION","2/219","156/11404",0.805151804211018,0.862078425069497,0.658117195768624,"ASAP3/ARRB1",2
"GOBP_MAINTENANCE_OF_LOCATION","GOBP_MAINTENANCE_OF_LOCATION","3/219","225/11404",0.810874689696354,0.867148866619275,0.661988009231773,"DRD2/PPARA/IL6",3
"GOBP_PHOSPHOLIPID_BIOSYNTHETIC_PROCESS","GOBP_PHOSPHOLIPID_BIOSYNTHETIC_PROCESS","3/219","225/11404",0.810874689696354,0.867148866619275,0.661988009231773,"INPP5F/SLC44A2/PITPNM3",3
"GOBP_REGULATION_OF_PROTEIN_MODIFICATION_BY_SMALL_PROTEIN_CONJUGATION_OR_REMOVAL","GOBP_REGULATION_OF_PROTEIN_MODIFICATION_BY_SMALL_PROTEIN_CONJUGATION_OR_REMOVAL","3/219","225/11404",0.810874689696354,0.867148866619275,0.661988009231773,"EGR1/HMG20B/ARRB1",3
"GOBP_APOPTOTIC_MITOCHONDRIAL_CHANGES","GOBP_APOPTOTIC_MITOCHONDRIAL_CHANGES","1/219","86/11404",0.812485059501882,0.868518511881322,0.663033606793251,"BMF",1
"GOBP_REGULATION_OF_PROTEIN_POLYMERIZATION","GOBP_REGULATION_OF_PROTEIN_POLYMERIZATION","2/219","159/11404",0.813604970293552,0.869362975151464,0.663678276446399,"MAPRE3/MAPT",2
"GOBP_POLYOL_METABOLIC_PROCESS","GOBP_POLYOL_METABOLIC_PROCESS","1/219","87/11404",0.816113418926611,0.871689849562878,0.665454629986881,"COQ2",1
"GOBP_CELL_SUBSTRATE_JUNCTION_ORGANIZATION","GOBP_CELL_SUBSTRATE_JUNCTION_ORGANIZATION","1/219","88/11404",0.819671885062077,0.874427294388086,0.667544416089337,"PTPRJ",1
"GOBP_LIPID_OXIDATION","GOBP_LIPID_OXIDATION","1/219","88/11404",0.819671885062077,0.874427294388086,0.667544416089337,"PPARA",1
"GOBP_LIPOPROTEIN_BIOSYNTHETIC_PROCESS","GOBP_LIPOPROTEIN_BIOSYNTHETIC_PROCESS","1/219","88/11404",0.819671885062077,0.874427294388086,0.667544416089337,"GOLGA7B",1
"GOBP_GLYCEROLIPID_METABOLIC_PROCESS","GOBP_GLYCEROLIPID_METABOLIC_PROCESS","4/219","295/11404",0.822659737943773,0.876730532854045,0.669302725770131,"INPP5F/SLC44A2/PITPNM3/PLCD4",4
"GOBP_INTRINSIC_APOPTOTIC_SIGNALING_PATHWAY_IN_RESPONSE_TO_DNA_DAMAGE","GOBP_INTRINSIC_APOPTOTIC_SIGNALING_PATHWAY_IN_RESPONSE_TO_DNA_DAMAGE","1/219","89/11404",0.823161798209073,0.876730532854045,0.669302725770131,"CD74",1
"GOBP_PHOSPHATIDYLINOSITOL_3_KINASE_SIGNALING","GOBP_PHOSPHATIDYLINOSITOL_3_KINASE_SIGNALING","1/219","89/11404",0.823161798209073,0.876730532854045,0.669302725770131,"ERBB3",1
"GOBP_SUBSTRATE_ADHESION_DEPENDENT_CELL_SPREADING","GOBP_SUBSTRATE_ADHESION_DEPENDENT_CELL_SPREADING","1/219","89/11404",0.823161798209073,0.876730532854045,0.669302725770131,"MICALL2",1
"GOBP_PROTEIN_ACYLATION","GOBP_PROTEIN_ACYLATION","3/219","231/11404",0.824724066135963,0.87803956132051,0.670302048010983,"GOLGA7B/MAPT/ARRB1",3
"GOBP_FATTY_ACID_CATABOLIC_PROCESS","GOBP_FATTY_ACID_CATABOLIC_PROCESS","1/219","90/11404",0.826584473082446,0.879010470396449,0.671043247349491,"PPARA",1
"GOBP_CELLULAR_PROCESS_INVOLVED_IN_REPRODUCTION_IN_MULTICELLULAR_ORGANISM","GOBP_CELLULAR_PROCESS_INVOLVED_IN_REPRODUCTION_IN_MULTICELLULAR_ORGANISM","3/219","232/11404",0.826946619361492,0.879010470396449,0.671043247349491,"SPIRE2/ROPN1/ROPN1B",3
"GOBP_REGULATION_OF_CELL_SUBSTRATE_ADHESION","GOBP_REGULATION_OF_CELL_SUBSTRATE_ADHESION","2/219","164/11404",0.826970381826488,0.879010470396449,0.671043247349491,"COL1A1/PTPRJ",2
"GOBP_VESICLE_LOCALIZATION","GOBP_VESICLE_LOCALIZATION","2/219","164/11404",0.826970381826488,0.879010470396449,0.671043247349491,"CNIH2/AP3B2",2
"GOBP_NEGATIVE_REGULATION_OF_PROTEIN_SERINE_THREONINE_KINASE_ACTIVITY","GOBP_NEGATIVE_REGULATION_OF_PROTEIN_SERINE_THREONINE_KINASE_ACTIVITY","1/219","91/11404",0.829941199297307,0.880747104369072,0.672369006870786,"PTPRJ",1
"GOBP_ORGANELLE_MEMBRANE_FUSION","GOBP_ORGANELLE_MEMBRANE_FUSION","1/219","91/11404",0.829941199297307,0.880747104369072,0.672369006870786,"SNAP25",1
"GOBP_POSITIVE_REGULATION_OF_CELL_SUBSTRATE_ADHESION","GOBP_POSITIVE_REGULATION_OF_CELL_SUBSTRATE_ADHESION","1/219","91/11404",0.829941199297307,0.880747104369072,0.672369006870786,"PTPRJ",1
"GOBP_REGULATION_OF_CALCIUM_ION_TRANSMEMBRANE_TRANSPORT","GOBP_REGULATION_OF_CALCIUM_ION_TRANSMEMBRANE_TRANSPORT","1/219","91/11404",0.829941199297307,0.880747104369072,0.672369006870786,"DRD2",1
"GOBP_REGULATION_OF_SUPRAMOLECULAR_FIBER_ORGANIZATION","GOBP_REGULATION_OF_SUPRAMOLECULAR_FIBER_ORGANIZATION","4/219","300/11404",0.832508508811682,0.883115910112231,0.67417737110735,"MAPRE3/ASAP3/MAPT/SHANK3",4
"GOBP_VIRAL_GENE_EXPRESSION","GOBP_VIRAL_GENE_EXPRESSION","1/219","92/11404",0.833233241846047,0.883529010971563,0.674492735430603,"MID2",1
"GOBP_NUCLEOSIDE_DIPHOSPHATE_METABOLIC_PROCESS","GOBP_NUCLEOSIDE_DIPHOSPHATE_METABOLIC_PROCESS","1/219","94/11404",0.839628215600178,0.88923647431932,0.678849856156685,"PPARA",1
"GOBP_POSITIVE_REGULATION_OF_HISTONE_MODIFICATION","GOBP_POSITIVE_REGULATION_OF_HISTONE_MODIFICATION","1/219","94/11404",0.839628215600178,0.88923647431932,0.678849856156685,"ARRB1",1
"GOBP_REGULATION_OF_MITOTIC_NUCLEAR_DIVISION","GOBP_REGULATION_OF_MITOTIC_NUCLEAR_DIVISION","1/219","94/11404",0.839628215600178,0.88923647431932,0.678849856156685,"TGFA",1
"GOBP_PHOSPHOLIPID_METABOLIC_PROCESS","GOBP_PHOSPHOLIPID_METABOLIC_PROCESS","4/219","304/11404",0.840057906802014,0.889334103826158,0.678924387261275,"INPP5F/SLC44A2/PITPNM3/PLCD4",4
"GOBP_CARBOHYDRATE_DERIVATIVE_BIOSYNTHETIC_PROCESS","GOBP_CARBOHYDRATE_DERIVATIVE_BIOSYNTHETIC_PROCESS","7/219","493/11404",0.841006359443264,0.889980625354619,0.679417946690373,"SLC26A2/POMGNT2/TGFB1/PPARA/GALNT10/CHST1/ADA",7
"GOBP_PROTEIN_TARGETING_TO_MITOCHONDRION","GOBP_PROTEIN_TARGETING_TO_MITOCHONDRION","1/219","95/11404",0.842733557844524,0.891092666500932,0.680266887319796,"MICALL2",1
"GOBP_REGULATION_OF_CELL_MATRIX_ADHESION","GOBP_REGULATION_OF_CELL_MATRIX_ADHESION","1/219","95/11404",0.842733557844524,0.891092666500932,0.680266887319796,"PTPRJ",1
"GOBP_NUCLEOBASE_CONTAINING_SMALL_MOLECULE_METABOLIC_PROCESS","GOBP_NUCLEOBASE_CONTAINING_SMALL_MOLECULE_METABOLIC_PROCESS","6/219","433/11404",0.843711233294302,0.891768591949653,0.680782893924213,"SLC26A2/TGFB1/PPARA/RORA/ADA/PDE8B",6
"GOBP_ORGANIC_ACID_TRANSMEMBRANE_TRANSPORT","GOBP_ORGANIC_ACID_TRANSMEMBRANE_TRANSPORT","1/219","96/11404",0.84577903939303,0.893354614976944,0.681993675909693,"MFSD12",1
"GOBP_REGULATION_OF_CELL_MORPHOGENESIS","GOBP_REGULATION_OF_CELL_MORPHOGENESIS","3/219","241/11404",0.845889853649896,0.893354614976944,0.681993675909693,"WNT5A/CACNG7/PLXNB3",3
"GOBP_POSITIVE_REGULATION_OF_ION_TRANSMEMBRANE_TRANSPORT","GOBP_POSITIVE_REGULATION_OF_ION_TRANSMEMBRANE_TRANSPORT","1/219","97/11404",0.848765808969695,0.895076774486941,0.683308385516646,"SHANK3",1
"GOBP_PROTEIN_DEPOLYMERIZATION","GOBP_PROTEIN_DEPOLYMERIZATION","1/219","97/11404",0.848765808969695,0.895076774486941,0.683308385516646,"NCKAP5",1
"GOBP_REGULATION_OF_SIGNAL_TRANSDUCTION_BY_P53_CLASS_MEDIATOR","GOBP_REGULATION_OF_SIGNAL_TRANSDUCTION_BY_P53_CLASS_MEDIATOR","1/219","97/11404",0.848765808969695,0.895076774486941,0.683308385516646,"CD74",1
"GOBP_GERM_CELL_DEVELOPMENT","GOBP_GERM_CELL_DEVELOPMENT","2/219","173/11404",0.848879263545679,0.895076774486941,0.683308385516646,"ROPN1/ROPN1B",2
"GOBP_POSITIVE_REGULATION_OF_CATABOLIC_PROCESS","GOBP_POSITIVE_REGULATION_OF_CATABOLIC_PROCESS","6/219","438/11404",0.851325149056523,0.896610590286986,0.684479312109629,"DACT1/WNT5A/PPARA/MID2/IL6/HECW1",6
"GOBP_CELL_CELL_JUNCTION_ASSEMBLY","GOBP_CELL_CELL_JUNCTION_ASSEMBLY","1/219","98/11404",0.851694993354203,0.896610590286986,0.684479312109629,"MICALL2",1
"GOBP_MONOCARBOXYLIC_ACID_CATABOLIC_PROCESS","GOBP_MONOCARBOXYLIC_ACID_CATABOLIC_PROCESS","1/219","98/11404",0.851694993354203,0.896610590286986,0.684479312109629,"PPARA",1
"GOBP_NUCLEOSIDE_BISPHOSPHATE_METABOLIC_PROCESS","GOBP_NUCLEOSIDE_BISPHOSPHATE_METABOLIC_PROCESS","1/219","98/11404",0.851694993354203,0.896610590286986,0.684479312109629,"SLC26A2",1
"GOBP_POST_GOLGI_VESICLE_MEDIATED_TRANSPORT","GOBP_POST_GOLGI_VESICLE_MEDIATED_TRANSPORT","1/219","100/11404",0.857385006439825,0.902240212447659,0.688777008284221,"RAB26",1
"GOBP_CILIUM_ORGANIZATION","GOBP_CILIUM_ORGANIZATION","4/219","315/11404",0.85936720645131,0.903343935592507,0.689619598888357,"IFT27/ROPN1/CCDC40/ROPN1B",4
"GOBP_PROTEIN_FOLDING","GOBP_PROTEIN_FOLDING","2/219","178/11404",0.85993592989162,0.903343935592507,0.689619598888357,"CD74/LTBP4",2
"GOBP_CELL_AGING","GOBP_CELL_AGING","1/219","101/11404",0.860147982695104,0.903343935592507,0.689619598888357,"MAPK11",1
"GOBP_POSITIVE_REGULATION_OF_CELL_CYCLE_PHASE_TRANSITION","GOBP_POSITIVE_REGULATION_OF_CELL_CYCLE_PHASE_TRANSITION","1/219","101/11404",0.860147982695104,0.903343935592507,0.689619598888357,"CYP1A1",1
"GOBP_REGULATION_OF_GENERATION_OF_PRECURSOR_METABOLITES_AND_ENERGY","GOBP_REGULATION_OF_GENERATION_OF_PRECURSOR_METABOLITES_AND_ENERGY","1/219","101/11404",0.860147982695104,0.903343935592507,0.689619598888357,"PPARA",1
"GOBP_MEIOTIC_CELL_CYCLE","GOBP_MEIOTIC_CELL_CYCLE","2/219","179/11404",0.862056922614395,0.904988044258538,0.690874723890169,"WNT5A/SPIRE2",2
"GOBP_IN_UTERO_EMBRYONIC_DEVELOPMENT","GOBP_IN_UTERO_EMBRYONIC_DEVELOPMENT","4/219","317/11404",0.86265740307462,0.90510746797773,0.690965892861457,"HES1/ADA/MFNG/WNT7B",4
"GOBP_STEROL_METABOLIC_PROCESS","GOBP_STEROL_METABOLIC_PROCESS","1/219","102/11404",0.862857669662261,0.90510746797773,0.690965892861457,"TM7SF2",1
"GOBP_METHYLATION","GOBP_METHYLATION","4/219","320/11404",0.867469934107621,0.909583476471779,0.694382911629909,"METTL7B/FOS/RAB3D/CYP1A1",4
"GOBP_ALCOHOL_BIOSYNTHETIC_PROCESS","GOBP_ALCOHOL_BIOSYNTHETIC_PROCESS","1/219","104/11404",0.868121248823656,0.909776107701939,0.694529967769262,"TM7SF2",1
"GOBP_INTRINSIC_APOPTOTIC_SIGNALING_PATHWAY","GOBP_INTRINSIC_APOPTOTIC_SIGNALING_PATHWAY","3/219","253/11404",0.868344178698435,0.909776107701939,0.694529967769262,"CD74/PTGS2/DAPK2",3
"GOBP_ESTABLISHMENT_OF_PROTEIN_LOCALIZATION_TO_ORGANELLE","GOBP_ESTABLISHMENT_OF_PROTEIN_LOCALIZATION_TO_ORGANELLE","5/219","387/11404",0.869779334410865,0.910917546173541,0.695401350539354,"TGFB1/CACNG7/MICALL2/PTGS2/MAPT",5
"GOBP_REGULATION_OF_CELL_PROJECTION_ASSEMBLY","GOBP_REGULATION_OF_CELL_PROJECTION_ASSEMBLY","2/219","183/11404",0.870251081741259,0.911049503531274,0.695502087785185,"PLXNB3/ARHGAP44",2
"GOBP_NEGATIVE_REGULATION_OF_PROTEIN_CATABOLIC_PROCESS","GOBP_NEGATIVE_REGULATION_OF_PROTEIN_CATABOLIC_PROCESS","1/219","105/11404",0.87067712904557,0.911133532579459,0.695566236196682,"GRIN2A",1
"GOBP_ENSHEATHMENT_OF_NEURONS","GOBP_ENSHEATHMENT_OF_NEURONS","1/219","106/11404",0.87318369677183,0.913031365473719,0.697015056195058,"EGR2",1
"GOBP_STEROID_HORMONE_MEDIATED_SIGNALING_PATHWAY","GOBP_STEROID_HORMONE_MEDIATED_SIGNALING_PATHWAY","1/219","106/11404",0.87318369677183,0.913031365473719,0.697015056195058,"PPARA",1
"GOBP_PROTEIN_IMPORT","GOBP_PROTEIN_IMPORT","2/219","185/11404",0.874178943965701,0.913709447580175,0.697532709208315,"TGFB1/PTGS2",2
"GOBP_CARBOHYDRATE_CATABOLIC_PROCESS","GOBP_CARBOHYDRATE_CATABOLIC_PROCESS","1/219","107/11404",0.875641899144548,0.91451304171458,0.698146179053855,"PPARA",1
"GOBP_REGULATION_OF_DOUBLE_STRAND_BREAK_REPAIR","GOBP_REGULATION_OF_DOUBLE_STRAND_BREAK_REPAIR","1/219","107/11404",0.875641899144548,0.91451304171458,0.698146179053855,"SPIRE2",1
"GOBP_GENERATION_OF_PRECURSOR_METABOLITES_AND_ENERGY","GOBP_GENERATION_OF_PRECURSOR_METABOLITES_AND_ENERGY","5/219","394/11404",0.879491968041757,0.918044538117985,0.700842150142203,"DHRS3/PPARA/DHRS2/GIPR/IDH2",5
"GOBP_SULFUR_COMPOUND_METABOLIC_PROCESS","GOBP_SULFUR_COMPOUND_METABOLIC_PROCESS","3/219","260/11404",0.880073671072453,0.918044538117985,0.700842150142203,"SLC26A2/CHST1/ARSG",3
"GOBP_LYSOSOMAL_TRANSPORT","GOBP_LYSOSOMAL_TRANSPORT","1/219","109/11404",0.880416906195123,0.918044538117985,0.700842150142203,"CACNG7",1
"GOBP_PROTEIN_TARGETING_TO_MEMBRANE","GOBP_PROTEIN_TARGETING_TO_MEMBRANE","1/219","109/11404",0.880416906195123,0.918044538117985,0.700842150142203,"GOLGA7B",1
"GOBP_PROTEIN_LOCALIZATION_TO_NUCLEUS","GOBP_PROTEIN_LOCALIZATION_TO_NUCLEUS","3/219","261/11404",0.881671703444783,0.918989295323181,0.701563384944612,"COL1A1/TGFB1/PTGS2",3
"GOBP_PROTEIN_ACETYLATION","GOBP_PROTEIN_ACETYLATION","2/219","194/11404",0.890538632769148,0.927864490844881,0.708338776392517,"MAPT/ARRB1",2
"GOBP_ORGANIC_CYCLIC_COMPOUND_CATABOLIC_PROCESS","GOBP_ORGANIC_CYCLIC_COMPOUND_CATABOLIC_PROCESS","5/219","403/11404",0.891072628233036,0.928053903317806,0.70848337530823,"CACNG7/ADA/PDE8B/CYP1A1/IL6",5
"GOBP_NEGATIVE_REGULATION_OF_PROTEIN_CONTAINING_COMPLEX_ASSEMBLY","GOBP_NEGATIVE_REGULATION_OF_PROTEIN_CONTAINING_COMPLEX_ASSEMBLY","1/219","114/11404",0.891570928305982,0.928206003985089,0.708599490109061,"DACT1",1
"GOBP_REGULATION_OF_DNA_RECOMBINATION","GOBP_REGULATION_OF_DNA_RECOMBINATION","1/219","115/11404",0.893674202593049,0.930028247959196,0.70999060495357,"TGFB1",1
"GOBP_POSITIVE_REGULATION_OF_HYDROLASE_ACTIVITY","GOBP_POSITIVE_REGULATION_OF_HYDROLASE_ACTIVITY","5/219","406/11404",0.894715454628179,0.930704506495527,0.710506865839589,"WNT5A/SIPA1L2/ASAP3/MAPT/GRIN2A",5
"GOBP_CELL_SUBSTRATE_ADHESION","GOBP_CELL_SUBSTRATE_ADHESION","3/219","270/11404",0.895225355050108,0.930704506495527,0.710506865839589,"COL1A1/PTPRJ/MICALL2",3
"GOBP_GLYCOSYLATION","GOBP_GLYCOSYLATION","2/219","197/11404",0.895539812600566,0.930704506495527,0.710506865839589,"POMGNT2/GALNT10",2
"GOBP_REGULATION_OF_CELL_SHAPE","GOBP_REGULATION_OF_CELL_SHAPE","1/219","116/11404",0.895736860900439,0.930704506495527,0.710506865839589,"PLXNB3",1
"GOBP_ESTABLISHMENT_OF_ORGANELLE_LOCALIZATION","GOBP_ESTABLISHMENT_OF_ORGANELLE_LOCALIZATION","4/219","341/11404",0.897281609517326,0.931942073739911,0.711451634042533,"CNIH2/MAPT/SPIRE2/AP3B2",4
"GOBP_MACROMOLECULE_DEACYLATION","GOBP_MACROMOLECULE_DEACYLATION","1/219","118/11404",0.899743437832977,0.93413079538609,0.713122520716196,"MAPT",1
"GOBP_SPINDLE_ASSEMBLY","GOBP_SPINDLE_ASSEMBLY","1/219","119/11404",0.901688873515644,0.9357818754288,0.714382967719739,"MAPRE3",1
"GOBP_CELLULAR_RESPONSE_TO_HORMONE_STIMULUS","GOBP_CELLULAR_RESPONSE_TO_HORMONE_STIMULUS","5/219","414/11404",0.903922375491427,0.93773049583461,0.7158705592889,"PLAT/PPARA/KLF9/FOS/SERPINF1",5
"GOBP_NUCLEAR_TRANSPORT","GOBP_NUCLEAR_TRANSPORT","3/219","277/11404",0.904790069712756,0.938261248993747,0.716275740268472,"TGFB1/PTGS2/EGR2",3
"GOBP_ORGANELLE_FUSION","GOBP_ORGANELLE_FUSION","1/219","123/11404",0.909101961497879,0.941991218461231,0.71912322719641,"SNAP25",1
"GOBP_POSITIVE_REGULATION_OF_TRANSLATION","GOBP_POSITIVE_REGULATION_OF_TRANSLATION","1/219","123/11404",0.909101961497879,0.941991218461231,0.71912322719641,"IL6",1
"GOBP_POSITIVE_REGULATION_OF_AUTOPHAGY","GOBP_POSITIVE_REGULATION_OF_AUTOPHAGY","1/219","124/11404",0.910866580807511,0.943269654346965,0.720099194829542,"MID2",1
"GOBP_PROCESS_UTILIZING_AUTOPHAGIC_MECHANISM","GOBP_PROCESS_UTILIZING_AUTOPHAGIC_MECHANISM","6/219","487/11404",0.911051715488814,0.943269654346965,0.720099194829542,"DRD2/BMF/GATA4/MID2/MAPT/DAPK2",6
"GOBP_PROTEIN_TARGETING","GOBP_PROTEIN_TARGETING","3/219","284/11404",0.913562367016521,0.945497579374915,0.721800009661625,"SYNGR1/GOLGA7B/MICALL2",3
"GOBP_REGULATION_OF_ACTIN_FILAMENT_ORGANIZATION","GOBP_REGULATION_OF_ACTIN_FILAMENT_ORGANIZATION","2/219","211/11404",0.916196054787911,0.947851042153964,0.723596660963237,"ASAP3/SHANK3",2
"GOBP_REGULATION_OF_CYTOSKELETON_ORGANIZATION","GOBP_REGULATION_OF_CYTOSKELETON_ORGANIZATION","5/219","430/11404",0.920263521135348,0.951685391754962,0.726523832475275,"MAPRE3/ASAP3/MAPT/SHANK3/ARHGAP44",5
"GOBP_REGULATION_OF_DNA_METABOLIC_PROCESS","GOBP_REGULATION_OF_DNA_METABOLIC_PROCESS","4/219","362/11404",0.921057744454068,0.952133054780883,0.726865581818143,"TGFB1/EYA1/SPIRE2/IL6",4
"GOBP_NEGATIVE_REGULATION_OF_SUPRAMOLECULAR_FIBER_ORGANIZATION","GOBP_NEGATIVE_REGULATION_OF_SUPRAMOLECULAR_FIBER_ORGANIZATION","1/219","131/11404",0.922299895870461,0.953043225732809,0.727560413212983,"SHANK3",1
"GOBP_CELLULAR_AMINO_ACID_METABOLIC_PROCESS","GOBP_CELLULAR_AMINO_ACID_METABOLIC_PROCESS","2/219","217/11404",0.923823153313321,0.954243045464759,0.728476364679179,"HYKK/ABAT",2
"GOBP_NEGATIVE_REGULATION_OF_CELLULAR_CATABOLIC_PROCESS","GOBP_NEGATIVE_REGULATION_OF_CELLULAR_CATABOLIC_PROCESS","2/219","218/11404",0.925029225282948,0.954261542068905,0.728490485126806,"BMF/GATA4",2
"GOBP_HORMONE_MEDIATED_SIGNALING_PATHWAY","GOBP_HORMONE_MEDIATED_SIGNALING_PATHWAY","1/219","133/11404",0.925289654643664,0.954261542068905,0.728490485126806,"PPARA",1
"GOBP_NEGATIVE_REGULATION_OF_CYTOSKELETON_ORGANIZATION","GOBP_NEGATIVE_REGULATION_OF_CYTOSKELETON_ORGANIZATION","1/219","133/11404",0.925289654643664,0.954261542068905,0.728490485126806,"SHANK3",1
"GOBP_POSITIVE_REGULATION_OF_TRANSMEMBRANE_TRANSPORT","GOBP_POSITIVE_REGULATION_OF_TRANSMEMBRANE_TRANSPORT","1/219","133/11404",0.925289654643664,0.954261542068905,0.728490485126806,"SHANK3",1
"GOBP_GOLGI_ORGANIZATION","GOBP_GOLGI_ORGANIZATION","1/219","135/11404",0.928164878060283,0.956852290175605,0.730468281843835,"ATP8B3",1
"GOBP_REGULATION_OF_RNA_SPLICING","GOBP_REGULATION_OF_RNA_SPLICING","1/219","137/11404",0.930929934523812,0.959210448175939,0.732268517512921,"RBM20",1
"GOBP_ATP_METABOLIC_PROCESS","GOBP_ATP_METABOLIC_PROCESS","2/219","224/11404",0.931897097888716,0.959210448175939,0.732268517512921,"TGFB1/PPARA",2
"GOBP_CELLULAR_RESPONSE_TO_STARVATION","GOBP_CELLULAR_RESPONSE_TO_STARVATION","1/219","138/11404",0.932272469745192,0.959210448175939,0.732268517512921,"PPARA",1
"GOBP_POSITIVE_REGULATION_OF_CELLULAR_PROTEIN_CATABOLIC_PROCESS","GOBP_POSITIVE_REGULATION_OF_CELLULAR_PROTEIN_CATABOLIC_PROCESS","1/219","138/11404",0.932272469745192,0.959210448175939,0.732268517512921,"DACT1",1
"GOBP_POSITIVE_REGULATION_OF_SUPRAMOLECULAR_FIBER_ORGANIZATION","GOBP_POSITIVE_REGULATION_OF_SUPRAMOLECULAR_FIBER_ORGANIZATION","1/219","138/11404",0.932272469745192,0.959210448175939,0.732268517512921,"MAPT",1
"GOBP_CELLULAR_NITROGEN_COMPOUND_CATABOLIC_PROCESS","GOBP_CELLULAR_NITROGEN_COMPOUND_CATABOLIC_PROCESS","4/219","376/11404",0.934053929554365,0.960668268686866,0.733381428726896,"CACNG7/ADA/PDE8B/IL6",4
"GOBP_MITOTIC_CELL_CYCLE_PHASE_TRANSITION","GOBP_MITOTIC_CELL_CYCLE_PHASE_TRANSITION","4/219","379/11404",0.936574931309083,0.962885268825374,0.735073903415676,"DACT1/FBXL8/CYP1A1/CDK15",4
"GOBP_VACUOLAR_TRANSPORT","GOBP_VACUOLAR_TRANSPORT","1/219","142/11404",0.937387783084162,0.963345089090003,0.735424933686606,"CACNG7",1
"GOBP_CELL_CYCLE_G2_M_PHASE_TRANSITION","GOBP_CELL_CYCLE_G2_M_PHASE_TRANSITION","1/219","143/11404",0.938605335517529,0.963844528093799,0.735806209202936,"FBXL8",1
"GOBP_POSITIVE_REGULATION_OF_CELLULAR_AMIDE_METABOLIC_PROCESS","GOBP_POSITIVE_REGULATION_OF_CELLULAR_AMIDE_METABOLIC_PROCESS","1/219","143/11404",0.938605335517529,0.963844528093799,0.735806209202936,"IL6",1
"GOBP_PROTEASOME_MEDIATED_UBIQUITIN_DEPENDENT_PROTEIN_CATABOLIC_PROCESS","GOBP_PROTEASOME_MEDIATED_UBIQUITIN_DEPENDENT_PROTEIN_CATABOLIC_PROCESS","4/219","382/11404",0.939008641498,0.963883042597285,0.735835611466458,"TRIM9/FBXL8/ARRB1/HECW1",4
"GOBP_ALPHA_AMINO_ACID_METABOLIC_PROCESS","GOBP_ALPHA_AMINO_ACID_METABOLIC_PROCESS","1/219","146/11404",0.942118378593257,0.966698569935059,0.737985006350104,"HYKK",1
"GOBP_NEGATIVE_REGULATION_OF_CELL_CYCLE","GOBP_NEGATIVE_REGULATION_OF_CELL_CYCLE","3/219","313/11404",0.942619673820373,0.966724830604628,0.73800505394405,"DACT1/TGFB1/PTGS2",3
"GOBP_CELLULAR_COMPONENT_DISASSEMBLY","GOBP_CELLULAR_COMPONENT_DISASSEMBLY","4/219","387/11404",0.942877728521402,0.966724830604628,0.73800505394405,"MMP2/TGFB1/NCKAP5/IL6",4
"GOBP_ESTABLISHMENT_OF_RNA_LOCALIZATION","GOBP_ESTABLISHMENT_OF_RNA_LOCALIZATION","1/219","148/11404",0.944348496620793,0.967479894477368,0.738581475420453,"RFTN2",1
"GOBP_MAINTENANCE_OF_LOCATION_IN_CELL","GOBP_MAINTENANCE_OF_LOCATION_IN_CELL","1/219","148/11404",0.944348496620793,0.967479894477368,0.738581475420453,"DRD2",1
"GOBP_REGULATION_OF_MRNA_CATABOLIC_PROCESS","GOBP_REGULATION_OF_MRNA_CATABOLIC_PROCESS","1/219","149/11404",0.945431268408288,0.968212744755476,0.739140938870554,"CACNG7",1
"GOBP_POSITIVE_REGULATION_OF_CYTOSKELETON_ORGANIZATION","GOBP_POSITIVE_REGULATION_OF_CYTOSKELETON_ORGANIZATION","1/219","150/11404",0.946493067805763,0.968923556203647,0.739683577711043,"MAPT",1
"GOBP_NEGATIVE_REGULATION_OF_MITOTIC_CELL_CYCLE_PHASE_TRANSITION","GOBP_NEGATIVE_REGULATION_OF_MITOTIC_CELL_CYCLE_PHASE_TRANSITION","1/219","151/11404",0.947534299203537,0.969612768311192,0.740209727451388,"DACT1",1
"GOBP_GLYCOPROTEIN_BIOSYNTHETIC_PROCESS","GOBP_GLYCOPROTEIN_BIOSYNTHETIC_PROCESS","2/219","241/11404",0.948275313992227,0.969904296302003,0.740432282126486,"POMGNT2/GALNT10",2
"GOBP_RNA_MODIFICATION","GOBP_RNA_MODIFICATION","1/219","152/11404",0.948555359229701,0.969904296302003,0.740432282126486,"ADARB1",1
"GOBP_REGULATION_OF_MITOTIC_CELL_CYCLE","GOBP_REGULATION_OF_MITOTIC_CELL_CYCLE","4/219","400/11404",0.951916788105176,0.972963823373599,0.742767948254049,"TGFA/DACT1/HES1/CYP1A1",4
"GOBP_POSITIVE_REGULATION_OF_ORGANELLE_ORGANIZATION","GOBP_POSITIVE_REGULATION_OF_ORGANELLE_ORGANIZATION","4/219","403/11404",0.953807932566342,0.974391580941874,0.743857909190021,"TGFA/WNT5A/BMF/MAPT",4
"GOBP_SIGNAL_TRANSDUCTION_BY_P53_CLASS_MEDIATOR","GOBP_SIGNAL_TRANSDUCTION_BY_P53_CLASS_MEDIATOR","1/219","158/11404",0.954279390506048,0.974391580941874,0.743857909190021,"CD74",1
"GOBP_ORGANELLE_FISSION","GOBP_ORGANELLE_FISSION","4/219","404/11404",0.9544230248239,0.974391580941874,0.743857909190021,"TGFA/WNT5A/MAPT/SPIRE2",4
"GOBP_RESPONSE_TO_STARVATION","GOBP_RESPONSE_TO_STARVATION","1/219","160/11404",0.95604281880159,0.97566724536878,0.744831761070504,"PPARA",1
"GOBP_MALE_GAMETE_GENERATION","GOBP_MALE_GAMETE_GENERATION","3/219","332/11404",0.956453202923911,0.975708164810106,0.744862999281779,"IFT27/ROPN1/ROPN1B",3
"GOBP_REGULATION_OF_HISTONE_MODIFICATION","GOBP_REGULATION_OF_HISTONE_MODIFICATION","1/219","162/11404",0.957738530885068,0.976641265047273,0.745575335066549,"ARRB1",1
"GOBP_DOUBLE_STRAND_BREAK_REPAIR","GOBP_DOUBLE_STRAND_BREAK_REPAIR","2/219","257/11404",0.960216220730441,0.978789068326775,0.747214984349333,"EYA1/SPIRE2",2
"GOBP_SIGNAL_TRANSDUCTION_IN_RESPONSE_TO_DNA_DAMAGE","GOBP_SIGNAL_TRANSDUCTION_IN_RESPONSE_TO_DNA_DAMAGE","1/219","166/11404",0.96093706329345,0.979145074160186,0.747486761897579,"CD74",1
"GOBP_CELLULAR_RESPONSE_TO_PEPTIDE","GOBP_CELLULAR_RESPONSE_TO_PEPTIDE","2/219","260/11404",0.962140365806287,0.979992216428127,0.748133476717927,"PLAT/GRIN2A",2
"GOBP_AEROBIC_RESPIRATION","GOBP_AEROBIC_RESPIRATION","1/219","169/11404",0.96317675552266,0.980668759969942,0.74864995517929,"IDH2",1
"GOBP_PEPTIDYL_LYSINE_ACETYLATION","GOBP_PEPTIDYL_LYSINE_ACETYLATION","1/219","170/11404",0.963894538392312,0.981020513195729,0.748918486254684,"ARRB1",1
"GOBP_CELL_MATRIX_ADHESION","GOBP_CELL_MATRIX_ADHESION","1/219","171/11404",0.964598392415107,0.981357823943555,0.74917599183307,"PTPRJ",1
"GOBP_REGULATION_OF_MITOTIC_CELL_CYCLE_PHASE_TRANSITION","GOBP_REGULATION_OF_MITOTIC_CELL_CYCLE_PHASE_TRANSITION","2/219","268/11404",0.966846089959273,0.983264935176644,0.750631894985545,"DACT1/CYP1A1",2
"GOBP_NEGATIVE_REGULATION_OF_CELLULAR_AMIDE_METABOLIC_PROCESS","GOBP_NEGATIVE_REGULATION_OF_CELLULAR_AMIDE_METABOLIC_PROCESS","1/219","177/11404",0.968543722442353,0.983852239258134,0.75108024736734,"RTN2",1
"GOBP_PROTEIN_AUTOPHOSPHORYLATION","GOBP_PROTEIN_AUTOPHOSPHORYLATION","1/219","177/11404",0.968543722442353,0.983852239258134,0.75108024736734,"DAPK2",1
"GOBP_PROTEIN_METHYLATION","GOBP_PROTEIN_METHYLATION","1/219","177/11404",0.968543722442353,0.983852239258134,0.75108024736734,"RAB3D",1
"GOBP_MITOCHONDRIAL_TRANSPORT","GOBP_MITOCHONDRIAL_TRANSPORT","1/219","181/11404",0.970927558672813,0.985575743060258,0.752395983217079,"MICALL2",1
"GOBP_GOLGI_VESICLE_TRANSPORT","GOBP_GOLGI_VESICLE_TRANSPORT","2/219","276/11404",0.970988473997886,0.985575743060258,0.752395983217079,"SPIRE2/RAB26",2
"GOBP_RNA_LOCALIZATION","GOBP_RNA_LOCALIZATION","1/219","182/11404",0.971494863729452,0.985710036937661,0.752498504179714,"RFTN2",1
"GOBP_SPINDLE_ORGANIZATION","GOBP_SPINDLE_ORGANIZATION","1/219","184/11404",0.97259662534543,0.986448078439264,0.753061930649129,"MAPRE3",1
"GOBP_NUCLEOBASE_CONTAINING_COMPOUND_TRANSPORT","GOBP_NUCLEOBASE_CONTAINING_COMPOUND_TRANSPORT","1/219","190/11404",0.975653959912444,0.988889279292449,0.754925561860729,"RFTN2",1
"GOBP_PROTEASOMAL_PROTEIN_CATABOLIC_PROCESS","GOBP_PROTEASOMAL_PROTEIN_CATABOLIC_PROCESS","4/219","451/11404",0.976117514607536,0.988889279292449,0.754925561860729,"TRIM9/FBXL8/ARRB1/HECW1",4
"GOBP_NEGATIVE_REGULATION_OF_MITOTIC_CELL_CYCLE","GOBP_NEGATIVE_REGULATION_OF_MITOTIC_CELL_CYCLE","1/219","191/11404",0.976129417624159,0.988889279292449,0.754925561860729,"DACT1",1
"GOBP_GLYCOPROTEIN_METABOLIC_PROCESS","GOBP_GLYCOPROTEIN_METABOLIC_PROCESS","2/219","289/11404",0.97668022924929,0.989067026930007,0.755061255752819,"POMGNT2/GALNT10",2
"GOBP_CELL_CYCLE_PHASE_TRANSITION","GOBP_CELL_CYCLE_PHASE_TRANSITION","4/219","458/11404",0.978364429431535,0.990391959874028,0.756072719592237,"DACT1/FBXL8/CYP1A1/CDK15",4
"GOBP_POSITIVE_REGULATION_OF_PROTEOLYSIS","GOBP_POSITIVE_REGULATION_OF_PROTEOLYSIS","2/219","297/11404",0.979630825599888,0.991123363774331,0.756631078866572,"MAPT/GRIN2A",2
"GOBP_REGULATION_OF_CHROMOSOME_ORGANIZATION","GOBP_REGULATION_OF_CHROMOSOME_ORGANIZATION","1/219","201/11404",0.980404002247495,0.991123363774331,0.756631078866572,"MAPT",1
"GOBP_POSTTRANSCRIPTIONAL_REGULATION_OF_GENE_EXPRESSION","GOBP_POSTTRANSCRIPTIONAL_REGULATION_OF_GENE_EXPRESSION","4/219","465/11404",0.980412108149614,0.991123363774331,0.756631078866572,"TGFB1/CACNG7/LINC00461/IL6",4
"GOBP_CELL_PROJECTION_ASSEMBLY","GOBP_CELL_PROJECTION_ASSEMBLY","4/219","466/11404",0.980689328771979,0.991123363774331,0.756631078866572,"S1PR2/PLXNB3/CCDC40/ARHGAP44",4
"GOBP_NEGATIVE_REGULATION_OF_ORGANELLE_ORGANIZATION","GOBP_NEGATIVE_REGULATION_OF_ORGANELLE_ORGANIZATION","2/219","301/11404",0.98096764050226,0.991123363774331,0.756631078866572,"MAPT/SHANK3",2
"GOBP_CELLULAR_RESPIRATION","GOBP_CELLULAR_RESPIRATION","1/219","204/11404",0.981530989566383,0.991312440593108,0.756775421541368,"IDH2",1
"GOBP_CELLULAR_RESPONSE_TO_PEPTIDE_HORMONE_STIMULUS","GOBP_CELLULAR_RESPONSE_TO_PEPTIDE_HORMONE_STIMULUS","1/219","210/11404",0.983595037725515,0.992517354287424,0.757695261776997,"PLAT",1
"GOBP_MRNA_CATABOLIC_PROCESS","GOBP_MRNA_CATABOLIC_PROCESS","1/219","211/11404",0.983915985263313,0.992517354287424,0.757695261776997,"CACNG7",1
"GOBP_NEGATIVE_REGULATION_OF_CELL_CYCLE_PHASE_TRANSITION","GOBP_NEGATIVE_REGULATION_OF_CELL_CYCLE_PHASE_TRANSITION","1/219","212/11404",0.984230681879711,0.992517354287424,0.757695261776997,"DACT1",1
"GOBP_PROTEIN_CONTAINING_COMPLEX_DISASSEMBLY","GOBP_PROTEIN_CONTAINING_COMPLEX_DISASSEMBLY","1/219","212/11404",0.984230681879711,0.992517354287424,0.757695261776997,"NCKAP5",1
"GOBP_PROTEIN_POLYUBIQUITINATION","GOBP_PROTEIN_POLYUBIQUITINATION","1/219","225/11404",0.987804986879193,0.995740681111964,0.760155973875946,"HECW1",1
"GOBP_NUCLEIC_ACID_PHOSPHODIESTER_BOND_HYDROLYSIS","GOBP_NUCLEIC_ACID_PHOSPHODIESTER_BOND_HYDROLYSIS","1/219","229/11404",0.98873300749876,0.995914172308575,0.760288418368796,"IL6",1
"GOBP_REGULATION_OF_CELLULAR_PROTEIN_CATABOLIC_PROCESS","GOBP_REGULATION_OF_CELLULAR_PROTEIN_CATABOLIC_PROCESS","1/219","229/11404",0.98873300749876,0.995914172308575,0.760288418368796,"DACT1",1
"GOBP_NON_MEMBRANE_BOUNDED_ORGANELLE_ASSEMBLY","GOBP_NON_MEMBRANE_BOUNDED_ORGANELLE_ASSEMBLY","2/219","335/11404",0.989376730140107,0.996181766877792,0.760492702088669,"MAPRE3/MAPT",2
"GOBP_REGULATION_OF_CELL_CYCLE_PHASE_TRANSITION","GOBP_REGULATION_OF_CELL_CYCLE_PHASE_TRANSITION","2/219","344/11404",0.99091167168432,0.997346163058894,0.761381610947986,"DACT1/CYP1A1",2
"GOBP_NEGATIVE_REGULATION_OF_CELL_CYCLE_PROCESS","GOBP_NEGATIVE_REGULATION_OF_CELL_CYCLE_PROCESS","1/219","249/11404",0.992418588520801,0.998209444597038,0.762040646609384,"DACT1",1
"GOBP_RNA_CATABOLIC_PROCESS","GOBP_RNA_CATABOLIC_PROCESS","1/219","251/11404",0.992713362866763,0.998209444597038,0.762040646609384,"CACNG7",1
"GOBP_RRNA_METABOLIC_PROCESS","GOBP_RRNA_METABOLIC_PROCESS","1/219","256/11404",0.993401333522332,0.998209444597038,0.762040646609384,"MAPT",1
"GOBP_REGULATION_OF_MRNA_METABOLIC_PROCESS","GOBP_REGULATION_OF_MRNA_METABOLIC_PROCESS","1/219","257/11404",0.993530962869175,0.998209444597038,0.762040646609384,"CACNG7",1
"GOBP_ENERGY_DERIVATION_BY_OXIDATION_OF_ORGANIC_COMPOUNDS","GOBP_ENERGY_DERIVATION_BY_OXIDATION_OF_ORGANIC_COMPOUNDS","1/219","265/11404",0.994480760326273,0.998209444597038,0.762040646609384,"IDH2",1
"GOBP_MITOTIC_NUCLEAR_DIVISION","GOBP_MITOTIC_NUCLEAR_DIVISION","1/219","267/11404",0.994695660161994,0.998209444597038,0.762040646609384,"TGFA",1
"GOBP_REGULATION_OF_PROTEIN_STABILITY","GOBP_REGULATION_OF_PROTEIN_STABILITY","1/219","268/11404",0.994799965668371,0.998209444597038,0.762040646609384,"DACT1",1
"GOBP_MITOCHONDRION_ORGANIZATION","GOBP_MITOCHONDRION_ORGANIZATION","3/219","469/11404",0.994800000573747,0.998209444597038,0.762040646609384,"BMF/MICALL2/MAPT",3
"GOBP_DNA_RECOMBINATION","GOBP_DNA_RECOMBINATION","1/219","274/11404",0.99538428484109,0.99841552742911,0.762197971803467,"TGFB1",1
"GOBP_REGULATION_OF_CELLULAR_AMIDE_METABOLIC_PROCESS","GOBP_REGULATION_OF_CELLULAR_AMIDE_METABOLIC_PROCESS","2/219","395/11404",0.996291136216171,0.998944879729685,0.762602083357007,"RTN2/IL6",2
"GOBP_MRNA_PROCESSING","GOBP_MRNA_PROCESSING","2/219","432/11404",0.998086143743298,0.999444085496546,0.762983180818496,"RBM20/ADARB1",2
"GOBP_HISTONE_MODIFICATION","GOBP_HISTONE_MODIFICATION","2/219","444/11404",0.998458589216649,0.999444085496546,0.762983180818496,"EYA1/ARRB1",2
"GOBP_NCRNA_METABOLIC_PROCESS","GOBP_NCRNA_METABOLIC_PROCESS","2/219","492/11404",0.999356779912731,0.999444085496546,0.762983180818496,"MAPT/IL6",2
"GOBP_NCRNA_PROCESSING","GOBP_NCRNA_PROCESSING","1/219","374/11404",0.999372985125967,0.999444085496546,0.762983180818496,"IL6",1
"GOBP_DNA_REPAIR","GOBP_DNA_REPAIR","2/219","497/11404",0.999413174402981,0.999444085496546,0.762983180818496,"EYA1/SPIRE2",2
"GOBP_CHROMATIN_ORGANIZATION","GOBP_CHROMATIN_ORGANIZATION","2/219","499/11404",0.999434343219201,0.999444085496546,0.762983180818496,"HMG20B/EYA1",2
"GOBP_RNA_SPLICING","GOBP_RNA_SPLICING","1/219","380/11404",0.999444085496546,0.999444085496546,0.762983180818496,"RBM20",1
